source_path_portable,original_sha256,original_bytes,staging_path,staged_sha256,staged_bytes,role,transformation
${PROJECT_MSC_ROOT}/msc_thesis/main_system/isolated_workspaces/hourvideo_direct_api_eval300_v1/outputs/direct_v1_formal/direct_v1_2_3x16_r1_r3_eval300_formal_v1/budget_ledger.json,a74c307de7aad1b8c37db17aac5016b21ec052c96a57bd64d82189a6b39549a8,987277,artifacts/SUPERSEDED_FOR_THESIS/old_formal_88/budget_ledger.json,a74c307de7aad1b8c37db17aac5016b21ec052c96a57bd64d82189a6b39549a8,987277,SUPERSEDED-FOR-THESIS old formal provenance,byte_for_byte
${PROJECT_MSC_ROOT}/msc_thesis/main_system/isolated_workspaces/hourvideo_direct_api_eval300_v1/outputs/direct_v1_formal/direct_v1_2_3x16_r1_r3_eval300_formal_v1/canonical_summary_v1/accuracy.json,753a1fdd79a253f91d8fcd9437c0dab1ac2dc01ad583ed85992fa852c3047e57,1537,artifacts/SUPERSEDED_FOR_THESIS/old_formal_88/canonical_summary_v1/accuracy.json,753a1fdd79a253f91d8fcd9437c0dab1ac2dc01ad583ed85992fa852c3047e57,1537,SUPERSEDED-FOR-THESIS old 88 canonical summary,byte_for_byte
${PROJECT_MSC_ROOT}/msc_thesis/main_system/isolated_workspaces/hourvideo_direct_api_eval300_v1/outputs/direct_v1_formal/direct_v1_2_3x16_r1_r3_eval300_formal_v1/canonical_summary_v1/api_cost.json,15384c17fc895aa6bd7ae9ba1874503443df2990aab9c4e7cb2e2e0db9db473f,2071,artifacts/SUPERSEDED_FOR_THESIS/old_formal_88/canonical_summary_v1/api_cost.json,15384c17fc895aa6bd7ae9ba1874503443df2990aab9c4e7cb2e2e0db9db473f,2071,SUPERSEDED-FOR-THESIS old 88 canonical summary,byte_for_byte
${PROJECT_MSC_ROOT}/msc_thesis/main_system/isolated_workspaces/hourvideo_direct_api_eval300_v1/outputs/direct_v1_formal/direct_v1_2_3x16_r1_r3_eval300_formal_v1/canonical_summary_v1/cache_summary.json,20b51d807e37b03aeb0dd740d0a748898054bdbbc7d392bae8ef0cffa33c44d1,1240,artifacts/SUPERSEDED_FOR_THESIS/old_formal_88/canonical_summary_v1/cache_summary.json,20b51d807e37b03aeb0dd740d0a748898054bdbbc7d392bae8ef0cffa33c44d1,1240,SUPERSEDED-FOR-THESIS old 88 canonical summary,byte_for_byte
${PROJECT_MSC_ROOT}/msc_thesis/main_system/isolated_workspaces/hourvideo_direct_api_eval300_v1/outputs/direct_v1_formal/direct_v1_2_3x16_r1_r3_eval300_formal_v1/canonical_summary_v1/canonical_manifest.json,08685a33eaaf7c9824e426364f0ce3521fadcdcb2bb1b3729f57b2d866f57cc7,3520,artifacts/SUPERSEDED_FOR_THESIS/old_formal_88/canonical_summary_v1/canonical_manifest.json,45aee74f5be38450897b1f70624a7af509ba7ff0468e54fcb59249907982ddb6,3498,SUPERSEDED-FOR-THESIS old 88 canonical summary,absolute_personal_path_redaction_only
${PROJECT_MSC_ROOT}/msc_thesis/main_system/isolated_workspaces/hourvideo_direct_api_eval300_v1/outputs/direct_v1_formal/direct_v1_2_3x16_r1_r3_eval300_formal_v1/canonical_summary_v1/category_analysis.json,f946442d2a9cf6b9d35f75d483f2bf672a88fb28062585e914cddd9fadd93f87,9199,artifacts/SUPERSEDED_FOR_THESIS/old_formal_88/canonical_summary_v1/category_analysis.json,f946442d2a9cf6b9d35f75d483f2bf672a88fb28062585e914cddd9fadd93f87,9199,SUPERSEDED-FOR-THESIS old 88 canonical summary,byte_for_byte
${PROJECT_MSC_ROOT}/msc_thesis/main_system/isolated_workspaces/hourvideo_direct_api_eval300_v1/outputs/direct_v1_formal/direct_v1_2_3x16_r1_r3_eval300_formal_v1/canonical_summary_v1/completion.json,c6909106bfbbb0d743dad7fda08ea30192338a335c068a785d4deafe5782316c,849,artifacts/SUPERSEDED_FOR_THESIS/old_formal_88/canonical_summary_v1/completion.json,c6909106bfbbb0d743dad7fda08ea30192338a335c068a785d4deafe5782316c,849,SUPERSEDED-FOR-THESIS old 88 canonical summary,byte_for_byte
${PROJECT_MSC_ROOT}/msc_thesis/main_system/isolated_workspaces/hourvideo_direct_api_eval300_v1/outputs/direct_v1_formal/direct_v1_2_3x16_r1_r3_eval300_formal_v1/canonical_summary_v1/failure_classification.json,5b4a6d0f553672ebbf6a6980343db3aa9dced727a6856a601c9396b14fff0b41,4022,artifacts/SUPERSEDED_FOR_THESIS/old_formal_88/canonical_summary_v1/failure_classification.json,5b4a6d0f553672ebbf6a6980343db3aa9dced727a6856a601c9396b14fff0b41,4022,SUPERSEDED-FOR-THESIS old 88 canonical summary,byte_for_byte
${PROJECT_MSC_ROOT}/msc_thesis/main_system/isolated_workspaces/hourvideo_direct_api_eval300_v1/outputs/direct_v1_formal/direct_v1_2_3x16_r1_r3_eval300_formal_v1/canonical_summary_v1/final_validation.json,f823fe2104b428b890f02597e2cc5edd40c194a3763b15f783ef86a90175f433,805,artifacts/SUPERSEDED_FOR_THESIS/old_formal_88/canonical_summary_v1/final_validation.json,f823fe2104b428b890f02597e2cc5edd40c194a3763b15f783ef86a90175f433,805,SUPERSEDED-FOR-THESIS old 88 canonical summary,byte_for_byte
${PROJECT_MSC_ROOT}/msc_thesis/main_system/isolated_workspaces/hourvideo_direct_api_eval300_v1/outputs/direct_v1_formal/direct_v1_2_3x16_r1_r3_eval300_formal_v1/canonical_summary_v1/latency.json,5cd6a344a0a26872255a1d8fd63649d50141739b8f12b13935c048b4790b2c81,1760,artifacts/SUPERSEDED_FOR_THESIS/old_formal_88/canonical_summary_v1/latency.json,5cd6a344a0a26872255a1d8fd63649d50141739b8f12b13935c048b4790b2c81,1760,SUPERSEDED-FOR-THESIS old 88 canonical summary,byte_for_byte
${PROJECT_MSC_ROOT}/msc_thesis/main_system/isolated_workspaces/hourvideo_direct_api_eval300_v1/outputs/direct_v1_formal/direct_v1_2_3x16_r1_r3_eval300_formal_v1/canonical_summary_v1/paired_accuracy.json,3b16bd09551d0d2bec27b4d280adbede4ec9b823c184c1fcac235bd89638fd9a,726,artifacts/SUPERSEDED_FOR_THESIS/old_formal_88/canonical_summary_v1/paired_accuracy.json,3b16bd09551d0d2bec27b4d280adbede4ec9b823c184c1fcac235bd89638fd9a,726,SUPERSEDED-FOR-THESIS old 88 canonical summary,byte_for_byte
${PROJECT_MSC_ROOT}/msc_thesis/main_system/isolated_workspaces/hourvideo_direct_api_eval300_v1/outputs/direct_v1_formal/direct_v1_2_3x16_r1_r3_eval300_formal_v1/canonical_summary_v1/paired_efficiency.json,e3f79c3dd1b41be949d662307f7c38e6a2e9b14e442d990d683d6874fc1c0669,4668,artifacts/SUPERSEDED_FOR_THESIS/old_formal_88/canonical_summary_v1/paired_efficiency.json,e3f79c3dd1b41be949d662307f7c38e6a2e9b14e442d990d683d6874fc1c0669,4668,SUPERSEDED-FOR-THESIS old 88 canonical summary,byte_for_byte
${PROJECT_MSC_ROOT}/msc_thesis/main_system/isolated_workspaces/hourvideo_direct_api_eval300_v1/outputs/direct_v1_formal/direct_v1_2_3x16_r1_r3_eval300_formal_v1/canonical_summary_v1/route_level_canonical.csv,35516eb63fffbcb91e6fb93a3d08fcf6470a83c60ab51bf07d4cd2de32f59ad6,137031,artifacts/SUPERSEDED_FOR_THESIS/old_formal_88/canonical_summary_v1/route_level_canonical.csv,35516eb63fffbcb91e6fb93a3d08fcf6470a83c60ab51bf07d4cd2de32f59ad6,137031,SUPERSEDED-FOR-THESIS old 88 canonical summary,byte_for_byte
${PROJECT_MSC_ROOT}/msc_thesis/main_system/isolated_workspaces/hourvideo_direct_api_eval300_v1/outputs/direct_v1_formal/direct_v1_2_3x16_r1_r3_eval300_formal_v1/canonical_summary_v1/structural_validation.json,d1cc7c08ec701f22612e81866a125fa553be09f66e004b10fe0bdd2505674fc8,3345,artifacts/SUPERSEDED_FOR_THESIS/old_formal_88/canonical_summary_v1/structural_validation.json,d1cc7c08ec701f22612e81866a125fa553be09f66e004b10fe0bdd2505674fc8,3345,SUPERSEDED-FOR-THESIS old 88 canonical summary,byte_for_byte
${PROJECT_MSC_ROOT}/msc_thesis/main_system/isolated_workspaces/hourvideo_direct_api_eval300_v1/outputs/direct_v1_formal/direct_v1_2_3x16_r1_r3_eval300_formal_v1/canonical_summary_v1/thesis_data_report.md,6d3d74b798158ad97bf6dff76f1cddd3d8c80171240f1d0fae790ea98b31e10d,3961,artifacts/SUPERSEDED_FOR_THESIS/old_formal_88/canonical_summary_v1/thesis_data_report.md,6d3d74b798158ad97bf6dff76f1cddd3d8c80171240f1d0fae790ea98b31e10d,3961,SUPERSEDED-FOR-THESIS old 88 canonical summary,byte_for_byte
${PROJECT_MSC_ROOT}/msc_thesis/main_system/isolated_workspaces/hourvideo_direct_api_eval300_v1/outputs/direct_v1_formal/direct_v1_2_3x16_r1_r3_eval300_formal_v1/canonical_summary_v1/visual_efficiency.json,63a168b78c78db4ac9a89af6c6362d4c21958ad67f0806ff33d7c8c52f367682,1850,artifacts/SUPERSEDED_FOR_THESIS/old_formal_88/canonical_summary_v1/visual_efficiency.json,63a168b78c78db4ac9a89af6c6362d4c21958ad67f0806ff33d7c8c52f367682,1850,SUPERSEDED-FOR-THESIS old 88 canonical summary,byte_for_byte
${PROJECT_MSC_ROOT}/msc_thesis/main_system/isolated_workspaces/hourvideo_direct_api_eval300_v1/outputs/direct_v1_formal/direct_v1_2_3x16_r1_r3_eval300_formal_v1/formal_launch_lock_v3.json,ebd2014fcd952779444064510d39147149c174bc1ff2bc7fa231dfd589c09d5c,687,artifacts/SUPERSEDED_FOR_THESIS/old_formal_88/formal_launch_lock_v3.json,2ff7eb641f5a7fe8a33eee7f5da3a111fd6c8a08fe30ee7bba1e0d13067fd080,665,SUPERSEDED-FOR-THESIS old formal provenance,absolute_personal_path_redaction_only
${PROJECT_MSC_ROOT}/msc_thesis/main_system/isolated_workspaces/hourvideo_direct_api_eval300_v1/outputs/direct_v1_formal/direct_v1_2_3x16_r1_r3_eval300_formal_v1/formal_manifest.json,fafcd04584ccdcc81ff12320d44a8f281a20f42ed0b76a60036f0638df2d2a3c,366817,artifacts/SUPERSEDED_FOR_THESIS/old_formal_88/formal_manifest.json,a201accecb7743e56ddbee28e8d1afc4a704c7caf10adb473021132d142db6ec,352803,SUPERSEDED-FOR-THESIS old formal provenance,absolute_personal_path_redaction_only
${PROJECT_MSC_ROOT}/msc_thesis/main_system/isolated_workspaces/hourvideo_direct_api_eval300_v1/outputs/direct_v1_formal/direct_v1_2_3x16_r1_r3_eval300_formal_v1/formal_manifest_final_candidate_no_api_v3.json,c73aeaf41d5bf284ade54198525d8396bf3a9fa5e45587aedd49dd3744dc557d,370784,artifacts/SUPERSEDED_FOR_THESIS/old_formal_88/formal_manifest_final_candidate_no_api_v3.json,5078e01f5b35b11d35b83b9848733fe4329da1e6b7090ab918bc48ade94f8bda,356726,SUPERSEDED-FOR-THESIS old formal provenance,absolute_personal_path_redaction_only
${PROJECT_MSC_ROOT}/msc_thesis/main_system/isolated_workspaces/hourvideo_direct_api_eval300_v1/outputs/direct_v1_formal/direct_v1_2_3x16_r1_r3_eval300_formal_v1/last_execution.json,92c307198735a32f65c90ec59cde938dbf1ba217064699e3a8fbb60a82315634,432,artifacts/SUPERSEDED_FOR_THESIS/old_formal_88/last_execution.json,92c307198735a32f65c90ec59cde938dbf1ba217064699e3a8fbb60a82315634,432,SUPERSEDED-FOR-THESIS old formal provenance,byte_for_byte
${PROJECT_MSC_ROOT}/msc_thesis/main_system/isolated_workspaces/hourvideo_direct_api_eval300_v1/outputs/direct_v1_formal/direct_v1_2_3x16_r1_r3_eval300_formal_v1/route_artifacts/R1:115774b6-534d-444f-b7aa-d1b834eb0ee7_12_27.json,1a013a5e30799f3ffeb33036db3eec755b98817fec2c4ee7b8b5488f6e536696,19145,artifacts/SUPERSEDED_FOR_THESIS/old_formal_88/route_artifacts/R1:115774b6-534d-444f-b7aa-d1b834eb0ee7_12_27.json,a53502a869f309b46228dda785ddf606bb235fd1ed09c574f997068fc87c45f3,18947,old 300 R1 + frozen 300 R3 source route artifacts,absolute_personal_path_redaction_only
${PROJECT_MSC_ROOT}/msc_thesis/main_system/isolated_workspaces/hourvideo_direct_api_eval300_v1/outputs/direct_v1_formal/direct_v1_2_3x16_r1_r3_eval300_formal_v1/route_artifacts/R1:115774b6-534d-444f-b7aa-d1b834eb0ee7_17_12.json,b5f8f98aba62bdf8d55b579d7efe3c067c91a53971702e72b35432672215d2a7,33609,artifacts/SUPERSEDED_FOR_THESIS/old_formal_88/route_artifacts/R1:115774b6-534d-444f-b7aa-d1b834eb0ee7_17_12.json,db4b768ffc9ceb3fb5a3f522126cd5e7e287266bf1b654dfaed86f265596f624,33257,old 300 R1 + frozen 300 R3 source route artifacts,absolute_personal_path_redaction_only
${PROJECT_MSC_ROOT}/msc_thesis/main_system/isolated_workspaces/hourvideo_direct_api_eval300_v1/outputs/direct_v1_formal/direct_v1_2_3x16_r1_r3_eval300_formal_v1/route_artifacts/R1:115774b6-534d-444f-b7aa-d1b834eb0ee7_17_14.json,525016540a4746f925106494e9fee7b24c25cb22472ca27511be5c0b8e3cae20,31979,artifacts/SUPERSEDED_FOR_THESIS/old_formal_88/route_artifacts/R1:115774b6-534d-444f-b7aa-d1b834eb0ee7_17_14.json,d17a0d050094ff7d91dc1e1054d1408dd9c5424cff6f6ae015510adcd02a0947,31627,old 300 R1 + frozen 300 R3 source route artifacts,absolute_personal_path_redaction_only
${PROJECT_MSC_ROOT}/msc_thesis/main_system/isolated_workspaces/hourvideo_direct_api_eval300_v1/outputs/direct_v1_formal/direct_v1_2_3x16_r1_r3_eval300_formal_v1/route_artifacts/R1:115774b6-534d-444f-b7aa-d1b834eb0ee7_17_31.json,efc415277798922738908e82f3f1ef887fc270abaea7aed70a9ec26ba1fadda7,32009,artifacts/SUPERSEDED_FOR_THESIS/old_formal_88/route_artifacts/R1:115774b6-534d-444f-b7aa-d1b834eb0ee7_17_31.json,ee69957f1a75a514c89295fc0e5e09392c8b8f38857fb84335221b57ab75b4a5,31657,old 300 R1 + frozen 300 R3 source route artifacts,absolute_personal_path_redaction_only
${PROJECT_MSC_ROOT}/msc_thesis/main_system/isolated_workspaces/hourvideo_direct_api_eval300_v1/outputs/direct_v1_formal/direct_v1_2_3x16_r1_r3_eval300_formal_v1/route_artifacts/R1:115774b6-534d-444f-b7aa-d1b834eb0ee7_17_7.json,e743e4e887933861d913619fbc58915e01b896fdf9468a2a042c11c5d031c262,31094,artifacts/SUPERSEDED_FOR_THESIS/old_formal_88/route_artifacts/R1:115774b6-534d-444f-b7aa-d1b834eb0ee7_17_7.json,638ce0b61e9e1d680d48409856cac8fef1729b30038766f5c03b7a8ef8e12e2e,30742,old 300 R1 + frozen 300 R3 source route artifacts,absolute_personal_path_redaction_only
${PROJECT_MSC_ROOT}/msc_thesis/main_system/isolated_workspaces/hourvideo_direct_api_eval300_v1/outputs/direct_v1_formal/direct_v1_2_3x16_r1_r3_eval300_formal_v1/route_artifacts/R1:115774b6-534d-444f-b7aa-d1b834eb0ee7_1_1.json,2b2447d5be32d3726761beb4b9c4b7f7e2cd0559d6b3863eec9a05a492cb7f46,32169,artifacts/SUPERSEDED_FOR_THESIS/old_formal_88/route_artifacts/R1:115774b6-534d-444f-b7aa-d1b834eb0ee7_1_1.json,bdcd2af54cc2df3b6e4b1681a01e06002190595bf1b4242821a897dad7a95119,31817,old 300 R1 + frozen 300 R3 source route artifacts,absolute_personal_path_redaction_only
${PROJECT_MSC_ROOT}/msc_thesis/main_system/isolated_workspaces/hourvideo_direct_api_eval300_v1/outputs/direct_v1_formal/direct_v1_2_3x16_r1_r3_eval300_formal_v1/route_artifacts/R1:115774b6-534d-444f-b7aa-d1b834eb0ee7_1_3.json,a0a887f55d7b78e0dc06a4d952d91a674bd86f526e8f9d947cf0ee1331d4cdd4,33147,artifacts/SUPERSEDED_FOR_THESIS/old_formal_88/route_artifacts/R1:115774b6-534d-444f-b7aa-d1b834eb0ee7_1_3.json,3808be86aa0221c866cbf097e67ae4bd2613a97f6473bfc861f646136f50d62c,32795,old 300 R1 + frozen 300 R3 source route artifacts,absolute_personal_path_redaction_only
${PROJECT_MSC_ROOT}/msc_thesis/main_system/isolated_workspaces/hourvideo_direct_api_eval300_v1/outputs/direct_v1_formal/direct_v1_2_3x16_r1_r3_eval300_formal_v1/route_artifacts/R1:115774b6-534d-444f-b7aa-d1b834eb0ee7_2_2.json,46172260930ef45cf76f53aede614ed0d156abbbbec00119dfdfa242b9924ab2,32305,artifacts/SUPERSEDED_FOR_THESIS/old_formal_88/route_artifacts/R1:115774b6-534d-444f-b7aa-d1b834eb0ee7_2_2.json,c4842d26ab425dba307214c941a4f0ca2b8557f9ba8a0e3e909f8dc0f8832c96,31953,old 300 R1 + frozen 300 R3 source route artifacts,absolute_personal_path_redaction_only
${PROJECT_MSC_ROOT}/msc_thesis/main_system/isolated_workspaces/hourvideo_direct_api_eval300_v1/outputs/direct_v1_formal/direct_v1_2_3x16_r1_r3_eval300_formal_v1/route_artifacts/R1:115774b6-534d-444f-b7aa-d1b834eb0ee7_2_4.json,85f7d62a10298c99dd3951cdd3ae3a4f0640e28536f04db128d5c4a95fe0444c,32963,artifacts/SUPERSEDED_FOR_THESIS/old_formal_88/route_artifacts/R1:115774b6-534d-444f-b7aa-d1b834eb0ee7_2_4.json,77d7b6465a15da04ecd1ac6478481d83f1a7d4efefd9d757e9e53a595bde324c,32611,old 300 R1 + frozen 300 R3 source route artifacts,absolute_personal_path_redaction_only
${PROJECT_MSC_ROOT}/msc_thesis/main_system/isolated_workspaces/hourvideo_direct_api_eval300_v1/outputs/direct_v1_formal/direct_v1_2_3x16_r1_r3_eval300_formal_v1/route_artifacts/R1:115774b6-534d-444f-b7aa-d1b834eb0ee7_3_21.json,cbb1cb9a85338b330b921d35d0b425c56eb8e1fa761992fa6061255a6af4e2e4,33622,artifacts/SUPERSEDED_FOR_THESIS/old_formal_88/route_artifacts/R1:115774b6-534d-444f-b7aa-d1b834eb0ee7_3_21.json,76ba4850b470aa5c3ee26034df011e6296069d2f8421cae49bf0352f6c9a8e45,33248,old 300 R1 + frozen 300 R3 source route artifacts,absolute_personal_path_redaction_only
${PROJECT_MSC_ROOT}/msc_thesis/main_system/isolated_workspaces/hourvideo_direct_api_eval300_v1/outputs/direct_v1_formal/direct_v1_2_3x16_r1_r3_eval300_formal_v1/route_artifacts/R1:115774b6-534d-444f-b7aa-d1b834eb0ee7_3_23.json,75b290f31fcd033b00e17364bd059bb52a5a875f63048e21ee250d8f84b5179a,32036,artifacts/SUPERSEDED_FOR_THESIS/old_formal_88/route_artifacts/R1:115774b6-534d-444f-b7aa-d1b834eb0ee7_3_23.json,e6b8ba87f185025b425b39e6c99c327519d9e106a99555bf8d9f074ffe45eeda,31684,old 300 R1 + frozen 300 R3 source route artifacts,absolute_personal_path_redaction_only
${PROJECT_MSC_ROOT}/msc_thesis/main_system/isolated_workspaces/hourvideo_direct_api_eval300_v1/outputs/direct_v1_formal/direct_v1_2_3x16_r1_r3_eval300_formal_v1/route_artifacts/R1:115774b6-534d-444f-b7aa-d1b834eb0ee7_3_6.json,3c2721bf126fe8c5cb4cb05850227da75b5edc69a89256b1b14c9d29abd83d35,49030,artifacts/SUPERSEDED_FOR_THESIS/old_formal_88/route_artifacts/R1:115774b6-534d-444f-b7aa-d1b834eb0ee7_3_6.json,1db1c03bf8eb5d27bcc8ffede9e02139a6e3259590fe81f328a5126e2e4c72b1,48568,old 300 R1 + frozen 300 R3 source route artifacts,absolute_personal_path_redaction_only
${PROJECT_MSC_ROOT}/msc_thesis/main_system/isolated_workspaces/hourvideo_direct_api_eval300_v1/outputs/direct_v1_formal/direct_v1_2_3x16_r1_r3_eval300_formal_v1/route_artifacts/R1:115774b6-534d-444f-b7aa-d1b834eb0ee7_4_1.json,0944f5fca1011f1ee0b572e0aa4bc637fd2411ffca8d4fb9a95b1205075b7ab8,19851,artifacts/SUPERSEDED_FOR_THESIS/old_formal_88/route_artifacts/R1:115774b6-534d-444f-b7aa-d1b834eb0ee7_4_1.json,19a673214a8dd17cc9a236a6921b9c793cfe9925cd72cf7615b45df20547b0a9,19653,old 300 R1 + frozen 300 R3 source route artifacts,absolute_personal_path_redaction_only
${PROJECT_MSC_ROOT}/msc_thesis/main_system/isolated_workspaces/hourvideo_direct_api_eval300_v1/outputs/direct_v1_formal/direct_v1_2_3x16_r1_r3_eval300_formal_v1/route_artifacts/R1:115774b6-534d-444f-b7aa-d1b834eb0ee7_4_25.json,39fe07bd45e9c0a1d8799f3f6c4c3938fe5b3918e4cfde6c983e46aea7e11ccd,29776,artifacts/SUPERSEDED_FOR_THESIS/old_formal_88/route_artifacts/R1:115774b6-534d-444f-b7aa-d1b834eb0ee7_4_25.json,0c2dc994b201d54298a82b1431f5cc26a1aca194d2b171f2a611c75760fc3d5d,29446,old 300 R1 + frozen 300 R3 source route artifacts,absolute_personal_path_redaction_only
${PROJECT_MSC_ROOT}/msc_thesis/main_system/isolated_workspaces/hourvideo_direct_api_eval300_v1/outputs/direct_v1_formal/direct_v1_2_3x16_r1_r3_eval300_formal_v1/route_artifacts/R1:115774b6-534d-444f-b7aa-d1b834eb0ee7_5_29.json,06b7947de40c67e82dfbcdfe0e8a2ae7dab2373596c86887ca1a38d8e6a15699,31666,artifacts/SUPERSEDED_FOR_THESIS/old_formal_88/route_artifacts/R1:115774b6-534d-444f-b7aa-d1b834eb0ee7_5_29.json,0c84ae5ac4b0058889a522e4b660ec94198e059cfa0b37f57fbc826e0daf80df,31314,old 300 R1 + frozen 300 R3 source route artifacts,absolute_personal_path_redaction_only
${PROJECT_MSC_ROOT}/msc_thesis/main_system/isolated_workspaces/hourvideo_direct_api_eval300_v1/outputs/direct_v1_formal/direct_v1_2_3x16_r1_r3_eval300_formal_v1/route_artifacts/R1:115774b6-534d-444f-b7aa-d1b834eb0ee7_5_5.json,b2e4fa83efd228b381c817b947d9ac7f300529f120542a39f6106a09890a0e80,32905,artifacts/SUPERSEDED_FOR_THESIS/old_formal_88/route_artifacts/R1:115774b6-534d-444f-b7aa-d1b834eb0ee7_5_5.json,aef7df27f0a55b390f03908f64b99388c6620f294c1f3dbd89cae6938ebafecb,32553,old 300 R1 + frozen 300 R3 source route artifacts,absolute_personal_path_redaction_only
${PROJECT_MSC_ROOT}/msc_thesis/main_system/isolated_workspaces/hourvideo_direct_api_eval300_v1/outputs/direct_v1_formal/direct_v1_2_3x16_r1_r3_eval300_formal_v1/route_artifacts/R1:115774b6-534d-444f-b7aa-d1b834eb0ee7_6_2.json,9ea497008e44487c9471c757fd02c6e3c6c05b3953a426e8b2fdebd1066aaebe,19031,artifacts/SUPERSEDED_FOR_THESIS/old_formal_88/route_artifacts/R1:115774b6-534d-444f-b7aa-d1b834eb0ee7_6_2.json,71080274d4e86c56c541a79cf9b77cad63b98ccd6a89dcc3e1ad1ec8212a70b2,18833,old 300 R1 + frozen 300 R3 source route artifacts,absolute_personal_path_redaction_only
${PROJECT_MSC_ROOT}/msc_thesis/main_system/isolated_workspaces/hourvideo_direct_api_eval300_v1/outputs/direct_v1_formal/direct_v1_2_3x16_r1_r3_eval300_formal_v1/route_artifacts/R1:115774b6-534d-444f-b7aa-d1b834eb0ee7_6_24.json,65e299c2bbfdc285dd23a13715afa16357dd6fbcbd1e9d5407cf9375861565f4,19034,artifacts/SUPERSEDED_FOR_THESIS/old_formal_88/route_artifacts/R1:115774b6-534d-444f-b7aa-d1b834eb0ee7_6_24.json,ca8c1dc3e3cf5d4331bb9c43b9b6e6b3216fc04813eedd17ef69a6cc50deaa65,18836,old 300 R1 + frozen 300 R3 source route artifacts,absolute_personal_path_redaction_only
${PROJECT_MSC_ROOT}/msc_thesis/main_system/isolated_workspaces/hourvideo_direct_api_eval300_v1/outputs/direct_v1_formal/direct_v1_2_3x16_r1_r3_eval300_formal_v1/route_artifacts/R1:115774b6-534d-444f-b7aa-d1b834eb0ee7_6_3.json,6d367ae1ad7867f2a672cb6f70ea0c296608e5fc3fb340be0dfdfee65444ee09,20279,artifacts/SUPERSEDED_FOR_THESIS/old_formal_88/route_artifacts/R1:115774b6-534d-444f-b7aa-d1b834eb0ee7_6_3.json,52393f8924c769fbcc2fc4be1ccaebc9bdb54eb4ca153ce3984fb86148ce9bfb,20081,old 300 R1 + frozen 300 R3 source route artifacts,absolute_personal_path_redaction_only
${PROJECT_MSC_ROOT}/msc_thesis/main_system/isolated_workspaces/hourvideo_direct_api_eval300_v1/outputs/direct_v1_formal/direct_v1_2_3x16_r1_r3_eval300_formal_v1/route_artifacts/R1:115774b6-534d-444f-b7aa-d1b834eb0ee7_6_4.json,9d05e27ede5ccf7a3a567945a32039f001a5d06eca4425b5c28293fecedd6505,24258,artifacts/SUPERSEDED_FOR_THESIS/old_formal_88/route_artifacts/R1:115774b6-534d-444f-b7aa-d1b834eb0ee7_6_4.json,3e599bece01fc970d5f5cef3b573df1d872a5a992bc5961ea5fbd6693193079f,23994,old 300 R1 + frozen 300 R3 source route artifacts,absolute_personal_path_redaction_only
${PROJECT_MSC_ROOT}/msc_thesis/main_system/isolated_workspaces/hourvideo_direct_api_eval300_v1/outputs/direct_v1_formal/direct_v1_2_3x16_r1_r3_eval300_formal_v1/route_artifacts/R1:115774b6-534d-444f-b7aa-d1b834eb0ee7_7_10.json,2fe00083f40618ecf8759a312ce8507fe96c059b4ee5b15a8748dbdc86846097,32031,artifacts/SUPERSEDED_FOR_THESIS/old_formal_88/route_artifacts/R1:115774b6-534d-444f-b7aa-d1b834eb0ee7_7_10.json,41373d25e83e9687d6b724b7c206a577afe36bca3218f41d6cd6ebf8635592fa,31679,old 300 R1 + frozen 300 R3 source route artifacts,absolute_personal_path_redaction_only
${PROJECT_MSC_ROOT}/msc_thesis/main_system/isolated_workspaces/hourvideo_direct_api_eval300_v1/outputs/direct_v1_formal/direct_v1_2_3x16_r1_r3_eval300_formal_v1/route_artifacts/R1:115774b6-534d-444f-b7aa-d1b834eb0ee7_7_22.json,30f755d95c808647ff85130cdccd5ad44792dddc24651f5465740bb26e6b8195,24400,artifacts/SUPERSEDED_FOR_THESIS/old_formal_88/route_artifacts/R1:115774b6-534d-444f-b7aa-d1b834eb0ee7_7_22.json,a2015ee38ac2a65a8f013cbdf424dce020b6817f250435ebe510a5cf66b9802c,24136,old 300 R1 + frozen 300 R3 source route artifacts,absolute_personal_path_redaction_only
${PROJECT_MSC_ROOT}/msc_thesis/main_system/isolated_workspaces/hourvideo_direct_api_eval300_v1/outputs/direct_v1_formal/direct_v1_2_3x16_r1_r3_eval300_formal_v1/route_artifacts/R1:115774b6-534d-444f-b7aa-d1b834eb0ee7_8_13.json,8561c8cf298c9f1e89482c7c7aefebfd2ca7b1c508fd97e14bdb235df74de95c,15578,artifacts/SUPERSEDED_FOR_THESIS/old_formal_88/route_artifacts/R1:115774b6-534d-444f-b7aa-d1b834eb0ee7_8_13.json,a9cf06cee18f03c99a7b17b09f3588d3f1df1f01e60e558da5305fc33952b09d,15446,old 300 R1 + frozen 300 R3 source route artifacts,absolute_personal_path_redaction_only
${PROJECT_MSC_ROOT}/msc_thesis/main_system/isolated_workspaces/hourvideo_direct_api_eval300_v1/outputs/direct_v1_formal/direct_v1_2_3x16_r1_r3_eval300_formal_v1/route_artifacts/R1:115774b6-534d-444f-b7aa-d1b834eb0ee7_8_26.json,26969387ea92e52680e9d52e3dd33c4126000a7751a8475c68d2d6538719701c,19368,artifacts/SUPERSEDED_FOR_THESIS/old_formal_88/route_artifacts/R1:115774b6-534d-444f-b7aa-d1b834eb0ee7_8_26.json,90f6f113b6884b52de344bae35833effd455ff8737b8563c6e5508a14b058893,19170,old 300 R1 + frozen 300 R3 source route artifacts,absolute_personal_path_redaction_only
${PROJECT_MSC_ROOT}/msc_thesis/main_system/isolated_workspaces/hourvideo_direct_api_eval300_v1/outputs/direct_v1_formal/direct_v1_2_3x16_r1_r3_eval300_formal_v1/route_artifacts/R1:115774b6-534d-444f-b7aa-d1b834eb0ee7_8_8.json,4e00e2b6fd1bc8d1372e6b7f8860abc6fb9ded7d187533aeece9b27ef7a02aef,19004,artifacts/SUPERSEDED_FOR_THESIS/old_formal_88/route_artifacts/R1:115774b6-534d-444f-b7aa-d1b834eb0ee7_8_8.json,25f69bacfc4bbfec06d6a5e5144502dfb2825ac7f72cc416c52619f9d88f74c8,18806,old 300 R1 + frozen 300 R3 source route artifacts,absolute_personal_path_redaction_only
${PROJECT_MSC_ROOT}/msc_thesis/main_system/isolated_workspaces/hourvideo_direct_api_eval300_v1/outputs/direct_v1_formal/direct_v1_2_3x16_r1_r3_eval300_formal_v1/route_artifacts/R1:41a86310-2cc1-48f9-b5b5-6b495a95fbac_11_1.json,3d8e9f738b39d841692d8bdac64e4ab655bf9e4508d482bd43916f3c12a06409,36026,artifacts/SUPERSEDED_FOR_THESIS/old_formal_88/route_artifacts/R1:41a86310-2cc1-48f9-b5b5-6b495a95fbac_11_1.json,c5368e554a5b9b93cd7e06bba66d1a46db7972b611db3e63ae6529cba4a021c0,35674,old 300 R1 + frozen 300 R3 source route artifacts,absolute_personal_path_redaction_only
${PROJECT_MSC_ROOT}/msc_thesis/main_system/isolated_workspaces/hourvideo_direct_api_eval300_v1/outputs/direct_v1_formal/direct_v1_2_3x16_r1_r3_eval300_formal_v1/route_artifacts/R1:41a86310-2cc1-48f9-b5b5-6b495a95fbac_11_19.json,7a31c88e3f279d4b35de6e5d1a6b083d80c44616118a6fae83fb9177e2ae4f8c,32811,artifacts/SUPERSEDED_FOR_THESIS/old_formal_88/route_artifacts/R1:41a86310-2cc1-48f9-b5b5-6b495a95fbac_11_19.json,43678f8af542386b55b6f60338bd1c1ec26fd2decfb16e091cf0d1ddce9263bb,32459,old 300 R1 + frozen 300 R3 source route artifacts,absolute_personal_path_redaction_only
${PROJECT_MSC_ROOT}/msc_thesis/main_system/isolated_workspaces/hourvideo_direct_api_eval300_v1/outputs/direct_v1_formal/direct_v1_2_3x16_r1_r3_eval300_formal_v1/route_artifacts/R1:41a86310-2cc1-48f9-b5b5-6b495a95fbac_11_31.json,3d174694de2e078c4e59a6071cb745e43112e5627cb605992886f81d898deb78,33182,artifacts/SUPERSEDED_FOR_THESIS/old_formal_88/route_artifacts/R1:41a86310-2cc1-48f9-b5b5-6b495a95fbac_11_31.json,c5d39f54aeab282e83feed91e6278bd836b46d9ad66aaaa9c7c9b90b0335158d,32830,old 300 R1 + frozen 300 R3 source route artifacts,absolute_personal_path_redaction_only
${PROJECT_MSC_ROOT}/msc_thesis/main_system/isolated_workspaces/hourvideo_direct_api_eval300_v1/outputs/direct_v1_formal/direct_v1_2_3x16_r1_r3_eval300_formal_v1/route_artifacts/R1:41a86310-2cc1-48f9-b5b5-6b495a95fbac_11_34.json,ac46122e607f07dc6e57815fe6ad23536afc2b0eaa02ddf775ccf761f13e233b,33500,artifacts/SUPERSEDED_FOR_THESIS/old_formal_88/route_artifacts/R1:41a86310-2cc1-48f9-b5b5-6b495a95fbac_11_34.json,066412b4cff48f553f0045418a079c8e143301c2315644f8517760ae05f84dea,33148,old 300 R1 + frozen 300 R3 source route artifacts,absolute_personal_path_redaction_only
${PROJECT_MSC_ROOT}/msc_thesis/main_system/isolated_workspaces/hourvideo_direct_api_eval300_v1/outputs/direct_v1_formal/direct_v1_2_3x16_r1_r3_eval300_formal_v1/route_artifacts/R1:41a86310-2cc1-48f9-b5b5-6b495a95fbac_11_4.json,a22fae6624ce41ba8d2161cda92cd9a80f61a40f24c7b7c8e49b3638e54a8f46,32033,artifacts/SUPERSEDED_FOR_THESIS/old_formal_88/route_artifacts/R1:41a86310-2cc1-48f9-b5b5-6b495a95fbac_11_4.json,e317a8bca79813cd2a25bd19473d8e1c2c62cdb18f72d00078c5d15ad9607dc1,31681,old 300 R1 + frozen 300 R3 source route artifacts,absolute_personal_path_redaction_only
${PROJECT_MSC_ROOT}/msc_thesis/main_system/isolated_workspaces/hourvideo_direct_api_eval300_v1/outputs/direct_v1_formal/direct_v1_2_3x16_r1_r3_eval300_formal_v1/route_artifacts/R1:41a86310-2cc1-48f9-b5b5-6b495a95fbac_17_10.json,c9a5f9a356c2b7696d9fff7611f0fe5ed6b747ea64cdecae65ce1ea8397fd54d,33325,artifacts/SUPERSEDED_FOR_THESIS/old_formal_88/route_artifacts/R1:41a86310-2cc1-48f9-b5b5-6b495a95fbac_17_10.json,eec13bd2b4d699ccefba3760acd21f81d8f80a473ecf385dd9893a6cd04c6d4f,32973,old 300 R1 + frozen 300 R3 source route artifacts,absolute_personal_path_redaction_only
${PROJECT_MSC_ROOT}/msc_thesis/main_system/isolated_workspaces/hourvideo_direct_api_eval300_v1/outputs/direct_v1_formal/direct_v1_2_3x16_r1_r3_eval300_formal_v1/route_artifacts/R1:41a86310-2cc1-48f9-b5b5-6b495a95fbac_17_13.json,ded5a8bb8b5ff01aea47d0da95091244210999f05e1758ca018c86de7df54d09,18792,artifacts/SUPERSEDED_FOR_THESIS/old_formal_88/route_artifacts/R1:41a86310-2cc1-48f9-b5b5-6b495a95fbac_17_13.json,dd1099e23697b24cd27a7ea57f24d6983bcb85902f647cd6998b73b4cb636c83,18594,old 300 R1 + frozen 300 R3 source route artifacts,absolute_personal_path_redaction_only
${PROJECT_MSC_ROOT}/msc_thesis/main_system/isolated_workspaces/hourvideo_direct_api_eval300_v1/outputs/direct_v1_formal/direct_v1_2_3x16_r1_r3_eval300_formal_v1/route_artifacts/R1:41a86310-2cc1-48f9-b5b5-6b495a95fbac_17_15.json,3f0dbde33498ff39215a06e8aee16e7dce07d753db2b33d9cfc15d820684fde1,31904,artifacts/SUPERSEDED_FOR_THESIS/old_formal_88/route_artifacts/R1:41a86310-2cc1-48f9-b5b5-6b495a95fbac_17_15.json,2ad7c8540932fd8243b5f30da2147ba2b40e8de652a1d57f8ac7970fe24881d5,31552,old 300 R1 + frozen 300 R3 source route artifacts,absolute_personal_path_redaction_only
${PROJECT_MSC_ROOT}/msc_thesis/main_system/isolated_workspaces/hourvideo_direct_api_eval300_v1/outputs/direct_v1_formal/direct_v1_2_3x16_r1_r3_eval300_formal_v1/route_artifacts/R1:41a86310-2cc1-48f9-b5b5-6b495a95fbac_17_2.json,775d90d01fba5e5042ab42c848c5746dd81e886bce9401cb86fd416b798f3c24,33814,artifacts/SUPERSEDED_FOR_THESIS/old_formal_88/route_artifacts/R1:41a86310-2cc1-48f9-b5b5-6b495a95fbac_17_2.json,3ca7095c617bfe3201ea28e641bf1595e5ab1005836216b269b5196fd7912719,33462,old 300 R1 + frozen 300 R3 source route artifacts,absolute_personal_path_redaction_only
${PROJECT_MSC_ROOT}/msc_thesis/main_system/isolated_workspaces/hourvideo_direct_api_eval300_v1/outputs/direct_v1_formal/direct_v1_2_3x16_r1_r3_eval300_formal_v1/route_artifacts/R1:41a86310-2cc1-48f9-b5b5-6b495a95fbac_17_21.json,2ad703addda9d459dd122a9956daae53e3eb6441f60635ef5e1192a3877db6c6,32275,artifacts/SUPERSEDED_FOR_THESIS/old_formal_88/route_artifacts/R1:41a86310-2cc1-48f9-b5b5-6b495a95fbac_17_21.json,a3a1cba77546edd8ba75c2f5c8744fd80383e7662732fffc75a676a5a879823d,31923,old 300 R1 + frozen 300 R3 source route artifacts,absolute_personal_path_redaction_only
${PROJECT_MSC_ROOT}/msc_thesis/main_system/isolated_workspaces/hourvideo_direct_api_eval300_v1/outputs/direct_v1_formal/direct_v1_2_3x16_r1_r3_eval300_formal_v1/route_artifacts/R1:41a86310-2cc1-48f9-b5b5-6b495a95fbac_17_23.json,e4ef0edf1dffa6548b9d24d9f48bdcdc90cc4cb928571b780084205b834f30d0,32172,artifacts/SUPERSEDED_FOR_THESIS/old_formal_88/route_artifacts/R1:41a86310-2cc1-48f9-b5b5-6b495a95fbac_17_23.json,3aec4cde35064dc79101babe5efaf0b6a50a3ef66b2af41dee742e9ff3710e22,31842,old 300 R1 + frozen 300 R3 source route artifacts,absolute_personal_path_redaction_only
${PROJECT_MSC_ROOT}/msc_thesis/main_system/isolated_workspaces/hourvideo_direct_api_eval300_v1/outputs/direct_v1_formal/direct_v1_2_3x16_r1_r3_eval300_formal_v1/route_artifacts/R1:41a86310-2cc1-48f9-b5b5-6b495a95fbac_17_26.json,23c1e080c40e24999ab2dc4625a91fdf72a064df795277d9653235963ae4b62e,29136,artifacts/SUPERSEDED_FOR_THESIS/old_formal_88/route_artifacts/R1:41a86310-2cc1-48f9-b5b5-6b495a95fbac_17_26.json,ef10c64b5e55195652b77e6c61df5fb79dcf289ef30081fb3ceeb0fa488742b3,28806,old 300 R1 + frozen 300 R3 source route artifacts,absolute_personal_path_redaction_only
${PROJECT_MSC_ROOT}/msc_thesis/main_system/isolated_workspaces/hourvideo_direct_api_eval300_v1/outputs/direct_v1_formal/direct_v1_2_3x16_r1_r3_eval300_formal_v1/route_artifacts/R1:41a86310-2cc1-48f9-b5b5-6b495a95fbac_17_33.json,dda8aa0e756a877cf7b2302441261ec6b2520cce86d6011d63ddb7f7aa71d2b5,29862,artifacts/SUPERSEDED_FOR_THESIS/old_formal_88/route_artifacts/R1:41a86310-2cc1-48f9-b5b5-6b495a95fbac_17_33.json,9cbe51340e8ebf1ee45a406f24c3b335deef74aee772fa164b89c73d17579c2d,29532,old 300 R1 + frozen 300 R3 source route artifacts,absolute_personal_path_redaction_only
${PROJECT_MSC_ROOT}/msc_thesis/main_system/isolated_workspaces/hourvideo_direct_api_eval300_v1/outputs/direct_v1_formal/direct_v1_2_3x16_r1_r3_eval300_formal_v1/route_artifacts/R1:41a86310-2cc1-48f9-b5b5-6b495a95fbac_17_38.json,874b839e91a81b81e8c274a3ca7c8a5a7c247855f15ba759415584b378352586,28707,artifacts/SUPERSEDED_FOR_THESIS/old_formal_88/route_artifacts/R1:41a86310-2cc1-48f9-b5b5-6b495a95fbac_17_38.json,f1f23b68b572fe41f0db38ca5f5b72ef83166ad1019a6c32c0076be1e7d279e4,28377,old 300 R1 + frozen 300 R3 source route artifacts,absolute_personal_path_redaction_only
${PROJECT_MSC_ROOT}/msc_thesis/main_system/isolated_workspaces/hourvideo_direct_api_eval300_v1/outputs/direct_v1_formal/direct_v1_2_3x16_r1_r3_eval300_formal_v1/route_artifacts/R1:41a86310-2cc1-48f9-b5b5-6b495a95fbac_23_8.json,65a354edc801ffc623b1ac0f4fb599fc7e166db14539d44d9fecf076ee894f30,36214,artifacts/SUPERSEDED_FOR_THESIS/old_formal_88/route_artifacts/R1:41a86310-2cc1-48f9-b5b5-6b495a95fbac_23_8.json,b4f34cf7c32eb6df579660efdb68b0b6105a3ddc594a09ec357c7dae20b10bb0,35906,old 300 R1 + frozen 300 R3 source route artifacts,absolute_personal_path_redaction_only
${PROJECT_MSC_ROOT}/msc_thesis/main_system/isolated_workspaces/hourvideo_direct_api_eval300_v1/outputs/direct_v1_formal/direct_v1_2_3x16_r1_r3_eval300_formal_v1/route_artifacts/R1:41a86310-2cc1-48f9-b5b5-6b495a95fbac_4_25.json,3f910ca329f7a3dcea0d5fc5f665f8f8884499256f2513ccc0b6e1a2c6eca0c7,28619,artifacts/SUPERSEDED_FOR_THESIS/old_formal_88/route_artifacts/R1:41a86310-2cc1-48f9-b5b5-6b495a95fbac_4_25.json,75a20584393ee26b47a9ed7e0a81b0bd6eaf9c5ad5e7ec5debb162fcc3a997e4,28289,old 300 R1 + frozen 300 R3 source route artifacts,absolute_personal_path_redaction_only
${PROJECT_MSC_ROOT}/msc_thesis/main_system/isolated_workspaces/hourvideo_direct_api_eval300_v1/outputs/direct_v1_formal/direct_v1_2_3x16_r1_r3_eval300_formal_v1/route_artifacts/R1:41a86310-2cc1-48f9-b5b5-6b495a95fbac_5_20.json,e9953c8328bcb81ef619934d67c4c42b270743e1cbfe2a86ae52de9caf9501aa,33404,artifacts/SUPERSEDED_FOR_THESIS/old_formal_88/route_artifacts/R1:41a86310-2cc1-48f9-b5b5-6b495a95fbac_5_20.json,effe8af35006a1791b2d01aafeb31878c81b97ec9e8808534026bc8a156c8758,33052,old 300 R1 + frozen 300 R3 source route artifacts,absolute_personal_path_redaction_only
${PROJECT_MSC_ROOT}/msc_thesis/main_system/isolated_workspaces/hourvideo_direct_api_eval300_v1/outputs/direct_v1_formal/direct_v1_2_3x16_r1_r3_eval300_formal_v1/route_artifacts/R1:41a86310-2cc1-48f9-b5b5-6b495a95fbac_6_14.json,bbeb8ecb164c4b32921146278abeec19b7d99b8e2874a2ac095b1229856965ed,39497,artifacts/SUPERSEDED_FOR_THESIS/old_formal_88/route_artifacts/R1:41a86310-2cc1-48f9-b5b5-6b495a95fbac_6_14.json,6c5cb6ea09465051144a36f52da68cd88614e1f3b6803cfb7fec97df043ee821,39167,old 300 R1 + frozen 300 R3 source route artifacts,absolute_personal_path_redaction_only
${PROJECT_MSC_ROOT}/msc_thesis/main_system/isolated_workspaces/hourvideo_direct_api_eval300_v1/outputs/direct_v1_formal/direct_v1_2_3x16_r1_r3_eval300_formal_v1/route_artifacts/R1:41a86310-2cc1-48f9-b5b5-6b495a95fbac_6_24.json,df3e904a6fbc133ea2b05bd19da018fe23908e1750f37107ac2cfcf07501b657,21313,artifacts/SUPERSEDED_FOR_THESIS/old_formal_88/route_artifacts/R1:41a86310-2cc1-48f9-b5b5-6b495a95fbac_6_24.json,ba5976fd099924251ffb0a4a5cf6b8023e199ac63cdf3c8bff3973b9e9ef2526,21115,old 300 R1 + frozen 300 R3 source route artifacts,absolute_personal_path_redaction_only
${PROJECT_MSC_ROOT}/msc_thesis/main_system/isolated_workspaces/hourvideo_direct_api_eval300_v1/outputs/direct_v1_formal/direct_v1_2_3x16_r1_r3_eval300_formal_v1/route_artifacts/R1:41a86310-2cc1-48f9-b5b5-6b495a95fbac_6_27.json,054d063dd5e4182fa2888c34bf584001b042107de1457fa63a214b11068c2b88,19261,artifacts/SUPERSEDED_FOR_THESIS/old_formal_88/route_artifacts/R1:41a86310-2cc1-48f9-b5b5-6b495a95fbac_6_27.json,3419b6a13921e5aff0ecc97fa2d347311d8e74d8dd67b3b2b59f724c5a15cf5f,19085,old 300 R1 + frozen 300 R3 source route artifacts,absolute_personal_path_redaction_only
${PROJECT_MSC_ROOT}/msc_thesis/main_system/isolated_workspaces/hourvideo_direct_api_eval300_v1/outputs/direct_v1_formal/direct_v1_2_3x16_r1_r3_eval300_formal_v1/route_artifacts/R1:41a86310-2cc1-48f9-b5b5-6b495a95fbac_6_32.json,c7db58a7003d55e5ad8256a059128553b104405610dfe582fa6a0d09e61fba59,29544,artifacts/SUPERSEDED_FOR_THESIS/old_formal_88/route_artifacts/R1:41a86310-2cc1-48f9-b5b5-6b495a95fbac_6_32.json,623c13561f72808f416fa2e722c5ae61384168a954159cb2c2ed9e47fb9143a8,29214,old 300 R1 + frozen 300 R3 source route artifacts,absolute_personal_path_redaction_only
${PROJECT_MSC_ROOT}/msc_thesis/main_system/isolated_workspaces/hourvideo_direct_api_eval300_v1/outputs/direct_v1_formal/direct_v1_2_3x16_r1_r3_eval300_formal_v1/route_artifacts/R1:41a86310-2cc1-48f9-b5b5-6b495a95fbac_7_17.json,c5c2065ff90ee9660a82ff722cb0fa7e3f23cbcc2b780409247aa9811c7a621d,30012,artifacts/SUPERSEDED_FOR_THESIS/old_formal_88/route_artifacts/R1:41a86310-2cc1-48f9-b5b5-6b495a95fbac_7_17.json,5d3be7eb49a6c432bf69b73630a4d55c66e8bebb3077c177dca9afc5da2c51a2,29682,old 300 R1 + frozen 300 R3 source route artifacts,absolute_personal_path_redaction_only
${PROJECT_MSC_ROOT}/msc_thesis/main_system/isolated_workspaces/hourvideo_direct_api_eval300_v1/outputs/direct_v1_formal/direct_v1_2_3x16_r1_r3_eval300_formal_v1/route_artifacts/R1:41a86310-2cc1-48f9-b5b5-6b495a95fbac_7_39.json,5e3acea9d313149ac40b4346315d4cc946e9e342627eb303b7bb9a22eb59930b,35715,artifacts/SUPERSEDED_FOR_THESIS/old_formal_88/route_artifacts/R1:41a86310-2cc1-48f9-b5b5-6b495a95fbac_7_39.json,763a9458652310482c2f73ba17fd1a6ce8f7b1c439951e3348343495ef897bed,35341,old 300 R1 + frozen 300 R3 source route artifacts,absolute_personal_path_redaction_only
${PROJECT_MSC_ROOT}/msc_thesis/main_system/isolated_workspaces/hourvideo_direct_api_eval300_v1/outputs/direct_v1_formal/direct_v1_2_3x16_r1_r3_eval300_formal_v1/route_artifacts/R1:41a86310-2cc1-48f9-b5b5-6b495a95fbac_8_11.json,979bc84585b26661d99dd8f6591ae795d05283e53375f3e91ebf5f5118df25fd,29582,artifacts/SUPERSEDED_FOR_THESIS/old_formal_88/route_artifacts/R1:41a86310-2cc1-48f9-b5b5-6b495a95fbac_8_11.json,bab346aaa64c5018b13d82d3c1dad8d51c378ac076e278c2ad9ff37184b9947a,29252,old 300 R1 + frozen 300 R3 source route artifacts,absolute_personal_path_redaction_only
${PROJECT_MSC_ROOT}/msc_thesis/main_system/isolated_workspaces/hourvideo_direct_api_eval300_v1/outputs/direct_v1_formal/direct_v1_2_3x16_r1_r3_eval300_formal_v1/route_artifacts/R1:41a86310-2cc1-48f9-b5b5-6b495a95fbac_8_22.json,5decb9cbc2a7d298d393b3d6dd47e63bd6110cdf0690e7ee4ab212102e5f5ad8,28749,artifacts/SUPERSEDED_FOR_THESIS/old_formal_88/route_artifacts/R1:41a86310-2cc1-48f9-b5b5-6b495a95fbac_8_22.json,a25e05325f6505ea1f9a8ba9c2348bc67e020c07e97c5c101f7f859815d2e14a,28419,old 300 R1 + frozen 300 R3 source route artifacts,absolute_personal_path_redaction_only
${PROJECT_MSC_ROOT}/msc_thesis/main_system/isolated_workspaces/hourvideo_direct_api_eval300_v1/outputs/direct_v1_formal/direct_v1_2_3x16_r1_r3_eval300_formal_v1/route_artifacts/R1:4572b198-2c1c-4920-bcf0-95fcebe12261_13_1.json,5ab7c7c68e87d48bb3fd348ff288ac9f19b956c079f45ec9c01c8dbfb313bf50,23859,artifacts/SUPERSEDED_FOR_THESIS/old_formal_88/route_artifacts/R1:4572b198-2c1c-4920-bcf0-95fcebe12261_13_1.json,f33f5e87227a17eef2d31e0b4b90a00e99550f973f4d8ca35dca9eea9fdd4b4a,23595,old 300 R1 + frozen 300 R3 source route artifacts,absolute_personal_path_redaction_only
${PROJECT_MSC_ROOT}/msc_thesis/main_system/isolated_workspaces/hourvideo_direct_api_eval300_v1/outputs/direct_v1_formal/direct_v1_2_3x16_r1_r3_eval300_formal_v1/route_artifacts/R1:4572b198-2c1c-4920-bcf0-95fcebe12261_15_1.json,e1032a2c12d5b45fec43adc9ce6d68b1b442d3c94806f7449796065c6fb02656,34723,artifacts/SUPERSEDED_FOR_THESIS/old_formal_88/route_artifacts/R1:4572b198-2c1c-4920-bcf0-95fcebe12261_15_1.json,7760644041987be890ad2cdc3640aed48a92a8e6d916cc8dd28f12cd8b54188c,34371,old 300 R1 + frozen 300 R3 source route artifacts,absolute_personal_path_redaction_only
${PROJECT_MSC_ROOT}/msc_thesis/main_system/isolated_workspaces/hourvideo_direct_api_eval300_v1/outputs/direct_v1_formal/direct_v1_2_3x16_r1_r3_eval300_formal_v1/route_artifacts/R1:4572b198-2c1c-4920-bcf0-95fcebe12261_17_10.json,3fcfcf17562b9551317a06d23259cc16ddb6f7963177daebe2a3372249ebd619,29501,artifacts/SUPERSEDED_FOR_THESIS/old_formal_88/route_artifacts/R1:4572b198-2c1c-4920-bcf0-95fcebe12261_17_10.json,47560fd61c7dadf6af554b47c1d21fbad81b743ed74e5a2c195611cd36bafa74,29259,old 300 R1 + frozen 300 R3 source route artifacts,absolute_personal_path_redaction_only
${PROJECT_MSC_ROOT}/msc_thesis/main_system/isolated_workspaces/hourvideo_direct_api_eval300_v1/outputs/direct_v1_formal/direct_v1_2_3x16_r1_r3_eval300_formal_v1/route_artifacts/R1:4572b198-2c1c-4920-bcf0-95fcebe12261_17_14.json,a39422a76ca6ac37365cd60683feb6a6fc0de7774bf9686bb4231ca328cd2f17,18113,artifacts/SUPERSEDED_FOR_THESIS/old_formal_88/route_artifacts/R1:4572b198-2c1c-4920-bcf0-95fcebe12261_17_14.json,1e0d4b820a845875ec2306cdecd5cef99958cabaea744efa3b3e6f4b93310d29,17959,old 300 R1 + frozen 300 R3 source route artifacts,absolute_personal_path_redaction_only
${PROJECT_MSC_ROOT}/msc_thesis/main_system/isolated_workspaces/hourvideo_direct_api_eval300_v1/outputs/direct_v1_formal/direct_v1_2_3x16_r1_r3_eval300_formal_v1/route_artifacts/R1:4572b198-2c1c-4920-bcf0-95fcebe12261_17_15.json,c9c6e60796643dea79ef5f1b2473188f48c7d5f93f158c274e188cced3a87ce0,23129,artifacts/SUPERSEDED_FOR_THESIS/old_formal_88/route_artifacts/R1:4572b198-2c1c-4920-bcf0-95fcebe12261_17_15.json,ae1764ec65021bcd3370969afe31c0b4f216258960d0f33a54642218324974e5,22887,old 300 R1 + frozen 300 R3 source route artifacts,absolute_personal_path_redaction_only
${PROJECT_MSC_ROOT}/msc_thesis/main_system/isolated_workspaces/hourvideo_direct_api_eval300_v1/outputs/direct_v1_formal/direct_v1_2_3x16_r1_r3_eval300_formal_v1/route_artifacts/R1:4572b198-2c1c-4920-bcf0-95fcebe12261_17_17.json,69a6769b7208744133724e4080c864570f45dfbae5c25cea58f0b054741acb8c,14020,artifacts/SUPERSEDED_FOR_THESIS/old_formal_88/route_artifacts/R1:4572b198-2c1c-4920-bcf0-95fcebe12261_17_17.json,7840e9892d44600365b7dfcceae3881d61cc7b7549f44779ad87692e97da4c65,13888,old 300 R1 + frozen 300 R3 source route artifacts,absolute_personal_path_redaction_only
${PROJECT_MSC_ROOT}/msc_thesis/main_system/isolated_workspaces/hourvideo_direct_api_eval300_v1/outputs/direct_v1_formal/direct_v1_2_3x16_r1_r3_eval300_formal_v1/route_artifacts/R1:4572b198-2c1c-4920-bcf0-95fcebe12261_17_25.json,49cd3505de3fdb8ce4d8ca6e56b977fc24adc2e6fcb850b81a3362157acc73ae,28061,artifacts/SUPERSEDED_FOR_THESIS/old_formal_88/route_artifacts/R1:4572b198-2c1c-4920-bcf0-95fcebe12261_17_25.json,6839c2fd779896c04036d1559cec5d848972922a7d19c3a7a27b8ffce639c44d,27731,old 300 R1 + frozen 300 R3 source route artifacts,absolute_personal_path_redaction_only
${PROJECT_MSC_ROOT}/msc_thesis/main_system/isolated_workspaces/hourvideo_direct_api_eval300_v1/outputs/direct_v1_formal/direct_v1_2_3x16_r1_r3_eval300_formal_v1/route_artifacts/R1:4572b198-2c1c-4920-bcf0-95fcebe12261_17_26.json,3ad2f84ec2cfdeb459c13ace38ae04a295cff38659b1f2c31580a18c1e77fc3b,17726,artifacts/SUPERSEDED_FOR_THESIS/old_formal_88/route_artifacts/R1:4572b198-2c1c-4920-bcf0-95fcebe12261_17_26.json,5f1acea8a61f11344e3748de979d7003738e0c50acdfe647ba95f145d4b3455b,17572,old 300 R1 + frozen 300 R3 source route artifacts,absolute_personal_path_redaction_only
${PROJECT_MSC_ROOT}/msc_thesis/main_system/isolated_workspaces/hourvideo_direct_api_eval300_v1/outputs/direct_v1_formal/direct_v1_2_3x16_r1_r3_eval300_formal_v1/route_artifacts/R1:4572b198-2c1c-4920-bcf0-95fcebe12261_17_29.json,50d2357e7c0da0d6bb80a873e26b468df4cdc033533f30b6f10bb4475ad96c73,33408,artifacts/SUPERSEDED_FOR_THESIS/old_formal_88/route_artifacts/R1:4572b198-2c1c-4920-bcf0-95fcebe12261_17_29.json,1d7646b1ab20e8696e2bc929f71121a4a481c6657b4423e15ef2fd56992c7fae,33056,old 300 R1 + frozen 300 R3 source route artifacts,absolute_personal_path_redaction_only
${PROJECT_MSC_ROOT}/msc_thesis/main_system/isolated_workspaces/hourvideo_direct_api_eval300_v1/outputs/direct_v1_formal/direct_v1_2_3x16_r1_r3_eval300_formal_v1/route_artifacts/R1:4572b198-2c1c-4920-bcf0-95fcebe12261_17_39.json,38ea377be2e3beeb08f3336e0195acf328450f0b25db92ddfbeb457a0924a856,33062,artifacts/SUPERSEDED_FOR_THESIS/old_formal_88/route_artifacts/R1:4572b198-2c1c-4920-bcf0-95fcebe12261_17_39.json,d834845b2f8591ce4576aef9b3ae2e313525dec36e8487eac3cb5f63f2f45bca,32710,old 300 R1 + frozen 300 R3 source route artifacts,absolute_personal_path_redaction_only
${PROJECT_MSC_ROOT}/msc_thesis/main_system/isolated_workspaces/hourvideo_direct_api_eval300_v1/outputs/direct_v1_formal/direct_v1_2_3x16_r1_r3_eval300_formal_v1/route_artifacts/R1:4572b198-2c1c-4920-bcf0-95fcebe12261_2_1.json,f0ca3b30f120ddaa2ba7a442d8eb43452d57ba0eea678e925db812a09a8d9e62,18876,artifacts/SUPERSEDED_FOR_THESIS/old_formal_88/route_artifacts/R1:4572b198-2c1c-4920-bcf0-95fcebe12261_2_1.json,4a2ebdc9540118b3be63e892ab4cddc3477272ee60a29d71285c609b2478ae68,18678,old 300 R1 + frozen 300 R3 source route artifacts,absolute_personal_path_redaction_only
${PROJECT_MSC_ROOT}/msc_thesis/main_system/isolated_workspaces/hourvideo_direct_api_eval300_v1/outputs/direct_v1_formal/direct_v1_2_3x16_r1_r3_eval300_formal_v1/route_artifacts/R1:4572b198-2c1c-4920-bcf0-95fcebe12261_3_21.json,b198cddfc2b894e60fd3723ee2130ca69b65e96179873982be4bd8ea63c91f2c,49493,artifacts/SUPERSEDED_FOR_THESIS/old_formal_88/route_artifacts/R1:4572b198-2c1c-4920-bcf0-95fcebe12261_3_21.json,c660b0139b4d38ea0e8d69d4d2e0370d1225a10b635a32c616debe26d063a750,49163,old 300 R1 + frozen 300 R3 source route artifacts,absolute_personal_path_redaction_only
${PROJECT_MSC_ROOT}/msc_thesis/main_system/isolated_workspaces/hourvideo_direct_api_eval300_v1/outputs/direct_v1_formal/direct_v1_2_3x16_r1_r3_eval300_formal_v1/route_artifacts/R1:4572b198-2c1c-4920-bcf0-95fcebe12261_4_20.json,d3f1ab7ff8c0551881e96cdeb6a523a8daa3df3d0d7b7a10bda999325e06ab1a,33903,artifacts/SUPERSEDED_FOR_THESIS/old_formal_88/route_artifacts/R1:4572b198-2c1c-4920-bcf0-95fcebe12261_4_20.json,167c6ba37e8dd31adf653917b435bf84f08878d8f73b39a640124964cad0ff50,33551,old 300 R1 + frozen 300 R3 source route artifacts,absolute_personal_path_redaction_only
${PROJECT_MSC_ROOT}/msc_thesis/main_system/isolated_workspaces/hourvideo_direct_api_eval300_v1/outputs/direct_v1_formal/direct_v1_2_3x16_r1_r3_eval300_formal_v1/route_artifacts/R1:4572b198-2c1c-4920-bcf0-95fcebe12261_4_23.json,2b0f02217e0286e2e47dc761af85b5fee94f69218c26d9071cf186a87ee8943e,32952,artifacts/SUPERSEDED_FOR_THESIS/old_formal_88/route_artifacts/R1:4572b198-2c1c-4920-bcf0-95fcebe12261_4_23.json,883165438f6042bcebc94a09986064ce6ece9e597fa260d79fc5d26ef130cecc,32600,old 300 R1 + frozen 300 R3 source route artifacts,absolute_personal_path_redaction_only
${PROJECT_MSC_ROOT}/msc_thesis/main_system/isolated_workspaces/hourvideo_direct_api_eval300_v1/outputs/direct_v1_formal/direct_v1_2_3x16_r1_r3_eval300_formal_v1/route_artifacts/R1:4572b198-2c1c-4920-bcf0-95fcebe12261_4_28.json,51392046b6e8a2885f5c7fe8e793a8fed1c522edecb534533ebc18a8ee542e35,28926,artifacts/SUPERSEDED_FOR_THESIS/old_formal_88/route_artifacts/R1:4572b198-2c1c-4920-bcf0-95fcebe12261_4_28.json,d74dba18641b692168dbbd9942a22e7133bc2bee847baa24a4a7e9bd26088a48,28596,old 300 R1 + frozen 300 R3 source route artifacts,absolute_personal_path_redaction_only
${PROJECT_MSC_ROOT}/msc_thesis/main_system/isolated_workspaces/hourvideo_direct_api_eval300_v1/outputs/direct_v1_formal/direct_v1_2_3x16_r1_r3_eval300_formal_v1/route_artifacts/R1:4572b198-2c1c-4920-bcf0-95fcebe12261_4_3.json,7f0b30110e9e2e5f6d6320a8b5b7863d9b461538f205da85e11af792d6ec5673,33690,artifacts/SUPERSEDED_FOR_THESIS/old_formal_88/route_artifacts/R1:4572b198-2c1c-4920-bcf0-95fcebe12261_4_3.json,76791cee04c9a6ab27cb6b1daccc89fa126bec76a616bdcbf9792e947d7d8c43,33338,old 300 R1 + frozen 300 R3 source route artifacts,absolute_personal_path_redaction_only
${PROJECT_MSC_ROOT}/msc_thesis/main_system/isolated_workspaces/hourvideo_direct_api_eval300_v1/outputs/direct_v1_formal/direct_v1_2_3x16_r1_r3_eval300_formal_v1/route_artifacts/R1:4572b198-2c1c-4920-bcf0-95fcebe12261_4_40.json,5f54459a90a513034c2e6d861043e3caa8893f9fad9f0334f1ff1d38af4325fd,29824,artifacts/SUPERSEDED_FOR_THESIS/old_formal_88/route_artifacts/R1:4572b198-2c1c-4920-bcf0-95fcebe12261_4_40.json,258bcebfc9c2845eaf94593cd8e239e25fff3384af5d6f73e96c5a5b7b80bdfe,29494,old 300 R1 + frozen 300 R3 source route artifacts,absolute_personal_path_redaction_only
${PROJECT_MSC_ROOT}/msc_thesis/main_system/isolated_workspaces/hourvideo_direct_api_eval300_v1/outputs/direct_v1_formal/direct_v1_2_3x16_r1_r3_eval300_formal_v1/route_artifacts/R1:4572b198-2c1c-4920-bcf0-95fcebe12261_5_11.json,53eab84d6261212f50b02051fe8cad3aceaec8c91e2b2fee6f8643a204dd37a5,32537,artifacts/SUPERSEDED_FOR_THESIS/old_formal_88/route_artifacts/R1:4572b198-2c1c-4920-bcf0-95fcebe12261_5_11.json,93f708719464ea8ced992f64330979fcdafd17b1fe42a419a60913292430b14a,32185,old 300 R1 + frozen 300 R3 source route artifacts,absolute_personal_path_redaction_only
${PROJECT_MSC_ROOT}/msc_thesis/main_system/isolated_workspaces/hourvideo_direct_api_eval300_v1/outputs/direct_v1_formal/direct_v1_2_3x16_r1_r3_eval300_formal_v1/route_artifacts/R1:4572b198-2c1c-4920-bcf0-95fcebe12261_6_22.json,58d26d1ef5cdb41b40686ccab99fb3fe68a9b4957f1be489a65282d10bc89479,31992,artifacts/SUPERSEDED_FOR_THESIS/old_formal_88/route_artifacts/R1:4572b198-2c1c-4920-bcf0-95fcebe12261_6_22.json,9c90ad6cc4b053dedebc86132cea185e09aff30664342b4b718880a69cef9f01,31662,old 300 R1 + frozen 300 R3 source route artifacts,absolute_personal_path_redaction_only
${PROJECT_MSC_ROOT}/msc_thesis/main_system/isolated_workspaces/hourvideo_direct_api_eval300_v1/outputs/direct_v1_formal/direct_v1_2_3x16_r1_r3_eval300_formal_v1/route_artifacts/R1:4572b198-2c1c-4920-bcf0-95fcebe12261_6_24.json,8062545c4c1b429b44f0978652bb0fd5e50aea6a1c10b45c901b8ef1f6f1d8fe,18579,artifacts/SUPERSEDED_FOR_THESIS/old_formal_88/route_artifacts/R1:4572b198-2c1c-4920-bcf0-95fcebe12261_6_24.json,8c0c8c71a636f8da6383c6ada1a3797f1c6289442ed030660f2bcd4d13d6280d,18381,old 300 R1 + frozen 300 R3 source route artifacts,absolute_personal_path_redaction_only
${PROJECT_MSC_ROOT}/msc_thesis/main_system/isolated_workspaces/hourvideo_direct_api_eval300_v1/outputs/direct_v1_formal/direct_v1_2_3x16_r1_r3_eval300_formal_v1/route_artifacts/R1:4572b198-2c1c-4920-bcf0-95fcebe12261_6_7.json,7d1c3ca7fe421508496baac905c0eb05268d14ae43a06228540255846f4256d6,28374,artifacts/SUPERSEDED_FOR_THESIS/old_formal_88/route_artifacts/R1:4572b198-2c1c-4920-bcf0-95fcebe12261_6_7.json,7aa397b0c3ed95cdabe3381798b57dad14a4fe100a54231c96c1ec9678ce887a,28044,old 300 R1 + frozen 300 R3 source route artifacts,absolute_personal_path_redaction_only
${PROJECT_MSC_ROOT}/msc_thesis/main_system/isolated_workspaces/hourvideo_direct_api_eval300_v1/outputs/direct_v1_formal/direct_v1_2_3x16_r1_r3_eval300_formal_v1/route_artifacts/R1:4572b198-2c1c-4920-bcf0-95fcebe12261_7_32.json,1375822ef407d0a0d94b524a149085c860f757e3f39b94051ee4c8c5ba459e89,18631,artifacts/SUPERSEDED_FOR_THESIS/old_formal_88/route_artifacts/R1:4572b198-2c1c-4920-bcf0-95fcebe12261_7_32.json,44887da89f220e6852b606b06d96a398bc799da40ed4cc2d8cfc5de893c24829,18433,old 300 R1 + frozen 300 R3 source route artifacts,absolute_personal_path_redaction_only
${PROJECT_MSC_ROOT}/msc_thesis/main_system/isolated_workspaces/hourvideo_direct_api_eval300_v1/outputs/direct_v1_formal/direct_v1_2_3x16_r1_r3_eval300_formal_v1/route_artifacts/R1:4572b198-2c1c-4920-bcf0-95fcebe12261_7_5.json,2d0ad3425a231e5ea9fe5725bd3e92494366d0f0869923d868f307219116cad1,37714,artifacts/SUPERSEDED_FOR_THESIS/old_formal_88/route_artifacts/R1:4572b198-2c1c-4920-bcf0-95fcebe12261_7_5.json,6d6263948a036d96c89b38db2214358c71f5b17c996a0eaea8054b153680e710,37384,old 300 R1 + frozen 300 R3 source route artifacts,absolute_personal_path_redaction_only
${PROJECT_MSC_ROOT}/msc_thesis/main_system/isolated_workspaces/hourvideo_direct_api_eval300_v1/outputs/direct_v1_formal/direct_v1_2_3x16_r1_r3_eval300_formal_v1/route_artifacts/R1:4572b198-2c1c-4920-bcf0-95fcebe12261_8_13.json,2cd17e2dc8e0fe9c0ab8c2b62093f053463aac23f3e325b7b57b696b55e0ebd8,18915,artifacts/SUPERSEDED_FOR_THESIS/old_formal_88/route_artifacts/R1:4572b198-2c1c-4920-bcf0-95fcebe12261_8_13.json,b5ef731de5488031177e952ff67f99f1e04d652cd1f2b451e292569c74072218,18717,old 300 R1 + frozen 300 R3 source route artifacts,absolute_personal_path_redaction_only
${PROJECT_MSC_ROOT}/msc_thesis/main_system/isolated_workspaces/hourvideo_direct_api_eval300_v1/outputs/direct_v1_formal/direct_v1_2_3x16_r1_r3_eval300_formal_v1/route_artifacts/R1:4572b198-2c1c-4920-bcf0-95fcebe12261_8_34.json,3c1ba3f03058121aaa5dbb799f274d685ac94646e6fc27b0dde3ba829ad22931,20991,artifacts/SUPERSEDED_FOR_THESIS/old_formal_88/route_artifacts/R1:4572b198-2c1c-4920-bcf0-95fcebe12261_8_34.json,9eaafa3b2a9dea585ceb4813a025f14f235ffa2aa8fd98c9d19bf960a7ec71e3,20793,old 300 R1 + frozen 300 R3 source route artifacts,absolute_personal_path_redaction_only
${PROJECT_MSC_ROOT}/msc_thesis/main_system/isolated_workspaces/hourvideo_direct_api_eval300_v1/outputs/direct_v1_formal/direct_v1_2_3x16_r1_r3_eval300_formal_v1/route_artifacts/R1:6fd90f8d-7a4d-425d-a812-3268db0b0342_11_29.json,cd486477f52253f6801ece6ca16dc8135dd83ea84aecc5aea1d5f86741248a12,31989,artifacts/SUPERSEDED_FOR_THESIS/old_formal_88/route_artifacts/R1:6fd90f8d-7a4d-425d-a812-3268db0b0342_11_29.json,0302ed8e86486f79675a93e7ae432e11b9891d5beaa3f556a93756fb4bbd6f65,31637,old 300 R1 + frozen 300 R3 source route artifacts,absolute_personal_path_redaction_only
${PROJECT_MSC_ROOT}/msc_thesis/main_system/isolated_workspaces/hourvideo_direct_api_eval300_v1/outputs/direct_v1_formal/direct_v1_2_3x16_r1_r3_eval300_formal_v1/route_artifacts/R1:6fd90f8d-7a4d-425d-a812-3268db0b0342_12_28.json,cf9b3d15cd648ff7f7174b7e1d4d806a7f34f7c1346f7845ace0d12b86f1957a,33919,artifacts/SUPERSEDED_FOR_THESIS/old_formal_88/route_artifacts/R1:6fd90f8d-7a4d-425d-a812-3268db0b0342_12_28.json,7eac13266ecb6fd628785de673a0a25fabb2c1872656f53ec275987589259a2d,33545,old 300 R1 + frozen 300 R3 source route artifacts,absolute_personal_path_redaction_only
${PROJECT_MSC_ROOT}/msc_thesis/main_system/isolated_workspaces/hourvideo_direct_api_eval300_v1/outputs/direct_v1_formal/direct_v1_2_3x16_r1_r3_eval300_formal_v1/route_artifacts/R1:6fd90f8d-7a4d-425d-a812-3268db0b0342_13_2.json,c9008caff90bd105a481148d0aae18de4fda8edde20e82d1330f97bca1242b24,31412,artifacts/SUPERSEDED_FOR_THESIS/old_formal_88/route_artifacts/R1:6fd90f8d-7a4d-425d-a812-3268db0b0342_13_2.json,50372647ac6b419300993ded26a67bb621764bf52da98246964874b94061d063,31060,old 300 R1 + frozen 300 R3 source route artifacts,absolute_personal_path_redaction_only
${PROJECT_MSC_ROOT}/msc_thesis/main_system/isolated_workspaces/hourvideo_direct_api_eval300_v1/outputs/direct_v1_formal/direct_v1_2_3x16_r1_r3_eval300_formal_v1/route_artifacts/R1:6fd90f8d-7a4d-425d-a812-3268db0b0342_14_3.json,bc6d15b69f48fb75e90729d85fa4137d61cd24856a65713de3016f9eb8e2ef4c,19524,artifacts/SUPERSEDED_FOR_THESIS/old_formal_88/route_artifacts/R1:6fd90f8d-7a4d-425d-a812-3268db0b0342_14_3.json,d7215ec49e89176f64e14292f478621d151538c497dc1d2fe635b038abe1cfdd,19326,old 300 R1 + frozen 300 R3 source route artifacts,absolute_personal_path_redaction_only
${PROJECT_MSC_ROOT}/msc_thesis/main_system/isolated_workspaces/hourvideo_direct_api_eval300_v1/outputs/direct_v1_formal/direct_v1_2_3x16_r1_r3_eval300_formal_v1/route_artifacts/R1:6fd90f8d-7a4d-425d-a812-3268db0b0342_14_4.json,128254d1be63a32f247c03406b9e8fb0a84dc962d7cadac5db76e0ebc7243cfe,32343,artifacts/SUPERSEDED_FOR_THESIS/old_formal_88/route_artifacts/R1:6fd90f8d-7a4d-425d-a812-3268db0b0342_14_4.json,cd6d157f926675b8e8a3b1c5c4c4f9d3eb57959303ae049c90d640260aa0a436,31991,old 300 R1 + frozen 300 R3 source route artifacts,absolute_personal_path_redaction_only
${PROJECT_MSC_ROOT}/msc_thesis/main_system/isolated_workspaces/hourvideo_direct_api_eval300_v1/outputs/direct_v1_formal/direct_v1_2_3x16_r1_r3_eval300_formal_v1/route_artifacts/R1:6fd90f8d-7a4d-425d-a812-3268db0b0342_14_5.json,1dc5db3a2bc0b06cfade06aa72285f3d0281efbd1e987f181a66dec3191c7cc6,28878,artifacts/SUPERSEDED_FOR_THESIS/old_formal_88/route_artifacts/R1:6fd90f8d-7a4d-425d-a812-3268db0b0342_14_5.json,7fdaca455b7cd2d87d6bb3c3aafbb0a5c6c9dad8c354ebb71205bae3bb3dbc2a,28548,old 300 R1 + frozen 300 R3 source route artifacts,absolute_personal_path_redaction_only
${PROJECT_MSC_ROOT}/msc_thesis/main_system/isolated_workspaces/hourvideo_direct_api_eval300_v1/outputs/direct_v1_formal/direct_v1_2_3x16_r1_r3_eval300_formal_v1/route_artifacts/R1:6fd90f8d-7a4d-425d-a812-3268db0b0342_15_2.json,c1b3842949189906daa8d814586ccc8646c5c0503d1d3d74eaf74c1e386b561a,18633,artifacts/SUPERSEDED_FOR_THESIS/old_formal_88/route_artifacts/R1:6fd90f8d-7a4d-425d-a812-3268db0b0342_15_2.json,2c1d4e585c199e3caf6b4f964ac52c542766b465a646dad507b117f648fb76b5,18435,old 300 R1 + frozen 300 R3 source route artifacts,absolute_personal_path_redaction_only
${PROJECT_MSC_ROOT}/msc_thesis/main_system/isolated_workspaces/hourvideo_direct_api_eval300_v1/outputs/direct_v1_formal/direct_v1_2_3x16_r1_r3_eval300_formal_v1/route_artifacts/R1:6fd90f8d-7a4d-425d-a812-3268db0b0342_16_3.json,a2559f951114011e0fe7b2bd65e2692c4ad42723a79f54eb9876873cd932cbda,31526,artifacts/SUPERSEDED_FOR_THESIS/old_formal_88/route_artifacts/R1:6fd90f8d-7a4d-425d-a812-3268db0b0342_16_3.json,880f119ba03f42d27a398360b87137d0bdf28dc048101c0376cc3c71bac36d94,31174,old 300 R1 + frozen 300 R3 source route artifacts,absolute_personal_path_redaction_only
${PROJECT_MSC_ROOT}/msc_thesis/main_system/isolated_workspaces/hourvideo_direct_api_eval300_v1/outputs/direct_v1_formal/direct_v1_2_3x16_r1_r3_eval300_formal_v1/route_artifacts/R1:6fd90f8d-7a4d-425d-a812-3268db0b0342_16_4.json,ef16b96efe4642fd5c31e5e5a3bbedbcaccd2a4ab329c6e9dda2f1eb61ac27a5,36397,artifacts/SUPERSEDED_FOR_THESIS/old_formal_88/route_artifacts/R1:6fd90f8d-7a4d-425d-a812-3268db0b0342_16_4.json,8dfa30d13265abd7e303a5afc052321206f5fbf16f87c4ec71c404bf85018a24,35957,old 300 R1 + frozen 300 R3 source route artifacts,absolute_personal_path_redaction_only
${PROJECT_MSC_ROOT}/msc_thesis/main_system/isolated_workspaces/hourvideo_direct_api_eval300_v1/outputs/direct_v1_formal/direct_v1_2_3x16_r1_r3_eval300_formal_v1/route_artifacts/R1:6fd90f8d-7a4d-425d-a812-3268db0b0342_16_5.json,67066aeba432dcde5d51e7f2034da7622ff558b0e1572e8547c93dad04423f71,28569,artifacts/SUPERSEDED_FOR_THESIS/old_formal_88/route_artifacts/R1:6fd90f8d-7a4d-425d-a812-3268db0b0342_16_5.json,0418567f8b9b90e50fba67be05afb90aac3b20990e95e26740b16baf3f2c2815,28239,old 300 R1 + frozen 300 R3 source route artifacts,absolute_personal_path_redaction_only
${PROJECT_MSC_ROOT}/msc_thesis/main_system/isolated_workspaces/hourvideo_direct_api_eval300_v1/outputs/direct_v1_formal/direct_v1_2_3x16_r1_r3_eval300_formal_v1/route_artifacts/R1:6fd90f8d-7a4d-425d-a812-3268db0b0342_17_25.json,a51fdb422e000a4f2925d8e0911cee339b382a52927ff7141146ddb805566232,28570,artifacts/SUPERSEDED_FOR_THESIS/old_formal_88/route_artifacts/R1:6fd90f8d-7a4d-425d-a812-3268db0b0342_17_25.json,e6e824a0bac5a0076757d44162d430651c1d6a481e606204255570da60f50bbf,28240,old 300 R1 + frozen 300 R3 source route artifacts,absolute_personal_path_redaction_only
${PROJECT_MSC_ROOT}/msc_thesis/main_system/isolated_workspaces/hourvideo_direct_api_eval300_v1/outputs/direct_v1_formal/direct_v1_2_3x16_r1_r3_eval300_formal_v1/route_artifacts/R1:6fd90f8d-7a4d-425d-a812-3268db0b0342_17_36.json,6e9ca935bc46432f2ca927993d0d26e45f80705d8fba56e3a773173cd67dd250,31839,artifacts/SUPERSEDED_FOR_THESIS/old_formal_88/route_artifacts/R1:6fd90f8d-7a4d-425d-a812-3268db0b0342_17_36.json,bd10fd20f07122c01c4f463ac70b2892c4a2150df2563bcd2c197800c84a3634,31509,old 300 R1 + frozen 300 R3 source route artifacts,absolute_personal_path_redaction_only
${PROJECT_MSC_ROOT}/msc_thesis/main_system/isolated_workspaces/hourvideo_direct_api_eval300_v1/outputs/direct_v1_formal/direct_v1_2_3x16_r1_r3_eval300_formal_v1/route_artifacts/R1:6fd90f8d-7a4d-425d-a812-3268db0b0342_17_5.json,0a2a5cb15ed636d129fb807c2105682cb4b38f23038d2980bb74dee8cdb8110c,33354,artifacts/SUPERSEDED_FOR_THESIS/old_formal_88/route_artifacts/R1:6fd90f8d-7a4d-425d-a812-3268db0b0342_17_5.json,541d43707f63b78e2dcf853841f63dfa16a8759c2ee6be6ce0567e6487659aab,33002,old 300 R1 + frozen 300 R3 source route artifacts,absolute_personal_path_redaction_only
${PROJECT_MSC_ROOT}/msc_thesis/main_system/isolated_workspaces/hourvideo_direct_api_eval300_v1/outputs/direct_v1_formal/direct_v1_2_3x16_r1_r3_eval300_formal_v1/route_artifacts/R1:6fd90f8d-7a4d-425d-a812-3268db0b0342_18_16.json,94c08135906ef08323021899e162073a19b3626729eb26604098b50321b4a007,32860,artifacts/SUPERSEDED_FOR_THESIS/old_formal_88/route_artifacts/R1:6fd90f8d-7a4d-425d-a812-3268db0b0342_18_16.json,df09d030db3264d02699c0424177657b90a2b49fe274fb6942aa2cb5541416da,32508,old 300 R1 + frozen 300 R3 source route artifacts,absolute_personal_path_redaction_only
${PROJECT_MSC_ROOT}/msc_thesis/main_system/isolated_workspaces/hourvideo_direct_api_eval300_v1/outputs/direct_v1_formal/direct_v1_2_3x16_r1_r3_eval300_formal_v1/route_artifacts/R1:6fd90f8d-7a4d-425d-a812-3268db0b0342_18_17.json,d8b413c75ea145079db154e4049fb9b962c70ccf6ae9ab4ee161000547f11081,18969,artifacts/SUPERSEDED_FOR_THESIS/old_formal_88/route_artifacts/R1:6fd90f8d-7a4d-425d-a812-3268db0b0342_18_17.json,19fa8b8ac36a63b0e909a3130c55f04a9fcb41a103f2b5a5e5f9799c35326e9d,18771,old 300 R1 + frozen 300 R3 source route artifacts,absolute_personal_path_redaction_only
${PROJECT_MSC_ROOT}/msc_thesis/main_system/isolated_workspaces/hourvideo_direct_api_eval300_v1/outputs/direct_v1_formal/direct_v1_2_3x16_r1_r3_eval300_formal_v1/route_artifacts/R1:6fd90f8d-7a4d-425d-a812-3268db0b0342_1_1.json,e85eeefe29847c20440b05537867c2df83c88759a555e2484837d415e527f972,31854,artifacts/SUPERSEDED_FOR_THESIS/old_formal_88/route_artifacts/R1:6fd90f8d-7a4d-425d-a812-3268db0b0342_1_1.json,9833eee3d6dc4394bd4526fffbef097458ea2f1ee26c47cf1c612974ffa90728,31502,old 300 R1 + frozen 300 R3 source route artifacts,absolute_personal_path_redaction_only
${PROJECT_MSC_ROOT}/msc_thesis/main_system/isolated_workspaces/hourvideo_direct_api_eval300_v1/outputs/direct_v1_formal/direct_v1_2_3x16_r1_r3_eval300_formal_v1/route_artifacts/R1:6fd90f8d-7a4d-425d-a812-3268db0b0342_21_11.json,0190cd75153c0a72bcc9b3a3cb7f8b534043777a403f2d5b58b5c659d4a89a4c,32833,artifacts/SUPERSEDED_FOR_THESIS/old_formal_88/route_artifacts/R1:6fd90f8d-7a4d-425d-a812-3268db0b0342_21_11.json,3fe66a85dfe091afc8ed8e4052d4055874c0d1d2e3e0776c12a39a5e313e7475,32481,old 300 R1 + frozen 300 R3 source route artifacts,absolute_personal_path_redaction_only
${PROJECT_MSC_ROOT}/msc_thesis/main_system/isolated_workspaces/hourvideo_direct_api_eval300_v1/outputs/direct_v1_formal/direct_v1_2_3x16_r1_r3_eval300_formal_v1/route_artifacts/R1:6fd90f8d-7a4d-425d-a812-3268db0b0342_3_32.json,10012b27b0d47742ab6db5e88f504fb4427bda782fe5d570caa7b5ad3f5b9322,33382,artifacts/SUPERSEDED_FOR_THESIS/old_formal_88/route_artifacts/R1:6fd90f8d-7a4d-425d-a812-3268db0b0342_3_32.json,ce150a7361a8704c91f1cdc674c8f3c1165258c3cd34e13f63d3764a8bcefed9,33030,old 300 R1 + frozen 300 R3 source route artifacts,absolute_personal_path_redaction_only
${PROJECT_MSC_ROOT}/msc_thesis/main_system/isolated_workspaces/hourvideo_direct_api_eval300_v1/outputs/direct_v1_formal/direct_v1_2_3x16_r1_r3_eval300_formal_v1/route_artifacts/R1:6fd90f8d-7a4d-425d-a812-3268db0b0342_4_1.json,b742ffe42b7e99cf9c3d8a44418dbb786a2994d8e77425f62582f75f0c742fdb,28529,artifacts/SUPERSEDED_FOR_THESIS/old_formal_88/route_artifacts/R1:6fd90f8d-7a4d-425d-a812-3268db0b0342_4_1.json,8e3505ffe07e0dc9f8ea307fa5b80fdb95cb5b61a7c1e6386f021917dab3e9c5,28199,old 300 R1 + frozen 300 R3 source route artifacts,absolute_personal_path_redaction_only
${PROJECT_MSC_ROOT}/msc_thesis/main_system/isolated_workspaces/hourvideo_direct_api_eval300_v1/outputs/direct_v1_formal/direct_v1_2_3x16_r1_r3_eval300_formal_v1/route_artifacts/R1:6fd90f8d-7a4d-425d-a812-3268db0b0342_6_8.json,39ee301bcee52e1fff3fc093b704921c5316bd54bd9472b4fc777d1fcd6a88db,18517,artifacts/SUPERSEDED_FOR_THESIS/old_formal_88/route_artifacts/R1:6fd90f8d-7a4d-425d-a812-3268db0b0342_6_8.json,f112aef9c594f722c0a658e63c53389a346077c2c546284f59f9ca5de0c883ee,18319,old 300 R1 + frozen 300 R3 source route artifacts,absolute_personal_path_redaction_only
${PROJECT_MSC_ROOT}/msc_thesis/main_system/isolated_workspaces/hourvideo_direct_api_eval300_v1/outputs/direct_v1_formal/direct_v1_2_3x16_r1_r3_eval300_formal_v1/route_artifacts/R1:6fd90f8d-7a4d-425d-a812-3268db0b0342_7_27.json,53c0bc4957e4c2a2a4bc9cfaf2ef92b3aefc3641a600fb6f7b8f8a630099367f,16231,artifacts/SUPERSEDED_FOR_THESIS/old_formal_88/route_artifacts/R1:6fd90f8d-7a4d-425d-a812-3268db0b0342_7_27.json,5116b8cfa766fb996858f1721b5f0e9e0cddc66ed4d665f56c8b5b10856d78a8,16099,old 300 R1 + frozen 300 R3 source route artifacts,absolute_personal_path_redaction_only
${PROJECT_MSC_ROOT}/msc_thesis/main_system/isolated_workspaces/hourvideo_direct_api_eval300_v1/outputs/direct_v1_formal/direct_v1_2_3x16_r1_r3_eval300_formal_v1/route_artifacts/R1:6fd90f8d-7a4d-425d-a812-3268db0b0342_7_7.json,870997ee321ae5429935540eaa2725bf5835395ad82c38eca3282fabcf8d0fb0,20311,artifacts/SUPERSEDED_FOR_THESIS/old_formal_88/route_artifacts/R1:6fd90f8d-7a4d-425d-a812-3268db0b0342_7_7.json,2510f5c05f1f310d7e9def43a0e74b7a9a622813aa5805f5f08e1d01e9cbf4c7,20113,old 300 R1 + frozen 300 R3 source route artifacts,absolute_personal_path_redaction_only
${PROJECT_MSC_ROOT}/msc_thesis/main_system/isolated_workspaces/hourvideo_direct_api_eval300_v1/outputs/direct_v1_formal/direct_v1_2_3x16_r1_r3_eval300_formal_v1/route_artifacts/R1:6fd90f8d-7a4d-425d-a812-3268db0b0342_8_10.json,d1e638e58a5814bfcf68f9e70fedcc6a2e621ddfe35a0d67e2967313e8b6b64d,19696,artifacts/SUPERSEDED_FOR_THESIS/old_formal_88/route_artifacts/R1:6fd90f8d-7a4d-425d-a812-3268db0b0342_8_10.json,93600360c2fe882543881a20103b05c1d2b88aaabecaa3bf301a8188496a9190,19498,old 300 R1 + frozen 300 R3 source route artifacts,absolute_personal_path_redaction_only
${PROJECT_MSC_ROOT}/msc_thesis/main_system/isolated_workspaces/hourvideo_direct_api_eval300_v1/outputs/direct_v1_formal/direct_v1_2_3x16_r1_r3_eval300_formal_v1/route_artifacts/R1:6fd90f8d-7a4d-425d-a812-3268db0b0342_8_31.json,97c07533932ce31e09a3583f3bd4c6f09a5367dc67977a48aa49084c6cefd74e,20071,artifacts/SUPERSEDED_FOR_THESIS/old_formal_88/route_artifacts/R1:6fd90f8d-7a4d-425d-a812-3268db0b0342_8_31.json,71277c7d673f07aa158e5cb27add6b0bacd5aa5cfc689afa5272fe2b59ef3d65,19873,old 300 R1 + frozen 300 R3 source route artifacts,absolute_personal_path_redaction_only
${PROJECT_MSC_ROOT}/msc_thesis/main_system/isolated_workspaces/hourvideo_direct_api_eval300_v1/outputs/direct_v1_formal/direct_v1_2_3x16_r1_r3_eval300_formal_v1/route_artifacts/R1:6fd90f8d-7a4d-425d-a812-3268db0b0342_8_9.json,944c09d48af1e792fc6b7b883b1389a4012d6ae09d9df080700ac2a3337df719,18497,artifacts/SUPERSEDED_FOR_THESIS/old_formal_88/route_artifacts/R1:6fd90f8d-7a4d-425d-a812-3268db0b0342_8_9.json,178bcda6728ff54e079f6e0df4f2675c0e6689306868f4180f2f9a60cdc357ca,18299,old 300 R1 + frozen 300 R3 source route artifacts,absolute_personal_path_redaction_only
${PROJECT_MSC_ROOT}/msc_thesis/main_system/isolated_workspaces/hourvideo_direct_api_eval300_v1/outputs/direct_v1_formal/direct_v1_2_3x16_r1_r3_eval300_formal_v1/route_artifacts/R1:70f2a750-f403-41b8-aabb-480eb3ab4ed4_11_23.json,5e2e1e5f364b334acb6849a2b9e6bb3d37542024016c2c1b783c9854b6c17d85,16873,artifacts/SUPERSEDED_FOR_THESIS/old_formal_88/route_artifacts/R1:70f2a750-f403-41b8-aabb-480eb3ab4ed4_11_23.json,a784c12ac8ab3876f69fea9459c9c2ba311093fa6c048fefe28e170a3e88ff31,16741,old 300 R1 + frozen 300 R3 source route artifacts,absolute_personal_path_redaction_only
${PROJECT_MSC_ROOT}/msc_thesis/main_system/isolated_workspaces/hourvideo_direct_api_eval300_v1/outputs/direct_v1_formal/direct_v1_2_3x16_r1_r3_eval300_formal_v1/route_artifacts/R1:70f2a750-f403-41b8-aabb-480eb3ab4ed4_11_7.json,219a988a61ffd2c48d138141f606ed3347492b5a3521f00de3fce0f4fa2f8992,16905,artifacts/SUPERSEDED_FOR_THESIS/old_formal_88/route_artifacts/R1:70f2a750-f403-41b8-aabb-480eb3ab4ed4_11_7.json,8bdcc46e3b7c3e5c5dccddffe382d1b333d0112af081636f80d46394b2be1b2f,16773,old 300 R1 + frozen 300 R3 source route artifacts,absolute_personal_path_redaction_only
${PROJECT_MSC_ROOT}/msc_thesis/main_system/isolated_workspaces/hourvideo_direct_api_eval300_v1/outputs/direct_v1_formal/direct_v1_2_3x16_r1_r3_eval300_formal_v1/route_artifacts/R1:70f2a750-f403-41b8-aabb-480eb3ab4ed4_12_17.json,d59e59696959e94d783b36df3e64ccb155491c3aa3de3f6f1a06cfd54ba688a3,19861,artifacts/SUPERSEDED_FOR_THESIS/old_formal_88/route_artifacts/R1:70f2a750-f403-41b8-aabb-480eb3ab4ed4_12_17.json,52b64135ced0134a5e9890ace4fbe0f111f2061f61e2ebaf5aa3c3a7ee4ec74d,19663,old 300 R1 + frozen 300 R3 source route artifacts,absolute_personal_path_redaction_only
${PROJECT_MSC_ROOT}/msc_thesis/main_system/isolated_workspaces/hourvideo_direct_api_eval300_v1/outputs/direct_v1_formal/direct_v1_2_3x16_r1_r3_eval300_formal_v1/route_artifacts/R1:70f2a750-f403-41b8-aabb-480eb3ab4ed4_17_13.json,a5d6a820c56c381578b58721adc55e2cb902dc0114b8cf4f614a534edbe7875f,34569,artifacts/SUPERSEDED_FOR_THESIS/old_formal_88/route_artifacts/R1:70f2a750-f403-41b8-aabb-480eb3ab4ed4_17_13.json,121ee7005bdd4d593773a94543c3db8899c4f9b265035409588bcef5d17e40a7,34217,old 300 R1 + frozen 300 R3 source route artifacts,absolute_personal_path_redaction_only
${PROJECT_MSC_ROOT}/msc_thesis/main_system/isolated_workspaces/hourvideo_direct_api_eval300_v1/outputs/direct_v1_formal/direct_v1_2_3x16_r1_r3_eval300_formal_v1/route_artifacts/R1:70f2a750-f403-41b8-aabb-480eb3ab4ed4_17_14.json,200920da3db2e48f921d34adbe671f1a9d86f64d0eb550f5a6fc7c0b05e3b8a5,18211,artifacts/SUPERSEDED_FOR_THESIS/old_formal_88/route_artifacts/R1:70f2a750-f403-41b8-aabb-480eb3ab4ed4_17_14.json,0c0968789679f28b460c6e371196622144387fcef182e12c30ac770b753fa7d2,18013,old 300 R1 + frozen 300 R3 source route artifacts,absolute_personal_path_redaction_only
${PROJECT_MSC_ROOT}/msc_thesis/main_system/isolated_workspaces/hourvideo_direct_api_eval300_v1/outputs/direct_v1_formal/direct_v1_2_3x16_r1_r3_eval300_formal_v1/route_artifacts/R1:70f2a750-f403-41b8-aabb-480eb3ab4ed4_17_16.json,f712735eb99dbbc65efe3bc94503e907d78aca029be91109d1e223fe7e3711d2,32212,artifacts/SUPERSEDED_FOR_THESIS/old_formal_88/route_artifacts/R1:70f2a750-f403-41b8-aabb-480eb3ab4ed4_17_16.json,8f1593d3fa62af1c371456d6d3a9000a7d5e5ffa0e4a5b444c608dbf87441f6f,31882,old 300 R1 + frozen 300 R3 source route artifacts,absolute_personal_path_redaction_only
${PROJECT_MSC_ROOT}/msc_thesis/main_system/isolated_workspaces/hourvideo_direct_api_eval300_v1/outputs/direct_v1_formal/direct_v1_2_3x16_r1_r3_eval300_formal_v1/route_artifacts/R1:70f2a750-f403-41b8-aabb-480eb3ab4ed4_17_30.json,f09cbc3d606c34764cd0b73ce6d4923f22a782d82f26dc70c4f0b4a04e66bd95,18982,artifacts/SUPERSEDED_FOR_THESIS/old_formal_88/route_artifacts/R1:70f2a750-f403-41b8-aabb-480eb3ab4ed4_17_30.json,726237e6bd23fd445cda804ef5bbe6b36597280ffa646185ee176b79cd808d5d,18784,old 300 R1 + frozen 300 R3 source route artifacts,absolute_personal_path_redaction_only
${PROJECT_MSC_ROOT}/msc_thesis/main_system/isolated_workspaces/hourvideo_direct_api_eval300_v1/outputs/direct_v1_formal/direct_v1_2_3x16_r1_r3_eval300_formal_v1/route_artifacts/R1:70f2a750-f403-41b8-aabb-480eb3ab4ed4_17_31.json,571f797cb8b5e95244b394128fcf6437f0520ac28ec0d35c907c9e73141da7a8,28948,artifacts/SUPERSEDED_FOR_THESIS/old_formal_88/route_artifacts/R1:70f2a750-f403-41b8-aabb-480eb3ab4ed4_17_31.json,6ce1d7408c1285a744e5ddfead29236f1f1d8c3886fa0084895f41565550a888,28618,old 300 R1 + frozen 300 R3 source route artifacts,absolute_personal_path_redaction_only
${PROJECT_MSC_ROOT}/msc_thesis/main_system/isolated_workspaces/hourvideo_direct_api_eval300_v1/outputs/direct_v1_formal/direct_v1_2_3x16_r1_r3_eval300_formal_v1/route_artifacts/R1:70f2a750-f403-41b8-aabb-480eb3ab4ed4_17_8.json,32ff2ed4fd67321ad4dafa1ee0fea513f282266b25030b9ef1d34702ec39019d,33225,artifacts/SUPERSEDED_FOR_THESIS/old_formal_88/route_artifacts/R1:70f2a750-f403-41b8-aabb-480eb3ab4ed4_17_8.json,657e293b498ddee17ef0276c860c14eb1a279c6d9f94488807f4fa6b737633c7,32851,old 300 R1 + frozen 300 R3 source route artifacts,absolute_personal_path_redaction_only
${PROJECT_MSC_ROOT}/msc_thesis/main_system/isolated_workspaces/hourvideo_direct_api_eval300_v1/outputs/direct_v1_formal/direct_v1_2_3x16_r1_r3_eval300_formal_v1/route_artifacts/R1:70f2a750-f403-41b8-aabb-480eb3ab4ed4_17_9.json,34e9666ee0a652a231056594e648570267da4d92d484f7433afb48e7a3e46eef,19839,artifacts/SUPERSEDED_FOR_THESIS/old_formal_88/route_artifacts/R1:70f2a750-f403-41b8-aabb-480eb3ab4ed4_17_9.json,5e9d40ab8b49c2cbc33423c411cd680c2a8facfbe1fbdc029eabca8df8493917,19641,old 300 R1 + frozen 300 R3 source route artifacts,absolute_personal_path_redaction_only
${PROJECT_MSC_ROOT}/msc_thesis/main_system/isolated_workspaces/hourvideo_direct_api_eval300_v1/outputs/direct_v1_formal/direct_v1_2_3x16_r1_r3_eval300_formal_v1/route_artifacts/R1:70f2a750-f403-41b8-aabb-480eb3ab4ed4_21_26.json,f6c5114a846f03aa0c4fb91e2bb687625bb7b2820cab82014892922cb249d8ca,18442,artifacts/SUPERSEDED_FOR_THESIS/old_formal_88/route_artifacts/R1:70f2a750-f403-41b8-aabb-480eb3ab4ed4_21_26.json,1cd0fd6157ba7ee585f7fce8e94e25510f4e5f812acc2925684a00f1eb75ad78,18266,old 300 R1 + frozen 300 R3 source route artifacts,absolute_personal_path_redaction_only
${PROJECT_MSC_ROOT}/msc_thesis/main_system/isolated_workspaces/hourvideo_direct_api_eval300_v1/outputs/direct_v1_formal/direct_v1_2_3x16_r1_r3_eval300_formal_v1/route_artifacts/R1:70f2a750-f403-41b8-aabb-480eb3ab4ed4_22_10.json,e726517803e919126b3f17a97a3b1c93c40ccb99088556711fadac3e05a4b762,19052,artifacts/SUPERSEDED_FOR_THESIS/old_formal_88/route_artifacts/R1:70f2a750-f403-41b8-aabb-480eb3ab4ed4_22_10.json,8d18ac6c75849c93d9c7a83b01b6fa6b829b4964af14eb8857a5c3f15f6b0c9f,18876,old 300 R1 + frozen 300 R3 source route artifacts,absolute_personal_path_redaction_only
${PROJECT_MSC_ROOT}/msc_thesis/main_system/isolated_workspaces/hourvideo_direct_api_eval300_v1/outputs/direct_v1_formal/direct_v1_2_3x16_r1_r3_eval300_formal_v1/route_artifacts/R1:70f2a750-f403-41b8-aabb-480eb3ab4ed4_22_12.json,7c8349cfccef164412ab16abe0a4128e1caab55381144a655b5346fe021c1ea4,34625,artifacts/SUPERSEDED_FOR_THESIS/old_formal_88/route_artifacts/R1:70f2a750-f403-41b8-aabb-480eb3ab4ed4_22_12.json,e9bc322ee6ac099c80e79b105a5cd04ad17c52c6b6da23ab346919934545a9ea,34295,old 300 R1 + frozen 300 R3 source route artifacts,absolute_personal_path_redaction_only
${PROJECT_MSC_ROOT}/msc_thesis/main_system/isolated_workspaces/hourvideo_direct_api_eval300_v1/outputs/direct_v1_formal/direct_v1_2_3x16_r1_r3_eval300_formal_v1/route_artifacts/R1:70f2a750-f403-41b8-aabb-480eb3ab4ed4_4_11.json,d1621e67ad5fb49cd4aec83049d36fb3c1101a06f9daa0d6e80dc97399797cdb,29629,artifacts/SUPERSEDED_FOR_THESIS/old_formal_88/route_artifacts/R1:70f2a750-f403-41b8-aabb-480eb3ab4ed4_4_11.json,53604ab203de0571313539fe143f9793b9b741eb42d8ab9afb82cdf7cd12de0b,29299,old 300 R1 + frozen 300 R3 source route artifacts,absolute_personal_path_redaction_only
${PROJECT_MSC_ROOT}/msc_thesis/main_system/isolated_workspaces/hourvideo_direct_api_eval300_v1/outputs/direct_v1_formal/direct_v1_2_3x16_r1_r3_eval300_formal_v1/route_artifacts/R1:70f2a750-f403-41b8-aabb-480eb3ab4ed4_4_15.json,722de7ad599c6490e04848ae9f26ea98957cfcee8e2852b6a764876efc9add1a,33139,artifacts/SUPERSEDED_FOR_THESIS/old_formal_88/route_artifacts/R1:70f2a750-f403-41b8-aabb-480eb3ab4ed4_4_15.json,810b173219420374cc0b835def70b5c0c7e17ed5437a65e607d4b1f800892d47,32787,old 300 R1 + frozen 300 R3 source route artifacts,absolute_personal_path_redaction_only
${PROJECT_MSC_ROOT}/msc_thesis/main_system/isolated_workspaces/hourvideo_direct_api_eval300_v1/outputs/direct_v1_formal/direct_v1_2_3x16_r1_r3_eval300_formal_v1/route_artifacts/R1:70f2a750-f403-41b8-aabb-480eb3ab4ed4_4_20.json,1fed543050e35321dbafde4498d9a9cbf31b5ca77d18892b562b595193992864,29724,artifacts/SUPERSEDED_FOR_THESIS/old_formal_88/route_artifacts/R1:70f2a750-f403-41b8-aabb-480eb3ab4ed4_4_20.json,9295404df5915c9b320b9119c43b70c6c0f4e7b20600304e2b01ce261f1788c4,29394,old 300 R1 + frozen 300 R3 source route artifacts,absolute_personal_path_redaction_only
${PROJECT_MSC_ROOT}/msc_thesis/main_system/isolated_workspaces/hourvideo_direct_api_eval300_v1/outputs/direct_v1_formal/direct_v1_2_3x16_r1_r3_eval300_formal_v1/route_artifacts/R1:70f2a750-f403-41b8-aabb-480eb3ab4ed4_4_27.json,5da34c0df8ae6a8d095ef3a2c030edaaaafbd64dd43ab20905eb026e5d318805,29431,artifacts/SUPERSEDED_FOR_THESIS/old_formal_88/route_artifacts/R1:70f2a750-f403-41b8-aabb-480eb3ab4ed4_4_27.json,1454944d6366da944aba641d9ad158ac44667740a102013ee8940df46d4318b1,29101,old 300 R1 + frozen 300 R3 source route artifacts,absolute_personal_path_redaction_only
${PROJECT_MSC_ROOT}/msc_thesis/main_system/isolated_workspaces/hourvideo_direct_api_eval300_v1/outputs/direct_v1_formal/direct_v1_2_3x16_r1_r3_eval300_formal_v1/route_artifacts/R1:70f2a750-f403-41b8-aabb-480eb3ab4ed4_4_6.json,ec786ad578ac6d3c49959fd5f4e3423b6d859a882d43a761ddedf22c54372ae1,23443,artifacts/SUPERSEDED_FOR_THESIS/old_formal_88/route_artifacts/R1:70f2a750-f403-41b8-aabb-480eb3ab4ed4_4_6.json,c698ac81696d479ed1316da29f5c0edb5ee1f5811ab5a78d21ec5ab9d87140b4,23179,old 300 R1 + frozen 300 R3 source route artifacts,absolute_personal_path_redaction_only
${PROJECT_MSC_ROOT}/msc_thesis/main_system/isolated_workspaces/hourvideo_direct_api_eval300_v1/outputs/direct_v1_formal/direct_v1_2_3x16_r1_r3_eval300_formal_v1/route_artifacts/R1:70f2a750-f403-41b8-aabb-480eb3ab4ed4_5_19.json,d93ce2581da692b77b0ccb7f6ae7645ceae526666552c7d6081404fc04db0f4c,34482,artifacts/SUPERSEDED_FOR_THESIS/old_formal_88/route_artifacts/R1:70f2a750-f403-41b8-aabb-480eb3ab4ed4_5_19.json,b2b278a6fd5e7fef3b192d7244825231a7e3f3fcc69e0d0798ac0b8cd9955353,34108,old 300 R1 + frozen 300 R3 source route artifacts,absolute_personal_path_redaction_only
${PROJECT_MSC_ROOT}/msc_thesis/main_system/isolated_workspaces/hourvideo_direct_api_eval300_v1/outputs/direct_v1_formal/direct_v1_2_3x16_r1_r3_eval300_formal_v1/route_artifacts/R1:70f2a750-f403-41b8-aabb-480eb3ab4ed4_6_32.json,402f1744aa58de2f3936ab44fd5441bd3400fe5fabd00894fb46dd630da5d336,32520,artifacts/SUPERSEDED_FOR_THESIS/old_formal_88/route_artifacts/R1:70f2a750-f403-41b8-aabb-480eb3ab4ed4_6_32.json,4ffdaab57b4fe2daf9d0aaa374691864561c8c6bfb9e458cb83e4b8c2128046e,32168,old 300 R1 + frozen 300 R3 source route artifacts,absolute_personal_path_redaction_only
${PROJECT_MSC_ROOT}/msc_thesis/main_system/isolated_workspaces/hourvideo_direct_api_eval300_v1/outputs/direct_v1_formal/direct_v1_2_3x16_r1_r3_eval300_formal_v1/route_artifacts/R1:70f2a750-f403-41b8-aabb-480eb3ab4ed4_7_28.json,c8385bfbe34ed28b950d33ae13fe43ff1fac43cc7c18ba9e0bca75384c5b3a9c,38989,artifacts/SUPERSEDED_FOR_THESIS/old_formal_88/route_artifacts/R1:70f2a750-f403-41b8-aabb-480eb3ab4ed4_7_28.json,6c19028089cf28b5f7a71ec8eb8bba6b17beccf436e076dbeab6ad87fa118d98,38659,old 300 R1 + frozen 300 R3 source route artifacts,absolute_personal_path_redaction_only
${PROJECT_MSC_ROOT}/msc_thesis/main_system/isolated_workspaces/hourvideo_direct_api_eval300_v1/outputs/direct_v1_formal/direct_v1_2_3x16_r1_r3_eval300_formal_v1/route_artifacts/R1:70f2a750-f403-41b8-aabb-480eb3ab4ed4_7_29.json,63cda020dc4b15fd527ab8a5d24a76b0016cea9a07f287532fa39782993345e0,31623,artifacts/SUPERSEDED_FOR_THESIS/old_formal_88/route_artifacts/R1:70f2a750-f403-41b8-aabb-480eb3ab4ed4_7_29.json,df18895a210fae2a381666c9f1999e9e6cd639ee73239d1b38d340fb22e33375,31271,old 300 R1 + frozen 300 R3 source route artifacts,absolute_personal_path_redaction_only
${PROJECT_MSC_ROOT}/msc_thesis/main_system/isolated_workspaces/hourvideo_direct_api_eval300_v1/outputs/direct_v1_formal/direct_v1_2_3x16_r1_r3_eval300_formal_v1/route_artifacts/R1:70f2a750-f403-41b8-aabb-480eb3ab4ed4_7_4.json,1370921b8e433fd101b248128165ddbd1f014c204bf2d5febc964262f73cda19,18442,artifacts/SUPERSEDED_FOR_THESIS/old_formal_88/route_artifacts/R1:70f2a750-f403-41b8-aabb-480eb3ab4ed4_7_4.json,7da6e534f1e40e37358c2851bc6a936e49372946cd15d7d2c49329b303c26cce,18244,old 300 R1 + frozen 300 R3 source route artifacts,absolute_personal_path_redaction_only
${PROJECT_MSC_ROOT}/msc_thesis/main_system/isolated_workspaces/hourvideo_direct_api_eval300_v1/outputs/direct_v1_formal/direct_v1_2_3x16_r1_r3_eval300_formal_v1/route_artifacts/R1:70f2a750-f403-41b8-aabb-480eb3ab4ed4_7_5.json,81b4f0eb1d016079b836231c56834fa71b7802dac08ac62e2a24984dee997358,37058,artifacts/SUPERSEDED_FOR_THESIS/old_formal_88/route_artifacts/R1:70f2a750-f403-41b8-aabb-480eb3ab4ed4_7_5.json,be3e211a01f4525b86eefa18b2e5d7c956ec99e2feb65042aaf1e94bc2d2b8db,36728,old 300 R1 + frozen 300 R3 source route artifacts,absolute_personal_path_redaction_only
${PROJECT_MSC_ROOT}/msc_thesis/main_system/isolated_workspaces/hourvideo_direct_api_eval300_v1/outputs/direct_v1_formal/direct_v1_2_3x16_r1_r3_eval300_formal_v1/route_artifacts/R1:70f2a750-f403-41b8-aabb-480eb3ab4ed4_8_2.json,f7aae010b4073277f38bd980782a5b8b9f85da6ac47d76c877b991fffdcbff13,22925,artifacts/SUPERSEDED_FOR_THESIS/old_formal_88/route_artifacts/R1:70f2a750-f403-41b8-aabb-480eb3ab4ed4_8_2.json,8cf435a8e77a1de67f9a00a5a39aaa5d463303a08f5a722f21a005f8138fdebc,22727,old 300 R1 + frozen 300 R3 source route artifacts,absolute_personal_path_redaction_only
${PROJECT_MSC_ROOT}/msc_thesis/main_system/isolated_workspaces/hourvideo_direct_api_eval300_v1/outputs/direct_v1_formal/direct_v1_2_3x16_r1_r3_eval300_formal_v1/route_artifacts/R1:71fbc5bf-7e2a-415d-86bc-3a948742e904_12_18.json,80a1324a7672137b7aab4a008fded90bbaa4e213480ee8515e38a4a35c8aea56,28914,artifacts/SUPERSEDED_FOR_THESIS/old_formal_88/route_artifacts/R1:71fbc5bf-7e2a-415d-86bc-3a948742e904_12_18.json,5722fa52f075df390636a7d6c5d11238900998c0a827792c1ae7f132ee1c8f20,28584,old 300 R1 + frozen 300 R3 source route artifacts,absolute_personal_path_redaction_only
${PROJECT_MSC_ROOT}/msc_thesis/main_system/isolated_workspaces/hourvideo_direct_api_eval300_v1/outputs/direct_v1_formal/direct_v1_2_3x16_r1_r3_eval300_formal_v1/route_artifacts/R1:71fbc5bf-7e2a-415d-86bc-3a948742e904_17_10.json,152dedbac167b19f91da63f46a5cb98dde1b0bef9ce064544ef2b5ff4e8188fc,32511,artifacts/SUPERSEDED_FOR_THESIS/old_formal_88/route_artifacts/R1:71fbc5bf-7e2a-415d-86bc-3a948742e904_17_10.json,faa766a509504e37a1b1d5773caf855b24c1a8a066d7c7d0c874eee3170a0435,32159,old 300 R1 + frozen 300 R3 source route artifacts,absolute_personal_path_redaction_only
${PROJECT_MSC_ROOT}/msc_thesis/main_system/isolated_workspaces/hourvideo_direct_api_eval300_v1/outputs/direct_v1_formal/direct_v1_2_3x16_r1_r3_eval300_formal_v1/route_artifacts/R1:71fbc5bf-7e2a-415d-86bc-3a948742e904_17_13.json,73ea83c97de6f1aaeec68df96695005f4319d2f28ed0e81920c49a78b250910c,33433,artifacts/SUPERSEDED_FOR_THESIS/old_formal_88/route_artifacts/R1:71fbc5bf-7e2a-415d-86bc-3a948742e904_17_13.json,9c051b27db81e8d03704c6b2577377242eaeea236fc6b65fcd4905ec11f5cebf,33081,old 300 R1 + frozen 300 R3 source route artifacts,absolute_personal_path_redaction_only
${PROJECT_MSC_ROOT}/msc_thesis/main_system/isolated_workspaces/hourvideo_direct_api_eval300_v1/outputs/direct_v1_formal/direct_v1_2_3x16_r1_r3_eval300_formal_v1/route_artifacts/R1:71fbc5bf-7e2a-415d-86bc-3a948742e904_17_25.json,604f7b3b58dd16f9e5ce10c7f723e8b3cb5b5fddf14f8935aaaef22f91983bf1,32929,artifacts/SUPERSEDED_FOR_THESIS/old_formal_88/route_artifacts/R1:71fbc5bf-7e2a-415d-86bc-3a948742e904_17_25.json,a42bb786e9e610af0d9fef99f5ea9c2212f10cddbf2d5a47d5b8df3b2347a1b4,32577,old 300 R1 + frozen 300 R3 source route artifacts,absolute_personal_path_redaction_only
${PROJECT_MSC_ROOT}/msc_thesis/main_system/isolated_workspaces/hourvideo_direct_api_eval300_v1/outputs/direct_v1_formal/direct_v1_2_3x16_r1_r3_eval300_formal_v1/route_artifacts/R1:71fbc5bf-7e2a-415d-86bc-3a948742e904_22_23.json,4dacf66f59721585ffa494b12d8f5ae85fcc560a21f08f0c4151cad7b35f81c1,30279,artifacts/SUPERSEDED_FOR_THESIS/old_formal_88/route_artifacts/R1:71fbc5bf-7e2a-415d-86bc-3a948742e904_22_23.json,e1129d9f39130d6217025d5213f37e419ab2f889ca9193064a09d6b6788f09bf,29949,old 300 R1 + frozen 300 R3 source route artifacts,absolute_personal_path_redaction_only
${PROJECT_MSC_ROOT}/msc_thesis/main_system/isolated_workspaces/hourvideo_direct_api_eval300_v1/outputs/direct_v1_formal/direct_v1_2_3x16_r1_r3_eval300_formal_v1/route_artifacts/R1:71fbc5bf-7e2a-415d-86bc-3a948742e904_22_4.json,94370fe7c70002b145df60f9107bf9f2f4d005c01a7e63ef63859b2da6797b3e,33831,artifacts/SUPERSEDED_FOR_THESIS/old_formal_88/route_artifacts/R1:71fbc5bf-7e2a-415d-86bc-3a948742e904_22_4.json,e32c7c1a44676566c49c1000210f898a1a372b2a5edbf8554a868eeaa9f772c3,33479,old 300 R1 + frozen 300 R3 source route artifacts,absolute_personal_path_redaction_only
${PROJECT_MSC_ROOT}/msc_thesis/main_system/isolated_workspaces/hourvideo_direct_api_eval300_v1/outputs/direct_v1_formal/direct_v1_2_3x16_r1_r3_eval300_formal_v1/route_artifacts/R1:71fbc5bf-7e2a-415d-86bc-3a948742e904_22_5.json,61b892c160ccd0f55908c94bf39a81a17217eaa91547fe9569eb4d89939a211e,33587,artifacts/SUPERSEDED_FOR_THESIS/old_formal_88/route_artifacts/R1:71fbc5bf-7e2a-415d-86bc-3a948742e904_22_5.json,1824f3ea044e5971aacc1ec7dd109e3518179d83829f10a3ce50254dfcb4ac62,33235,old 300 R1 + frozen 300 R3 source route artifacts,absolute_personal_path_redaction_only
${PROJECT_MSC_ROOT}/msc_thesis/main_system/isolated_workspaces/hourvideo_direct_api_eval300_v1/outputs/direct_v1_formal/direct_v1_2_3x16_r1_r3_eval300_formal_v1/route_artifacts/R1:71fbc5bf-7e2a-415d-86bc-3a948742e904_3_7.json,a840c65cdbca060d0d7b59979b2a09024eb203b37702eb3951615821c9756392,32670,artifacts/SUPERSEDED_FOR_THESIS/old_formal_88/route_artifacts/R1:71fbc5bf-7e2a-415d-86bc-3a948742e904_3_7.json,ba5e9a5bb35e691db4c3234f8b77b4258d26e7ff28d425a31ba93a232e1f0956,32340,old 300 R1 + frozen 300 R3 source route artifacts,absolute_personal_path_redaction_only
${PROJECT_MSC_ROOT}/msc_thesis/main_system/isolated_workspaces/hourvideo_direct_api_eval300_v1/outputs/direct_v1_formal/direct_v1_2_3x16_r1_r3_eval300_formal_v1/route_artifacts/R1:71fbc5bf-7e2a-415d-86bc-3a948742e904_4_12.json,9eb8089c6b06d09c790d77d59dba2cdac75ea3ad6c6b0f1b6b4292aebe5a5569,19357,artifacts/SUPERSEDED_FOR_THESIS/old_formal_88/route_artifacts/R1:71fbc5bf-7e2a-415d-86bc-3a948742e904_4_12.json,194f25280d0f42b56fd012a586d7aebe9aa075e5b12b0e9d72b02c5767129be1,19159,old 300 R1 + frozen 300 R3 source route artifacts,absolute_personal_path_redaction_only
${PROJECT_MSC_ROOT}/msc_thesis/main_system/isolated_workspaces/hourvideo_direct_api_eval300_v1/outputs/direct_v1_formal/direct_v1_2_3x16_r1_r3_eval300_formal_v1/route_artifacts/R1:71fbc5bf-7e2a-415d-86bc-3a948742e904_4_22.json,96aeaf149e2f523a45db1b977cf28786e3fa3c20c0efcce16ad58753681bf28b,33503,artifacts/SUPERSEDED_FOR_THESIS/old_formal_88/route_artifacts/R1:71fbc5bf-7e2a-415d-86bc-3a948742e904_4_22.json,1b74615ae4a3e6ab48edded9d21bc880836660b91f5ca639cf24ecb96e127539,33151,old 300 R1 + frozen 300 R3 source route artifacts,absolute_personal_path_redaction_only
${PROJECT_MSC_ROOT}/msc_thesis/main_system/isolated_workspaces/hourvideo_direct_api_eval300_v1/outputs/direct_v1_formal/direct_v1_2_3x16_r1_r3_eval300_formal_v1/route_artifacts/R1:71fbc5bf-7e2a-415d-86bc-3a948742e904_4_26.json,3d44b86690b2b58d1b67cb6a7f3f104e663f3809a2cc8caf6bff6be51586c402,32577,artifacts/SUPERSEDED_FOR_THESIS/old_formal_88/route_artifacts/R1:71fbc5bf-7e2a-415d-86bc-3a948742e904_4_26.json,0a325c8cd000402c5afbec975594dc51a7b7caad00e6e7b0e88aa6d73de091f3,32225,old 300 R1 + frozen 300 R3 source route artifacts,absolute_personal_path_redaction_only
${PROJECT_MSC_ROOT}/msc_thesis/main_system/isolated_workspaces/hourvideo_direct_api_eval300_v1/outputs/direct_v1_formal/direct_v1_2_3x16_r1_r3_eval300_formal_v1/route_artifacts/R1:71fbc5bf-7e2a-415d-86bc-3a948742e904_4_6.json,7b5903f906c2f035cadaba513f6fb4d21f2ddb0096c7b0ae5fdecd439120a630,32960,artifacts/SUPERSEDED_FOR_THESIS/old_formal_88/route_artifacts/R1:71fbc5bf-7e2a-415d-86bc-3a948742e904_4_6.json,61079c6a9896a6c88613eac7bd410697671ce2c51cf30b792e71ae83e97032ba,32608,old 300 R1 + frozen 300 R3 source route artifacts,absolute_personal_path_redaction_only
${PROJECT_MSC_ROOT}/msc_thesis/main_system/isolated_workspaces/hourvideo_direct_api_eval300_v1/outputs/direct_v1_formal/direct_v1_2_3x16_r1_r3_eval300_formal_v1/route_artifacts/R1:71fbc5bf-7e2a-415d-86bc-3a948742e904_5_15.json,62813c2317a5fa887e2348d634f5745dc45c34b4f1b7b0f1cf5683b570a1c076,19266,artifacts/SUPERSEDED_FOR_THESIS/old_formal_88/route_artifacts/R1:71fbc5bf-7e2a-415d-86bc-3a948742e904_5_15.json,cffe4ead1264007fb608de5da437d58d9a70fd0244f5aa455cead10f69aa0f18,19068,old 300 R1 + frozen 300 R3 source route artifacts,absolute_personal_path_redaction_only
${PROJECT_MSC_ROOT}/msc_thesis/main_system/isolated_workspaces/hourvideo_direct_api_eval300_v1/outputs/direct_v1_formal/direct_v1_2_3x16_r1_r3_eval300_formal_v1/route_artifacts/R1:71fbc5bf-7e2a-415d-86bc-3a948742e904_5_27.json,848271f849a9ca44674617b10a43434b87699c56b75c55eeb2cab35453b31586,31819,artifacts/SUPERSEDED_FOR_THESIS/old_formal_88/route_artifacts/R1:71fbc5bf-7e2a-415d-86bc-3a948742e904_5_27.json,158f48f2ca2a2d3a857cf2c418db76a25ee8a3a40cd4587118c23f52215df7e1,31467,old 300 R1 + frozen 300 R3 source route artifacts,absolute_personal_path_redaction_only
${PROJECT_MSC_ROOT}/msc_thesis/main_system/isolated_workspaces/hourvideo_direct_api_eval300_v1/outputs/direct_v1_formal/direct_v1_2_3x16_r1_r3_eval300_formal_v1/route_artifacts/R1:71fbc5bf-7e2a-415d-86bc-3a948742e904_6_14.json,99a0bf599a9b5fd2bf6e37fbcd4a17c9525567fdbeae3328ae9be601dfc0d5c7,32581,artifacts/SUPERSEDED_FOR_THESIS/old_formal_88/route_artifacts/R1:71fbc5bf-7e2a-415d-86bc-3a948742e904_6_14.json,e93f744bd933354957f9c5ce41bcf7d6606f434b5e8829054e4851cd0349f501,32229,old 300 R1 + frozen 300 R3 source route artifacts,absolute_personal_path_redaction_only
${PROJECT_MSC_ROOT}/msc_thesis/main_system/isolated_workspaces/hourvideo_direct_api_eval300_v1/outputs/direct_v1_formal/direct_v1_2_3x16_r1_r3_eval300_formal_v1/route_artifacts/R1:71fbc5bf-7e2a-415d-86bc-3a948742e904_7_11.json,ee514612a9065ee3d268a2381cee6fcf4a7daa1c722c46e128c2ce1b3052c47b,30887,artifacts/SUPERSEDED_FOR_THESIS/old_formal_88/route_artifacts/R1:71fbc5bf-7e2a-415d-86bc-3a948742e904_7_11.json,4cde079892a080908bc9daec3e572029b167115bf78cda999bd8940aedd63952,30557,old 300 R1 + frozen 300 R3 source route artifacts,absolute_personal_path_redaction_only
${PROJECT_MSC_ROOT}/msc_thesis/main_system/isolated_workspaces/hourvideo_direct_api_eval300_v1/outputs/direct_v1_formal/direct_v1_2_3x16_r1_r3_eval300_formal_v1/route_artifacts/R1:71fbc5bf-7e2a-415d-86bc-3a948742e904_7_17.json,1d1e207e9888112a11fcd3d8b8cf9357946174e71d98de22f05487c64af6fdfa,32107,artifacts/SUPERSEDED_FOR_THESIS/old_formal_88/route_artifacts/R1:71fbc5bf-7e2a-415d-86bc-3a948742e904_7_17.json,7b93133febb7133c501f829f6645d7b9974fd85924a3fe67a56fdd8eeeefdd36,31755,old 300 R1 + frozen 300 R3 source route artifacts,absolute_personal_path_redaction_only
${PROJECT_MSC_ROOT}/msc_thesis/main_system/isolated_workspaces/hourvideo_direct_api_eval300_v1/outputs/direct_v1_formal/direct_v1_2_3x16_r1_r3_eval300_formal_v1/route_artifacts/R1:71fbc5bf-7e2a-415d-86bc-3a948742e904_7_19.json,25a715f96cb0e2df844d90265659c7e8fb48a7e04526a107ea102f5d98a17eef,33996,artifacts/SUPERSEDED_FOR_THESIS/old_formal_88/route_artifacts/R1:71fbc5bf-7e2a-415d-86bc-3a948742e904_7_19.json,a11bd451b9cf138c96f9ff14e915d398e959b5fcae5ff3561766f47ab8a66f86,33644,old 300 R1 + frozen 300 R3 source route artifacts,absolute_personal_path_redaction_only
${PROJECT_MSC_ROOT}/msc_thesis/main_system/isolated_workspaces/hourvideo_direct_api_eval300_v1/outputs/direct_v1_formal/direct_v1_2_3x16_r1_r3_eval300_formal_v1/route_artifacts/R1:71fbc5bf-7e2a-415d-86bc-3a948742e904_7_2.json,bc2ccdf26c6dc9e9cba671c757bd8cbc219121bff19c8ec35bf187b1e192cf32,32770,artifacts/SUPERSEDED_FOR_THESIS/old_formal_88/route_artifacts/R1:71fbc5bf-7e2a-415d-86bc-3a948742e904_7_2.json,5f2196c3c08a42c695a5a98eef2180eca4595b3e1c99444302227308c250d3cd,32418,old 300 R1 + frozen 300 R3 source route artifacts,absolute_personal_path_redaction_only
${PROJECT_MSC_ROOT}/msc_thesis/main_system/isolated_workspaces/hourvideo_direct_api_eval300_v1/outputs/direct_v1_formal/direct_v1_2_3x16_r1_r3_eval300_formal_v1/route_artifacts/R1:71fbc5bf-7e2a-415d-86bc-3a948742e904_7_24.json,fadd7f5f484f4826bb11c5cf7d8d4609e47f4564b7e2c8b825b433f022d5130d,29692,artifacts/SUPERSEDED_FOR_THESIS/old_formal_88/route_artifacts/R1:71fbc5bf-7e2a-415d-86bc-3a948742e904_7_24.json,5d932e27a753b7d5290afb7d388485c95ea05d20b85423ffa9eb29cfe67f4176,29362,old 300 R1 + frozen 300 R3 source route artifacts,absolute_personal_path_redaction_only
${PROJECT_MSC_ROOT}/msc_thesis/main_system/isolated_workspaces/hourvideo_direct_api_eval300_v1/outputs/direct_v1_formal/direct_v1_2_3x16_r1_r3_eval300_formal_v1/route_artifacts/R1:71fbc5bf-7e2a-415d-86bc-3a948742e904_7_3.json,614543f0f7886174c25021c87bb09a8b6d3fd440cec1b310e005e5c04d7726d6,33493,artifacts/SUPERSEDED_FOR_THESIS/old_formal_88/route_artifacts/R1:71fbc5bf-7e2a-415d-86bc-3a948742e904_7_3.json,6e2040a5cbaf49db9ce7e8e2a19376fbebb6240b23ba94af1f98ebab1de3c7d3,33141,old 300 R1 + frozen 300 R3 source route artifacts,absolute_personal_path_redaction_only
${PROJECT_MSC_ROOT}/msc_thesis/main_system/isolated_workspaces/hourvideo_direct_api_eval300_v1/outputs/direct_v1_formal/direct_v1_2_3x16_r1_r3_eval300_formal_v1/route_artifacts/R1:71fbc5bf-7e2a-415d-86bc-3a948742e904_7_9.json,3bac3cce939f4c45a819c2920fd0f14a239c6beb2b0e4cf0991597c8f9920cf9,32516,artifacts/SUPERSEDED_FOR_THESIS/old_formal_88/route_artifacts/R1:71fbc5bf-7e2a-415d-86bc-3a948742e904_7_9.json,f325bc43dc2e80fe7b6ca12b9d0de88f37b4355fe56f03ef219bc18344b56c20,32164,old 300 R1 + frozen 300 R3 source route artifacts,absolute_personal_path_redaction_only
${PROJECT_MSC_ROOT}/msc_thesis/main_system/isolated_workspaces/hourvideo_direct_api_eval300_v1/outputs/direct_v1_formal/direct_v1_2_3x16_r1_r3_eval300_formal_v1/route_artifacts/R1:71fbc5bf-7e2a-415d-86bc-3a948742e904_8_1.json,24096d4c934652b0f5bdaa28d7e3627c39f5158bd366c44c676e1dc248b9c6e0,18672,artifacts/SUPERSEDED_FOR_THESIS/old_formal_88/route_artifacts/R1:71fbc5bf-7e2a-415d-86bc-3a948742e904_8_1.json,51fae968cd239fbe2e3199948f0feb4d01540011c5f638b5e661c99b94f5ebde,18496,old 300 R1 + frozen 300 R3 source route artifacts,absolute_personal_path_redaction_only
${PROJECT_MSC_ROOT}/msc_thesis/main_system/isolated_workspaces/hourvideo_direct_api_eval300_v1/outputs/direct_v1_formal/direct_v1_2_3x16_r1_r3_eval300_formal_v1/route_artifacts/R1:71fbc5bf-7e2a-415d-86bc-3a948742e904_8_20.json,03eb01c380aed4dca0c6952fcd2b1aea32143340a9ad7f055261546793ad69cc,32802,artifacts/SUPERSEDED_FOR_THESIS/old_formal_88/route_artifacts/R1:71fbc5bf-7e2a-415d-86bc-3a948742e904_8_20.json,f98a238ba0e0162a383d559da3272cb97cf7475843ee9659ac7fe4d8175681fe,32472,old 300 R1 + frozen 300 R3 source route artifacts,absolute_personal_path_redaction_only
${PROJECT_MSC_ROOT}/msc_thesis/main_system/isolated_workspaces/hourvideo_direct_api_eval300_v1/outputs/direct_v1_formal/direct_v1_2_3x16_r1_r3_eval300_formal_v1/route_artifacts/R1:71fbc5bf-7e2a-415d-86bc-3a948742e904_8_8.json,f813f7b2d6fe06ceb0d091da7c51db8c727c6f293c613cc5792ed9e4c03fe558,34635,artifacts/SUPERSEDED_FOR_THESIS/old_formal_88/route_artifacts/R1:71fbc5bf-7e2a-415d-86bc-3a948742e904_8_8.json,210ac08e3aa12e14e0ffe0e863fc9b9d1c970e7001d2f0dc12afe59d8c90e99d,34283,old 300 R1 + frozen 300 R3 source route artifacts,absolute_personal_path_redaction_only
${PROJECT_MSC_ROOT}/msc_thesis/main_system/isolated_workspaces/hourvideo_direct_api_eval300_v1/outputs/direct_v1_formal/direct_v1_2_3x16_r1_r3_eval300_formal_v1/route_artifacts/R1:7ddbf8a2-5b3e-44cd-b9dc-db17ec06831b_11_12.json,53efb70ba1a8c8e55db60f0fe55476edc441e7c0a159014566640da0c693b1f1,32414,artifacts/SUPERSEDED_FOR_THESIS/old_formal_88/route_artifacts/R1:7ddbf8a2-5b3e-44cd-b9dc-db17ec06831b_11_12.json,5679586d65174905df933eb1e2253c911b927de2ef5e439a049fcf4eeff93341,32062,old 300 R1 + frozen 300 R3 source route artifacts,absolute_personal_path_redaction_only
${PROJECT_MSC_ROOT}/msc_thesis/main_system/isolated_workspaces/hourvideo_direct_api_eval300_v1/outputs/direct_v1_formal/direct_v1_2_3x16_r1_r3_eval300_formal_v1/route_artifacts/R1:7ddbf8a2-5b3e-44cd-b9dc-db17ec06831b_11_14.json,59d5d1635cccbd675f4fd4be8d96f5e593421608b013e78a424ecfd81ecfd9c6,29045,artifacts/SUPERSEDED_FOR_THESIS/old_formal_88/route_artifacts/R1:7ddbf8a2-5b3e-44cd-b9dc-db17ec06831b_11_14.json,4bf937183a2ba3c7974f1ac3da6f3c10bbc841b7dc6d26658370c5cce198f8d0,28715,old 300 R1 + frozen 300 R3 source route artifacts,absolute_personal_path_redaction_only
${PROJECT_MSC_ROOT}/msc_thesis/main_system/isolated_workspaces/hourvideo_direct_api_eval300_v1/outputs/direct_v1_formal/direct_v1_2_3x16_r1_r3_eval300_formal_v1/route_artifacts/R1:7ddbf8a2-5b3e-44cd-b9dc-db17ec06831b_11_17.json,8852e24a242989c48eba5fc2ac386bdd51a71be340b9fee442ed2b35e0fe90ec,31754,artifacts/SUPERSEDED_FOR_THESIS/old_formal_88/route_artifacts/R1:7ddbf8a2-5b3e-44cd-b9dc-db17ec06831b_11_17.json,51547d8187d4952066236eb4d4e5695b0c44188fe603ef5b43e7c04e2b662d8c,31402,old 300 R1 + frozen 300 R3 source route artifacts,absolute_personal_path_redaction_only
${PROJECT_MSC_ROOT}/msc_thesis/main_system/isolated_workspaces/hourvideo_direct_api_eval300_v1/outputs/direct_v1_formal/direct_v1_2_3x16_r1_r3_eval300_formal_v1/route_artifacts/R1:7ddbf8a2-5b3e-44cd-b9dc-db17ec06831b_17_15.json,60858d46bcfcb78051b41247e2b0e28ed2fc0ffdec2d0b0afc91f50a33e64d3b,32758,artifacts/SUPERSEDED_FOR_THESIS/old_formal_88/route_artifacts/R1:7ddbf8a2-5b3e-44cd-b9dc-db17ec06831b_17_15.json,b48279a19982c1fd58a63c92e4a2897a0ca66e8003e50b2f8e1b43cd5493f70c,32406,old 300 R1 + frozen 300 R3 source route artifacts,absolute_personal_path_redaction_only
${PROJECT_MSC_ROOT}/msc_thesis/main_system/isolated_workspaces/hourvideo_direct_api_eval300_v1/outputs/direct_v1_formal/direct_v1_2_3x16_r1_r3_eval300_formal_v1/route_artifacts/R1:7ddbf8a2-5b3e-44cd-b9dc-db17ec06831b_17_6.json,ac3d7a7011932f1343af0963b6611fee931f450e3b935b9e497f82bf1a9bda91,31524,artifacts/SUPERSEDED_FOR_THESIS/old_formal_88/route_artifacts/R1:7ddbf8a2-5b3e-44cd-b9dc-db17ec06831b_17_6.json,05486d41074b73e1ae60cfb1c9dc3d1f9bc95175b6f5487735e0f18128427a6d,31172,old 300 R1 + frozen 300 R3 source route artifacts,absolute_personal_path_redaction_only
${PROJECT_MSC_ROOT}/msc_thesis/main_system/isolated_workspaces/hourvideo_direct_api_eval300_v1/outputs/direct_v1_formal/direct_v1_2_3x16_r1_r3_eval300_formal_v1/route_artifacts/R1:7ddbf8a2-5b3e-44cd-b9dc-db17ec06831b_22_23.json,9e434f855041b1666c0ef3cf54a2e7fa2307223124f4dfa765f659ec291e3563,32479,artifacts/SUPERSEDED_FOR_THESIS/old_formal_88/route_artifacts/R1:7ddbf8a2-5b3e-44cd-b9dc-db17ec06831b_22_23.json,2a416062017e29e6d2d5b64aa08361dccb93415660efc2b154e6e6b8a2e2062a,32127,old 300 R1 + frozen 300 R3 source route artifacts,absolute_personal_path_redaction_only
${PROJECT_MSC_ROOT}/msc_thesis/main_system/isolated_workspaces/hourvideo_direct_api_eval300_v1/outputs/direct_v1_formal/direct_v1_2_3x16_r1_r3_eval300_formal_v1/route_artifacts/R1:7ddbf8a2-5b3e-44cd-b9dc-db17ec06831b_22_3.json,7df20d13390f706e2012b36ecb89663d46eea318ab4ada59f9276a17f1c8cf51,19425,artifacts/SUPERSEDED_FOR_THESIS/old_formal_88/route_artifacts/R1:7ddbf8a2-5b3e-44cd-b9dc-db17ec06831b_22_3.json,1f20bc2410501ce3ff1d6cf7704d3ba39e9cd2f416e2ee391ceddf401e053f77,19227,old 300 R1 + frozen 300 R3 source route artifacts,absolute_personal_path_redaction_only
${PROJECT_MSC_ROOT}/msc_thesis/main_system/isolated_workspaces/hourvideo_direct_api_eval300_v1/outputs/direct_v1_formal/direct_v1_2_3x16_r1_r3_eval300_formal_v1/route_artifacts/R1:7ddbf8a2-5b3e-44cd-b9dc-db17ec06831b_4_19.json,e8a9cab0468e3f22665bb2dfaaf245a256f2fac48fdb42f67658204fe5881796,32753,artifacts/SUPERSEDED_FOR_THESIS/old_formal_88/route_artifacts/R1:7ddbf8a2-5b3e-44cd-b9dc-db17ec06831b_4_19.json,5e13cc971b6b3b72632d877326dfd8842a1a0a8670796b6c4662c51bc2da7081,32401,old 300 R1 + frozen 300 R3 source route artifacts,absolute_personal_path_redaction_only
${PROJECT_MSC_ROOT}/msc_thesis/main_system/isolated_workspaces/hourvideo_direct_api_eval300_v1/outputs/direct_v1_formal/direct_v1_2_3x16_r1_r3_eval300_formal_v1/route_artifacts/R1:7ddbf8a2-5b3e-44cd-b9dc-db17ec06831b_4_2.json,76d6ceb2445f3d8fca58bfedd54c5665b1ead7daaef77844bcaa062718b75fac,28354,artifacts/SUPERSEDED_FOR_THESIS/old_formal_88/route_artifacts/R1:7ddbf8a2-5b3e-44cd-b9dc-db17ec06831b_4_2.json,f05cf3fb23d825afe93c6c6f74671c4d97366e1f38b172cac301e6926aa8758e,28024,old 300 R1 + frozen 300 R3 source route artifacts,absolute_personal_path_redaction_only
${PROJECT_MSC_ROOT}/msc_thesis/main_system/isolated_workspaces/hourvideo_direct_api_eval300_v1/outputs/direct_v1_formal/direct_v1_2_3x16_r1_r3_eval300_formal_v1/route_artifacts/R1:7ddbf8a2-5b3e-44cd-b9dc-db17ec06831b_4_24.json,5740e99bc61b984ec8970d3b12bea1f89da7734bbae09c72757e935a23dbc02e,18452,artifacts/SUPERSEDED_FOR_THESIS/old_formal_88/route_artifacts/R1:7ddbf8a2-5b3e-44cd-b9dc-db17ec06831b_4_24.json,d348b809968ecbebc93445d3d1801c33e578db2c3905b5250ed4848334bfe486,18254,old 300 R1 + frozen 300 R3 source route artifacts,absolute_personal_path_redaction_only
${PROJECT_MSC_ROOT}/msc_thesis/main_system/isolated_workspaces/hourvideo_direct_api_eval300_v1/outputs/direct_v1_formal/direct_v1_2_3x16_r1_r3_eval300_formal_v1/route_artifacts/R1:7ddbf8a2-5b3e-44cd-b9dc-db17ec06831b_4_9.json,a135e696b5635b3ccef4318b4eb0ff6f698e59112441d0070782ec151488bbf3,28012,artifacts/SUPERSEDED_FOR_THESIS/old_formal_88/route_artifacts/R1:7ddbf8a2-5b3e-44cd-b9dc-db17ec06831b_4_9.json,f2ca9d4a7bbc2d287068eb582f7ce2375cc0f150b8193fe45653769d10744754,27704,old 300 R1 + frozen 300 R3 source route artifacts,absolute_personal_path_redaction_only
${PROJECT_MSC_ROOT}/msc_thesis/main_system/isolated_workspaces/hourvideo_direct_api_eval300_v1/outputs/direct_v1_formal/direct_v1_2_3x16_r1_r3_eval300_formal_v1/route_artifacts/R1:7ddbf8a2-5b3e-44cd-b9dc-db17ec06831b_5_1.json,84d115e473beaf3ea6b91d25e8aa4677b926dfeaa0b52ae93bd3ec0cf3ac6b65,33044,artifacts/SUPERSEDED_FOR_THESIS/old_formal_88/route_artifacts/R1:7ddbf8a2-5b3e-44cd-b9dc-db17ec06831b_5_1.json,28c6342d19b8e3f974d46bacf2271a1c973635656a42d81a4ce26f280f5a2d57,32670,old 300 R1 + frozen 300 R3 source route artifacts,absolute_personal_path_redaction_only
${PROJECT_MSC_ROOT}/msc_thesis/main_system/isolated_workspaces/hourvideo_direct_api_eval300_v1/outputs/direct_v1_formal/direct_v1_2_3x16_r1_r3_eval300_formal_v1/route_artifacts/R1:7ddbf8a2-5b3e-44cd-b9dc-db17ec06831b_5_22.json,689b93df971c61e3130a3740884c39cede19c591e56729942843aed39245500a,32095,artifacts/SUPERSEDED_FOR_THESIS/old_formal_88/route_artifacts/R1:7ddbf8a2-5b3e-44cd-b9dc-db17ec06831b_5_22.json,ee0cc89aecc43d397b05efee547dd082512a0c30e9cf7cffaced08b27df9dd02,31743,old 300 R1 + frozen 300 R3 source route artifacts,absolute_personal_path_redaction_only
${PROJECT_MSC_ROOT}/msc_thesis/main_system/isolated_workspaces/hourvideo_direct_api_eval300_v1/outputs/direct_v1_formal/direct_v1_2_3x16_r1_r3_eval300_formal_v1/route_artifacts/R1:7ddbf8a2-5b3e-44cd-b9dc-db17ec06831b_6_7.json,930d97ab6aadd725645a56b3a61d1bf60593f6ea91446bbb15ec04e1bf7622cc,32205,artifacts/SUPERSEDED_FOR_THESIS/old_formal_88/route_artifacts/R1:7ddbf8a2-5b3e-44cd-b9dc-db17ec06831b_6_7.json,02afbb4c4f3e524bab720bf587c776b9c9012e6e94cfad5a39105de5f4af5a86,31853,old 300 R1 + frozen 300 R3 source route artifacts,absolute_personal_path_redaction_only
${PROJECT_MSC_ROOT}/msc_thesis/main_system/isolated_workspaces/hourvideo_direct_api_eval300_v1/outputs/direct_v1_formal/direct_v1_2_3x16_r1_r3_eval300_formal_v1/route_artifacts/R1:7ddbf8a2-5b3e-44cd-b9dc-db17ec06831b_6_8.json,afa035b55a7a9aa2e8fe42bfb939395dada71be80d3ecad499216253136414b6,31460,artifacts/SUPERSEDED_FOR_THESIS/old_formal_88/route_artifacts/R1:7ddbf8a2-5b3e-44cd-b9dc-db17ec06831b_6_8.json,b7edc69adf406a3339cf2dd20529793d1f01fae40c6586716cff1dd0455595b0,31108,old 300 R1 + frozen 300 R3 source route artifacts,absolute_personal_path_redaction_only
${PROJECT_MSC_ROOT}/msc_thesis/main_system/isolated_workspaces/hourvideo_direct_api_eval300_v1/outputs/direct_v1_formal/direct_v1_2_3x16_r1_r3_eval300_formal_v1/route_artifacts/R1:7ddbf8a2-5b3e-44cd-b9dc-db17ec06831b_7_11.json,6a9551c0d556ac500a7ddaba9d50f705325e80e7bd87f7cab020c3958283d1cb,28937,artifacts/SUPERSEDED_FOR_THESIS/old_formal_88/route_artifacts/R1:7ddbf8a2-5b3e-44cd-b9dc-db17ec06831b_7_11.json,7631d43e74acbdd1c11edfd2878781dbe517ae3ce83db8459f5227ba0d7472c1,28607,old 300 R1 + frozen 300 R3 source route artifacts,absolute_personal_path_redaction_only
${PROJECT_MSC_ROOT}/msc_thesis/main_system/isolated_workspaces/hourvideo_direct_api_eval300_v1/outputs/direct_v1_formal/direct_v1_2_3x16_r1_r3_eval300_formal_v1/route_artifacts/R1:7ddbf8a2-5b3e-44cd-b9dc-db17ec06831b_7_16.json,935e5c5ef720ecdd35ba27d56cfbeb62416f961cf9b0779715126796e2943a00,32437,artifacts/SUPERSEDED_FOR_THESIS/old_formal_88/route_artifacts/R1:7ddbf8a2-5b3e-44cd-b9dc-db17ec06831b_7_16.json,73e56ea4e780eceea568a600e89ec20eb9f2027fd3281a9685521b4dd32ed941,32085,old 300 R1 + frozen 300 R3 source route artifacts,absolute_personal_path_redaction_only
${PROJECT_MSC_ROOT}/msc_thesis/main_system/isolated_workspaces/hourvideo_direct_api_eval300_v1/outputs/direct_v1_formal/direct_v1_2_3x16_r1_r3_eval300_formal_v1/route_artifacts/R1:7ddbf8a2-5b3e-44cd-b9dc-db17ec06831b_7_21.json,95efb25e89820632ab24f8eb3f3ec8843da47e55cff99932247c5ab3cd99d4f9,29857,artifacts/SUPERSEDED_FOR_THESIS/old_formal_88/route_artifacts/R1:7ddbf8a2-5b3e-44cd-b9dc-db17ec06831b_7_21.json,395e1743153b7ed86ebede99cc0a7b0b502b444e9b347a984d10f2d9e6cb42d4,29527,old 300 R1 + frozen 300 R3 source route artifacts,absolute_personal_path_redaction_only
${PROJECT_MSC_ROOT}/msc_thesis/main_system/isolated_workspaces/hourvideo_direct_api_eval300_v1/outputs/direct_v1_formal/direct_v1_2_3x16_r1_r3_eval300_formal_v1/route_artifacts/R1:7ddbf8a2-5b3e-44cd-b9dc-db17ec06831b_7_4.json,920dcf7356c2a2bbf00c38dd47dcd41365540363e4e543a6d480f76cf2b1884b,29407,artifacts/SUPERSEDED_FOR_THESIS/old_formal_88/route_artifacts/R1:7ddbf8a2-5b3e-44cd-b9dc-db17ec06831b_7_4.json,1284577e6e1c03376372ee7b4d7a5c26bb396775edb1f23ac428357ee3c78f53,29077,old 300 R1 + frozen 300 R3 source route artifacts,absolute_personal_path_redaction_only
${PROJECT_MSC_ROOT}/msc_thesis/main_system/isolated_workspaces/hourvideo_direct_api_eval300_v1/outputs/direct_v1_formal/direct_v1_2_3x16_r1_r3_eval300_formal_v1/route_artifacts/R1:7ddbf8a2-5b3e-44cd-b9dc-db17ec06831b_7_5.json,ff901b0a9ccfe16b7550fc7c59045b428005f14454b1778a595ce2b99285fc65,31863,artifacts/SUPERSEDED_FOR_THESIS/old_formal_88/route_artifacts/R1:7ddbf8a2-5b3e-44cd-b9dc-db17ec06831b_7_5.json,36bd6ca492364efa36301d1055e2b2ab962a8fce576aaf8cf30ed58415ec8285,31511,old 300 R1 + frozen 300 R3 source route artifacts,absolute_personal_path_redaction_only
${PROJECT_MSC_ROOT}/msc_thesis/main_system/isolated_workspaces/hourvideo_direct_api_eval300_v1/outputs/direct_v1_formal/direct_v1_2_3x16_r1_r3_eval300_formal_v1/route_artifacts/R1:7ddbf8a2-5b3e-44cd-b9dc-db17ec06831b_8_10.json,9e121bbc5f9ecb362f86de015d9fa24f35b95271b70ce3d1056007a0f23f3e43,33065,artifacts/SUPERSEDED_FOR_THESIS/old_formal_88/route_artifacts/R1:7ddbf8a2-5b3e-44cd-b9dc-db17ec06831b_8_10.json,d85b39ceb4ca8971c410db858b437707b694a8c16fb8b32b6f1b4a5f098291b3,32713,old 300 R1 + frozen 300 R3 source route artifacts,absolute_personal_path_redaction_only
${PROJECT_MSC_ROOT}/msc_thesis/main_system/isolated_workspaces/hourvideo_direct_api_eval300_v1/outputs/direct_v1_formal/direct_v1_2_3x16_r1_r3_eval300_formal_v1/route_artifacts/R1:7ddbf8a2-5b3e-44cd-b9dc-db17ec06831b_8_13.json,5147c79ecb88654e7a8b6057317f2c821a7e2eae2df4a989cee825eae853746d,18732,artifacts/SUPERSEDED_FOR_THESIS/old_formal_88/route_artifacts/R1:7ddbf8a2-5b3e-44cd-b9dc-db17ec06831b_8_13.json,ae01b0c81a38b2642a313cd7e44f428c9bcf817f18df635623c51cc0eb9e0c45,18534,old 300 R1 + frozen 300 R3 source route artifacts,absolute_personal_path_redaction_only
${PROJECT_MSC_ROOT}/msc_thesis/main_system/isolated_workspaces/hourvideo_direct_api_eval300_v1/outputs/direct_v1_formal/direct_v1_2_3x16_r1_r3_eval300_formal_v1/route_artifacts/R1:7ddbf8a2-5b3e-44cd-b9dc-db17ec06831b_8_18.json,de711242ec9e96aa5bcf13c7f4ae8e91cbf116a5b6e35bf729126944aef0896b,19492,artifacts/SUPERSEDED_FOR_THESIS/old_formal_88/route_artifacts/R1:7ddbf8a2-5b3e-44cd-b9dc-db17ec06831b_8_18.json,c8d6ac1716eaa18c9409ed9b416783de1bd25d47478c22fe530a1050cf3d1c58,19294,old 300 R1 + frozen 300 R3 source route artifacts,absolute_personal_path_redaction_only
${PROJECT_MSC_ROOT}/msc_thesis/main_system/isolated_workspaces/hourvideo_direct_api_eval300_v1/outputs/direct_v1_formal/direct_v1_2_3x16_r1_r3_eval300_formal_v1/route_artifacts/R1:7ddbf8a2-5b3e-44cd-b9dc-db17ec06831b_8_20.json,2075d062658b368ccdd3500df2126aa4b62f481a20a45da4506dd15ecca0a75a,29814,artifacts/SUPERSEDED_FOR_THESIS/old_formal_88/route_artifacts/R1:7ddbf8a2-5b3e-44cd-b9dc-db17ec06831b_8_20.json,8646c18e76b63a1a5194dbf793b27f403855e7b0b6aa365bd922c07dfa1098f3,29484,old 300 R1 + frozen 300 R3 source route artifacts,absolute_personal_path_redaction_only
${PROJECT_MSC_ROOT}/msc_thesis/main_system/isolated_workspaces/hourvideo_direct_api_eval300_v1/outputs/direct_v1_formal/direct_v1_2_3x16_r1_r3_eval300_formal_v1/route_artifacts/R1:7ddbf8a2-5b3e-44cd-b9dc-db17ec06831b_8_25.json,3a15794aa46cb89f61834fb5a08838b0f585b8ed17efd30881d0c3cd19b357b8,19106,artifacts/SUPERSEDED_FOR_THESIS/old_formal_88/route_artifacts/R1:7ddbf8a2-5b3e-44cd-b9dc-db17ec06831b_8_25.json,3e8d8c3d9aff11188f472a323212b3987e46af0c302901442d825ed0f5a1e0a5,18908,old 300 R1 + frozen 300 R3 source route artifacts,absolute_personal_path_redaction_only
${PROJECT_MSC_ROOT}/msc_thesis/main_system/isolated_workspaces/hourvideo_direct_api_eval300_v1/outputs/direct_v1_formal/direct_v1_2_3x16_r1_r3_eval300_formal_v1/route_artifacts/R1:7e512589-aa97-41e8-83d3-af2e83e4fd06_11_14.json,00a79e11265de77aacce6eff1d7395f7a1c25365cd3754cdc72322ddc66b6236,32136,artifacts/SUPERSEDED_FOR_THESIS/old_formal_88/route_artifacts/R1:7e512589-aa97-41e8-83d3-af2e83e4fd06_11_14.json,9280bdf73f3a7173eb896ea65b24766bc6bf910bcfcdb12915257aa583df0c35,31784,old 300 R1 + frozen 300 R3 source route artifacts,absolute_personal_path_redaction_only
${PROJECT_MSC_ROOT}/msc_thesis/main_system/isolated_workspaces/hourvideo_direct_api_eval300_v1/outputs/direct_v1_formal/direct_v1_2_3x16_r1_r3_eval300_formal_v1/route_artifacts/R1:7e512589-aa97-41e8-83d3-af2e83e4fd06_11_18.json,2a70971f76775e822b0e0a6ccadb947510866e9b1673fcf033bbbf30cb7f9e40,31661,artifacts/SUPERSEDED_FOR_THESIS/old_formal_88/route_artifacts/R1:7e512589-aa97-41e8-83d3-af2e83e4fd06_11_18.json,cfe85c8aada9ecb65fa44aa59bbf34710f16abd32e5bce7328d8e03a588b9867,31309,old 300 R1 + frozen 300 R3 source route artifacts,absolute_personal_path_redaction_only
${PROJECT_MSC_ROOT}/msc_thesis/main_system/isolated_workspaces/hourvideo_direct_api_eval300_v1/outputs/direct_v1_formal/direct_v1_2_3x16_r1_r3_eval300_formal_v1/route_artifacts/R1:7e512589-aa97-41e8-83d3-af2e83e4fd06_11_24.json,d1bbbdf5ae6e40d2688a4cb561814e88653ab09d1e80a8d62d1cf22ce3030bf5,32860,artifacts/SUPERSEDED_FOR_THESIS/old_formal_88/route_artifacts/R1:7e512589-aa97-41e8-83d3-af2e83e4fd06_11_24.json,ec92ca5d7d9ce12fa53f61c5da6d3ad7fc2297461b97811fe49d55b3ccab67f0,32508,old 300 R1 + frozen 300 R3 source route artifacts,absolute_personal_path_redaction_only
${PROJECT_MSC_ROOT}/msc_thesis/main_system/isolated_workspaces/hourvideo_direct_api_eval300_v1/outputs/direct_v1_formal/direct_v1_2_3x16_r1_r3_eval300_formal_v1/route_artifacts/R1:7e512589-aa97-41e8-83d3-af2e83e4fd06_17_10.json,fbe312af5685ef60a56de23c59d7de909a737519c8b03abe37c6dd5fc752655a,33685,artifacts/SUPERSEDED_FOR_THESIS/old_formal_88/route_artifacts/R1:7e512589-aa97-41e8-83d3-af2e83e4fd06_17_10.json,f8d4731cdd46105fc2919a5be4d889af15772548f903cac5137d67be20f08bd3,33333,old 300 R1 + frozen 300 R3 source route artifacts,absolute_personal_path_redaction_only
${PROJECT_MSC_ROOT}/msc_thesis/main_system/isolated_workspaces/hourvideo_direct_api_eval300_v1/outputs/direct_v1_formal/direct_v1_2_3x16_r1_r3_eval300_formal_v1/route_artifacts/R1:7e512589-aa97-41e8-83d3-af2e83e4fd06_17_16.json,ef8b5840aa0992082bbe575d9c2f87fa3fc3f80a071489a863f57ab5de51106f,16042,artifacts/SUPERSEDED_FOR_THESIS/old_formal_88/route_artifacts/R1:7e512589-aa97-41e8-83d3-af2e83e4fd06_17_16.json,5599cf902240f02bdcc7b822dabb6316e492873d85d133ae0ae2c932ca1dd805,15932,old 300 R1 + frozen 300 R3 source route artifacts,absolute_personal_path_redaction_only
${PROJECT_MSC_ROOT}/msc_thesis/main_system/isolated_workspaces/hourvideo_direct_api_eval300_v1/outputs/direct_v1_formal/direct_v1_2_3x16_r1_r3_eval300_formal_v1/route_artifacts/R1:7e512589-aa97-41e8-83d3-af2e83e4fd06_17_2.json,a7b81f3f6e02e842b2e759257ec6034c432785b78abc500969c088bdc772ca2f,32188,artifacts/SUPERSEDED_FOR_THESIS/old_formal_88/route_artifacts/R1:7e512589-aa97-41e8-83d3-af2e83e4fd06_17_2.json,7870283fcbd80f35451676f10d69d0143f8f9986ddc2bc4e1bb5964967725f5a,31836,old 300 R1 + frozen 300 R3 source route artifacts,absolute_personal_path_redaction_only
${PROJECT_MSC_ROOT}/msc_thesis/main_system/isolated_workspaces/hourvideo_direct_api_eval300_v1/outputs/direct_v1_formal/direct_v1_2_3x16_r1_r3_eval300_formal_v1/route_artifacts/R1:7e512589-aa97-41e8-83d3-af2e83e4fd06_17_30.json,788a5223ffdd9de4dee4bbd31a3a808998a8db468cd1c4a95c12728da1903e94,19669,artifacts/SUPERSEDED_FOR_THESIS/old_formal_88/route_artifacts/R1:7e512589-aa97-41e8-83d3-af2e83e4fd06_17_30.json,2127ff12c0f1d122f86c5956e0cba182bf55785cbd258e542b2610c9c072fb8a,19471,old 300 R1 + frozen 300 R3 source route artifacts,absolute_personal_path_redaction_only
${PROJECT_MSC_ROOT}/msc_thesis/main_system/isolated_workspaces/hourvideo_direct_api_eval300_v1/outputs/direct_v1_formal/direct_v1_2_3x16_r1_r3_eval300_formal_v1/route_artifacts/R1:7e512589-aa97-41e8-83d3-af2e83e4fd06_17_34.json,437622595e581916619247f8bff95b3029151e2445b54957ca71de3217d6be94,33743,artifacts/SUPERSEDED_FOR_THESIS/old_formal_88/route_artifacts/R1:7e512589-aa97-41e8-83d3-af2e83e4fd06_17_34.json,92264d3b3fe3e12483a72b0c6d9afbbe0ab6ec6473cdee86b29962dfe4ed0abb,33369,old 300 R1 + frozen 300 R3 source route artifacts,absolute_personal_path_redaction_only
${PROJECT_MSC_ROOT}/msc_thesis/main_system/isolated_workspaces/hourvideo_direct_api_eval300_v1/outputs/direct_v1_formal/direct_v1_2_3x16_r1_r3_eval300_formal_v1/route_artifacts/R1:7e512589-aa97-41e8-83d3-af2e83e4fd06_21_19.json,fbe4c670d5428d272b7902f7569cf3b3e4eb01b04e2cd4303e19857f378089d2,29551,artifacts/SUPERSEDED_FOR_THESIS/old_formal_88/route_artifacts/R1:7e512589-aa97-41e8-83d3-af2e83e4fd06_21_19.json,6d6d08dbc722f906f1330fb35e0e5691a3fc410e9353a3cfd903a1962b75a495,29221,old 300 R1 + frozen 300 R3 source route artifacts,absolute_personal_path_redaction_only
${PROJECT_MSC_ROOT}/msc_thesis/main_system/isolated_workspaces/hourvideo_direct_api_eval300_v1/outputs/direct_v1_formal/direct_v1_2_3x16_r1_r3_eval300_formal_v1/route_artifacts/R1:7e512589-aa97-41e8-83d3-af2e83e4fd06_22_11.json,69a78ea3f4c0ad0f3af117d091b676f61ebe935953ccfba247acfd6bdbef5ac3,31758,artifacts/SUPERSEDED_FOR_THESIS/old_formal_88/route_artifacts/R1:7e512589-aa97-41e8-83d3-af2e83e4fd06_22_11.json,e80289fb3a3b9b2880ad1d82db05808b681c01d69033198856e1bb5934644ca0,31406,old 300 R1 + frozen 300 R3 source route artifacts,absolute_personal_path_redaction_only
${PROJECT_MSC_ROOT}/msc_thesis/main_system/isolated_workspaces/hourvideo_direct_api_eval300_v1/outputs/direct_v1_formal/direct_v1_2_3x16_r1_r3_eval300_formal_v1/route_artifacts/R1:7e512589-aa97-41e8-83d3-af2e83e4fd06_22_8.json,3cc77c32448e78a53e39a675d39d7ed41f064b373d2fa58f200302017822e8ec,33048,artifacts/SUPERSEDED_FOR_THESIS/old_formal_88/route_artifacts/R1:7e512589-aa97-41e8-83d3-af2e83e4fd06_22_8.json,07442520c158b4098327a0f3d3d9da5bbe5e3c290405ed38ad8f2a1dd016e942,32696,old 300 R1 + frozen 300 R3 source route artifacts,absolute_personal_path_redaction_only
${PROJECT_MSC_ROOT}/msc_thesis/main_system/isolated_workspaces/hourvideo_direct_api_eval300_v1/outputs/direct_v1_formal/direct_v1_2_3x16_r1_r3_eval300_formal_v1/route_artifacts/R1:7e512589-aa97-41e8-83d3-af2e83e4fd06_23_28.json,dcea14379b5d782a6737822889e6dbb40eae4e5577fb9fe490f440d13c646932,28337,artifacts/SUPERSEDED_FOR_THESIS/old_formal_88/route_artifacts/R1:7e512589-aa97-41e8-83d3-af2e83e4fd06_23_28.json,d99a1614500b54443344496ee924a1d77a761d76e8826dae6e585a291e368dd1,28007,old 300 R1 + frozen 300 R3 source route artifacts,absolute_personal_path_redaction_only
${PROJECT_MSC_ROOT}/msc_thesis/main_system/isolated_workspaces/hourvideo_direct_api_eval300_v1/outputs/direct_v1_formal/direct_v1_2_3x16_r1_r3_eval300_formal_v1/route_artifacts/R1:7e512589-aa97-41e8-83d3-af2e83e4fd06_3_21.json,3e030f8d0b09aa98c9a8e6409f48ab99b2204ba1d6e5499fb57d5662ec68dd16,32895,artifacts/SUPERSEDED_FOR_THESIS/old_formal_88/route_artifacts/R1:7e512589-aa97-41e8-83d3-af2e83e4fd06_3_21.json,80413b99a0ed61ac91b09a5ecaa9a0e7f35227a23123efa46cb8fd1e0bef078a,32543,old 300 R1 + frozen 300 R3 source route artifacts,absolute_personal_path_redaction_only
${PROJECT_MSC_ROOT}/msc_thesis/main_system/isolated_workspaces/hourvideo_direct_api_eval300_v1/outputs/direct_v1_formal/direct_v1_2_3x16_r1_r3_eval300_formal_v1/route_artifacts/R1:7e512589-aa97-41e8-83d3-af2e83e4fd06_3_26.json,2bea3b452d67f99b10450ba019351e01457ffddfa058ba9f5100b725138b614d,32223,artifacts/SUPERSEDED_FOR_THESIS/old_formal_88/route_artifacts/R1:7e512589-aa97-41e8-83d3-af2e83e4fd06_3_26.json,65a494267909d43a5bb0d35d93bd31795cd17bc751f35a0695d15eb61802e1d5,31871,old 300 R1 + frozen 300 R3 source route artifacts,absolute_personal_path_redaction_only
${PROJECT_MSC_ROOT}/msc_thesis/main_system/isolated_workspaces/hourvideo_direct_api_eval300_v1/outputs/direct_v1_formal/direct_v1_2_3x16_r1_r3_eval300_formal_v1/route_artifacts/R1:7e512589-aa97-41e8-83d3-af2e83e4fd06_4_3.json,da9eb1590d145de08f561deb32f532b5fc94d677c79a1a02d7ee6e8f51cdb7a4,33133,artifacts/SUPERSEDED_FOR_THESIS/old_formal_88/route_artifacts/R1:7e512589-aa97-41e8-83d3-af2e83e4fd06_4_3.json,1633f99d40429a49d5c21a2e686d78f26119e5955033bec6f550f65ce16f59de,32781,old 300 R1 + frozen 300 R3 source route artifacts,absolute_personal_path_redaction_only
${PROJECT_MSC_ROOT}/msc_thesis/main_system/isolated_workspaces/hourvideo_direct_api_eval300_v1/outputs/direct_v1_formal/direct_v1_2_3x16_r1_r3_eval300_formal_v1/route_artifacts/R1:7e512589-aa97-41e8-83d3-af2e83e4fd06_4_5.json,0de9230231fe16275fcb83a3293fafbca4919f107650fd3163465cb208f62516,32747,artifacts/SUPERSEDED_FOR_THESIS/old_formal_88/route_artifacts/R1:7e512589-aa97-41e8-83d3-af2e83e4fd06_4_5.json,c399e5669c664e20b1aa2b16e424dd92611b03e376696db201cfd92d9b1fb845,32395,old 300 R1 + frozen 300 R3 source route artifacts,absolute_personal_path_redaction_only
${PROJECT_MSC_ROOT}/msc_thesis/main_system/isolated_workspaces/hourvideo_direct_api_eval300_v1/outputs/direct_v1_formal/direct_v1_2_3x16_r1_r3_eval300_formal_v1/route_artifacts/R1:7e512589-aa97-41e8-83d3-af2e83e4fd06_5_33.json,d9b9bff5611a0d6fa441058ded8372339b23f7c87d3e438c3c5a53bea62743a0,33093,artifacts/SUPERSEDED_FOR_THESIS/old_formal_88/route_artifacts/R1:7e512589-aa97-41e8-83d3-af2e83e4fd06_5_33.json,4ef32d0350d8df35a3ee28e8865e806ef5cf1fbffec6079fb6f62593c805be3f,32741,old 300 R1 + frozen 300 R3 source route artifacts,absolute_personal_path_redaction_only
${PROJECT_MSC_ROOT}/msc_thesis/main_system/isolated_workspaces/hourvideo_direct_api_eval300_v1/outputs/direct_v1_formal/direct_v1_2_3x16_r1_r3_eval300_formal_v1/route_artifacts/R1:7e512589-aa97-41e8-83d3-af2e83e4fd06_6_15.json,84e593f8b23036891c1ade9ade5542139b8bfaa88ef153a10981b39908ca3c7d,31911,artifacts/SUPERSEDED_FOR_THESIS/old_formal_88/route_artifacts/R1:7e512589-aa97-41e8-83d3-af2e83e4fd06_6_15.json,950fa7c65e5acbea72e48946f23587c7ce8167f7c16307d4d3f9132fdb648378,31559,old 300 R1 + frozen 300 R3 source route artifacts,absolute_personal_path_redaction_only
${PROJECT_MSC_ROOT}/msc_thesis/main_system/isolated_workspaces/hourvideo_direct_api_eval300_v1/outputs/direct_v1_formal/direct_v1_2_3x16_r1_r3_eval300_formal_v1/route_artifacts/R1:7e512589-aa97-41e8-83d3-af2e83e4fd06_6_27.json,d9d92c342b2ad0b28476671494735f5960dad4603fb12b8ad6fd366c23e49047,33437,artifacts/SUPERSEDED_FOR_THESIS/old_formal_88/route_artifacts/R1:7e512589-aa97-41e8-83d3-af2e83e4fd06_6_27.json,4defbde0c7b2f570097289c5e6e589c15e0c4916872856d79381fc0f08e0a14a,33085,old 300 R1 + frozen 300 R3 source route artifacts,absolute_personal_path_redaction_only
${PROJECT_MSC_ROOT}/msc_thesis/main_system/isolated_workspaces/hourvideo_direct_api_eval300_v1/outputs/direct_v1_formal/direct_v1_2_3x16_r1_r3_eval300_formal_v1/route_artifacts/R1:7e512589-aa97-41e8-83d3-af2e83e4fd06_6_7.json,3e5e69bbb468e7c8535689b803d2fb0f48b646f2d0ad6712bbc7b7e45cbbcecd,31844,artifacts/SUPERSEDED_FOR_THESIS/old_formal_88/route_artifacts/R1:7e512589-aa97-41e8-83d3-af2e83e4fd06_6_7.json,ff5c450af71529c3801232aa7a0b32607aa49aec1d325382894c9cd671973070,31492,old 300 R1 + frozen 300 R3 source route artifacts,absolute_personal_path_redaction_only
${PROJECT_MSC_ROOT}/msc_thesis/main_system/isolated_workspaces/hourvideo_direct_api_eval300_v1/outputs/direct_v1_formal/direct_v1_2_3x16_r1_r3_eval300_formal_v1/route_artifacts/R1:7e512589-aa97-41e8-83d3-af2e83e4fd06_7_20.json,b532304b95ec6a975709d162e5879a93514a29c46c44888546566b5edf12afa0,31562,artifacts/SUPERSEDED_FOR_THESIS/old_formal_88/route_artifacts/R1:7e512589-aa97-41e8-83d3-af2e83e4fd06_7_20.json,f7193902ac42d14025f5a28ef049e4e5c4cca888a76a1352912835e7601b43ee,31210,old 300 R1 + frozen 300 R3 source route artifacts,absolute_personal_path_redaction_only
${PROJECT_MSC_ROOT}/msc_thesis/main_system/isolated_workspaces/hourvideo_direct_api_eval300_v1/outputs/direct_v1_formal/direct_v1_2_3x16_r1_r3_eval300_formal_v1/route_artifacts/R1:7e512589-aa97-41e8-83d3-af2e83e4fd06_7_22.json,b54da7d4fba19dfdb076f9f6438d336a8040a167be17bb5f1c0bc02a1eae9a91,31681,artifacts/SUPERSEDED_FOR_THESIS/old_formal_88/route_artifacts/R1:7e512589-aa97-41e8-83d3-af2e83e4fd06_7_22.json,1cdba11d165379988548ebd03135c933446cc9f22759cd0061452e41c60679f6,31329,old 300 R1 + frozen 300 R3 source route artifacts,absolute_personal_path_redaction_only
${PROJECT_MSC_ROOT}/msc_thesis/main_system/isolated_workspaces/hourvideo_direct_api_eval300_v1/outputs/direct_v1_formal/direct_v1_2_3x16_r1_r3_eval300_formal_v1/route_artifacts/R1:7e512589-aa97-41e8-83d3-af2e83e4fd06_7_23.json,b9945320e333a7bf6755711e2f7791e6fdb928645d4c30758a5bca6d41edf6c5,32378,artifacts/SUPERSEDED_FOR_THESIS/old_formal_88/route_artifacts/R1:7e512589-aa97-41e8-83d3-af2e83e4fd06_7_23.json,f67a288efbb9a33e7299becb497ce1dc6ae898ba7dd1a3966d9c4809f2eac068,32026,old 300 R1 + frozen 300 R3 source route artifacts,absolute_personal_path_redaction_only
${PROJECT_MSC_ROOT}/msc_thesis/main_system/isolated_workspaces/hourvideo_direct_api_eval300_v1/outputs/direct_v1_formal/direct_v1_2_3x16_r1_r3_eval300_formal_v1/route_artifacts/R1:7e512589-aa97-41e8-83d3-af2e83e4fd06_7_4.json,68460cc43e033a15a255608b47c191bfc569bfa32477a9ee82f4cc92db121dde,29471,artifacts/SUPERSEDED_FOR_THESIS/old_formal_88/route_artifacts/R1:7e512589-aa97-41e8-83d3-af2e83e4fd06_7_4.json,9e9a02ca6c4566b77cc73153f202c215c914cecce24781da58c67faf44ecfed9,29141,old 300 R1 + frozen 300 R3 source route artifacts,absolute_personal_path_redaction_only
${PROJECT_MSC_ROOT}/msc_thesis/main_system/isolated_workspaces/hourvideo_direct_api_eval300_v1/outputs/direct_v1_formal/direct_v1_2_3x16_r1_r3_eval300_formal_v1/route_artifacts/R1:7e512589-aa97-41e8-83d3-af2e83e4fd06_8_12.json,626fa429fd2b4dbde3f0d575d293c34369f00fd7c9317e6c9521ff1987221db7,32915,artifacts/SUPERSEDED_FOR_THESIS/old_formal_88/route_artifacts/R1:7e512589-aa97-41e8-83d3-af2e83e4fd06_8_12.json,7b21550f48f3920ed0011cb67e5f262b6417cb2d554c9c90c3e9ce5f2f121ec8,32563,old 300 R1 + frozen 300 R3 source route artifacts,absolute_personal_path_redaction_only
${PROJECT_MSC_ROOT}/msc_thesis/main_system/isolated_workspaces/hourvideo_direct_api_eval300_v1/outputs/direct_v1_formal/direct_v1_2_3x16_r1_r3_eval300_formal_v1/route_artifacts/R1:819c8af7-851f-434f-ab32-318285bc54b1_11_14.json,8658e6c724f97f16d1c433545e7f3b4b5753d0ce1b5140267f1d9c49d590495c,32853,artifacts/SUPERSEDED_FOR_THESIS/old_formal_88/route_artifacts/R1:819c8af7-851f-434f-ab32-318285bc54b1_11_14.json,fcc16eed8d7ee3fd06caccbbc349d41f0ae90f3c1717b88edb49c26d48ec1b0b,32501,old 300 R1 + frozen 300 R3 source route artifacts,absolute_personal_path_redaction_only
${PROJECT_MSC_ROOT}/msc_thesis/main_system/isolated_workspaces/hourvideo_direct_api_eval300_v1/outputs/direct_v1_formal/direct_v1_2_3x16_r1_r3_eval300_formal_v1/route_artifacts/R1:819c8af7-851f-434f-ab32-318285bc54b1_11_24.json,8fa33b17166d675c0d70f5a1f5336049d6995ec2ef9af96dcbf169225502a47d,18637,artifacts/SUPERSEDED_FOR_THESIS/old_formal_88/route_artifacts/R1:819c8af7-851f-434f-ab32-318285bc54b1_11_24.json,a15843ef629ab0f09f7a9a16cd01e99f14c7f60d2967e28b0d5ec110f109cf76,18439,old 300 R1 + frozen 300 R3 source route artifacts,absolute_personal_path_redaction_only
${PROJECT_MSC_ROOT}/msc_thesis/main_system/isolated_workspaces/hourvideo_direct_api_eval300_v1/outputs/direct_v1_formal/direct_v1_2_3x16_r1_r3_eval300_formal_v1/route_artifacts/R1:819c8af7-851f-434f-ab32-318285bc54b1_11_3.json,baccc95148edbc1344022201359b1ac9f9e2b21618dc2b551bfe9b2209cfbfee,19323,artifacts/SUPERSEDED_FOR_THESIS/old_formal_88/route_artifacts/R1:819c8af7-851f-434f-ab32-318285bc54b1_11_3.json,46b0b44fbcae3f909e8720ba4f172f0bcbb37d59af359dd13857d2c852079051,19125,old 300 R1 + frozen 300 R3 source route artifacts,absolute_personal_path_redaction_only
${PROJECT_MSC_ROOT}/msc_thesis/main_system/isolated_workspaces/hourvideo_direct_api_eval300_v1/outputs/direct_v1_formal/direct_v1_2_3x16_r1_r3_eval300_formal_v1/route_artifacts/R1:819c8af7-851f-434f-ab32-318285bc54b1_12_7.json,b03509fd0bfe24d44758ea3b21110333f217f8c5894e4efe0362c595196c8499,19588,artifacts/SUPERSEDED_FOR_THESIS/old_formal_88/route_artifacts/R1:819c8af7-851f-434f-ab32-318285bc54b1_12_7.json,fa8c18347dbe908848ade00a3d911d73c052f5d3c7d6ff384bf072b92e3d104b,19390,old 300 R1 + frozen 300 R3 source route artifacts,absolute_personal_path_redaction_only
${PROJECT_MSC_ROOT}/msc_thesis/main_system/isolated_workspaces/hourvideo_direct_api_eval300_v1/outputs/direct_v1_formal/direct_v1_2_3x16_r1_r3_eval300_formal_v1/route_artifacts/R1:819c8af7-851f-434f-ab32-318285bc54b1_17_20.json,601d337c70ef8382c1ef6b5d7bbda65f4d64c8f626a6388ddbb7883aca6ef74d,24000,artifacts/SUPERSEDED_FOR_THESIS/old_formal_88/route_artifacts/R1:819c8af7-851f-434f-ab32-318285bc54b1_17_20.json,2b3a234b8b110935737a4f8f7ccc11037b399e3b6bfe0eb065bb7839d977cfe3,23736,old 300 R1 + frozen 300 R3 source route artifacts,absolute_personal_path_redaction_only
${PROJECT_MSC_ROOT}/msc_thesis/main_system/isolated_workspaces/hourvideo_direct_api_eval300_v1/outputs/direct_v1_formal/direct_v1_2_3x16_r1_r3_eval300_formal_v1/route_artifacts/R1:819c8af7-851f-434f-ab32-318285bc54b1_17_22.json,803d09ed6b66c3815aa25a4a9752bf7ef81d55b9508ac9922302f110546c7b83,31846,artifacts/SUPERSEDED_FOR_THESIS/old_formal_88/route_artifacts/R1:819c8af7-851f-434f-ab32-318285bc54b1_17_22.json,b0323175f84ee2f27208cee12a87e8c3a957d3b382ea267610c1637c9e1710ba,31494,old 300 R1 + frozen 300 R3 source route artifacts,absolute_personal_path_redaction_only
${PROJECT_MSC_ROOT}/msc_thesis/main_system/isolated_workspaces/hourvideo_direct_api_eval300_v1/outputs/direct_v1_formal/direct_v1_2_3x16_r1_r3_eval300_formal_v1/route_artifacts/R1:819c8af7-851f-434f-ab32-318285bc54b1_17_26.json,02b54ad75b9c1597d25ca3f82d33535288b62c5dedc9b0673572f4720cc9dad6,19331,artifacts/SUPERSEDED_FOR_THESIS/old_formal_88/route_artifacts/R1:819c8af7-851f-434f-ab32-318285bc54b1_17_26.json,58bb99b5630d677184a0484dcf2a2fe2dee252c4b760a2a43cbdaa0558e6d01e,19133,old 300 R1 + frozen 300 R3 source route artifacts,absolute_personal_path_redaction_only
${PROJECT_MSC_ROOT}/msc_thesis/main_system/isolated_workspaces/hourvideo_direct_api_eval300_v1/outputs/direct_v1_formal/direct_v1_2_3x16_r1_r3_eval300_formal_v1/route_artifacts/R1:819c8af7-851f-434f-ab32-318285bc54b1_17_29.json,14f311a791d57874d1e762ed9bdc05bd12b56ba56fc4957653e15ccf9a11ceb1,18906,artifacts/SUPERSEDED_FOR_THESIS/old_formal_88/route_artifacts/R1:819c8af7-851f-434f-ab32-318285bc54b1_17_29.json,7f4b20730a32d5591522df7254c16d256c4adc762ef1f3222e5836695e54d7cb,18730,old 300 R1 + frozen 300 R3 source route artifacts,absolute_personal_path_redaction_only
${PROJECT_MSC_ROOT}/msc_thesis/main_system/isolated_workspaces/hourvideo_direct_api_eval300_v1/outputs/direct_v1_formal/direct_v1_2_3x16_r1_r3_eval300_formal_v1/route_artifacts/R1:819c8af7-851f-434f-ab32-318285bc54b1_18_6.json,6b461f861675b0875ac11d6e281b44927dc5133d64a5ae6fe9ffcb5086fa2275,33840,artifacts/SUPERSEDED_FOR_THESIS/old_formal_88/route_artifacts/R1:819c8af7-851f-434f-ab32-318285bc54b1_18_6.json,5939276cd6e6747790be5975863d20848af10541e199521cd0f59039d2ab8780,33488,old 300 R1 + frozen 300 R3 source route artifacts,absolute_personal_path_redaction_only
${PROJECT_MSC_ROOT}/msc_thesis/main_system/isolated_workspaces/hourvideo_direct_api_eval300_v1/outputs/direct_v1_formal/direct_v1_2_3x16_r1_r3_eval300_formal_v1/route_artifacts/R1:819c8af7-851f-434f-ab32-318285bc54b1_23_5.json,8dca0c84acc7c20e04858a298b830d2ab1f942bb84e8c597b1f16e431972d0c9,19423,artifacts/SUPERSEDED_FOR_THESIS/old_formal_88/route_artifacts/R1:819c8af7-851f-434f-ab32-318285bc54b1_23_5.json,dbe5367da3fdc4442205104e3e8d616f48646390d52bdb4a5347b4bc10be9c68,19225,old 300 R1 + frozen 300 R3 source route artifacts,absolute_personal_path_redaction_only
${PROJECT_MSC_ROOT}/msc_thesis/main_system/isolated_workspaces/hourvideo_direct_api_eval300_v1/outputs/direct_v1_formal/direct_v1_2_3x16_r1_r3_eval300_formal_v1/route_artifacts/R1:819c8af7-851f-434f-ab32-318285bc54b1_3_12.json,6a93c687946b9ff3c96780285ae5163c6d6eefbc746e2e3d9808c85ddd718c3d,33353,artifacts/SUPERSEDED_FOR_THESIS/old_formal_88/route_artifacts/R1:819c8af7-851f-434f-ab32-318285bc54b1_3_12.json,f11af2c07011cc6fac9061716b94644815ce70ab8de29077d64184235805590c,33089,old 300 R1 + frozen 300 R3 source route artifacts,absolute_personal_path_redaction_only
${PROJECT_MSC_ROOT}/msc_thesis/main_system/isolated_workspaces/hourvideo_direct_api_eval300_v1/outputs/direct_v1_formal/direct_v1_2_3x16_r1_r3_eval300_formal_v1/route_artifacts/R1:819c8af7-851f-434f-ab32-318285bc54b1_3_13.json,4d4f991893b691aa7ff30e815c66f4c2abf4d02d56f3005499d35cb5d8f75bf7,37046,artifacts/SUPERSEDED_FOR_THESIS/old_formal_88/route_artifacts/R1:819c8af7-851f-434f-ab32-318285bc54b1_3_13.json,29d36bcf8607a63545dc716dc4b84de47b4daebd9b7ed72a54a08ddabc9ef368,36650,old 300 R1 + frozen 300 R3 source route artifacts,absolute_personal_path_redaction_only
${PROJECT_MSC_ROOT}/msc_thesis/main_system/isolated_workspaces/hourvideo_direct_api_eval300_v1/outputs/direct_v1_formal/direct_v1_2_3x16_r1_r3_eval300_formal_v1/route_artifacts/R1:819c8af7-851f-434f-ab32-318285bc54b1_4_10.json,fef95c1478d33d0e3f2772315c63b41259f8d11b9c8647779cb3af15e42ce8ad,19202,artifacts/SUPERSEDED_FOR_THESIS/old_formal_88/route_artifacts/R1:819c8af7-851f-434f-ab32-318285bc54b1_4_10.json,d9d8e8a1dcd5b4f5453ab6921beacfc3f27e830c26050063b89a61ce30bff7a2,19004,old 300 R1 + frozen 300 R3 source route artifacts,absolute_personal_path_redaction_only
${PROJECT_MSC_ROOT}/msc_thesis/main_system/isolated_workspaces/hourvideo_direct_api_eval300_v1/outputs/direct_v1_formal/direct_v1_2_3x16_r1_r3_eval300_formal_v1/route_artifacts/R1:819c8af7-851f-434f-ab32-318285bc54b1_4_19.json,575233b23ee9111e80a9823debc34748dfe8907960f42f5b63acaf2600657124,33177,artifacts/SUPERSEDED_FOR_THESIS/old_formal_88/route_artifacts/R1:819c8af7-851f-434f-ab32-318285bc54b1_4_19.json,00e5f4bbb466ac3f87851d9dbcc0d45ce21cc7f9d303a067f7a250d0c4331e82,32825,old 300 R1 + frozen 300 R3 source route artifacts,absolute_personal_path_redaction_only
${PROJECT_MSC_ROOT}/msc_thesis/main_system/isolated_workspaces/hourvideo_direct_api_eval300_v1/outputs/direct_v1_formal/direct_v1_2_3x16_r1_r3_eval300_formal_v1/route_artifacts/R1:819c8af7-851f-434f-ab32-318285bc54b1_4_2.json,c671b5e3a4476eb4111df0a806105175b197ae22e8f5b3d20c57728c65a55958,29472,artifacts/SUPERSEDED_FOR_THESIS/old_formal_88/route_artifacts/R1:819c8af7-851f-434f-ab32-318285bc54b1_4_2.json,9c68080224eddb2ebd8be54a3c73553b461834cbea6729a337a79ca383337ff4,29142,old 300 R1 + frozen 300 R3 source route artifacts,absolute_personal_path_redaction_only
${PROJECT_MSC_ROOT}/msc_thesis/main_system/isolated_workspaces/hourvideo_direct_api_eval300_v1/outputs/direct_v1_formal/direct_v1_2_3x16_r1_r3_eval300_formal_v1/route_artifacts/R1:819c8af7-851f-434f-ab32-318285bc54b1_4_23.json,5de892ce42ce6a6db4dbb1ba567ec279d9d9c56e4fd413ba04839f484c63ddfe,29455,artifacts/SUPERSEDED_FOR_THESIS/old_formal_88/route_artifacts/R1:819c8af7-851f-434f-ab32-318285bc54b1_4_23.json,9c7e9d00bf51ba5cd292265e1be8c4c8b1f6ede2479e8819e0e0265826444648,29125,old 300 R1 + frozen 300 R3 source route artifacts,absolute_personal_path_redaction_only
${PROJECT_MSC_ROOT}/msc_thesis/main_system/isolated_workspaces/hourvideo_direct_api_eval300_v1/outputs/direct_v1_formal/direct_v1_2_3x16_r1_r3_eval300_formal_v1/route_artifacts/R1:819c8af7-851f-434f-ab32-318285bc54b1_4_30.json,e17bb7f5533c60b761ae8ab801e94793d02b516e80b27064a2ef42e33cc4be85,29024,artifacts/SUPERSEDED_FOR_THESIS/old_formal_88/route_artifacts/R1:819c8af7-851f-434f-ab32-318285bc54b1_4_30.json,9f69493083d66c9d85497a351ffc60803780647d2c9d471b89cfa914b89edfc6,28694,old 300 R1 + frozen 300 R3 source route artifacts,absolute_personal_path_redaction_only
${PROJECT_MSC_ROOT}/msc_thesis/main_system/isolated_workspaces/hourvideo_direct_api_eval300_v1/outputs/direct_v1_formal/direct_v1_2_3x16_r1_r3_eval300_formal_v1/route_artifacts/R1:819c8af7-851f-434f-ab32-318285bc54b1_4_4.json,5a4ecc6a8d14585a9c9d94f0f557cb9534ceb5ca9f5fdd9ce80c6774a574979a,28960,artifacts/SUPERSEDED_FOR_THESIS/old_formal_88/route_artifacts/R1:819c8af7-851f-434f-ab32-318285bc54b1_4_4.json,4f453f7eb15dcd7ee1c71b555bd1f750d4a23812999a8acc9a4b10a1adf1ecf6,28630,old 300 R1 + frozen 300 R3 source route artifacts,absolute_personal_path_redaction_only
${PROJECT_MSC_ROOT}/msc_thesis/main_system/isolated_workspaces/hourvideo_direct_api_eval300_v1/outputs/direct_v1_formal/direct_v1_2_3x16_r1_r3_eval300_formal_v1/route_artifacts/R1:819c8af7-851f-434f-ab32-318285bc54b1_5_11.json,2aec0befd89a7ef3ba90d212b10ebec2f57d97dc95b7e5a5f3465058b039f43a,33587,artifacts/SUPERSEDED_FOR_THESIS/old_formal_88/route_artifacts/R1:819c8af7-851f-434f-ab32-318285bc54b1_5_11.json,075f5a19f3faaad672b0ea741838a7f2773349f03df3ae7f6787cc73b65f46b0,33235,old 300 R1 + frozen 300 R3 source route artifacts,absolute_personal_path_redaction_only
${PROJECT_MSC_ROOT}/msc_thesis/main_system/isolated_workspaces/hourvideo_direct_api_eval300_v1/outputs/direct_v1_formal/direct_v1_2_3x16_r1_r3_eval300_formal_v1/route_artifacts/R1:819c8af7-851f-434f-ab32-318285bc54b1_5_25.json,14654dca3a57f8d539d46e7fc2ce9c9953d2cc6047f3591c4d0c36fb9974333f,32750,artifacts/SUPERSEDED_FOR_THESIS/old_formal_88/route_artifacts/R1:819c8af7-851f-434f-ab32-318285bc54b1_5_25.json,058c1ed326c39fc73b610b53298980f7a8add478b0c3ef5bd0f6a13bce6c5035,32398,old 300 R1 + frozen 300 R3 source route artifacts,absolute_personal_path_redaction_only
${PROJECT_MSC_ROOT}/msc_thesis/main_system/isolated_workspaces/hourvideo_direct_api_eval300_v1/outputs/direct_v1_formal/direct_v1_2_3x16_r1_r3_eval300_formal_v1/route_artifacts/R1:819c8af7-851f-434f-ab32-318285bc54b1_5_28.json,9702904897d20d4d93647526cfcfa6bfef1928b42db7ea7296d6507f4973755a,29348,artifacts/SUPERSEDED_FOR_THESIS/old_formal_88/route_artifacts/R1:819c8af7-851f-434f-ab32-318285bc54b1_5_28.json,a7096dd88a6331b18836d37140a440701ee737b5214584fb9280e5eefffd9264,29018,old 300 R1 + frozen 300 R3 source route artifacts,absolute_personal_path_redaction_only
${PROJECT_MSC_ROOT}/msc_thesis/main_system/isolated_workspaces/hourvideo_direct_api_eval300_v1/outputs/direct_v1_formal/direct_v1_2_3x16_r1_r3_eval300_formal_v1/route_artifacts/R1:819c8af7-851f-434f-ab32-318285bc54b1_7_17.json,d533701718efa0cb6f7c0b64a616c329e37b305cfb9017919be7af0c1097d86c,29226,artifacts/SUPERSEDED_FOR_THESIS/old_formal_88/route_artifacts/R1:819c8af7-851f-434f-ab32-318285bc54b1_7_17.json,f851f44060d94ddcd07afc13eae0452479787fd0a48a3e034091bcb76da465cf,28896,old 300 R1 + frozen 300 R3 source route artifacts,absolute_personal_path_redaction_only
${PROJECT_MSC_ROOT}/msc_thesis/main_system/isolated_workspaces/hourvideo_direct_api_eval300_v1/outputs/direct_v1_formal/direct_v1_2_3x16_r1_r3_eval300_formal_v1/route_artifacts/R1:819c8af7-851f-434f-ab32-318285bc54b1_7_21.json,b7d78047cdc777032914abc0176eb8a37eedab270b4a57449d81b1d2b4a02f0a,34508,artifacts/SUPERSEDED_FOR_THESIS/old_formal_88/route_artifacts/R1:819c8af7-851f-434f-ab32-318285bc54b1_7_21.json,0b36baa9b4246c356e68540b0a9a9e163093aa5c31679db9460d8f119c9c9afc,34112,old 300 R1 + frozen 300 R3 source route artifacts,absolute_personal_path_redaction_only
${PROJECT_MSC_ROOT}/msc_thesis/main_system/isolated_workspaces/hourvideo_direct_api_eval300_v1/outputs/direct_v1_formal/direct_v1_2_3x16_r1_r3_eval300_formal_v1/route_artifacts/R1:819c8af7-851f-434f-ab32-318285bc54b1_8_1.json,7b846092821adba6b3287c48dfd88cebf0d72b4bb85401c1fc66d0f9f44f9e8a,30056,artifacts/SUPERSEDED_FOR_THESIS/old_formal_88/route_artifacts/R1:819c8af7-851f-434f-ab32-318285bc54b1_8_1.json,63618e11f6dd0f57d5c4ca654faab872ec8a1ef23f656ecd02f2ccfbc8bd4db8,29726,old 300 R1 + frozen 300 R3 source route artifacts,absolute_personal_path_redaction_only
${PROJECT_MSC_ROOT}/msc_thesis/main_system/isolated_workspaces/hourvideo_direct_api_eval300_v1/outputs/direct_v1_formal/direct_v1_2_3x16_r1_r3_eval300_formal_v1/route_artifacts/R1:819c8af7-851f-434f-ab32-318285bc54b1_8_27.json,622ca7b7eea87f9a883e6ac4b7a26ab97c89392526471107523e958f01c80499,20572,artifacts/SUPERSEDED_FOR_THESIS/old_formal_88/route_artifacts/R1:819c8af7-851f-434f-ab32-318285bc54b1_8_27.json,03ea3c035a148e35f14d2af8cd66dd78c17e1fe1ad05d58ecfd6ff55cbdf62d7,20374,old 300 R1 + frozen 300 R3 source route artifacts,absolute_personal_path_redaction_only
${PROJECT_MSC_ROOT}/msc_thesis/main_system/isolated_workspaces/hourvideo_direct_api_eval300_v1/outputs/direct_v1_formal/direct_v1_2_3x16_r1_r3_eval300_formal_v1/route_artifacts/R1:a6d45e95-8dc0-4932-83bf-ec53e265a16a_11_14.json,edcc59b5e51826a267945c06e6886fd303a7ab76ad5f19890cf84ef6727df671,33014,artifacts/SUPERSEDED_FOR_THESIS/old_formal_88/route_artifacts/R1:a6d45e95-8dc0-4932-83bf-ec53e265a16a_11_14.json,f4b6024b2d44a74981e43b96e2ddc18ab87ac952956b3b7351c358a556f29487,32662,old 300 R1 + frozen 300 R3 source route artifacts,absolute_personal_path_redaction_only
${PROJECT_MSC_ROOT}/msc_thesis/main_system/isolated_workspaces/hourvideo_direct_api_eval300_v1/outputs/direct_v1_formal/direct_v1_2_3x16_r1_r3_eval300_formal_v1/route_artifacts/R1:a6d45e95-8dc0-4932-83bf-ec53e265a16a_11_15.json,13e43ed676936395114712403e4fdc50e47601173f8e9ce57e965eada3013bca,17865,artifacts/SUPERSEDED_FOR_THESIS/old_formal_88/route_artifacts/R1:a6d45e95-8dc0-4932-83bf-ec53e265a16a_11_15.json,ea89938fbb1f8076d67cbf1a115fbc8270f14ed82590c18c594fe08d3a58e728,17689,old 300 R1 + frozen 300 R3 source route artifacts,absolute_personal_path_redaction_only
${PROJECT_MSC_ROOT}/msc_thesis/main_system/isolated_workspaces/hourvideo_direct_api_eval300_v1/outputs/direct_v1_formal/direct_v1_2_3x16_r1_r3_eval300_formal_v1/route_artifacts/R1:a6d45e95-8dc0-4932-83bf-ec53e265a16a_11_28.json,dea8c1d5133e99620a36bdcb64f08b647e295813f70290ac2111a1f5009caacd,37886,artifacts/SUPERSEDED_FOR_THESIS/old_formal_88/route_artifacts/R1:a6d45e95-8dc0-4932-83bf-ec53e265a16a_11_28.json,4647b0b36c762856ce5113ad7763d2fc1b1f7ddf8a7f30ddb9362a11464ecf9b,37556,old 300 R1 + frozen 300 R3 source route artifacts,absolute_personal_path_redaction_only
${PROJECT_MSC_ROOT}/msc_thesis/main_system/isolated_workspaces/hourvideo_direct_api_eval300_v1/outputs/direct_v1_formal/direct_v1_2_3x16_r1_r3_eval300_formal_v1/route_artifacts/R1:a6d45e95-8dc0-4932-83bf-ec53e265a16a_12_4.json,e21b9fcd01f4ec019dcc4184b077d7c57ea872ccdcb35f14a31f64ef27e2b407,35310,artifacts/SUPERSEDED_FOR_THESIS/old_formal_88/route_artifacts/R1:a6d45e95-8dc0-4932-83bf-ec53e265a16a_12_4.json,f35d560ea332637b1769056154bd2319c9c1cef2c7bee344eed7624206161377,34958,old 300 R1 + frozen 300 R3 source route artifacts,absolute_personal_path_redaction_only
${PROJECT_MSC_ROOT}/msc_thesis/main_system/isolated_workspaces/hourvideo_direct_api_eval300_v1/outputs/direct_v1_formal/direct_v1_2_3x16_r1_r3_eval300_formal_v1/route_artifacts/R1:a6d45e95-8dc0-4932-83bf-ec53e265a16a_17_10.json,7de7fbd0ca2a211ad2f2c8856c20a042e77b0128146bd86177a8820315e7740f,18444,artifacts/SUPERSEDED_FOR_THESIS/old_formal_88/route_artifacts/R1:a6d45e95-8dc0-4932-83bf-ec53e265a16a_17_10.json,2b963ed8c60b0d2d522d24cb23bacf6e9a00d5b9dbf0de55d42bc9ef0d844d86,18246,old 300 R1 + frozen 300 R3 source route artifacts,absolute_personal_path_redaction_only
${PROJECT_MSC_ROOT}/msc_thesis/main_system/isolated_workspaces/hourvideo_direct_api_eval300_v1/outputs/direct_v1_formal/direct_v1_2_3x16_r1_r3_eval300_formal_v1/route_artifacts/R1:a6d45e95-8dc0-4932-83bf-ec53e265a16a_17_11.json,0a805d375e04759eadd8e0f853bc129b6ba4679e3ee4be48cc75116b1ffc3dd8,34203,artifacts/SUPERSEDED_FOR_THESIS/old_formal_88/route_artifacts/R1:a6d45e95-8dc0-4932-83bf-ec53e265a16a_17_11.json,be1b6876866056868a84a35c3853e9444cc05f6057d7ad64d09e833a794fb6a1,33829,old 300 R1 + frozen 300 R3 source route artifacts,absolute_personal_path_redaction_only
${PROJECT_MSC_ROOT}/msc_thesis/main_system/isolated_workspaces/hourvideo_direct_api_eval300_v1/outputs/direct_v1_formal/direct_v1_2_3x16_r1_r3_eval300_formal_v1/route_artifacts/R1:a6d45e95-8dc0-4932-83bf-ec53e265a16a_17_12.json,de2cf1cfab0ad0bb54416aca8f48320285efb639e99518b27efd0afd55c1fbf4,30555,artifacts/SUPERSEDED_FOR_THESIS/old_formal_88/route_artifacts/R1:a6d45e95-8dc0-4932-83bf-ec53e265a16a_17_12.json,8ab35205986c8a8c12073814bc2682a923700776a6b0e852e0847ef4ad8185a4,30225,old 300 R1 + frozen 300 R3 source route artifacts,absolute_personal_path_redaction_only
${PROJECT_MSC_ROOT}/msc_thesis/main_system/isolated_workspaces/hourvideo_direct_api_eval300_v1/outputs/direct_v1_formal/direct_v1_2_3x16_r1_r3_eval300_formal_v1/route_artifacts/R1:a6d45e95-8dc0-4932-83bf-ec53e265a16a_17_2.json,ec2de7849b362fe4cd30eb8bd74b85297baad08f5f1f8ad4e50b454209b4f9be,45295,artifacts/SUPERSEDED_FOR_THESIS/old_formal_88/route_artifacts/R1:a6d45e95-8dc0-4932-83bf-ec53e265a16a_17_2.json,517493bc86b71ecd7846476bfae6c8d7aa4b9423f767aa4bdd9947c1855351ab,44965,old 300 R1 + frozen 300 R3 source route artifacts,absolute_personal_path_redaction_only
${PROJECT_MSC_ROOT}/msc_thesis/main_system/isolated_workspaces/hourvideo_direct_api_eval300_v1/outputs/direct_v1_formal/direct_v1_2_3x16_r1_r3_eval300_formal_v1/route_artifacts/R1:a6d45e95-8dc0-4932-83bf-ec53e265a16a_17_21.json,1ee3d2402799cad1125fed37c82779ca83f5fff455beb287209c7a475790913f,33898,artifacts/SUPERSEDED_FOR_THESIS/old_formal_88/route_artifacts/R1:a6d45e95-8dc0-4932-83bf-ec53e265a16a_17_21.json,ec3c3e36eb9803f796b228ca7783b578fdc09ba1873936f3b5d2100bc8b07427,33502,old 300 R1 + frozen 300 R3 source route artifacts,absolute_personal_path_redaction_only
${PROJECT_MSC_ROOT}/msc_thesis/main_system/isolated_workspaces/hourvideo_direct_api_eval300_v1/outputs/direct_v1_formal/direct_v1_2_3x16_r1_r3_eval300_formal_v1/route_artifacts/R1:a6d45e95-8dc0-4932-83bf-ec53e265a16a_17_25.json,efaaafea6b6890d4a62f91b8f763c25fd78dede636b7613dc305d5e05cbfc276,33799,artifacts/SUPERSEDED_FOR_THESIS/old_formal_88/route_artifacts/R1:a6d45e95-8dc0-4932-83bf-ec53e265a16a_17_25.json,ce3183a305aba1eab1df8a0f951681df13a21ae56375981b7951bedf568ff7e1,33447,old 300 R1 + frozen 300 R3 source route artifacts,absolute_personal_path_redaction_only
${PROJECT_MSC_ROOT}/msc_thesis/main_system/isolated_workspaces/hourvideo_direct_api_eval300_v1/outputs/direct_v1_formal/direct_v1_2_3x16_r1_r3_eval300_formal_v1/route_artifacts/R1:a6d45e95-8dc0-4932-83bf-ec53e265a16a_17_3.json,ee5e92f3f678ea80f4f512d0cfc1eef554f1aab3e1457b855b3889b4cff1aaa7,32585,artifacts/SUPERSEDED_FOR_THESIS/old_formal_88/route_artifacts/R1:a6d45e95-8dc0-4932-83bf-ec53e265a16a_17_3.json,dfce65d800c7c34419b6c1cdeee954f8912af3b7652d746a9971d80c3e828c40,32233,old 300 R1 + frozen 300 R3 source route artifacts,absolute_personal_path_redaction_only
${PROJECT_MSC_ROOT}/msc_thesis/main_system/isolated_workspaces/hourvideo_direct_api_eval300_v1/outputs/direct_v1_formal/direct_v1_2_3x16_r1_r3_eval300_formal_v1/route_artifacts/R1:a6d45e95-8dc0-4932-83bf-ec53e265a16a_18_5.json,a7e6820985fab3120a0e4f06cb7180384c16f0f65900388e7ce4c8b1b4823efb,32745,artifacts/SUPERSEDED_FOR_THESIS/old_formal_88/route_artifacts/R1:a6d45e95-8dc0-4932-83bf-ec53e265a16a_18_5.json,c40770a2882f69ecbfcd7b17f0ccf7390f25cec7f56715dc62752c19a68aee6f,32393,old 300 R1 + frozen 300 R3 source route artifacts,absolute_personal_path_redaction_only
${PROJECT_MSC_ROOT}/msc_thesis/main_system/isolated_workspaces/hourvideo_direct_api_eval300_v1/outputs/direct_v1_formal/direct_v1_2_3x16_r1_r3_eval300_formal_v1/route_artifacts/R1:a6d45e95-8dc0-4932-83bf-ec53e265a16a_4_23.json,a7b6b598c80a1a38ff5adfb1eeab88636ffae95fe83d7745e9a065cecf2eeefe,28918,artifacts/SUPERSEDED_FOR_THESIS/old_formal_88/route_artifacts/R1:a6d45e95-8dc0-4932-83bf-ec53e265a16a_4_23.json,9c7f7a37a098fa727bd783c835533b96f1e3169a50ce9638dc0d17d75772aa25,28588,old 300 R1 + frozen 300 R3 source route artifacts,absolute_personal_path_redaction_only
${PROJECT_MSC_ROOT}/msc_thesis/main_system/isolated_workspaces/hourvideo_direct_api_eval300_v1/outputs/direct_v1_formal/direct_v1_2_3x16_r1_r3_eval300_formal_v1/route_artifacts/R1:a6d45e95-8dc0-4932-83bf-ec53e265a16a_4_6.json,c3c393d7f704a531f1b253239753ddadca864d6a9545a8d7196988d75a0f5342,19337,artifacts/SUPERSEDED_FOR_THESIS/old_formal_88/route_artifacts/R1:a6d45e95-8dc0-4932-83bf-ec53e265a16a_4_6.json,a6872dd91ee944d9353fda2cad5907c1c55a308e531f9f57e59efb1188310364,19139,old 300 R1 + frozen 300 R3 source route artifacts,absolute_personal_path_redaction_only
${PROJECT_MSC_ROOT}/msc_thesis/main_system/isolated_workspaces/hourvideo_direct_api_eval300_v1/outputs/direct_v1_formal/direct_v1_2_3x16_r1_r3_eval300_formal_v1/route_artifacts/R1:a6d45e95-8dc0-4932-83bf-ec53e265a16a_4_9.json,2baabd7a779764a4fdc69ad4d7067c717e523971d1aa213165b8d2b29d6a9b6d,32158,artifacts/SUPERSEDED_FOR_THESIS/old_formal_88/route_artifacts/R1:a6d45e95-8dc0-4932-83bf-ec53e265a16a_4_9.json,0277a9454b9ed705e9e1f2b4ca6ddcc762bb01210b5f0b44bc26ea9e4aed0f7a,31828,old 300 R1 + frozen 300 R3 source route artifacts,absolute_personal_path_redaction_only
${PROJECT_MSC_ROOT}/msc_thesis/main_system/isolated_workspaces/hourvideo_direct_api_eval300_v1/outputs/direct_v1_formal/direct_v1_2_3x16_r1_r3_eval300_formal_v1/route_artifacts/R1:a6d45e95-8dc0-4932-83bf-ec53e265a16a_5_26.json,90f9f5740c1104074546f33e0772942b8d653e8e131be67969a4f49d4be43788,32589,artifacts/SUPERSEDED_FOR_THESIS/old_formal_88/route_artifacts/R1:a6d45e95-8dc0-4932-83bf-ec53e265a16a_5_26.json,78069fac4f972d3a2facfc3cb68b03d43a110479777e3a2f5cad042a5eb2d989,32237,old 300 R1 + frozen 300 R3 source route artifacts,absolute_personal_path_redaction_only
${PROJECT_MSC_ROOT}/msc_thesis/main_system/isolated_workspaces/hourvideo_direct_api_eval300_v1/outputs/direct_v1_formal/direct_v1_2_3x16_r1_r3_eval300_formal_v1/route_artifacts/R1:a6d45e95-8dc0-4932-83bf-ec53e265a16a_6_24.json,6cb75242aea88b6c384e731692df00cebdea621957031b3c9416a319060441fb,18232,artifacts/SUPERSEDED_FOR_THESIS/old_formal_88/route_artifacts/R1:a6d45e95-8dc0-4932-83bf-ec53e265a16a_6_24.json,46d0999b6ded1498a670425510b185af3a17551e322819bcf2b9096a31ef75ca,18034,old 300 R1 + frozen 300 R3 source route artifacts,absolute_personal_path_redaction_only
${PROJECT_MSC_ROOT}/msc_thesis/main_system/isolated_workspaces/hourvideo_direct_api_eval300_v1/outputs/direct_v1_formal/direct_v1_2_3x16_r1_r3_eval300_formal_v1/route_artifacts/R1:a6d45e95-8dc0-4932-83bf-ec53e265a16a_7_16.json,f469241ff49f30b8b87f793aca1a5c2526984c46037177dcdffed31a497d82d0,16273,artifacts/SUPERSEDED_FOR_THESIS/old_formal_88/route_artifacts/R1:a6d45e95-8dc0-4932-83bf-ec53e265a16a_7_16.json,ad2b35a820180baec8864d48afc022a6e4a0839d6d20336161212de987586dd1,16141,old 300 R1 + frozen 300 R3 source route artifacts,absolute_personal_path_redaction_only
${PROJECT_MSC_ROOT}/msc_thesis/main_system/isolated_workspaces/hourvideo_direct_api_eval300_v1/outputs/direct_v1_formal/direct_v1_2_3x16_r1_r3_eval300_formal_v1/route_artifacts/R1:a6d45e95-8dc0-4932-83bf-ec53e265a16a_7_19.json,1340ecc7a221215bd3b56e0fca9cdfbdf8049ca72ac9bbd4fbd36834bc82edb9,30043,artifacts/SUPERSEDED_FOR_THESIS/old_formal_88/route_artifacts/R1:a6d45e95-8dc0-4932-83bf-ec53e265a16a_7_19.json,55890e8241ca7c9d7dcc39d2961ec17ff29a525189a52c733d79a34c1bedae25,29713,old 300 R1 + frozen 300 R3 source route artifacts,absolute_personal_path_redaction_only
${PROJECT_MSC_ROOT}/msc_thesis/main_system/isolated_workspaces/hourvideo_direct_api_eval300_v1/outputs/direct_v1_formal/direct_v1_2_3x16_r1_r3_eval300_formal_v1/route_artifacts/R1:a6d45e95-8dc0-4932-83bf-ec53e265a16a_7_20.json,b632390c02c43d6b4f13a5e69e891d9917e15917f45b73d36dff448879842c5a,29128,artifacts/SUPERSEDED_FOR_THESIS/old_formal_88/route_artifacts/R1:a6d45e95-8dc0-4932-83bf-ec53e265a16a_7_20.json,f69158cf0d8c4265d6d3680c0189e07a3171b60221ab46794a0927010ae726f4,28820,old 300 R1 + frozen 300 R3 source route artifacts,absolute_personal_path_redaction_only
${PROJECT_MSC_ROOT}/msc_thesis/main_system/isolated_workspaces/hourvideo_direct_api_eval300_v1/outputs/direct_v1_formal/direct_v1_2_3x16_r1_r3_eval300_formal_v1/route_artifacts/R1:a6d45e95-8dc0-4932-83bf-ec53e265a16a_7_7.json,b9cf985d0d5f48c8d91e87227341d702116a148b04295155ae30ebe2b8c9f28a,27319,artifacts/SUPERSEDED_FOR_THESIS/old_formal_88/route_artifacts/R1:a6d45e95-8dc0-4932-83bf-ec53e265a16a_7_7.json,a12075a40648feabb135626e6fd90c8a53ffba6fc04c170fe9bf5e14b38fbc2c,27011,old 300 R1 + frozen 300 R3 source route artifacts,absolute_personal_path_redaction_only
${PROJECT_MSC_ROOT}/msc_thesis/main_system/isolated_workspaces/hourvideo_direct_api_eval300_v1/outputs/direct_v1_formal/direct_v1_2_3x16_r1_r3_eval300_formal_v1/route_artifacts/R1:a6d45e95-8dc0-4932-83bf-ec53e265a16a_8_1.json,7eabab8fc1310c83a11681f5055e9ede2fc6f4af1ff833160ac7c36722d4482d,33319,artifacts/SUPERSEDED_FOR_THESIS/old_formal_88/route_artifacts/R1:a6d45e95-8dc0-4932-83bf-ec53e265a16a_8_1.json,5ad1ded1b81e880c887bd83d88bb75edd85820d879ce42d4a918960a19ef4f59,32989,old 300 R1 + frozen 300 R3 source route artifacts,absolute_personal_path_redaction_only
${PROJECT_MSC_ROOT}/msc_thesis/main_system/isolated_workspaces/hourvideo_direct_api_eval300_v1/outputs/direct_v1_formal/direct_v1_2_3x16_r1_r3_eval300_formal_v1/route_artifacts/R1:a6d45e95-8dc0-4932-83bf-ec53e265a16a_8_18.json,4e1842de9b2469116ff3ff7f39d48888afabde4eb174088ca4b3fe956bbd3628,18416,artifacts/SUPERSEDED_FOR_THESIS/old_formal_88/route_artifacts/R1:a6d45e95-8dc0-4932-83bf-ec53e265a16a_8_18.json,54bebdd1bbf6e0eeb2ffd00c43179d8b1bbe1b06a009094cb51e1ef2d1ebc69f,18240,old 300 R1 + frozen 300 R3 source route artifacts,absolute_personal_path_redaction_only
${PROJECT_MSC_ROOT}/msc_thesis/main_system/isolated_workspaces/hourvideo_direct_api_eval300_v1/outputs/direct_v1_formal/direct_v1_2_3x16_r1_r3_eval300_formal_v1/route_artifacts/R1:a6d45e95-8dc0-4932-83bf-ec53e265a16a_8_22.json,7acb1fdc115d5b3410a55f601f9d97b2794060dc622356481a8d49e8a7bb394f,22962,artifacts/SUPERSEDED_FOR_THESIS/old_formal_88/route_artifacts/R1:a6d45e95-8dc0-4932-83bf-ec53e265a16a_8_22.json,8f4b5b0bd65cd0b3813ccdae1f5a97c93417b825028cbd703b6b866c6f08ac04,22764,old 300 R1 + frozen 300 R3 source route artifacts,absolute_personal_path_redaction_only
${PROJECT_MSC_ROOT}/msc_thesis/main_system/isolated_workspaces/hourvideo_direct_api_eval300_v1/outputs/direct_v1_formal/direct_v1_2_3x16_r1_r3_eval300_formal_v1/route_artifacts/R1:a6d45e95-8dc0-4932-83bf-ec53e265a16a_8_27.json,a0e865a709087c07c1c8d4c8fa9e830952ff6761ef4c22949e5fe594dcb0052c,23711,artifacts/SUPERSEDED_FOR_THESIS/old_formal_88/route_artifacts/R1:a6d45e95-8dc0-4932-83bf-ec53e265a16a_8_27.json,85515218087ab75550f97d19850003965430bb450245f0b57b849235b8c5461e,23447,old 300 R1 + frozen 300 R3 source route artifacts,absolute_personal_path_redaction_only
${PROJECT_MSC_ROOT}/msc_thesis/main_system/isolated_workspaces/hourvideo_direct_api_eval300_v1/outputs/direct_v1_formal/direct_v1_2_3x16_r1_r3_eval300_formal_v1/route_artifacts/R1:d3a0899e-2093-454c-9f65-30087883193a_11_17.json,2f8c7d31fb17ec0ac27b6f9e3f770b28db680dce1a7d2f138b204f172551c7e7,32335,artifacts/SUPERSEDED_FOR_THESIS/old_formal_88/route_artifacts/R1:d3a0899e-2093-454c-9f65-30087883193a_11_17.json,85538b074d61665fbb6a5bc40b91a99c543e342a99569cef43ac9b97667cd880,31983,old 300 R1 + frozen 300 R3 source route artifacts,absolute_personal_path_redaction_only
${PROJECT_MSC_ROOT}/msc_thesis/main_system/isolated_workspaces/hourvideo_direct_api_eval300_v1/outputs/direct_v1_formal/direct_v1_2_3x16_r1_r3_eval300_formal_v1/route_artifacts/R1:d3a0899e-2093-454c-9f65-30087883193a_12_22.json,34930facbfc8dc43720010d170a23b1218bb74e08ff5b409cc8e81f810c03b40,32333,artifacts/SUPERSEDED_FOR_THESIS/old_formal_88/route_artifacts/R1:d3a0899e-2093-454c-9f65-30087883193a_12_22.json,81734fb89d2bd0e1a3d824421536ffa7871ea5fc81ce8a77db33e0d6974ccb7a,31981,old 300 R1 + frozen 300 R3 source route artifacts,absolute_personal_path_redaction_only
${PROJECT_MSC_ROOT}/msc_thesis/main_system/isolated_workspaces/hourvideo_direct_api_eval300_v1/outputs/direct_v1_formal/direct_v1_2_3x16_r1_r3_eval300_formal_v1/route_artifacts/R1:d3a0899e-2093-454c-9f65-30087883193a_17_13.json,bb593b4b55d7360121b48a8dc1405b314ea6c92965d7f86e5134ce13b4d1767b,33638,artifacts/SUPERSEDED_FOR_THESIS/old_formal_88/route_artifacts/R1:d3a0899e-2093-454c-9f65-30087883193a_17_13.json,034a0819c7bfe20c0412218b3757f735b6987f51a411cde9bc0486d43d431219,33286,old 300 R1 + frozen 300 R3 source route artifacts,absolute_personal_path_redaction_only
${PROJECT_MSC_ROOT}/msc_thesis/main_system/isolated_workspaces/hourvideo_direct_api_eval300_v1/outputs/direct_v1_formal/direct_v1_2_3x16_r1_r3_eval300_formal_v1/route_artifacts/R1:d3a0899e-2093-454c-9f65-30087883193a_17_19.json,f219ae5acd7eba461914748a3bd3698f8a2b4c77b6c8f818a17c74b949474e36,31859,artifacts/SUPERSEDED_FOR_THESIS/old_formal_88/route_artifacts/R1:d3a0899e-2093-454c-9f65-30087883193a_17_19.json,98eb237c94edbc9b7583bea0043d1a2255d387207d75e1450ccd3405920f0bac,31507,old 300 R1 + frozen 300 R3 source route artifacts,absolute_personal_path_redaction_only
${PROJECT_MSC_ROOT}/msc_thesis/main_system/isolated_workspaces/hourvideo_direct_api_eval300_v1/outputs/direct_v1_formal/direct_v1_2_3x16_r1_r3_eval300_formal_v1/route_artifacts/R1:d3a0899e-2093-454c-9f65-30087883193a_17_2.json,602f70666b782dc8b2d0815826ace683b16c4e499425b0952fafdd16fbf3288b,32869,artifacts/SUPERSEDED_FOR_THESIS/old_formal_88/route_artifacts/R1:d3a0899e-2093-454c-9f65-30087883193a_17_2.json,b340a7b771014de9d4129460b6068d154299737547f75fbb98479d3f89a5866e,32517,old 300 R1 + frozen 300 R3 source route artifacts,absolute_personal_path_redaction_only
${PROJECT_MSC_ROOT}/msc_thesis/main_system/isolated_workspaces/hourvideo_direct_api_eval300_v1/outputs/direct_v1_formal/direct_v1_2_3x16_r1_r3_eval300_formal_v1/route_artifacts/R1:d3a0899e-2093-454c-9f65-30087883193a_17_20.json,5dd2aae043622bbf49e25394e638a576303f10a06564c57a5b933e1cf2990e47,38150,artifacts/SUPERSEDED_FOR_THESIS/old_formal_88/route_artifacts/R1:d3a0899e-2093-454c-9f65-30087883193a_17_20.json,86d55f715f6006c793224344c2f08b22f4530e11f8b142bd47383f9515e25633,37754,old 300 R1 + frozen 300 R3 source route artifacts,absolute_personal_path_redaction_only
${PROJECT_MSC_ROOT}/msc_thesis/main_system/isolated_workspaces/hourvideo_direct_api_eval300_v1/outputs/direct_v1_formal/direct_v1_2_3x16_r1_r3_eval300_formal_v1/route_artifacts/R1:d3a0899e-2093-454c-9f65-30087883193a_17_28.json,d273a0db81cf6ba8502cd25aed480ffc90a1f0bb5b14f605d6e1e2c768da65b0,32085,artifacts/SUPERSEDED_FOR_THESIS/old_formal_88/route_artifacts/R1:d3a0899e-2093-454c-9f65-30087883193a_17_28.json,0875ef816ba45576c727eb172126b41afe423c7fcef25135d583b77e25a53207,31733,old 300 R1 + frozen 300 R3 source route artifacts,absolute_personal_path_redaction_only
${PROJECT_MSC_ROOT}/msc_thesis/main_system/isolated_workspaces/hourvideo_direct_api_eval300_v1/outputs/direct_v1_formal/direct_v1_2_3x16_r1_r3_eval300_formal_v1/route_artifacts/R1:d3a0899e-2093-454c-9f65-30087883193a_17_35.json,f477d024a8e82c84045933b90bdc176a2b51f017d73d8e2bd35b9ca9a74ec98b,28714,artifacts/SUPERSEDED_FOR_THESIS/old_formal_88/route_artifacts/R1:d3a0899e-2093-454c-9f65-30087883193a_17_35.json,733d7ed323945d3303347c9af7823f53d5a792fedfe7604f0156a19e5e0b3703,28384,old 300 R1 + frozen 300 R3 source route artifacts,absolute_personal_path_redaction_only
${PROJECT_MSC_ROOT}/msc_thesis/main_system/isolated_workspaces/hourvideo_direct_api_eval300_v1/outputs/direct_v1_formal/direct_v1_2_3x16_r1_r3_eval300_formal_v1/route_artifacts/R1:d3a0899e-2093-454c-9f65-30087883193a_17_8.json,443ba58869806fb32178c081d88bfc19273a95dc123d21644414fab7524880b1,24200,artifacts/SUPERSEDED_FOR_THESIS/old_formal_88/route_artifacts/R1:d3a0899e-2093-454c-9f65-30087883193a_17_8.json,95568a157463198762f484563b8ca840ec7cd382f49f0204ce088f31b7ccad28,23936,old 300 R1 + frozen 300 R3 source route artifacts,absolute_personal_path_redaction_only
${PROJECT_MSC_ROOT}/msc_thesis/main_system/isolated_workspaces/hourvideo_direct_api_eval300_v1/outputs/direct_v1_formal/direct_v1_2_3x16_r1_r3_eval300_formal_v1/route_artifacts/R1:d3a0899e-2093-454c-9f65-30087883193a_1_1.json,86d40e778af9440ba5fb4a2745f373aa14cedc8d93d4f165131e1bde6f61e570,32161,artifacts/SUPERSEDED_FOR_THESIS/old_formal_88/route_artifacts/R1:d3a0899e-2093-454c-9f65-30087883193a_1_1.json,ffca390e18582ab428e02257892072332fb052d4628471428eda1e21d76cf2e2,31809,old 300 R1 + frozen 300 R3 source route artifacts,absolute_personal_path_redaction_only
${PROJECT_MSC_ROOT}/msc_thesis/main_system/isolated_workspaces/hourvideo_direct_api_eval300_v1/outputs/direct_v1_formal/direct_v1_2_3x16_r1_r3_eval300_formal_v1/route_artifacts/R1:d3a0899e-2093-454c-9f65-30087883193a_22_14.json,a24fdd9161f2dcd29d8d996cbc4721fab4874643966e0f7e69db40e2ecde2059,33034,artifacts/SUPERSEDED_FOR_THESIS/old_formal_88/route_artifacts/R1:d3a0899e-2093-454c-9f65-30087883193a_22_14.json,cab8aed00a6003fa2bc94735cb9b94b514c99a20821e3b0d1956605d8fafd484,32682,old 300 R1 + frozen 300 R3 source route artifacts,absolute_personal_path_redaction_only
${PROJECT_MSC_ROOT}/msc_thesis/main_system/isolated_workspaces/hourvideo_direct_api_eval300_v1/outputs/direct_v1_formal/direct_v1_2_3x16_r1_r3_eval300_formal_v1/route_artifacts/R1:d3a0899e-2093-454c-9f65-30087883193a_22_32.json,7327f6aa8fa343b498de89a3b334e3d34028a787707b9504513ded35e2c00568,32395,artifacts/SUPERSEDED_FOR_THESIS/old_formal_88/route_artifacts/R1:d3a0899e-2093-454c-9f65-30087883193a_22_32.json,ee603000760388e280f302a8a93a99be88bfa74cd07ca5923660366027eab0a8,32065,old 300 R1 + frozen 300 R3 source route artifacts,absolute_personal_path_redaction_only
${PROJECT_MSC_ROOT}/msc_thesis/main_system/isolated_workspaces/hourvideo_direct_api_eval300_v1/outputs/direct_v1_formal/direct_v1_2_3x16_r1_r3_eval300_formal_v1/route_artifacts/R1:d3a0899e-2093-454c-9f65-30087883193a_2_1.json,2ad6cd35bc98d9fdc605748de90e0f19ea6d2601087111ee4f6c072f049cc6cb,28355,artifacts/SUPERSEDED_FOR_THESIS/old_formal_88/route_artifacts/R1:d3a0899e-2093-454c-9f65-30087883193a_2_1.json,e19f2ca4bd98e30e1fe1b2bda3064692f5afff13ee7091866475fac5676e57de,28047,old 300 R1 + frozen 300 R3 source route artifacts,absolute_personal_path_redaction_only
${PROJECT_MSC_ROOT}/msc_thesis/main_system/isolated_workspaces/hourvideo_direct_api_eval300_v1/outputs/direct_v1_formal/direct_v1_2_3x16_r1_r3_eval300_formal_v1/route_artifacts/R1:d3a0899e-2093-454c-9f65-30087883193a_4_10.json,67ab9edc92110ba6ece4c4797a8175ab1b700a4e2a2c50aafa48af3946432076,24240,artifacts/SUPERSEDED_FOR_THESIS/old_formal_88/route_artifacts/R1:d3a0899e-2093-454c-9f65-30087883193a_4_10.json,8eda99ce0da5f862fd431dac16abe36b3cbdf5306e99c9e19bf533fabc5314cd,23976,old 300 R1 + frozen 300 R3 source route artifacts,absolute_personal_path_redaction_only
${PROJECT_MSC_ROOT}/msc_thesis/main_system/isolated_workspaces/hourvideo_direct_api_eval300_v1/outputs/direct_v1_formal/direct_v1_2_3x16_r1_r3_eval300_formal_v1/route_artifacts/R1:d3a0899e-2093-454c-9f65-30087883193a_4_33.json,9159a2bee094fa14f0f5184744c6bfb7019560c72d7f2d5167464d96f3aa4340,29234,artifacts/SUPERSEDED_FOR_THESIS/old_formal_88/route_artifacts/R1:d3a0899e-2093-454c-9f65-30087883193a_4_33.json,6969fd8918ae523e418bc90a2f6d8688d3910c8de5f6c3a2b6d266985144ec07,28904,old 300 R1 + frozen 300 R3 source route artifacts,absolute_personal_path_redaction_only
${PROJECT_MSC_ROOT}/msc_thesis/main_system/isolated_workspaces/hourvideo_direct_api_eval300_v1/outputs/direct_v1_formal/direct_v1_2_3x16_r1_r3_eval300_formal_v1/route_artifacts/R1:d3a0899e-2093-454c-9f65-30087883193a_4_7.json,f5cf56ab01fed79aba69f8d0b62cbeaa578ea299f308477588cc8df486e96c91,33068,artifacts/SUPERSEDED_FOR_THESIS/old_formal_88/route_artifacts/R1:d3a0899e-2093-454c-9f65-30087883193a_4_7.json,bfbe89a640f67d302d67ebbae919e0869b84a3df3e0e4967f556491c6ab39621,32716,old 300 R1 + frozen 300 R3 source route artifacts,absolute_personal_path_redaction_only
${PROJECT_MSC_ROOT}/msc_thesis/main_system/isolated_workspaces/hourvideo_direct_api_eval300_v1/outputs/direct_v1_formal/direct_v1_2_3x16_r1_r3_eval300_formal_v1/route_artifacts/R1:d3a0899e-2093-454c-9f65-30087883193a_5_24.json,7a1e19909641ecce542ebdad9975fa79abb5ebb18211a1d2f78f1122c37ec21e,32745,artifacts/SUPERSEDED_FOR_THESIS/old_formal_88/route_artifacts/R1:d3a0899e-2093-454c-9f65-30087883193a_5_24.json,618d8c0e8e220e3ce40c754031588eda2d39bdc2f3de9d60011c0291f2e7249c,32393,old 300 R1 + frozen 300 R3 source route artifacts,absolute_personal_path_redaction_only
${PROJECT_MSC_ROOT}/msc_thesis/main_system/isolated_workspaces/hourvideo_direct_api_eval300_v1/outputs/direct_v1_formal/direct_v1_2_3x16_r1_r3_eval300_formal_v1/route_artifacts/R1:d3a0899e-2093-454c-9f65-30087883193a_7_11.json,8bf894a7b67a73aeba4b3f02b3c4660b29142900fd40cdf4063c9e347a757538,31725,artifacts/SUPERSEDED_FOR_THESIS/old_formal_88/route_artifacts/R1:d3a0899e-2093-454c-9f65-30087883193a_7_11.json,40b46ad3ff016090957deac1e3ce37477c8c9696028393732b85fc6e3aa33eb0,31373,old 300 R1 + frozen 300 R3 source route artifacts,absolute_personal_path_redaction_only
${PROJECT_MSC_ROOT}/msc_thesis/main_system/isolated_workspaces/hourvideo_direct_api_eval300_v1/outputs/direct_v1_formal/direct_v1_2_3x16_r1_r3_eval300_formal_v1/route_artifacts/R1:d3a0899e-2093-454c-9f65-30087883193a_7_26.json,56f584872c1a1be8bfc4ccc76e768026634aed2758cacec3185a7b3f0a4d9d8d,32627,artifacts/SUPERSEDED_FOR_THESIS/old_formal_88/route_artifacts/R1:d3a0899e-2093-454c-9f65-30087883193a_7_26.json,f951948a5156013df5472aed2d3e14e562fc7e14735a8cb13270a75ef8f492d7,32275,old 300 R1 + frozen 300 R3 source route artifacts,absolute_personal_path_redaction_only
${PROJECT_MSC_ROOT}/msc_thesis/main_system/isolated_workspaces/hourvideo_direct_api_eval300_v1/outputs/direct_v1_formal/direct_v1_2_3x16_r1_r3_eval300_formal_v1/route_artifacts/R1:d3a0899e-2093-454c-9f65-30087883193a_7_29.json,389ee7179937b44834c5ab3153ff0e1cdf80dc84a7c57e662bcbad3979e498ea,33276,artifacts/SUPERSEDED_FOR_THESIS/old_formal_88/route_artifacts/R1:d3a0899e-2093-454c-9f65-30087883193a_7_29.json,63423378af5ad36f93ce64ba98a9b2536675da961a80c1a399f18342614a6d6f,32902,old 300 R1 + frozen 300 R3 source route artifacts,absolute_personal_path_redaction_only
${PROJECT_MSC_ROOT}/msc_thesis/main_system/isolated_workspaces/hourvideo_direct_api_eval300_v1/outputs/direct_v1_formal/direct_v1_2_3x16_r1_r3_eval300_formal_v1/route_artifacts/R1:d3a0899e-2093-454c-9f65-30087883193a_7_9.json,70ad7b4b0a1cf8fd6cced1e3d0a64225ea78cf46861f4f23af03a6a8fc3b4a3c,32246,artifacts/SUPERSEDED_FOR_THESIS/old_formal_88/route_artifacts/R1:d3a0899e-2093-454c-9f65-30087883193a_7_9.json,6bf549dfb0ed5c2a5c71e85e0836108f82725fc04410c163938e9851e8d9d038,31894,old 300 R1 + frozen 300 R3 source route artifacts,absolute_personal_path_redaction_only
${PROJECT_MSC_ROOT}/msc_thesis/main_system/isolated_workspaces/hourvideo_direct_api_eval300_v1/outputs/direct_v1_formal/direct_v1_2_3x16_r1_r3_eval300_formal_v1/route_artifacts/R1:d3a0899e-2093-454c-9f65-30087883193a_8_16.json,58087b6968b016bb71ff868e47f2fcd86951ba8bee120ca183cfe8ff916a67ee,29400,artifacts/SUPERSEDED_FOR_THESIS/old_formal_88/route_artifacts/R1:d3a0899e-2093-454c-9f65-30087883193a_8_16.json,c1be3f5b66ef321710c61d3fdeaad60ef91aa35bb79dafc8d144412d05b5f9ba,29070,old 300 R1 + frozen 300 R3 source route artifacts,absolute_personal_path_redaction_only
${PROJECT_MSC_ROOT}/msc_thesis/main_system/isolated_workspaces/hourvideo_direct_api_eval300_v1/outputs/direct_v1_formal/direct_v1_2_3x16_r1_r3_eval300_formal_v1/route_artifacts/R1:d3a0899e-2093-454c-9f65-30087883193a_8_21.json,9415adea180cc491e6d64a8032c8cbf5497ad3fc3bb56095b7bdec14b1bb3fa9,33222,artifacts/SUPERSEDED_FOR_THESIS/old_formal_88/route_artifacts/R1:d3a0899e-2093-454c-9f65-30087883193a_8_21.json,7cf76d1a37ebaf322739d78725c3bf736f5203f14aa47d9e7560221e985529f6,32870,old 300 R1 + frozen 300 R3 source route artifacts,absolute_personal_path_redaction_only
${PROJECT_MSC_ROOT}/msc_thesis/main_system/isolated_workspaces/hourvideo_direct_api_eval300_v1/outputs/direct_v1_formal/direct_v1_2_3x16_r1_r3_eval300_formal_v1/route_artifacts/R1:d3a0899e-2093-454c-9f65-30087883193a_8_3.json,5b4375978c7e2d4491ad38c060f846bd12655cad37392916a43445f2550b0160,37722,artifacts/SUPERSEDED_FOR_THESIS/old_formal_88/route_artifacts/R1:d3a0899e-2093-454c-9f65-30087883193a_8_3.json,4792685f9945f5d6f6cad3a0ab26ad366344a9d1a65f83b993e179aaea7df445,37370,old 300 R1 + frozen 300 R3 source route artifacts,absolute_personal_path_redaction_only
${PROJECT_MSC_ROOT}/msc_thesis/main_system/isolated_workspaces/hourvideo_direct_api_eval300_v1/outputs/direct_v1_formal/direct_v1_2_3x16_r1_r3_eval300_formal_v1/route_artifacts/R1:d3a0899e-2093-454c-9f65-30087883193a_8_36.json,5132e7a5c034c7101cc2d70531e3849d3bfd0f71a08bba76d64531c1e21deb20,36530,artifacts/SUPERSEDED_FOR_THESIS/old_formal_88/route_artifacts/R1:d3a0899e-2093-454c-9f65-30087883193a_8_36.json,e8d98746c73da85f2a1601d919638afca47f1298f14af1b8a83d0f22bbcc477e,36178,old 300 R1 + frozen 300 R3 source route artifacts,absolute_personal_path_redaction_only
${PROJECT_MSC_ROOT}/msc_thesis/main_system/isolated_workspaces/hourvideo_direct_api_eval300_v1/outputs/direct_v1_formal/direct_v1_2_3x16_r1_r3_eval300_formal_v1/route_artifacts/R1:db3f7933-dfa0-4678-9d4f-393b628ded45_11_2.json,11b0228110c473f21dd5c76e8fad20a5e65594fb7048ec47f93e99c874dd3758,22939,artifacts/SUPERSEDED_FOR_THESIS/old_formal_88/route_artifacts/R1:db3f7933-dfa0-4678-9d4f-393b628ded45_11_2.json,a213e74c82321385c954d0f1e87d4c5f563540641fecfba2e098eb2737cb4157,22697,old 300 R1 + frozen 300 R3 source route artifacts,absolute_personal_path_redaction_only
${PROJECT_MSC_ROOT}/msc_thesis/main_system/isolated_workspaces/hourvideo_direct_api_eval300_v1/outputs/direct_v1_formal/direct_v1_2_3x16_r1_r3_eval300_formal_v1/route_artifacts/R1:db3f7933-dfa0-4678-9d4f-393b628ded45_12_15.json,3736f0f9f8dd7c341949726e6b776c7e321127875ee391f27bd3983477a1cb00,28714,artifacts/SUPERSEDED_FOR_THESIS/old_formal_88/route_artifacts/R1:db3f7933-dfa0-4678-9d4f-393b628ded45_12_15.json,c4e9d8a0d3fc4e029fd7a48c12bc83a4435129ea02f05bacf9d8ff4a8d0f6e7a,28384,old 300 R1 + frozen 300 R3 source route artifacts,absolute_personal_path_redaction_only
${PROJECT_MSC_ROOT}/msc_thesis/main_system/isolated_workspaces/hourvideo_direct_api_eval300_v1/outputs/direct_v1_formal/direct_v1_2_3x16_r1_r3_eval300_formal_v1/route_artifacts/R1:db3f7933-dfa0-4678-9d4f-393b628ded45_17_1.json,952482b92e2ac77f5e041c4a69762e6189597811867cdfc271ea2f2250c4314b,28175,artifacts/SUPERSEDED_FOR_THESIS/old_formal_88/route_artifacts/R1:db3f7933-dfa0-4678-9d4f-393b628ded45_17_1.json,7383ba257119b6d0df901117eb25e3149e8d8540af4de4e7fb480d3f8344e519,27845,old 300 R1 + frozen 300 R3 source route artifacts,absolute_personal_path_redaction_only
${PROJECT_MSC_ROOT}/msc_thesis/main_system/isolated_workspaces/hourvideo_direct_api_eval300_v1/outputs/direct_v1_formal/direct_v1_2_3x16_r1_r3_eval300_formal_v1/route_artifacts/R1:db3f7933-dfa0-4678-9d4f-393b628ded45_17_11.json,c722af66649c3765ccf120d36b8ffbede51e84d7f52a306acfea425da1fe661d,33107,artifacts/SUPERSEDED_FOR_THESIS/old_formal_88/route_artifacts/R1:db3f7933-dfa0-4678-9d4f-393b628ded45_17_11.json,58d629ceb0542827295d7544dc4ac03984cd3c1715a0a5a5213ba42ec7704c1c,32755,old 300 R1 + frozen 300 R3 source route artifacts,absolute_personal_path_redaction_only
${PROJECT_MSC_ROOT}/msc_thesis/main_system/isolated_workspaces/hourvideo_direct_api_eval300_v1/outputs/direct_v1_formal/direct_v1_2_3x16_r1_r3_eval300_formal_v1/route_artifacts/R1:db3f7933-dfa0-4678-9d4f-393b628ded45_17_13.json,520ae9cbb088dd7864bbad9a6632514f31328acce31597c6b0949e7431fa1827,31431,artifacts/SUPERSEDED_FOR_THESIS/old_formal_88/route_artifacts/R1:db3f7933-dfa0-4678-9d4f-393b628ded45_17_13.json,7bea7807fb4c495da0cf395eef3f38f4b7aa39549c0531f2177fc8fa23e99020,31079,old 300 R1 + frozen 300 R3 source route artifacts,absolute_personal_path_redaction_only
${PROJECT_MSC_ROOT}/msc_thesis/main_system/isolated_workspaces/hourvideo_direct_api_eval300_v1/outputs/direct_v1_formal/direct_v1_2_3x16_r1_r3_eval300_formal_v1/route_artifacts/R1:db3f7933-dfa0-4678-9d4f-393b628ded45_17_29.json,b8a3bee849a8d511f783f3e9b687e729096cf5371d2fd6e863e6db8d7fe2b0a8,33279,artifacts/SUPERSEDED_FOR_THESIS/old_formal_88/route_artifacts/R1:db3f7933-dfa0-4678-9d4f-393b628ded45_17_29.json,33fa8bb4872df83f0dc611bb7e3a35a7e121387050f34de7a9699979261dfab4,32927,old 300 R1 + frozen 300 R3 source route artifacts,absolute_personal_path_redaction_only
${PROJECT_MSC_ROOT}/msc_thesis/main_system/isolated_workspaces/hourvideo_direct_api_eval300_v1/outputs/direct_v1_formal/direct_v1_2_3x16_r1_r3_eval300_formal_v1/route_artifacts/R1:db3f7933-dfa0-4678-9d4f-393b628ded45_20_1.json,522b8ef4908d5d0315fdf2e609408d385cff8c9144777a74e5547e0cc6f49006,31299,artifacts/SUPERSEDED_FOR_THESIS/old_formal_88/route_artifacts/R1:db3f7933-dfa0-4678-9d4f-393b628ded45_20_1.json,6b5970b782ad88867460dd942fa08ed1edbfe227f1c1008552eb64022e0433e3,31035,old 300 R1 + frozen 300 R3 source route artifacts,absolute_personal_path_redaction_only
${PROJECT_MSC_ROOT}/msc_thesis/main_system/isolated_workspaces/hourvideo_direct_api_eval300_v1/outputs/direct_v1_formal/direct_v1_2_3x16_r1_r3_eval300_formal_v1/route_artifacts/R1:db3f7933-dfa0-4678-9d4f-393b628ded45_21_27.json,1518a34298cb55094033473633068faacec34f9932201902d24a911535d33378,36614,artifacts/SUPERSEDED_FOR_THESIS/old_formal_88/route_artifacts/R1:db3f7933-dfa0-4678-9d4f-393b628ded45_21_27.json,129adfd19520d561e30682fabda9184b944e03d0faeeda3a53ce2b53e81db1c7,36262,old 300 R1 + frozen 300 R3 source route artifacts,absolute_personal_path_redaction_only
${PROJECT_MSC_ROOT}/msc_thesis/main_system/isolated_workspaces/hourvideo_direct_api_eval300_v1/outputs/direct_v1_formal/direct_v1_2_3x16_r1_r3_eval300_formal_v1/route_artifacts/R1:db3f7933-dfa0-4678-9d4f-393b628ded45_22_12.json,4a28f4e9bdf2a05e0bcc7557387775434ea299175ad13101164a38fa14cac345,25290,artifacts/SUPERSEDED_FOR_THESIS/old_formal_88/route_artifacts/R1:db3f7933-dfa0-4678-9d4f-393b628ded45_22_12.json,e43bb6590fd776943e8f60bd6908dd234cc15e45e4395f4ebf5443848e0465b0,25070,old 300 R1 + frozen 300 R3 source route artifacts,absolute_personal_path_redaction_only
${PROJECT_MSC_ROOT}/msc_thesis/main_system/isolated_workspaces/hourvideo_direct_api_eval300_v1/outputs/direct_v1_formal/direct_v1_2_3x16_r1_r3_eval300_formal_v1/route_artifacts/R1:db3f7933-dfa0-4678-9d4f-393b628ded45_22_24.json,ad2b8ca557cd17371c59a1309badc90f553dd804713a85efa6deea8cb679cade,28298,artifacts/SUPERSEDED_FOR_THESIS/old_formal_88/route_artifacts/R1:db3f7933-dfa0-4678-9d4f-393b628ded45_22_24.json,24de03429f127b82e1f26d84fd23cd183ad1f925598720292f3264cc6e83ae5c,27968,old 300 R1 + frozen 300 R3 source route artifacts,absolute_personal_path_redaction_only
${PROJECT_MSC_ROOT}/msc_thesis/main_system/isolated_workspaces/hourvideo_direct_api_eval300_v1/outputs/direct_v1_formal/direct_v1_2_3x16_r1_r3_eval300_formal_v1/route_artifacts/R1:db3f7933-dfa0-4678-9d4f-393b628ded45_22_5.json,15aeec587cebc0471eb89cb6f64ac37fec30f153b0c8a573e3f5a258f34305d6,34300,artifacts/SUPERSEDED_FOR_THESIS/old_formal_88/route_artifacts/R1:db3f7933-dfa0-4678-9d4f-393b628ded45_22_5.json,7e75fe9cbbef836babe57215cd16a77cda9f7b060ed517de662e54977dbd6e44,33970,old 300 R1 + frozen 300 R3 source route artifacts,absolute_personal_path_redaction_only
${PROJECT_MSC_ROOT}/msc_thesis/main_system/isolated_workspaces/hourvideo_direct_api_eval300_v1/outputs/direct_v1_formal/direct_v1_2_3x16_r1_r3_eval300_formal_v1/route_artifacts/R1:db3f7933-dfa0-4678-9d4f-393b628ded45_2_1.json,6ce9f72fd01dabde42bd2c653dc428a437bb58fecd5a8effe1eb78284bf931b8,32870,artifacts/SUPERSEDED_FOR_THESIS/old_formal_88/route_artifacts/R1:db3f7933-dfa0-4678-9d4f-393b628ded45_2_1.json,b6d2d3f8d2c768def796f47f57085c66568e9451b5e624109b34433684bc20f3,32518,old 300 R1 + frozen 300 R3 source route artifacts,absolute_personal_path_redaction_only
${PROJECT_MSC_ROOT}/msc_thesis/main_system/isolated_workspaces/hourvideo_direct_api_eval300_v1/outputs/direct_v1_formal/direct_v1_2_3x16_r1_r3_eval300_formal_v1/route_artifacts/R1:db3f7933-dfa0-4678-9d4f-393b628ded45_4_22.json,16d934bea91d0d72005bb22ecdabacad40cec5ed8d79589769f4dc768b95d307,23599,artifacts/SUPERSEDED_FOR_THESIS/old_formal_88/route_artifacts/R1:db3f7933-dfa0-4678-9d4f-393b628ded45_4_22.json,03d21d94d712a59c879b33f6fbd17e12915f0dce7c262fdec94eac71da9c2ef4,23335,old 300 R1 + frozen 300 R3 source route artifacts,absolute_personal_path_redaction_only
${PROJECT_MSC_ROOT}/msc_thesis/main_system/isolated_workspaces/hourvideo_direct_api_eval300_v1/outputs/direct_v1_formal/direct_v1_2_3x16_r1_r3_eval300_formal_v1/route_artifacts/R1:db3f7933-dfa0-4678-9d4f-393b628ded45_6_17.json,3bb3b3a9acdf3afd137a42b623a57bc7167fd55d7a59d53e56f6217cb0fcf2bc,32546,artifacts/SUPERSEDED_FOR_THESIS/old_formal_88/route_artifacts/R1:db3f7933-dfa0-4678-9d4f-393b628ded45_6_17.json,1089d14c853a6424a610c36d34d706e61813549e137150e44ff03b98ef6b5a21,32194,old 300 R1 + frozen 300 R3 source route artifacts,absolute_personal_path_redaction_only
${PROJECT_MSC_ROOT}/msc_thesis/main_system/isolated_workspaces/hourvideo_direct_api_eval300_v1/outputs/direct_v1_formal/direct_v1_2_3x16_r1_r3_eval300_formal_v1/route_artifacts/R1:db3f7933-dfa0-4678-9d4f-393b628ded45_6_25.json,9822679df00d68c0ba07f5b8a1516dd2079066275cccc1c9cd1b24b4a7dafa12,33159,artifacts/SUPERSEDED_FOR_THESIS/old_formal_88/route_artifacts/R1:db3f7933-dfa0-4678-9d4f-393b628ded45_6_25.json,5091b89dbfef28baaf081671b242a685d3cff4c654b692a50a1a234878bc29d7,32807,old 300 R1 + frozen 300 R3 source route artifacts,absolute_personal_path_redaction_only
${PROJECT_MSC_ROOT}/msc_thesis/main_system/isolated_workspaces/hourvideo_direct_api_eval300_v1/outputs/direct_v1_formal/direct_v1_2_3x16_r1_r3_eval300_formal_v1/route_artifacts/R1:db3f7933-dfa0-4678-9d4f-393b628ded45_6_7.json,784a3489d9d5eb346eaf3ef5d76eb4450291be18d0477ac35d49ea5537e302f1,35318,artifacts/SUPERSEDED_FOR_THESIS/old_formal_88/route_artifacts/R1:db3f7933-dfa0-4678-9d4f-393b628ded45_6_7.json,0093f5ec81edc7d55c0d98b2ff22b02a26d7fe38195da975a40e756eb70d6add,34966,old 300 R1 + frozen 300 R3 source route artifacts,absolute_personal_path_redaction_only
${PROJECT_MSC_ROOT}/msc_thesis/main_system/isolated_workspaces/hourvideo_direct_api_eval300_v1/outputs/direct_v1_formal/direct_v1_2_3x16_r1_r3_eval300_formal_v1/route_artifacts/R1:db3f7933-dfa0-4678-9d4f-393b628ded45_7_10.json,1b3f633057320c6053d36944cb78a1146b766597765e8fca7a4027d360f3fbe5,18392,artifacts/SUPERSEDED_FOR_THESIS/old_formal_88/route_artifacts/R1:db3f7933-dfa0-4678-9d4f-393b628ded45_7_10.json,f8571564069e665241d3c134ed38afe786497a78074a29ad2fb38c74750c65b8,18216,old 300 R1 + frozen 300 R3 source route artifacts,absolute_personal_path_redaction_only
${PROJECT_MSC_ROOT}/msc_thesis/main_system/isolated_workspaces/hourvideo_direct_api_eval300_v1/outputs/direct_v1_formal/direct_v1_2_3x16_r1_r3_eval300_formal_v1/route_artifacts/R1:db3f7933-dfa0-4678-9d4f-393b628ded45_7_14.json,d58c6c403b8d0299e771a5e4bac2e245b0f849a125e3b1230cc4b0c6a0de9081,18572,artifacts/SUPERSEDED_FOR_THESIS/old_formal_88/route_artifacts/R1:db3f7933-dfa0-4678-9d4f-393b628ded45_7_14.json,9d699acd7a23c4dfa251c7e34a4fce1670cf2db93c5f605832e09c4860fc45fe,18374,old 300 R1 + frozen 300 R3 source route artifacts,absolute_personal_path_redaction_only
${PROJECT_MSC_ROOT}/msc_thesis/main_system/isolated_workspaces/hourvideo_direct_api_eval300_v1/outputs/direct_v1_formal/direct_v1_2_3x16_r1_r3_eval300_formal_v1/route_artifacts/R1:db3f7933-dfa0-4678-9d4f-393b628ded45_7_19.json,091de5cc2332c28c94b2882e446abf280cf55c7ddbb35768c1d94ed5cb7ac9a7,32683,artifacts/SUPERSEDED_FOR_THESIS/old_formal_88/route_artifacts/R1:db3f7933-dfa0-4678-9d4f-393b628ded45_7_19.json,f946d1e768a1295abef04d44c9d6c1a93661c297ed8ea1f58d7b508f4dc2a1ba,32331,old 300 R1 + frozen 300 R3 source route artifacts,absolute_personal_path_redaction_only
${PROJECT_MSC_ROOT}/msc_thesis/main_system/isolated_workspaces/hourvideo_direct_api_eval300_v1/outputs/direct_v1_formal/direct_v1_2_3x16_r1_r3_eval300_formal_v1/route_artifacts/R1:db3f7933-dfa0-4678-9d4f-393b628ded45_7_21.json,2238e3c1ce37be2d21fe4c9f5948d7daca7086f56111c2e877f37cb4f52fa0be,37253,artifacts/SUPERSEDED_FOR_THESIS/old_formal_88/route_artifacts/R1:db3f7933-dfa0-4678-9d4f-393b628ded45_7_21.json,f38e209df9bf0df0588d0a540a57165d7846c332f732c7c6ae73be48011e36c4,36857,old 300 R1 + frozen 300 R3 source route artifacts,absolute_personal_path_redaction_only
${PROJECT_MSC_ROOT}/msc_thesis/main_system/isolated_workspaces/hourvideo_direct_api_eval300_v1/outputs/direct_v1_formal/direct_v1_2_3x16_r1_r3_eval300_formal_v1/route_artifacts/R1:db3f7933-dfa0-4678-9d4f-393b628ded45_7_23.json,63a65371482eec687d7ed844edbbf9b07ffb7ff8c6362100a3abe6add44e7d97,19900,artifacts/SUPERSEDED_FOR_THESIS/old_formal_88/route_artifacts/R1:db3f7933-dfa0-4678-9d4f-393b628ded45_7_23.json,748a88b90b02e4bb1eca5f43ac8698ddbf431d537223a410ccb39e952808626d,19702,old 300 R1 + frozen 300 R3 source route artifacts,absolute_personal_path_redaction_only
${PROJECT_MSC_ROOT}/msc_thesis/main_system/isolated_workspaces/hourvideo_direct_api_eval300_v1/outputs/direct_v1_formal/direct_v1_2_3x16_r1_r3_eval300_formal_v1/route_artifacts/R1:db3f7933-dfa0-4678-9d4f-393b628ded45_7_28.json,5f054ea77c050c21dc5b2289e98ead4965730c723b7e9b3dd1ae4959eb4d2d1b,50004,artifacts/SUPERSEDED_FOR_THESIS/old_formal_88/route_artifacts/R1:db3f7933-dfa0-4678-9d4f-393b628ded45_7_28.json,ccb9d36ef3b50439bad838c6e9549aab0c88fc64c37c7b365aacf1f62c75d7bd,49674,old 300 R1 + frozen 300 R3 source route artifacts,absolute_personal_path_redaction_only
${PROJECT_MSC_ROOT}/msc_thesis/main_system/isolated_workspaces/hourvideo_direct_api_eval300_v1/outputs/direct_v1_formal/direct_v1_2_3x16_r1_r3_eval300_formal_v1/route_artifacts/R1:db3f7933-dfa0-4678-9d4f-393b628ded45_7_6.json,7eb86da10b4d0f6fa4d3eaa0637624beff682431a401220786fb330ceaf05233,41520,artifacts/SUPERSEDED_FOR_THESIS/old_formal_88/route_artifacts/R1:db3f7933-dfa0-4678-9d4f-393b628ded45_7_6.json,1735eadf85859e843a591f7dd76857d7ea22f54db8688967ff2249f97c947bfa,41168,old 300 R1 + frozen 300 R3 source route artifacts,absolute_personal_path_redaction_only
${PROJECT_MSC_ROOT}/msc_thesis/main_system/isolated_workspaces/hourvideo_direct_api_eval300_v1/outputs/direct_v1_formal/direct_v1_2_3x16_r1_r3_eval300_formal_v1/route_artifacts/R1:db3f7933-dfa0-4678-9d4f-393b628ded45_7_8.json,4ee67358f9fd87e88f28699631e4fa8de278a353d264b49c2d7f9bd844cec2f7,39979,artifacts/SUPERSEDED_FOR_THESIS/old_formal_88/route_artifacts/R1:db3f7933-dfa0-4678-9d4f-393b628ded45_7_8.json,bc1661accae1698c1a687e9888b4f440d86eb9b5060f76b863882cbde3d242b5,39649,old 300 R1 + frozen 300 R3 source route artifacts,absolute_personal_path_redaction_only
${PROJECT_MSC_ROOT}/msc_thesis/main_system/isolated_workspaces/hourvideo_direct_api_eval300_v1/outputs/direct_v1_formal/direct_v1_2_3x16_r1_r3_eval300_formal_v1/route_artifacts/R1:db3f7933-dfa0-4678-9d4f-393b628ded45_8_4.json,31b6c79f7019aff310a7518ea22baf1ea567c438f3f3ec4b4bb496877f073faa,19599,artifacts/SUPERSEDED_FOR_THESIS/old_formal_88/route_artifacts/R1:db3f7933-dfa0-4678-9d4f-393b628ded45_8_4.json,a509d43bfae28fa204b8e3441d04f6ea88173534b01ace0a519e6579692a8453,19401,old 300 R1 + frozen 300 R3 source route artifacts,absolute_personal_path_redaction_only
${PROJECT_MSC_ROOT}/msc_thesis/main_system/isolated_workspaces/hourvideo_direct_api_eval300_v1/outputs/direct_v1_formal/direct_v1_2_3x16_r1_r3_eval300_formal_v1/route_artifacts/R3:115774b6-534d-444f-b7aa-d1b834eb0ee7_12_27.json,99c4f453816c5543af491671addae71bc0c813fe6ff46ef66092cd86e59c5cb6,19189,artifacts/SUPERSEDED_FOR_THESIS/old_formal_88/route_artifacts/R3:115774b6-534d-444f-b7aa-d1b834eb0ee7_12_27.json,f61b62f0c9113b5ea772198466482e0e7579287d01648572d545472d28317b2b,18991,old 300 R1 + frozen 300 R3 source route artifacts,absolute_personal_path_redaction_only
${PROJECT_MSC_ROOT}/msc_thesis/main_system/isolated_workspaces/hourvideo_direct_api_eval300_v1/outputs/direct_v1_formal/direct_v1_2_3x16_r1_r3_eval300_formal_v1/route_artifacts/R3:115774b6-534d-444f-b7aa-d1b834eb0ee7_17_12.json,962539e9fa3efe3e568a773f6f2b9738617fa4ea52043b3bff05a10b62f7cada,20978,artifacts/SUPERSEDED_FOR_THESIS/old_formal_88/route_artifacts/R3:115774b6-534d-444f-b7aa-d1b834eb0ee7_17_12.json,8e194b60c85b8941e87937a052e6dd136e23c0948054d30ad6de69d17a7e5d5b,20780,old 300 R1 + frozen 300 R3 source route artifacts,absolute_personal_path_redaction_only
${PROJECT_MSC_ROOT}/msc_thesis/main_system/isolated_workspaces/hourvideo_direct_api_eval300_v1/outputs/direct_v1_formal/direct_v1_2_3x16_r1_r3_eval300_formal_v1/route_artifacts/R3:115774b6-534d-444f-b7aa-d1b834eb0ee7_17_14.json,1908c4dad241b65a0f559cc71a02fa97052615cd4ed6c1a1e1e5310d25204627,19156,artifacts/SUPERSEDED_FOR_THESIS/old_formal_88/route_artifacts/R3:115774b6-534d-444f-b7aa-d1b834eb0ee7_17_14.json,c35d8d1279a5f0c20097ae211ec1d77a7c3e97d839c2561a9d15b2a291eed6d6,18958,old 300 R1 + frozen 300 R3 source route artifacts,absolute_personal_path_redaction_only
${PROJECT_MSC_ROOT}/msc_thesis/main_system/isolated_workspaces/hourvideo_direct_api_eval300_v1/outputs/direct_v1_formal/direct_v1_2_3x16_r1_r3_eval300_formal_v1/route_artifacts/R3:115774b6-534d-444f-b7aa-d1b834eb0ee7_17_31.json,4468a1f53c3fe1dc22960ea359f13b7b998fd54dc302600f670a473512d7da30,28790,artifacts/SUPERSEDED_FOR_THESIS/old_formal_88/route_artifacts/R3:115774b6-534d-444f-b7aa-d1b834eb0ee7_17_31.json,7719241a883d885d434c6615f27a46a78d58e30720b772358630e734c25b31f4,28460,old 300 R1 + frozen 300 R3 source route artifacts,absolute_personal_path_redaction_only
${PROJECT_MSC_ROOT}/msc_thesis/main_system/isolated_workspaces/hourvideo_direct_api_eval300_v1/outputs/direct_v1_formal/direct_v1_2_3x16_r1_r3_eval300_formal_v1/route_artifacts/R3:115774b6-534d-444f-b7aa-d1b834eb0ee7_17_7.json,e77ba20e6c18a366321038fb72b69bd795868cd0b6ae419abe5f0ae1c47b9a34,19147,artifacts/SUPERSEDED_FOR_THESIS/old_formal_88/route_artifacts/R3:115774b6-534d-444f-b7aa-d1b834eb0ee7_17_7.json,848771a5d57739072c699574c93a80eb9b5ab47f4dc3f156965f5d35cc63e435,18949,old 300 R1 + frozen 300 R3 source route artifacts,absolute_personal_path_redaction_only
${PROJECT_MSC_ROOT}/msc_thesis/main_system/isolated_workspaces/hourvideo_direct_api_eval300_v1/outputs/direct_v1_formal/direct_v1_2_3x16_r1_r3_eval300_formal_v1/route_artifacts/R3:115774b6-534d-444f-b7aa-d1b834eb0ee7_1_1.json,8375a46ac6e1635f2834ef32315d0392b4cbba9c5ba511db1ca6265f19a9037d,31750,artifacts/SUPERSEDED_FOR_THESIS/old_formal_88/route_artifacts/R3:115774b6-534d-444f-b7aa-d1b834eb0ee7_1_1.json,88b297869fb9447469e636fd8135f2063e124d29bc2ca5bc5ab917331893c2d8,31420,old 300 R1 + frozen 300 R3 source route artifacts,absolute_personal_path_redaction_only
${PROJECT_MSC_ROOT}/msc_thesis/main_system/isolated_workspaces/hourvideo_direct_api_eval300_v1/outputs/direct_v1_formal/direct_v1_2_3x16_r1_r3_eval300_formal_v1/route_artifacts/R3:115774b6-534d-444f-b7aa-d1b834eb0ee7_1_3.json,6a4c7076224f502fd6cacd9fbe688cf6638bae6a641ebc13cf2da4ad876c1783,30735,artifacts/SUPERSEDED_FOR_THESIS/old_formal_88/route_artifacts/R3:115774b6-534d-444f-b7aa-d1b834eb0ee7_1_3.json,33fe6de191965ad8b752fdaa6a789df22e1ca1661d86142f6ad5a1c4a4e173b7,30405,old 300 R1 + frozen 300 R3 source route artifacts,absolute_personal_path_redaction_only
${PROJECT_MSC_ROOT}/msc_thesis/main_system/isolated_workspaces/hourvideo_direct_api_eval300_v1/outputs/direct_v1_formal/direct_v1_2_3x16_r1_r3_eval300_formal_v1/route_artifacts/R3:115774b6-534d-444f-b7aa-d1b834eb0ee7_2_2.json,f84759d660c8447121d2c2e4dc0bcae116645512733e839fefc217b4e9a10020,18982,artifacts/SUPERSEDED_FOR_THESIS/old_formal_88/route_artifacts/R3:115774b6-534d-444f-b7aa-d1b834eb0ee7_2_2.json,ff6de607d19cf734a5083e2df68c9c174f03a4a77aadf6b283687fb865541559,18784,old 300 R1 + frozen 300 R3 source route artifacts,absolute_personal_path_redaction_only
${PROJECT_MSC_ROOT}/msc_thesis/main_system/isolated_workspaces/hourvideo_direct_api_eval300_v1/outputs/direct_v1_formal/direct_v1_2_3x16_r1_r3_eval300_formal_v1/route_artifacts/R3:115774b6-534d-444f-b7aa-d1b834eb0ee7_2_4.json,0dffeb188c91f706f83469081b558bd0477691128b03757b47ef162d6c1992d9,23419,artifacts/SUPERSEDED_FOR_THESIS/old_formal_88/route_artifacts/R3:115774b6-534d-444f-b7aa-d1b834eb0ee7_2_4.json,f21fff1513a39f311522616b31e1e4cce514bdf05e3acbd5c644ca38718df708,23155,old 300 R1 + frozen 300 R3 source route artifacts,absolute_personal_path_redaction_only
${PROJECT_MSC_ROOT}/msc_thesis/main_system/isolated_workspaces/hourvideo_direct_api_eval300_v1/outputs/direct_v1_formal/direct_v1_2_3x16_r1_r3_eval300_formal_v1/route_artifacts/R3:115774b6-534d-444f-b7aa-d1b834eb0ee7_3_21.json,42b452f5d0fd8a3406bbc6cc9ab50202a10e3231163ebb7e0601638a72f23870,17901,artifacts/SUPERSEDED_FOR_THESIS/old_formal_88/route_artifacts/R3:115774b6-534d-444f-b7aa-d1b834eb0ee7_3_21.json,e8052eaa5f3b2f155f78807a45016b4a79896c8d4a04ad55a5549a8d39456c5a,17769,old 300 R1 + frozen 300 R3 source route artifacts,absolute_personal_path_redaction_only
${PROJECT_MSC_ROOT}/msc_thesis/main_system/isolated_workspaces/hourvideo_direct_api_eval300_v1/outputs/direct_v1_formal/direct_v1_2_3x16_r1_r3_eval300_formal_v1/route_artifacts/R3:115774b6-534d-444f-b7aa-d1b834eb0ee7_3_23.json,21f35e7dbbea6af8773b1ae936e3bf68c46b34e7f29fade3924d69ccc5a78585,18588,artifacts/SUPERSEDED_FOR_THESIS/old_formal_88/route_artifacts/R3:115774b6-534d-444f-b7aa-d1b834eb0ee7_3_23.json,83d6d00522f7f48c3f478235be36a8b16f106767fdef2e3eb64efc85b6aca60d,18456,old 300 R1 + frozen 300 R3 source route artifacts,absolute_personal_path_redaction_only
${PROJECT_MSC_ROOT}/msc_thesis/main_system/isolated_workspaces/hourvideo_direct_api_eval300_v1/outputs/direct_v1_formal/direct_v1_2_3x16_r1_r3_eval300_formal_v1/route_artifacts/R3:115774b6-534d-444f-b7aa-d1b834eb0ee7_3_6.json,183405e21735aa59087ea6a7466f5fdc3a353fd11243f9792443ab3817ebec76,11434,artifacts/SUPERSEDED_FOR_THESIS/old_formal_88/route_artifacts/R3:115774b6-534d-444f-b7aa-d1b834eb0ee7_3_6.json,ee10da1f9cf2f8f2bb824458bc90a9b81602741fbe30358813a3144a2aaf9797,11412,old 300 R1 + frozen 300 R3 source route artifacts,absolute_personal_path_redaction_only
${PROJECT_MSC_ROOT}/msc_thesis/main_system/isolated_workspaces/hourvideo_direct_api_eval300_v1/outputs/direct_v1_formal/direct_v1_2_3x16_r1_r3_eval300_formal_v1/route_artifacts/R3:115774b6-534d-444f-b7aa-d1b834eb0ee7_4_1.json,c0191a9f7ee2307fe6d60108ccdd559a975b0e3221af49d5ca57966bd3dc3a31,19286,artifacts/SUPERSEDED_FOR_THESIS/old_formal_88/route_artifacts/R3:115774b6-534d-444f-b7aa-d1b834eb0ee7_4_1.json,4ab6a0b8345e95d4418c50f166359cf812d704c5e4f64c2dab208f617569ca08,19088,old 300 R1 + frozen 300 R3 source route artifacts,absolute_personal_path_redaction_only
${PROJECT_MSC_ROOT}/msc_thesis/main_system/isolated_workspaces/hourvideo_direct_api_eval300_v1/outputs/direct_v1_formal/direct_v1_2_3x16_r1_r3_eval300_formal_v1/route_artifacts/R3:115774b6-534d-444f-b7aa-d1b834eb0ee7_4_25.json,700a7650d774d936ff076a53075391ff20a61fd52fb8133b756b7fdf9802156b,29514,artifacts/SUPERSEDED_FOR_THESIS/old_formal_88/route_artifacts/R3:115774b6-534d-444f-b7aa-d1b834eb0ee7_4_25.json,0e82a2b45905b8eade4ae7811bf72d77d8d7997ee34bf18e949e2d196f4d877c,29184,old 300 R1 + frozen 300 R3 source route artifacts,absolute_personal_path_redaction_only
${PROJECT_MSC_ROOT}/msc_thesis/main_system/isolated_workspaces/hourvideo_direct_api_eval300_v1/outputs/direct_v1_formal/direct_v1_2_3x16_r1_r3_eval300_formal_v1/route_artifacts/R3:115774b6-534d-444f-b7aa-d1b834eb0ee7_5_29.json,4853733743431d0c7871b9728798f2135c494382f345915282c38d99f6347879,32638,artifacts/SUPERSEDED_FOR_THESIS/old_formal_88/route_artifacts/R3:115774b6-534d-444f-b7aa-d1b834eb0ee7_5_29.json,373f1c1b31965cf885189059f61d023d124ed8accca9df11a8f2f4b249900df1,32286,old 300 R1 + frozen 300 R3 source route artifacts,absolute_personal_path_redaction_only
${PROJECT_MSC_ROOT}/msc_thesis/main_system/isolated_workspaces/hourvideo_direct_api_eval300_v1/outputs/direct_v1_formal/direct_v1_2_3x16_r1_r3_eval300_formal_v1/route_artifacts/R3:115774b6-534d-444f-b7aa-d1b834eb0ee7_5_5.json,5efcf274a2d1ea739eea7e4375934881399980b33e7d0b51ab4f9f20974590f6,24689,artifacts/SUPERSEDED_FOR_THESIS/old_formal_88/route_artifacts/R3:115774b6-534d-444f-b7aa-d1b834eb0ee7_5_5.json,948af079295bd48ce8304047def2423719ae766d5c64ea6d808e2b70f88b9d42,24425,old 300 R1 + frozen 300 R3 source route artifacts,absolute_personal_path_redaction_only
${PROJECT_MSC_ROOT}/msc_thesis/main_system/isolated_workspaces/hourvideo_direct_api_eval300_v1/outputs/direct_v1_formal/direct_v1_2_3x16_r1_r3_eval300_formal_v1/route_artifacts/R3:115774b6-534d-444f-b7aa-d1b834eb0ee7_6_2.json,aba16c67f45d4085ebc8c85038cdecc0748efed76aada245d37678e2f18ba724,19432,artifacts/SUPERSEDED_FOR_THESIS/old_formal_88/route_artifacts/R3:115774b6-534d-444f-b7aa-d1b834eb0ee7_6_2.json,e3910beeebb110ae41a89058e2364541434affb75e03cc3e1b6443550fb51c96,19234,old 300 R1 + frozen 300 R3 source route artifacts,absolute_personal_path_redaction_only
${PROJECT_MSC_ROOT}/msc_thesis/main_system/isolated_workspaces/hourvideo_direct_api_eval300_v1/outputs/direct_v1_formal/direct_v1_2_3x16_r1_r3_eval300_formal_v1/route_artifacts/R3:115774b6-534d-444f-b7aa-d1b834eb0ee7_6_24.json,6bc3fc634d7a0755a52a23269076a50250c284233caec82f842e3ecfc80032e6,28708,artifacts/SUPERSEDED_FOR_THESIS/old_formal_88/route_artifacts/R3:115774b6-534d-444f-b7aa-d1b834eb0ee7_6_24.json,a7508483b72afdde1e78a0a79c843fa1d9e7f60ef51c06b530988fdf423eaa31,28378,old 300 R1 + frozen 300 R3 source route artifacts,absolute_personal_path_redaction_only
${PROJECT_MSC_ROOT}/msc_thesis/main_system/isolated_workspaces/hourvideo_direct_api_eval300_v1/outputs/direct_v1_formal/direct_v1_2_3x16_r1_r3_eval300_formal_v1/route_artifacts/R3:115774b6-534d-444f-b7aa-d1b834eb0ee7_6_3.json,159dcef8d3e2b2cb094c6a67db4b0faa0cbf5b56cdb49bac53b1c9a875737676,20996,artifacts/SUPERSEDED_FOR_THESIS/old_formal_88/route_artifacts/R3:115774b6-534d-444f-b7aa-d1b834eb0ee7_6_3.json,29b9693271a1a79199db250bac49a2fd7ba8974d2966ece6f1bc3ae721221d69,20798,old 300 R1 + frozen 300 R3 source route artifacts,absolute_personal_path_redaction_only
${PROJECT_MSC_ROOT}/msc_thesis/main_system/isolated_workspaces/hourvideo_direct_api_eval300_v1/outputs/direct_v1_formal/direct_v1_2_3x16_r1_r3_eval300_formal_v1/route_artifacts/R3:115774b6-534d-444f-b7aa-d1b834eb0ee7_6_4.json,ef74555b7d936bf42695da44b5d2291d2d8ab9ecd835bd6ef6b0a21ca92aa07b,29452,artifacts/SUPERSEDED_FOR_THESIS/old_formal_88/route_artifacts/R3:115774b6-534d-444f-b7aa-d1b834eb0ee7_6_4.json,08af079dec159d690f1209aea4dc7f2c3b481a793267ea86ad00d4350ff4e5af,29122,old 300 R1 + frozen 300 R3 source route artifacts,absolute_personal_path_redaction_only
${PROJECT_MSC_ROOT}/msc_thesis/main_system/isolated_workspaces/hourvideo_direct_api_eval300_v1/outputs/direct_v1_formal/direct_v1_2_3x16_r1_r3_eval300_formal_v1/route_artifacts/R3:115774b6-534d-444f-b7aa-d1b834eb0ee7_7_10.json,1a45ed6ee601f1951b3c911027f51eae8680d1c501be4d80b636a4188531c995,19405,artifacts/SUPERSEDED_FOR_THESIS/old_formal_88/route_artifacts/R3:115774b6-534d-444f-b7aa-d1b834eb0ee7_7_10.json,6b94d9fd77191fd7e12e8f19df216c1633a2952f0741502dfb2fe11bf7bcbecd,19207,old 300 R1 + frozen 300 R3 source route artifacts,absolute_personal_path_redaction_only
${PROJECT_MSC_ROOT}/msc_thesis/main_system/isolated_workspaces/hourvideo_direct_api_eval300_v1/outputs/direct_v1_formal/direct_v1_2_3x16_r1_r3_eval300_formal_v1/route_artifacts/R3:115774b6-534d-444f-b7aa-d1b834eb0ee7_7_22.json,f1d7f0f97aff301dc0a1f59a73a9e0c2ae19ebe02144902909e7e68b4025e79f,54592,artifacts/SUPERSEDED_FOR_THESIS/old_formal_88/route_artifacts/R3:115774b6-534d-444f-b7aa-d1b834eb0ee7_7_22.json,b140e7e5287c2275f6e3180f12ee1357b79e44f2061a9d13bdc521942032d8c5,53976,old 300 R1 + frozen 300 R3 source route artifacts,absolute_personal_path_redaction_only
${PROJECT_MSC_ROOT}/msc_thesis/main_system/isolated_workspaces/hourvideo_direct_api_eval300_v1/outputs/direct_v1_formal/direct_v1_2_3x16_r1_r3_eval300_formal_v1/route_artifacts/R3:115774b6-534d-444f-b7aa-d1b834eb0ee7_8_13.json,07696d21f4d1b4862bfe252ad6029d82a14ed1b9031b5bf9314a69749870e4cb,14750,artifacts/SUPERSEDED_FOR_THESIS/old_formal_88/route_artifacts/R3:115774b6-534d-444f-b7aa-d1b834eb0ee7_8_13.json,50bafdf20cd2acbd620fa55627dd00c3a03abfd315d66c963ac9383289fc4182,14618,old 300 R1 + frozen 300 R3 source route artifacts,absolute_personal_path_redaction_only
${PROJECT_MSC_ROOT}/msc_thesis/main_system/isolated_workspaces/hourvideo_direct_api_eval300_v1/outputs/direct_v1_formal/direct_v1_2_3x16_r1_r3_eval300_formal_v1/route_artifacts/R3:115774b6-534d-444f-b7aa-d1b834eb0ee7_8_26.json,40fe8398cd5786255166d390256ada5f86ac7f94a99714dbd9a1f0d34e571b55,20423,artifacts/SUPERSEDED_FOR_THESIS/old_formal_88/route_artifacts/R3:115774b6-534d-444f-b7aa-d1b834eb0ee7_8_26.json,3435bce65309cd8e0fee28a418ddc313ca2c5c8a923e545c005cdf47ca0f7bb6,20225,old 300 R1 + frozen 300 R3 source route artifacts,absolute_personal_path_redaction_only
${PROJECT_MSC_ROOT}/msc_thesis/main_system/isolated_workspaces/hourvideo_direct_api_eval300_v1/outputs/direct_v1_formal/direct_v1_2_3x16_r1_r3_eval300_formal_v1/route_artifacts/R3:115774b6-534d-444f-b7aa-d1b834eb0ee7_8_8.json,e316795862e8984f6054e152104f7c068714ac8ba8e267877808925ae59e26b8,19410,artifacts/SUPERSEDED_FOR_THESIS/old_formal_88/route_artifacts/R3:115774b6-534d-444f-b7aa-d1b834eb0ee7_8_8.json,7f6e642bc4058929af306725ecff94d753d5b0245c95b349d1ededbad529ccd2,19212,old 300 R1 + frozen 300 R3 source route artifacts,absolute_personal_path_redaction_only
${PROJECT_MSC_ROOT}/msc_thesis/main_system/isolated_workspaces/hourvideo_direct_api_eval300_v1/outputs/direct_v1_formal/direct_v1_2_3x16_r1_r3_eval300_formal_v1/route_artifacts/R3:41a86310-2cc1-48f9-b5b5-6b495a95fbac_11_1.json,c4b290cfec6e2e2ac068eae81f985486628c00c53548da02180c32b2b3c5e9ff,14423,artifacts/SUPERSEDED_FOR_THESIS/old_formal_88/route_artifacts/R3:41a86310-2cc1-48f9-b5b5-6b495a95fbac_11_1.json,e5073ff83d472dbd5eb93f55d8a1e18d21bf2383a9f65f648d9764e1be01ef75,14313,old 300 R1 + frozen 300 R3 source route artifacts,absolute_personal_path_redaction_only
${PROJECT_MSC_ROOT}/msc_thesis/main_system/isolated_workspaces/hourvideo_direct_api_eval300_v1/outputs/direct_v1_formal/direct_v1_2_3x16_r1_r3_eval300_formal_v1/route_artifacts/R3:41a86310-2cc1-48f9-b5b5-6b495a95fbac_11_19.json,cedeae6cfc27b3712a7f400f322b54e8e695a39d1e33b9081c6a6ca74d194ce4,28467,artifacts/SUPERSEDED_FOR_THESIS/old_formal_88/route_artifacts/R3:41a86310-2cc1-48f9-b5b5-6b495a95fbac_11_19.json,e0c9d5e27cce93a3ebec12fe843172a0b2771a3f673c261061f6d5be38fb6c30,28137,old 300 R1 + frozen 300 R3 source route artifacts,absolute_personal_path_redaction_only
${PROJECT_MSC_ROOT}/msc_thesis/main_system/isolated_workspaces/hourvideo_direct_api_eval300_v1/outputs/direct_v1_formal/direct_v1_2_3x16_r1_r3_eval300_formal_v1/route_artifacts/R3:41a86310-2cc1-48f9-b5b5-6b495a95fbac_11_31.json,923708ee564540d491f0783dc7184ca172e4618b5620aaaf1f68e1d61b86bb6b,18998,artifacts/SUPERSEDED_FOR_THESIS/old_formal_88/route_artifacts/R3:41a86310-2cc1-48f9-b5b5-6b495a95fbac_11_31.json,9742732499a6987dec6312ce02b02bb01eef22cde0a4cadd3630119234749221,18822,old 300 R1 + frozen 300 R3 source route artifacts,absolute_personal_path_redaction_only
${PROJECT_MSC_ROOT}/msc_thesis/main_system/isolated_workspaces/hourvideo_direct_api_eval300_v1/outputs/direct_v1_formal/direct_v1_2_3x16_r1_r3_eval300_formal_v1/route_artifacts/R3:41a86310-2cc1-48f9-b5b5-6b495a95fbac_11_34.json,08db50f5ad26268e6ee20fdb8093ecf25887f475aabb92b0ce0307f0cfb122ef,29375,artifacts/SUPERSEDED_FOR_THESIS/old_formal_88/route_artifacts/R3:41a86310-2cc1-48f9-b5b5-6b495a95fbac_11_34.json,8e7ee4b5b9170e32078a9b6a27848046294e8ce3a3412d9cb1f3b1ba469712d5,29045,old 300 R1 + frozen 300 R3 source route artifacts,absolute_personal_path_redaction_only
${PROJECT_MSC_ROOT}/msc_thesis/main_system/isolated_workspaces/hourvideo_direct_api_eval300_v1/outputs/direct_v1_formal/direct_v1_2_3x16_r1_r3_eval300_formal_v1/route_artifacts/R3:41a86310-2cc1-48f9-b5b5-6b495a95fbac_11_4.json,9be5adebfe85f704426d11a6003b95e3a6db71390292b3222a0d6cfbc8fe8333,19080,artifacts/SUPERSEDED_FOR_THESIS/old_formal_88/route_artifacts/R3:41a86310-2cc1-48f9-b5b5-6b495a95fbac_11_4.json,bbd9ae4dd7df615cae4edeee78593e898099dc3c7e2c564d9e199a9751cf0f72,18882,old 300 R1 + frozen 300 R3 source route artifacts,absolute_personal_path_redaction_only
${PROJECT_MSC_ROOT}/msc_thesis/main_system/isolated_workspaces/hourvideo_direct_api_eval300_v1/outputs/direct_v1_formal/direct_v1_2_3x16_r1_r3_eval300_formal_v1/route_artifacts/R3:41a86310-2cc1-48f9-b5b5-6b495a95fbac_17_10.json,875075c327402c5d53e3fec741119152cd7f9fd62336a8c1eea8ccfb7eea6a7d,8895,artifacts/SUPERSEDED_FOR_THESIS/old_formal_88/route_artifacts/R3:41a86310-2cc1-48f9-b5b5-6b495a95fbac_17_10.json,5b72ddefd463f35dc38cfd3f1e2e1bf42dca5756e7130fe329c9da6152140ed2,8829,old 300 R1 + frozen 300 R3 source route artifacts,absolute_personal_path_redaction_only
${PROJECT_MSC_ROOT}/msc_thesis/main_system/isolated_workspaces/hourvideo_direct_api_eval300_v1/outputs/direct_v1_formal/direct_v1_2_3x16_r1_r3_eval300_formal_v1/route_artifacts/R3:41a86310-2cc1-48f9-b5b5-6b495a95fbac_17_13.json,d2eaccfcb7b1e3e3f53baeaac9785c4f831d634b654288c402d3b090e38ca641,15157,artifacts/SUPERSEDED_FOR_THESIS/old_formal_88/route_artifacts/R3:41a86310-2cc1-48f9-b5b5-6b495a95fbac_17_13.json,f8432acdb84e0735332092cb69993d54ff7db62050562d46e8ef0767283949fd,15025,old 300 R1 + frozen 300 R3 source route artifacts,absolute_personal_path_redaction_only
${PROJECT_MSC_ROOT}/msc_thesis/main_system/isolated_workspaces/hourvideo_direct_api_eval300_v1/outputs/direct_v1_formal/direct_v1_2_3x16_r1_r3_eval300_formal_v1/route_artifacts/R3:41a86310-2cc1-48f9-b5b5-6b495a95fbac_17_15.json,f8a1677c40ac2c0e00ac2dee25cb413aa0428dabe4c2f7b02399acd839d6d5eb,34829,artifacts/SUPERSEDED_FOR_THESIS/old_formal_88/route_artifacts/R3:41a86310-2cc1-48f9-b5b5-6b495a95fbac_17_15.json,41a8421be847706c4e6c7ad7e224d390ffb943b7f39f1794b0d72053478c34ef,34499,old 300 R1 + frozen 300 R3 source route artifacts,absolute_personal_path_redaction_only
${PROJECT_MSC_ROOT}/msc_thesis/main_system/isolated_workspaces/hourvideo_direct_api_eval300_v1/outputs/direct_v1_formal/direct_v1_2_3x16_r1_r3_eval300_formal_v1/route_artifacts/R3:41a86310-2cc1-48f9-b5b5-6b495a95fbac_17_2.json,4a55f7b72d38499223f2e8eabf900102a730a80d9e0e0b4dddeedb004e1fe19d,9150,artifacts/SUPERSEDED_FOR_THESIS/old_formal_88/route_artifacts/R3:41a86310-2cc1-48f9-b5b5-6b495a95fbac_17_2.json,255d03ae6775fa6458b80b38b1b5570b66fdaabbb600e94e7d15e8984c637af9,9084,old 300 R1 + frozen 300 R3 source route artifacts,absolute_personal_path_redaction_only
${PROJECT_MSC_ROOT}/msc_thesis/main_system/isolated_workspaces/hourvideo_direct_api_eval300_v1/outputs/direct_v1_formal/direct_v1_2_3x16_r1_r3_eval300_formal_v1/route_artifacts/R3:41a86310-2cc1-48f9-b5b5-6b495a95fbac_17_21.json,0cd782fa55eb95e011e001b38588fc2e4b0f1ca3cb86f58067143ac24dcda29e,17548,artifacts/SUPERSEDED_FOR_THESIS/old_formal_88/route_artifacts/R3:41a86310-2cc1-48f9-b5b5-6b495a95fbac_17_21.json,82b7e5bec6ff10d5a3bf7c1f0b8f53081089d3a6f8e6182e46901cb4a36fc34d,17416,old 300 R1 + frozen 300 R3 source route artifacts,absolute_personal_path_redaction_only
${PROJECT_MSC_ROOT}/msc_thesis/main_system/isolated_workspaces/hourvideo_direct_api_eval300_v1/outputs/direct_v1_formal/direct_v1_2_3x16_r1_r3_eval300_formal_v1/route_artifacts/R3:41a86310-2cc1-48f9-b5b5-6b495a95fbac_17_23.json,db4200996829817355a2899535b39edd0471f16d913184c1dee3689e77d11c47,28709,artifacts/SUPERSEDED_FOR_THESIS/old_formal_88/route_artifacts/R3:41a86310-2cc1-48f9-b5b5-6b495a95fbac_17_23.json,a2a956db30c4a7b422fb75b9da4d2f4c65ec42cf977366cff29952a708890143,28401,old 300 R1 + frozen 300 R3 source route artifacts,absolute_personal_path_redaction_only
${PROJECT_MSC_ROOT}/msc_thesis/main_system/isolated_workspaces/hourvideo_direct_api_eval300_v1/outputs/direct_v1_formal/direct_v1_2_3x16_r1_r3_eval300_formal_v1/route_artifacts/R3:41a86310-2cc1-48f9-b5b5-6b495a95fbac_17_26.json,63c94ce774cad83bbae899b4126cd11fab6c69ff1c76b17aff84b1ba9d16b135,24790,artifacts/SUPERSEDED_FOR_THESIS/old_formal_88/route_artifacts/R3:41a86310-2cc1-48f9-b5b5-6b495a95fbac_17_26.json,ff598e95951f417a2470fc8f9b0e6fb174da8dd458db7ce552bf4c92ac60e617,24526,old 300 R1 + frozen 300 R3 source route artifacts,absolute_personal_path_redaction_only
${PROJECT_MSC_ROOT}/msc_thesis/main_system/isolated_workspaces/hourvideo_direct_api_eval300_v1/outputs/direct_v1_formal/direct_v1_2_3x16_r1_r3_eval300_formal_v1/route_artifacts/R3:41a86310-2cc1-48f9-b5b5-6b495a95fbac_17_33.json,f867bd2a168345b8a064113fe65d6a441d7995246f5032699a557168d564f782,34003,artifacts/SUPERSEDED_FOR_THESIS/old_formal_88/route_artifacts/R3:41a86310-2cc1-48f9-b5b5-6b495a95fbac_17_33.json,333316341a6b4300ccf0da3a0686e1617f1bda5f934ec43d32066f83d2f6cd3c,33651,old 300 R1 + frozen 300 R3 source route artifacts,absolute_personal_path_redaction_only
${PROJECT_MSC_ROOT}/msc_thesis/main_system/isolated_workspaces/hourvideo_direct_api_eval300_v1/outputs/direct_v1_formal/direct_v1_2_3x16_r1_r3_eval300_formal_v1/route_artifacts/R3:41a86310-2cc1-48f9-b5b5-6b495a95fbac_17_38.json,42e6018b8d819d1bcf9c6b3f04d63415809cc6446453964c884bae7df305d4d6,9825,artifacts/SUPERSEDED_FOR_THESIS/old_formal_88/route_artifacts/R3:41a86310-2cc1-48f9-b5b5-6b495a95fbac_17_38.json,823a3c8f7f886c67c86fb6e31aeba871490e615c9c86c6884e6b61b213dee78a,9759,old 300 R1 + frozen 300 R3 source route artifacts,absolute_personal_path_redaction_only
${PROJECT_MSC_ROOT}/msc_thesis/main_system/isolated_workspaces/hourvideo_direct_api_eval300_v1/outputs/direct_v1_formal/direct_v1_2_3x16_r1_r3_eval300_formal_v1/route_artifacts/R3:41a86310-2cc1-48f9-b5b5-6b495a95fbac_23_8.json,f3ce7d4eedfcfd76054f54565ec21c28e742cefb697a6b05018adc9ad9e748e3,20026,artifacts/SUPERSEDED_FOR_THESIS/old_formal_88/route_artifacts/R3:41a86310-2cc1-48f9-b5b5-6b495a95fbac_23_8.json,40fd84df3c529e7614c17f86b1f43e2d38ed21b4a1962b3b7741c77f844c2703,19828,old 300 R1 + frozen 300 R3 source route artifacts,absolute_personal_path_redaction_only
${PROJECT_MSC_ROOT}/msc_thesis/main_system/isolated_workspaces/hourvideo_direct_api_eval300_v1/outputs/direct_v1_formal/direct_v1_2_3x16_r1_r3_eval300_formal_v1/route_artifacts/R3:41a86310-2cc1-48f9-b5b5-6b495a95fbac_4_25.json,ae8d0ba39a65671b16909267811185b22577f728edc4004ec4e079861adedd70,19427,artifacts/SUPERSEDED_FOR_THESIS/old_formal_88/route_artifacts/R3:41a86310-2cc1-48f9-b5b5-6b495a95fbac_4_25.json,20392e382efd70b19745c31de04c73a0733e287e5a9666b18c50875e22728e3c,19229,old 300 R1 + frozen 300 R3 source route artifacts,absolute_personal_path_redaction_only
${PROJECT_MSC_ROOT}/msc_thesis/main_system/isolated_workspaces/hourvideo_direct_api_eval300_v1/outputs/direct_v1_formal/direct_v1_2_3x16_r1_r3_eval300_formal_v1/route_artifacts/R3:41a86310-2cc1-48f9-b5b5-6b495a95fbac_5_20.json,d789a691fb8b77e4a4b0e11fe4223bee1cd984853ba90868f4652cd27f822cf0,26135,artifacts/SUPERSEDED_FOR_THESIS/old_formal_88/route_artifacts/R3:41a86310-2cc1-48f9-b5b5-6b495a95fbac_5_20.json,19dacfd61c2f836c849c7780f11c3edb7cb876026e6ae1ec9b4f8fb6dc59695d,25871,old 300 R1 + frozen 300 R3 source route artifacts,absolute_personal_path_redaction_only
${PROJECT_MSC_ROOT}/msc_thesis/main_system/isolated_workspaces/hourvideo_direct_api_eval300_v1/outputs/direct_v1_formal/direct_v1_2_3x16_r1_r3_eval300_formal_v1/route_artifacts/R3:41a86310-2cc1-48f9-b5b5-6b495a95fbac_6_14.json,bd20548a1276cc635b60c398ddf4445ea8ab1f8f050e38dd7cad4f9e56c4ebe3,19663,artifacts/SUPERSEDED_FOR_THESIS/old_formal_88/route_artifacts/R3:41a86310-2cc1-48f9-b5b5-6b495a95fbac_6_14.json,31a29309ad7a4f76a298ede2ccc5937bc5894a14109139c8cc7fe56b3f1634bc,19465,old 300 R1 + frozen 300 R3 source route artifacts,absolute_personal_path_redaction_only
${PROJECT_MSC_ROOT}/msc_thesis/main_system/isolated_workspaces/hourvideo_direct_api_eval300_v1/outputs/direct_v1_formal/direct_v1_2_3x16_r1_r3_eval300_formal_v1/route_artifacts/R3:41a86310-2cc1-48f9-b5b5-6b495a95fbac_6_24.json,64028fea6e116e87afce298135ee5cdd535067812c0442b5b5ec7b03c5e8a906,30104,artifacts/SUPERSEDED_FOR_THESIS/old_formal_88/route_artifacts/R3:41a86310-2cc1-48f9-b5b5-6b495a95fbac_6_24.json,917b7c3c76c4c237c3c3f49191e049c27fb75de26bc6d02e53d650962b758853,29774,old 300 R1 + frozen 300 R3 source route artifacts,absolute_personal_path_redaction_only
${PROJECT_MSC_ROOT}/msc_thesis/main_system/isolated_workspaces/hourvideo_direct_api_eval300_v1/outputs/direct_v1_formal/direct_v1_2_3x16_r1_r3_eval300_formal_v1/route_artifacts/R3:41a86310-2cc1-48f9-b5b5-6b495a95fbac_6_27.json,74b02a553ed5cdbcdab8649fa76161ef6a38a492a924f5ac03ce72739680c006,20163,artifacts/SUPERSEDED_FOR_THESIS/old_formal_88/route_artifacts/R3:41a86310-2cc1-48f9-b5b5-6b495a95fbac_6_27.json,5471fef6bd10b4d687af2c86153413e03fcf7d3a85057174d57db6ba8068cca3,19965,old 300 R1 + frozen 300 R3 source route artifacts,absolute_personal_path_redaction_only
${PROJECT_MSC_ROOT}/msc_thesis/main_system/isolated_workspaces/hourvideo_direct_api_eval300_v1/outputs/direct_v1_formal/direct_v1_2_3x16_r1_r3_eval300_formal_v1/route_artifacts/R3:41a86310-2cc1-48f9-b5b5-6b495a95fbac_6_32.json,c90ff1d917cabd16457c8bd59ee93a01794447c79380d7ac2c4250b88db159a5,19259,artifacts/SUPERSEDED_FOR_THESIS/old_formal_88/route_artifacts/R3:41a86310-2cc1-48f9-b5b5-6b495a95fbac_6_32.json,02be382878138dc6420945961e46dd3b7b0ab2fdce83e273e939278233016ebc,19061,old 300 R1 + frozen 300 R3 source route artifacts,absolute_personal_path_redaction_only
${PROJECT_MSC_ROOT}/msc_thesis/main_system/isolated_workspaces/hourvideo_direct_api_eval300_v1/outputs/direct_v1_formal/direct_v1_2_3x16_r1_r3_eval300_formal_v1/route_artifacts/R3:41a86310-2cc1-48f9-b5b5-6b495a95fbac_7_17.json,770f8982b730a66ee08920fdb646b83e29e2b3313189f22306e7b428805d221d,25021,artifacts/SUPERSEDED_FOR_THESIS/old_formal_88/route_artifacts/R3:41a86310-2cc1-48f9-b5b5-6b495a95fbac_7_17.json,8945eff05e56c6f5f41882bef841ca09a3349ab0303aefc811d5a8fdaafa31a0,24757,old 300 R1 + frozen 300 R3 source route artifacts,absolute_personal_path_redaction_only
${PROJECT_MSC_ROOT}/msc_thesis/main_system/isolated_workspaces/hourvideo_direct_api_eval300_v1/outputs/direct_v1_formal/direct_v1_2_3x16_r1_r3_eval300_formal_v1/route_artifacts/R3:41a86310-2cc1-48f9-b5b5-6b495a95fbac_7_39.json,ea725761b6e7946395ffbb2d11e52c37156d557d77dd054b6a5334fb56ef3fc0,19883,artifacts/SUPERSEDED_FOR_THESIS/old_formal_88/route_artifacts/R3:41a86310-2cc1-48f9-b5b5-6b495a95fbac_7_39.json,675f5fb75db3403e75f81ea45cb3678b5ac0c6fdd585fd3a9207922b6be07593,19707,old 300 R1 + frozen 300 R3 source route artifacts,absolute_personal_path_redaction_only
${PROJECT_MSC_ROOT}/msc_thesis/main_system/isolated_workspaces/hourvideo_direct_api_eval300_v1/outputs/direct_v1_formal/direct_v1_2_3x16_r1_r3_eval300_formal_v1/route_artifacts/R3:41a86310-2cc1-48f9-b5b5-6b495a95fbac_8_11.json,c91e80a654ce4c4c78692191867671c33574448e0446014b8042f836333264cc,20422,artifacts/SUPERSEDED_FOR_THESIS/old_formal_88/route_artifacts/R3:41a86310-2cc1-48f9-b5b5-6b495a95fbac_8_11.json,ae905834adbf73e4e65067c625c28e4fde69869a33576c08880f4d67525e294f,20224,old 300 R1 + frozen 300 R3 source route artifacts,absolute_personal_path_redaction_only
${PROJECT_MSC_ROOT}/msc_thesis/main_system/isolated_workspaces/hourvideo_direct_api_eval300_v1/outputs/direct_v1_formal/direct_v1_2_3x16_r1_r3_eval300_formal_v1/route_artifacts/R3:41a86310-2cc1-48f9-b5b5-6b495a95fbac_8_22.json,2ad9f00551c30706efc8eb55f0af55e3dca5e7b58cfef1dc3b0c76d62a1d1797,19271,artifacts/SUPERSEDED_FOR_THESIS/old_formal_88/route_artifacts/R3:41a86310-2cc1-48f9-b5b5-6b495a95fbac_8_22.json,abb9489be98a79ece467e22a474f82802e6f8d98c51c8c9596d5c18241c5d38c,19073,old 300 R1 + frozen 300 R3 source route artifacts,absolute_personal_path_redaction_only
${PROJECT_MSC_ROOT}/msc_thesis/main_system/isolated_workspaces/hourvideo_direct_api_eval300_v1/outputs/direct_v1_formal/direct_v1_2_3x16_r1_r3_eval300_formal_v1/route_artifacts/R3:4572b198-2c1c-4920-bcf0-95fcebe12261_13_1.json,f1f14079218edfe140012b7027d90a054fa7969a815a5799235f1783d1217a63,32776,artifacts/SUPERSEDED_FOR_THESIS/old_formal_88/route_artifacts/R3:4572b198-2c1c-4920-bcf0-95fcebe12261_13_1.json,69b8a0dce8aca6b0b1b70d8e276cb79a23535b17f1202675a8dc44c99cfc219b,32424,old 300 R1 + frozen 300 R3 source route artifacts,absolute_personal_path_redaction_only
${PROJECT_MSC_ROOT}/msc_thesis/main_system/isolated_workspaces/hourvideo_direct_api_eval300_v1/outputs/direct_v1_formal/direct_v1_2_3x16_r1_r3_eval300_formal_v1/route_artifacts/R3:4572b198-2c1c-4920-bcf0-95fcebe12261_15_1.json,24686cb42849f51610ce90089cc844f1fd28fb082c19fc6b72bfa024ce8f3dd0,35987,artifacts/SUPERSEDED_FOR_THESIS/old_formal_88/route_artifacts/R3:4572b198-2c1c-4920-bcf0-95fcebe12261_15_1.json,f1feb189eeba7edf5ad7b36b9079c45d89e14c8ff5604d98fa7dc84e16f4b459,35613,old 300 R1 + frozen 300 R3 source route artifacts,absolute_personal_path_redaction_only
${PROJECT_MSC_ROOT}/msc_thesis/main_system/isolated_workspaces/hourvideo_direct_api_eval300_v1/outputs/direct_v1_formal/direct_v1_2_3x16_r1_r3_eval300_formal_v1/route_artifacts/R3:4572b198-2c1c-4920-bcf0-95fcebe12261_17_10.json,3007ad862084c77c169a3da61ae229868eae86b1a6291ddd1118a7b0c70e8210,19057,artifacts/SUPERSEDED_FOR_THESIS/old_formal_88/route_artifacts/R3:4572b198-2c1c-4920-bcf0-95fcebe12261_17_10.json,163181b8fddbfe2ecab529b544d4839a15825791702c4712a2356d7ed1f6c81a,18859,old 300 R1 + frozen 300 R3 source route artifacts,absolute_personal_path_redaction_only
${PROJECT_MSC_ROOT}/msc_thesis/main_system/isolated_workspaces/hourvideo_direct_api_eval300_v1/outputs/direct_v1_formal/direct_v1_2_3x16_r1_r3_eval300_formal_v1/route_artifacts/R3:4572b198-2c1c-4920-bcf0-95fcebe12261_17_14.json,78cdc216595c76600a27d8de7dfb8f47c01c0583dfd0ced2370ea1815b8eb0a3,13950,artifacts/SUPERSEDED_FOR_THESIS/old_formal_88/route_artifacts/R3:4572b198-2c1c-4920-bcf0-95fcebe12261_17_14.json,2c8b8eab7ffd5613bd55d739151a6ae3a8ea6299844e88b432fb20febaee6de6,13818,old 300 R1 + frozen 300 R3 source route artifacts,absolute_personal_path_redaction_only
${PROJECT_MSC_ROOT}/msc_thesis/main_system/isolated_workspaces/hourvideo_direct_api_eval300_v1/outputs/direct_v1_formal/direct_v1_2_3x16_r1_r3_eval300_formal_v1/route_artifacts/R3:4572b198-2c1c-4920-bcf0-95fcebe12261_17_15.json,a52356e1968a88da1159007e1f4739bff118a2319bc611ef0dee4b0a098e518d,4663,artifacts/SUPERSEDED_FOR_THESIS/old_formal_88/route_artifacts/R3:4572b198-2c1c-4920-bcf0-95fcebe12261_17_15.json,a52356e1968a88da1159007e1f4739bff118a2319bc611ef0dee4b0a098e518d,4663,old 300 R1 + frozen 300 R3 source route artifacts,byte_for_byte
${PROJECT_MSC_ROOT}/msc_thesis/main_system/isolated_workspaces/hourvideo_direct_api_eval300_v1/outputs/direct_v1_formal/direct_v1_2_3x16_r1_r3_eval300_formal_v1/route_artifacts/R3:4572b198-2c1c-4920-bcf0-95fcebe12261_17_17.json,f1c0495f60ed4f9b2c12727fdf31314b6c331b6eeabd79aaa091c24ea6550e5b,7214,artifacts/SUPERSEDED_FOR_THESIS/old_formal_88/route_artifacts/R3:4572b198-2c1c-4920-bcf0-95fcebe12261_17_17.json,622de9a689dfc5a83b6e71c6c719c6a1ee888c1373f9bc71ed4a47708aa61053,7192,old 300 R1 + frozen 300 R3 source route artifacts,absolute_personal_path_redaction_only
${PROJECT_MSC_ROOT}/msc_thesis/main_system/isolated_workspaces/hourvideo_direct_api_eval300_v1/outputs/direct_v1_formal/direct_v1_2_3x16_r1_r3_eval300_formal_v1/route_artifacts/R3:4572b198-2c1c-4920-bcf0-95fcebe12261_17_25.json,4e853b21cc2d9c8defb0c16be064726aee7762f78402455a17c64f471871aa1a,16516,artifacts/SUPERSEDED_FOR_THESIS/old_formal_88/route_artifacts/R3:4572b198-2c1c-4920-bcf0-95fcebe12261_17_25.json,9f99f042863d1e0825a77343aa09ff43e916adead5126cf01a2eccbb2bbd59fb,16384,old 300 R1 + frozen 300 R3 source route artifacts,absolute_personal_path_redaction_only
${PROJECT_MSC_ROOT}/msc_thesis/main_system/isolated_workspaces/hourvideo_direct_api_eval300_v1/outputs/direct_v1_formal/direct_v1_2_3x16_r1_r3_eval300_formal_v1/route_artifacts/R3:4572b198-2c1c-4920-bcf0-95fcebe12261_17_26.json,d51910859be5adccbadbf1a793e39dae14e536e1a1f8286aef3055e4cd8483bd,16942,artifacts/SUPERSEDED_FOR_THESIS/old_formal_88/route_artifacts/R3:4572b198-2c1c-4920-bcf0-95fcebe12261_17_26.json,70d40d4c28d76d7411c5e722ef8101bcb89231b087062c2f9da702f403276089,16810,old 300 R1 + frozen 300 R3 source route artifacts,absolute_personal_path_redaction_only
${PROJECT_MSC_ROOT}/msc_thesis/main_system/isolated_workspaces/hourvideo_direct_api_eval300_v1/outputs/direct_v1_formal/direct_v1_2_3x16_r1_r3_eval300_formal_v1/route_artifacts/R3:4572b198-2c1c-4920-bcf0-95fcebe12261_17_29.json,ffe89f8ab261ce4b1627067e7f0adae1c16fcfa291249d657c210ef8bc038fd4,32922,artifacts/SUPERSEDED_FOR_THESIS/old_formal_88/route_artifacts/R3:4572b198-2c1c-4920-bcf0-95fcebe12261_17_29.json,0b00c3ae5730f6d1b36999f1402854b59340ee744a4e76d96a043477112aaeab,32592,old 300 R1 + frozen 300 R3 source route artifacts,absolute_personal_path_redaction_only
${PROJECT_MSC_ROOT}/msc_thesis/main_system/isolated_workspaces/hourvideo_direct_api_eval300_v1/outputs/direct_v1_formal/direct_v1_2_3x16_r1_r3_eval300_formal_v1/route_artifacts/R3:4572b198-2c1c-4920-bcf0-95fcebe12261_17_39.json,fcbbc5762cc7b3b70f46be444216abc3a056b104b287d0b73aeb4149b8e4a4a6,13177,artifacts/SUPERSEDED_FOR_THESIS/old_formal_88/route_artifacts/R3:4572b198-2c1c-4920-bcf0-95fcebe12261_17_39.json,841e65789b57e675ed23acf34ddb884f759489c35d5c7f08d527a5f9ba0ec5dd,13067,old 300 R1 + frozen 300 R3 source route artifacts,absolute_personal_path_redaction_only
${PROJECT_MSC_ROOT}/msc_thesis/main_system/isolated_workspaces/hourvideo_direct_api_eval300_v1/outputs/direct_v1_formal/direct_v1_2_3x16_r1_r3_eval300_formal_v1/route_artifacts/R3:4572b198-2c1c-4920-bcf0-95fcebe12261_2_1.json,69e7fd84b88fb07e66861edfb8437bd507cfde904b684b9c1802dd059e73e9c9,17396,artifacts/SUPERSEDED_FOR_THESIS/old_formal_88/route_artifacts/R3:4572b198-2c1c-4920-bcf0-95fcebe12261_2_1.json,4dcfd01036b1cd181fb50cb89c9f2e4ef9a381d626e7741a668fdf607714da7c,17264,old 300 R1 + frozen 300 R3 source route artifacts,absolute_personal_path_redaction_only
${PROJECT_MSC_ROOT}/msc_thesis/main_system/isolated_workspaces/hourvideo_direct_api_eval300_v1/outputs/direct_v1_formal/direct_v1_2_3x16_r1_r3_eval300_formal_v1/route_artifacts/R3:4572b198-2c1c-4920-bcf0-95fcebe12261_3_21.json,6eee83b6fc133f0d57cfd17b3733ddad090f12d272cd04acc6dc46a2c4e443a3,12772,artifacts/SUPERSEDED_FOR_THESIS/old_formal_88/route_artifacts/R3:4572b198-2c1c-4920-bcf0-95fcebe12261_3_21.json,608787329c3ec3a9778313547d09b63926e26025bdcf094e1a32edb97c1d4798,12706,old 300 R1 + frozen 300 R3 source route artifacts,absolute_personal_path_redaction_only
${PROJECT_MSC_ROOT}/msc_thesis/main_system/isolated_workspaces/hourvideo_direct_api_eval300_v1/outputs/direct_v1_formal/direct_v1_2_3x16_r1_r3_eval300_formal_v1/route_artifacts/R3:4572b198-2c1c-4920-bcf0-95fcebe12261_4_20.json,b69a1d3cff0354855d4b1814e5ce594f06b2c710d622a0b18c53eefb0012b60a,28624,artifacts/SUPERSEDED_FOR_THESIS/old_formal_88/route_artifacts/R3:4572b198-2c1c-4920-bcf0-95fcebe12261_4_20.json,1d0a890b1f556b31cc4d061177991f1531c3781e27227d7dcac1de969f344668,28294,old 300 R1 + frozen 300 R3 source route artifacts,absolute_personal_path_redaction_only
${PROJECT_MSC_ROOT}/msc_thesis/main_system/isolated_workspaces/hourvideo_direct_api_eval300_v1/outputs/direct_v1_formal/direct_v1_2_3x16_r1_r3_eval300_formal_v1/route_artifacts/R3:4572b198-2c1c-4920-bcf0-95fcebe12261_4_23.json,99de88ec2187f9b57dc948acdfa6c073e6eabfe58fd47133916cb2255098965c,33556,artifacts/SUPERSEDED_FOR_THESIS/old_formal_88/route_artifacts/R3:4572b198-2c1c-4920-bcf0-95fcebe12261_4_23.json,bbd2ebcc38697a3bef1681e60e61a3d2e505ff52737bdc176213cc35e28c8cda,33160,old 300 R1 + frozen 300 R3 source route artifacts,absolute_personal_path_redaction_only
${PROJECT_MSC_ROOT}/msc_thesis/main_system/isolated_workspaces/hourvideo_direct_api_eval300_v1/outputs/direct_v1_formal/direct_v1_2_3x16_r1_r3_eval300_formal_v1/route_artifacts/R3:4572b198-2c1c-4920-bcf0-95fcebe12261_4_28.json,f7986c4d2367794c2b022366e03a61584932887deafc4ee5d3d8147eadff9368,18205,artifacts/SUPERSEDED_FOR_THESIS/old_formal_88/route_artifacts/R3:4572b198-2c1c-4920-bcf0-95fcebe12261_4_28.json,2f5f4848302cee03f951c0056caedaba663904c0d9e34cf5bb94d0c161416d16,18051,old 300 R1 + frozen 300 R3 source route artifacts,absolute_personal_path_redaction_only
${PROJECT_MSC_ROOT}/msc_thesis/main_system/isolated_workspaces/hourvideo_direct_api_eval300_v1/outputs/direct_v1_formal/direct_v1_2_3x16_r1_r3_eval300_formal_v1/route_artifacts/R3:4572b198-2c1c-4920-bcf0-95fcebe12261_4_3.json,3b40829a2e614f5fb6b32ff16d0b0d96efecbce71d922503878f331397a7b837,35391,artifacts/SUPERSEDED_FOR_THESIS/old_formal_88/route_artifacts/R3:4572b198-2c1c-4920-bcf0-95fcebe12261_4_3.json,d5fe90f79980fb9492263c0d675220c41ae16c175fc58e49cf6196943a55f328,35039,old 300 R1 + frozen 300 R3 source route artifacts,absolute_personal_path_redaction_only
${PROJECT_MSC_ROOT}/msc_thesis/main_system/isolated_workspaces/hourvideo_direct_api_eval300_v1/outputs/direct_v1_formal/direct_v1_2_3x16_r1_r3_eval300_formal_v1/route_artifacts/R3:4572b198-2c1c-4920-bcf0-95fcebe12261_4_40.json,39a2e397d93a33ed16ac55109a532b45033d881e9ef1b7834935e03a52a9241c,18881,artifacts/SUPERSEDED_FOR_THESIS/old_formal_88/route_artifacts/R3:4572b198-2c1c-4920-bcf0-95fcebe12261_4_40.json,a481f88016084000a95f01fe8e5d33c22db6a5d4808b5eaba056b2a0f354375b,18683,old 300 R1 + frozen 300 R3 source route artifacts,absolute_personal_path_redaction_only
${PROJECT_MSC_ROOT}/msc_thesis/main_system/isolated_workspaces/hourvideo_direct_api_eval300_v1/outputs/direct_v1_formal/direct_v1_2_3x16_r1_r3_eval300_formal_v1/route_artifacts/R3:4572b198-2c1c-4920-bcf0-95fcebe12261_5_11.json,20226ad75fbe605a176d8f546dfcf5695c379c40c8f1833e3e46f92cd53e5bbe,18997,artifacts/SUPERSEDED_FOR_THESIS/old_formal_88/route_artifacts/R3:4572b198-2c1c-4920-bcf0-95fcebe12261_5_11.json,8a39b41e23107340df2472b95564e3c8dfa0bf802f9d3eb212dd021eeb46b8db,18821,old 300 R1 + frozen 300 R3 source route artifacts,absolute_personal_path_redaction_only
${PROJECT_MSC_ROOT}/msc_thesis/main_system/isolated_workspaces/hourvideo_direct_api_eval300_v1/outputs/direct_v1_formal/direct_v1_2_3x16_r1_r3_eval300_formal_v1/route_artifacts/R3:4572b198-2c1c-4920-bcf0-95fcebe12261_6_22.json,edbd836ede5d2a2fe7a5623f79e861dddcd67a5094e582851a118e7c3c6f2914,38658,artifacts/SUPERSEDED_FOR_THESIS/old_formal_88/route_artifacts/R3:4572b198-2c1c-4920-bcf0-95fcebe12261_6_22.json,708572ac346a6cb58b877c86bf20c9c05a1fed3241d821a091a6d2bb3a887025,38306,old 300 R1 + frozen 300 R3 source route artifacts,absolute_personal_path_redaction_only
${PROJECT_MSC_ROOT}/msc_thesis/main_system/isolated_workspaces/hourvideo_direct_api_eval300_v1/outputs/direct_v1_formal/direct_v1_2_3x16_r1_r3_eval300_formal_v1/route_artifacts/R3:4572b198-2c1c-4920-bcf0-95fcebe12261_6_24.json,c9c6674ba32bee08c58d1ea92ec84eed9a9e33735089efb7ca9c243a24c6dc69,18771,artifacts/SUPERSEDED_FOR_THESIS/old_formal_88/route_artifacts/R3:4572b198-2c1c-4920-bcf0-95fcebe12261_6_24.json,87baedae1d37697bc41cd0a47b9bd6d76132ac5b0bf23ad1ea069cc4aaeb6252,18573,old 300 R1 + frozen 300 R3 source route artifacts,absolute_personal_path_redaction_only
${PROJECT_MSC_ROOT}/msc_thesis/main_system/isolated_workspaces/hourvideo_direct_api_eval300_v1/outputs/direct_v1_formal/direct_v1_2_3x16_r1_r3_eval300_formal_v1/route_artifacts/R3:4572b198-2c1c-4920-bcf0-95fcebe12261_6_7.json,4994de35677b4a016bce025a737fe3e794b48c1336ab0bea01b1f3102fe9d56c,31540,artifacts/SUPERSEDED_FOR_THESIS/old_formal_88/route_artifacts/R3:4572b198-2c1c-4920-bcf0-95fcebe12261_6_7.json,a544170434a43bee01fde341d25d3d9e78133dcf81439892a174000ecd1e3356,31188,old 300 R1 + frozen 300 R3 source route artifacts,absolute_personal_path_redaction_only
${PROJECT_MSC_ROOT}/msc_thesis/main_system/isolated_workspaces/hourvideo_direct_api_eval300_v1/outputs/direct_v1_formal/direct_v1_2_3x16_r1_r3_eval300_formal_v1/route_artifacts/R3:4572b198-2c1c-4920-bcf0-95fcebe12261_7_32.json,19b422392047d6f60f0bf2ff5203940bbf8f16664ed56fc3e11b8637caf71d10,18187,artifacts/SUPERSEDED_FOR_THESIS/old_formal_88/route_artifacts/R3:4572b198-2c1c-4920-bcf0-95fcebe12261_7_32.json,89f64d8c19440bc9823d6e25e1ec8c2d512ab85dc505ba33794adfb0fbf0015f,18011,old 300 R1 + frozen 300 R3 source route artifacts,absolute_personal_path_redaction_only
${PROJECT_MSC_ROOT}/msc_thesis/main_system/isolated_workspaces/hourvideo_direct_api_eval300_v1/outputs/direct_v1_formal/direct_v1_2_3x16_r1_r3_eval300_formal_v1/route_artifacts/R3:4572b198-2c1c-4920-bcf0-95fcebe12261_7_5.json,e1f3885fe4b191be5487b85037db463d7d60a4ce2435b5fc5cdba286aa2c94d3,19018,artifacts/SUPERSEDED_FOR_THESIS/old_formal_88/route_artifacts/R3:4572b198-2c1c-4920-bcf0-95fcebe12261_7_5.json,edc0adfa3297e7751bc7ff6e1b412aface559d574728fd91ef9f414cdd554f3c,18820,old 300 R1 + frozen 300 R3 source route artifacts,absolute_personal_path_redaction_only
${PROJECT_MSC_ROOT}/msc_thesis/main_system/isolated_workspaces/hourvideo_direct_api_eval300_v1/outputs/direct_v1_formal/direct_v1_2_3x16_r1_r3_eval300_formal_v1/route_artifacts/R3:4572b198-2c1c-4920-bcf0-95fcebe12261_8_13.json,ab64fb21a50cd1d756651e9b1454b1bf7423ea5a99a7311bef96e2e1a67dbcc5,4434,artifacts/SUPERSEDED_FOR_THESIS/old_formal_88/route_artifacts/R3:4572b198-2c1c-4920-bcf0-95fcebe12261_8_13.json,ab64fb21a50cd1d756651e9b1454b1bf7423ea5a99a7311bef96e2e1a67dbcc5,4434,old 300 R1 + frozen 300 R3 source route artifacts,byte_for_byte
${PROJECT_MSC_ROOT}/msc_thesis/main_system/isolated_workspaces/hourvideo_direct_api_eval300_v1/outputs/direct_v1_formal/direct_v1_2_3x16_r1_r3_eval300_formal_v1/route_artifacts/R3:4572b198-2c1c-4920-bcf0-95fcebe12261_8_34.json,985c24d43363e1be491ca7ab21c5fd95d555de66711512f7615f89e2680d3202,12794,artifacts/SUPERSEDED_FOR_THESIS/old_formal_88/route_artifacts/R3:4572b198-2c1c-4920-bcf0-95fcebe12261_8_34.json,5e2dc6e0552463c276338235e76cceeebd1e8ef51d035a12fa1abd54cfab43fa,12728,old 300 R1 + frozen 300 R3 source route artifacts,absolute_personal_path_redaction_only
${PROJECT_MSC_ROOT}/msc_thesis/main_system/isolated_workspaces/hourvideo_direct_api_eval300_v1/outputs/direct_v1_formal/direct_v1_2_3x16_r1_r3_eval300_formal_v1/route_artifacts/R3:6fd90f8d-7a4d-425d-a812-3268db0b0342_11_29.json,4f11afe5f4a28222e4b51e9ab8001c2951ebf02ef0a7f2698439dd83f57e8de0,155337,artifacts/SUPERSEDED_FOR_THESIS/old_formal_88/route_artifacts/R3:6fd90f8d-7a4d-425d-a812-3268db0b0342_11_29.json,841a7adc7cf1dc6213a073a98a68d0df56a247012f1ce41e42df901649b5bb91,153225,old 300 R1 + frozen 300 R3 source route artifacts,absolute_personal_path_redaction_only
${PROJECT_MSC_ROOT}/msc_thesis/main_system/isolated_workspaces/hourvideo_direct_api_eval300_v1/outputs/direct_v1_formal/direct_v1_2_3x16_r1_r3_eval300_formal_v1/route_artifacts/R3:6fd90f8d-7a4d-425d-a812-3268db0b0342_12_28.json,b683a9173038b2a8c817a8a19000ef79b3bf472cbdf41ab7b17265756c41e501,29516,artifacts/SUPERSEDED_FOR_THESIS/old_formal_88/route_artifacts/R3:6fd90f8d-7a4d-425d-a812-3268db0b0342_12_28.json,4ed4da60087f65219c58d2ccb20de7ce05e98db05015f87aee6d5fb389760c12,29186,old 300 R1 + frozen 300 R3 source route artifacts,absolute_personal_path_redaction_only
${PROJECT_MSC_ROOT}/msc_thesis/main_system/isolated_workspaces/hourvideo_direct_api_eval300_v1/outputs/direct_v1_formal/direct_v1_2_3x16_r1_r3_eval300_formal_v1/route_artifacts/R3:6fd90f8d-7a4d-425d-a812-3268db0b0342_13_2.json,c65ee4a6d9d1393bf29a999fb69a38f1a742dc63b79718b2a37ee2e2deb5b98b,18684,artifacts/SUPERSEDED_FOR_THESIS/old_formal_88/route_artifacts/R3:6fd90f8d-7a4d-425d-a812-3268db0b0342_13_2.json,dba4317e596de1d001e5d74129946bd4763a762359c4638bffa682de12b66f2a,18486,old 300 R1 + frozen 300 R3 source route artifacts,absolute_personal_path_redaction_only
${PROJECT_MSC_ROOT}/msc_thesis/main_system/isolated_workspaces/hourvideo_direct_api_eval300_v1/outputs/direct_v1_formal/direct_v1_2_3x16_r1_r3_eval300_formal_v1/route_artifacts/R3:6fd90f8d-7a4d-425d-a812-3268db0b0342_14_3.json,ed40dbe3bf619ff882195aba0059e9f2e3f599802551405e8d47adf4db84fa70,32230,artifacts/SUPERSEDED_FOR_THESIS/old_formal_88/route_artifacts/R3:6fd90f8d-7a4d-425d-a812-3268db0b0342_14_3.json,c1eefebd1476a248785b2aa5c939b854ccc5da0380f4467a5dbf552d6cedf3db,31878,old 300 R1 + frozen 300 R3 source route artifacts,absolute_personal_path_redaction_only
${PROJECT_MSC_ROOT}/msc_thesis/main_system/isolated_workspaces/hourvideo_direct_api_eval300_v1/outputs/direct_v1_formal/direct_v1_2_3x16_r1_r3_eval300_formal_v1/route_artifacts/R3:6fd90f8d-7a4d-425d-a812-3268db0b0342_14_4.json,f090c041e25fc39ad531ce7e0f15d30d321733b1f02819224e5e0c937c3d43d0,59960,artifacts/SUPERSEDED_FOR_THESIS/old_formal_88/route_artifacts/R3:6fd90f8d-7a4d-425d-a812-3268db0b0342_14_4.json,ae3f1c6ddd40c12b033e36bf8b46241c8c53e9e96a721f7872487950b2a46449,59212,old 300 R1 + frozen 300 R3 source route artifacts,absolute_personal_path_redaction_only
${PROJECT_MSC_ROOT}/msc_thesis/main_system/isolated_workspaces/hourvideo_direct_api_eval300_v1/outputs/direct_v1_formal/direct_v1_2_3x16_r1_r3_eval300_formal_v1/route_artifacts/R3:6fd90f8d-7a4d-425d-a812-3268db0b0342_14_5.json,0a9da874fe1db1966c4b2fb41710ae99efd8411a7e03fd95711c5aa87cdd643c,19333,artifacts/SUPERSEDED_FOR_THESIS/old_formal_88/route_artifacts/R3:6fd90f8d-7a4d-425d-a812-3268db0b0342_14_5.json,9276134726f4eedcd46f7aaba9dca847f63d36a42c8e814c56b339d640237b29,19135,old 300 R1 + frozen 300 R3 source route artifacts,absolute_personal_path_redaction_only
${PROJECT_MSC_ROOT}/msc_thesis/main_system/isolated_workspaces/hourvideo_direct_api_eval300_v1/outputs/direct_v1_formal/direct_v1_2_3x16_r1_r3_eval300_formal_v1/route_artifacts/R3:6fd90f8d-7a4d-425d-a812-3268db0b0342_15_2.json,4a3a597facdb8176398952095ef5a706bb8b2602faa1b1cb8ba15cac443bf373,19076,artifacts/SUPERSEDED_FOR_THESIS/old_formal_88/route_artifacts/R3:6fd90f8d-7a4d-425d-a812-3268db0b0342_15_2.json,882d67164a5657e116962bc41bfd9d34dfdd1a595227b1aeaaa1518563f6574e,18878,old 300 R1 + frozen 300 R3 source route artifacts,absolute_personal_path_redaction_only
${PROJECT_MSC_ROOT}/msc_thesis/main_system/isolated_workspaces/hourvideo_direct_api_eval300_v1/outputs/direct_v1_formal/direct_v1_2_3x16_r1_r3_eval300_formal_v1/route_artifacts/R3:6fd90f8d-7a4d-425d-a812-3268db0b0342_16_3.json,71fb0988a1d72916b8674520a6312278ace0c63417cc0b095478849de0d35972,32404,artifacts/SUPERSEDED_FOR_THESIS/old_formal_88/route_artifacts/R3:6fd90f8d-7a4d-425d-a812-3268db0b0342_16_3.json,4dd9cf4f94aaeed1a3f614c304fed21d95118d25f4a1d1982781dede0d787731,32052,old 300 R1 + frozen 300 R3 source route artifacts,absolute_personal_path_redaction_only
${PROJECT_MSC_ROOT}/msc_thesis/main_system/isolated_workspaces/hourvideo_direct_api_eval300_v1/outputs/direct_v1_formal/direct_v1_2_3x16_r1_r3_eval300_formal_v1/route_artifacts/R3:6fd90f8d-7a4d-425d-a812-3268db0b0342_16_4.json,1950555cf05a94a397824a67dc2cbe4665b9bda277f860f258a8865074a794c7,56717,artifacts/SUPERSEDED_FOR_THESIS/old_formal_88/route_artifacts/R3:6fd90f8d-7a4d-425d-a812-3268db0b0342_16_4.json,6938cbb09905716050a086fd3d547d02d2b9e9c603cfb7e2cd04686983db78b4,56057,old 300 R1 + frozen 300 R3 source route artifacts,absolute_personal_path_redaction_only
${PROJECT_MSC_ROOT}/msc_thesis/main_system/isolated_workspaces/hourvideo_direct_api_eval300_v1/outputs/direct_v1_formal/direct_v1_2_3x16_r1_r3_eval300_formal_v1/route_artifacts/R3:6fd90f8d-7a4d-425d-a812-3268db0b0342_16_5.json,0ee29fc8a6b1393f3c427582b2c707b3b72e1bab34266ac4788355cb6ac5e166,18907,artifacts/SUPERSEDED_FOR_THESIS/old_formal_88/route_artifacts/R3:6fd90f8d-7a4d-425d-a812-3268db0b0342_16_5.json,d9c16b60d3b40bf0304e5f84ff203fe31985ecc8b526de8d74a74be9d9e9e549,18709,old 300 R1 + frozen 300 R3 source route artifacts,absolute_personal_path_redaction_only
${PROJECT_MSC_ROOT}/msc_thesis/main_system/isolated_workspaces/hourvideo_direct_api_eval300_v1/outputs/direct_v1_formal/direct_v1_2_3x16_r1_r3_eval300_formal_v1/route_artifacts/R3:6fd90f8d-7a4d-425d-a812-3268db0b0342_17_25.json,84dffcbddd00600ac0d8ead81716ed167a971f5dabd5247827bf91909799b92f,33537,artifacts/SUPERSEDED_FOR_THESIS/old_formal_88/route_artifacts/R3:6fd90f8d-7a4d-425d-a812-3268db0b0342_17_25.json,9c960a78bc6f075cd3eed5906cf1be0b0b506e56f17f661187fdbe555b632893,33141,old 300 R1 + frozen 300 R3 source route artifacts,absolute_personal_path_redaction_only
${PROJECT_MSC_ROOT}/msc_thesis/main_system/isolated_workspaces/hourvideo_direct_api_eval300_v1/outputs/direct_v1_formal/direct_v1_2_3x16_r1_r3_eval300_formal_v1/route_artifacts/R3:6fd90f8d-7a4d-425d-a812-3268db0b0342_17_36.json,82dd01b3c90201f52c13a0f4f15cd7e527b311cfb126b094cf58dcc962b10f00,19902,artifacts/SUPERSEDED_FOR_THESIS/old_formal_88/route_artifacts/R3:6fd90f8d-7a4d-425d-a812-3268db0b0342_17_36.json,db7519e4291816ef2c3b4d5bb7e411b7154efaf6291db46e2893ea9690e9f1a2,19704,old 300 R1 + frozen 300 R3 source route artifacts,absolute_personal_path_redaction_only
${PROJECT_MSC_ROOT}/msc_thesis/main_system/isolated_workspaces/hourvideo_direct_api_eval300_v1/outputs/direct_v1_formal/direct_v1_2_3x16_r1_r3_eval300_formal_v1/route_artifacts/R3:6fd90f8d-7a4d-425d-a812-3268db0b0342_17_5.json,17b285ba014ad3ca60515d15418b9a186f955df3a00696256e09665846517fb4,18754,artifacts/SUPERSEDED_FOR_THESIS/old_formal_88/route_artifacts/R3:6fd90f8d-7a4d-425d-a812-3268db0b0342_17_5.json,2df2a856950d436e5b11bc23af91b0a1887bd27c58bb53a466e42859a14934a3,18556,old 300 R1 + frozen 300 R3 source route artifacts,absolute_personal_path_redaction_only
${PROJECT_MSC_ROOT}/msc_thesis/main_system/isolated_workspaces/hourvideo_direct_api_eval300_v1/outputs/direct_v1_formal/direct_v1_2_3x16_r1_r3_eval300_formal_v1/route_artifacts/R3:6fd90f8d-7a4d-425d-a812-3268db0b0342_18_16.json,5e42fe2a4a079ad9d42df5f959804d5c8764a145392bb222215faf433867b97f,20359,artifacts/SUPERSEDED_FOR_THESIS/old_formal_88/route_artifacts/R3:6fd90f8d-7a4d-425d-a812-3268db0b0342_18_16.json,d7712a7c5d6deb34c5baf2abeaf569dc78868f891d26d2d2d39d36288cb6554b,20161,old 300 R1 + frozen 300 R3 source route artifacts,absolute_personal_path_redaction_only
${PROJECT_MSC_ROOT}/msc_thesis/main_system/isolated_workspaces/hourvideo_direct_api_eval300_v1/outputs/direct_v1_formal/direct_v1_2_3x16_r1_r3_eval300_formal_v1/route_artifacts/R3:6fd90f8d-7a4d-425d-a812-3268db0b0342_18_17.json,bc5a032dd0c3b4601a8c88b797fc4b0c3e85c9df2382874bcedbee2f40ccb3d8,14279,artifacts/SUPERSEDED_FOR_THESIS/old_formal_88/route_artifacts/R3:6fd90f8d-7a4d-425d-a812-3268db0b0342_18_17.json,d60a543158b85b00465be5b0b60a925d8ff0fe253290192f94c956630d553f0e,14147,old 300 R1 + frozen 300 R3 source route artifacts,absolute_personal_path_redaction_only
${PROJECT_MSC_ROOT}/msc_thesis/main_system/isolated_workspaces/hourvideo_direct_api_eval300_v1/outputs/direct_v1_formal/direct_v1_2_3x16_r1_r3_eval300_formal_v1/route_artifacts/R3:6fd90f8d-7a4d-425d-a812-3268db0b0342_1_1.json,a36d293b808add504d8fe4df4f0eb4e87beaf3c9018c4afdb3b13a8c8c5070bb,43281,artifacts/SUPERSEDED_FOR_THESIS/old_formal_88/route_artifacts/R3:6fd90f8d-7a4d-425d-a812-3268db0b0342_1_1.json,44d3192754cff83b8bed42e9a58d4d5a0d9bb5517a57ffdf00a69c281d5c5a84,42951,old 300 R1 + frozen 300 R3 source route artifacts,absolute_personal_path_redaction_only
${PROJECT_MSC_ROOT}/msc_thesis/main_system/isolated_workspaces/hourvideo_direct_api_eval300_v1/outputs/direct_v1_formal/direct_v1_2_3x16_r1_r3_eval300_formal_v1/route_artifacts/R3:6fd90f8d-7a4d-425d-a812-3268db0b0342_21_11.json,8375550a2720e067125001613db0788c7b7f65bd6ffad59b176b2d822753fa6b,19578,artifacts/SUPERSEDED_FOR_THESIS/old_formal_88/route_artifacts/R3:6fd90f8d-7a4d-425d-a812-3268db0b0342_21_11.json,0f21dd983303fcbb5a4bc703fb39e1cfd3232a601d595937a51f07ecf55ce904,19402,old 300 R1 + frozen 300 R3 source route artifacts,absolute_personal_path_redaction_only
${PROJECT_MSC_ROOT}/msc_thesis/main_system/isolated_workspaces/hourvideo_direct_api_eval300_v1/outputs/direct_v1_formal/direct_v1_2_3x16_r1_r3_eval300_formal_v1/route_artifacts/R3:6fd90f8d-7a4d-425d-a812-3268db0b0342_3_32.json,1f58d1b09452fc5a52433fee539715093c64bbd90c575b8a48ad83fe7c8eefbc,40888,artifacts/SUPERSEDED_FOR_THESIS/old_formal_88/route_artifacts/R3:6fd90f8d-7a4d-425d-a812-3268db0b0342_3_32.json,25e324eee2217422ff3769dbc63bc91fe5fea641e3c34b4f1d89604158756c95,40470,old 300 R1 + frozen 300 R3 source route artifacts,absolute_personal_path_redaction_only
${PROJECT_MSC_ROOT}/msc_thesis/main_system/isolated_workspaces/hourvideo_direct_api_eval300_v1/outputs/direct_v1_formal/direct_v1_2_3x16_r1_r3_eval300_formal_v1/route_artifacts/R3:6fd90f8d-7a4d-425d-a812-3268db0b0342_4_1.json,85a61c740b34360ba25a39a78fca23c6ac6073878e4400f0593b74438899b468,19195,artifacts/SUPERSEDED_FOR_THESIS/old_formal_88/route_artifacts/R3:6fd90f8d-7a4d-425d-a812-3268db0b0342_4_1.json,11fc35d8df9ecf110a5e7e04360b3b07d6b4824ff0bf0fe55e5eb4d939e02852,18997,old 300 R1 + frozen 300 R3 source route artifacts,absolute_personal_path_redaction_only
${PROJECT_MSC_ROOT}/msc_thesis/main_system/isolated_workspaces/hourvideo_direct_api_eval300_v1/outputs/direct_v1_formal/direct_v1_2_3x16_r1_r3_eval300_formal_v1/route_artifacts/R3:6fd90f8d-7a4d-425d-a812-3268db0b0342_6_8.json,911aaa56e95895a8cf7733476b4c0f83b4a3e92916b13583ff1fd0c069452a30,16745,artifacts/SUPERSEDED_FOR_THESIS/old_formal_88/route_artifacts/R3:6fd90f8d-7a4d-425d-a812-3268db0b0342_6_8.json,ad6ce07af7b83ae5435fdb317d6009430e8e03d32425266d48224406deb8cf6c,16613,old 300 R1 + frozen 300 R3 source route artifacts,absolute_personal_path_redaction_only
${PROJECT_MSC_ROOT}/msc_thesis/main_system/isolated_workspaces/hourvideo_direct_api_eval300_v1/outputs/direct_v1_formal/direct_v1_2_3x16_r1_r3_eval300_formal_v1/route_artifacts/R3:6fd90f8d-7a4d-425d-a812-3268db0b0342_7_27.json,c415e593c87c48c1c1f55234f9a1b655862349b81d8d7d72a1ce7098f5905da2,28518,artifacts/SUPERSEDED_FOR_THESIS/old_formal_88/route_artifacts/R3:6fd90f8d-7a4d-425d-a812-3268db0b0342_7_27.json,b28ed9a8b21cfeb23e667b39c452ac0d5926a73d4527d512afa64a0079e894d9,28188,old 300 R1 + frozen 300 R3 source route artifacts,absolute_personal_path_redaction_only
${PROJECT_MSC_ROOT}/msc_thesis/main_system/isolated_workspaces/hourvideo_direct_api_eval300_v1/outputs/direct_v1_formal/direct_v1_2_3x16_r1_r3_eval300_formal_v1/route_artifacts/R3:6fd90f8d-7a4d-425d-a812-3268db0b0342_7_7.json,ed903f049f5474ee959b8b7457cfb79c55e68ab6474eb6e3c7d14d7388b3e64e,20201,artifacts/SUPERSEDED_FOR_THESIS/old_formal_88/route_artifacts/R3:6fd90f8d-7a4d-425d-a812-3268db0b0342_7_7.json,7b3fa89babb02cea83d6a0f14476e36e4cdd7b5de7821f882acb53fecc447f2e,20003,old 300 R1 + frozen 300 R3 source route artifacts,absolute_personal_path_redaction_only
${PROJECT_MSC_ROOT}/msc_thesis/main_system/isolated_workspaces/hourvideo_direct_api_eval300_v1/outputs/direct_v1_formal/direct_v1_2_3x16_r1_r3_eval300_formal_v1/route_artifacts/R3:6fd90f8d-7a4d-425d-a812-3268db0b0342_8_10.json,9166b7eae6f6cddd222e6efe024ffcfd326f84b577e9fc52ec3507f2d173bfc4,19072,artifacts/SUPERSEDED_FOR_THESIS/old_formal_88/route_artifacts/R3:6fd90f8d-7a4d-425d-a812-3268db0b0342_8_10.json,eef4e5b0517f871281d1cef31e26a60455e3c41c4ee50fdcdf696e0d081644f2,18896,old 300 R1 + frozen 300 R3 source route artifacts,absolute_personal_path_redaction_only
${PROJECT_MSC_ROOT}/msc_thesis/main_system/isolated_workspaces/hourvideo_direct_api_eval300_v1/outputs/direct_v1_formal/direct_v1_2_3x16_r1_r3_eval300_formal_v1/route_artifacts/R3:6fd90f8d-7a4d-425d-a812-3268db0b0342_8_31.json,eb7349984671bc36f7e39aad44735467e6f657da76ac635a89f0cd2d21f5f222,19002,artifacts/SUPERSEDED_FOR_THESIS/old_formal_88/route_artifacts/R3:6fd90f8d-7a4d-425d-a812-3268db0b0342_8_31.json,2e61ee27dbb131e876d505f491114338266fe00cbd601c0f114a733b3940b5a8,18804,old 300 R1 + frozen 300 R3 source route artifacts,absolute_personal_path_redaction_only
${PROJECT_MSC_ROOT}/msc_thesis/main_system/isolated_workspaces/hourvideo_direct_api_eval300_v1/outputs/direct_v1_formal/direct_v1_2_3x16_r1_r3_eval300_formal_v1/route_artifacts/R3:6fd90f8d-7a4d-425d-a812-3268db0b0342_8_9.json,b483751333f34054220b35145d5a61f3ce467663f302fd12bd7cb28b4f708a01,19607,artifacts/SUPERSEDED_FOR_THESIS/old_formal_88/route_artifacts/R3:6fd90f8d-7a4d-425d-a812-3268db0b0342_8_9.json,5e92419a46bc9beddd6e763a19f7e05a163b37300b2a514d66a9dcebdea283cd,19409,old 300 R1 + frozen 300 R3 source route artifacts,absolute_personal_path_redaction_only
${PROJECT_MSC_ROOT}/msc_thesis/main_system/isolated_workspaces/hourvideo_direct_api_eval300_v1/outputs/direct_v1_formal/direct_v1_2_3x16_r1_r3_eval300_formal_v1/route_artifacts/R3:70f2a750-f403-41b8-aabb-480eb3ab4ed4_11_23.json,f2ad5d18fbc4e176db0af0eab9b697bda11c3875e4f5d5a6749137714e217748,19213,artifacts/SUPERSEDED_FOR_THESIS/old_formal_88/route_artifacts/R3:70f2a750-f403-41b8-aabb-480eb3ab4ed4_11_23.json,fff2f53fbb5bc294dc51aaeb3730af7496b0a0870b0b660a6889426d77167eaf,19015,old 300 R1 + frozen 300 R3 source route artifacts,absolute_personal_path_redaction_only
${PROJECT_MSC_ROOT}/msc_thesis/main_system/isolated_workspaces/hourvideo_direct_api_eval300_v1/outputs/direct_v1_formal/direct_v1_2_3x16_r1_r3_eval300_formal_v1/route_artifacts/R3:70f2a750-f403-41b8-aabb-480eb3ab4ed4_11_7.json,70762d06fa1f8292a6c419663b81cd106877642597a86bca32a25eaeff547d77,13109,artifacts/SUPERSEDED_FOR_THESIS/old_formal_88/route_artifacts/R3:70f2a750-f403-41b8-aabb-480eb3ab4ed4_11_7.json,9393537b961ba6be777044b51db2bd460738c20ac5ebe5a367dc251e6cf9e1cb,12999,old 300 R1 + frozen 300 R3 source route artifacts,absolute_personal_path_redaction_only
${PROJECT_MSC_ROOT}/msc_thesis/main_system/isolated_workspaces/hourvideo_direct_api_eval300_v1/outputs/direct_v1_formal/direct_v1_2_3x16_r1_r3_eval300_formal_v1/route_artifacts/R3:70f2a750-f403-41b8-aabb-480eb3ab4ed4_12_17.json,bed1d0432d046170e0a32da329965f0104a4f6b96cae8b1a976f7f6d5d826a2c,19191,artifacts/SUPERSEDED_FOR_THESIS/old_formal_88/route_artifacts/R3:70f2a750-f403-41b8-aabb-480eb3ab4ed4_12_17.json,fad0d4dc8a2bd6387fdd3afa3f3c32e0eed2e04e94d6c081b5bfd39a57aa937a,18993,old 300 R1 + frozen 300 R3 source route artifacts,absolute_personal_path_redaction_only
${PROJECT_MSC_ROOT}/msc_thesis/main_system/isolated_workspaces/hourvideo_direct_api_eval300_v1/outputs/direct_v1_formal/direct_v1_2_3x16_r1_r3_eval300_formal_v1/route_artifacts/R3:70f2a750-f403-41b8-aabb-480eb3ab4ed4_17_13.json,7d089da0f175fccac3d403f40cefe194428e40394c2960ae3784edf13f14c22e,27283,artifacts/SUPERSEDED_FOR_THESIS/old_formal_88/route_artifacts/R3:70f2a750-f403-41b8-aabb-480eb3ab4ed4_17_13.json,a7a244f2913d192fa4c70a27ddf9a84cbd45ed6c279ed769859e15949e816015,27019,old 300 R1 + frozen 300 R3 source route artifacts,absolute_personal_path_redaction_only
${PROJECT_MSC_ROOT}/msc_thesis/main_system/isolated_workspaces/hourvideo_direct_api_eval300_v1/outputs/direct_v1_formal/direct_v1_2_3x16_r1_r3_eval300_formal_v1/route_artifacts/R3:70f2a750-f403-41b8-aabb-480eb3ab4ed4_17_14.json,3f2046e142026bab82c8b231725a7c226273b83311c03f12129763a2bd529018,19579,artifacts/SUPERSEDED_FOR_THESIS/old_formal_88/route_artifacts/R3:70f2a750-f403-41b8-aabb-480eb3ab4ed4_17_14.json,3e9aeb05d28a4e2b86e5da2ecb8a48b6b5d6d2e5a9ac7c04038ded33e0ab9d55,19381,old 300 R1 + frozen 300 R3 source route artifacts,absolute_personal_path_redaction_only
${PROJECT_MSC_ROOT}/msc_thesis/main_system/isolated_workspaces/hourvideo_direct_api_eval300_v1/outputs/direct_v1_formal/direct_v1_2_3x16_r1_r3_eval300_formal_v1/route_artifacts/R3:70f2a750-f403-41b8-aabb-480eb3ab4ed4_17_16.json,bfbb5867ebbb6a77f127dd69b2ad975a77e632f53ced53fce0176350b75b9710,39295,artifacts/SUPERSEDED_FOR_THESIS/old_formal_88/route_artifacts/R3:70f2a750-f403-41b8-aabb-480eb3ab4ed4_17_16.json,c7fc50c78334cc82f3029676919c19ff2cab5f2359ba3a4ec0d34349b1ad9980,38965,old 300 R1 + frozen 300 R3 source route artifacts,absolute_personal_path_redaction_only
${PROJECT_MSC_ROOT}/msc_thesis/main_system/isolated_workspaces/hourvideo_direct_api_eval300_v1/outputs/direct_v1_formal/direct_v1_2_3x16_r1_r3_eval300_formal_v1/route_artifacts/R3:70f2a750-f403-41b8-aabb-480eb3ab4ed4_17_30.json,53ff7e45756523241d15074471c8e8da1041172ecff6986c29471e779e86bc99,18544,artifacts/SUPERSEDED_FOR_THESIS/old_formal_88/route_artifacts/R3:70f2a750-f403-41b8-aabb-480eb3ab4ed4_17_30.json,d9d3511f4142e4d8c2616b6f1faa5e9b36e805b6deba45194b831362048d38aa,18390,old 300 R1 + frozen 300 R3 source route artifacts,absolute_personal_path_redaction_only
${PROJECT_MSC_ROOT}/msc_thesis/main_system/isolated_workspaces/hourvideo_direct_api_eval300_v1/outputs/direct_v1_formal/direct_v1_2_3x16_r1_r3_eval300_formal_v1/route_artifacts/R3:70f2a750-f403-41b8-aabb-480eb3ab4ed4_17_31.json,7e1d53b7704e2857543c8937bc4d92f0bef0ccb83a8d9b026e63abcba9995c00,19594,artifacts/SUPERSEDED_FOR_THESIS/old_formal_88/route_artifacts/R3:70f2a750-f403-41b8-aabb-480eb3ab4ed4_17_31.json,563057a70c8430d984d829b3130e6977b3a8ac63f0b77f55c2f7c221ed522527,19418,old 300 R1 + frozen 300 R3 source route artifacts,absolute_personal_path_redaction_only
${PROJECT_MSC_ROOT}/msc_thesis/main_system/isolated_workspaces/hourvideo_direct_api_eval300_v1/outputs/direct_v1_formal/direct_v1_2_3x16_r1_r3_eval300_formal_v1/route_artifacts/R3:70f2a750-f403-41b8-aabb-480eb3ab4ed4_17_8.json,43681fb88a27abd01dcd28d8cce2cee13631d20007f9134aec01876cbc3963ef,20841,artifacts/SUPERSEDED_FOR_THESIS/old_formal_88/route_artifacts/R3:70f2a750-f403-41b8-aabb-480eb3ab4ed4_17_8.json,5d6c953d6913fb695702437458b6a62183a963deb8b0a2d92a724e01ee88e4ad,20643,old 300 R1 + frozen 300 R3 source route artifacts,absolute_personal_path_redaction_only
${PROJECT_MSC_ROOT}/msc_thesis/main_system/isolated_workspaces/hourvideo_direct_api_eval300_v1/outputs/direct_v1_formal/direct_v1_2_3x16_r1_r3_eval300_formal_v1/route_artifacts/R3:70f2a750-f403-41b8-aabb-480eb3ab4ed4_17_9.json,50d9adb0c1f641abff517dda9b9ad79e4facff025ea83dd69d20750c1b9d26c4,14866,artifacts/SUPERSEDED_FOR_THESIS/old_formal_88/route_artifacts/R3:70f2a750-f403-41b8-aabb-480eb3ab4ed4_17_9.json,c82cbcb9ea8bc41f52f778d32a49d83a748cc4cf96582eb6884546d4bacdebde,14800,old 300 R1 + frozen 300 R3 source route artifacts,absolute_personal_path_redaction_only
${PROJECT_MSC_ROOT}/msc_thesis/main_system/isolated_workspaces/hourvideo_direct_api_eval300_v1/outputs/direct_v1_formal/direct_v1_2_3x16_r1_r3_eval300_formal_v1/route_artifacts/R3:70f2a750-f403-41b8-aabb-480eb3ab4ed4_21_26.json,167ad151fc861edc72552c4553a83e59bd5b1e478d7e08a696a92ad1b509ef69,19961,artifacts/SUPERSEDED_FOR_THESIS/old_formal_88/route_artifacts/R3:70f2a750-f403-41b8-aabb-480eb3ab4ed4_21_26.json,79f91b854095e50e672f901f49e9fe0d090f5c7b2df75f5c1339b02abf5f7e70,19763,old 300 R1 + frozen 300 R3 source route artifacts,absolute_personal_path_redaction_only
${PROJECT_MSC_ROOT}/msc_thesis/main_system/isolated_workspaces/hourvideo_direct_api_eval300_v1/outputs/direct_v1_formal/direct_v1_2_3x16_r1_r3_eval300_formal_v1/route_artifacts/R3:70f2a750-f403-41b8-aabb-480eb3ab4ed4_22_10.json,63efcd1416a4bf67614c47187d96139f7ca45a418d98070e4ab0b2f197f8ab66,19732,artifacts/SUPERSEDED_FOR_THESIS/old_formal_88/route_artifacts/R3:70f2a750-f403-41b8-aabb-480eb3ab4ed4_22_10.json,d73aa522fca4dfe58c861965418c78ca99ef54bd5ea4b6985bfd874666ccea23,19534,old 300 R1 + frozen 300 R3 source route artifacts,absolute_personal_path_redaction_only
${PROJECT_MSC_ROOT}/msc_thesis/main_system/isolated_workspaces/hourvideo_direct_api_eval300_v1/outputs/direct_v1_formal/direct_v1_2_3x16_r1_r3_eval300_formal_v1/route_artifacts/R3:70f2a750-f403-41b8-aabb-480eb3ab4ed4_22_12.json,6eacd3669785dc0378027c95fa0eb6496f83396826cce270b9fe64d6e9f45b7e,24259,artifacts/SUPERSEDED_FOR_THESIS/old_formal_88/route_artifacts/R3:70f2a750-f403-41b8-aabb-480eb3ab4ed4_22_12.json,55c34d3268e7a7c7a825eb0664c72bec0a4f5d439d58584f2dcfda2cc6784c8e,23995,old 300 R1 + frozen 300 R3 source route artifacts,absolute_personal_path_redaction_only
${PROJECT_MSC_ROOT}/msc_thesis/main_system/isolated_workspaces/hourvideo_direct_api_eval300_v1/outputs/direct_v1_formal/direct_v1_2_3x16_r1_r3_eval300_formal_v1/route_artifacts/R3:70f2a750-f403-41b8-aabb-480eb3ab4ed4_4_11.json,94e7b3707efeec152df05b4d8180b65e02dbb87d12f7c5b9c119ff5644fbb188,19063,artifacts/SUPERSEDED_FOR_THESIS/old_formal_88/route_artifacts/R3:70f2a750-f403-41b8-aabb-480eb3ab4ed4_4_11.json,33b3e74c7fc1a64dc3ebb8070548f38436bcfa4cbad0465bf17307982ad788a8,18887,old 300 R1 + frozen 300 R3 source route artifacts,absolute_personal_path_redaction_only
${PROJECT_MSC_ROOT}/msc_thesis/main_system/isolated_workspaces/hourvideo_direct_api_eval300_v1/outputs/direct_v1_formal/direct_v1_2_3x16_r1_r3_eval300_formal_v1/route_artifacts/R3:70f2a750-f403-41b8-aabb-480eb3ab4ed4_4_15.json,ae808b9fb1b47a6ba42a1665d48777f1afb4a85b647e00a27bc83effb077847d,28718,artifacts/SUPERSEDED_FOR_THESIS/old_formal_88/route_artifacts/R3:70f2a750-f403-41b8-aabb-480eb3ab4ed4_4_15.json,421b0144ed3e3053342ee9084dadd9e8029cc874fa32e7970783afeaadaf3c77,28388,old 300 R1 + frozen 300 R3 source route artifacts,absolute_personal_path_redaction_only
${PROJECT_MSC_ROOT}/msc_thesis/main_system/isolated_workspaces/hourvideo_direct_api_eval300_v1/outputs/direct_v1_formal/direct_v1_2_3x16_r1_r3_eval300_formal_v1/route_artifacts/R3:70f2a750-f403-41b8-aabb-480eb3ab4ed4_4_20.json,a876d4fc39f5413b17715abc76d45c93bdc300fe8303b71d79525f599e6da91f,33205,artifacts/SUPERSEDED_FOR_THESIS/old_formal_88/route_artifacts/R3:70f2a750-f403-41b8-aabb-480eb3ab4ed4_4_20.json,a04df33e48b10bc2e49e2a910a6b8b85826da9300de63097247401ff43a73ab3,32853,old 300 R1 + frozen 300 R3 source route artifacts,absolute_personal_path_redaction_only
${PROJECT_MSC_ROOT}/msc_thesis/main_system/isolated_workspaces/hourvideo_direct_api_eval300_v1/outputs/direct_v1_formal/direct_v1_2_3x16_r1_r3_eval300_formal_v1/route_artifacts/R3:70f2a750-f403-41b8-aabb-480eb3ab4ed4_4_27.json,14554bb5b099211c872fc4e5cfe3a7ff7ff705fb7ea9e1a2c4d46e88237ad871,19547,artifacts/SUPERSEDED_FOR_THESIS/old_formal_88/route_artifacts/R3:70f2a750-f403-41b8-aabb-480eb3ab4ed4_4_27.json,729d33c61b62428fb5752b1b3e715be335cdf04d9f165bb3a23e002ee58efb3d,19349,old 300 R1 + frozen 300 R3 source route artifacts,absolute_personal_path_redaction_only
${PROJECT_MSC_ROOT}/msc_thesis/main_system/isolated_workspaces/hourvideo_direct_api_eval300_v1/outputs/direct_v1_formal/direct_v1_2_3x16_r1_r3_eval300_formal_v1/route_artifacts/R3:70f2a750-f403-41b8-aabb-480eb3ab4ed4_4_6.json,e6e386e9794da54e64a5deef2b80c8528ecc08dbe44b7a22fee56c80f68d7a55,18697,artifacts/SUPERSEDED_FOR_THESIS/old_formal_88/route_artifacts/R3:70f2a750-f403-41b8-aabb-480eb3ab4ed4_4_6.json,6a78791c888be16335bf365f76c19fd80bee960891e173b802799a89aa63b0ae,18521,old 300 R1 + frozen 300 R3 source route artifacts,absolute_personal_path_redaction_only
${PROJECT_MSC_ROOT}/msc_thesis/main_system/isolated_workspaces/hourvideo_direct_api_eval300_v1/outputs/direct_v1_formal/direct_v1_2_3x16_r1_r3_eval300_formal_v1/route_artifacts/R3:70f2a750-f403-41b8-aabb-480eb3ab4ed4_5_19.json,ee0c6ea2a956a1795a6caa29c4afb2144defcfc98dfdbd161589f1fe8caef7d9,29630,artifacts/SUPERSEDED_FOR_THESIS/old_formal_88/route_artifacts/R3:70f2a750-f403-41b8-aabb-480eb3ab4ed4_5_19.json,d70f7a213d02493bb15b67f876d3dd745a6ed4fca8e5afad232bd291529f46b4,29300,old 300 R1 + frozen 300 R3 source route artifacts,absolute_personal_path_redaction_only
${PROJECT_MSC_ROOT}/msc_thesis/main_system/isolated_workspaces/hourvideo_direct_api_eval300_v1/outputs/direct_v1_formal/direct_v1_2_3x16_r1_r3_eval300_formal_v1/route_artifacts/R3:70f2a750-f403-41b8-aabb-480eb3ab4ed4_6_32.json,e7cf89139307e84ce3ff554186a115b235fe7bd6e3afe3722f3f9a3215bbf7b0,33794,artifacts/SUPERSEDED_FOR_THESIS/old_formal_88/route_artifacts/R3:70f2a750-f403-41b8-aabb-480eb3ab4ed4_6_32.json,b8baae3a0a207b9494b24e3144438f4594df480055e341bd2df4c96a80659858,33508,old 300 R1 + frozen 300 R3 source route artifacts,absolute_personal_path_redaction_only
${PROJECT_MSC_ROOT}/msc_thesis/main_system/isolated_workspaces/hourvideo_direct_api_eval300_v1/outputs/direct_v1_formal/direct_v1_2_3x16_r1_r3_eval300_formal_v1/route_artifacts/R3:70f2a750-f403-41b8-aabb-480eb3ab4ed4_7_28.json,b28f0b151df68359ae5a49387c92cb87d5112c1904df97863c1c11bf8de3c585,20187,artifacts/SUPERSEDED_FOR_THESIS/old_formal_88/route_artifacts/R3:70f2a750-f403-41b8-aabb-480eb3ab4ed4_7_28.json,b5395b39714ddd6dc2f740b1d3343fd954ca09095d53b5cf36b0d02b80b478d1,19989,old 300 R1 + frozen 300 R3 source route artifacts,absolute_personal_path_redaction_only
${PROJECT_MSC_ROOT}/msc_thesis/main_system/isolated_workspaces/hourvideo_direct_api_eval300_v1/outputs/direct_v1_formal/direct_v1_2_3x16_r1_r3_eval300_formal_v1/route_artifacts/R3:70f2a750-f403-41b8-aabb-480eb3ab4ed4_7_29.json,adafaf550ffee3a645feeb3a20c2d3c75bef8c8a39ece1593f8a787479963794,8886,artifacts/SUPERSEDED_FOR_THESIS/old_formal_88/route_artifacts/R3:70f2a750-f403-41b8-aabb-480eb3ab4ed4_7_29.json,d39feb1e93940425912e94564d7feefef49d1f088bbc0537d8cd2a68d7b8d819,8820,old 300 R1 + frozen 300 R3 source route artifacts,absolute_personal_path_redaction_only
${PROJECT_MSC_ROOT}/msc_thesis/main_system/isolated_workspaces/hourvideo_direct_api_eval300_v1/outputs/direct_v1_formal/direct_v1_2_3x16_r1_r3_eval300_formal_v1/route_artifacts/R3:70f2a750-f403-41b8-aabb-480eb3ab4ed4_7_4.json,88ec2461b2d5995e5de5d2181077f31eda70b30052463abab135874801e8b47d,9110,artifacts/SUPERSEDED_FOR_THESIS/old_formal_88/route_artifacts/R3:70f2a750-f403-41b8-aabb-480eb3ab4ed4_7_4.json,ffa2f46b3c215f6470cb9ba2011c1e049fcdcfcdd3632eaa6d90c05929593725,9044,old 300 R1 + frozen 300 R3 source route artifacts,absolute_personal_path_redaction_only
${PROJECT_MSC_ROOT}/msc_thesis/main_system/isolated_workspaces/hourvideo_direct_api_eval300_v1/outputs/direct_v1_formal/direct_v1_2_3x16_r1_r3_eval300_formal_v1/route_artifacts/R3:70f2a750-f403-41b8-aabb-480eb3ab4ed4_7_5.json,cd41bd682dbb6b3c9bd32a997b5fabbfa2fa9dbd2e6baa28be6ad2ff9a0658c5,33291,artifacts/SUPERSEDED_FOR_THESIS/old_formal_88/route_artifacts/R3:70f2a750-f403-41b8-aabb-480eb3ab4ed4_7_5.json,62ae3c496168efa87793edbe741aeb985640b3e7da3e81d6dc58845082bb4255,33005,old 300 R1 + frozen 300 R3 source route artifacts,absolute_personal_path_redaction_only
${PROJECT_MSC_ROOT}/msc_thesis/main_system/isolated_workspaces/hourvideo_direct_api_eval300_v1/outputs/direct_v1_formal/direct_v1_2_3x16_r1_r3_eval300_formal_v1/route_artifacts/R3:70f2a750-f403-41b8-aabb-480eb3ab4ed4_8_2.json,051f942da7d984aa294b2474cba7031f4959605292e100333276b7296e1b1d81,9497,artifacts/SUPERSEDED_FOR_THESIS/old_formal_88/route_artifacts/R3:70f2a750-f403-41b8-aabb-480eb3ab4ed4_8_2.json,83386697b59a92135ad9acdcd9ac2104dab83a15a0c0e86dd9aee95c3bf345b9,9431,old 300 R1 + frozen 300 R3 source route artifacts,absolute_personal_path_redaction_only
${PROJECT_MSC_ROOT}/msc_thesis/main_system/isolated_workspaces/hourvideo_direct_api_eval300_v1/outputs/direct_v1_formal/direct_v1_2_3x16_r1_r3_eval300_formal_v1/route_artifacts/R3:71fbc5bf-7e2a-415d-86bc-3a948742e904_12_18.json,74a860440ff210758e00cad7b4320420792f314399e9de00c08e7cff88de7c63,19027,artifacts/SUPERSEDED_FOR_THESIS/old_formal_88/route_artifacts/R3:71fbc5bf-7e2a-415d-86bc-3a948742e904_12_18.json,674567e8d8c596f4b424c0cbaf232afbe5de5e64ab860cb33edf86d25237cfc1,18829,old 300 R1 + frozen 300 R3 source route artifacts,absolute_personal_path_redaction_only
${PROJECT_MSC_ROOT}/msc_thesis/main_system/isolated_workspaces/hourvideo_direct_api_eval300_v1/outputs/direct_v1_formal/direct_v1_2_3x16_r1_r3_eval300_formal_v1/route_artifacts/R3:71fbc5bf-7e2a-415d-86bc-3a948742e904_17_10.json,4851e1e00e79b1cf8a446bc285d77be260ca7839101d38f2a6ecf8471f82279b,9600,artifacts/SUPERSEDED_FOR_THESIS/old_formal_88/route_artifacts/R3:71fbc5bf-7e2a-415d-86bc-3a948742e904_17_10.json,cda9aa1bdf3b5d85c5683656015dee806074cd8c5967add0e4c2dc43406adf2d,9534,old 300 R1 + frozen 300 R3 source route artifacts,absolute_personal_path_redaction_only
${PROJECT_MSC_ROOT}/msc_thesis/main_system/isolated_workspaces/hourvideo_direct_api_eval300_v1/outputs/direct_v1_formal/direct_v1_2_3x16_r1_r3_eval300_formal_v1/route_artifacts/R3:71fbc5bf-7e2a-415d-86bc-3a948742e904_17_13.json,8a0366a6acb3fdb59614315258d7be198d22d2e58fe0bc313ed27b0c3907301a,29853,artifacts/SUPERSEDED_FOR_THESIS/old_formal_88/route_artifacts/R3:71fbc5bf-7e2a-415d-86bc-3a948742e904_17_13.json,e341fb551dbeb0dd25427367dd89382fe0f61919508d34d7dc4fc6a6f5c145c7,29523,old 300 R1 + frozen 300 R3 source route artifacts,absolute_personal_path_redaction_only
${PROJECT_MSC_ROOT}/msc_thesis/main_system/isolated_workspaces/hourvideo_direct_api_eval300_v1/outputs/direct_v1_formal/direct_v1_2_3x16_r1_r3_eval300_formal_v1/route_artifacts/R3:71fbc5bf-7e2a-415d-86bc-3a948742e904_17_25.json,d2951e3b934a1d9d49925155bc8b05fee8214775b72685a86b2d8120dad903c7,19065,artifacts/SUPERSEDED_FOR_THESIS/old_formal_88/route_artifacts/R3:71fbc5bf-7e2a-415d-86bc-3a948742e904_17_25.json,6e649f47e75ae327344d87e0a4f9c53d454f958955b10ab3f91029800e8dbe64,18867,old 300 R1 + frozen 300 R3 source route artifacts,absolute_personal_path_redaction_only
${PROJECT_MSC_ROOT}/msc_thesis/main_system/isolated_workspaces/hourvideo_direct_api_eval300_v1/outputs/direct_v1_formal/direct_v1_2_3x16_r1_r3_eval300_formal_v1/route_artifacts/R3:71fbc5bf-7e2a-415d-86bc-3a948742e904_22_23.json,905652283797df01b3861f8223dc18a21867afbc5ca31a673ae094297b7400e4,20096,artifacts/SUPERSEDED_FOR_THESIS/old_formal_88/route_artifacts/R3:71fbc5bf-7e2a-415d-86bc-3a948742e904_22_23.json,69c1d39fd975bd49c20d0611e16bc0ad2bd017469d7372d747005a9310e4aa24,19898,old 300 R1 + frozen 300 R3 source route artifacts,absolute_personal_path_redaction_only
${PROJECT_MSC_ROOT}/msc_thesis/main_system/isolated_workspaces/hourvideo_direct_api_eval300_v1/outputs/direct_v1_formal/direct_v1_2_3x16_r1_r3_eval300_formal_v1/route_artifacts/R3:71fbc5bf-7e2a-415d-86bc-3a948742e904_22_4.json,effdc29d4750972f066cb2b8c05337b38cc9763e91b420f8c4d3238bc8c1e27a,18303,artifacts/SUPERSEDED_FOR_THESIS/old_formal_88/route_artifacts/R3:71fbc5bf-7e2a-415d-86bc-3a948742e904_22_4.json,923224bcb7d904456449c99b344af4767785593570290422bc1a35821e223524,18127,old 300 R1 + frozen 300 R3 source route artifacts,absolute_personal_path_redaction_only
${PROJECT_MSC_ROOT}/msc_thesis/main_system/isolated_workspaces/hourvideo_direct_api_eval300_v1/outputs/direct_v1_formal/direct_v1_2_3x16_r1_r3_eval300_formal_v1/route_artifacts/R3:71fbc5bf-7e2a-415d-86bc-3a948742e904_22_5.json,cf0c5fd49efc6e0e430ffef60d82b43734ff3364fa4001e1d72c02acfcef6934,19186,artifacts/SUPERSEDED_FOR_THESIS/old_formal_88/route_artifacts/R3:71fbc5bf-7e2a-415d-86bc-3a948742e904_22_5.json,8127f2a2a2b4fcd2e9b8ca0ea0ed1e6f559766fd93ca8ca5a714dff682314a95,18988,old 300 R1 + frozen 300 R3 source route artifacts,absolute_personal_path_redaction_only
${PROJECT_MSC_ROOT}/msc_thesis/main_system/isolated_workspaces/hourvideo_direct_api_eval300_v1/outputs/direct_v1_formal/direct_v1_2_3x16_r1_r3_eval300_formal_v1/route_artifacts/R3:71fbc5bf-7e2a-415d-86bc-3a948742e904_3_7.json,371a1b6833d9971c7e1d0b488aee9b682646a3bbbcc522b508adf749502ed0f6,12288,artifacts/SUPERSEDED_FOR_THESIS/old_formal_88/route_artifacts/R3:71fbc5bf-7e2a-415d-86bc-3a948742e904_3_7.json,c9975114baa87b5bf73ecd711a1d96e8228c0da42052014fa820e6a88cd7e63c,12244,old 300 R1 + frozen 300 R3 source route artifacts,absolute_personal_path_redaction_only
${PROJECT_MSC_ROOT}/msc_thesis/main_system/isolated_workspaces/hourvideo_direct_api_eval300_v1/outputs/direct_v1_formal/direct_v1_2_3x16_r1_r3_eval300_formal_v1/route_artifacts/R3:71fbc5bf-7e2a-415d-86bc-3a948742e904_4_12.json,4dcc06a134208fce3670616c96c7bed7360f23f8207635a28b2d863bb051e772,19255,artifacts/SUPERSEDED_FOR_THESIS/old_formal_88/route_artifacts/R3:71fbc5bf-7e2a-415d-86bc-3a948742e904_4_12.json,173ba48b3ef3bfde5b0edcd515ac88fa2ef4f67ae44e3e60aea784b7f446c4db,19057,old 300 R1 + frozen 300 R3 source route artifacts,absolute_personal_path_redaction_only
${PROJECT_MSC_ROOT}/msc_thesis/main_system/isolated_workspaces/hourvideo_direct_api_eval300_v1/outputs/direct_v1_formal/direct_v1_2_3x16_r1_r3_eval300_formal_v1/route_artifacts/R3:71fbc5bf-7e2a-415d-86bc-3a948742e904_4_22.json,4b6e9b48787845a47d6dd98f9ff6330b94cddf89e22e80049bf43a2863c5027a,19562,artifacts/SUPERSEDED_FOR_THESIS/old_formal_88/route_artifacts/R3:71fbc5bf-7e2a-415d-86bc-3a948742e904_4_22.json,ca0f0da2a67c3c53bff3eb7e4e173bb73c4f570d9a47dd7e66f86568265c31dc,19364,old 300 R1 + frozen 300 R3 source route artifacts,absolute_personal_path_redaction_only
${PROJECT_MSC_ROOT}/msc_thesis/main_system/isolated_workspaces/hourvideo_direct_api_eval300_v1/outputs/direct_v1_formal/direct_v1_2_3x16_r1_r3_eval300_formal_v1/route_artifacts/R3:71fbc5bf-7e2a-415d-86bc-3a948742e904_4_26.json,6e534cf42916a83bb94ca294e5421a5f77cf17c0d1deedef0614cd8cdf815e68,20075,artifacts/SUPERSEDED_FOR_THESIS/old_formal_88/route_artifacts/R3:71fbc5bf-7e2a-415d-86bc-3a948742e904_4_26.json,c258a2b010409e1b303221fe1ea2956b28f239bff9fdd92b44db83a636a506cc,19877,old 300 R1 + frozen 300 R3 source route artifacts,absolute_personal_path_redaction_only
${PROJECT_MSC_ROOT}/msc_thesis/main_system/isolated_workspaces/hourvideo_direct_api_eval300_v1/outputs/direct_v1_formal/direct_v1_2_3x16_r1_r3_eval300_formal_v1/route_artifacts/R3:71fbc5bf-7e2a-415d-86bc-3a948742e904_4_6.json,d3772345f0d4c34e2405df84010e0d5bb916a7ad96f9214476c6c3ee6a5ad690,19145,artifacts/SUPERSEDED_FOR_THESIS/old_formal_88/route_artifacts/R3:71fbc5bf-7e2a-415d-86bc-3a948742e904_4_6.json,b62ce3f784ba714b930fba44ba7e810894bec3ae029018e3f2f272d517fd0132,18947,old 300 R1 + frozen 300 R3 source route artifacts,absolute_personal_path_redaction_only
${PROJECT_MSC_ROOT}/msc_thesis/main_system/isolated_workspaces/hourvideo_direct_api_eval300_v1/outputs/direct_v1_formal/direct_v1_2_3x16_r1_r3_eval300_formal_v1/route_artifacts/R3:71fbc5bf-7e2a-415d-86bc-3a948742e904_5_15.json,7109fb29e3f3192982f1d312e4356bb9956af910bb133c0c72a7f4cfb2fe4f4d,19157,artifacts/SUPERSEDED_FOR_THESIS/old_formal_88/route_artifacts/R3:71fbc5bf-7e2a-415d-86bc-3a948742e904_5_15.json,42d1faa8b72349d3a7c2d63e176cd52016182e506f730485629e3ed7e788d810,18959,old 300 R1 + frozen 300 R3 source route artifacts,absolute_personal_path_redaction_only
${PROJECT_MSC_ROOT}/msc_thesis/main_system/isolated_workspaces/hourvideo_direct_api_eval300_v1/outputs/direct_v1_formal/direct_v1_2_3x16_r1_r3_eval300_formal_v1/route_artifacts/R3:71fbc5bf-7e2a-415d-86bc-3a948742e904_5_27.json,07aff101454a4c2f5a747506aab92f54c5fbe3cdd61ed9b2fecdfb22cbc3bdbc,19859,artifacts/SUPERSEDED_FOR_THESIS/old_formal_88/route_artifacts/R3:71fbc5bf-7e2a-415d-86bc-3a948742e904_5_27.json,89be7843eec258a8ef859129bca58e4983a34588d10fd7701ecbca43611ae180,19661,old 300 R1 + frozen 300 R3 source route artifacts,absolute_personal_path_redaction_only
${PROJECT_MSC_ROOT}/msc_thesis/main_system/isolated_workspaces/hourvideo_direct_api_eval300_v1/outputs/direct_v1_formal/direct_v1_2_3x16_r1_r3_eval300_formal_v1/route_artifacts/R3:71fbc5bf-7e2a-415d-86bc-3a948742e904_6_14.json,25cebc9bf2ac79bbd258608f99624fac6b96badf25a1b18d1862cc661b3bea65,19790,artifacts/SUPERSEDED_FOR_THESIS/old_formal_88/route_artifacts/R3:71fbc5bf-7e2a-415d-86bc-3a948742e904_6_14.json,b8c126ddf9da0f64bf843669950a0d9e004d171ef6a0981dc5b8ff7f0149d0ee,19592,old 300 R1 + frozen 300 R3 source route artifacts,absolute_personal_path_redaction_only
${PROJECT_MSC_ROOT}/msc_thesis/main_system/isolated_workspaces/hourvideo_direct_api_eval300_v1/outputs/direct_v1_formal/direct_v1_2_3x16_r1_r3_eval300_formal_v1/route_artifacts/R3:71fbc5bf-7e2a-415d-86bc-3a948742e904_7_11.json,6584bfb0de1a698e762684a6ff74f43afee5dc1b9d3492acd7614e168e6fe65b,17525,artifacts/SUPERSEDED_FOR_THESIS/old_formal_88/route_artifacts/R3:71fbc5bf-7e2a-415d-86bc-3a948742e904_7_11.json,9e4806df01b3145e15ba6fb95cbc15d1900beb0fd4ef9f3bc1010dae8c36796f,17393,old 300 R1 + frozen 300 R3 source route artifacts,absolute_personal_path_redaction_only
${PROJECT_MSC_ROOT}/msc_thesis/main_system/isolated_workspaces/hourvideo_direct_api_eval300_v1/outputs/direct_v1_formal/direct_v1_2_3x16_r1_r3_eval300_formal_v1/route_artifacts/R3:71fbc5bf-7e2a-415d-86bc-3a948742e904_7_17.json,3b40986869194e78968c6e07c09bb93c9452bda4128707c1d33f25903cd7c747,18806,artifacts/SUPERSEDED_FOR_THESIS/old_formal_88/route_artifacts/R3:71fbc5bf-7e2a-415d-86bc-3a948742e904_7_17.json,5df478716146095b1d60792a02f1c4833daee38c0a21e873820240fcd21762ae,18608,old 300 R1 + frozen 300 R3 source route artifacts,absolute_personal_path_redaction_only
${PROJECT_MSC_ROOT}/msc_thesis/main_system/isolated_workspaces/hourvideo_direct_api_eval300_v1/outputs/direct_v1_formal/direct_v1_2_3x16_r1_r3_eval300_formal_v1/route_artifacts/R3:71fbc5bf-7e2a-415d-86bc-3a948742e904_7_19.json,83578d717965fde2458c4b208967d4b8bf982f3968b37514fe61f087c9dca6ed,33835,artifacts/SUPERSEDED_FOR_THESIS/old_formal_88/route_artifacts/R3:71fbc5bf-7e2a-415d-86bc-3a948742e904_7_19.json,a0a4fefa514f88a0f39d01dcb36c929fcb48d033a1670c4f3005187d292b8f30,33461,old 300 R1 + frozen 300 R3 source route artifacts,absolute_personal_path_redaction_only
${PROJECT_MSC_ROOT}/msc_thesis/main_system/isolated_workspaces/hourvideo_direct_api_eval300_v1/outputs/direct_v1_formal/direct_v1_2_3x16_r1_r3_eval300_formal_v1/route_artifacts/R3:71fbc5bf-7e2a-415d-86bc-3a948742e904_7_2.json,2ec3c36458d2b8283f2df3f04367f1f969d68dcd0f90eb5b522145e457ae5947,46516,artifacts/SUPERSEDED_FOR_THESIS/old_formal_88/route_artifacts/R3:71fbc5bf-7e2a-415d-86bc-3a948742e904_7_2.json,f5f2bffa52534df22f9cab082af6189c8dc57efac168941905c83cec5c644c91,45966,old 300 R1 + frozen 300 R3 source route artifacts,absolute_personal_path_redaction_only
${PROJECT_MSC_ROOT}/msc_thesis/main_system/isolated_workspaces/hourvideo_direct_api_eval300_v1/outputs/direct_v1_formal/direct_v1_2_3x16_r1_r3_eval300_formal_v1/route_artifacts/R3:71fbc5bf-7e2a-415d-86bc-3a948742e904_7_24.json,8e5731dd4ac6005f6d0cccabac2282691d1e8930a158132130ba67a04a43be89,33311,artifacts/SUPERSEDED_FOR_THESIS/old_formal_88/route_artifacts/R3:71fbc5bf-7e2a-415d-86bc-3a948742e904_7_24.json,05d02ab3d2792a99e94ed05ab576eb7a0cb6bda30a7571b47f3f1edb93590340,32959,old 300 R1 + frozen 300 R3 source route artifacts,absolute_personal_path_redaction_only
${PROJECT_MSC_ROOT}/msc_thesis/main_system/isolated_workspaces/hourvideo_direct_api_eval300_v1/outputs/direct_v1_formal/direct_v1_2_3x16_r1_r3_eval300_formal_v1/route_artifacts/R3:71fbc5bf-7e2a-415d-86bc-3a948742e904_7_3.json,a7ca6dadba8f89e94145f2437beb1330e577b04e2b7361653fb5890783f0e337,19416,artifacts/SUPERSEDED_FOR_THESIS/old_formal_88/route_artifacts/R3:71fbc5bf-7e2a-415d-86bc-3a948742e904_7_3.json,f4d80bc5d7239241898f3319d068234d0c7ba9efbc55843a3bbb43d47eee979f,19218,old 300 R1 + frozen 300 R3 source route artifacts,absolute_personal_path_redaction_only
${PROJECT_MSC_ROOT}/msc_thesis/main_system/isolated_workspaces/hourvideo_direct_api_eval300_v1/outputs/direct_v1_formal/direct_v1_2_3x16_r1_r3_eval300_formal_v1/route_artifacts/R3:71fbc5bf-7e2a-415d-86bc-3a948742e904_7_9.json,7dfad88262d7cc81f88b6ad9484118d1ed89099d2e268229f84aa29c2a4805ce,33067,artifacts/SUPERSEDED_FOR_THESIS/old_formal_88/route_artifacts/R3:71fbc5bf-7e2a-415d-86bc-3a948742e904_7_9.json,309176e6747832a02069e1a7c735fac304b4ceb096ddf36a7776737102e83477,32715,old 300 R1 + frozen 300 R3 source route artifacts,absolute_personal_path_redaction_only
${PROJECT_MSC_ROOT}/msc_thesis/main_system/isolated_workspaces/hourvideo_direct_api_eval300_v1/outputs/direct_v1_formal/direct_v1_2_3x16_r1_r3_eval300_formal_v1/route_artifacts/R3:71fbc5bf-7e2a-415d-86bc-3a948742e904_8_1.json,973e6793c8a77796ad0145adcc404096a89e68940b0b1202926bfbe3067e21ca,13924,artifacts/SUPERSEDED_FOR_THESIS/old_formal_88/route_artifacts/R3:71fbc5bf-7e2a-415d-86bc-3a948742e904_8_1.json,cfd29d8a8abeb721fe1e75b2201dda626eedab8b7a05470a5728a994506fa23d,13792,old 300 R1 + frozen 300 R3 source route artifacts,absolute_personal_path_redaction_only
${PROJECT_MSC_ROOT}/msc_thesis/main_system/isolated_workspaces/hourvideo_direct_api_eval300_v1/outputs/direct_v1_formal/direct_v1_2_3x16_r1_r3_eval300_formal_v1/route_artifacts/R3:71fbc5bf-7e2a-415d-86bc-3a948742e904_8_20.json,d082e603e82726e1bda870b6c2a651ec137e5dc8972726b7414baba597e091a7,19331,artifacts/SUPERSEDED_FOR_THESIS/old_formal_88/route_artifacts/R3:71fbc5bf-7e2a-415d-86bc-3a948742e904_8_20.json,5f4862face2726452d7c53a6472e34c4dc3dbef9e3fb3d55023ed0b3b622ba50,19155,old 300 R1 + frozen 300 R3 source route artifacts,absolute_personal_path_redaction_only
${PROJECT_MSC_ROOT}/msc_thesis/main_system/isolated_workspaces/hourvideo_direct_api_eval300_v1/outputs/direct_v1_formal/direct_v1_2_3x16_r1_r3_eval300_formal_v1/route_artifacts/R3:71fbc5bf-7e2a-415d-86bc-3a948742e904_8_8.json,e3e9b532c8bf51946f8eceacb5c4369ffc829a753b6cf88151a11b1d64a5672c,20059,artifacts/SUPERSEDED_FOR_THESIS/old_formal_88/route_artifacts/R3:71fbc5bf-7e2a-415d-86bc-3a948742e904_8_8.json,f8535973bf462d1dae64f7f6b1a8ca83c0b4927d11fd7d18c005a0920b25a336,19883,old 300 R1 + frozen 300 R3 source route artifacts,absolute_personal_path_redaction_only
${PROJECT_MSC_ROOT}/msc_thesis/main_system/isolated_workspaces/hourvideo_direct_api_eval300_v1/outputs/direct_v1_formal/direct_v1_2_3x16_r1_r3_eval300_formal_v1/route_artifacts/R3:7ddbf8a2-5b3e-44cd-b9dc-db17ec06831b_11_12.json,247ca3722e456a0d1bbb23f6844e69639497d54800ff1965211bef91ae16c221,19074,artifacts/SUPERSEDED_FOR_THESIS/old_formal_88/route_artifacts/R3:7ddbf8a2-5b3e-44cd-b9dc-db17ec06831b_11_12.json,c3aae683320f4b79872221fd1d8852971d52564c5bbe0e1edba1cc2c8eed29de,18876,old 300 R1 + frozen 300 R3 source route artifacts,absolute_personal_path_redaction_only
${PROJECT_MSC_ROOT}/msc_thesis/main_system/isolated_workspaces/hourvideo_direct_api_eval300_v1/outputs/direct_v1_formal/direct_v1_2_3x16_r1_r3_eval300_formal_v1/route_artifacts/R3:7ddbf8a2-5b3e-44cd-b9dc-db17ec06831b_11_14.json,c322cad30e085ced0cf5e477173d99e886b3a9c46ee90ce192e45b813511c49b,32819,artifacts/SUPERSEDED_FOR_THESIS/old_formal_88/route_artifacts/R3:7ddbf8a2-5b3e-44cd-b9dc-db17ec06831b_11_14.json,2864c722a1fe895fef1f3341e6e1ab5e7b26287eede894c94d361fced67c5294,32467,old 300 R1 + frozen 300 R3 source route artifacts,absolute_personal_path_redaction_only
${PROJECT_MSC_ROOT}/msc_thesis/main_system/isolated_workspaces/hourvideo_direct_api_eval300_v1/outputs/direct_v1_formal/direct_v1_2_3x16_r1_r3_eval300_formal_v1/route_artifacts/R3:7ddbf8a2-5b3e-44cd-b9dc-db17ec06831b_11_17.json,1b26b86a34487de957886212102524439424fb849b95772ac2449f16f3acecdd,28489,artifacts/SUPERSEDED_FOR_THESIS/old_formal_88/route_artifacts/R3:7ddbf8a2-5b3e-44cd-b9dc-db17ec06831b_11_17.json,c76298daf5093b506e15511eb64991499a2676a2d99fd0ea4c0979959b93d42a,28159,old 300 R1 + frozen 300 R3 source route artifacts,absolute_personal_path_redaction_only
${PROJECT_MSC_ROOT}/msc_thesis/main_system/isolated_workspaces/hourvideo_direct_api_eval300_v1/outputs/direct_v1_formal/direct_v1_2_3x16_r1_r3_eval300_formal_v1/route_artifacts/R3:7ddbf8a2-5b3e-44cd-b9dc-db17ec06831b_17_15.json,dfd12ba08893a84663605725f457837be90182a674dd6e2317899e5ba2c72dad,19229,artifacts/SUPERSEDED_FOR_THESIS/old_formal_88/route_artifacts/R3:7ddbf8a2-5b3e-44cd-b9dc-db17ec06831b_17_15.json,3bc7c453fba8907014d134bb8e233adf34d0ebe5218e9e28a51ebb843aaa68a5,19031,old 300 R1 + frozen 300 R3 source route artifacts,absolute_personal_path_redaction_only
${PROJECT_MSC_ROOT}/msc_thesis/main_system/isolated_workspaces/hourvideo_direct_api_eval300_v1/outputs/direct_v1_formal/direct_v1_2_3x16_r1_r3_eval300_formal_v1/route_artifacts/R3:7ddbf8a2-5b3e-44cd-b9dc-db17ec06831b_17_6.json,a698bfdde847c58bf344590a95346e1dbe9cf5fd40d813c4c59b34c13d55246d,18576,artifacts/SUPERSEDED_FOR_THESIS/old_formal_88/route_artifacts/R3:7ddbf8a2-5b3e-44cd-b9dc-db17ec06831b_17_6.json,ac54f95cc708aa101f9c872af3cd5d9c8cf4cbf73d5c8cb5c29d8c79fea6be51,18378,old 300 R1 + frozen 300 R3 source route artifacts,absolute_personal_path_redaction_only
${PROJECT_MSC_ROOT}/msc_thesis/main_system/isolated_workspaces/hourvideo_direct_api_eval300_v1/outputs/direct_v1_formal/direct_v1_2_3x16_r1_r3_eval300_formal_v1/route_artifacts/R3:7ddbf8a2-5b3e-44cd-b9dc-db17ec06831b_22_23.json,83f3cef678a2fa9aba9e33edc9e4fc9289a6ea8bd2188aa07f9dd2c03436b7fc,9160,artifacts/SUPERSEDED_FOR_THESIS/old_formal_88/route_artifacts/R3:7ddbf8a2-5b3e-44cd-b9dc-db17ec06831b_22_23.json,34c58ddd507c1fbcc81d198b3cfb56be21c1fd144aa88d2891b106cde8c4c31b,9094,old 300 R1 + frozen 300 R3 source route artifacts,absolute_personal_path_redaction_only
${PROJECT_MSC_ROOT}/msc_thesis/main_system/isolated_workspaces/hourvideo_direct_api_eval300_v1/outputs/direct_v1_formal/direct_v1_2_3x16_r1_r3_eval300_formal_v1/route_artifacts/R3:7ddbf8a2-5b3e-44cd-b9dc-db17ec06831b_22_3.json,8d7246893a37656e3833618205cdf88dbfb75b6473ea23dcb092d96c198208a5,19378,artifacts/SUPERSEDED_FOR_THESIS/old_formal_88/route_artifacts/R3:7ddbf8a2-5b3e-44cd-b9dc-db17ec06831b_22_3.json,4315f48f08aba070b687d4352502d4d74ed71396fc2e2c818195be735961acc0,19180,old 300 R1 + frozen 300 R3 source route artifacts,absolute_personal_path_redaction_only
${PROJECT_MSC_ROOT}/msc_thesis/main_system/isolated_workspaces/hourvideo_direct_api_eval300_v1/outputs/direct_v1_formal/direct_v1_2_3x16_r1_r3_eval300_formal_v1/route_artifacts/R3:7ddbf8a2-5b3e-44cd-b9dc-db17ec06831b_4_19.json,8ca812d5c3dbec8239236d6c55305a1f7b7b37a69d38fad3072f3c985b243d6b,33092,artifacts/SUPERSEDED_FOR_THESIS/old_formal_88/route_artifacts/R3:7ddbf8a2-5b3e-44cd-b9dc-db17ec06831b_4_19.json,f4e91825452d1d3fa14b5e2b52765b09b844531041429b272d9f12ac6fca28c1,32740,old 300 R1 + frozen 300 R3 source route artifacts,absolute_personal_path_redaction_only
${PROJECT_MSC_ROOT}/msc_thesis/main_system/isolated_workspaces/hourvideo_direct_api_eval300_v1/outputs/direct_v1_formal/direct_v1_2_3x16_r1_r3_eval300_formal_v1/route_artifacts/R3:7ddbf8a2-5b3e-44cd-b9dc-db17ec06831b_4_2.json,62cc0323d915952f272c6de05b6fc0b0770c127639fa80bb5a8aadc7f7fe291b,19507,artifacts/SUPERSEDED_FOR_THESIS/old_formal_88/route_artifacts/R3:7ddbf8a2-5b3e-44cd-b9dc-db17ec06831b_4_2.json,9c8e65a58c20b1f27412bce6692c6c5b646141051e901d221a633fb7699ff291,19309,old 300 R1 + frozen 300 R3 source route artifacts,absolute_personal_path_redaction_only
${PROJECT_MSC_ROOT}/msc_thesis/main_system/isolated_workspaces/hourvideo_direct_api_eval300_v1/outputs/direct_v1_formal/direct_v1_2_3x16_r1_r3_eval300_formal_v1/route_artifacts/R3:7ddbf8a2-5b3e-44cd-b9dc-db17ec06831b_4_24.json,20b1e9a9a0b1e9b0bfce6e1b4cf5ab9bb25061bbfd6065e1c38deda8ea182e0b,19086,artifacts/SUPERSEDED_FOR_THESIS/old_formal_88/route_artifacts/R3:7ddbf8a2-5b3e-44cd-b9dc-db17ec06831b_4_24.json,7b6cb6dd689ada5236b8300efb62f38d05f0d7aa19a645b28764ece6bb972ad3,18888,old 300 R1 + frozen 300 R3 source route artifacts,absolute_personal_path_redaction_only
${PROJECT_MSC_ROOT}/msc_thesis/main_system/isolated_workspaces/hourvideo_direct_api_eval300_v1/outputs/direct_v1_formal/direct_v1_2_3x16_r1_r3_eval300_formal_v1/route_artifacts/R3:7ddbf8a2-5b3e-44cd-b9dc-db17ec06831b_4_9.json,860dbfff3c37dac0e8264bde54ada13424de079c01809d59e14401c901d818ae,19718,artifacts/SUPERSEDED_FOR_THESIS/old_formal_88/route_artifacts/R3:7ddbf8a2-5b3e-44cd-b9dc-db17ec06831b_4_9.json,541d24df0adbf890b79fc2dad60cc8241c2e4de2cec2759bb56474791a6d2b61,19520,old 300 R1 + frozen 300 R3 source route artifacts,absolute_personal_path_redaction_only
${PROJECT_MSC_ROOT}/msc_thesis/main_system/isolated_workspaces/hourvideo_direct_api_eval300_v1/outputs/direct_v1_formal/direct_v1_2_3x16_r1_r3_eval300_formal_v1/route_artifacts/R3:7ddbf8a2-5b3e-44cd-b9dc-db17ec06831b_5_1.json,9dad7e7e9bb6c124c42ae76bcee58a4f02e0a50d527c39347306bdaac64e503e,23710,artifacts/SUPERSEDED_FOR_THESIS/old_formal_88/route_artifacts/R3:7ddbf8a2-5b3e-44cd-b9dc-db17ec06831b_5_1.json,da21e0795c8a4f4b0c355595d6a676e4f9a0a933248d74774322c5dfeb7c9c04,23446,old 300 R1 + frozen 300 R3 source route artifacts,absolute_personal_path_redaction_only
${PROJECT_MSC_ROOT}/msc_thesis/main_system/isolated_workspaces/hourvideo_direct_api_eval300_v1/outputs/direct_v1_formal/direct_v1_2_3x16_r1_r3_eval300_formal_v1/route_artifacts/R3:7ddbf8a2-5b3e-44cd-b9dc-db17ec06831b_5_22.json,465a40ea3ba372df4260dc02063ede6816b9f8f310e0e36901d3b832d42546d0,35059,artifacts/SUPERSEDED_FOR_THESIS/old_formal_88/route_artifacts/R3:7ddbf8a2-5b3e-44cd-b9dc-db17ec06831b_5_22.json,441a542d66b5454c8bae921b93051288832ec8630179830155b72a1cfe8081a3,34663,old 300 R1 + frozen 300 R3 source route artifacts,absolute_personal_path_redaction_only
${PROJECT_MSC_ROOT}/msc_thesis/main_system/isolated_workspaces/hourvideo_direct_api_eval300_v1/outputs/direct_v1_formal/direct_v1_2_3x16_r1_r3_eval300_formal_v1/route_artifacts/R3:7ddbf8a2-5b3e-44cd-b9dc-db17ec06831b_6_7.json,0934f84ee0e370f4f304b282c524827ef97e285774f1345b5b6fe9464da20745,19358,artifacts/SUPERSEDED_FOR_THESIS/old_formal_88/route_artifacts/R3:7ddbf8a2-5b3e-44cd-b9dc-db17ec06831b_6_7.json,29abc34a85d59b4c2886fa7f82aa20aaad6c0221d7e59e9366f239ba284076af,19160,old 300 R1 + frozen 300 R3 source route artifacts,absolute_personal_path_redaction_only
${PROJECT_MSC_ROOT}/msc_thesis/main_system/isolated_workspaces/hourvideo_direct_api_eval300_v1/outputs/direct_v1_formal/direct_v1_2_3x16_r1_r3_eval300_formal_v1/route_artifacts/R3:7ddbf8a2-5b3e-44cd-b9dc-db17ec06831b_6_8.json,8ef004c3b49d5259a6812671c654b0f87ff62f79c14b8e9223c2ee5b1653ad98,36637,artifacts/SUPERSEDED_FOR_THESIS/old_formal_88/route_artifacts/R3:7ddbf8a2-5b3e-44cd-b9dc-db17ec06831b_6_8.json,ceeab5b5f2547f86d747115e83f8fbdda559ab76bb40723183d7560e09b49092,36219,old 300 R1 + frozen 300 R3 source route artifacts,absolute_personal_path_redaction_only
${PROJECT_MSC_ROOT}/msc_thesis/main_system/isolated_workspaces/hourvideo_direct_api_eval300_v1/outputs/direct_v1_formal/direct_v1_2_3x16_r1_r3_eval300_formal_v1/route_artifacts/R3:7ddbf8a2-5b3e-44cd-b9dc-db17ec06831b_7_11.json,31080338e10b126ca7bb923137cb8827a5f4571a1bdba8818ccaf3240787e5c9,29175,artifacts/SUPERSEDED_FOR_THESIS/old_formal_88/route_artifacts/R3:7ddbf8a2-5b3e-44cd-b9dc-db17ec06831b_7_11.json,17ab273a9fc007ab0dd1f76ba956a376c1f4b940e818c26267fb16528a08accc,28845,old 300 R1 + frozen 300 R3 source route artifacts,absolute_personal_path_redaction_only
${PROJECT_MSC_ROOT}/msc_thesis/main_system/isolated_workspaces/hourvideo_direct_api_eval300_v1/outputs/direct_v1_formal/direct_v1_2_3x16_r1_r3_eval300_formal_v1/route_artifacts/R3:7ddbf8a2-5b3e-44cd-b9dc-db17ec06831b_7_16.json,d1e8f6d96f8c522d186da76f7f0f0e46aebf7ec2c844a8e5a03fb015d5831b7b,32139,artifacts/SUPERSEDED_FOR_THESIS/old_formal_88/route_artifacts/R3:7ddbf8a2-5b3e-44cd-b9dc-db17ec06831b_7_16.json,cf8df9e4bf847c9b82a6ab58dc7f9b50ed6e896e78bb9e5cb97b440729d75f3e,31787,old 300 R1 + frozen 300 R3 source route artifacts,absolute_personal_path_redaction_only
${PROJECT_MSC_ROOT}/msc_thesis/main_system/isolated_workspaces/hourvideo_direct_api_eval300_v1/outputs/direct_v1_formal/direct_v1_2_3x16_r1_r3_eval300_formal_v1/route_artifacts/R3:7ddbf8a2-5b3e-44cd-b9dc-db17ec06831b_7_21.json,1364c60dc59e5d3a3a02520203c26b28e93d637f974fa8616000a6f0a4542e09,32414,artifacts/SUPERSEDED_FOR_THESIS/old_formal_88/route_artifacts/R3:7ddbf8a2-5b3e-44cd-b9dc-db17ec06831b_7_21.json,379f13bc1446c2e05c7556650c3195f2bcda6e3371e43bbf7c1053ec9c0ea88a,32062,old 300 R1 + frozen 300 R3 source route artifacts,absolute_personal_path_redaction_only
${PROJECT_MSC_ROOT}/msc_thesis/main_system/isolated_workspaces/hourvideo_direct_api_eval300_v1/outputs/direct_v1_formal/direct_v1_2_3x16_r1_r3_eval300_formal_v1/route_artifacts/R3:7ddbf8a2-5b3e-44cd-b9dc-db17ec06831b_7_4.json,97cad74a6fe8b7d9fecfb07b92080534ebd1af59c00ef0d72d9bfee7818b390a,33170,artifacts/SUPERSEDED_FOR_THESIS/old_formal_88/route_artifacts/R3:7ddbf8a2-5b3e-44cd-b9dc-db17ec06831b_7_4.json,92fa505ae1b1f859132a3d653608851a8c69553f005e7cd5a5ccf5e0346c6089,32796,old 300 R1 + frozen 300 R3 source route artifacts,absolute_personal_path_redaction_only
${PROJECT_MSC_ROOT}/msc_thesis/main_system/isolated_workspaces/hourvideo_direct_api_eval300_v1/outputs/direct_v1_formal/direct_v1_2_3x16_r1_r3_eval300_formal_v1/route_artifacts/R3:7ddbf8a2-5b3e-44cd-b9dc-db17ec06831b_7_5.json,2288fde46e09dd98adc1e40128342690f7f115133ea50e38dc0013946a664542,15712,artifacts/SUPERSEDED_FOR_THESIS/old_formal_88/route_artifacts/R3:7ddbf8a2-5b3e-44cd-b9dc-db17ec06831b_7_5.json,a56393a44d672f9725ff64f79cc8b71803739933a6d0aeaec43bdb6216bf1e8d,15602,old 300 R1 + frozen 300 R3 source route artifacts,absolute_personal_path_redaction_only
${PROJECT_MSC_ROOT}/msc_thesis/main_system/isolated_workspaces/hourvideo_direct_api_eval300_v1/outputs/direct_v1_formal/direct_v1_2_3x16_r1_r3_eval300_formal_v1/route_artifacts/R3:7ddbf8a2-5b3e-44cd-b9dc-db17ec06831b_8_10.json,6c9ca045ba2340a2dffe1d3745a1df8e26cdb2a21b5350ee46f23b9aa45b44c4,22692,artifacts/SUPERSEDED_FOR_THESIS/old_formal_88/route_artifacts/R3:7ddbf8a2-5b3e-44cd-b9dc-db17ec06831b_8_10.json,d4db867754622e0151bc1a1122aff0bf2e5e05493cbf3ccc62a3b0fc3da3110f,22494,old 300 R1 + frozen 300 R3 source route artifacts,absolute_personal_path_redaction_only
${PROJECT_MSC_ROOT}/msc_thesis/main_system/isolated_workspaces/hourvideo_direct_api_eval300_v1/outputs/direct_v1_formal/direct_v1_2_3x16_r1_r3_eval300_formal_v1/route_artifacts/R3:7ddbf8a2-5b3e-44cd-b9dc-db17ec06831b_8_13.json,ba6196cb9cb7385c3338ffeda409caeebf23be22e85b8e0f72802c3880df55d2,19390,artifacts/SUPERSEDED_FOR_THESIS/old_formal_88/route_artifacts/R3:7ddbf8a2-5b3e-44cd-b9dc-db17ec06831b_8_13.json,ce75929f13b6aa8fe6d7c2fa7cfd61f86e5ca42c6a31238f4bec5b414a6e38ff,19192,old 300 R1 + frozen 300 R3 source route artifacts,absolute_personal_path_redaction_only
${PROJECT_MSC_ROOT}/msc_thesis/main_system/isolated_workspaces/hourvideo_direct_api_eval300_v1/outputs/direct_v1_formal/direct_v1_2_3x16_r1_r3_eval300_formal_v1/route_artifacts/R3:7ddbf8a2-5b3e-44cd-b9dc-db17ec06831b_8_18.json,1c465ff475dcd6473165398a6cb045a0407c527fd02e74be840ecb15e5d17018,19463,artifacts/SUPERSEDED_FOR_THESIS/old_formal_88/route_artifacts/R3:7ddbf8a2-5b3e-44cd-b9dc-db17ec06831b_8_18.json,be255c4e2781e64ca834df37de72238e11e2dcb1408531104ffda9413d97d35e,19265,old 300 R1 + frozen 300 R3 source route artifacts,absolute_personal_path_redaction_only
${PROJECT_MSC_ROOT}/msc_thesis/main_system/isolated_workspaces/hourvideo_direct_api_eval300_v1/outputs/direct_v1_formal/direct_v1_2_3x16_r1_r3_eval300_formal_v1/route_artifacts/R3:7ddbf8a2-5b3e-44cd-b9dc-db17ec06831b_8_20.json,08a773465e2aa936a376d97800f3fc89f841e148be9f3a82afed125531649d95,19377,artifacts/SUPERSEDED_FOR_THESIS/old_formal_88/route_artifacts/R3:7ddbf8a2-5b3e-44cd-b9dc-db17ec06831b_8_20.json,f2d77a941c3917bcc5daf9305a8de5f50ca9d022d0fb68cd8d0c4b0a64672524,19179,old 300 R1 + frozen 300 R3 source route artifacts,absolute_personal_path_redaction_only
${PROJECT_MSC_ROOT}/msc_thesis/main_system/isolated_workspaces/hourvideo_direct_api_eval300_v1/outputs/direct_v1_formal/direct_v1_2_3x16_r1_r3_eval300_formal_v1/route_artifacts/R3:7ddbf8a2-5b3e-44cd-b9dc-db17ec06831b_8_25.json,46b89edde47330d57221b775ec3f2b4c98f8c701a9c48d89253e4716b5571e5a,18687,artifacts/SUPERSEDED_FOR_THESIS/old_formal_88/route_artifacts/R3:7ddbf8a2-5b3e-44cd-b9dc-db17ec06831b_8_25.json,ebea14d4ffc8a4235c582618c68814488d8184d2230d763347f3edc69d84f4f1,18489,old 300 R1 + frozen 300 R3 source route artifacts,absolute_personal_path_redaction_only
${PROJECT_MSC_ROOT}/msc_thesis/main_system/isolated_workspaces/hourvideo_direct_api_eval300_v1/outputs/direct_v1_formal/direct_v1_2_3x16_r1_r3_eval300_formal_v1/route_artifacts/R3:7e512589-aa97-41e8-83d3-af2e83e4fd06_11_14.json,8d07b340b240b158bfe77eb4f63bdf785629774d7f3c052e4c9ac18f5ba6570c,19014,artifacts/SUPERSEDED_FOR_THESIS/old_formal_88/route_artifacts/R3:7e512589-aa97-41e8-83d3-af2e83e4fd06_11_14.json,e2a2cccf0096033dfb95da9b0be32cad6587aba712533efe58aa3c84eea0cb8a,18816,old 300 R1 + frozen 300 R3 source route artifacts,absolute_personal_path_redaction_only
${PROJECT_MSC_ROOT}/msc_thesis/main_system/isolated_workspaces/hourvideo_direct_api_eval300_v1/outputs/direct_v1_formal/direct_v1_2_3x16_r1_r3_eval300_formal_v1/route_artifacts/R3:7e512589-aa97-41e8-83d3-af2e83e4fd06_11_18.json,fdf98058c74dad5a4a1b5ce9eeb2068d841a9f0c22f1bcde16890966700d57ca,28715,artifacts/SUPERSEDED_FOR_THESIS/old_formal_88/route_artifacts/R3:7e512589-aa97-41e8-83d3-af2e83e4fd06_11_18.json,1d29491355fad616c7dd81c3f945265bbbe5be3f2c88139f85d15ed5d8e59a0d,28385,old 300 R1 + frozen 300 R3 source route artifacts,absolute_personal_path_redaction_only
${PROJECT_MSC_ROOT}/msc_thesis/main_system/isolated_workspaces/hourvideo_direct_api_eval300_v1/outputs/direct_v1_formal/direct_v1_2_3x16_r1_r3_eval300_formal_v1/route_artifacts/R3:7e512589-aa97-41e8-83d3-af2e83e4fd06_11_24.json,94d02863e2f58f2489134cc9e6c1b6bfb137e306eec54e95d96822460faf460c,64487,artifacts/SUPERSEDED_FOR_THESIS/old_formal_88/route_artifacts/R3:7e512589-aa97-41e8-83d3-af2e83e4fd06_11_24.json,dce8d19eadf4fed7a260039c14c2e78b7b62a2bd707685419ae1b63cef577a68,63695,old 300 R1 + frozen 300 R3 source route artifacts,absolute_personal_path_redaction_only
${PROJECT_MSC_ROOT}/msc_thesis/main_system/isolated_workspaces/hourvideo_direct_api_eval300_v1/outputs/direct_v1_formal/direct_v1_2_3x16_r1_r3_eval300_formal_v1/route_artifacts/R3:7e512589-aa97-41e8-83d3-af2e83e4fd06_17_10.json,b583fea29b25d3e00c2b1589cc57ccfbff02c524fcdb1fa91c5dd117d3dca221,19390,artifacts/SUPERSEDED_FOR_THESIS/old_formal_88/route_artifacts/R3:7e512589-aa97-41e8-83d3-af2e83e4fd06_17_10.json,226b6d5035ee500e9e3d30a745993abe7c2dc5678cdcc20b012d19b436aae7c1,19192,old 300 R1 + frozen 300 R3 source route artifacts,absolute_personal_path_redaction_only
${PROJECT_MSC_ROOT}/msc_thesis/main_system/isolated_workspaces/hourvideo_direct_api_eval300_v1/outputs/direct_v1_formal/direct_v1_2_3x16_r1_r3_eval300_formal_v1/route_artifacts/R3:7e512589-aa97-41e8-83d3-af2e83e4fd06_17_16.json,220b2d7759549fd2eaeaff3b7f8a35d3694e2937ad7241a21ef444db321cb367,17405,artifacts/SUPERSEDED_FOR_THESIS/old_formal_88/route_artifacts/R3:7e512589-aa97-41e8-83d3-af2e83e4fd06_17_16.json,f0fb68747be03e1ab1c2fa286da88cbe10daae569953e2532b759e9772b213a7,17273,old 300 R1 + frozen 300 R3 source route artifacts,absolute_personal_path_redaction_only
${PROJECT_MSC_ROOT}/msc_thesis/main_system/isolated_workspaces/hourvideo_direct_api_eval300_v1/outputs/direct_v1_formal/direct_v1_2_3x16_r1_r3_eval300_formal_v1/route_artifacts/R3:7e512589-aa97-41e8-83d3-af2e83e4fd06_17_2.json,8cb99f3a038926419c754295d6c7afeee6d11ac7fc4e3fcf4b0ce3708541e49a,19410,artifacts/SUPERSEDED_FOR_THESIS/old_formal_88/route_artifacts/R3:7e512589-aa97-41e8-83d3-af2e83e4fd06_17_2.json,32caddb727ced52a2aa4f9b1a475179c63e0d977f4f35debafeb86275520ca79,19212,old 300 R1 + frozen 300 R3 source route artifacts,absolute_personal_path_redaction_only
${PROJECT_MSC_ROOT}/msc_thesis/main_system/isolated_workspaces/hourvideo_direct_api_eval300_v1/outputs/direct_v1_formal/direct_v1_2_3x16_r1_r3_eval300_formal_v1/route_artifacts/R3:7e512589-aa97-41e8-83d3-af2e83e4fd06_17_30.json,e7724067bd54473faaa74aff6767c02b347956ae60c7f447c2cb08430feed85e,17681,artifacts/SUPERSEDED_FOR_THESIS/old_formal_88/route_artifacts/R3:7e512589-aa97-41e8-83d3-af2e83e4fd06_17_30.json,e2ad8f50027856f3e7fd6f96cafe9eccb9af0da4c6dbecfb0513397bd6e82a6c,17549,old 300 R1 + frozen 300 R3 source route artifacts,absolute_personal_path_redaction_only
${PROJECT_MSC_ROOT}/msc_thesis/main_system/isolated_workspaces/hourvideo_direct_api_eval300_v1/outputs/direct_v1_formal/direct_v1_2_3x16_r1_r3_eval300_formal_v1/route_artifacts/R3:7e512589-aa97-41e8-83d3-af2e83e4fd06_17_34.json,f0e60bff4f34092a7da71dafcdf92829179adb0a8f8e513aab2d5882fce02594,19206,artifacts/SUPERSEDED_FOR_THESIS/old_formal_88/route_artifacts/R3:7e512589-aa97-41e8-83d3-af2e83e4fd06_17_34.json,be2c529e05301de50c987bcdd56d3edd9714340f224f8624f1d70bcc9478bc54,19008,old 300 R1 + frozen 300 R3 source route artifacts,absolute_personal_path_redaction_only
${PROJECT_MSC_ROOT}/msc_thesis/main_system/isolated_workspaces/hourvideo_direct_api_eval300_v1/outputs/direct_v1_formal/direct_v1_2_3x16_r1_r3_eval300_formal_v1/route_artifacts/R3:7e512589-aa97-41e8-83d3-af2e83e4fd06_21_19.json,1e44af5c78f97401a12a745b997d19f568a26b4d99aacb1f0025a7c987bc6e15,19134,artifacts/SUPERSEDED_FOR_THESIS/old_formal_88/route_artifacts/R3:7e512589-aa97-41e8-83d3-af2e83e4fd06_21_19.json,3d849f238b4c75663d8a528419f46ec14d565684634f77b180f49cbb06bc9560,18936,old 300 R1 + frozen 300 R3 source route artifacts,absolute_personal_path_redaction_only
${PROJECT_MSC_ROOT}/msc_thesis/main_system/isolated_workspaces/hourvideo_direct_api_eval300_v1/outputs/direct_v1_formal/direct_v1_2_3x16_r1_r3_eval300_formal_v1/route_artifacts/R3:7e512589-aa97-41e8-83d3-af2e83e4fd06_22_11.json,c93d9b49d626ea7dede95b2ba3795b3bdf79154a1c9e43aad5aa5bcded67bacc,23835,artifacts/SUPERSEDED_FOR_THESIS/old_formal_88/route_artifacts/R3:7e512589-aa97-41e8-83d3-af2e83e4fd06_22_11.json,657eda93710fe7e0c862a9459d0bbda9013f0fbeb2145db4f0ceaf666d165257,23593,old 300 R1 + frozen 300 R3 source route artifacts,absolute_personal_path_redaction_only
${PROJECT_MSC_ROOT}/msc_thesis/main_system/isolated_workspaces/hourvideo_direct_api_eval300_v1/outputs/direct_v1_formal/direct_v1_2_3x16_r1_r3_eval300_formal_v1/route_artifacts/R3:7e512589-aa97-41e8-83d3-af2e83e4fd06_22_8.json,c2c8d63dd29b89fa4f0800d7ee93e5ad73eabd17aa63cb935a54cb04a4f582d6,24389,artifacts/SUPERSEDED_FOR_THESIS/old_formal_88/route_artifacts/R3:7e512589-aa97-41e8-83d3-af2e83e4fd06_22_8.json,07be9a0f72aee49222df4ef0f09afe3a9007cb8010194fd3ee31603bd43aa6cb,24125,old 300 R1 + frozen 300 R3 source route artifacts,absolute_personal_path_redaction_only
${PROJECT_MSC_ROOT}/msc_thesis/main_system/isolated_workspaces/hourvideo_direct_api_eval300_v1/outputs/direct_v1_formal/direct_v1_2_3x16_r1_r3_eval300_formal_v1/route_artifacts/R3:7e512589-aa97-41e8-83d3-af2e83e4fd06_23_28.json,019a3f0183f667d9e1f77a83009d0eec07710cdb230a23913fd9f1e03ff41189,19641,artifacts/SUPERSEDED_FOR_THESIS/old_formal_88/route_artifacts/R3:7e512589-aa97-41e8-83d3-af2e83e4fd06_23_28.json,a4a84f90726e229c9fa9d5c22c9b9a7a1cdc4c9bead3d39eb0ecf9181d69a485,19443,old 300 R1 + frozen 300 R3 source route artifacts,absolute_personal_path_redaction_only
${PROJECT_MSC_ROOT}/msc_thesis/main_system/isolated_workspaces/hourvideo_direct_api_eval300_v1/outputs/direct_v1_formal/direct_v1_2_3x16_r1_r3_eval300_formal_v1/route_artifacts/R3:7e512589-aa97-41e8-83d3-af2e83e4fd06_3_21.json,1a0044d12edf7890ff6ca6fd91408d979ce4cf226f4467fb0a06bc34b142b07e,20138,artifacts/SUPERSEDED_FOR_THESIS/old_formal_88/route_artifacts/R3:7e512589-aa97-41e8-83d3-af2e83e4fd06_3_21.json,d843038637b17eb341736485ea7ced88a96e84e684e7b5a939c3d624e235059f,19940,old 300 R1 + frozen 300 R3 source route artifacts,absolute_personal_path_redaction_only
${PROJECT_MSC_ROOT}/msc_thesis/main_system/isolated_workspaces/hourvideo_direct_api_eval300_v1/outputs/direct_v1_formal/direct_v1_2_3x16_r1_r3_eval300_formal_v1/route_artifacts/R3:7e512589-aa97-41e8-83d3-af2e83e4fd06_3_26.json,6e1e426e3a614aafc4633a365fd8d7fb915750e1d0101025ba4aadd3a8c6743e,17998,artifacts/SUPERSEDED_FOR_THESIS/old_formal_88/route_artifacts/R3:7e512589-aa97-41e8-83d3-af2e83e4fd06_3_26.json,8c6517401174bd314d72d406390135f890e22769b09c3e9e08d834b8228921a7,17844,old 300 R1 + frozen 300 R3 source route artifacts,absolute_personal_path_redaction_only
${PROJECT_MSC_ROOT}/msc_thesis/main_system/isolated_workspaces/hourvideo_direct_api_eval300_v1/outputs/direct_v1_formal/direct_v1_2_3x16_r1_r3_eval300_formal_v1/route_artifacts/R3:7e512589-aa97-41e8-83d3-af2e83e4fd06_4_3.json,6d8ed40fb7624a7456acf0679a8ebcc98ce3aaf1b59152994e18c72c37f44d8b,31786,artifacts/SUPERSEDED_FOR_THESIS/old_formal_88/route_artifacts/R3:7e512589-aa97-41e8-83d3-af2e83e4fd06_4_3.json,364c4ce827819ac0d7b81b6c232509dd8ac65b8ec54dd0321eb5da2fffc467dc,31434,old 300 R1 + frozen 300 R3 source route artifacts,absolute_personal_path_redaction_only
${PROJECT_MSC_ROOT}/msc_thesis/main_system/isolated_workspaces/hourvideo_direct_api_eval300_v1/outputs/direct_v1_formal/direct_v1_2_3x16_r1_r3_eval300_formal_v1/route_artifacts/R3:7e512589-aa97-41e8-83d3-af2e83e4fd06_4_5.json,6b7a1b0c0407fb9e7789a49c50f00c7c985298e2371b8b8c3e1242a08b1559dd,19646,artifacts/SUPERSEDED_FOR_THESIS/old_formal_88/route_artifacts/R3:7e512589-aa97-41e8-83d3-af2e83e4fd06_4_5.json,55891b1b96f1fcf6a13af6cfdc54440f46e5c8c0ff7b15d0134dcfe68ed6739f,19448,old 300 R1 + frozen 300 R3 source route artifacts,absolute_personal_path_redaction_only
${PROJECT_MSC_ROOT}/msc_thesis/main_system/isolated_workspaces/hourvideo_direct_api_eval300_v1/outputs/direct_v1_formal/direct_v1_2_3x16_r1_r3_eval300_formal_v1/route_artifacts/R3:7e512589-aa97-41e8-83d3-af2e83e4fd06_5_33.json,21b9347553c7c940640daa549a6877d38bde4429324b96bf58d3aa72207debf8,20238,artifacts/SUPERSEDED_FOR_THESIS/old_formal_88/route_artifacts/R3:7e512589-aa97-41e8-83d3-af2e83e4fd06_5_33.json,abae34bdacb8d48a28a6a0196c11f1bf84216c95ca58a38db363f863a27e5d61,20040,old 300 R1 + frozen 300 R3 source route artifacts,absolute_personal_path_redaction_only
${PROJECT_MSC_ROOT}/msc_thesis/main_system/isolated_workspaces/hourvideo_direct_api_eval300_v1/outputs/direct_v1_formal/direct_v1_2_3x16_r1_r3_eval300_formal_v1/route_artifacts/R3:7e512589-aa97-41e8-83d3-af2e83e4fd06_6_15.json,20a908e7f6226bf496ad086f198a5b93c6bab6fb21a81db8f6f84b264a022d38,19751,artifacts/SUPERSEDED_FOR_THESIS/old_formal_88/route_artifacts/R3:7e512589-aa97-41e8-83d3-af2e83e4fd06_6_15.json,86ce6ce1428a74a6afdd9a48f228d9bf4ae682ca84ad6ea5c44b293dcef10812,19553,old 300 R1 + frozen 300 R3 source route artifacts,absolute_personal_path_redaction_only
${PROJECT_MSC_ROOT}/msc_thesis/main_system/isolated_workspaces/hourvideo_direct_api_eval300_v1/outputs/direct_v1_formal/direct_v1_2_3x16_r1_r3_eval300_formal_v1/route_artifacts/R3:7e512589-aa97-41e8-83d3-af2e83e4fd06_6_27.json,3e116a8b23dd579e68df3a4986126ea0947e6452dc0abe00217cc4df4ecfdcb2,19127,artifacts/SUPERSEDED_FOR_THESIS/old_formal_88/route_artifacts/R3:7e512589-aa97-41e8-83d3-af2e83e4fd06_6_27.json,08482e8c46a600dc6835ed8b9eff4656a4269973ec8366481ccb71aa9b2f7c4e,18929,old 300 R1 + frozen 300 R3 source route artifacts,absolute_personal_path_redaction_only
${PROJECT_MSC_ROOT}/msc_thesis/main_system/isolated_workspaces/hourvideo_direct_api_eval300_v1/outputs/direct_v1_formal/direct_v1_2_3x16_r1_r3_eval300_formal_v1/route_artifacts/R3:7e512589-aa97-41e8-83d3-af2e83e4fd06_6_7.json,52dd895922187d1ce670c9c473bb83dbaf1ad61af477b1f71da7a63a2c3ec4f3,18723,artifacts/SUPERSEDED_FOR_THESIS/old_formal_88/route_artifacts/R3:7e512589-aa97-41e8-83d3-af2e83e4fd06_6_7.json,a8c672f9ddc267785d970cb4797ce593111142d8e051eaade1e960e09a54ca9e,18525,old 300 R1 + frozen 300 R3 source route artifacts,absolute_personal_path_redaction_only
${PROJECT_MSC_ROOT}/msc_thesis/main_system/isolated_workspaces/hourvideo_direct_api_eval300_v1/outputs/direct_v1_formal/direct_v1_2_3x16_r1_r3_eval300_formal_v1/route_artifacts/R3:7e512589-aa97-41e8-83d3-af2e83e4fd06_7_20.json,4c766c7a5b2e8443ef5bd5e445c8b987030511a5657bd478ba3b8a936c331008,9234,artifacts/SUPERSEDED_FOR_THESIS/old_formal_88/route_artifacts/R3:7e512589-aa97-41e8-83d3-af2e83e4fd06_7_20.json,240d0b837e885f23b6b12f29cd7ef3ebac97d770b03e6fac1bf9a8be003c62a1,9168,old 300 R1 + frozen 300 R3 source route artifacts,absolute_personal_path_redaction_only
${PROJECT_MSC_ROOT}/msc_thesis/main_system/isolated_workspaces/hourvideo_direct_api_eval300_v1/outputs/direct_v1_formal/direct_v1_2_3x16_r1_r3_eval300_formal_v1/route_artifacts/R3:7e512589-aa97-41e8-83d3-af2e83e4fd06_7_22.json,12e22313ffc91be9315bf60f37a7dae774c84da2c79887edf4828bae5e7cbe68,18769,artifacts/SUPERSEDED_FOR_THESIS/old_formal_88/route_artifacts/R3:7e512589-aa97-41e8-83d3-af2e83e4fd06_7_22.json,958795b9d351e12bb8b1a10754e8b39dca38aadb3971db4730083570ba2b2cb6,18571,old 300 R1 + frozen 300 R3 source route artifacts,absolute_personal_path_redaction_only
${PROJECT_MSC_ROOT}/msc_thesis/main_system/isolated_workspaces/hourvideo_direct_api_eval300_v1/outputs/direct_v1_formal/direct_v1_2_3x16_r1_r3_eval300_formal_v1/route_artifacts/R3:7e512589-aa97-41e8-83d3-af2e83e4fd06_7_23.json,c63a888adcb2e45dd3c8ee9aa26d42b2a86f591230510044d5d5e4886480cf89,19313,artifacts/SUPERSEDED_FOR_THESIS/old_formal_88/route_artifacts/R3:7e512589-aa97-41e8-83d3-af2e83e4fd06_7_23.json,f28627b955607d4b7af9332275d82c21cbe95e119c143480491650dc6602f0b5,19115,old 300 R1 + frozen 300 R3 source route artifacts,absolute_personal_path_redaction_only
${PROJECT_MSC_ROOT}/msc_thesis/main_system/isolated_workspaces/hourvideo_direct_api_eval300_v1/outputs/direct_v1_formal/direct_v1_2_3x16_r1_r3_eval300_formal_v1/route_artifacts/R3:7e512589-aa97-41e8-83d3-af2e83e4fd06_7_4.json,c527857394a8dccebbb2b527c2f3d09b60681925962e36414fa47ecf88380770,19388,artifacts/SUPERSEDED_FOR_THESIS/old_formal_88/route_artifacts/R3:7e512589-aa97-41e8-83d3-af2e83e4fd06_7_4.json,30310a81ff0d1ea4473c14bf5bcc608f2243494d51a74aef99a0db51aa497ba4,19190,old 300 R1 + frozen 300 R3 source route artifacts,absolute_personal_path_redaction_only
${PROJECT_MSC_ROOT}/msc_thesis/main_system/isolated_workspaces/hourvideo_direct_api_eval300_v1/outputs/direct_v1_formal/direct_v1_2_3x16_r1_r3_eval300_formal_v1/route_artifacts/R3:7e512589-aa97-41e8-83d3-af2e83e4fd06_8_12.json,d08bff4cc4b3f2978b00f43f370c8f5ca4310b875ea1deac1b701e8f18490498,20074,artifacts/SUPERSEDED_FOR_THESIS/old_formal_88/route_artifacts/R3:7e512589-aa97-41e8-83d3-af2e83e4fd06_8_12.json,9b384909dac97d5b1b59b1b3dc8843afe31112fc2b2e22745eadede8b4c547ac,19876,old 300 R1 + frozen 300 R3 source route artifacts,absolute_personal_path_redaction_only
${PROJECT_MSC_ROOT}/msc_thesis/main_system/isolated_workspaces/hourvideo_direct_api_eval300_v1/outputs/direct_v1_formal/direct_v1_2_3x16_r1_r3_eval300_formal_v1/route_artifacts/R3:819c8af7-851f-434f-ab32-318285bc54b1_11_14.json,a0f1acf0bdf9b95b3f3a417b971b1fe1cd07b498b390bb956b4b305417304713,20130,artifacts/SUPERSEDED_FOR_THESIS/old_formal_88/route_artifacts/R3:819c8af7-851f-434f-ab32-318285bc54b1_11_14.json,f92ea12ca6d0ebe83fc810f915b99c90af5f8e2dd391e5c77fc1ebb94c70d775,19932,old 300 R1 + frozen 300 R3 source route artifacts,absolute_personal_path_redaction_only
${PROJECT_MSC_ROOT}/msc_thesis/main_system/isolated_workspaces/hourvideo_direct_api_eval300_v1/outputs/direct_v1_formal/direct_v1_2_3x16_r1_r3_eval300_formal_v1/route_artifacts/R3:819c8af7-851f-434f-ab32-318285bc54b1_11_24.json,e3a9e906a68e05f3a1c224062cccc50d90ee71c9b35dca7714f5e6d94d33df5e,20104,artifacts/SUPERSEDED_FOR_THESIS/old_formal_88/route_artifacts/R3:819c8af7-851f-434f-ab32-318285bc54b1_11_24.json,bcd75ec08e7eed988f6b68278ca16100e24537b46ca8c615cbc8eeaf9c8deee1,19906,old 300 R1 + frozen 300 R3 source route artifacts,absolute_personal_path_redaction_only
${PROJECT_MSC_ROOT}/msc_thesis/main_system/isolated_workspaces/hourvideo_direct_api_eval300_v1/outputs/direct_v1_formal/direct_v1_2_3x16_r1_r3_eval300_formal_v1/route_artifacts/R3:819c8af7-851f-434f-ab32-318285bc54b1_11_3.json,4620881b31cc8427de17b245a6c8869cd2f94888d9407b72d6a1f0b8e2739a59,11780,artifacts/SUPERSEDED_FOR_THESIS/old_formal_88/route_artifacts/R3:819c8af7-851f-434f-ab32-318285bc54b1_11_3.json,9f79f22ceac58e05be1994aa829fdec719f83941f9a8a9adf2b1f4c80bd89abf,11714,old 300 R1 + frozen 300 R3 source route artifacts,absolute_personal_path_redaction_only
${PROJECT_MSC_ROOT}/msc_thesis/main_system/isolated_workspaces/hourvideo_direct_api_eval300_v1/outputs/direct_v1_formal/direct_v1_2_3x16_r1_r3_eval300_formal_v1/route_artifacts/R3:819c8af7-851f-434f-ab32-318285bc54b1_12_7.json,0b73873c6b6100478e9c5dbde056466cfb801912736eef238b8ccf5400dcbfac,18200,artifacts/SUPERSEDED_FOR_THESIS/old_formal_88/route_artifacts/R3:819c8af7-851f-434f-ab32-318285bc54b1_12_7.json,42bfe2691141cc6ecf6a7d0fb1a7b12be0317cf61a93bfb2b8e64d2a0ebe2090,18024,old 300 R1 + frozen 300 R3 source route artifacts,absolute_personal_path_redaction_only
${PROJECT_MSC_ROOT}/msc_thesis/main_system/isolated_workspaces/hourvideo_direct_api_eval300_v1/outputs/direct_v1_formal/direct_v1_2_3x16_r1_r3_eval300_formal_v1/route_artifacts/R3:819c8af7-851f-434f-ab32-318285bc54b1_17_20.json,b07443f9cc1183330c8ec20670c99e19c719f07ae9c451a89376e3ca29465c4d,18948,artifacts/SUPERSEDED_FOR_THESIS/old_formal_88/route_artifacts/R3:819c8af7-851f-434f-ab32-318285bc54b1_17_20.json,00579b592c44599c3e55458e33ef09e30a14df44b57328e9fb88bf5a417f52d5,18772,old 300 R1 + frozen 300 R3 source route artifacts,absolute_personal_path_redaction_only
${PROJECT_MSC_ROOT}/msc_thesis/main_system/isolated_workspaces/hourvideo_direct_api_eval300_v1/outputs/direct_v1_formal/direct_v1_2_3x16_r1_r3_eval300_formal_v1/route_artifacts/R3:819c8af7-851f-434f-ab32-318285bc54b1_17_22.json,2ed6780841d4327ec5cea9b72ad735fdd3e108ee26629be12c3c61656a5a42ec,13250,artifacts/SUPERSEDED_FOR_THESIS/old_formal_88/route_artifacts/R3:819c8af7-851f-434f-ab32-318285bc54b1_17_22.json,6e5b887301a1698f6a3da73d7ba009bf9395af0b38d69de8990ff199375cd528,13140,old 300 R1 + frozen 300 R3 source route artifacts,absolute_personal_path_redaction_only
${PROJECT_MSC_ROOT}/msc_thesis/main_system/isolated_workspaces/hourvideo_direct_api_eval300_v1/outputs/direct_v1_formal/direct_v1_2_3x16_r1_r3_eval300_formal_v1/route_artifacts/R3:819c8af7-851f-434f-ab32-318285bc54b1_17_26.json,deaca21e1f14cc3d5205fc457c1f913411f4e35a5ca2e7a9c54284e85a20059f,18769,artifacts/SUPERSEDED_FOR_THESIS/old_formal_88/route_artifacts/R3:819c8af7-851f-434f-ab32-318285bc54b1_17_26.json,738349f17fc6c64c5e11ab0f1b4b67c202a637b545add615428c65ecdc582141,18593,old 300 R1 + frozen 300 R3 source route artifacts,absolute_personal_path_redaction_only
${PROJECT_MSC_ROOT}/msc_thesis/main_system/isolated_workspaces/hourvideo_direct_api_eval300_v1/outputs/direct_v1_formal/direct_v1_2_3x16_r1_r3_eval300_formal_v1/route_artifacts/R3:819c8af7-851f-434f-ab32-318285bc54b1_17_29.json,dcd11a06cdfcf2dd91a824f8454c9c06c3047c49bbd94a3e8dba5837f0c5e30a,14383,artifacts/SUPERSEDED_FOR_THESIS/old_formal_88/route_artifacts/R3:819c8af7-851f-434f-ab32-318285bc54b1_17_29.json,7bceb22ce7d08d0b01cdc6248a18123644d98729fa93ee209a1d250558b0b093,14251,old 300 R1 + frozen 300 R3 source route artifacts,absolute_personal_path_redaction_only
${PROJECT_MSC_ROOT}/msc_thesis/main_system/isolated_workspaces/hourvideo_direct_api_eval300_v1/outputs/direct_v1_formal/direct_v1_2_3x16_r1_r3_eval300_formal_v1/route_artifacts/R3:819c8af7-851f-434f-ab32-318285bc54b1_18_6.json,ff8cfefa77555d02aa41035981a058bfde506b933a17255e9afd73fa1aad40bf,28558,artifacts/SUPERSEDED_FOR_THESIS/old_formal_88/route_artifacts/R3:819c8af7-851f-434f-ab32-318285bc54b1_18_6.json,6150ff539573cc876745a05dbf63d21f84b01a1de4be0ff76fa89487a7798bb1,28228,old 300 R1 + frozen 300 R3 source route artifacts,absolute_personal_path_redaction_only
${PROJECT_MSC_ROOT}/msc_thesis/main_system/isolated_workspaces/hourvideo_direct_api_eval300_v1/outputs/direct_v1_formal/direct_v1_2_3x16_r1_r3_eval300_formal_v1/route_artifacts/R3:819c8af7-851f-434f-ab32-318285bc54b1_23_5.json,39f81924b9fb27a02e2f4fd89609f0bc75a4cbb94805f262c894586e9018e9af,20336,artifacts/SUPERSEDED_FOR_THESIS/old_formal_88/route_artifacts/R3:819c8af7-851f-434f-ab32-318285bc54b1_23_5.json,7302cc9d2aa9174adb94b15b8beb6c3c666351463aa05fbf6553e2a2f9253406,20138,old 300 R1 + frozen 300 R3 source route artifacts,absolute_personal_path_redaction_only
${PROJECT_MSC_ROOT}/msc_thesis/main_system/isolated_workspaces/hourvideo_direct_api_eval300_v1/outputs/direct_v1_formal/direct_v1_2_3x16_r1_r3_eval300_formal_v1/route_artifacts/R3:819c8af7-851f-434f-ab32-318285bc54b1_3_12.json,3476f68e88912c5219def1f8df887d48d8a5c3f439880e3ef9663fd1e444566b,14429,artifacts/SUPERSEDED_FOR_THESIS/old_formal_88/route_artifacts/R3:819c8af7-851f-434f-ab32-318285bc54b1_3_12.json,e072a5685080a30d1410d1f4702d02761e67847437793e80f36dcd307bb97234,14297,old 300 R1 + frozen 300 R3 source route artifacts,absolute_personal_path_redaction_only
${PROJECT_MSC_ROOT}/msc_thesis/main_system/isolated_workspaces/hourvideo_direct_api_eval300_v1/outputs/direct_v1_formal/direct_v1_2_3x16_r1_r3_eval300_formal_v1/route_artifacts/R3:819c8af7-851f-434f-ab32-318285bc54b1_3_13.json,8d744132061a86c511a1b01450af8369b9cc4b515097bf0cba3fa2376564b6cb,18204,artifacts/SUPERSEDED_FOR_THESIS/old_formal_88/route_artifacts/R3:819c8af7-851f-434f-ab32-318285bc54b1_3_13.json,008a3b111404a96b76b4ce31bdec5331f0b8972392c960735c8ce0c81fc3876a,18072,old 300 R1 + frozen 300 R3 source route artifacts,absolute_personal_path_redaction_only
${PROJECT_MSC_ROOT}/msc_thesis/main_system/isolated_workspaces/hourvideo_direct_api_eval300_v1/outputs/direct_v1_formal/direct_v1_2_3x16_r1_r3_eval300_formal_v1/route_artifacts/R3:819c8af7-851f-434f-ab32-318285bc54b1_4_10.json,6ca1f1e13ca7fcc61798d7cbbeb0710d69301dbe30ff62d6f6d352b0fb9d55a2,19677,artifacts/SUPERSEDED_FOR_THESIS/old_formal_88/route_artifacts/R3:819c8af7-851f-434f-ab32-318285bc54b1_4_10.json,e07430a93512c3f0b5ee344a1124f2f1b231abbe73341079f54ea244210f9b23,19479,old 300 R1 + frozen 300 R3 source route artifacts,absolute_personal_path_redaction_only
${PROJECT_MSC_ROOT}/msc_thesis/main_system/isolated_workspaces/hourvideo_direct_api_eval300_v1/outputs/direct_v1_formal/direct_v1_2_3x16_r1_r3_eval300_formal_v1/route_artifacts/R3:819c8af7-851f-434f-ab32-318285bc54b1_4_19.json,61a92efd76a52a7b968b3a5ffaa21b94b071b43f5f9a933d0fc6e41e71412f3d,24399,artifacts/SUPERSEDED_FOR_THESIS/old_formal_88/route_artifacts/R3:819c8af7-851f-434f-ab32-318285bc54b1_4_19.json,7e93facb3f10d5bbc2bb34ef1eae7dd6d9b4ff41dee022e72b9fcb3baa8d41ef,24135,old 300 R1 + frozen 300 R3 source route artifacts,absolute_personal_path_redaction_only
${PROJECT_MSC_ROOT}/msc_thesis/main_system/isolated_workspaces/hourvideo_direct_api_eval300_v1/outputs/direct_v1_formal/direct_v1_2_3x16_r1_r3_eval300_formal_v1/route_artifacts/R3:819c8af7-851f-434f-ab32-318285bc54b1_4_2.json,256f74e069520168284cd494535ae76a0866b9a6d632f542e26b179cb766a523,14297,artifacts/SUPERSEDED_FOR_THESIS/old_formal_88/route_artifacts/R3:819c8af7-851f-434f-ab32-318285bc54b1_4_2.json,44ffb83d0722c2113f14ee65a95259570737d9d99dcc49e054e4aaf85b9a1bae,14187,old 300 R1 + frozen 300 R3 source route artifacts,absolute_personal_path_redaction_only
${PROJECT_MSC_ROOT}/msc_thesis/main_system/isolated_workspaces/hourvideo_direct_api_eval300_v1/outputs/direct_v1_formal/direct_v1_2_3x16_r1_r3_eval300_formal_v1/route_artifacts/R3:819c8af7-851f-434f-ab32-318285bc54b1_4_23.json,27a505b2011d0d9f5b0926f733b0de9d89efc4f1f0545ca0bda9715841161860,19130,artifacts/SUPERSEDED_FOR_THESIS/old_formal_88/route_artifacts/R3:819c8af7-851f-434f-ab32-318285bc54b1_4_23.json,9691abc5254b0b307403177f0abca52edb65fbf2bdea34d7388daa260978a41d,18932,old 300 R1 + frozen 300 R3 source route artifacts,absolute_personal_path_redaction_only
${PROJECT_MSC_ROOT}/msc_thesis/main_system/isolated_workspaces/hourvideo_direct_api_eval300_v1/outputs/direct_v1_formal/direct_v1_2_3x16_r1_r3_eval300_formal_v1/route_artifacts/R3:819c8af7-851f-434f-ab32-318285bc54b1_4_30.json,2045170cfa5c90cc6513bd24f559ac3fa5f7c95ba5d42c9fddd5c9862cb3d1a3,19334,artifacts/SUPERSEDED_FOR_THESIS/old_formal_88/route_artifacts/R3:819c8af7-851f-434f-ab32-318285bc54b1_4_30.json,4920a727b8eb808939efde971df13f2443cfcf6a26630d175b60aa5116fcb0ff,19136,old 300 R1 + frozen 300 R3 source route artifacts,absolute_personal_path_redaction_only
${PROJECT_MSC_ROOT}/msc_thesis/main_system/isolated_workspaces/hourvideo_direct_api_eval300_v1/outputs/direct_v1_formal/direct_v1_2_3x16_r1_r3_eval300_formal_v1/route_artifacts/R3:819c8af7-851f-434f-ab32-318285bc54b1_4_4.json,5b4a1ff2618390f321c2113bc98a788a2409228b5ffb5c7603eca9416f14d37f,19177,artifacts/SUPERSEDED_FOR_THESIS/old_formal_88/route_artifacts/R3:819c8af7-851f-434f-ab32-318285bc54b1_4_4.json,b5f48ac4303a876d415e460a4257852b1e8d1be8ff7e36871c01457e2512e822,18979,old 300 R1 + frozen 300 R3 source route artifacts,absolute_personal_path_redaction_only
${PROJECT_MSC_ROOT}/msc_thesis/main_system/isolated_workspaces/hourvideo_direct_api_eval300_v1/outputs/direct_v1_formal/direct_v1_2_3x16_r1_r3_eval300_formal_v1/route_artifacts/R3:819c8af7-851f-434f-ab32-318285bc54b1_5_11.json,2fac4c51b9b35dce15d8c8a39b3ae05f02bd3b5004dee5cbe3f887f4d49d8a92,18971,artifacts/SUPERSEDED_FOR_THESIS/old_formal_88/route_artifacts/R3:819c8af7-851f-434f-ab32-318285bc54b1_5_11.json,98f36c9b14c3b014b15797e3191333a5dedd1dffd2de41631f895aeb889fd990,18795,old 300 R1 + frozen 300 R3 source route artifacts,absolute_personal_path_redaction_only
${PROJECT_MSC_ROOT}/msc_thesis/main_system/isolated_workspaces/hourvideo_direct_api_eval300_v1/outputs/direct_v1_formal/direct_v1_2_3x16_r1_r3_eval300_formal_v1/route_artifacts/R3:819c8af7-851f-434f-ab32-318285bc54b1_5_25.json,1d71a7ceedf2c140fb161dfcac2b32b048ef0032443d1047af2ffcfaf2af35c4,21043,artifacts/SUPERSEDED_FOR_THESIS/old_formal_88/route_artifacts/R3:819c8af7-851f-434f-ab32-318285bc54b1_5_25.json,cd5d03777d3bff5462604192238215fb440d2dda76d8647c5cb6593617f69bf4,20845,old 300 R1 + frozen 300 R3 source route artifacts,absolute_personal_path_redaction_only
${PROJECT_MSC_ROOT}/msc_thesis/main_system/isolated_workspaces/hourvideo_direct_api_eval300_v1/outputs/direct_v1_formal/direct_v1_2_3x16_r1_r3_eval300_formal_v1/route_artifacts/R3:819c8af7-851f-434f-ab32-318285bc54b1_5_28.json,75e67ef19ad63a9a7af94f154765785b7105c21237cca05554a40b193c5948a3,20076,artifacts/SUPERSEDED_FOR_THESIS/old_formal_88/route_artifacts/R3:819c8af7-851f-434f-ab32-318285bc54b1_5_28.json,5260ec6022ec5e426c1f467f8debc7d94331c5a26109359c631d3e5dc28f6595,19878,old 300 R1 + frozen 300 R3 source route artifacts,absolute_personal_path_redaction_only
${PROJECT_MSC_ROOT}/msc_thesis/main_system/isolated_workspaces/hourvideo_direct_api_eval300_v1/outputs/direct_v1_formal/direct_v1_2_3x16_r1_r3_eval300_formal_v1/route_artifacts/R3:819c8af7-851f-434f-ab32-318285bc54b1_7_17.json,b7226723f60e844fdbf5652bd661b203a0a6c7e18c74c88e6f2db9a56430513c,28809,artifacts/SUPERSEDED_FOR_THESIS/old_formal_88/route_artifacts/R3:819c8af7-851f-434f-ab32-318285bc54b1_7_17.json,beaecce73d1aae16a161d6e5c2aaae77de20915399238f79091f9766c11c551a,28501,old 300 R1 + frozen 300 R3 source route artifacts,absolute_personal_path_redaction_only
${PROJECT_MSC_ROOT}/msc_thesis/main_system/isolated_workspaces/hourvideo_direct_api_eval300_v1/outputs/direct_v1_formal/direct_v1_2_3x16_r1_r3_eval300_formal_v1/route_artifacts/R3:819c8af7-851f-434f-ab32-318285bc54b1_7_21.json,56e88fb2eef2c46a820ebc1dc5fbb591e79763f6893cd01c209b77a2926aab6a,36518,artifacts/SUPERSEDED_FOR_THESIS/old_formal_88/route_artifacts/R3:819c8af7-851f-434f-ab32-318285bc54b1_7_21.json,adaf3f3961f88c215ed44bbc425d4a08296e6dde3e502e44a3e3cc17ef0e1eb9,36122,old 300 R1 + frozen 300 R3 source route artifacts,absolute_personal_path_redaction_only
${PROJECT_MSC_ROOT}/msc_thesis/main_system/isolated_workspaces/hourvideo_direct_api_eval300_v1/outputs/direct_v1_formal/direct_v1_2_3x16_r1_r3_eval300_formal_v1/route_artifacts/R3:819c8af7-851f-434f-ab32-318285bc54b1_8_1.json,982962e5564b6de75a5819c7ced9ca9cf798b5de2df5c0ac7805769cbe28e1b0,19000,artifacts/SUPERSEDED_FOR_THESIS/old_formal_88/route_artifacts/R3:819c8af7-851f-434f-ab32-318285bc54b1_8_1.json,0cd29ef0dedaf86d61d5769d0faefafd271282be020d9249b84fcc9d6eb4ef78,18802,old 300 R1 + frozen 300 R3 source route artifacts,absolute_personal_path_redaction_only
${PROJECT_MSC_ROOT}/msc_thesis/main_system/isolated_workspaces/hourvideo_direct_api_eval300_v1/outputs/direct_v1_formal/direct_v1_2_3x16_r1_r3_eval300_formal_v1/route_artifacts/R3:819c8af7-851f-434f-ab32-318285bc54b1_8_27.json,c1f1619b95a05a0241ee355c037d9f28acea293c8ddee231db4daaeb32136427,20031,artifacts/SUPERSEDED_FOR_THESIS/old_formal_88/route_artifacts/R3:819c8af7-851f-434f-ab32-318285bc54b1_8_27.json,96d3e7c577a941e79865bfea504a1b8c57deace060b8b9e0c624b8c743b63005,19855,old 300 R1 + frozen 300 R3 source route artifacts,absolute_personal_path_redaction_only
${PROJECT_MSC_ROOT}/msc_thesis/main_system/isolated_workspaces/hourvideo_direct_api_eval300_v1/outputs/direct_v1_formal/direct_v1_2_3x16_r1_r3_eval300_formal_v1/route_artifacts/R3:a6d45e95-8dc0-4932-83bf-ec53e265a16a_11_14.json,749e58b703f10300d66b73a97584622a93d8c8a07e533b65e415647b6461568c,19856,artifacts/SUPERSEDED_FOR_THESIS/old_formal_88/route_artifacts/R3:a6d45e95-8dc0-4932-83bf-ec53e265a16a_11_14.json,992bf07df3f10950c7bce2701b885ba02931b49ef63d0fe356f05213fea799b8,19658,old 300 R1 + frozen 300 R3 source route artifacts,absolute_personal_path_redaction_only
${PROJECT_MSC_ROOT}/msc_thesis/main_system/isolated_workspaces/hourvideo_direct_api_eval300_v1/outputs/direct_v1_formal/direct_v1_2_3x16_r1_r3_eval300_formal_v1/route_artifacts/R3:a6d45e95-8dc0-4932-83bf-ec53e265a16a_11_15.json,e846b105454e0683e58850852e473e05c38a73369f729ff276ddad7d5c96ea26,12991,artifacts/SUPERSEDED_FOR_THESIS/old_formal_88/route_artifacts/R3:a6d45e95-8dc0-4932-83bf-ec53e265a16a_11_15.json,1ab3027167c39495be36fe82272c5197e407db6eb1aef401a5a0cf5c22df4a3f,12925,old 300 R1 + frozen 300 R3 source route artifacts,absolute_personal_path_redaction_only
${PROJECT_MSC_ROOT}/msc_thesis/main_system/isolated_workspaces/hourvideo_direct_api_eval300_v1/outputs/direct_v1_formal/direct_v1_2_3x16_r1_r3_eval300_formal_v1/route_artifacts/R3:a6d45e95-8dc0-4932-83bf-ec53e265a16a_11_28.json,d569de4ca0298c7218ba2e4313e5c4e9ed296cd00c2dc63c04ddd5f343a86185,19084,artifacts/SUPERSEDED_FOR_THESIS/old_formal_88/route_artifacts/R3:a6d45e95-8dc0-4932-83bf-ec53e265a16a_11_28.json,2dab3c2015a8941852a3c5c02792ec6db7140c27191316c8feec8245b1814272,18952,old 300 R1 + frozen 300 R3 source route artifacts,absolute_personal_path_redaction_only
${PROJECT_MSC_ROOT}/msc_thesis/main_system/isolated_workspaces/hourvideo_direct_api_eval300_v1/outputs/direct_v1_formal/direct_v1_2_3x16_r1_r3_eval300_formal_v1/route_artifacts/R3:a6d45e95-8dc0-4932-83bf-ec53e265a16a_12_4.json,e6ec4f1629ce596196e8665d76fb18d9497d9efc2086f54f14d08b57590724af,13297,artifacts/SUPERSEDED_FOR_THESIS/old_formal_88/route_artifacts/R3:a6d45e95-8dc0-4932-83bf-ec53e265a16a_12_4.json,835619beb37182960c9b1883726ab095a71c8b8f68d13dec5d3f7e5d501891a7,13231,old 300 R1 + frozen 300 R3 source route artifacts,absolute_personal_path_redaction_only
${PROJECT_MSC_ROOT}/msc_thesis/main_system/isolated_workspaces/hourvideo_direct_api_eval300_v1/outputs/direct_v1_formal/direct_v1_2_3x16_r1_r3_eval300_formal_v1/route_artifacts/R3:a6d45e95-8dc0-4932-83bf-ec53e265a16a_17_10.json,9e9d4a4bc6aee81e0feaccbf18987b817801da1346e56f0c3f00e6fcf4bfe1ba,17779,artifacts/SUPERSEDED_FOR_THESIS/old_formal_88/route_artifacts/R3:a6d45e95-8dc0-4932-83bf-ec53e265a16a_17_10.json,c566e97cbae79fddb744c484f615b4ffa21848def03b863703aaafbbe3810fd6,17625,old 300 R1 + frozen 300 R3 source route artifacts,absolute_personal_path_redaction_only
${PROJECT_MSC_ROOT}/msc_thesis/main_system/isolated_workspaces/hourvideo_direct_api_eval300_v1/outputs/direct_v1_formal/direct_v1_2_3x16_r1_r3_eval300_formal_v1/route_artifacts/R3:a6d45e95-8dc0-4932-83bf-ec53e265a16a_17_11.json,715f8e6300285927bd2476e51ab24a4182a1c12a4407103ed08b1269c4201485,20375,artifacts/SUPERSEDED_FOR_THESIS/old_formal_88/route_artifacts/R3:a6d45e95-8dc0-4932-83bf-ec53e265a16a_17_11.json,6fdf0ecc6aabd24a19927ca60a405aca0d4bfc11e8ba2f8fb6179b9063cc2f1b,20177,old 300 R1 + frozen 300 R3 source route artifacts,absolute_personal_path_redaction_only
${PROJECT_MSC_ROOT}/msc_thesis/main_system/isolated_workspaces/hourvideo_direct_api_eval300_v1/outputs/direct_v1_formal/direct_v1_2_3x16_r1_r3_eval300_formal_v1/route_artifacts/R3:a6d45e95-8dc0-4932-83bf-ec53e265a16a_17_12.json,c4dca9dda3f6be7ab22f91a65f48aabd5b58b692cd7c9e09f90553d8cdacee24,18531,artifacts/SUPERSEDED_FOR_THESIS/old_formal_88/route_artifacts/R3:a6d45e95-8dc0-4932-83bf-ec53e265a16a_17_12.json,f9fb898b937f814714e12e183045612360503e8351e60b8cbcc9aa78092d8b86,18333,old 300 R1 + frozen 300 R3 source route artifacts,absolute_personal_path_redaction_only
${PROJECT_MSC_ROOT}/msc_thesis/main_system/isolated_workspaces/hourvideo_direct_api_eval300_v1/outputs/direct_v1_formal/direct_v1_2_3x16_r1_r3_eval300_formal_v1/route_artifacts/R3:a6d45e95-8dc0-4932-83bf-ec53e265a16a_17_2.json,1e6492a76f2067848cf8be9a764dfdf2c1c31c0ce5b0f8446128206d781aaed8,17833,artifacts/SUPERSEDED_FOR_THESIS/old_formal_88/route_artifacts/R3:a6d45e95-8dc0-4932-83bf-ec53e265a16a_17_2.json,606d4b419dbb2a90d4503fca9401c51b7f2f49e199b8d5ec14b40bddf547e6b5,17701,old 300 R1 + frozen 300 R3 source route artifacts,absolute_personal_path_redaction_only
${PROJECT_MSC_ROOT}/msc_thesis/main_system/isolated_workspaces/hourvideo_direct_api_eval300_v1/outputs/direct_v1_formal/direct_v1_2_3x16_r1_r3_eval300_formal_v1/route_artifacts/R3:a6d45e95-8dc0-4932-83bf-ec53e265a16a_17_21.json,99434846b29a6c6e2c184c5bab4c56c799b0862f0c894cb4581c8b4b87134b94,18019,artifacts/SUPERSEDED_FOR_THESIS/old_formal_88/route_artifacts/R3:a6d45e95-8dc0-4932-83bf-ec53e265a16a_17_21.json,a129b48ae3a818308bfc8f21d61ce6f4769203bdd7f9e12277c8c0ae091d40bf,17865,old 300 R1 + frozen 300 R3 source route artifacts,absolute_personal_path_redaction_only
${PROJECT_MSC_ROOT}/msc_thesis/main_system/isolated_workspaces/hourvideo_direct_api_eval300_v1/outputs/direct_v1_formal/direct_v1_2_3x16_r1_r3_eval300_formal_v1/route_artifacts/R3:a6d45e95-8dc0-4932-83bf-ec53e265a16a_17_25.json,42903e3b8241e595f5f0cc223957306b01b2203cecaa39f691ecfec3d930b3d2,32494,artifacts/SUPERSEDED_FOR_THESIS/old_formal_88/route_artifacts/R3:a6d45e95-8dc0-4932-83bf-ec53e265a16a_17_25.json,83b228de337e2eb8d6d6b84c6551a0ce3263f9fe9f96aadb9c814cce523ad555,32164,old 300 R1 + frozen 300 R3 source route artifacts,absolute_personal_path_redaction_only
${PROJECT_MSC_ROOT}/msc_thesis/main_system/isolated_workspaces/hourvideo_direct_api_eval300_v1/outputs/direct_v1_formal/direct_v1_2_3x16_r1_r3_eval300_formal_v1/route_artifacts/R3:a6d45e95-8dc0-4932-83bf-ec53e265a16a_17_3.json,6556bf1c51aa02260526eae8d80103dca815753ab3dda80d35e4f3ba7d669816,38629,artifacts/SUPERSEDED_FOR_THESIS/old_formal_88/route_artifacts/R3:a6d45e95-8dc0-4932-83bf-ec53e265a16a_17_3.json,707cb173d69a7f7676dc3fe51cd10e09332a5858d990df4e35fcf8dcf3d63205,38189,old 300 R1 + frozen 300 R3 source route artifacts,absolute_personal_path_redaction_only
${PROJECT_MSC_ROOT}/msc_thesis/main_system/isolated_workspaces/hourvideo_direct_api_eval300_v1/outputs/direct_v1_formal/direct_v1_2_3x16_r1_r3_eval300_formal_v1/route_artifacts/R3:a6d45e95-8dc0-4932-83bf-ec53e265a16a_18_5.json,fc95ba69dcc648074252848f5b8693d97f52289d794d8e9860ce5fccaabad943,20354,artifacts/SUPERSEDED_FOR_THESIS/old_formal_88/route_artifacts/R3:a6d45e95-8dc0-4932-83bf-ec53e265a16a_18_5.json,f216d8a41e825650b71ebe8630fb3f781774eec63fb77e644b7a2c17bed2e9c0,20156,old 300 R1 + frozen 300 R3 source route artifacts,absolute_personal_path_redaction_only
${PROJECT_MSC_ROOT}/msc_thesis/main_system/isolated_workspaces/hourvideo_direct_api_eval300_v1/outputs/direct_v1_formal/direct_v1_2_3x16_r1_r3_eval300_formal_v1/route_artifacts/R3:a6d45e95-8dc0-4932-83bf-ec53e265a16a_4_23.json,9f1482946c0534c3c2aa4ee6ccbdc451e05285356704e29e2d674257ef6306b0,19711,artifacts/SUPERSEDED_FOR_THESIS/old_formal_88/route_artifacts/R3:a6d45e95-8dc0-4932-83bf-ec53e265a16a_4_23.json,5b89d070eaa37ad5309ac860ede03c8d9298557a3a9aae2ed51e4899026cfa82,19513,old 300 R1 + frozen 300 R3 source route artifacts,absolute_personal_path_redaction_only
${PROJECT_MSC_ROOT}/msc_thesis/main_system/isolated_workspaces/hourvideo_direct_api_eval300_v1/outputs/direct_v1_formal/direct_v1_2_3x16_r1_r3_eval300_formal_v1/route_artifacts/R3:a6d45e95-8dc0-4932-83bf-ec53e265a16a_4_6.json,dc9441cd6d1e1ff4a995e829db999d7cdbdc8a9bc872572731ee54ad3c799ba7,28816,artifacts/SUPERSEDED_FOR_THESIS/old_formal_88/route_artifacts/R3:a6d45e95-8dc0-4932-83bf-ec53e265a16a_4_6.json,64af33e4fd17d6556e1ec4d10c9692de4656e8724baa5a662efb1caf41ab34a9,28508,old 300 R1 + frozen 300 R3 source route artifacts,absolute_personal_path_redaction_only
${PROJECT_MSC_ROOT}/msc_thesis/main_system/isolated_workspaces/hourvideo_direct_api_eval300_v1/outputs/direct_v1_formal/direct_v1_2_3x16_r1_r3_eval300_formal_v1/route_artifacts/R3:a6d45e95-8dc0-4932-83bf-ec53e265a16a_4_9.json,1148ec8a604bf922a2ba8954e6decfc206a6da7096f643ac4637769f7a52febd,19073,artifacts/SUPERSEDED_FOR_THESIS/old_formal_88/route_artifacts/R3:a6d45e95-8dc0-4932-83bf-ec53e265a16a_4_9.json,20c0726ca42cb49285110045ad714091dcc0d64538bc9ed7a8cfffbf746b574c,18875,old 300 R1 + frozen 300 R3 source route artifacts,absolute_personal_path_redaction_only
${PROJECT_MSC_ROOT}/msc_thesis/main_system/isolated_workspaces/hourvideo_direct_api_eval300_v1/outputs/direct_v1_formal/direct_v1_2_3x16_r1_r3_eval300_formal_v1/route_artifacts/R3:a6d45e95-8dc0-4932-83bf-ec53e265a16a_5_26.json,0337a2ce89d1f17a81208ac0a363584f64408feebdc9910e3b4ffb7011b66c80,20226,artifacts/SUPERSEDED_FOR_THESIS/old_formal_88/route_artifacts/R3:a6d45e95-8dc0-4932-83bf-ec53e265a16a_5_26.json,47b32b6e240cb085bfaeb3116a8366640e0ffc2acf25e4dbd3ec38d34e0ff80f,20028,old 300 R1 + frozen 300 R3 source route artifacts,absolute_personal_path_redaction_only
${PROJECT_MSC_ROOT}/msc_thesis/main_system/isolated_workspaces/hourvideo_direct_api_eval300_v1/outputs/direct_v1_formal/direct_v1_2_3x16_r1_r3_eval300_formal_v1/route_artifacts/R3:a6d45e95-8dc0-4932-83bf-ec53e265a16a_6_24.json,d0970e1237c47e47fd997d3083eaee17d9dd76c0c4e803dd47a0fd70e45bdc07,19012,artifacts/SUPERSEDED_FOR_THESIS/old_formal_88/route_artifacts/R3:a6d45e95-8dc0-4932-83bf-ec53e265a16a_6_24.json,2684ec3d3eecac634f818a4f3d17b88fb3b59ae11e6a65d195a213a4b8f56997,18814,old 300 R1 + frozen 300 R3 source route artifacts,absolute_personal_path_redaction_only
${PROJECT_MSC_ROOT}/msc_thesis/main_system/isolated_workspaces/hourvideo_direct_api_eval300_v1/outputs/direct_v1_formal/direct_v1_2_3x16_r1_r3_eval300_formal_v1/route_artifacts/R3:a6d45e95-8dc0-4932-83bf-ec53e265a16a_7_16.json,d5826cc02c189fff11e5cdcf53a640f8caad6e5c363643f9c8ebbcb11bf53124,35109,artifacts/SUPERSEDED_FOR_THESIS/old_formal_88/route_artifacts/R3:a6d45e95-8dc0-4932-83bf-ec53e265a16a_7_16.json,779eb51ba10677078c9d11e13c064a76ac71c79ee46726c36010ab8b143f1524,34735,old 300 R1 + frozen 300 R3 source route artifacts,absolute_personal_path_redaction_only
${PROJECT_MSC_ROOT}/msc_thesis/main_system/isolated_workspaces/hourvideo_direct_api_eval300_v1/outputs/direct_v1_formal/direct_v1_2_3x16_r1_r3_eval300_formal_v1/route_artifacts/R3:a6d45e95-8dc0-4932-83bf-ec53e265a16a_7_19.json,d2e97675e0517bfc722882d00164b17a51604528fa4a6d448ef5ae0cc282f97b,28734,artifacts/SUPERSEDED_FOR_THESIS/old_formal_88/route_artifacts/R3:a6d45e95-8dc0-4932-83bf-ec53e265a16a_7_19.json,71482aff493af8c31086d89d4b7c5df4dae7f039e4a1cac41a3f4b37c17d8e32,28426,old 300 R1 + frozen 300 R3 source route artifacts,absolute_personal_path_redaction_only
${PROJECT_MSC_ROOT}/msc_thesis/main_system/isolated_workspaces/hourvideo_direct_api_eval300_v1/outputs/direct_v1_formal/direct_v1_2_3x16_r1_r3_eval300_formal_v1/route_artifacts/R3:a6d45e95-8dc0-4932-83bf-ec53e265a16a_7_20.json,9cd3b08ee3f0ea0454e816a5592369966fb8bb1c7ec74c3f3652e71b8e7c05f8,17400,artifacts/SUPERSEDED_FOR_THESIS/old_formal_88/route_artifacts/R3:a6d45e95-8dc0-4932-83bf-ec53e265a16a_7_20.json,e34fef0a35a576df2d3257a6f23acbf1360b3f595f23805cecead25d1d30fc97,17268,old 300 R1 + frozen 300 R3 source route artifacts,absolute_personal_path_redaction_only
${PROJECT_MSC_ROOT}/msc_thesis/main_system/isolated_workspaces/hourvideo_direct_api_eval300_v1/outputs/direct_v1_formal/direct_v1_2_3x16_r1_r3_eval300_formal_v1/route_artifacts/R3:a6d45e95-8dc0-4932-83bf-ec53e265a16a_7_7.json,633a297e033a8cad342bd1789b488785441fa1b81fe78cafb876d1f6f935674f,15319,artifacts/SUPERSEDED_FOR_THESIS/old_formal_88/route_artifacts/R3:a6d45e95-8dc0-4932-83bf-ec53e265a16a_7_7.json,7de2d19c2bf959fa070301c57f77354810d464365c54c82247b9eb0564be872c,15231,old 300 R1 + frozen 300 R3 source route artifacts,absolute_personal_path_redaction_only
${PROJECT_MSC_ROOT}/msc_thesis/main_system/isolated_workspaces/hourvideo_direct_api_eval300_v1/outputs/direct_v1_formal/direct_v1_2_3x16_r1_r3_eval300_formal_v1/route_artifacts/R3:a6d45e95-8dc0-4932-83bf-ec53e265a16a_8_1.json,eb99ee7ef6d9e6befd833ef25a316f9059679d301f27499d4d82f4661c056468,20609,artifacts/SUPERSEDED_FOR_THESIS/old_formal_88/route_artifacts/R3:a6d45e95-8dc0-4932-83bf-ec53e265a16a_8_1.json,be955a54bb8d95b3906e57f5e481aefa273751c1e37c5d5bc4845cafdb7d9a5b,20411,old 300 R1 + frozen 300 R3 source route artifacts,absolute_personal_path_redaction_only
${PROJECT_MSC_ROOT}/msc_thesis/main_system/isolated_workspaces/hourvideo_direct_api_eval300_v1/outputs/direct_v1_formal/direct_v1_2_3x16_r1_r3_eval300_formal_v1/route_artifacts/R3:a6d45e95-8dc0-4932-83bf-ec53e265a16a_8_18.json,5020d30bec40cbbbeac72bea50288411edc539c8d444a551e542afd05988cd0d,10276,artifacts/SUPERSEDED_FOR_THESIS/old_formal_88/route_artifacts/R3:a6d45e95-8dc0-4932-83bf-ec53e265a16a_8_18.json,84582e0f42a3c750e0fcf75667e5fc9695da5bebb8178ad5648a6efeebef624c,10210,old 300 R1 + frozen 300 R3 source route artifacts,absolute_personal_path_redaction_only
${PROJECT_MSC_ROOT}/msc_thesis/main_system/isolated_workspaces/hourvideo_direct_api_eval300_v1/outputs/direct_v1_formal/direct_v1_2_3x16_r1_r3_eval300_formal_v1/route_artifacts/R3:a6d45e95-8dc0-4932-83bf-ec53e265a16a_8_22.json,4c9cdcecb3f0469a30f6c3d366dd0e9ce03ee1049ff821453d033ce573544727,17819,artifacts/SUPERSEDED_FOR_THESIS/old_formal_88/route_artifacts/R3:a6d45e95-8dc0-4932-83bf-ec53e265a16a_8_22.json,96a2f381f714984878193aa4ba26a91fb2afb2eaca8c73e75a3daa403e372e33,17665,old 300 R1 + frozen 300 R3 source route artifacts,absolute_personal_path_redaction_only
${PROJECT_MSC_ROOT}/msc_thesis/main_system/isolated_workspaces/hourvideo_direct_api_eval300_v1/outputs/direct_v1_formal/direct_v1_2_3x16_r1_r3_eval300_formal_v1/route_artifacts/R3:a6d45e95-8dc0-4932-83bf-ec53e265a16a_8_27.json,e29b62d77537fb932455d32f565e244aab543ba17db2cbb643b8470533d86c69,12303,artifacts/SUPERSEDED_FOR_THESIS/old_formal_88/route_artifacts/R3:a6d45e95-8dc0-4932-83bf-ec53e265a16a_8_27.json,170015d749f4c44a2af6afa9016c01ac915ba7fbe781d9e8592588d131aa1a3d,12237,old 300 R1 + frozen 300 R3 source route artifacts,absolute_personal_path_redaction_only
${PROJECT_MSC_ROOT}/msc_thesis/main_system/isolated_workspaces/hourvideo_direct_api_eval300_v1/outputs/direct_v1_formal/direct_v1_2_3x16_r1_r3_eval300_formal_v1/route_artifacts/R3:d3a0899e-2093-454c-9f65-30087883193a_11_17.json,9381e5f62a9e84bc5cef6db115512fc7ade3ba789771fa0c85b648104a1890f6,58137,artifacts/SUPERSEDED_FOR_THESIS/old_formal_88/route_artifacts/R3:d3a0899e-2093-454c-9f65-30087883193a_11_17.json,aa4ff6738b5c28265796bbf8eaa28576ee4c788e5d988abed91c612dceaf3a5f,57411,old 300 R1 + frozen 300 R3 source route artifacts,absolute_personal_path_redaction_only
${PROJECT_MSC_ROOT}/msc_thesis/main_system/isolated_workspaces/hourvideo_direct_api_eval300_v1/outputs/direct_v1_formal/direct_v1_2_3x16_r1_r3_eval300_formal_v1/route_artifacts/R3:d3a0899e-2093-454c-9f65-30087883193a_12_22.json,bb291de63ed9258941fb488e310734d6a20449ea7d1788c715f9d86293038831,18638,artifacts/SUPERSEDED_FOR_THESIS/old_formal_88/route_artifacts/R3:d3a0899e-2093-454c-9f65-30087883193a_12_22.json,d2ac8016ca9e886755b1d7f8c1ebebdb2f30a01e849f0aee5f42632e5a4a4111,18462,old 300 R1 + frozen 300 R3 source route artifacts,absolute_personal_path_redaction_only
${PROJECT_MSC_ROOT}/msc_thesis/main_system/isolated_workspaces/hourvideo_direct_api_eval300_v1/outputs/direct_v1_formal/direct_v1_2_3x16_r1_r3_eval300_formal_v1/route_artifacts/R3:d3a0899e-2093-454c-9f65-30087883193a_17_13.json,41507ae85d4d366c15986bdb10ade3bee21d35ba472c6570c2584bbc1bd4e72e,20111,artifacts/SUPERSEDED_FOR_THESIS/old_formal_88/route_artifacts/R3:d3a0899e-2093-454c-9f65-30087883193a_17_13.json,ff2f62fb3fa849a91890b98958a3cd53e8f70a48560e23824f48c77353a711d7,19913,old 300 R1 + frozen 300 R3 source route artifacts,absolute_personal_path_redaction_only
${PROJECT_MSC_ROOT}/msc_thesis/main_system/isolated_workspaces/hourvideo_direct_api_eval300_v1/outputs/direct_v1_formal/direct_v1_2_3x16_r1_r3_eval300_formal_v1/route_artifacts/R3:d3a0899e-2093-454c-9f65-30087883193a_17_19.json,c4cc698fd159ba4d4759ab339036d1806a86ca46e6e61d524813048b86c235a9,9021,artifacts/SUPERSEDED_FOR_THESIS/old_formal_88/route_artifacts/R3:d3a0899e-2093-454c-9f65-30087883193a_17_19.json,1ece0754e1187ea0680bf8ec234dff521d71c40cf1d1c40a07afa73d2b8315af,8955,old 300 R1 + frozen 300 R3 source route artifacts,absolute_personal_path_redaction_only
${PROJECT_MSC_ROOT}/msc_thesis/main_system/isolated_workspaces/hourvideo_direct_api_eval300_v1/outputs/direct_v1_formal/direct_v1_2_3x16_r1_r3_eval300_formal_v1/route_artifacts/R3:d3a0899e-2093-454c-9f65-30087883193a_17_2.json,33d652374f260ddf144a8b054ac2019664cf7276ea9e8c59cfc1b8ff4daa4dc7,19174,artifacts/SUPERSEDED_FOR_THESIS/old_formal_88/route_artifacts/R3:d3a0899e-2093-454c-9f65-30087883193a_17_2.json,6fdf1370f77332e9a6139ab9c00fcd93b387c3605b80d9cb6dcd9b7771987c48,18976,old 300 R1 + frozen 300 R3 source route artifacts,absolute_personal_path_redaction_only
${PROJECT_MSC_ROOT}/msc_thesis/main_system/isolated_workspaces/hourvideo_direct_api_eval300_v1/outputs/direct_v1_formal/direct_v1_2_3x16_r1_r3_eval300_formal_v1/route_artifacts/R3:d3a0899e-2093-454c-9f65-30087883193a_17_20.json,4b68bfe5c24db817e94057c4d1c8ad094e5124b9ee7bb22f1269730dd750fdda,33501,artifacts/SUPERSEDED_FOR_THESIS/old_formal_88/route_artifacts/R3:d3a0899e-2093-454c-9f65-30087883193a_17_20.json,db904f6291ca4fcb643d6a896b3c6561c0eeb185f4405176fa8077cd9cf5ac3e,33149,old 300 R1 + frozen 300 R3 source route artifacts,absolute_personal_path_redaction_only
${PROJECT_MSC_ROOT}/msc_thesis/main_system/isolated_workspaces/hourvideo_direct_api_eval300_v1/outputs/direct_v1_formal/direct_v1_2_3x16_r1_r3_eval300_formal_v1/route_artifacts/R3:d3a0899e-2093-454c-9f65-30087883193a_17_28.json,63b37cfc1fc410c630e76ba7731f86a9a729deeb760720f81aef0e45ab1044d8,32503,artifacts/SUPERSEDED_FOR_THESIS/old_formal_88/route_artifacts/R3:d3a0899e-2093-454c-9f65-30087883193a_17_28.json,b864f0a10bfa8ffb2e97844fd1950a559037899d7efa373b43b0c62521f8832b,32151,old 300 R1 + frozen 300 R3 source route artifacts,absolute_personal_path_redaction_only
${PROJECT_MSC_ROOT}/msc_thesis/main_system/isolated_workspaces/hourvideo_direct_api_eval300_v1/outputs/direct_v1_formal/direct_v1_2_3x16_r1_r3_eval300_formal_v1/route_artifacts/R3:d3a0899e-2093-454c-9f65-30087883193a_17_35.json,8ee78fcb44441a70208c377536eb98dd86009bcfc3682fa7bf20764bccb0c51d,19546,artifacts/SUPERSEDED_FOR_THESIS/old_formal_88/route_artifacts/R3:d3a0899e-2093-454c-9f65-30087883193a_17_35.json,17b81b160a1bf28dafa7187912c8137ad6647b41c05d77209a067f6aec84ae27,19348,old 300 R1 + frozen 300 R3 source route artifacts,absolute_personal_path_redaction_only
${PROJECT_MSC_ROOT}/msc_thesis/main_system/isolated_workspaces/hourvideo_direct_api_eval300_v1/outputs/direct_v1_formal/direct_v1_2_3x16_r1_r3_eval300_formal_v1/route_artifacts/R3:d3a0899e-2093-454c-9f65-30087883193a_17_8.json,444eb2355760107b1095261935dcb6c6b6e2301927bc3f44fe6d11a2d0715efa,9038,artifacts/SUPERSEDED_FOR_THESIS/old_formal_88/route_artifacts/R3:d3a0899e-2093-454c-9f65-30087883193a_17_8.json,0d014cf77d43649add338d60a5e4fc263ddaa400e2133d07f548874818b98a88,8972,old 300 R1 + frozen 300 R3 source route artifacts,absolute_personal_path_redaction_only
${PROJECT_MSC_ROOT}/msc_thesis/main_system/isolated_workspaces/hourvideo_direct_api_eval300_v1/outputs/direct_v1_formal/direct_v1_2_3x16_r1_r3_eval300_formal_v1/route_artifacts/R3:d3a0899e-2093-454c-9f65-30087883193a_1_1.json,d3f683e6a603eefe6602d0d85624e6b3edbf76e94bfc93db36f8d4f9d81ada0e,19252,artifacts/SUPERSEDED_FOR_THESIS/old_formal_88/route_artifacts/R3:d3a0899e-2093-454c-9f65-30087883193a_1_1.json,19510c6ba2fc7d5e799c737b7ca96e587eeba1c27a9a4d014e73f38b92847a5c,19054,old 300 R1 + frozen 300 R3 source route artifacts,absolute_personal_path_redaction_only
${PROJECT_MSC_ROOT}/msc_thesis/main_system/isolated_workspaces/hourvideo_direct_api_eval300_v1/outputs/direct_v1_formal/direct_v1_2_3x16_r1_r3_eval300_formal_v1/route_artifacts/R3:d3a0899e-2093-454c-9f65-30087883193a_22_14.json,271352c999a80e6cc8cdf6547ddb0247d2868f56da597b998bf71d7d13fff019,32672,artifacts/SUPERSEDED_FOR_THESIS/old_formal_88/route_artifacts/R3:d3a0899e-2093-454c-9f65-30087883193a_22_14.json,d38c99fefad6aa8140070c230ac3a1ce6df50da1e0ea1eee4fddaf8a43dd19da,32342,old 300 R1 + frozen 300 R3 source route artifacts,absolute_personal_path_redaction_only
${PROJECT_MSC_ROOT}/msc_thesis/main_system/isolated_workspaces/hourvideo_direct_api_eval300_v1/outputs/direct_v1_formal/direct_v1_2_3x16_r1_r3_eval300_formal_v1/route_artifacts/R3:d3a0899e-2093-454c-9f65-30087883193a_22_32.json,cd691a6b8dc8684b39f0345878ac0d07a7f6a59d61b594cbe05cc413242f6798,19152,artifacts/SUPERSEDED_FOR_THESIS/old_formal_88/route_artifacts/R3:d3a0899e-2093-454c-9f65-30087883193a_22_32.json,116d2737bcb06a61464089464d08535f0d2a89c1af04254d09769f12bcd3b808,18954,old 300 R1 + frozen 300 R3 source route artifacts,absolute_personal_path_redaction_only
${PROJECT_MSC_ROOT}/msc_thesis/main_system/isolated_workspaces/hourvideo_direct_api_eval300_v1/outputs/direct_v1_formal/direct_v1_2_3x16_r1_r3_eval300_formal_v1/route_artifacts/R3:d3a0899e-2093-454c-9f65-30087883193a_2_1.json,46236ca7655be142b591ea0d50e9854aee51044181741e52f4d91507567b6c8b,19183,artifacts/SUPERSEDED_FOR_THESIS/old_formal_88/route_artifacts/R3:d3a0899e-2093-454c-9f65-30087883193a_2_1.json,9c7b76fd7362741ed3318eb311089231d4cef4b7686630324324460735742225,19007,old 300 R1 + frozen 300 R3 source route artifacts,absolute_personal_path_redaction_only
${PROJECT_MSC_ROOT}/msc_thesis/main_system/isolated_workspaces/hourvideo_direct_api_eval300_v1/outputs/direct_v1_formal/direct_v1_2_3x16_r1_r3_eval300_formal_v1/route_artifacts/R3:d3a0899e-2093-454c-9f65-30087883193a_4_10.json,8c1222f382b37a6740a94f7c97c5059d3602040750918aaafa60cb0db2611dc5,19948,artifacts/SUPERSEDED_FOR_THESIS/old_formal_88/route_artifacts/R3:d3a0899e-2093-454c-9f65-30087883193a_4_10.json,290969607cadb57bdf85a027f6dadc6a073c24515d9cb5253ec06b218ee7ff32,19750,old 300 R1 + frozen 300 R3 source route artifacts,absolute_personal_path_redaction_only
${PROJECT_MSC_ROOT}/msc_thesis/main_system/isolated_workspaces/hourvideo_direct_api_eval300_v1/outputs/direct_v1_formal/direct_v1_2_3x16_r1_r3_eval300_formal_v1/route_artifacts/R3:d3a0899e-2093-454c-9f65-30087883193a_4_33.json,97df41fd07b299b853751c28ed79b1399355575af89f6a48dd3e141fa87970dd,20128,artifacts/SUPERSEDED_FOR_THESIS/old_formal_88/route_artifacts/R3:d3a0899e-2093-454c-9f65-30087883193a_4_33.json,7e5eafe184537f9300aca87af94b22ab89386c7b7a53875d79e38af98375c87e,19930,old 300 R1 + frozen 300 R3 source route artifacts,absolute_personal_path_redaction_only
${PROJECT_MSC_ROOT}/msc_thesis/main_system/isolated_workspaces/hourvideo_direct_api_eval300_v1/outputs/direct_v1_formal/direct_v1_2_3x16_r1_r3_eval300_formal_v1/route_artifacts/R3:d3a0899e-2093-454c-9f65-30087883193a_4_7.json,2ae8585036842298fcc7c21b92b96de98ade3c0d9b7b578d300a095bd5507504,30179,artifacts/SUPERSEDED_FOR_THESIS/old_formal_88/route_artifacts/R3:d3a0899e-2093-454c-9f65-30087883193a_4_7.json,31b1356e9592681acd590ab10e5edb1b76378af2afb545541d402ceb4ac4eccf,29849,old 300 R1 + frozen 300 R3 source route artifacts,absolute_personal_path_redaction_only
${PROJECT_MSC_ROOT}/msc_thesis/main_system/isolated_workspaces/hourvideo_direct_api_eval300_v1/outputs/direct_v1_formal/direct_v1_2_3x16_r1_r3_eval300_formal_v1/route_artifacts/R3:d3a0899e-2093-454c-9f65-30087883193a_5_24.json,3175104693f1ea013e881f215e5057d53c65bfc8b0b313d9b32b62356dc76d55,18958,artifacts/SUPERSEDED_FOR_THESIS/old_formal_88/route_artifacts/R3:d3a0899e-2093-454c-9f65-30087883193a_5_24.json,316e1155e8823d061d391bc17210012cdbf6cc88cc3ed906cd12dedfec7421c1,18760,old 300 R1 + frozen 300 R3 source route artifacts,absolute_personal_path_redaction_only
${PROJECT_MSC_ROOT}/msc_thesis/main_system/isolated_workspaces/hourvideo_direct_api_eval300_v1/outputs/direct_v1_formal/direct_v1_2_3x16_r1_r3_eval300_formal_v1/route_artifacts/R3:d3a0899e-2093-454c-9f65-30087883193a_7_11.json,dca6e50f4919ba2bef15013638d3d3eef964a90a6c22ec2d0496ccee9f2812bb,18963,artifacts/SUPERSEDED_FOR_THESIS/old_formal_88/route_artifacts/R3:d3a0899e-2093-454c-9f65-30087883193a_7_11.json,29d9417a0d321af8d1b201adaa640d64236b9677db5b7f7f39433acad31e485c,18765,old 300 R1 + frozen 300 R3 source route artifacts,absolute_personal_path_redaction_only
${PROJECT_MSC_ROOT}/msc_thesis/main_system/isolated_workspaces/hourvideo_direct_api_eval300_v1/outputs/direct_v1_formal/direct_v1_2_3x16_r1_r3_eval300_formal_v1/route_artifacts/R3:d3a0899e-2093-454c-9f65-30087883193a_7_26.json,f3a1572ee8123e45c06bb5d050f320866e0fa17fc4bde3898f5b5121e8783e67,19163,artifacts/SUPERSEDED_FOR_THESIS/old_formal_88/route_artifacts/R3:d3a0899e-2093-454c-9f65-30087883193a_7_26.json,b84e24b91974fcd19bc14a430b3f3ff08815679bee0bf0c0e5593dbe7f648bbc,18965,old 300 R1 + frozen 300 R3 source route artifacts,absolute_personal_path_redaction_only
${PROJECT_MSC_ROOT}/msc_thesis/main_system/isolated_workspaces/hourvideo_direct_api_eval300_v1/outputs/direct_v1_formal/direct_v1_2_3x16_r1_r3_eval300_formal_v1/route_artifacts/R3:d3a0899e-2093-454c-9f65-30087883193a_7_29.json,bfec3155b96fa1b23fc51b7157bac1f10e89f93331be551ecc30f9496248d254,19501,artifacts/SUPERSEDED_FOR_THESIS/old_formal_88/route_artifacts/R3:d3a0899e-2093-454c-9f65-30087883193a_7_29.json,b2b6e0254961e485e5311c28c25a08d39c85b68080bab435f09083a312e2c5c5,19303,old 300 R1 + frozen 300 R3 source route artifacts,absolute_personal_path_redaction_only
${PROJECT_MSC_ROOT}/msc_thesis/main_system/isolated_workspaces/hourvideo_direct_api_eval300_v1/outputs/direct_v1_formal/direct_v1_2_3x16_r1_r3_eval300_formal_v1/route_artifacts/R3:d3a0899e-2093-454c-9f65-30087883193a_7_9.json,734ad5c77f79e34e9dc676c944deb99c55681084bc3fc32cac713287c365236f,18934,artifacts/SUPERSEDED_FOR_THESIS/old_formal_88/route_artifacts/R3:d3a0899e-2093-454c-9f65-30087883193a_7_9.json,d419a5eed54bfc98c14da278ae6589ed894d9fbcfef5268467cc777bdaa0f562,18736,old 300 R1 + frozen 300 R3 source route artifacts,absolute_personal_path_redaction_only
${PROJECT_MSC_ROOT}/msc_thesis/main_system/isolated_workspaces/hourvideo_direct_api_eval300_v1/outputs/direct_v1_formal/direct_v1_2_3x16_r1_r3_eval300_formal_v1/route_artifacts/R3:d3a0899e-2093-454c-9f65-30087883193a_8_16.json,4419d3d1c1567d213b0b410460773bfefeeb761c3d6a481967c2bd0c497491ee,19210,artifacts/SUPERSEDED_FOR_THESIS/old_formal_88/route_artifacts/R3:d3a0899e-2093-454c-9f65-30087883193a_8_16.json,773d9325bca2ab662578296cc4383e5002909ac42ed691941262424f45f5f806,19012,old 300 R1 + frozen 300 R3 source route artifacts,absolute_personal_path_redaction_only
${PROJECT_MSC_ROOT}/msc_thesis/main_system/isolated_workspaces/hourvideo_direct_api_eval300_v1/outputs/direct_v1_formal/direct_v1_2_3x16_r1_r3_eval300_formal_v1/route_artifacts/R3:d3a0899e-2093-454c-9f65-30087883193a_8_21.json,5463e98bee935be3f11d9271d33da2ba94ed906e6b50047661523d8902cc3486,19541,artifacts/SUPERSEDED_FOR_THESIS/old_formal_88/route_artifacts/R3:d3a0899e-2093-454c-9f65-30087883193a_8_21.json,49a9bced1004096b3de1b0db12dfe16a35b848414274bd10f4b758cb2d022920,19343,old 300 R1 + frozen 300 R3 source route artifacts,absolute_personal_path_redaction_only
${PROJECT_MSC_ROOT}/msc_thesis/main_system/isolated_workspaces/hourvideo_direct_api_eval300_v1/outputs/direct_v1_formal/direct_v1_2_3x16_r1_r3_eval300_formal_v1/route_artifacts/R3:d3a0899e-2093-454c-9f65-30087883193a_8_3.json,8f4e564fe506ed3a7ce2d6052f10b029d7ee4a48ebf3b1451c59995ee59404b0,19538,artifacts/SUPERSEDED_FOR_THESIS/old_formal_88/route_artifacts/R3:d3a0899e-2093-454c-9f65-30087883193a_8_3.json,a6daebe37d962f500e48500c6a2188346d8e94e0d13880d664873c35ce9f50a3,19340,old 300 R1 + frozen 300 R3 source route artifacts,absolute_personal_path_redaction_only
${PROJECT_MSC_ROOT}/msc_thesis/main_system/isolated_workspaces/hourvideo_direct_api_eval300_v1/outputs/direct_v1_formal/direct_v1_2_3x16_r1_r3_eval300_formal_v1/route_artifacts/R3:d3a0899e-2093-454c-9f65-30087883193a_8_36.json,c91c71e10be7c17c28208fc286afa90e34fd4d941b48b0ef4f287d1aed2c9016,19851,artifacts/SUPERSEDED_FOR_THESIS/old_formal_88/route_artifacts/R3:d3a0899e-2093-454c-9f65-30087883193a_8_36.json,1919a3457b7dd4c62712b9633bbed3d455e12b44fbf04290de2225f30cf4c5a0,19653,old 300 R1 + frozen 300 R3 source route artifacts,absolute_personal_path_redaction_only
${PROJECT_MSC_ROOT}/msc_thesis/main_system/isolated_workspaces/hourvideo_direct_api_eval300_v1/outputs/direct_v1_formal/direct_v1_2_3x16_r1_r3_eval300_formal_v1/route_artifacts/R3:db3f7933-dfa0-4678-9d4f-393b628ded45_11_2.json,78dbca5bf095372c69d4dc88331a52c8c158d1f94860f5c2b7bd88c7d3ff6a81,18786,artifacts/SUPERSEDED_FOR_THESIS/old_formal_88/route_artifacts/R3:db3f7933-dfa0-4678-9d4f-393b628ded45_11_2.json,c76fec7ec35c7e9fb5360b7e234fa8471607326d922b57e6924b69b629bc54f8,18588,old 300 R1 + frozen 300 R3 source route artifacts,absolute_personal_path_redaction_only
${PROJECT_MSC_ROOT}/msc_thesis/main_system/isolated_workspaces/hourvideo_direct_api_eval300_v1/outputs/direct_v1_formal/direct_v1_2_3x16_r1_r3_eval300_formal_v1/route_artifacts/R3:db3f7933-dfa0-4678-9d4f-393b628ded45_12_15.json,bad6e43c0d6d56328c1f2683d80df50d22af99aa880781aa177b97651630a1a1,19490,artifacts/SUPERSEDED_FOR_THESIS/old_formal_88/route_artifacts/R3:db3f7933-dfa0-4678-9d4f-393b628ded45_12_15.json,ae56d5d16a9244639d8d98d037ac3ad74f114fd87b686a8d5cdad6ca90157aa2,19380,old 300 R1 + frozen 300 R3 source route artifacts,absolute_personal_path_redaction_only
${PROJECT_MSC_ROOT}/msc_thesis/main_system/isolated_workspaces/hourvideo_direct_api_eval300_v1/outputs/direct_v1_formal/direct_v1_2_3x16_r1_r3_eval300_formal_v1/route_artifacts/R3:db3f7933-dfa0-4678-9d4f-393b628ded45_17_1.json,ac4f96fc0f3c1556d2b9f1050cff7bfbe16f82a436da05cb42197869cd531104,23732,artifacts/SUPERSEDED_FOR_THESIS/old_formal_88/route_artifacts/R3:db3f7933-dfa0-4678-9d4f-393b628ded45_17_1.json,84e2e3a885339a383102eed6c0711856ef01c3110b8c2af5b644c3ec9400d3a6,23468,old 300 R1 + frozen 300 R3 source route artifacts,absolute_personal_path_redaction_only
${PROJECT_MSC_ROOT}/msc_thesis/main_system/isolated_workspaces/hourvideo_direct_api_eval300_v1/outputs/direct_v1_formal/direct_v1_2_3x16_r1_r3_eval300_formal_v1/route_artifacts/R3:db3f7933-dfa0-4678-9d4f-393b628ded45_17_11.json,076e072ce3bbf4bb6a98e9ba40439bf7671940dd4e3c0d64b418a5a25a231419,35730,artifacts/SUPERSEDED_FOR_THESIS/old_formal_88/route_artifacts/R3:db3f7933-dfa0-4678-9d4f-393b628ded45_17_11.json,5ec493c1cbcace19bd477306cdbf0aa3dbe8a3f5700c91c31ff9db7175642aaf,35422,old 300 R1 + frozen 300 R3 source route artifacts,absolute_personal_path_redaction_only
${PROJECT_MSC_ROOT}/msc_thesis/main_system/isolated_workspaces/hourvideo_direct_api_eval300_v1/outputs/direct_v1_formal/direct_v1_2_3x16_r1_r3_eval300_formal_v1/route_artifacts/R3:db3f7933-dfa0-4678-9d4f-393b628ded45_17_13.json,c9b9316d285967a43c2af52889bad35da85dfce2bfc92049d6f292c7c3618d26,8753,artifacts/SUPERSEDED_FOR_THESIS/old_formal_88/route_artifacts/R3:db3f7933-dfa0-4678-9d4f-393b628ded45_17_13.json,c9e186ea326a47768040dea9ad382c33d8ae6a650054bf4fd06124fd95de938f,8687,old 300 R1 + frozen 300 R3 source route artifacts,absolute_personal_path_redaction_only
${PROJECT_MSC_ROOT}/msc_thesis/main_system/isolated_workspaces/hourvideo_direct_api_eval300_v1/outputs/direct_v1_formal/direct_v1_2_3x16_r1_r3_eval300_formal_v1/route_artifacts/R3:db3f7933-dfa0-4678-9d4f-393b628ded45_17_29.json,df63e843a939da425d6e64d3c1abd50f623761c6ca99ab56ffa8e52f0b91192b,24089,artifacts/SUPERSEDED_FOR_THESIS/old_formal_88/route_artifacts/R3:db3f7933-dfa0-4678-9d4f-393b628ded45_17_29.json,e8b334183556df07e42644f2566cd7e3792a1e79800157c46abf62c62e5465c6,23825,old 300 R1 + frozen 300 R3 source route artifacts,absolute_personal_path_redaction_only
${PROJECT_MSC_ROOT}/msc_thesis/main_system/isolated_workspaces/hourvideo_direct_api_eval300_v1/outputs/direct_v1_formal/direct_v1_2_3x16_r1_r3_eval300_formal_v1/route_artifacts/R3:db3f7933-dfa0-4678-9d4f-393b628ded45_20_1.json,63ed49ed51b8a31da83964e88a273fcb10fdd25df5c79427039ddf0d065836dd,23748,artifacts/SUPERSEDED_FOR_THESIS/old_formal_88/route_artifacts/R3:db3f7933-dfa0-4678-9d4f-393b628ded45_20_1.json,e99bce5dbb89de6e32c303c17639c5444cf6b5f4bcfbc320e814932566c3b82d,23506,old 300 R1 + frozen 300 R3 source route artifacts,absolute_personal_path_redaction_only
${PROJECT_MSC_ROOT}/msc_thesis/main_system/isolated_workspaces/hourvideo_direct_api_eval300_v1/outputs/direct_v1_formal/direct_v1_2_3x16_r1_r3_eval300_formal_v1/route_artifacts/R3:db3f7933-dfa0-4678-9d4f-393b628ded45_21_27.json,204dfb7ce7ab66560adf50ed1361d83029f764450f8f36582f7458aff627d863,23621,artifacts/SUPERSEDED_FOR_THESIS/old_formal_88/route_artifacts/R3:db3f7933-dfa0-4678-9d4f-393b628ded45_21_27.json,11e7c1c12f09b95bc8440e1556846906c352f78db6648b74c40ac0cee1888d7c,23357,old 300 R1 + frozen 300 R3 source route artifacts,absolute_personal_path_redaction_only
${PROJECT_MSC_ROOT}/msc_thesis/main_system/isolated_workspaces/hourvideo_direct_api_eval300_v1/outputs/direct_v1_formal/direct_v1_2_3x16_r1_r3_eval300_formal_v1/route_artifacts/R3:db3f7933-dfa0-4678-9d4f-393b628ded45_22_12.json,998509e22eb51be6c7720dac7c877d7605f2fcb904daad815931c88401ce4ec0,17730,artifacts/SUPERSEDED_FOR_THESIS/old_formal_88/route_artifacts/R3:db3f7933-dfa0-4678-9d4f-393b628ded45_22_12.json,d31c5b110585d738bac90ca0746b5bd3ed78caac7871aaa6b4ac239696af3bf2,17598,old 300 R1 + frozen 300 R3 source route artifacts,absolute_personal_path_redaction_only
${PROJECT_MSC_ROOT}/msc_thesis/main_system/isolated_workspaces/hourvideo_direct_api_eval300_v1/outputs/direct_v1_formal/direct_v1_2_3x16_r1_r3_eval300_formal_v1/route_artifacts/R3:db3f7933-dfa0-4678-9d4f-393b628ded45_22_24.json,d60cfdf04713477970cca9d81c490ffcd3c61a8857f14b8a3588c02120375dbc,27414,artifacts/SUPERSEDED_FOR_THESIS/old_formal_88/route_artifacts/R3:db3f7933-dfa0-4678-9d4f-393b628ded45_22_24.json,39397da151c6c5a7862fefdfdc034e72e13708ea2d9065bf25b7078d8f6e9c48,27150,old 300 R1 + frozen 300 R3 source route artifacts,absolute_personal_path_redaction_only
${PROJECT_MSC_ROOT}/msc_thesis/main_system/isolated_workspaces/hourvideo_direct_api_eval300_v1/outputs/direct_v1_formal/direct_v1_2_3x16_r1_r3_eval300_formal_v1/route_artifacts/R3:db3f7933-dfa0-4678-9d4f-393b628ded45_22_5.json,ff59ee7d54981fc70db7e4797bc668d43d97bb4c78feccf76b0b3483156fcab9,19807,artifacts/SUPERSEDED_FOR_THESIS/old_formal_88/route_artifacts/R3:db3f7933-dfa0-4678-9d4f-393b628ded45_22_5.json,cc8e4b2937bd5416714265e6fea7dcc5444baad84ec5fc0a8b51517c5fae8272,19609,old 300 R1 + frozen 300 R3 source route artifacts,absolute_personal_path_redaction_only
${PROJECT_MSC_ROOT}/msc_thesis/main_system/isolated_workspaces/hourvideo_direct_api_eval300_v1/outputs/direct_v1_formal/direct_v1_2_3x16_r1_r3_eval300_formal_v1/route_artifacts/R3:db3f7933-dfa0-4678-9d4f-393b628ded45_2_1.json,1cacdedad81a86e324ed7bea1d43eb5ac588b3669639c01d3130e642fc840ded,18979,artifacts/SUPERSEDED_FOR_THESIS/old_formal_88/route_artifacts/R3:db3f7933-dfa0-4678-9d4f-393b628ded45_2_1.json,cac7f7c38b516c929bd829f5c90209c0c77b1393a874ada713c2af19c9482e69,18781,old 300 R1 + frozen 300 R3 source route artifacts,absolute_personal_path_redaction_only
${PROJECT_MSC_ROOT}/msc_thesis/main_system/isolated_workspaces/hourvideo_direct_api_eval300_v1/outputs/direct_v1_formal/direct_v1_2_3x16_r1_r3_eval300_formal_v1/route_artifacts/R3:db3f7933-dfa0-4678-9d4f-393b628ded45_4_22.json,911c32c3e9431323beabfb7ea4060bbdf641d1cff95189a72cf69ba7ace61f9d,9874,artifacts/SUPERSEDED_FOR_THESIS/old_formal_88/route_artifacts/R3:db3f7933-dfa0-4678-9d4f-393b628ded45_4_22.json,330f043651d1d263bc266119e1acc1c6fc02c8db24b4590a29b253e17c2acfb0,9808,old 300 R1 + frozen 300 R3 source route artifacts,absolute_personal_path_redaction_only
${PROJECT_MSC_ROOT}/msc_thesis/main_system/isolated_workspaces/hourvideo_direct_api_eval300_v1/outputs/direct_v1_formal/direct_v1_2_3x16_r1_r3_eval300_formal_v1/route_artifacts/R3:db3f7933-dfa0-4678-9d4f-393b628ded45_6_17.json,431afc8f91aebafa8139cd285b7e0211e00165e57f8303990903f3d5e9f46f75,31588,artifacts/SUPERSEDED_FOR_THESIS/old_formal_88/route_artifacts/R3:db3f7933-dfa0-4678-9d4f-393b628ded45_6_17.json,19b5eb7108d19dad6fac75c5ab5b19949630e6a0cd448fca037d9447957ce4de,31280,old 300 R1 + frozen 300 R3 source route artifacts,absolute_personal_path_redaction_only
${PROJECT_MSC_ROOT}/msc_thesis/main_system/isolated_workspaces/hourvideo_direct_api_eval300_v1/outputs/direct_v1_formal/direct_v1_2_3x16_r1_r3_eval300_formal_v1/route_artifacts/R3:db3f7933-dfa0-4678-9d4f-393b628ded45_6_25.json,76175143930541dd460512bba23eae2ea7bdb9f335d40a80d81c9f26508c1b47,33179,artifacts/SUPERSEDED_FOR_THESIS/old_formal_88/route_artifacts/R3:db3f7933-dfa0-4678-9d4f-393b628ded45_6_25.json,6fa8bbc65895fe8c6696628479c68575801d9931c29d44ec071e6fc5d4530c8e,32827,old 300 R1 + frozen 300 R3 source route artifacts,absolute_personal_path_redaction_only
${PROJECT_MSC_ROOT}/msc_thesis/main_system/isolated_workspaces/hourvideo_direct_api_eval300_v1/outputs/direct_v1_formal/direct_v1_2_3x16_r1_r3_eval300_formal_v1/route_artifacts/R3:db3f7933-dfa0-4678-9d4f-393b628ded45_6_7.json,0ff264ec62e20c10ee15b42959d217cbfe5b114cd7d8ea77662ac7c575ae6225,32701,artifacts/SUPERSEDED_FOR_THESIS/old_formal_88/route_artifacts/R3:db3f7933-dfa0-4678-9d4f-393b628ded45_6_7.json,99585c77546bd90d8a5fef65455b9988535055255fecd6b66815b65c02a66af1,32349,old 300 R1 + frozen 300 R3 source route artifacts,absolute_personal_path_redaction_only
${PROJECT_MSC_ROOT}/msc_thesis/main_system/isolated_workspaces/hourvideo_direct_api_eval300_v1/outputs/direct_v1_formal/direct_v1_2_3x16_r1_r3_eval300_formal_v1/route_artifacts/R3:db3f7933-dfa0-4678-9d4f-393b628ded45_7_10.json,ae0b15f205a66f3fb84e93948f02a3b355f870e9fa86d9e6e423162afb89c459,17038,artifacts/SUPERSEDED_FOR_THESIS/old_formal_88/route_artifacts/R3:db3f7933-dfa0-4678-9d4f-393b628ded45_7_10.json,35781161efb2a6d93f02e51261766808822977f20cc52fd13ba37f5f3f32dda6,16906,old 300 R1 + frozen 300 R3 source route artifacts,absolute_personal_path_redaction_only
${PROJECT_MSC_ROOT}/msc_thesis/main_system/isolated_workspaces/hourvideo_direct_api_eval300_v1/outputs/direct_v1_formal/direct_v1_2_3x16_r1_r3_eval300_formal_v1/route_artifacts/R3:db3f7933-dfa0-4678-9d4f-393b628ded45_7_14.json,a27c1eb49f095ae6c71f47afc70725f05fb0453dc56b454652e4efb7f9fdf127,28014,artifacts/SUPERSEDED_FOR_THESIS/old_formal_88/route_artifacts/R3:db3f7933-dfa0-4678-9d4f-393b628ded45_7_14.json,ba3dcba800053b06fc69628e990a252f86070fc5d6505c6ebedb480a60918180,27684,old 300 R1 + frozen 300 R3 source route artifacts,absolute_personal_path_redaction_only
${PROJECT_MSC_ROOT}/msc_thesis/main_system/isolated_workspaces/hourvideo_direct_api_eval300_v1/outputs/direct_v1_formal/direct_v1_2_3x16_r1_r3_eval300_formal_v1/route_artifacts/R3:db3f7933-dfa0-4678-9d4f-393b628ded45_7_19.json,8f33438cfe13386050ba3ac3d77e384d2c02e8cf7339ddaf27bd5122bc8fc6fd,33827,artifacts/SUPERSEDED_FOR_THESIS/old_formal_88/route_artifacts/R3:db3f7933-dfa0-4678-9d4f-393b628ded45_7_19.json,f62c4487b99bae4385ddec1366c9ac68a26702c0503416294d9086fa7483fac6,33475,old 300 R1 + frozen 300 R3 source route artifacts,absolute_personal_path_redaction_only
${PROJECT_MSC_ROOT}/msc_thesis/main_system/isolated_workspaces/hourvideo_direct_api_eval300_v1/outputs/direct_v1_formal/direct_v1_2_3x16_r1_r3_eval300_formal_v1/route_artifacts/R3:db3f7933-dfa0-4678-9d4f-393b628ded45_7_21.json,8ef412f351450a476e92b8527c9abcbce535af62663aa48bc873767ced963394,19805,artifacts/SUPERSEDED_FOR_THESIS/old_formal_88/route_artifacts/R3:db3f7933-dfa0-4678-9d4f-393b628ded45_7_21.json,3a5fa2e104321fa3abf6ff53a1c1d950e5d9322dcd8e4124204883d8abcd5d4f,19607,old 300 R1 + frozen 300 R3 source route artifacts,absolute_personal_path_redaction_only
${PROJECT_MSC_ROOT}/msc_thesis/main_system/isolated_workspaces/hourvideo_direct_api_eval300_v1/outputs/direct_v1_formal/direct_v1_2_3x16_r1_r3_eval300_formal_v1/route_artifacts/R3:db3f7933-dfa0-4678-9d4f-393b628ded45_7_23.json,0868b84e56581298e4f39621794d8c4d482115175b5ceea00bce2f9b49f94d2e,24637,artifacts/SUPERSEDED_FOR_THESIS/old_formal_88/route_artifacts/R3:db3f7933-dfa0-4678-9d4f-393b628ded45_7_23.json,5b1c9cc55733477710cf9ae532e9f02c86f4a28a85978c3596c461b41d519fa5,24373,old 300 R1 + frozen 300 R3 source route artifacts,absolute_personal_path_redaction_only
${PROJECT_MSC_ROOT}/msc_thesis/main_system/isolated_workspaces/hourvideo_direct_api_eval300_v1/outputs/direct_v1_formal/direct_v1_2_3x16_r1_r3_eval300_formal_v1/route_artifacts/R3:db3f7933-dfa0-4678-9d4f-393b628ded45_7_28.json,424c2f4323cedad524234aae788e853a2359ac2b06c52ddd5e45a3040db61e62,17936,artifacts/SUPERSEDED_FOR_THESIS/old_formal_88/route_artifacts/R3:db3f7933-dfa0-4678-9d4f-393b628ded45_7_28.json,8fd56294c09cd57f821e28e20521d4e230e6ede7e2119bfa9b13840dbc22ea52,17760,old 300 R1 + frozen 300 R3 source route artifacts,absolute_personal_path_redaction_only
${PROJECT_MSC_ROOT}/msc_thesis/main_system/isolated_workspaces/hourvideo_direct_api_eval300_v1/outputs/direct_v1_formal/direct_v1_2_3x16_r1_r3_eval300_formal_v1/route_artifacts/R3:db3f7933-dfa0-4678-9d4f-393b628ded45_7_6.json,39af63a34ea94b85df20dc71c4d9e8c84fc6b40710aa91aba72f7f0ac3dd21cd,18351,artifacts/SUPERSEDED_FOR_THESIS/old_formal_88/route_artifacts/R3:db3f7933-dfa0-4678-9d4f-393b628ded45_7_6.json,d34d3b06d99d86eabecd21d24bf5757644e4e1f2a925798582f84e1b16546c50,18175,old 300 R1 + frozen 300 R3 source route artifacts,absolute_personal_path_redaction_only
${PROJECT_MSC_ROOT}/msc_thesis/main_system/isolated_workspaces/hourvideo_direct_api_eval300_v1/outputs/direct_v1_formal/direct_v1_2_3x16_r1_r3_eval300_formal_v1/route_artifacts/R3:db3f7933-dfa0-4678-9d4f-393b628ded45_7_8.json,7c53b8e30c4116f9c8775954c4bf6fc76b7ce68ec92343c3bc8811c68ace69b9,57060,artifacts/SUPERSEDED_FOR_THESIS/old_formal_88/route_artifacts/R3:db3f7933-dfa0-4678-9d4f-393b628ded45_7_8.json,fdbf72c865bfbdd1ebcd8088b6850fc389eefa26bc1942d8ebbdbf6eebbc2d42,56686,old 300 R1 + frozen 300 R3 source route artifacts,absolute_personal_path_redaction_only
${PROJECT_MSC_ROOT}/msc_thesis/main_system/isolated_workspaces/hourvideo_direct_api_eval300_v1/outputs/direct_v1_formal/direct_v1_2_3x16_r1_r3_eval300_formal_v1/route_artifacts/R3:db3f7933-dfa0-4678-9d4f-393b628ded45_8_4.json,56de7dd4ad8034e5d75aeabe43ebfb7def9b050fcfc2f05c64437f49627d437f,17754,artifacts/SUPERSEDED_FOR_THESIS/old_formal_88/route_artifacts/R3:db3f7933-dfa0-4678-9d4f-393b628ded45_8_4.json,49700bca5db66b4cc0b38bd4acede8a74ad10ee0705ca320ad420a389e9739a2,17600,old 300 R1 + frozen 300 R3 source route artifacts,absolute_personal_path_redaction_only
${PROJECT_MSC_ROOT}/msc_thesis/main_system/isolated_workspaces/hourvideo_direct_api_eval300_v1/outputs/direct_v1_formal/direct_v1_2_3x16_r1_r3_eval300_formal_v1/route_status/R1:115774b6-534d-444f-b7aa-d1b834eb0ee7_12_27.json,a94c4b9756a89907c8998e5de2d2545d60200b5876ef6083fc8875619784d2aa,595,artifacts/SUPERSEDED_FOR_THESIS/old_formal_88/route_status/R1:115774b6-534d-444f-b7aa-d1b834eb0ee7_12_27.json,43f40dd9b262e42649ff6a5d0766526cdf891eff2324d0066bc9fdbcf6bf41d1,573,old 300 R1 + frozen 300 R3 source route statuses,absolute_personal_path_redaction_only
${PROJECT_MSC_ROOT}/msc_thesis/main_system/isolated_workspaces/hourvideo_direct_api_eval300_v1/outputs/direct_v1_formal/direct_v1_2_3x16_r1_r3_eval300_formal_v1/route_status/R1:115774b6-534d-444f-b7aa-d1b834eb0ee7_17_12.json,c6c4ff9dad76d540940693b3a428e61635f78348e34477974fa2279ec0429fe1,586,artifacts/SUPERSEDED_FOR_THESIS/old_formal_88/route_status/R1:115774b6-534d-444f-b7aa-d1b834eb0ee7_17_12.json,2391796c4b1052a9b0f69886ade6d7edc8d9cbc671a62726db1493944cd6c060,564,old 300 R1 + frozen 300 R3 source route statuses,absolute_personal_path_redaction_only
${PROJECT_MSC_ROOT}/msc_thesis/main_system/isolated_workspaces/hourvideo_direct_api_eval300_v1/outputs/direct_v1_formal/direct_v1_2_3x16_r1_r3_eval300_formal_v1/route_status/R1:115774b6-534d-444f-b7aa-d1b834eb0ee7_17_14.json,bef10ef7da0bad36c7755a1bc48d02bd350296af970e061b5747446aa4e035b4,585,artifacts/SUPERSEDED_FOR_THESIS/old_formal_88/route_status/R1:115774b6-534d-444f-b7aa-d1b834eb0ee7_17_14.json,caaf2bd2fea2ac4fe261dc9afbc2e864d9284844d4fb11bd498441e60aef476e,563,old 300 R1 + frozen 300 R3 source route statuses,absolute_personal_path_redaction_only
${PROJECT_MSC_ROOT}/msc_thesis/main_system/isolated_workspaces/hourvideo_direct_api_eval300_v1/outputs/direct_v1_formal/direct_v1_2_3x16_r1_r3_eval300_formal_v1/route_status/R1:115774b6-534d-444f-b7aa-d1b834eb0ee7_17_31.json,13674dc0d8c2cffd3de17fc34f4421852b5a8494adabad0614fd827c6a331cb4,585,artifacts/SUPERSEDED_FOR_THESIS/old_formal_88/route_status/R1:115774b6-534d-444f-b7aa-d1b834eb0ee7_17_31.json,43fb63f7429f55a6d0217fcc4ed98ab906ba8369627700cf8cc100692abd81f3,563,old 300 R1 + frozen 300 R3 source route statuses,absolute_personal_path_redaction_only
${PROJECT_MSC_ROOT}/msc_thesis/main_system/isolated_workspaces/hourvideo_direct_api_eval300_v1/outputs/direct_v1_formal/direct_v1_2_3x16_r1_r3_eval300_formal_v1/route_status/R1:115774b6-534d-444f-b7aa-d1b834eb0ee7_17_7.json,579d8173c491bb16e1c3ea5cbfa3927f25eb9589d11d7eef3c95e0d9fb5e8380,593,artifacts/SUPERSEDED_FOR_THESIS/old_formal_88/route_status/R1:115774b6-534d-444f-b7aa-d1b834eb0ee7_17_7.json,ad01a7964de3f18ec24d559052caa64d85c37541cb62aa08a8ef18987362ff7d,571,old 300 R1 + frozen 300 R3 source route statuses,absolute_personal_path_redaction_only
${PROJECT_MSC_ROOT}/msc_thesis/main_system/isolated_workspaces/hourvideo_direct_api_eval300_v1/outputs/direct_v1_formal/direct_v1_2_3x16_r1_r3_eval300_formal_v1/route_status/R1:115774b6-534d-444f-b7aa-d1b834eb0ee7_1_1.json,066ca342f479fd2366b383c15eb968d0b120ef769e2c13c8eae5ace84d595c59,581,artifacts/SUPERSEDED_FOR_THESIS/old_formal_88/route_status/R1:115774b6-534d-444f-b7aa-d1b834eb0ee7_1_1.json,5fc260dc15857f6665f8fefebb9644e124a29e4bc1431d00e5770f34b96c9760,559,old 300 R1 + frozen 300 R3 source route statuses,absolute_personal_path_redaction_only
${PROJECT_MSC_ROOT}/msc_thesis/main_system/isolated_workspaces/hourvideo_direct_api_eval300_v1/outputs/direct_v1_formal/direct_v1_2_3x16_r1_r3_eval300_formal_v1/route_status/R1:115774b6-534d-444f-b7aa-d1b834eb0ee7_1_3.json,3ec7dcbfdb8ff4c55cd2ad31e9cf706e77d6c00db5036b015e53e925b4c2453f,592,artifacts/SUPERSEDED_FOR_THESIS/old_formal_88/route_status/R1:115774b6-534d-444f-b7aa-d1b834eb0ee7_1_3.json,480699e425d446aa0b93927fd8ad25a65af008b95a0551e8536f3f50379443d0,570,old 300 R1 + frozen 300 R3 source route statuses,absolute_personal_path_redaction_only
${PROJECT_MSC_ROOT}/msc_thesis/main_system/isolated_workspaces/hourvideo_direct_api_eval300_v1/outputs/direct_v1_formal/direct_v1_2_3x16_r1_r3_eval300_formal_v1/route_status/R1:115774b6-534d-444f-b7aa-d1b834eb0ee7_2_2.json,16d8c21e86caba5dbd2ecb05463b926f29deed934db0953a4edc3022d1e76ea3,592,artifacts/SUPERSEDED_FOR_THESIS/old_formal_88/route_status/R1:115774b6-534d-444f-b7aa-d1b834eb0ee7_2_2.json,5726b5eb6e3602b372a69b40545fa15f91e104ce1e27b46773b127b3d26109cf,570,old 300 R1 + frozen 300 R3 source route statuses,absolute_personal_path_redaction_only
${PROJECT_MSC_ROOT}/msc_thesis/main_system/isolated_workspaces/hourvideo_direct_api_eval300_v1/outputs/direct_v1_formal/direct_v1_2_3x16_r1_r3_eval300_formal_v1/route_status/R1:115774b6-534d-444f-b7aa-d1b834eb0ee7_2_4.json,855fdf7da3b19481b44aef1992ff9b0784e6be4b369ee37aa34e5e264de3ccdf,581,artifacts/SUPERSEDED_FOR_THESIS/old_formal_88/route_status/R1:115774b6-534d-444f-b7aa-d1b834eb0ee7_2_4.json,0cbdfbc1869f93f21ee37ee1a6e09911e387fafd94a4daa90e770f4ab268909a,559,old 300 R1 + frozen 300 R3 source route statuses,absolute_personal_path_redaction_only
${PROJECT_MSC_ROOT}/msc_thesis/main_system/isolated_workspaces/hourvideo_direct_api_eval300_v1/outputs/direct_v1_formal/direct_v1_2_3x16_r1_r3_eval300_formal_v1/route_status/R1:115774b6-534d-444f-b7aa-d1b834eb0ee7_3_21.json,12d9f75bed12cac67cd501b690469f57b81c4a29994cdd6b4fd2d7d63cf8061f,583,artifacts/SUPERSEDED_FOR_THESIS/old_formal_88/route_status/R1:115774b6-534d-444f-b7aa-d1b834eb0ee7_3_21.json,3b9e2b1fc085b182378319b5ecfc5baa53a570b6cc8ea1ae0305d63a3b035f1e,561,old 300 R1 + frozen 300 R3 source route statuses,absolute_personal_path_redaction_only
${PROJECT_MSC_ROOT}/msc_thesis/main_system/isolated_workspaces/hourvideo_direct_api_eval300_v1/outputs/direct_v1_formal/direct_v1_2_3x16_r1_r3_eval300_formal_v1/route_status/R1:115774b6-534d-444f-b7aa-d1b834eb0ee7_3_23.json,02623767c0136416072560444fd80041c6764e8488a558e44b6e6de16d4fc3dd,583,artifacts/SUPERSEDED_FOR_THESIS/old_formal_88/route_status/R1:115774b6-534d-444f-b7aa-d1b834eb0ee7_3_23.json,2c093cb5b09a7a11e5e13f95103dcd9718be64fab06154c9d63718f0e5c7d7d9,561,old 300 R1 + frozen 300 R3 source route statuses,absolute_personal_path_redaction_only
${PROJECT_MSC_ROOT}/msc_thesis/main_system/isolated_workspaces/hourvideo_direct_api_eval300_v1/outputs/direct_v1_formal/direct_v1_2_3x16_r1_r3_eval300_formal_v1/route_status/R1:115774b6-534d-444f-b7aa-d1b834eb0ee7_3_6.json,42fa7fb31e1b87eb161d646bc67785e526b550dc0015578afd439cdc39299152,583,artifacts/SUPERSEDED_FOR_THESIS/old_formal_88/route_status/R1:115774b6-534d-444f-b7aa-d1b834eb0ee7_3_6.json,3d900c99c35cc41fda9d259f3bbc1966c933e9aa822eaca0a060d3a2fd7245a9,561,old 300 R1 + frozen 300 R3 source route statuses,absolute_personal_path_redaction_only
${PROJECT_MSC_ROOT}/msc_thesis/main_system/isolated_workspaces/hourvideo_direct_api_eval300_v1/outputs/direct_v1_formal/direct_v1_2_3x16_r1_r3_eval300_formal_v1/route_status/R1:115774b6-534d-444f-b7aa-d1b834eb0ee7_4_1.json,523a2960d36cc36feff60737faae11cb2fbca6b52217e68be431606a6fb34476,580,artifacts/SUPERSEDED_FOR_THESIS/old_formal_88/route_status/R1:115774b6-534d-444f-b7aa-d1b834eb0ee7_4_1.json,33bf55a54778baf3045283b8231340494a29c7dbbca6d09abff42945cf442ed8,558,old 300 R1 + frozen 300 R3 source route statuses,absolute_personal_path_redaction_only
${PROJECT_MSC_ROOT}/msc_thesis/main_system/isolated_workspaces/hourvideo_direct_api_eval300_v1/outputs/direct_v1_formal/direct_v1_2_3x16_r1_r3_eval300_formal_v1/route_status/R1:115774b6-534d-444f-b7aa-d1b834eb0ee7_4_25.json,3b272519b368887c6210a747ca672935a14886ec12851ffee73f90da5e5172c3,594,artifacts/SUPERSEDED_FOR_THESIS/old_formal_88/route_status/R1:115774b6-534d-444f-b7aa-d1b834eb0ee7_4_25.json,8b8ed87bfa719277c949c8ee3983d41e9b3bbdca65cbaa739a883b93fbcea6b2,572,old 300 R1 + frozen 300 R3 source route statuses,absolute_personal_path_redaction_only
${PROJECT_MSC_ROOT}/msc_thesis/main_system/isolated_workspaces/hourvideo_direct_api_eval300_v1/outputs/direct_v1_formal/direct_v1_2_3x16_r1_r3_eval300_formal_v1/route_status/R1:115774b6-534d-444f-b7aa-d1b834eb0ee7_5_29.json,4e981ef1f6b577feb22baaa4d85b784bcbca3808cff5d75336eb765088f62f9d,593,artifacts/SUPERSEDED_FOR_THESIS/old_formal_88/route_status/R1:115774b6-534d-444f-b7aa-d1b834eb0ee7_5_29.json,f689d8c9a8ef7270750c8323343ae966e14afa8cdc28815430594b6d8eec612e,571,old 300 R1 + frozen 300 R3 source route statuses,absolute_personal_path_redaction_only
${PROJECT_MSC_ROOT}/msc_thesis/main_system/isolated_workspaces/hourvideo_direct_api_eval300_v1/outputs/direct_v1_formal/direct_v1_2_3x16_r1_r3_eval300_formal_v1/route_status/R1:115774b6-534d-444f-b7aa-d1b834eb0ee7_5_5.json,5728906a373a0337cfa552d0772c86d3d5385b974033e52ebbbb821a367b9036,581,artifacts/SUPERSEDED_FOR_THESIS/old_formal_88/route_status/R1:115774b6-534d-444f-b7aa-d1b834eb0ee7_5_5.json,987d58da84c7a958b858ebffbacbafd5fdb29b5c41b39737f2bbed4fbddd6a29,559,old 300 R1 + frozen 300 R3 source route statuses,absolute_personal_path_redaction_only
${PROJECT_MSC_ROOT}/msc_thesis/main_system/isolated_workspaces/hourvideo_direct_api_eval300_v1/outputs/direct_v1_formal/direct_v1_2_3x16_r1_r3_eval300_formal_v1/route_status/R1:115774b6-534d-444f-b7aa-d1b834eb0ee7_6_2.json,0408ad64811cc5efea7d151a9972b4462cec4468f529fc0f84060245df71e6cd,580,artifacts/SUPERSEDED_FOR_THESIS/old_formal_88/route_status/R1:115774b6-534d-444f-b7aa-d1b834eb0ee7_6_2.json,6df0c0481bfa84497cc249d92760cee0edf0aff21f8beb8052dfa8c724e3b91f,558,old 300 R1 + frozen 300 R3 source route statuses,absolute_personal_path_redaction_only
${PROJECT_MSC_ROOT}/msc_thesis/main_system/isolated_workspaces/hourvideo_direct_api_eval300_v1/outputs/direct_v1_formal/direct_v1_2_3x16_r1_r3_eval300_formal_v1/route_status/R1:115774b6-534d-444f-b7aa-d1b834eb0ee7_6_24.json,1d6e73b0e819424b14a7be8ddcdd86623c703753083ae4e33d4158e2083601b9,582,artifacts/SUPERSEDED_FOR_THESIS/old_formal_88/route_status/R1:115774b6-534d-444f-b7aa-d1b834eb0ee7_6_24.json,15bbc4ce04c90ff7f7b318c2cd8b16b2a29a2d555e7ee2eaf21ebaa815661c65,560,old 300 R1 + frozen 300 R3 source route statuses,absolute_personal_path_redaction_only
${PROJECT_MSC_ROOT}/msc_thesis/main_system/isolated_workspaces/hourvideo_direct_api_eval300_v1/outputs/direct_v1_formal/direct_v1_2_3x16_r1_r3_eval300_formal_v1/route_status/R1:115774b6-534d-444f-b7aa-d1b834eb0ee7_6_3.json,703cd87e7188709e4a1af5b9ee5dfbe14024b31bc37bc02554c1af57b1f06642,580,artifacts/SUPERSEDED_FOR_THESIS/old_formal_88/route_status/R1:115774b6-534d-444f-b7aa-d1b834eb0ee7_6_3.json,2941d421e92a10980c42fe8727870d44c81a7e29d2b564e1d20e8abe61f1494d,558,old 300 R1 + frozen 300 R3 source route statuses,absolute_personal_path_redaction_only
${PROJECT_MSC_ROOT}/msc_thesis/main_system/isolated_workspaces/hourvideo_direct_api_eval300_v1/outputs/direct_v1_formal/direct_v1_2_3x16_r1_r3_eval300_formal_v1/route_status/R1:115774b6-534d-444f-b7aa-d1b834eb0ee7_6_4.json,82ee2e5758a354d7a6efa6d8ed5cc1674ba4cc2ca423bf229cefd427f616d5a7,581,artifacts/SUPERSEDED_FOR_THESIS/old_formal_88/route_status/R1:115774b6-534d-444f-b7aa-d1b834eb0ee7_6_4.json,73274ea46665f067b43474f603e05e413f84c1bb20aba0b3a3c294c4efaf9a1f,559,old 300 R1 + frozen 300 R3 source route statuses,absolute_personal_path_redaction_only
${PROJECT_MSC_ROOT}/msc_thesis/main_system/isolated_workspaces/hourvideo_direct_api_eval300_v1/outputs/direct_v1_formal/direct_v1_2_3x16_r1_r3_eval300_formal_v1/route_status/R1:115774b6-534d-444f-b7aa-d1b834eb0ee7_7_10.json,72ba7aa61a6078b89694a5f3c0a672e44b6c6e80a168b820db9f615d22def75d,583,artifacts/SUPERSEDED_FOR_THESIS/old_formal_88/route_status/R1:115774b6-534d-444f-b7aa-d1b834eb0ee7_7_10.json,2282e7350b29a798abb2e5e8af921cc3661aa5826e37e5f5dee1a5105d50a588,561,old 300 R1 + frozen 300 R3 source route statuses,absolute_personal_path_redaction_only
${PROJECT_MSC_ROOT}/msc_thesis/main_system/isolated_workspaces/hourvideo_direct_api_eval300_v1/outputs/direct_v1_formal/direct_v1_2_3x16_r1_r3_eval300_formal_v1/route_status/R1:115774b6-534d-444f-b7aa-d1b834eb0ee7_7_22.json,c64525e40812863143585b5434deb27e32182ab2ec5ba6734e9f8a73bd08f1f0,594,artifacts/SUPERSEDED_FOR_THESIS/old_formal_88/route_status/R1:115774b6-534d-444f-b7aa-d1b834eb0ee7_7_22.json,fd99a9377eb1eeec7da07a85bda82411b7fd5f193827b670995762956a4d6c4b,572,old 300 R1 + frozen 300 R3 source route statuses,absolute_personal_path_redaction_only
${PROJECT_MSC_ROOT}/msc_thesis/main_system/isolated_workspaces/hourvideo_direct_api_eval300_v1/outputs/direct_v1_formal/direct_v1_2_3x16_r1_r3_eval300_formal_v1/route_status/R1:115774b6-534d-444f-b7aa-d1b834eb0ee7_8_13.json,89baca132e9d2152818929d668d921c8b31cad1699be8274ebbd7d30a8e26435,593,artifacts/SUPERSEDED_FOR_THESIS/old_formal_88/route_status/R1:115774b6-534d-444f-b7aa-d1b834eb0ee7_8_13.json,da66bf2583e5bde53abc0733501cc71a5d6eddc3fa444e5fece5244fc8694a9c,571,old 300 R1 + frozen 300 R3 source route statuses,absolute_personal_path_redaction_only
${PROJECT_MSC_ROOT}/msc_thesis/main_system/isolated_workspaces/hourvideo_direct_api_eval300_v1/outputs/direct_v1_formal/direct_v1_2_3x16_r1_r3_eval300_formal_v1/route_status/R1:115774b6-534d-444f-b7aa-d1b834eb0ee7_8_26.json,ed56148099eb4f6865f64b7c3b386dbc8f3b0eb5d484d3f852cfa744a6aa4a24,582,artifacts/SUPERSEDED_FOR_THESIS/old_formal_88/route_status/R1:115774b6-534d-444f-b7aa-d1b834eb0ee7_8_26.json,74bde743f28a450fc4e0f22c4ac23c8aeefd94023f928ae49df17ed8fe71222c,560,old 300 R1 + frozen 300 R3 source route statuses,absolute_personal_path_redaction_only
${PROJECT_MSC_ROOT}/msc_thesis/main_system/isolated_workspaces/hourvideo_direct_api_eval300_v1/outputs/direct_v1_formal/direct_v1_2_3x16_r1_r3_eval300_formal_v1/route_status/R1:115774b6-534d-444f-b7aa-d1b834eb0ee7_8_8.json,140c880e45bcff21f517961850c3525f1c42a8331500f01aef38cf89223f7aca,591,artifacts/SUPERSEDED_FOR_THESIS/old_formal_88/route_status/R1:115774b6-534d-444f-b7aa-d1b834eb0ee7_8_8.json,4d25b183a5001cee3c54ac6e2ac2eb4f788b38d05b75b644878a12e9fa6a42fa,569,old 300 R1 + frozen 300 R3 source route statuses,absolute_personal_path_redaction_only
${PROJECT_MSC_ROOT}/msc_thesis/main_system/isolated_workspaces/hourvideo_direct_api_eval300_v1/outputs/direct_v1_formal/direct_v1_2_3x16_r1_r3_eval300_formal_v1/route_status/R1:41a86310-2cc1-48f9-b5b5-6b495a95fbac_11_1.json,a9e0cc2cca6f8a8ff90b42b410ba85339d78897c7eab3e8066743350043867b6,583,artifacts/SUPERSEDED_FOR_THESIS/old_formal_88/route_status/R1:41a86310-2cc1-48f9-b5b5-6b495a95fbac_11_1.json,ee796e3c22857e3af83f69ab0c2b01b9c13106e93bf79e68a62c222f144d4e70,561,old 300 R1 + frozen 300 R3 source route statuses,absolute_personal_path_redaction_only
${PROJECT_MSC_ROOT}/msc_thesis/main_system/isolated_workspaces/hourvideo_direct_api_eval300_v1/outputs/direct_v1_formal/direct_v1_2_3x16_r1_r3_eval300_formal_v1/route_status/R1:41a86310-2cc1-48f9-b5b5-6b495a95fbac_11_19.json,d96929d5fe9045334d315af81ed79e0592bfa6d51c9a4ab7dd43ce8dfa434288,585,artifacts/SUPERSEDED_FOR_THESIS/old_formal_88/route_status/R1:41a86310-2cc1-48f9-b5b5-6b495a95fbac_11_19.json,681fdec1263b5a1445fec461318266e993a9e5a5a26d313ef68e90184f8adc85,563,old 300 R1 + frozen 300 R3 source route statuses,absolute_personal_path_redaction_only
${PROJECT_MSC_ROOT}/msc_thesis/main_system/isolated_workspaces/hourvideo_direct_api_eval300_v1/outputs/direct_v1_formal/direct_v1_2_3x16_r1_r3_eval300_formal_v1/route_status/R1:41a86310-2cc1-48f9-b5b5-6b495a95fbac_11_31.json,ac5892e88a48b53379bc5b2eb432f9852f1ca1221da91d17defaba1b68007713,585,artifacts/SUPERSEDED_FOR_THESIS/old_formal_88/route_status/R1:41a86310-2cc1-48f9-b5b5-6b495a95fbac_11_31.json,ceb50761543828ad804957e9f4abe0db4afa15d37f56224632bcb7d35d682c0e,563,old 300 R1 + frozen 300 R3 source route statuses,absolute_personal_path_redaction_only
${PROJECT_MSC_ROOT}/msc_thesis/main_system/isolated_workspaces/hourvideo_direct_api_eval300_v1/outputs/direct_v1_formal/direct_v1_2_3x16_r1_r3_eval300_formal_v1/route_status/R1:41a86310-2cc1-48f9-b5b5-6b495a95fbac_11_34.json,cbde5fb8dab9feeea688d638bad11039cd9238f7b331d64e5c98ea630b711920,586,artifacts/SUPERSEDED_FOR_THESIS/old_formal_88/route_status/R1:41a86310-2cc1-48f9-b5b5-6b495a95fbac_11_34.json,7033e5b600b075a8ae35e02223ff91d197140ad1960bf483eb8bf30be8f889d1,564,old 300 R1 + frozen 300 R3 source route statuses,absolute_personal_path_redaction_only
${PROJECT_MSC_ROOT}/msc_thesis/main_system/isolated_workspaces/hourvideo_direct_api_eval300_v1/outputs/direct_v1_formal/direct_v1_2_3x16_r1_r3_eval300_formal_v1/route_status/R1:41a86310-2cc1-48f9-b5b5-6b495a95fbac_11_4.json,b4d35a2d7c857b8ae5001f91aa7a0082c527d11503a3519b067bca9d2d671c69,583,artifacts/SUPERSEDED_FOR_THESIS/old_formal_88/route_status/R1:41a86310-2cc1-48f9-b5b5-6b495a95fbac_11_4.json,478e198da57056f15580f34c947b940191d2925f41295b3f3f8210f6ec87cfdf,561,old 300 R1 + frozen 300 R3 source route statuses,absolute_personal_path_redaction_only
${PROJECT_MSC_ROOT}/msc_thesis/main_system/isolated_workspaces/hourvideo_direct_api_eval300_v1/outputs/direct_v1_formal/direct_v1_2_3x16_r1_r3_eval300_formal_v1/route_status/R1:41a86310-2cc1-48f9-b5b5-6b495a95fbac_17_10.json,f53c4db74228c9226fe40f0bc89c1c0700ebe6ddf487f58c324050b318b953c3,585,artifacts/SUPERSEDED_FOR_THESIS/old_formal_88/route_status/R1:41a86310-2cc1-48f9-b5b5-6b495a95fbac_17_10.json,44afc615ed617f89568866c384a203248e28edd9012b62e11469affd6ccf7f29,563,old 300 R1 + frozen 300 R3 source route statuses,absolute_personal_path_redaction_only
${PROJECT_MSC_ROOT}/msc_thesis/main_system/isolated_workspaces/hourvideo_direct_api_eval300_v1/outputs/direct_v1_formal/direct_v1_2_3x16_r1_r3_eval300_formal_v1/route_status/R1:41a86310-2cc1-48f9-b5b5-6b495a95fbac_17_13.json,3984b8a0962523967f73e2a15f486847af4508ee7a635cf7b1c8aab882e02183,584,artifacts/SUPERSEDED_FOR_THESIS/old_formal_88/route_status/R1:41a86310-2cc1-48f9-b5b5-6b495a95fbac_17_13.json,4d22a5874f31cd17511a093356c7ab6d2e0029a3213573aaa869f4e929d503e0,562,old 300 R1 + frozen 300 R3 source route statuses,absolute_personal_path_redaction_only
${PROJECT_MSC_ROOT}/msc_thesis/main_system/isolated_workspaces/hourvideo_direct_api_eval300_v1/outputs/direct_v1_formal/direct_v1_2_3x16_r1_r3_eval300_formal_v1/route_status/R1:41a86310-2cc1-48f9-b5b5-6b495a95fbac_17_15.json,dc7ddd40e4f8fcac7c99f2d3e57529010fb14aa0fe6eaf088e1a18d79dbd9d1b,585,artifacts/SUPERSEDED_FOR_THESIS/old_formal_88/route_status/R1:41a86310-2cc1-48f9-b5b5-6b495a95fbac_17_15.json,c95b704d257a84be7337986531c22dabf38a4a1e51e89e7a3a25d31f8b576906,563,old 300 R1 + frozen 300 R3 source route statuses,absolute_personal_path_redaction_only
${PROJECT_MSC_ROOT}/msc_thesis/main_system/isolated_workspaces/hourvideo_direct_api_eval300_v1/outputs/direct_v1_formal/direct_v1_2_3x16_r1_r3_eval300_formal_v1/route_status/R1:41a86310-2cc1-48f9-b5b5-6b495a95fbac_17_2.json,511643aefa91a1d8798fbb3fe6dbbcd75047485d44aa567a662cd8f333c5527c,583,artifacts/SUPERSEDED_FOR_THESIS/old_formal_88/route_status/R1:41a86310-2cc1-48f9-b5b5-6b495a95fbac_17_2.json,2d56cab02212006c2225ae90b201e89426971fe5773f47dd3160ac858dccc162,561,old 300 R1 + frozen 300 R3 source route statuses,absolute_personal_path_redaction_only
${PROJECT_MSC_ROOT}/msc_thesis/main_system/isolated_workspaces/hourvideo_direct_api_eval300_v1/outputs/direct_v1_formal/direct_v1_2_3x16_r1_r3_eval300_formal_v1/route_status/R1:41a86310-2cc1-48f9-b5b5-6b495a95fbac_17_21.json,3789642092576c24edc9e1f266abe035dd35558fa0f980c91617b9ea25890db7,585,artifacts/SUPERSEDED_FOR_THESIS/old_formal_88/route_status/R1:41a86310-2cc1-48f9-b5b5-6b495a95fbac_17_21.json,e3a4a3fa3e04fe49815043bd6e158fd0bf7212872cbdff6d31ce02ab9614f723,563,old 300 R1 + frozen 300 R3 source route statuses,absolute_personal_path_redaction_only
${PROJECT_MSC_ROOT}/msc_thesis/main_system/isolated_workspaces/hourvideo_direct_api_eval300_v1/outputs/direct_v1_formal/direct_v1_2_3x16_r1_r3_eval300_formal_v1/route_status/R1:41a86310-2cc1-48f9-b5b5-6b495a95fbac_17_23.json,16ca02e5417931db81feb7b0b249e83894990346269b06dce9dc9f6148a29446,585,artifacts/SUPERSEDED_FOR_THESIS/old_formal_88/route_status/R1:41a86310-2cc1-48f9-b5b5-6b495a95fbac_17_23.json,f3220ff7353ebdba97df8427c7486c18058a2116063a7d114392accdcf477160,563,old 300 R1 + frozen 300 R3 source route statuses,absolute_personal_path_redaction_only
${PROJECT_MSC_ROOT}/msc_thesis/main_system/isolated_workspaces/hourvideo_direct_api_eval300_v1/outputs/direct_v1_formal/direct_v1_2_3x16_r1_r3_eval300_formal_v1/route_status/R1:41a86310-2cc1-48f9-b5b5-6b495a95fbac_17_26.json,ff2eebf6c08dfb199deec3977b4d889eb3afbd4d42fcaa8a322850d6f7351d54,585,artifacts/SUPERSEDED_FOR_THESIS/old_formal_88/route_status/R1:41a86310-2cc1-48f9-b5b5-6b495a95fbac_17_26.json,8d4c0029bcd054140928888ae88beca2c73a68f53c19480bdde45886ac1531ca,563,old 300 R1 + frozen 300 R3 source route statuses,absolute_personal_path_redaction_only
${PROJECT_MSC_ROOT}/msc_thesis/main_system/isolated_workspaces/hourvideo_direct_api_eval300_v1/outputs/direct_v1_formal/direct_v1_2_3x16_r1_r3_eval300_formal_v1/route_status/R1:41a86310-2cc1-48f9-b5b5-6b495a95fbac_17_33.json,4cea8498923b610c37c5cc0ffbd62d38df3d5699144f41867f6b25f8c944e13d,585,artifacts/SUPERSEDED_FOR_THESIS/old_formal_88/route_status/R1:41a86310-2cc1-48f9-b5b5-6b495a95fbac_17_33.json,7ea133a2e3fbcd992fdf657fc9d83b9ef7a6ed9c3ae177b3cf8cb32a8eda19db,563,old 300 R1 + frozen 300 R3 source route statuses,absolute_personal_path_redaction_only
${PROJECT_MSC_ROOT}/msc_thesis/main_system/isolated_workspaces/hourvideo_direct_api_eval300_v1/outputs/direct_v1_formal/direct_v1_2_3x16_r1_r3_eval300_formal_v1/route_status/R1:41a86310-2cc1-48f9-b5b5-6b495a95fbac_17_38.json,cfec3624b802a1a593b7ea573f296a9368e48e6d48c06f1549478b59bc4b0acd,585,artifacts/SUPERSEDED_FOR_THESIS/old_formal_88/route_status/R1:41a86310-2cc1-48f9-b5b5-6b495a95fbac_17_38.json,06a8cef66a16db0f1742843dd3b49d1aa7a22c15dbc16dedb2c083d59ae10b07,563,old 300 R1 + frozen 300 R3 source route statuses,absolute_personal_path_redaction_only
${PROJECT_MSC_ROOT}/msc_thesis/main_system/isolated_workspaces/hourvideo_direct_api_eval300_v1/outputs/direct_v1_formal/direct_v1_2_3x16_r1_r3_eval300_formal_v1/route_status/R1:41a86310-2cc1-48f9-b5b5-6b495a95fbac_23_8.json,02f8364c19779f12b6cc581a9e0e2731f849dbc16413b62f627762ba0fae3658,594,artifacts/SUPERSEDED_FOR_THESIS/old_formal_88/route_status/R1:41a86310-2cc1-48f9-b5b5-6b495a95fbac_23_8.json,bf44e95f0a0ac0f367d79d8dd1e440f95e244c9b48eb1eb2700eb37939535418,572,old 300 R1 + frozen 300 R3 source route statuses,absolute_personal_path_redaction_only
${PROJECT_MSC_ROOT}/msc_thesis/main_system/isolated_workspaces/hourvideo_direct_api_eval300_v1/outputs/direct_v1_formal/direct_v1_2_3x16_r1_r3_eval300_formal_v1/route_status/R1:41a86310-2cc1-48f9-b5b5-6b495a95fbac_4_25.json,86a65e268608645bb9c220ac150ea9df8eba5e9152206a52c296909a6965e0e0,583,artifacts/SUPERSEDED_FOR_THESIS/old_formal_88/route_status/R1:41a86310-2cc1-48f9-b5b5-6b495a95fbac_4_25.json,51132d1142b7814b1744724509d3c5c94fc95c0af7fdd4b6311105cd93795841,561,old 300 R1 + frozen 300 R3 source route statuses,absolute_personal_path_redaction_only
${PROJECT_MSC_ROOT}/msc_thesis/main_system/isolated_workspaces/hourvideo_direct_api_eval300_v1/outputs/direct_v1_formal/direct_v1_2_3x16_r1_r3_eval300_formal_v1/route_status/R1:41a86310-2cc1-48f9-b5b5-6b495a95fbac_5_20.json,a9ed3cae63eef696ddc668727bf6192c814dd6d684bc3c82334394cec0020a03,583,artifacts/SUPERSEDED_FOR_THESIS/old_formal_88/route_status/R1:41a86310-2cc1-48f9-b5b5-6b495a95fbac_5_20.json,cf3b3c4582c8968e180c814b853cf437708d8fa59bd8830d71a1c97cc7bbd68b,561,old 300 R1 + frozen 300 R3 source route statuses,absolute_personal_path_redaction_only
${PROJECT_MSC_ROOT}/msc_thesis/main_system/isolated_workspaces/hourvideo_direct_api_eval300_v1/outputs/direct_v1_formal/direct_v1_2_3x16_r1_r3_eval300_formal_v1/route_status/R1:41a86310-2cc1-48f9-b5b5-6b495a95fbac_6_14.json,6ec5088655720681d41e4941d75b521115e4dc446a175a95889aaaf6c8f22446,583,artifacts/SUPERSEDED_FOR_THESIS/old_formal_88/route_status/R1:41a86310-2cc1-48f9-b5b5-6b495a95fbac_6_14.json,4dcd9299ed792181a742b3db453f61b903a191ff6d1b07bb5d207ec5b2131997,561,old 300 R1 + frozen 300 R3 source route statuses,absolute_personal_path_redaction_only
${PROJECT_MSC_ROOT}/msc_thesis/main_system/isolated_workspaces/hourvideo_direct_api_eval300_v1/outputs/direct_v1_formal/direct_v1_2_3x16_r1_r3_eval300_formal_v1/route_status/R1:41a86310-2cc1-48f9-b5b5-6b495a95fbac_6_24.json,ac353b41aaa7c421a744bf16c0a32edb53229236af58a903ca4ab95e742e29a1,582,artifacts/SUPERSEDED_FOR_THESIS/old_formal_88/route_status/R1:41a86310-2cc1-48f9-b5b5-6b495a95fbac_6_24.json,dc15aa4b280a7aff7c7645aa5544a2f19abe4480b07f8c564fac12c0a7274f40,560,old 300 R1 + frozen 300 R3 source route statuses,absolute_personal_path_redaction_only
${PROJECT_MSC_ROOT}/msc_thesis/main_system/isolated_workspaces/hourvideo_direct_api_eval300_v1/outputs/direct_v1_formal/direct_v1_2_3x16_r1_r3_eval300_formal_v1/route_status/R1:41a86310-2cc1-48f9-b5b5-6b495a95fbac_6_27.json,4a142bab5dd5abe9af1cf6a9d0d7ab7689f7d12a9f853a2bf7c2db6a601d3319,582,artifacts/SUPERSEDED_FOR_THESIS/old_formal_88/route_status/R1:41a86310-2cc1-48f9-b5b5-6b495a95fbac_6_27.json,932ba89e1f806ac6177815bc2711618610cd4429d9a42069650196a2567b23c8,560,old 300 R1 + frozen 300 R3 source route statuses,absolute_personal_path_redaction_only
${PROJECT_MSC_ROOT}/msc_thesis/main_system/isolated_workspaces/hourvideo_direct_api_eval300_v1/outputs/direct_v1_formal/direct_v1_2_3x16_r1_r3_eval300_formal_v1/route_status/R1:41a86310-2cc1-48f9-b5b5-6b495a95fbac_6_32.json,4cf9d296560ac52dfe4c879f6b4bd4e511b95030cf8b30313c10a95845292a41,583,artifacts/SUPERSEDED_FOR_THESIS/old_formal_88/route_status/R1:41a86310-2cc1-48f9-b5b5-6b495a95fbac_6_32.json,5f47e12914041b76156fb6ff30bd91cccfb630fa9c63b086b1d9b06317dbe7f5,561,old 300 R1 + frozen 300 R3 source route statuses,absolute_personal_path_redaction_only
${PROJECT_MSC_ROOT}/msc_thesis/main_system/isolated_workspaces/hourvideo_direct_api_eval300_v1/outputs/direct_v1_formal/direct_v1_2_3x16_r1_r3_eval300_formal_v1/route_status/R1:41a86310-2cc1-48f9-b5b5-6b495a95fbac_7_17.json,e76429dc218e5b53e3aeea71ba50a1f694facc190e3c9d696fe32d952c10c1eb,594,artifacts/SUPERSEDED_FOR_THESIS/old_formal_88/route_status/R1:41a86310-2cc1-48f9-b5b5-6b495a95fbac_7_17.json,04280b3940d784eb674fb98be0161d0b0bc6ccc2b14619d379cf46f56d672d8d,572,old 300 R1 + frozen 300 R3 source route statuses,absolute_personal_path_redaction_only
${PROJECT_MSC_ROOT}/msc_thesis/main_system/isolated_workspaces/hourvideo_direct_api_eval300_v1/outputs/direct_v1_formal/direct_v1_2_3x16_r1_r3_eval300_formal_v1/route_status/R1:41a86310-2cc1-48f9-b5b5-6b495a95fbac_7_39.json,abe27becabf0cd41c1d547f20a30432c7a7d13bd9efddb1a52aeb7534b629666,594,artifacts/SUPERSEDED_FOR_THESIS/old_formal_88/route_status/R1:41a86310-2cc1-48f9-b5b5-6b495a95fbac_7_39.json,85dc9fcc2866df433f879ee348a63c492068427027e3c2217ba465e42990bd9b,572,old 300 R1 + frozen 300 R3 source route statuses,absolute_personal_path_redaction_only
${PROJECT_MSC_ROOT}/msc_thesis/main_system/isolated_workspaces/hourvideo_direct_api_eval300_v1/outputs/direct_v1_formal/direct_v1_2_3x16_r1_r3_eval300_formal_v1/route_status/R1:41a86310-2cc1-48f9-b5b5-6b495a95fbac_8_11.json,e352582cb74ac506e74b4b3e457e34950e38a919e5d012236214126a83275791,583,artifacts/SUPERSEDED_FOR_THESIS/old_formal_88/route_status/R1:41a86310-2cc1-48f9-b5b5-6b495a95fbac_8_11.json,ed800babae09ca8668faf357fb66296bd6140bff557cf260ab60c29e7d9b8edc,561,old 300 R1 + frozen 300 R3 source route statuses,absolute_personal_path_redaction_only
${PROJECT_MSC_ROOT}/msc_thesis/main_system/isolated_workspaces/hourvideo_direct_api_eval300_v1/outputs/direct_v1_formal/direct_v1_2_3x16_r1_r3_eval300_formal_v1/route_status/R1:41a86310-2cc1-48f9-b5b5-6b495a95fbac_8_22.json,1e54172b11da410d33317fb532640381723f5c48babb52a4d8f7336f51f83b93,583,artifacts/SUPERSEDED_FOR_THESIS/old_formal_88/route_status/R1:41a86310-2cc1-48f9-b5b5-6b495a95fbac_8_22.json,97c35f6b89feac74aa9b9201647de829315ec535d0af6107d4e53c97de567287,561,old 300 R1 + frozen 300 R3 source route statuses,absolute_personal_path_redaction_only
${PROJECT_MSC_ROOT}/msc_thesis/main_system/isolated_workspaces/hourvideo_direct_api_eval300_v1/outputs/direct_v1_formal/direct_v1_2_3x16_r1_r3_eval300_formal_v1/route_status/R1:4572b198-2c1c-4920-bcf0-95fcebe12261_13_1.json,a560e6194f2a6305532bb4740823ebb7c9f1dc314fa493d2e251eb78b9463afc,583,artifacts/SUPERSEDED_FOR_THESIS/old_formal_88/route_status/R1:4572b198-2c1c-4920-bcf0-95fcebe12261_13_1.json,ba63af567abc7244c38b426f6102cf20bc6ed9b03bc4bd877e018ed55bf58a0c,561,old 300 R1 + frozen 300 R3 source route statuses,absolute_personal_path_redaction_only
${PROJECT_MSC_ROOT}/msc_thesis/main_system/isolated_workspaces/hourvideo_direct_api_eval300_v1/outputs/direct_v1_formal/direct_v1_2_3x16_r1_r3_eval300_formal_v1/route_status/R1:4572b198-2c1c-4920-bcf0-95fcebe12261_15_1.json,de988a60cd273a411b9035504aa9bc428739ee5240e4814a0592005f26514330,593,artifacts/SUPERSEDED_FOR_THESIS/old_formal_88/route_status/R1:4572b198-2c1c-4920-bcf0-95fcebe12261_15_1.json,af3876c8358ad39bf45d1e079873b5b1d56336bd3c40ad30b271acaf05303930,571,old 300 R1 + frozen 300 R3 source route statuses,absolute_personal_path_redaction_only
${PROJECT_MSC_ROOT}/msc_thesis/main_system/isolated_workspaces/hourvideo_direct_api_eval300_v1/outputs/direct_v1_formal/direct_v1_2_3x16_r1_r3_eval300_formal_v1/route_status/R1:4572b198-2c1c-4920-bcf0-95fcebe12261_17_10.json,19dbdb92dd8f5f405a7034400e12e7dea2dafc132a78a08a30d6fb2e9749449d,585,artifacts/SUPERSEDED_FOR_THESIS/old_formal_88/route_status/R1:4572b198-2c1c-4920-bcf0-95fcebe12261_17_10.json,a80bf08c267ff9543f920c691867e04370b09f062c50731212257e44dedd57c6,563,old 300 R1 + frozen 300 R3 source route statuses,absolute_personal_path_redaction_only
${PROJECT_MSC_ROOT}/msc_thesis/main_system/isolated_workspaces/hourvideo_direct_api_eval300_v1/outputs/direct_v1_formal/direct_v1_2_3x16_r1_r3_eval300_formal_v1/route_status/R1:4572b198-2c1c-4920-bcf0-95fcebe12261_17_14.json,6ca9fe8195817bafb1a4898a573f9e5ae4aba5c020dc51763777f14c6e576ceb,584,artifacts/SUPERSEDED_FOR_THESIS/old_formal_88/route_status/R1:4572b198-2c1c-4920-bcf0-95fcebe12261_17_14.json,7c2e1cf810aab0ab8c7f1ebd954178eb0e8d2cfbd08683cbd9559630a16b5e44,562,old 300 R1 + frozen 300 R3 source route statuses,absolute_personal_path_redaction_only
${PROJECT_MSC_ROOT}/msc_thesis/main_system/isolated_workspaces/hourvideo_direct_api_eval300_v1/outputs/direct_v1_formal/direct_v1_2_3x16_r1_r3_eval300_formal_v1/route_status/R1:4572b198-2c1c-4920-bcf0-95fcebe12261_17_15.json,7ae98b5929645a72a3a3495b68ff698036b179d3612102719a0b2e27029102f2,584,artifacts/SUPERSEDED_FOR_THESIS/old_formal_88/route_status/R1:4572b198-2c1c-4920-bcf0-95fcebe12261_17_15.json,16b28ed9dbd9c0d55d59bb0d54abb35f4ce4b5199846e9da3d6d53b58d89eba3,562,old 300 R1 + frozen 300 R3 source route statuses,absolute_personal_path_redaction_only
${PROJECT_MSC_ROOT}/msc_thesis/main_system/isolated_workspaces/hourvideo_direct_api_eval300_v1/outputs/direct_v1_formal/direct_v1_2_3x16_r1_r3_eval300_formal_v1/route_status/R1:4572b198-2c1c-4920-bcf0-95fcebe12261_17_17.json,0834bf5dd9bbe4c660ffc8c782258fadbd298da02f1303ebe72a2ecd50ec5a96,584,artifacts/SUPERSEDED_FOR_THESIS/old_formal_88/route_status/R1:4572b198-2c1c-4920-bcf0-95fcebe12261_17_17.json,c6567735c5018d7e3986336516b84d7b3979103a7c5e183320421e0e27817c8a,562,old 300 R1 + frozen 300 R3 source route statuses,absolute_personal_path_redaction_only
${PROJECT_MSC_ROOT}/msc_thesis/main_system/isolated_workspaces/hourvideo_direct_api_eval300_v1/outputs/direct_v1_formal/direct_v1_2_3x16_r1_r3_eval300_formal_v1/route_status/R1:4572b198-2c1c-4920-bcf0-95fcebe12261_17_25.json,bb8315d47a42a4a5fe31c9214585357aa6f1209d0acc04b1173b1f5d79d103c3,585,artifacts/SUPERSEDED_FOR_THESIS/old_formal_88/route_status/R1:4572b198-2c1c-4920-bcf0-95fcebe12261_17_25.json,63015b7a94197dc102834dfe9b69e9fb9cd9c7b6e087c403d457e2bfc1e95548,563,old 300 R1 + frozen 300 R3 source route statuses,absolute_personal_path_redaction_only
${PROJECT_MSC_ROOT}/msc_thesis/main_system/isolated_workspaces/hourvideo_direct_api_eval300_v1/outputs/direct_v1_formal/direct_v1_2_3x16_r1_r3_eval300_formal_v1/route_status/R1:4572b198-2c1c-4920-bcf0-95fcebe12261_17_26.json,cd1b32e8e96ae078af08104ca6f5acf203ce0e67993b5714519995b0537eee1f,584,artifacts/SUPERSEDED_FOR_THESIS/old_formal_88/route_status/R1:4572b198-2c1c-4920-bcf0-95fcebe12261_17_26.json,04f00265841843e4214521fcc25b4799084f38a4d8f76acdcf664cd84f0752c6,562,old 300 R1 + frozen 300 R3 source route statuses,absolute_personal_path_redaction_only
${PROJECT_MSC_ROOT}/msc_thesis/main_system/isolated_workspaces/hourvideo_direct_api_eval300_v1/outputs/direct_v1_formal/direct_v1_2_3x16_r1_r3_eval300_formal_v1/route_status/R1:4572b198-2c1c-4920-bcf0-95fcebe12261_17_29.json,81e6548cecaf6ba4de621c874545818ca5025156555c54adc36d395845dec5a4,585,artifacts/SUPERSEDED_FOR_THESIS/old_formal_88/route_status/R1:4572b198-2c1c-4920-bcf0-95fcebe12261_17_29.json,da6b4301e20eefc8e784f92f37cf4747c8da0ca579d8a8b199a6e357b2c7c5a7,563,old 300 R1 + frozen 300 R3 source route statuses,absolute_personal_path_redaction_only
${PROJECT_MSC_ROOT}/msc_thesis/main_system/isolated_workspaces/hourvideo_direct_api_eval300_v1/outputs/direct_v1_formal/direct_v1_2_3x16_r1_r3_eval300_formal_v1/route_status/R1:4572b198-2c1c-4920-bcf0-95fcebe12261_17_39.json,6733cbc69ae5043d9285d2a74cf2ce1f52d64044bcaed4d435311b8b8a40c1f8,585,artifacts/SUPERSEDED_FOR_THESIS/old_formal_88/route_status/R1:4572b198-2c1c-4920-bcf0-95fcebe12261_17_39.json,a3218c0b133de6a33b95fffe8422914ff05656b722718c4dd0fac0d0cdad1781,563,old 300 R1 + frozen 300 R3 source route statuses,absolute_personal_path_redaction_only
${PROJECT_MSC_ROOT}/msc_thesis/main_system/isolated_workspaces/hourvideo_direct_api_eval300_v1/outputs/direct_v1_formal/direct_v1_2_3x16_r1_r3_eval300_formal_v1/route_status/R1:4572b198-2c1c-4920-bcf0-95fcebe12261_2_1.json,12e4e7a8c8d1ba231bf5dacdf03cfe136b7d4fbf68ca746bc5a7cbdab238124e,580,artifacts/SUPERSEDED_FOR_THESIS/old_formal_88/route_status/R1:4572b198-2c1c-4920-bcf0-95fcebe12261_2_1.json,dffc681db0db2a1cae4d9758440047e84a891545ab378b7217be4dc72e2d9d36,558,old 300 R1 + frozen 300 R3 source route statuses,absolute_personal_path_redaction_only
${PROJECT_MSC_ROOT}/msc_thesis/main_system/isolated_workspaces/hourvideo_direct_api_eval300_v1/outputs/direct_v1_formal/direct_v1_2_3x16_r1_r3_eval300_formal_v1/route_status/R1:4572b198-2c1c-4920-bcf0-95fcebe12261_3_21.json,a7cd849384244b4d90db4cd389a8c04f0b16d2858f3f40c00e91f18f7b3ac908,585,artifacts/SUPERSEDED_FOR_THESIS/old_formal_88/route_status/R1:4572b198-2c1c-4920-bcf0-95fcebe12261_3_21.json,aaa2d8666456c9765757fbf6795399dc8395720b682bcc227b87ee634d826e40,563,old 300 R1 + frozen 300 R3 source route statuses,absolute_personal_path_redaction_only
${PROJECT_MSC_ROOT}/msc_thesis/main_system/isolated_workspaces/hourvideo_direct_api_eval300_v1/outputs/direct_v1_formal/direct_v1_2_3x16_r1_r3_eval300_formal_v1/route_status/R1:4572b198-2c1c-4920-bcf0-95fcebe12261_4_20.json,2e3d5e3190d23c527c57ce99e4361fdb21692e6897ff494d0bea825742340276,594,artifacts/SUPERSEDED_FOR_THESIS/old_formal_88/route_status/R1:4572b198-2c1c-4920-bcf0-95fcebe12261_4_20.json,776192590339ac6e52ce10f25ef4200565e5ab7d03ab927ae2e5d7796fc01bc3,572,old 300 R1 + frozen 300 R3 source route statuses,absolute_personal_path_redaction_only
${PROJECT_MSC_ROOT}/msc_thesis/main_system/isolated_workspaces/hourvideo_direct_api_eval300_v1/outputs/direct_v1_formal/direct_v1_2_3x16_r1_r3_eval300_formal_v1/route_status/R1:4572b198-2c1c-4920-bcf0-95fcebe12261_4_23.json,02d899d02b0631ab8a499c5318eec25e26b870c96b10ef616ccc0c6a7d9b5e56,584,artifacts/SUPERSEDED_FOR_THESIS/old_formal_88/route_status/R1:4572b198-2c1c-4920-bcf0-95fcebe12261_4_23.json,75478a7a1794c787b87bd742cabf63a4ab98d463832a7911011db8227fee2b22,562,old 300 R1 + frozen 300 R3 source route statuses,absolute_personal_path_redaction_only
${PROJECT_MSC_ROOT}/msc_thesis/main_system/isolated_workspaces/hourvideo_direct_api_eval300_v1/outputs/direct_v1_formal/direct_v1_2_3x16_r1_r3_eval300_formal_v1/route_status/R1:4572b198-2c1c-4920-bcf0-95fcebe12261_4_28.json,6e453ea4132526221f36edd1ba4a53805f52de1db070f20c02f76c013322582a,583,artifacts/SUPERSEDED_FOR_THESIS/old_formal_88/route_status/R1:4572b198-2c1c-4920-bcf0-95fcebe12261_4_28.json,f757e0064063b9e82db99db125f148e8821db27c22f9a386d2353e72e8cb6e00,561,old 300 R1 + frozen 300 R3 source route statuses,absolute_personal_path_redaction_only
${PROJECT_MSC_ROOT}/msc_thesis/main_system/isolated_workspaces/hourvideo_direct_api_eval300_v1/outputs/direct_v1_formal/direct_v1_2_3x16_r1_r3_eval300_formal_v1/route_status/R1:4572b198-2c1c-4920-bcf0-95fcebe12261_4_3.json,ba3a4c9126c27615ef5b2691f57cfd21f230acf71afbb681a8b1087a814e3188,592,artifacts/SUPERSEDED_FOR_THESIS/old_formal_88/route_status/R1:4572b198-2c1c-4920-bcf0-95fcebe12261_4_3.json,d2d2d6d1f73c10705942216f7b7b3df54b48e7544d86edb70948ba551539a7c0,570,old 300 R1 + frozen 300 R3 source route statuses,absolute_personal_path_redaction_only
${PROJECT_MSC_ROOT}/msc_thesis/main_system/isolated_workspaces/hourvideo_direct_api_eval300_v1/outputs/direct_v1_formal/direct_v1_2_3x16_r1_r3_eval300_formal_v1/route_status/R1:4572b198-2c1c-4920-bcf0-95fcebe12261_4_40.json,4ab97ef7ad60626f18b0287d9108156995e07ee21f423b8fb181414e7ac414c7,593,artifacts/SUPERSEDED_FOR_THESIS/old_formal_88/route_status/R1:4572b198-2c1c-4920-bcf0-95fcebe12261_4_40.json,bcdd80fc628653212aa438ab9bc729b7bba2a8aca721767883ce0431b9638f86,571,old 300 R1 + frozen 300 R3 source route statuses,absolute_personal_path_redaction_only
${PROJECT_MSC_ROOT}/msc_thesis/main_system/isolated_workspaces/hourvideo_direct_api_eval300_v1/outputs/direct_v1_formal/direct_v1_2_3x16_r1_r3_eval300_formal_v1/route_status/R1:4572b198-2c1c-4920-bcf0-95fcebe12261_5_11.json,9b7e1ba71d7d83fa5fceef5b53102065fd78cad81e11022ac6e42b2aedb6cb02,594,artifacts/SUPERSEDED_FOR_THESIS/old_formal_88/route_status/R1:4572b198-2c1c-4920-bcf0-95fcebe12261_5_11.json,40bcf5ebd6baac04fdc357dd0a007f1c6968a813b1cc0f7d48d864a5ad4e4b57,572,old 300 R1 + frozen 300 R3 source route statuses,absolute_personal_path_redaction_only
${PROJECT_MSC_ROOT}/msc_thesis/main_system/isolated_workspaces/hourvideo_direct_api_eval300_v1/outputs/direct_v1_formal/direct_v1_2_3x16_r1_r3_eval300_formal_v1/route_status/R1:4572b198-2c1c-4920-bcf0-95fcebe12261_6_22.json,4d7a93102aff631303eb926dbcfef33b244718834af28cc857509b70a9b06749,583,artifacts/SUPERSEDED_FOR_THESIS/old_formal_88/route_status/R1:4572b198-2c1c-4920-bcf0-95fcebe12261_6_22.json,d9504434c2642943a1f7bb3bf384637dcdf4fefb645e54846ecc01b4b1e867c3,561,old 300 R1 + frozen 300 R3 source route statuses,absolute_personal_path_redaction_only
${PROJECT_MSC_ROOT}/msc_thesis/main_system/isolated_workspaces/hourvideo_direct_api_eval300_v1/outputs/direct_v1_formal/direct_v1_2_3x16_r1_r3_eval300_formal_v1/route_status/R1:4572b198-2c1c-4920-bcf0-95fcebe12261_6_24.json,02353c4e36a9bb559bafd7c0348ba528d0b905f29be5a7fde9b5c997b1e3cf9f,582,artifacts/SUPERSEDED_FOR_THESIS/old_formal_88/route_status/R1:4572b198-2c1c-4920-bcf0-95fcebe12261_6_24.json,33f24e512dc3ce02295190ae346a4449e43a41a222c55de833949bcd1f05e814,560,old 300 R1 + frozen 300 R3 source route statuses,absolute_personal_path_redaction_only
${PROJECT_MSC_ROOT}/msc_thesis/main_system/isolated_workspaces/hourvideo_direct_api_eval300_v1/outputs/direct_v1_formal/direct_v1_2_3x16_r1_r3_eval300_formal_v1/route_status/R1:4572b198-2c1c-4920-bcf0-95fcebe12261_6_7.json,5604d837147bc21fe19c3de5a1602c59becfb8e4ceab00ca32855193a7d9314a,581,artifacts/SUPERSEDED_FOR_THESIS/old_formal_88/route_status/R1:4572b198-2c1c-4920-bcf0-95fcebe12261_6_7.json,553262a363812525ceec03a4b991a6b7bc52f8837ca976dfb1bf405273385c56,559,old 300 R1 + frozen 300 R3 source route statuses,absolute_personal_path_redaction_only
${PROJECT_MSC_ROOT}/msc_thesis/main_system/isolated_workspaces/hourvideo_direct_api_eval300_v1/outputs/direct_v1_formal/direct_v1_2_3x16_r1_r3_eval300_formal_v1/route_status/R1:4572b198-2c1c-4920-bcf0-95fcebe12261_7_32.json,be0b160ebc79e14dc59a4eaa1dcbbf3c704e684d4efb878d31f241f209eac75d,582,artifacts/SUPERSEDED_FOR_THESIS/old_formal_88/route_status/R1:4572b198-2c1c-4920-bcf0-95fcebe12261_7_32.json,abd92da5eeee820b934fb327e3f4693d0a3e5ca105e50c0fe5af0b6c239899e9,560,old 300 R1 + frozen 300 R3 source route statuses,absolute_personal_path_redaction_only
${PROJECT_MSC_ROOT}/msc_thesis/main_system/isolated_workspaces/hourvideo_direct_api_eval300_v1/outputs/direct_v1_formal/direct_v1_2_3x16_r1_r3_eval300_formal_v1/route_status/R1:4572b198-2c1c-4920-bcf0-95fcebe12261_7_5.json,a4044b2fe4a7b48a39b2fa074d7cd395ea62d5a9331eeb75cc28fa0213408d3d,591,artifacts/SUPERSEDED_FOR_THESIS/old_formal_88/route_status/R1:4572b198-2c1c-4920-bcf0-95fcebe12261_7_5.json,557e7c27a792c1e5997af8f264c562fa0aaccf2ed9714161730630130c41c869,569,old 300 R1 + frozen 300 R3 source route statuses,absolute_personal_path_redaction_only
${PROJECT_MSC_ROOT}/msc_thesis/main_system/isolated_workspaces/hourvideo_direct_api_eval300_v1/outputs/direct_v1_formal/direct_v1_2_3x16_r1_r3_eval300_formal_v1/route_status/R1:4572b198-2c1c-4920-bcf0-95fcebe12261_8_13.json,224eb3f2406a85dc646450e2baac2bfe2d70f882c2e1897cba2717234089996c,593,artifacts/SUPERSEDED_FOR_THESIS/old_formal_88/route_status/R1:4572b198-2c1c-4920-bcf0-95fcebe12261_8_13.json,cba9a94e68d43dc50f9d71818e33468569b0769c71befce5e749ada0a1e49d2f,571,old 300 R1 + frozen 300 R3 source route statuses,absolute_personal_path_redaction_only
${PROJECT_MSC_ROOT}/msc_thesis/main_system/isolated_workspaces/hourvideo_direct_api_eval300_v1/outputs/direct_v1_formal/direct_v1_2_3x16_r1_r3_eval300_formal_v1/route_status/R1:4572b198-2c1c-4920-bcf0-95fcebe12261_8_34.json,0cc95db2bdd4427fa665db7f96d25cf7975888ea71535ca7fa098f2b33021c34,593,artifacts/SUPERSEDED_FOR_THESIS/old_formal_88/route_status/R1:4572b198-2c1c-4920-bcf0-95fcebe12261_8_34.json,1fc0706be3e64c15752bcf48d984b962256effbae298c7b5103bb6f2366a972a,571,old 300 R1 + frozen 300 R3 source route statuses,absolute_personal_path_redaction_only
${PROJECT_MSC_ROOT}/msc_thesis/main_system/isolated_workspaces/hourvideo_direct_api_eval300_v1/outputs/direct_v1_formal/direct_v1_2_3x16_r1_r3_eval300_formal_v1/route_status/R1:6fd90f8d-7a4d-425d-a812-3268db0b0342_11_29.json,7b9b8c6ba3f7d07003329335ca101b83da24541018b164bf56b24e5f8b973219,585,artifacts/SUPERSEDED_FOR_THESIS/old_formal_88/route_status/R1:6fd90f8d-7a4d-425d-a812-3268db0b0342_11_29.json,7f90ce83f08033fdf7a219f09307e170e5e071021d73f89a3a9cabd0066dbc5f,563,old 300 R1 + frozen 300 R3 source route statuses,absolute_personal_path_redaction_only
${PROJECT_MSC_ROOT}/msc_thesis/main_system/isolated_workspaces/hourvideo_direct_api_eval300_v1/outputs/direct_v1_formal/direct_v1_2_3x16_r1_r3_eval300_formal_v1/route_status/R1:6fd90f8d-7a4d-425d-a812-3268db0b0342_12_28.json,e2ee9822153fc279fe45bd8ec233e73deb17ad6c840562efb526e549bb00658a,595,artifacts/SUPERSEDED_FOR_THESIS/old_formal_88/route_status/R1:6fd90f8d-7a4d-425d-a812-3268db0b0342_12_28.json,22d6a25039ea5e248ba528e350bcf921a2000c96f73634c45ffc06477f9b0b81,573,old 300 R1 + frozen 300 R3 source route statuses,absolute_personal_path_redaction_only
${PROJECT_MSC_ROOT}/msc_thesis/main_system/isolated_workspaces/hourvideo_direct_api_eval300_v1/outputs/direct_v1_formal/direct_v1_2_3x16_r1_r3_eval300_formal_v1/route_status/R1:6fd90f8d-7a4d-425d-a812-3268db0b0342_13_2.json,49e587ad9acfcf2b43104e1c059ebbb0063ae9414f4586ec4b5f5c6abafc3459,583,artifacts/SUPERSEDED_FOR_THESIS/old_formal_88/route_status/R1:6fd90f8d-7a4d-425d-a812-3268db0b0342_13_2.json,baccd6545b824bf9c98dbbb99a5c81c0354e1272622342c531102175cc7a454e,561,old 300 R1 + frozen 300 R3 source route statuses,absolute_personal_path_redaction_only
${PROJECT_MSC_ROOT}/msc_thesis/main_system/isolated_workspaces/hourvideo_direct_api_eval300_v1/outputs/direct_v1_formal/direct_v1_2_3x16_r1_r3_eval300_formal_v1/route_status/R1:6fd90f8d-7a4d-425d-a812-3268db0b0342_14_3.json,cfbd1be026c41be8ccaed06e339ec4aecc9b4db53851477e477b14689306d1d7,592,artifacts/SUPERSEDED_FOR_THESIS/old_formal_88/route_status/R1:6fd90f8d-7a4d-425d-a812-3268db0b0342_14_3.json,fce64da43e8414e60e649e5fb7160a0d2c26f32c56e103e6329fae00c69d751f,570,old 300 R1 + frozen 300 R3 source route statuses,absolute_personal_path_redaction_only
${PROJECT_MSC_ROOT}/msc_thesis/main_system/isolated_workspaces/hourvideo_direct_api_eval300_v1/outputs/direct_v1_formal/direct_v1_2_3x16_r1_r3_eval300_formal_v1/route_status/R1:6fd90f8d-7a4d-425d-a812-3268db0b0342_14_4.json,cb1a4398b59ecb95883c2abc2a861de1fb48b9f955f176042b62a587a8b78d5e,583,artifacts/SUPERSEDED_FOR_THESIS/old_formal_88/route_status/R1:6fd90f8d-7a4d-425d-a812-3268db0b0342_14_4.json,2935c76b423749c0b99575ce718e8b266e5c53731328116e58f3229f2f17703b,561,old 300 R1 + frozen 300 R3 source route statuses,absolute_personal_path_redaction_only
${PROJECT_MSC_ROOT}/msc_thesis/main_system/isolated_workspaces/hourvideo_direct_api_eval300_v1/outputs/direct_v1_formal/direct_v1_2_3x16_r1_r3_eval300_formal_v1/route_status/R1:6fd90f8d-7a4d-425d-a812-3268db0b0342_14_5.json,0a64d38712aa02820c582aee03394d90c29af129c3a63df876a0c7b5d017ffd3,583,artifacts/SUPERSEDED_FOR_THESIS/old_formal_88/route_status/R1:6fd90f8d-7a4d-425d-a812-3268db0b0342_14_5.json,412490a4921fbb1630b0a132e39bc0d369d4ca54b7d820ea6a384f8a61323c64,561,old 300 R1 + frozen 300 R3 source route statuses,absolute_personal_path_redaction_only
${PROJECT_MSC_ROOT}/msc_thesis/main_system/isolated_workspaces/hourvideo_direct_api_eval300_v1/outputs/direct_v1_formal/direct_v1_2_3x16_r1_r3_eval300_formal_v1/route_status/R1:6fd90f8d-7a4d-425d-a812-3268db0b0342_15_2.json,1f9a121cbad1de562e1940a404d0f6dfeca7a790714b0c44b1e74d3adbba636e,582,artifacts/SUPERSEDED_FOR_THESIS/old_formal_88/route_status/R1:6fd90f8d-7a4d-425d-a812-3268db0b0342_15_2.json,020a127c69b4e179d75e92cf7456cc7b0fa12f22583c5a911c578647c730315e,560,old 300 R1 + frozen 300 R3 source route statuses,absolute_personal_path_redaction_only
${PROJECT_MSC_ROOT}/msc_thesis/main_system/isolated_workspaces/hourvideo_direct_api_eval300_v1/outputs/direct_v1_formal/direct_v1_2_3x16_r1_r3_eval300_formal_v1/route_status/R1:6fd90f8d-7a4d-425d-a812-3268db0b0342_16_3.json,756f348a3c9333cc86adf55280545c7b09ac121735f6c1372cabe53f6f9b5c36,583,artifacts/SUPERSEDED_FOR_THESIS/old_formal_88/route_status/R1:6fd90f8d-7a4d-425d-a812-3268db0b0342_16_3.json,ee79a95ec692b140af2d30b6f6286891166df59d7dfadd576083029b3a6910ea,561,old 300 R1 + frozen 300 R3 source route statuses,absolute_personal_path_redaction_only
${PROJECT_MSC_ROOT}/msc_thesis/main_system/isolated_workspaces/hourvideo_direct_api_eval300_v1/outputs/direct_v1_formal/direct_v1_2_3x16_r1_r3_eval300_formal_v1/route_status/R1:6fd90f8d-7a4d-425d-a812-3268db0b0342_16_4.json,145969f638f0e6998fd6ef50d507d9654db24ad888a767e0215c74f62aba4202,593,artifacts/SUPERSEDED_FOR_THESIS/old_formal_88/route_status/R1:6fd90f8d-7a4d-425d-a812-3268db0b0342_16_4.json,4c96a8198787ffe5affdf7e50a040927a2a84128e2180ae6b10712ecd1f79116,571,old 300 R1 + frozen 300 R3 source route statuses,absolute_personal_path_redaction_only
${PROJECT_MSC_ROOT}/msc_thesis/main_system/isolated_workspaces/hourvideo_direct_api_eval300_v1/outputs/direct_v1_formal/direct_v1_2_3x16_r1_r3_eval300_formal_v1/route_status/R1:6fd90f8d-7a4d-425d-a812-3268db0b0342_16_5.json,3f2b71a83f0c5fc485def6941a0043e07340e66942865b432a30bebc97e323e8,594,artifacts/SUPERSEDED_FOR_THESIS/old_formal_88/route_status/R1:6fd90f8d-7a4d-425d-a812-3268db0b0342_16_5.json,356427828086d6b57ac18ddb8b77f7960ced56c84c011a0c2c25718720bdfd14,572,old 300 R1 + frozen 300 R3 source route statuses,absolute_personal_path_redaction_only
${PROJECT_MSC_ROOT}/msc_thesis/main_system/isolated_workspaces/hourvideo_direct_api_eval300_v1/outputs/direct_v1_formal/direct_v1_2_3x16_r1_r3_eval300_formal_v1/route_status/R1:6fd90f8d-7a4d-425d-a812-3268db0b0342_17_25.json,178bebbcf1b223a7e87de406378b2e477ed3ee15d6bcbad3fa5251ae174438d1,586,artifacts/SUPERSEDED_FOR_THESIS/old_formal_88/route_status/R1:6fd90f8d-7a4d-425d-a812-3268db0b0342_17_25.json,c995f963060e99e138c1315987fedade43132d3c79aa6ec4608ddd5decec1a2e,564,old 300 R1 + frozen 300 R3 source route statuses,absolute_personal_path_redaction_only
${PROJECT_MSC_ROOT}/msc_thesis/main_system/isolated_workspaces/hourvideo_direct_api_eval300_v1/outputs/direct_v1_formal/direct_v1_2_3x16_r1_r3_eval300_formal_v1/route_status/R1:6fd90f8d-7a4d-425d-a812-3268db0b0342_17_36.json,a2a4ceed9b899ab32d4e68e3169d2d171fa83ca0c70d675c8139bf3926e40a30,595,artifacts/SUPERSEDED_FOR_THESIS/old_formal_88/route_status/R1:6fd90f8d-7a4d-425d-a812-3268db0b0342_17_36.json,78a2e51f639e089fcb308facd12ad3617bf3b777dc4cd5453a61fbdd846cc5d7,573,old 300 R1 + frozen 300 R3 source route statuses,absolute_personal_path_redaction_only
${PROJECT_MSC_ROOT}/msc_thesis/main_system/isolated_workspaces/hourvideo_direct_api_eval300_v1/outputs/direct_v1_formal/direct_v1_2_3x16_r1_r3_eval300_formal_v1/route_status/R1:6fd90f8d-7a4d-425d-a812-3268db0b0342_17_5.json,4e397f99e065e1a20140e03e1cca5ca5ec9f1f3d8e89387a83326ce7ceb069e7,583,artifacts/SUPERSEDED_FOR_THESIS/old_formal_88/route_status/R1:6fd90f8d-7a4d-425d-a812-3268db0b0342_17_5.json,46dd654e4efd9e2eb9483ae3dd2fb6ad2cb312e80a48ed6339ffbf552af3df1f,561,old 300 R1 + frozen 300 R3 source route statuses,absolute_personal_path_redaction_only
${PROJECT_MSC_ROOT}/msc_thesis/main_system/isolated_workspaces/hourvideo_direct_api_eval300_v1/outputs/direct_v1_formal/direct_v1_2_3x16_r1_r3_eval300_formal_v1/route_status/R1:6fd90f8d-7a4d-425d-a812-3268db0b0342_18_16.json,bcd49388fe7a4459f676c049207e952f7253b2defded01d7552517df0a411c21,585,artifacts/SUPERSEDED_FOR_THESIS/old_formal_88/route_status/R1:6fd90f8d-7a4d-425d-a812-3268db0b0342_18_16.json,9fb30020847fe7f5e5369daa140cebb25dee82952a955fb794557340118da2b0,563,old 300 R1 + frozen 300 R3 source route statuses,absolute_personal_path_redaction_only
${PROJECT_MSC_ROOT}/msc_thesis/main_system/isolated_workspaces/hourvideo_direct_api_eval300_v1/outputs/direct_v1_formal/direct_v1_2_3x16_r1_r3_eval300_formal_v1/route_status/R1:6fd90f8d-7a4d-425d-a812-3268db0b0342_18_17.json,02c959486e78f2070cbc6a394c588d9b20ef3afbb0d3341628fcf357c27ea9f0,584,artifacts/SUPERSEDED_FOR_THESIS/old_formal_88/route_status/R1:6fd90f8d-7a4d-425d-a812-3268db0b0342_18_17.json,a607023c915f9259b01c501523a11c8da9620580fd6b8b54640d350dcc497b9a,562,old 300 R1 + frozen 300 R3 source route statuses,absolute_personal_path_redaction_only
${PROJECT_MSC_ROOT}/msc_thesis/main_system/isolated_workspaces/hourvideo_direct_api_eval300_v1/outputs/direct_v1_formal/direct_v1_2_3x16_r1_r3_eval300_formal_v1/route_status/R1:6fd90f8d-7a4d-425d-a812-3268db0b0342_1_1.json,16c7fda962b79a037aca3448007563e11983b1c397f1cf255bb4aa3072f6c160,581,artifacts/SUPERSEDED_FOR_THESIS/old_formal_88/route_status/R1:6fd90f8d-7a4d-425d-a812-3268db0b0342_1_1.json,6e04f33023bd67f5adf5f8ef554889d4e7c50ccba588b7c90b98d6eb4d4fa85d,559,old 300 R1 + frozen 300 R3 source route statuses,absolute_personal_path_redaction_only
${PROJECT_MSC_ROOT}/msc_thesis/main_system/isolated_workspaces/hourvideo_direct_api_eval300_v1/outputs/direct_v1_formal/direct_v1_2_3x16_r1_r3_eval300_formal_v1/route_status/R1:6fd90f8d-7a4d-425d-a812-3268db0b0342_21_11.json,3fa79997699c51cd4f4ace7cd6701fa0db201731aa7ea589703ea572e16e1060,585,artifacts/SUPERSEDED_FOR_THESIS/old_formal_88/route_status/R1:6fd90f8d-7a4d-425d-a812-3268db0b0342_21_11.json,df86083e693d686a164a745c62b0168d890ff38fe60fbe65b3f5efa98ecfd042,563,old 300 R1 + frozen 300 R3 source route statuses,absolute_personal_path_redaction_only
${PROJECT_MSC_ROOT}/msc_thesis/main_system/isolated_workspaces/hourvideo_direct_api_eval300_v1/outputs/direct_v1_formal/direct_v1_2_3x16_r1_r3_eval300_formal_v1/route_status/R1:6fd90f8d-7a4d-425d-a812-3268db0b0342_3_32.json,b304a8944d57297df990312112618c3ec0183968e37a875c19e83e5225592982,593,artifacts/SUPERSEDED_FOR_THESIS/old_formal_88/route_status/R1:6fd90f8d-7a4d-425d-a812-3268db0b0342_3_32.json,dab7cfe733f82178e985d13d5c3cee63a31c8a8dc1f9343c63dcdd960d828a2a,571,old 300 R1 + frozen 300 R3 source route statuses,absolute_personal_path_redaction_only
${PROJECT_MSC_ROOT}/msc_thesis/main_system/isolated_workspaces/hourvideo_direct_api_eval300_v1/outputs/direct_v1_formal/direct_v1_2_3x16_r1_r3_eval300_formal_v1/route_status/R1:6fd90f8d-7a4d-425d-a812-3268db0b0342_4_1.json,b94d7933deca1284a604d88e9c125334bd40fa4dec002caa0935ed84458bebfe,591,artifacts/SUPERSEDED_FOR_THESIS/old_formal_88/route_status/R1:6fd90f8d-7a4d-425d-a812-3268db0b0342_4_1.json,098baa3bb7d53f3028bd5d255a47bcb9a47fb895744a917ad6576e7b509a2fc1,569,old 300 R1 + frozen 300 R3 source route statuses,absolute_personal_path_redaction_only
${PROJECT_MSC_ROOT}/msc_thesis/main_system/isolated_workspaces/hourvideo_direct_api_eval300_v1/outputs/direct_v1_formal/direct_v1_2_3x16_r1_r3_eval300_formal_v1/route_status/R1:6fd90f8d-7a4d-425d-a812-3268db0b0342_6_8.json,e28e03290da9fb6106b36e38c0a6a186790de2164fe681fb30a060132780340a,580,artifacts/SUPERSEDED_FOR_THESIS/old_formal_88/route_status/R1:6fd90f8d-7a4d-425d-a812-3268db0b0342_6_8.json,b935d191fad469daf2163a1c173def3e3087eff9fb33cbbaf35e0cf11cf51834,558,old 300 R1 + frozen 300 R3 source route statuses,absolute_personal_path_redaction_only
${PROJECT_MSC_ROOT}/msc_thesis/main_system/isolated_workspaces/hourvideo_direct_api_eval300_v1/outputs/direct_v1_formal/direct_v1_2_3x16_r1_r3_eval300_formal_v1/route_status/R1:6fd90f8d-7a4d-425d-a812-3268db0b0342_7_27.json,15f14782353d09b872488e396df50b402b1c0d33da202bb89ad6aec512b3d431,593,artifacts/SUPERSEDED_FOR_THESIS/old_formal_88/route_status/R1:6fd90f8d-7a4d-425d-a812-3268db0b0342_7_27.json,cf2ef577bc45c83e979513c06a1a36b21bd1385673aeb465393fab04d0901847,571,old 300 R1 + frozen 300 R3 source route statuses,absolute_personal_path_redaction_only
${PROJECT_MSC_ROOT}/msc_thesis/main_system/isolated_workspaces/hourvideo_direct_api_eval300_v1/outputs/direct_v1_formal/direct_v1_2_3x16_r1_r3_eval300_formal_v1/route_status/R1:6fd90f8d-7a4d-425d-a812-3268db0b0342_7_7.json,dda88309a7ad6fccc774e764976e147091b42ddddf5791ace223a07b6b99fc11,580,artifacts/SUPERSEDED_FOR_THESIS/old_formal_88/route_status/R1:6fd90f8d-7a4d-425d-a812-3268db0b0342_7_7.json,08b2daa1a85d3e036c4658fd17ab99ef62bfa2e86a2cbb07746778cc47b8afd9,558,old 300 R1 + frozen 300 R3 source route statuses,absolute_personal_path_redaction_only
${PROJECT_MSC_ROOT}/msc_thesis/main_system/isolated_workspaces/hourvideo_direct_api_eval300_v1/outputs/direct_v1_formal/direct_v1_2_3x16_r1_r3_eval300_formal_v1/route_status/R1:6fd90f8d-7a4d-425d-a812-3268db0b0342_8_10.json,4e21af2ca1349ee51faef5c92c06053443084c3a02c7339d2d046e65eaad0ca8,593,artifacts/SUPERSEDED_FOR_THESIS/old_formal_88/route_status/R1:6fd90f8d-7a4d-425d-a812-3268db0b0342_8_10.json,7ee82eca950cba9fe7b1a6941c2be445f16f71347af9e9988cbf52e44c6a0748,571,old 300 R1 + frozen 300 R3 source route statuses,absolute_personal_path_redaction_only
${PROJECT_MSC_ROOT}/msc_thesis/main_system/isolated_workspaces/hourvideo_direct_api_eval300_v1/outputs/direct_v1_formal/direct_v1_2_3x16_r1_r3_eval300_formal_v1/route_status/R1:6fd90f8d-7a4d-425d-a812-3268db0b0342_8_31.json,d052e0b684823622bd18f02c2aafc92f8ed7c928e42ba060474c503ad80f3df6,592,artifacts/SUPERSEDED_FOR_THESIS/old_formal_88/route_status/R1:6fd90f8d-7a4d-425d-a812-3268db0b0342_8_31.json,bb25331cbc966b6b2551fada96496147f7bb53515b7c350d3d4c0005661e5170,570,old 300 R1 + frozen 300 R3 source route statuses,absolute_personal_path_redaction_only
${PROJECT_MSC_ROOT}/msc_thesis/main_system/isolated_workspaces/hourvideo_direct_api_eval300_v1/outputs/direct_v1_formal/direct_v1_2_3x16_r1_r3_eval300_formal_v1/route_status/R1:6fd90f8d-7a4d-425d-a812-3268db0b0342_8_9.json,40e871590e4fbd416e555fc1e568ef8bd470b9a7e51d0994a21ba616c03c7a6c,580,artifacts/SUPERSEDED_FOR_THESIS/old_formal_88/route_status/R1:6fd90f8d-7a4d-425d-a812-3268db0b0342_8_9.json,f1c0f299bbec5b6c07859a1af28f33fac03fec4d6ec59a420c55a1a28950ec21,558,old 300 R1 + frozen 300 R3 source route statuses,absolute_personal_path_redaction_only
${PROJECT_MSC_ROOT}/msc_thesis/main_system/isolated_workspaces/hourvideo_direct_api_eval300_v1/outputs/direct_v1_formal/direct_v1_2_3x16_r1_r3_eval300_formal_v1/route_status/R1:70f2a750-f403-41b8-aabb-480eb3ab4ed4_11_23.json,ede480dd35fb0c564aede653d7370b46750303ffcb1946640e4b9dfe16c187a1,595,artifacts/SUPERSEDED_FOR_THESIS/old_formal_88/route_status/R1:70f2a750-f403-41b8-aabb-480eb3ab4ed4_11_23.json,41ed25ff90e54413317ee9d8593389201c30d7cce996d48a7aa0a7b5a7ce8271,573,old 300 R1 + frozen 300 R3 source route statuses,absolute_personal_path_redaction_only
${PROJECT_MSC_ROOT}/msc_thesis/main_system/isolated_workspaces/hourvideo_direct_api_eval300_v1/outputs/direct_v1_formal/direct_v1_2_3x16_r1_r3_eval300_formal_v1/route_status/R1:70f2a750-f403-41b8-aabb-480eb3ab4ed4_11_7.json,a5dba87d0c6a25fdb253f794f33ea7f887395d31ef4f08d9480270f68f181f07,581,artifacts/SUPERSEDED_FOR_THESIS/old_formal_88/route_status/R1:70f2a750-f403-41b8-aabb-480eb3ab4ed4_11_7.json,709cf30502dbb7d2e1e03e3d1f90338feefaeb0e52fa90b15f266451ed3f0d51,559,old 300 R1 + frozen 300 R3 source route statuses,absolute_personal_path_redaction_only
${PROJECT_MSC_ROOT}/msc_thesis/main_system/isolated_workspaces/hourvideo_direct_api_eval300_v1/outputs/direct_v1_formal/direct_v1_2_3x16_r1_r3_eval300_formal_v1/route_status/R1:70f2a750-f403-41b8-aabb-480eb3ab4ed4_12_17.json,e745ca344312f4337d675e08cd3b3e4f71833411a75d8fce2955629f6b490801,595,artifacts/SUPERSEDED_FOR_THESIS/old_formal_88/route_status/R1:70f2a750-f403-41b8-aabb-480eb3ab4ed4_12_17.json,fcfc9e3a90beedbb02148e5c8b122dba00b182840bbe031f91a0758f91fbe32d,573,old 300 R1 + frozen 300 R3 source route statuses,absolute_personal_path_redaction_only
${PROJECT_MSC_ROOT}/msc_thesis/main_system/isolated_workspaces/hourvideo_direct_api_eval300_v1/outputs/direct_v1_formal/direct_v1_2_3x16_r1_r3_eval300_formal_v1/route_status/R1:70f2a750-f403-41b8-aabb-480eb3ab4ed4_17_13.json,1d769e3272e3c7a6ad20d382f97b5c38e5bce99e3bb119c7dffc99ee64e7c363,595,artifacts/SUPERSEDED_FOR_THESIS/old_formal_88/route_status/R1:70f2a750-f403-41b8-aabb-480eb3ab4ed4_17_13.json,d61f1df7848e9b97cf76694623f958c61fa7ce5a52343e14e6c8219bcaf2c339,573,old 300 R1 + frozen 300 R3 source route statuses,absolute_personal_path_redaction_only
${PROJECT_MSC_ROOT}/msc_thesis/main_system/isolated_workspaces/hourvideo_direct_api_eval300_v1/outputs/direct_v1_formal/direct_v1_2_3x16_r1_r3_eval300_formal_v1/route_status/R1:70f2a750-f403-41b8-aabb-480eb3ab4ed4_17_14.json,96d7c87d6700432ad28b7f14143a7bb5014a4a24c2c85b5a7f1515b44e753b0f,583,artifacts/SUPERSEDED_FOR_THESIS/old_formal_88/route_status/R1:70f2a750-f403-41b8-aabb-480eb3ab4ed4_17_14.json,f9db83931aea3ce22e4e027f0f729fc21298392bc5677bfa757a37580962f8b3,561,old 300 R1 + frozen 300 R3 source route statuses,absolute_personal_path_redaction_only
${PROJECT_MSC_ROOT}/msc_thesis/main_system/isolated_workspaces/hourvideo_direct_api_eval300_v1/outputs/direct_v1_formal/direct_v1_2_3x16_r1_r3_eval300_formal_v1/route_status/R1:70f2a750-f403-41b8-aabb-480eb3ab4ed4_17_16.json,ffbb9bfad12045872d0d1108c1f9861329d181989e1c9b4655a54271f42049d9,596,artifacts/SUPERSEDED_FOR_THESIS/old_formal_88/route_status/R1:70f2a750-f403-41b8-aabb-480eb3ab4ed4_17_16.json,3514a8327fd835580acd0b22962ada28ea785deb078b9658acd7ec9cb2df2a17,574,old 300 R1 + frozen 300 R3 source route statuses,absolute_personal_path_redaction_only
${PROJECT_MSC_ROOT}/msc_thesis/main_system/isolated_workspaces/hourvideo_direct_api_eval300_v1/outputs/direct_v1_formal/direct_v1_2_3x16_r1_r3_eval300_formal_v1/route_status/R1:70f2a750-f403-41b8-aabb-480eb3ab4ed4_17_30.json,9203f5849198937b9f25bcb2229f37f19a64492b2d13a9aad6a78b2b435fadf6,583,artifacts/SUPERSEDED_FOR_THESIS/old_formal_88/route_status/R1:70f2a750-f403-41b8-aabb-480eb3ab4ed4_17_30.json,e26088089e8d89317d77de52a7e94d4ee0abb32f0f68a9cf8812b317dfd1fcea,561,old 300 R1 + frozen 300 R3 source route statuses,absolute_personal_path_redaction_only
${PROJECT_MSC_ROOT}/msc_thesis/main_system/isolated_workspaces/hourvideo_direct_api_eval300_v1/outputs/direct_v1_formal/direct_v1_2_3x16_r1_r3_eval300_formal_v1/route_status/R1:70f2a750-f403-41b8-aabb-480eb3ab4ed4_17_31.json,c879d4098e2676df02b93aea2967036a81d626508854a7079e8373dbc2d846cb,584,artifacts/SUPERSEDED_FOR_THESIS/old_formal_88/route_status/R1:70f2a750-f403-41b8-aabb-480eb3ab4ed4_17_31.json,0916463f6b8e1ddbba0fd8cf3f3734e0fa5f4646ab1f72c2f4fafa98f96dd214,562,old 300 R1 + frozen 300 R3 source route statuses,absolute_personal_path_redaction_only
${PROJECT_MSC_ROOT}/msc_thesis/main_system/isolated_workspaces/hourvideo_direct_api_eval300_v1/outputs/direct_v1_formal/direct_v1_2_3x16_r1_r3_eval300_formal_v1/route_status/R1:70f2a750-f403-41b8-aabb-480eb3ab4ed4_17_8.json,610df1c857ca3115839885cb2cff1f33ab47a88482e2bd89a72c4d3a150716ab,594,artifacts/SUPERSEDED_FOR_THESIS/old_formal_88/route_status/R1:70f2a750-f403-41b8-aabb-480eb3ab4ed4_17_8.json,fab64a80595dbebcc728bb5cf88c8f84848b4d0c6e00b3e66eadde775f01bcb9,572,old 300 R1 + frozen 300 R3 source route statuses,absolute_personal_path_redaction_only
${PROJECT_MSC_ROOT}/msc_thesis/main_system/isolated_workspaces/hourvideo_direct_api_eval300_v1/outputs/direct_v1_formal/direct_v1_2_3x16_r1_r3_eval300_formal_v1/route_status/R1:70f2a750-f403-41b8-aabb-480eb3ab4ed4_17_9.json,3dc3d685a7d799da488a50e802df923b80c9221fc06ebc23b72051b086841e1f,581,artifacts/SUPERSEDED_FOR_THESIS/old_formal_88/route_status/R1:70f2a750-f403-41b8-aabb-480eb3ab4ed4_17_9.json,45a91ba443fb264a16552a4f81d663ef94dc3a7857f5e946d80c2c3843325c89,559,old 300 R1 + frozen 300 R3 source route statuses,absolute_personal_path_redaction_only
${PROJECT_MSC_ROOT}/msc_thesis/main_system/isolated_workspaces/hourvideo_direct_api_eval300_v1/outputs/direct_v1_formal/direct_v1_2_3x16_r1_r3_eval300_formal_v1/route_status/R1:70f2a750-f403-41b8-aabb-480eb3ab4ed4_21_26.json,041561d0af2843ab600edb41f7c80fea561cc888fe8ec9b8c0c19a22de58f12d,583,artifacts/SUPERSEDED_FOR_THESIS/old_formal_88/route_status/R1:70f2a750-f403-41b8-aabb-480eb3ab4ed4_21_26.json,1242d09e502f43805ae6ed5bff3bc6f3d404c76d8b7d66138fc7026c0d23e257,561,old 300 R1 + frozen 300 R3 source route statuses,absolute_personal_path_redaction_only
${PROJECT_MSC_ROOT}/msc_thesis/main_system/isolated_workspaces/hourvideo_direct_api_eval300_v1/outputs/direct_v1_formal/direct_v1_2_3x16_r1_r3_eval300_formal_v1/route_status/R1:70f2a750-f403-41b8-aabb-480eb3ab4ed4_22_10.json,6c524f9808b4db9120f939cc03057ceec58d899d5fed19ead064601260a8bc90,583,artifacts/SUPERSEDED_FOR_THESIS/old_formal_88/route_status/R1:70f2a750-f403-41b8-aabb-480eb3ab4ed4_22_10.json,b5598e54f424dec68e377c8f84255e2357fa647a864742470399128eb9dc9daf,561,old 300 R1 + frozen 300 R3 source route statuses,absolute_personal_path_redaction_only
${PROJECT_MSC_ROOT}/msc_thesis/main_system/isolated_workspaces/hourvideo_direct_api_eval300_v1/outputs/direct_v1_formal/direct_v1_2_3x16_r1_r3_eval300_formal_v1/route_status/R1:70f2a750-f403-41b8-aabb-480eb3ab4ed4_22_12.json,7137ece2a96c472ba6bc0790884b6ffd0ee15f1b79088b286c89d5d26d3a8bc6,595,artifacts/SUPERSEDED_FOR_THESIS/old_formal_88/route_status/R1:70f2a750-f403-41b8-aabb-480eb3ab4ed4_22_12.json,816fa4b1aff35ce279668c38ed3279d0440127f5d43dc7eec00f61beeb517f1f,573,old 300 R1 + frozen 300 R3 source route statuses,absolute_personal_path_redaction_only
${PROJECT_MSC_ROOT}/msc_thesis/main_system/isolated_workspaces/hourvideo_direct_api_eval300_v1/outputs/direct_v1_formal/direct_v1_2_3x16_r1_r3_eval300_formal_v1/route_status/R1:70f2a750-f403-41b8-aabb-480eb3ab4ed4_4_11.json,48f9db835ba5734f28dd745cf8a69ac42cd146e0bbc7a065864844dcd1ae4223,582,artifacts/SUPERSEDED_FOR_THESIS/old_formal_88/route_status/R1:70f2a750-f403-41b8-aabb-480eb3ab4ed4_4_11.json,a7c808b8f73ff0d2c0c7594b8b4cac04348418471f8c59eccef40462d6950a01,560,old 300 R1 + frozen 300 R3 source route statuses,absolute_personal_path_redaction_only
${PROJECT_MSC_ROOT}/msc_thesis/main_system/isolated_workspaces/hourvideo_direct_api_eval300_v1/outputs/direct_v1_formal/direct_v1_2_3x16_r1_r3_eval300_formal_v1/route_status/R1:70f2a750-f403-41b8-aabb-480eb3ab4ed4_4_15.json,92dfa0049d8ab796bc9502a245d3f9bb16436be5de71f1e4a555e62f541287b1,583,artifacts/SUPERSEDED_FOR_THESIS/old_formal_88/route_status/R1:70f2a750-f403-41b8-aabb-480eb3ab4ed4_4_15.json,869eb5666e52622c2a2c88abb1d84c16c87063f2de36ca629f0864d73c569d91,561,old 300 R1 + frozen 300 R3 source route statuses,absolute_personal_path_redaction_only
${PROJECT_MSC_ROOT}/msc_thesis/main_system/isolated_workspaces/hourvideo_direct_api_eval300_v1/outputs/direct_v1_formal/direct_v1_2_3x16_r1_r3_eval300_formal_v1/route_status/R1:70f2a750-f403-41b8-aabb-480eb3ab4ed4_4_20.json,33bff305b1acc5822c7c4d3883a8c037bf76134ddc4efdd5a482c8b77f1e6eab,594,artifacts/SUPERSEDED_FOR_THESIS/old_formal_88/route_status/R1:70f2a750-f403-41b8-aabb-480eb3ab4ed4_4_20.json,8751c7f80f225678245e178bed243c3f5e6cc2a48b4cfc48160cfeed72474454,572,old 300 R1 + frozen 300 R3 source route statuses,absolute_personal_path_redaction_only
${PROJECT_MSC_ROOT}/msc_thesis/main_system/isolated_workspaces/hourvideo_direct_api_eval300_v1/outputs/direct_v1_formal/direct_v1_2_3x16_r1_r3_eval300_formal_v1/route_status/R1:70f2a750-f403-41b8-aabb-480eb3ab4ed4_4_27.json,668ed5678e7bd93b4591b36901400b536a1d1836984c4656aa0a3d2c0ae029e4,593,artifacts/SUPERSEDED_FOR_THESIS/old_formal_88/route_status/R1:70f2a750-f403-41b8-aabb-480eb3ab4ed4_4_27.json,5d528645257d0bccea14f9b02d297e7b1b1b39de4da51fbff8da312ad96c62aa,571,old 300 R1 + frozen 300 R3 source route statuses,absolute_personal_path_redaction_only
${PROJECT_MSC_ROOT}/msc_thesis/main_system/isolated_workspaces/hourvideo_direct_api_eval300_v1/outputs/direct_v1_formal/direct_v1_2_3x16_r1_r3_eval300_formal_v1/route_status/R1:70f2a750-f403-41b8-aabb-480eb3ab4ed4_4_6.json,909617155ad549a56b146a3ab4d8038abb3559189611ffcf09fc1a92b45c868f,581,artifacts/SUPERSEDED_FOR_THESIS/old_formal_88/route_status/R1:70f2a750-f403-41b8-aabb-480eb3ab4ed4_4_6.json,f7ee69d4269e54ca3702f611e4100c836aaef1e57bbc76805bd9db1dffc0963a,559,old 300 R1 + frozen 300 R3 source route statuses,absolute_personal_path_redaction_only
${PROJECT_MSC_ROOT}/msc_thesis/main_system/isolated_workspaces/hourvideo_direct_api_eval300_v1/outputs/direct_v1_formal/direct_v1_2_3x16_r1_r3_eval300_formal_v1/route_status/R1:70f2a750-f403-41b8-aabb-480eb3ab4ed4_5_19.json,e607a90a828f4c895b2e72350c68e795f0eecefece7edd7ec7ae6a5eab055f1c,583,artifacts/SUPERSEDED_FOR_THESIS/old_formal_88/route_status/R1:70f2a750-f403-41b8-aabb-480eb3ab4ed4_5_19.json,6ba64f77469fb8bdfce5a3739eb687950e0487cb3afd3d0009e50d4d17e4a474,561,old 300 R1 + frozen 300 R3 source route statuses,absolute_personal_path_redaction_only
${PROJECT_MSC_ROOT}/msc_thesis/main_system/isolated_workspaces/hourvideo_direct_api_eval300_v1/outputs/direct_v1_formal/direct_v1_2_3x16_r1_r3_eval300_formal_v1/route_status/R1:70f2a750-f403-41b8-aabb-480eb3ab4ed4_6_32.json,3daf0b0ecf2bb8c3c41cce37f12dd0a0b1864953ca6c1d0959948a2a01f34815,583,artifacts/SUPERSEDED_FOR_THESIS/old_formal_88/route_status/R1:70f2a750-f403-41b8-aabb-480eb3ab4ed4_6_32.json,9cf81bf2c87406be1a567383a2b8ab1312e3e1a704d26b8e555f843cca0ed9b6,561,old 300 R1 + frozen 300 R3 source route statuses,absolute_personal_path_redaction_only
${PROJECT_MSC_ROOT}/msc_thesis/main_system/isolated_workspaces/hourvideo_direct_api_eval300_v1/outputs/direct_v1_formal/direct_v1_2_3x16_r1_r3_eval300_formal_v1/route_status/R1:70f2a750-f403-41b8-aabb-480eb3ab4ed4_7_28.json,d26c34eb641f082011b5fa165df64a7698d0b29845336bfff236af78c96a078e,583,artifacts/SUPERSEDED_FOR_THESIS/old_formal_88/route_status/R1:70f2a750-f403-41b8-aabb-480eb3ab4ed4_7_28.json,4690828c5da4600ffacb2bd7984149546886ca7ec217f9aeb55fb8aa0f4d2668,561,old 300 R1 + frozen 300 R3 source route statuses,absolute_personal_path_redaction_only
${PROJECT_MSC_ROOT}/msc_thesis/main_system/isolated_workspaces/hourvideo_direct_api_eval300_v1/outputs/direct_v1_formal/direct_v1_2_3x16_r1_r3_eval300_formal_v1/route_status/R1:70f2a750-f403-41b8-aabb-480eb3ab4ed4_7_29.json,8bcc8ebabadf8abfdde8c9501e62d017a19f487eaa16c07bac09cdb80ec4fa8b,583,artifacts/SUPERSEDED_FOR_THESIS/old_formal_88/route_status/R1:70f2a750-f403-41b8-aabb-480eb3ab4ed4_7_29.json,a2b43a3eee640502c854e715bd95d24699b24c70af145b020bd809cae158fc87,561,old 300 R1 + frozen 300 R3 source route statuses,absolute_personal_path_redaction_only
${PROJECT_MSC_ROOT}/msc_thesis/main_system/isolated_workspaces/hourvideo_direct_api_eval300_v1/outputs/direct_v1_formal/direct_v1_2_3x16_r1_r3_eval300_formal_v1/route_status/R1:70f2a750-f403-41b8-aabb-480eb3ab4ed4_7_4.json,eeae470a4be7f723d2bb8540cbc10ef00cd6c573e68772d2bd8a72d011b547f6,591,artifacts/SUPERSEDED_FOR_THESIS/old_formal_88/route_status/R1:70f2a750-f403-41b8-aabb-480eb3ab4ed4_7_4.json,045aabdf6a343e636decb461a3b14f08eafc68e1d638c942e8242fa896f7150e,569,old 300 R1 + frozen 300 R3 source route statuses,absolute_personal_path_redaction_only
${PROJECT_MSC_ROOT}/msc_thesis/main_system/isolated_workspaces/hourvideo_direct_api_eval300_v1/outputs/direct_v1_formal/direct_v1_2_3x16_r1_r3_eval300_formal_v1/route_status/R1:70f2a750-f403-41b8-aabb-480eb3ab4ed4_7_5.json,beecaa8c57df7ce807c9c93979212a274fb6a501aa80e0d37526818d599744c4,581,artifacts/SUPERSEDED_FOR_THESIS/old_formal_88/route_status/R1:70f2a750-f403-41b8-aabb-480eb3ab4ed4_7_5.json,c981625464aca3560ee28e064b2cc720f702ebf3fbf6c777a17cff5370e5c6da,559,old 300 R1 + frozen 300 R3 source route statuses,absolute_personal_path_redaction_only
${PROJECT_MSC_ROOT}/msc_thesis/main_system/isolated_workspaces/hourvideo_direct_api_eval300_v1/outputs/direct_v1_formal/direct_v1_2_3x16_r1_r3_eval300_formal_v1/route_status/R1:70f2a750-f403-41b8-aabb-480eb3ab4ed4_8_2.json,a755b59daf2a28386a09fa9d78c3452cb93715aaf4903c5b9847b2029225d3fd,580,artifacts/SUPERSEDED_FOR_THESIS/old_formal_88/route_status/R1:70f2a750-f403-41b8-aabb-480eb3ab4ed4_8_2.json,b7836fa89d066a97a6c69b66b5ce23b21aa569b197ec583ea5e8534543277546,558,old 300 R1 + frozen 300 R3 source route statuses,absolute_personal_path_redaction_only
${PROJECT_MSC_ROOT}/msc_thesis/main_system/isolated_workspaces/hourvideo_direct_api_eval300_v1/outputs/direct_v1_formal/direct_v1_2_3x16_r1_r3_eval300_formal_v1/route_status/R1:71fbc5bf-7e2a-415d-86bc-3a948742e904_12_18.json,3a3a883ff513bebc0285c6fcbdaaf2b70853f3938fec0558087a5083710b532a,585,artifacts/SUPERSEDED_FOR_THESIS/old_formal_88/route_status/R1:71fbc5bf-7e2a-415d-86bc-3a948742e904_12_18.json,5df584f3e9351f3e75d639af25097de5ab9c5177216d0cdd7f30ceb0e5c30786,563,old 300 R1 + frozen 300 R3 source route statuses,absolute_personal_path_redaction_only
${PROJECT_MSC_ROOT}/msc_thesis/main_system/isolated_workspaces/hourvideo_direct_api_eval300_v1/outputs/direct_v1_formal/direct_v1_2_3x16_r1_r3_eval300_formal_v1/route_status/R1:71fbc5bf-7e2a-415d-86bc-3a948742e904_17_10.json,8a48ebe2ce4dece5b161a0695a678cc94ae586a3e825298f3b2985b2e22c28cf,596,artifacts/SUPERSEDED_FOR_THESIS/old_formal_88/route_status/R1:71fbc5bf-7e2a-415d-86bc-3a948742e904_17_10.json,4e8728080a24b6bb77c86b97e70d1abca47283f0fc9a2ded7aa36407d0c87603,574,old 300 R1 + frozen 300 R3 source route statuses,absolute_personal_path_redaction_only
${PROJECT_MSC_ROOT}/msc_thesis/main_system/isolated_workspaces/hourvideo_direct_api_eval300_v1/outputs/direct_v1_formal/direct_v1_2_3x16_r1_r3_eval300_formal_v1/route_status/R1:71fbc5bf-7e2a-415d-86bc-3a948742e904_17_13.json,0d19a8c7d165f1c852cc945b72f7531c2f7db8a74130105d94226ac172805990,595,artifacts/SUPERSEDED_FOR_THESIS/old_formal_88/route_status/R1:71fbc5bf-7e2a-415d-86bc-3a948742e904_17_13.json,dccfe981fb88e50fb75849a1a8ca7df5a49c0fbbc1afbdad4f536ebf43666ff6,573,old 300 R1 + frozen 300 R3 source route statuses,absolute_personal_path_redaction_only
${PROJECT_MSC_ROOT}/msc_thesis/main_system/isolated_workspaces/hourvideo_direct_api_eval300_v1/outputs/direct_v1_formal/direct_v1_2_3x16_r1_r3_eval300_formal_v1/route_status/R1:71fbc5bf-7e2a-415d-86bc-3a948742e904_17_25.json,f4a3d94f84e7069b6ceaa0206888e3fdadd909981eeb30e03b72670592ce89cc,586,artifacts/SUPERSEDED_FOR_THESIS/old_formal_88/route_status/R1:71fbc5bf-7e2a-415d-86bc-3a948742e904_17_25.json,268d048b0185d0f36bf23e81376185e265062bdb4ce1ad7e38fd7d703776e1ae,564,old 300 R1 + frozen 300 R3 source route statuses,absolute_personal_path_redaction_only
${PROJECT_MSC_ROOT}/msc_thesis/main_system/isolated_workspaces/hourvideo_direct_api_eval300_v1/outputs/direct_v1_formal/direct_v1_2_3x16_r1_r3_eval300_formal_v1/route_status/R1:71fbc5bf-7e2a-415d-86bc-3a948742e904_22_23.json,7e15a669577f2ce6795f037ee8de308332ebd3291ff793c8690d71603c253a6b,585,artifacts/SUPERSEDED_FOR_THESIS/old_formal_88/route_status/R1:71fbc5bf-7e2a-415d-86bc-3a948742e904_22_23.json,1fe15232931cce3f3b6a9c62ec2c5f110e3564e9f46acde3cf96e77bf65253b6,563,old 300 R1 + frozen 300 R3 source route statuses,absolute_personal_path_redaction_only
${PROJECT_MSC_ROOT}/msc_thesis/main_system/isolated_workspaces/hourvideo_direct_api_eval300_v1/outputs/direct_v1_formal/direct_v1_2_3x16_r1_r3_eval300_formal_v1/route_status/R1:71fbc5bf-7e2a-415d-86bc-3a948742e904_22_4.json,e15a3cb4c708214b75ecead73979eb99d0baeb06ea3ca97ca728c6aae4d1df0b,583,artifacts/SUPERSEDED_FOR_THESIS/old_formal_88/route_status/R1:71fbc5bf-7e2a-415d-86bc-3a948742e904_22_4.json,caad5dc3e6df5be474fa15e952ed697c84fca4b6095e836eab5daacb4d99b385,561,old 300 R1 + frozen 300 R3 source route statuses,absolute_personal_path_redaction_only
${PROJECT_MSC_ROOT}/msc_thesis/main_system/isolated_workspaces/hourvideo_direct_api_eval300_v1/outputs/direct_v1_formal/direct_v1_2_3x16_r1_r3_eval300_formal_v1/route_status/R1:71fbc5bf-7e2a-415d-86bc-3a948742e904_22_5.json,fec29607bb2526214b360ac148bad3475995b9938b2d9eabfb2bdf12231df6a8,593,artifacts/SUPERSEDED_FOR_THESIS/old_formal_88/route_status/R1:71fbc5bf-7e2a-415d-86bc-3a948742e904_22_5.json,252e59efe102c6800770b7d67a209ccb61f3bdf86b1035f546cacc2da8af6486,571,old 300 R1 + frozen 300 R3 source route statuses,absolute_personal_path_redaction_only
${PROJECT_MSC_ROOT}/msc_thesis/main_system/isolated_workspaces/hourvideo_direct_api_eval300_v1/outputs/direct_v1_formal/direct_v1_2_3x16_r1_r3_eval300_formal_v1/route_status/R1:71fbc5bf-7e2a-415d-86bc-3a948742e904_3_7.json,09e44656475c41ebb5184463bead2ecb5762ff8714fa7e303ab6060e8a51efb9,581,artifacts/SUPERSEDED_FOR_THESIS/old_formal_88/route_status/R1:71fbc5bf-7e2a-415d-86bc-3a948742e904_3_7.json,6d1f9739cf781b451de5a203d3a126fcbab125c22bd921d77f481eb85e0a64ef,559,old 300 R1 + frozen 300 R3 source route statuses,absolute_personal_path_redaction_only
${PROJECT_MSC_ROOT}/msc_thesis/main_system/isolated_workspaces/hourvideo_direct_api_eval300_v1/outputs/direct_v1_formal/direct_v1_2_3x16_r1_r3_eval300_formal_v1/route_status/R1:71fbc5bf-7e2a-415d-86bc-3a948742e904_4_12.json,012da41baf7b02184ce0a7e5948cbc6348acc7c500b48d6b1db9ff132dbe03f8,582,artifacts/SUPERSEDED_FOR_THESIS/old_formal_88/route_status/R1:71fbc5bf-7e2a-415d-86bc-3a948742e904_4_12.json,2ca67becdc5309b315d4c313e88521befbf591a69e4276e411e932aa63dd6bf6,560,old 300 R1 + frozen 300 R3 source route statuses,absolute_personal_path_redaction_only
${PROJECT_MSC_ROOT}/msc_thesis/main_system/isolated_workspaces/hourvideo_direct_api_eval300_v1/outputs/direct_v1_formal/direct_v1_2_3x16_r1_r3_eval300_formal_v1/route_status/R1:71fbc5bf-7e2a-415d-86bc-3a948742e904_4_22.json,dded80a0f105fc694254fcc4eb9a57ee916a07e0a53f25d02e7bad350813e2ce,594,artifacts/SUPERSEDED_FOR_THESIS/old_formal_88/route_status/R1:71fbc5bf-7e2a-415d-86bc-3a948742e904_4_22.json,1b32f2c9dbdb1d1f2caef0e906db2dfdfd634d3c4b7369390196a5aceb18b026,572,old 300 R1 + frozen 300 R3 source route statuses,absolute_personal_path_redaction_only
${PROJECT_MSC_ROOT}/msc_thesis/main_system/isolated_workspaces/hourvideo_direct_api_eval300_v1/outputs/direct_v1_formal/direct_v1_2_3x16_r1_r3_eval300_formal_v1/route_status/R1:71fbc5bf-7e2a-415d-86bc-3a948742e904_4_26.json,b0c005ec80401e732f90d4f37b29e79083e2600b8ea9a3e677d2d38dd2a10491,583,artifacts/SUPERSEDED_FOR_THESIS/old_formal_88/route_status/R1:71fbc5bf-7e2a-415d-86bc-3a948742e904_4_26.json,2726f1d96d1c60a48a5e514d5f756aad82c70b585814b021253ecf4eb0c3fea2,561,old 300 R1 + frozen 300 R3 source route statuses,absolute_personal_path_redaction_only
${PROJECT_MSC_ROOT}/msc_thesis/main_system/isolated_workspaces/hourvideo_direct_api_eval300_v1/outputs/direct_v1_formal/direct_v1_2_3x16_r1_r3_eval300_formal_v1/route_status/R1:71fbc5bf-7e2a-415d-86bc-3a948742e904_4_6.json,ed7e2c5728fceef874e27184d8d88cba449da218bc81f19ff10ea526dc3a01e0,581,artifacts/SUPERSEDED_FOR_THESIS/old_formal_88/route_status/R1:71fbc5bf-7e2a-415d-86bc-3a948742e904_4_6.json,310f1f735d6888a52e38589ee87bee67a91f9fa690e9472f013453a31aba9afb,559,old 300 R1 + frozen 300 R3 source route statuses,absolute_personal_path_redaction_only
${PROJECT_MSC_ROOT}/msc_thesis/main_system/isolated_workspaces/hourvideo_direct_api_eval300_v1/outputs/direct_v1_formal/direct_v1_2_3x16_r1_r3_eval300_formal_v1/route_status/R1:71fbc5bf-7e2a-415d-86bc-3a948742e904_5_15.json,d150f6d4de3076f97803efebc26c1f67bce82439fce50443e3c20d9c96dfc516,583,artifacts/SUPERSEDED_FOR_THESIS/old_formal_88/route_status/R1:71fbc5bf-7e2a-415d-86bc-3a948742e904_5_15.json,370859d6553902b32ce7fe1c84a3511bec06f5b9e9cf890467a6b6ff510bf860,561,old 300 R1 + frozen 300 R3 source route statuses,absolute_personal_path_redaction_only
${PROJECT_MSC_ROOT}/msc_thesis/main_system/isolated_workspaces/hourvideo_direct_api_eval300_v1/outputs/direct_v1_formal/direct_v1_2_3x16_r1_r3_eval300_formal_v1/route_status/R1:71fbc5bf-7e2a-415d-86bc-3a948742e904_5_27.json,f172f4db5bd661e1c7da1a85b6873294f2ddccfa1bae49d50a23567bb3e156c2,583,artifacts/SUPERSEDED_FOR_THESIS/old_formal_88/route_status/R1:71fbc5bf-7e2a-415d-86bc-3a948742e904_5_27.json,c286d3fe220576c2fe37750247dc110015953a94c1351051d5ba28cafda607dc,561,old 300 R1 + frozen 300 R3 source route statuses,absolute_personal_path_redaction_only
${PROJECT_MSC_ROOT}/msc_thesis/main_system/isolated_workspaces/hourvideo_direct_api_eval300_v1/outputs/direct_v1_formal/direct_v1_2_3x16_r1_r3_eval300_formal_v1/route_status/R1:71fbc5bf-7e2a-415d-86bc-3a948742e904_6_14.json,83320285a2b42bc63ef0aad8a8777ac7a543d37eeb275e38bdbeb69f7bcddda2,583,artifacts/SUPERSEDED_FOR_THESIS/old_formal_88/route_status/R1:71fbc5bf-7e2a-415d-86bc-3a948742e904_6_14.json,37c16acf8ea53c6d7ec6368421d7ff32f2e16f4e00c32e30b49973537e888b93,561,old 300 R1 + frozen 300 R3 source route statuses,absolute_personal_path_redaction_only
${PROJECT_MSC_ROOT}/msc_thesis/main_system/isolated_workspaces/hourvideo_direct_api_eval300_v1/outputs/direct_v1_formal/direct_v1_2_3x16_r1_r3_eval300_formal_v1/route_status/R1:71fbc5bf-7e2a-415d-86bc-3a948742e904_7_11.json,ab606621da7d642e33fe6e69f13107048acecd44d2e34890a2ffb330037aab5a,593,artifacts/SUPERSEDED_FOR_THESIS/old_formal_88/route_status/R1:71fbc5bf-7e2a-415d-86bc-3a948742e904_7_11.json,91a47b8bbcf259e2c78e53b5a62f08ec91832eeb8b6c53afb567426171ee73f9,571,old 300 R1 + frozen 300 R3 source route statuses,absolute_personal_path_redaction_only
${PROJECT_MSC_ROOT}/msc_thesis/main_system/isolated_workspaces/hourvideo_direct_api_eval300_v1/outputs/direct_v1_formal/direct_v1_2_3x16_r1_r3_eval300_formal_v1/route_status/R1:71fbc5bf-7e2a-415d-86bc-3a948742e904_7_17.json,93a61ee67bd8ece07b60ed8e976c336dbc09950cf54f9e511d45321e2f924ae0,594,artifacts/SUPERSEDED_FOR_THESIS/old_formal_88/route_status/R1:71fbc5bf-7e2a-415d-86bc-3a948742e904_7_17.json,f73be8af79e418ca33eede55bb23b26973eec1f75237a4e026aa4206d84b604e,572,old 300 R1 + frozen 300 R3 source route statuses,absolute_personal_path_redaction_only
${PROJECT_MSC_ROOT}/msc_thesis/main_system/isolated_workspaces/hourvideo_direct_api_eval300_v1/outputs/direct_v1_formal/direct_v1_2_3x16_r1_r3_eval300_formal_v1/route_status/R1:71fbc5bf-7e2a-415d-86bc-3a948742e904_7_19.json,9d25f4e9c1ab54e5ab0468445d5f959519778ec1dcdeeafba80ef33ec84e97ba,583,artifacts/SUPERSEDED_FOR_THESIS/old_formal_88/route_status/R1:71fbc5bf-7e2a-415d-86bc-3a948742e904_7_19.json,42f9dfe0764663f6944c6ab347317f835a16ae64cb8574c934d89ab4742666ca,561,old 300 R1 + frozen 300 R3 source route statuses,absolute_personal_path_redaction_only
${PROJECT_MSC_ROOT}/msc_thesis/main_system/isolated_workspaces/hourvideo_direct_api_eval300_v1/outputs/direct_v1_formal/direct_v1_2_3x16_r1_r3_eval300_formal_v1/route_status/R1:71fbc5bf-7e2a-415d-86bc-3a948742e904_7_2.json,00d6f41c6f74c45550d0d141459c1ed68cb687d8bafa772ff5b30e40764670f4,592,artifacts/SUPERSEDED_FOR_THESIS/old_formal_88/route_status/R1:71fbc5bf-7e2a-415d-86bc-3a948742e904_7_2.json,6d90734ec0abaa069945c75a9986ecf5b19c3e896f35e79c03b544a1b0077aab,570,old 300 R1 + frozen 300 R3 source route statuses,absolute_personal_path_redaction_only
${PROJECT_MSC_ROOT}/msc_thesis/main_system/isolated_workspaces/hourvideo_direct_api_eval300_v1/outputs/direct_v1_formal/direct_v1_2_3x16_r1_r3_eval300_formal_v1/route_status/R1:71fbc5bf-7e2a-415d-86bc-3a948742e904_7_24.json,4c9aa593172044c9afa68ab7218e588417f23396083d9ff9a9bf21203ec568fa,594,artifacts/SUPERSEDED_FOR_THESIS/old_formal_88/route_status/R1:71fbc5bf-7e2a-415d-86bc-3a948742e904_7_24.json,f8281f163eee7eca75cbe20d25cfe3264a0967a42c9ed049f9fc0a7dd067c893,572,old 300 R1 + frozen 300 R3 source route statuses,absolute_personal_path_redaction_only
${PROJECT_MSC_ROOT}/msc_thesis/main_system/isolated_workspaces/hourvideo_direct_api_eval300_v1/outputs/direct_v1_formal/direct_v1_2_3x16_r1_r3_eval300_formal_v1/route_status/R1:71fbc5bf-7e2a-415d-86bc-3a948742e904_7_3.json,a8964712157326dd38175aba5d75c92d46c1550f281591fa31e765014cf2450c,591,artifacts/SUPERSEDED_FOR_THESIS/old_formal_88/route_status/R1:71fbc5bf-7e2a-415d-86bc-3a948742e904_7_3.json,cf6bf1c37bdd029afb5a50cfe09303593c76cf4de513d4be48e391e2f3f1da32,569,old 300 R1 + frozen 300 R3 source route statuses,absolute_personal_path_redaction_only
${PROJECT_MSC_ROOT}/msc_thesis/main_system/isolated_workspaces/hourvideo_direct_api_eval300_v1/outputs/direct_v1_formal/direct_v1_2_3x16_r1_r3_eval300_formal_v1/route_status/R1:71fbc5bf-7e2a-415d-86bc-3a948742e904_7_9.json,8675ff3d1d1b333169eed493fe793c90272d6639094ee01dc582de9198859972,581,artifacts/SUPERSEDED_FOR_THESIS/old_formal_88/route_status/R1:71fbc5bf-7e2a-415d-86bc-3a948742e904_7_9.json,8d7cea0e72cfa0549741e33fccead25b8ffbfb1d314efb16b821072ddb21a29c,559,old 300 R1 + frozen 300 R3 source route statuses,absolute_personal_path_redaction_only
${PROJECT_MSC_ROOT}/msc_thesis/main_system/isolated_workspaces/hourvideo_direct_api_eval300_v1/outputs/direct_v1_formal/direct_v1_2_3x16_r1_r3_eval300_formal_v1/route_status/R1:71fbc5bf-7e2a-415d-86bc-3a948742e904_8_1.json,baa145c743b98a1e787ed6cd76d5a4f884a541e6d7f977f440d94f959efceec8,591,artifacts/SUPERSEDED_FOR_THESIS/old_formal_88/route_status/R1:71fbc5bf-7e2a-415d-86bc-3a948742e904_8_1.json,15675fa55fbd4f0626cc7d98d3d6f10eb6492de75798a1e8fa394b0bbefadc6f,569,old 300 R1 + frozen 300 R3 source route statuses,absolute_personal_path_redaction_only
${PROJECT_MSC_ROOT}/msc_thesis/main_system/isolated_workspaces/hourvideo_direct_api_eval300_v1/outputs/direct_v1_formal/direct_v1_2_3x16_r1_r3_eval300_formal_v1/route_status/R1:71fbc5bf-7e2a-415d-86bc-3a948742e904_8_20.json,07e70d071587b5687839c7a76eb5e807435ccdf486b47ef0dbf7235e2eebb5e0,594,artifacts/SUPERSEDED_FOR_THESIS/old_formal_88/route_status/R1:71fbc5bf-7e2a-415d-86bc-3a948742e904_8_20.json,f08360c53a3ff561324c1925e32868eabde4a1e7cd5484467a8ca1f62ed1993f,572,old 300 R1 + frozen 300 R3 source route statuses,absolute_personal_path_redaction_only
${PROJECT_MSC_ROOT}/msc_thesis/main_system/isolated_workspaces/hourvideo_direct_api_eval300_v1/outputs/direct_v1_formal/direct_v1_2_3x16_r1_r3_eval300_formal_v1/route_status/R1:71fbc5bf-7e2a-415d-86bc-3a948742e904_8_8.json,04bf7183aa1c12c1109974faf2dea1ad9546f88e6cc18889ac1cda73ab76d404,592,artifacts/SUPERSEDED_FOR_THESIS/old_formal_88/route_status/R1:71fbc5bf-7e2a-415d-86bc-3a948742e904_8_8.json,e482e89406448a0346a88aad0fc2945f40d87983289ce4a2dfa71d885342916b,570,old 300 R1 + frozen 300 R3 source route statuses,absolute_personal_path_redaction_only
${PROJECT_MSC_ROOT}/msc_thesis/main_system/isolated_workspaces/hourvideo_direct_api_eval300_v1/outputs/direct_v1_formal/direct_v1_2_3x16_r1_r3_eval300_formal_v1/route_status/R1:7ddbf8a2-5b3e-44cd-b9dc-db17ec06831b_11_12.json,b6a1d3b78b9e05b372b6ec365360f8ccd31f4c44649eb73af2215efbe65a4e6a,595,artifacts/SUPERSEDED_FOR_THESIS/old_formal_88/route_status/R1:7ddbf8a2-5b3e-44cd-b9dc-db17ec06831b_11_12.json,4c0351105ecef8cea9b82f146e0b9b1fa1d30919b2f87f521b4334265abb22b5,573,old 300 R1 + frozen 300 R3 source route statuses,absolute_personal_path_redaction_only
${PROJECT_MSC_ROOT}/msc_thesis/main_system/isolated_workspaces/hourvideo_direct_api_eval300_v1/outputs/direct_v1_formal/direct_v1_2_3x16_r1_r3_eval300_formal_v1/route_status/R1:7ddbf8a2-5b3e-44cd-b9dc-db17ec06831b_11_14.json,24a46118ebbee16cfbdfe1205a2aea6a19a3eeebdcf4cb37de28b770099b52d8,596,artifacts/SUPERSEDED_FOR_THESIS/old_formal_88/route_status/R1:7ddbf8a2-5b3e-44cd-b9dc-db17ec06831b_11_14.json,09a06d17f066942b726acb15f948cf36107a875eee4d2298082ca24f2fc8e23a,574,old 300 R1 + frozen 300 R3 source route statuses,absolute_personal_path_redaction_only
${PROJECT_MSC_ROOT}/msc_thesis/main_system/isolated_workspaces/hourvideo_direct_api_eval300_v1/outputs/direct_v1_formal/direct_v1_2_3x16_r1_r3_eval300_formal_v1/route_status/R1:7ddbf8a2-5b3e-44cd-b9dc-db17ec06831b_11_17.json,4941f72ecdd190d435be2ad50839d1bba23a05020907d8a226058fdfc77cc4f8,583,artifacts/SUPERSEDED_FOR_THESIS/old_formal_88/route_status/R1:7ddbf8a2-5b3e-44cd-b9dc-db17ec06831b_11_17.json,4e92a2ecb19b51da57af8d624471496c530fd4eb1f464a6d6924c4b544209e66,561,old 300 R1 + frozen 300 R3 source route statuses,absolute_personal_path_redaction_only
${PROJECT_MSC_ROOT}/msc_thesis/main_system/isolated_workspaces/hourvideo_direct_api_eval300_v1/outputs/direct_v1_formal/direct_v1_2_3x16_r1_r3_eval300_formal_v1/route_status/R1:7ddbf8a2-5b3e-44cd-b9dc-db17ec06831b_17_15.json,c4ed0e6dd2975c4384926e13b96e8577c0eeff7eb7d70ed0f8151f954599f86a,584,artifacts/SUPERSEDED_FOR_THESIS/old_formal_88/route_status/R1:7ddbf8a2-5b3e-44cd-b9dc-db17ec06831b_17_15.json,c976370bf90e892b4fcab2d5812a8ce42ca40cf5553e64613bf0a79da9c8a3b3,562,old 300 R1 + frozen 300 R3 source route statuses,absolute_personal_path_redaction_only
${PROJECT_MSC_ROOT}/msc_thesis/main_system/isolated_workspaces/hourvideo_direct_api_eval300_v1/outputs/direct_v1_formal/direct_v1_2_3x16_r1_r3_eval300_formal_v1/route_status/R1:7ddbf8a2-5b3e-44cd-b9dc-db17ec06831b_17_6.json,5b3c4d913ef3421cb919d2aaec33a87f24ec37adcc3ed7c78095e6631dc6c610,593,artifacts/SUPERSEDED_FOR_THESIS/old_formal_88/route_status/R1:7ddbf8a2-5b3e-44cd-b9dc-db17ec06831b_17_6.json,61a3c8860ecce4034ac7b42a337a5bf01b0a61125c8acfc9dbf236523893adf9,571,old 300 R1 + frozen 300 R3 source route statuses,absolute_personal_path_redaction_only
${PROJECT_MSC_ROOT}/msc_thesis/main_system/isolated_workspaces/hourvideo_direct_api_eval300_v1/outputs/direct_v1_formal/direct_v1_2_3x16_r1_r3_eval300_formal_v1/route_status/R1:7ddbf8a2-5b3e-44cd-b9dc-db17ec06831b_22_23.json,e078924e9edb827d667ae3737db4b702583042c426beb402baf24d80aaf6337f,584,artifacts/SUPERSEDED_FOR_THESIS/old_formal_88/route_status/R1:7ddbf8a2-5b3e-44cd-b9dc-db17ec06831b_22_23.json,08af225b58c6a0f85e55b835cba386785bc75d69fc682a4dbf37e752769c619e,562,old 300 R1 + frozen 300 R3 source route statuses,absolute_personal_path_redaction_only
${PROJECT_MSC_ROOT}/msc_thesis/main_system/isolated_workspaces/hourvideo_direct_api_eval300_v1/outputs/direct_v1_formal/direct_v1_2_3x16_r1_r3_eval300_formal_v1/route_status/R1:7ddbf8a2-5b3e-44cd-b9dc-db17ec06831b_22_3.json,5dcd1e43762fc57549e8fd2d1590f854951ab5b9ddff01dc092baa490a76635e,582,artifacts/SUPERSEDED_FOR_THESIS/old_formal_88/route_status/R1:7ddbf8a2-5b3e-44cd-b9dc-db17ec06831b_22_3.json,05395b2f98260b71b4af67cecb5c02df3e57793322372db175756f99e77a5d18,560,old 300 R1 + frozen 300 R3 source route statuses,absolute_personal_path_redaction_only
${PROJECT_MSC_ROOT}/msc_thesis/main_system/isolated_workspaces/hourvideo_direct_api_eval300_v1/outputs/direct_v1_formal/direct_v1_2_3x16_r1_r3_eval300_formal_v1/route_status/R1:7ddbf8a2-5b3e-44cd-b9dc-db17ec06831b_4_19.json,d42fb43bbf1140ab13578d2e0cd9534cc505928381c51890c5cbefe222f892d5,582,artifacts/SUPERSEDED_FOR_THESIS/old_formal_88/route_status/R1:7ddbf8a2-5b3e-44cd-b9dc-db17ec06831b_4_19.json,c27dee7b0e526330e0a15b902d1b5c56515b490b55985a4389bff4291c624a6b,560,old 300 R1 + frozen 300 R3 source route statuses,absolute_personal_path_redaction_only
${PROJECT_MSC_ROOT}/msc_thesis/main_system/isolated_workspaces/hourvideo_direct_api_eval300_v1/outputs/direct_v1_formal/direct_v1_2_3x16_r1_r3_eval300_formal_v1/route_status/R1:7ddbf8a2-5b3e-44cd-b9dc-db17ec06831b_4_2.json,36565b235ba1ff99c1b3b59ed16460371bc8f69f77cf85245e0881867750c1fd,581,artifacts/SUPERSEDED_FOR_THESIS/old_formal_88/route_status/R1:7ddbf8a2-5b3e-44cd-b9dc-db17ec06831b_4_2.json,d276ae73f2b9dc0c4a53521eeb76fe0008c756c3aaa2d8a70e2a9cac5fb7110a,559,old 300 R1 + frozen 300 R3 source route statuses,absolute_personal_path_redaction_only
${PROJECT_MSC_ROOT}/msc_thesis/main_system/isolated_workspaces/hourvideo_direct_api_eval300_v1/outputs/direct_v1_formal/direct_v1_2_3x16_r1_r3_eval300_formal_v1/route_status/R1:7ddbf8a2-5b3e-44cd-b9dc-db17ec06831b_4_24.json,97cc6fb2b9f930f33e47a5f8f099d994308a238892471baf0d459a21b87038f1,582,artifacts/SUPERSEDED_FOR_THESIS/old_formal_88/route_status/R1:7ddbf8a2-5b3e-44cd-b9dc-db17ec06831b_4_24.json,38fd3eeaf25adfa963a89c2735eceb06560e9b8cacb95558bacee5b1c69bc170,560,old 300 R1 + frozen 300 R3 source route statuses,absolute_personal_path_redaction_only
${PROJECT_MSC_ROOT}/msc_thesis/main_system/isolated_workspaces/hourvideo_direct_api_eval300_v1/outputs/direct_v1_formal/direct_v1_2_3x16_r1_r3_eval300_formal_v1/route_status/R1:7ddbf8a2-5b3e-44cd-b9dc-db17ec06831b_4_9.json,87bddec1d3e0245b7910fb72e465743eb5b439c56062b2da5d357b9ef5dcc3e4,581,artifacts/SUPERSEDED_FOR_THESIS/old_formal_88/route_status/R1:7ddbf8a2-5b3e-44cd-b9dc-db17ec06831b_4_9.json,55c225abc0988f088e711ca7168fd99ef39f093e22863d57e59b3faa31500fe8,559,old 300 R1 + frozen 300 R3 source route statuses,absolute_personal_path_redaction_only
${PROJECT_MSC_ROOT}/msc_thesis/main_system/isolated_workspaces/hourvideo_direct_api_eval300_v1/outputs/direct_v1_formal/direct_v1_2_3x16_r1_r3_eval300_formal_v1/route_status/R1:7ddbf8a2-5b3e-44cd-b9dc-db17ec06831b_5_1.json,09754e646a9601afa854cec6b448e687aaa54dc96e00faada11735d9ccc88cff,591,artifacts/SUPERSEDED_FOR_THESIS/old_formal_88/route_status/R1:7ddbf8a2-5b3e-44cd-b9dc-db17ec06831b_5_1.json,69d0f0b0f3f003d6cab12843f6507a84204e601999a770f131cf7cc063f24756,569,old 300 R1 + frozen 300 R3 source route statuses,absolute_personal_path_redaction_only
${PROJECT_MSC_ROOT}/msc_thesis/main_system/isolated_workspaces/hourvideo_direct_api_eval300_v1/outputs/direct_v1_formal/direct_v1_2_3x16_r1_r3_eval300_formal_v1/route_status/R1:7ddbf8a2-5b3e-44cd-b9dc-db17ec06831b_5_22.json,c8a2cc84cf9340fb989b673ae4e35f99ba8095fbaf67c2fa4ad7472b104e0abe,593,artifacts/SUPERSEDED_FOR_THESIS/old_formal_88/route_status/R1:7ddbf8a2-5b3e-44cd-b9dc-db17ec06831b_5_22.json,99afb875863febbf82eb911ada1e544d028473edbd24e43ea708a3941c034a4e,571,old 300 R1 + frozen 300 R3 source route statuses,absolute_personal_path_redaction_only
${PROJECT_MSC_ROOT}/msc_thesis/main_system/isolated_workspaces/hourvideo_direct_api_eval300_v1/outputs/direct_v1_formal/direct_v1_2_3x16_r1_r3_eval300_formal_v1/route_status/R1:7ddbf8a2-5b3e-44cd-b9dc-db17ec06831b_6_7.json,b30b422c7718f260537ec40e59ae95c0b8ee301b64b4533b1d41f65d1c4c8108,581,artifacts/SUPERSEDED_FOR_THESIS/old_formal_88/route_status/R1:7ddbf8a2-5b3e-44cd-b9dc-db17ec06831b_6_7.json,e829aa9d85c1161ba2777872a8f927eea9641c51c8997819e0bd3d8cddb5180f,559,old 300 R1 + frozen 300 R3 source route statuses,absolute_personal_path_redaction_only
${PROJECT_MSC_ROOT}/msc_thesis/main_system/isolated_workspaces/hourvideo_direct_api_eval300_v1/outputs/direct_v1_formal/direct_v1_2_3x16_r1_r3_eval300_formal_v1/route_status/R1:7ddbf8a2-5b3e-44cd-b9dc-db17ec06831b_6_8.json,b02eb6ce4da5b453e17bcd6607b7264a2344b436507b9a51f70e7d1a0f0c7296,580,artifacts/SUPERSEDED_FOR_THESIS/old_formal_88/route_status/R1:7ddbf8a2-5b3e-44cd-b9dc-db17ec06831b_6_8.json,3fc2d47516b646ecb5df6e526b124ae0ecfc8d63f4705d9b6c9b4908bab7092d,558,old 300 R1 + frozen 300 R3 source route statuses,absolute_personal_path_redaction_only
${PROJECT_MSC_ROOT}/msc_thesis/main_system/isolated_workspaces/hourvideo_direct_api_eval300_v1/outputs/direct_v1_formal/direct_v1_2_3x16_r1_r3_eval300_formal_v1/route_status/R1:7ddbf8a2-5b3e-44cd-b9dc-db17ec06831b_7_11.json,6aa9ed248ff2db63a2e619b9a2570b83700eb1a0c465b54ec175c7675bc2ccd1,583,artifacts/SUPERSEDED_FOR_THESIS/old_formal_88/route_status/R1:7ddbf8a2-5b3e-44cd-b9dc-db17ec06831b_7_11.json,29e95789b22bd186ac7d74ba2cca232f77489f5f541f730680245559488ab00e,561,old 300 R1 + frozen 300 R3 source route statuses,absolute_personal_path_redaction_only
${PROJECT_MSC_ROOT}/msc_thesis/main_system/isolated_workspaces/hourvideo_direct_api_eval300_v1/outputs/direct_v1_formal/direct_v1_2_3x16_r1_r3_eval300_formal_v1/route_status/R1:7ddbf8a2-5b3e-44cd-b9dc-db17ec06831b_7_16.json,322a82caaa0bcc190a382d2fce6615b4a39029259d0a2cc2ff4f7f5d640fcaac,581,artifacts/SUPERSEDED_FOR_THESIS/old_formal_88/route_status/R1:7ddbf8a2-5b3e-44cd-b9dc-db17ec06831b_7_16.json,57431035187898dda66ee370b0ef2a781e5d427b8daf3eb69c106017dfb95a26,559,old 300 R1 + frozen 300 R3 source route statuses,absolute_personal_path_redaction_only
${PROJECT_MSC_ROOT}/msc_thesis/main_system/isolated_workspaces/hourvideo_direct_api_eval300_v1/outputs/direct_v1_formal/direct_v1_2_3x16_r1_r3_eval300_formal_v1/route_status/R1:7ddbf8a2-5b3e-44cd-b9dc-db17ec06831b_7_21.json,cf27933ad2921ddcdaca7f6ff4e862b3a4aea5ee3b3219bdb0f14b3f31e57446,594,artifacts/SUPERSEDED_FOR_THESIS/old_formal_88/route_status/R1:7ddbf8a2-5b3e-44cd-b9dc-db17ec06831b_7_21.json,fe07f092c0608c0f754653d7fa7a798717bf93d68b7daa8a3fd901bea616ce49,572,old 300 R1 + frozen 300 R3 source route statuses,absolute_personal_path_redaction_only
${PROJECT_MSC_ROOT}/msc_thesis/main_system/isolated_workspaces/hourvideo_direct_api_eval300_v1/outputs/direct_v1_formal/direct_v1_2_3x16_r1_r3_eval300_formal_v1/route_status/R1:7ddbf8a2-5b3e-44cd-b9dc-db17ec06831b_7_4.json,5b98611eff825e60de5861fbcc3f1fba916b7cb6c8f7657d55b8e9ea1b1cc738,581,artifacts/SUPERSEDED_FOR_THESIS/old_formal_88/route_status/R1:7ddbf8a2-5b3e-44cd-b9dc-db17ec06831b_7_4.json,71a3f60a22cc36569d25a64642299e3c3a1f5248c5698e8e049bc5582e0b4060,559,old 300 R1 + frozen 300 R3 source route statuses,absolute_personal_path_redaction_only
${PROJECT_MSC_ROOT}/msc_thesis/main_system/isolated_workspaces/hourvideo_direct_api_eval300_v1/outputs/direct_v1_formal/direct_v1_2_3x16_r1_r3_eval300_formal_v1/route_status/R1:7ddbf8a2-5b3e-44cd-b9dc-db17ec06831b_7_5.json,8776756b74e83305f4359dca123e264d02c1afe4e57af8e78db4b5832d121c1a,580,artifacts/SUPERSEDED_FOR_THESIS/old_formal_88/route_status/R1:7ddbf8a2-5b3e-44cd-b9dc-db17ec06831b_7_5.json,f1527cc24d02cf885cc80e3d4392f7e9c6897851cf90d36ea2b5bcdcb3b76701,558,old 300 R1 + frozen 300 R3 source route statuses,absolute_personal_path_redaction_only
${PROJECT_MSC_ROOT}/msc_thesis/main_system/isolated_workspaces/hourvideo_direct_api_eval300_v1/outputs/direct_v1_formal/direct_v1_2_3x16_r1_r3_eval300_formal_v1/route_status/R1:7ddbf8a2-5b3e-44cd-b9dc-db17ec06831b_8_10.json,ff821e5f5a384a75f23fed1431d47fdbe865e7bf6eef5b57521f48bebff66b42,593,artifacts/SUPERSEDED_FOR_THESIS/old_formal_88/route_status/R1:7ddbf8a2-5b3e-44cd-b9dc-db17ec06831b_8_10.json,2bc16d1610803c801a2720aa05df88c4c3766b6f3bceea0c80e79afcb4b67dc7,571,old 300 R1 + frozen 300 R3 source route statuses,absolute_personal_path_redaction_only
${PROJECT_MSC_ROOT}/msc_thesis/main_system/isolated_workspaces/hourvideo_direct_api_eval300_v1/outputs/direct_v1_formal/direct_v1_2_3x16_r1_r3_eval300_formal_v1/route_status/R1:7ddbf8a2-5b3e-44cd-b9dc-db17ec06831b_8_13.json,a7e2f80cf6ab213da2e017a847032b9640f0627cc702378d756d582c3153af37,582,artifacts/SUPERSEDED_FOR_THESIS/old_formal_88/route_status/R1:7ddbf8a2-5b3e-44cd-b9dc-db17ec06831b_8_13.json,19b491f7e028c1aca1fecf2057d4f0a87524a6964befff9d4cc57f61868d8247,560,old 300 R1 + frozen 300 R3 source route statuses,absolute_personal_path_redaction_only
${PROJECT_MSC_ROOT}/msc_thesis/main_system/isolated_workspaces/hourvideo_direct_api_eval300_v1/outputs/direct_v1_formal/direct_v1_2_3x16_r1_r3_eval300_formal_v1/route_status/R1:7ddbf8a2-5b3e-44cd-b9dc-db17ec06831b_8_18.json,b7f133f1101566ac4caeefd402cbada97aae2505548a55933ddcd3562cd8807a,593,artifacts/SUPERSEDED_FOR_THESIS/old_formal_88/route_status/R1:7ddbf8a2-5b3e-44cd-b9dc-db17ec06831b_8_18.json,8432e2ac17671edbbd62b33b403b3e6f2e8d374c291d31719c1a8fd807237fb4,571,old 300 R1 + frozen 300 R3 source route statuses,absolute_personal_path_redaction_only
${PROJECT_MSC_ROOT}/msc_thesis/main_system/isolated_workspaces/hourvideo_direct_api_eval300_v1/outputs/direct_v1_formal/direct_v1_2_3x16_r1_r3_eval300_formal_v1/route_status/R1:7ddbf8a2-5b3e-44cd-b9dc-db17ec06831b_8_20.json,44cf5f9333af5448ff4ee7509638b83e8bc9e2b11a8acfdebf1959d6bf402f87,583,artifacts/SUPERSEDED_FOR_THESIS/old_formal_88/route_status/R1:7ddbf8a2-5b3e-44cd-b9dc-db17ec06831b_8_20.json,a0d581595380014073fbcf0e4631286ad5848b01cfdb3de4b553b5a8fdbcadc2,561,old 300 R1 + frozen 300 R3 source route statuses,absolute_personal_path_redaction_only
${PROJECT_MSC_ROOT}/msc_thesis/main_system/isolated_workspaces/hourvideo_direct_api_eval300_v1/outputs/direct_v1_formal/direct_v1_2_3x16_r1_r3_eval300_formal_v1/route_status/R1:7ddbf8a2-5b3e-44cd-b9dc-db17ec06831b_8_25.json,1af4fcedaac2bf17a1837d1f6b5181d2e8788198df9028d2a0bae47042f9d767,593,artifacts/SUPERSEDED_FOR_THESIS/old_formal_88/route_status/R1:7ddbf8a2-5b3e-44cd-b9dc-db17ec06831b_8_25.json,cde80a3623c0f2e07a27693b29325b311e094a47e502c1607ce999223158a752,571,old 300 R1 + frozen 300 R3 source route statuses,absolute_personal_path_redaction_only
${PROJECT_MSC_ROOT}/msc_thesis/main_system/isolated_workspaces/hourvideo_direct_api_eval300_v1/outputs/direct_v1_formal/direct_v1_2_3x16_r1_r3_eval300_formal_v1/route_status/R1:7e512589-aa97-41e8-83d3-af2e83e4fd06_11_14.json,381561e543de223f1db60ed01b571984d28908c8c7bc7e473e158f05b8d430a9,585,artifacts/SUPERSEDED_FOR_THESIS/old_formal_88/route_status/R1:7e512589-aa97-41e8-83d3-af2e83e4fd06_11_14.json,d142abc7080c51bd5440b61e99977d2b6b75a9aa533d4c83790bcf45e4915aa3,563,old 300 R1 + frozen 300 R3 source route statuses,absolute_personal_path_redaction_only
${PROJECT_MSC_ROOT}/msc_thesis/main_system/isolated_workspaces/hourvideo_direct_api_eval300_v1/outputs/direct_v1_formal/direct_v1_2_3x16_r1_r3_eval300_formal_v1/route_status/R1:7e512589-aa97-41e8-83d3-af2e83e4fd06_11_18.json,dcb048269a5d044dc8106d6e64112371fdec8a094f9fa1075aa70e9ec03fe39f,585,artifacts/SUPERSEDED_FOR_THESIS/old_formal_88/route_status/R1:7e512589-aa97-41e8-83d3-af2e83e4fd06_11_18.json,73b50909be3f768ae9e3f150e9ce85fadaa613b31f1e98850242d17113aaa099,563,old 300 R1 + frozen 300 R3 source route statuses,absolute_personal_path_redaction_only
${PROJECT_MSC_ROOT}/msc_thesis/main_system/isolated_workspaces/hourvideo_direct_api_eval300_v1/outputs/direct_v1_formal/direct_v1_2_3x16_r1_r3_eval300_formal_v1/route_status/R1:7e512589-aa97-41e8-83d3-af2e83e4fd06_11_24.json,196de197815c4196a9a3e010da7df2bfb3321ff17fc62726b4c13131311ea6ec,595,artifacts/SUPERSEDED_FOR_THESIS/old_formal_88/route_status/R1:7e512589-aa97-41e8-83d3-af2e83e4fd06_11_24.json,0803a812c0084c996b467a3c73b4dc340183468e7f8bf9cd2af5037bcc4aa404,573,old 300 R1 + frozen 300 R3 source route statuses,absolute_personal_path_redaction_only
${PROJECT_MSC_ROOT}/msc_thesis/main_system/isolated_workspaces/hourvideo_direct_api_eval300_v1/outputs/direct_v1_formal/direct_v1_2_3x16_r1_r3_eval300_formal_v1/route_status/R1:7e512589-aa97-41e8-83d3-af2e83e4fd06_17_10.json,46bfe05d7e3a90fd1b8cbe5de774ab330eff09fd5ddd88b4ba11556b0dc97257,596,artifacts/SUPERSEDED_FOR_THESIS/old_formal_88/route_status/R1:7e512589-aa97-41e8-83d3-af2e83e4fd06_17_10.json,c9c82223e393edc264d967eb71265b322c128e446421b0cf29b7d15f72af3bf7,574,old 300 R1 + frozen 300 R3 source route statuses,absolute_personal_path_redaction_only
${PROJECT_MSC_ROOT}/msc_thesis/main_system/isolated_workspaces/hourvideo_direct_api_eval300_v1/outputs/direct_v1_formal/direct_v1_2_3x16_r1_r3_eval300_formal_v1/route_status/R1:7e512589-aa97-41e8-83d3-af2e83e4fd06_17_16.json,dd5bd27894c7614c7e02791d44569a20c0670bbc9c25d91c1c5edfc4cba8f010,584,artifacts/SUPERSEDED_FOR_THESIS/old_formal_88/route_status/R1:7e512589-aa97-41e8-83d3-af2e83e4fd06_17_16.json,3a0ed7e612e6d773a794f5414c5405eec84b6583bceea71c0d339d3134ccb54d,562,old 300 R1 + frozen 300 R3 source route statuses,absolute_personal_path_redaction_only
${PROJECT_MSC_ROOT}/msc_thesis/main_system/isolated_workspaces/hourvideo_direct_api_eval300_v1/outputs/direct_v1_formal/direct_v1_2_3x16_r1_r3_eval300_formal_v1/route_status/R1:7e512589-aa97-41e8-83d3-af2e83e4fd06_17_2.json,49cec048bb6a588ba0ee511c27f80723fb0517a5756f246d90967ec47985c97a,583,artifacts/SUPERSEDED_FOR_THESIS/old_formal_88/route_status/R1:7e512589-aa97-41e8-83d3-af2e83e4fd06_17_2.json,6db5dc6f65c4393f61fd9478d51f470f49aad46da3f340e96eac53b463e6276b,561,old 300 R1 + frozen 300 R3 source route statuses,absolute_personal_path_redaction_only
${PROJECT_MSC_ROOT}/msc_thesis/main_system/isolated_workspaces/hourvideo_direct_api_eval300_v1/outputs/direct_v1_formal/direct_v1_2_3x16_r1_r3_eval300_formal_v1/route_status/R1:7e512589-aa97-41e8-83d3-af2e83e4fd06_17_30.json,5ac311c8b8ca26cea630235dd922c762bafa932b1aeaf99024c28d5d4500935d,584,artifacts/SUPERSEDED_FOR_THESIS/old_formal_88/route_status/R1:7e512589-aa97-41e8-83d3-af2e83e4fd06_17_30.json,707a45aac584410bd35ec0db0068b06124eccb5852a8c76a287e35eaed6f99a4,562,old 300 R1 + frozen 300 R3 source route statuses,absolute_personal_path_redaction_only
${PROJECT_MSC_ROOT}/msc_thesis/main_system/isolated_workspaces/hourvideo_direct_api_eval300_v1/outputs/direct_v1_formal/direct_v1_2_3x16_r1_r3_eval300_formal_v1/route_status/R1:7e512589-aa97-41e8-83d3-af2e83e4fd06_17_34.json,da4f782a763a013e791bd7a9dfe6c3e4718a4547c34adcbc5eefa4946f0b1da8,585,artifacts/SUPERSEDED_FOR_THESIS/old_formal_88/route_status/R1:7e512589-aa97-41e8-83d3-af2e83e4fd06_17_34.json,b591928117f922ace2a5696238ccb44537562454402d23b2d1eaeb10448bbf3b,563,old 300 R1 + frozen 300 R3 source route statuses,absolute_personal_path_redaction_only
${PROJECT_MSC_ROOT}/msc_thesis/main_system/isolated_workspaces/hourvideo_direct_api_eval300_v1/outputs/direct_v1_formal/direct_v1_2_3x16_r1_r3_eval300_formal_v1/route_status/R1:7e512589-aa97-41e8-83d3-af2e83e4fd06_21_19.json,47af95d592b4ca4ffb90bfc5a49f1fb844abb097fa35e66b088eda667b203253,596,artifacts/SUPERSEDED_FOR_THESIS/old_formal_88/route_status/R1:7e512589-aa97-41e8-83d3-af2e83e4fd06_21_19.json,226728701a4eb4f73c7a8e120e7573cf29a8a76ef0cb80bfb8183c3b99a19ccd,574,old 300 R1 + frozen 300 R3 source route statuses,absolute_personal_path_redaction_only
${PROJECT_MSC_ROOT}/msc_thesis/main_system/isolated_workspaces/hourvideo_direct_api_eval300_v1/outputs/direct_v1_formal/direct_v1_2_3x16_r1_r3_eval300_formal_v1/route_status/R1:7e512589-aa97-41e8-83d3-af2e83e4fd06_22_11.json,cd84276df4be8faeb8386b3485c8e1140aabdae34eb637fdb21677981086de07,585,artifacts/SUPERSEDED_FOR_THESIS/old_formal_88/route_status/R1:7e512589-aa97-41e8-83d3-af2e83e4fd06_22_11.json,42a37eea2166e77b2c98a8497d7d9f8a6b64cbafaa5d50adce441c7e5bc05a3d,563,old 300 R1 + frozen 300 R3 source route statuses,absolute_personal_path_redaction_only
${PROJECT_MSC_ROOT}/msc_thesis/main_system/isolated_workspaces/hourvideo_direct_api_eval300_v1/outputs/direct_v1_formal/direct_v1_2_3x16_r1_r3_eval300_formal_v1/route_status/R1:7e512589-aa97-41e8-83d3-af2e83e4fd06_22_8.json,e853a44d655d6f1fc73a6480eb83cf8e875c26184e4a95970cfa6b8ba463a54e,583,artifacts/SUPERSEDED_FOR_THESIS/old_formal_88/route_status/R1:7e512589-aa97-41e8-83d3-af2e83e4fd06_22_8.json,72869d8de63182d53b3677f31a8a53970cd2df36334e69dc04bd29dae1e084c6,561,old 300 R1 + frozen 300 R3 source route statuses,absolute_personal_path_redaction_only
${PROJECT_MSC_ROOT}/msc_thesis/main_system/isolated_workspaces/hourvideo_direct_api_eval300_v1/outputs/direct_v1_formal/direct_v1_2_3x16_r1_r3_eval300_formal_v1/route_status/R1:7e512589-aa97-41e8-83d3-af2e83e4fd06_23_28.json,d76d966f58d03c0783008fab63961b2024fe041d98edead50bb3bad5f2089d76,585,artifacts/SUPERSEDED_FOR_THESIS/old_formal_88/route_status/R1:7e512589-aa97-41e8-83d3-af2e83e4fd06_23_28.json,35268c63bc80461eb89ab2908499d4d5b08c560015df96996d7c40d8e0e55c70,563,old 300 R1 + frozen 300 R3 source route statuses,absolute_personal_path_redaction_only
${PROJECT_MSC_ROOT}/msc_thesis/main_system/isolated_workspaces/hourvideo_direct_api_eval300_v1/outputs/direct_v1_formal/direct_v1_2_3x16_r1_r3_eval300_formal_v1/route_status/R1:7e512589-aa97-41e8-83d3-af2e83e4fd06_3_21.json,c30d44897b98ef7f79f37a66a72a7bc6b35dd6c6ffc60f9837c9aaf9c0a211f6,593,artifacts/SUPERSEDED_FOR_THESIS/old_formal_88/route_status/R1:7e512589-aa97-41e8-83d3-af2e83e4fd06_3_21.json,5b7667ecc0baa473dfca71709e7509b46c88b9a1c121c5944cef8692e621bf4f,571,old 300 R1 + frozen 300 R3 source route statuses,absolute_personal_path_redaction_only
${PROJECT_MSC_ROOT}/msc_thesis/main_system/isolated_workspaces/hourvideo_direct_api_eval300_v1/outputs/direct_v1_formal/direct_v1_2_3x16_r1_r3_eval300_formal_v1/route_status/R1:7e512589-aa97-41e8-83d3-af2e83e4fd06_3_26.json,9129cccbdba9fefb8046a0f7d90b09c10fff391cb4121ebb16e3a8c694f575dd,583,artifacts/SUPERSEDED_FOR_THESIS/old_formal_88/route_status/R1:7e512589-aa97-41e8-83d3-af2e83e4fd06_3_26.json,9702c35e7f7d14a9db2fd5dc249866ba3184502672b47870a0b14d2e118d75b2,561,old 300 R1 + frozen 300 R3 source route statuses,absolute_personal_path_redaction_only
${PROJECT_MSC_ROOT}/msc_thesis/main_system/isolated_workspaces/hourvideo_direct_api_eval300_v1/outputs/direct_v1_formal/direct_v1_2_3x16_r1_r3_eval300_formal_v1/route_status/R1:7e512589-aa97-41e8-83d3-af2e83e4fd06_4_3.json,d8efcf38f6445d0d50321f6d0019980f88198c977f314523baa81dc4f3fcfdb3,581,artifacts/SUPERSEDED_FOR_THESIS/old_formal_88/route_status/R1:7e512589-aa97-41e8-83d3-af2e83e4fd06_4_3.json,501e7d7d958826ac2b1f935bba70920236b6dc7c7078e896246631b48900e560,559,old 300 R1 + frozen 300 R3 source route statuses,absolute_personal_path_redaction_only
${PROJECT_MSC_ROOT}/msc_thesis/main_system/isolated_workspaces/hourvideo_direct_api_eval300_v1/outputs/direct_v1_formal/direct_v1_2_3x16_r1_r3_eval300_formal_v1/route_status/R1:7e512589-aa97-41e8-83d3-af2e83e4fd06_4_5.json,524653f345378dea3e7df6606ead1d4849ee636a1bf929210de2d632be2c16b9,581,artifacts/SUPERSEDED_FOR_THESIS/old_formal_88/route_status/R1:7e512589-aa97-41e8-83d3-af2e83e4fd06_4_5.json,300eefa43d822ef23e1818977c463065f486b8690d453fc9ba3b8145dfef097a,559,old 300 R1 + frozen 300 R3 source route statuses,absolute_personal_path_redaction_only
${PROJECT_MSC_ROOT}/msc_thesis/main_system/isolated_workspaces/hourvideo_direct_api_eval300_v1/outputs/direct_v1_formal/direct_v1_2_3x16_r1_r3_eval300_formal_v1/route_status/R1:7e512589-aa97-41e8-83d3-af2e83e4fd06_5_33.json,1a79ee3d62da2b7b0cfb5ad5488818b7f39dbfe5d9101d837dd7f9e653421bf0,594,artifacts/SUPERSEDED_FOR_THESIS/old_formal_88/route_status/R1:7e512589-aa97-41e8-83d3-af2e83e4fd06_5_33.json,58ebd294a5bf3d6e41eed40d2823cf365e4df5932d0c99e9747ace2723f50a68,572,old 300 R1 + frozen 300 R3 source route statuses,absolute_personal_path_redaction_only
${PROJECT_MSC_ROOT}/msc_thesis/main_system/isolated_workspaces/hourvideo_direct_api_eval300_v1/outputs/direct_v1_formal/direct_v1_2_3x16_r1_r3_eval300_formal_v1/route_status/R1:7e512589-aa97-41e8-83d3-af2e83e4fd06_6_15.json,0b0d6195297e622ab63621fd98320b6004ec02f46bfcd54a06bd477272db7819,594,artifacts/SUPERSEDED_FOR_THESIS/old_formal_88/route_status/R1:7e512589-aa97-41e8-83d3-af2e83e4fd06_6_15.json,4bca89c2cb7a853199e9cc2511fcecf0fd57ff951fba4b024dc5577cb9157a06,572,old 300 R1 + frozen 300 R3 source route statuses,absolute_personal_path_redaction_only
${PROJECT_MSC_ROOT}/msc_thesis/main_system/isolated_workspaces/hourvideo_direct_api_eval300_v1/outputs/direct_v1_formal/direct_v1_2_3x16_r1_r3_eval300_formal_v1/route_status/R1:7e512589-aa97-41e8-83d3-af2e83e4fd06_6_27.json,7ac3ca9c40139298b1d0415e9dd85215eee3592f61d9bfbf6003cad53f296e88,593,artifacts/SUPERSEDED_FOR_THESIS/old_formal_88/route_status/R1:7e512589-aa97-41e8-83d3-af2e83e4fd06_6_27.json,9966e5e01bf7ac76c409c358378c2f07774428f479c8fdd33e081a5c2890b4ec,571,old 300 R1 + frozen 300 R3 source route statuses,absolute_personal_path_redaction_only
${PROJECT_MSC_ROOT}/msc_thesis/main_system/isolated_workspaces/hourvideo_direct_api_eval300_v1/outputs/direct_v1_formal/direct_v1_2_3x16_r1_r3_eval300_formal_v1/route_status/R1:7e512589-aa97-41e8-83d3-af2e83e4fd06_6_7.json,2caa94ce57bcd02bf9de1e8e48212838dea08c3c9a0cdac4c1c6bb32924cc50c,592,artifacts/SUPERSEDED_FOR_THESIS/old_formal_88/route_status/R1:7e512589-aa97-41e8-83d3-af2e83e4fd06_6_7.json,9b2b1ef1d103483bd9fbddcba084a3f1b263a90b385469e9c6415e4b9115ef6e,570,old 300 R1 + frozen 300 R3 source route statuses,absolute_personal_path_redaction_only
${PROJECT_MSC_ROOT}/msc_thesis/main_system/isolated_workspaces/hourvideo_direct_api_eval300_v1/outputs/direct_v1_formal/direct_v1_2_3x16_r1_r3_eval300_formal_v1/route_status/R1:7e512589-aa97-41e8-83d3-af2e83e4fd06_7_20.json,3b90fb3c49955bb5d7db70b8a1b6bd3f9f90c0b3fb4e2a35e113403993c12d27,593,artifacts/SUPERSEDED_FOR_THESIS/old_formal_88/route_status/R1:7e512589-aa97-41e8-83d3-af2e83e4fd06_7_20.json,8a2ac8c9f94ad42147fe729e81dd4baeb23c6a858f2c6d81ca745b5ce339b882,571,old 300 R1 + frozen 300 R3 source route statuses,absolute_personal_path_redaction_only
${PROJECT_MSC_ROOT}/msc_thesis/main_system/isolated_workspaces/hourvideo_direct_api_eval300_v1/outputs/direct_v1_formal/direct_v1_2_3x16_r1_r3_eval300_formal_v1/route_status/R1:7e512589-aa97-41e8-83d3-af2e83e4fd06_7_22.json,deb793c0a14504d52a59628049d46462e8bf98014233b7e5a2a22e214a49e632,594,artifacts/SUPERSEDED_FOR_THESIS/old_formal_88/route_status/R1:7e512589-aa97-41e8-83d3-af2e83e4fd06_7_22.json,8cba7e73cf0b0edeffb9754e69d48e42a4dd036c040798be89c55f0a63d68f5a,572,old 300 R1 + frozen 300 R3 source route statuses,absolute_personal_path_redaction_only
${PROJECT_MSC_ROOT}/msc_thesis/main_system/isolated_workspaces/hourvideo_direct_api_eval300_v1/outputs/direct_v1_formal/direct_v1_2_3x16_r1_r3_eval300_formal_v1/route_status/R1:7e512589-aa97-41e8-83d3-af2e83e4fd06_7_23.json,13789867a456a176822fcc51bdd02c5b28d4d25ed86601215117ce698a0af66a,594,artifacts/SUPERSEDED_FOR_THESIS/old_formal_88/route_status/R1:7e512589-aa97-41e8-83d3-af2e83e4fd06_7_23.json,f1a02bc511a477021a21c0828e5584dbe24e2769ff4a1ce6672a139e12e542c0,572,old 300 R1 + frozen 300 R3 source route statuses,absolute_personal_path_redaction_only
${PROJECT_MSC_ROOT}/msc_thesis/main_system/isolated_workspaces/hourvideo_direct_api_eval300_v1/outputs/direct_v1_formal/direct_v1_2_3x16_r1_r3_eval300_formal_v1/route_status/R1:7e512589-aa97-41e8-83d3-af2e83e4fd06_7_4.json,3efe3b4f28c881e09cc54a2a16fbe2f64399f5c6af0b00c06da3a8e66b35b936,581,artifacts/SUPERSEDED_FOR_THESIS/old_formal_88/route_status/R1:7e512589-aa97-41e8-83d3-af2e83e4fd06_7_4.json,a0d74bfa44bc1d52c7cdfc51b9a3057d3748682b1d3b6cb68d2560d9835be1cb,559,old 300 R1 + frozen 300 R3 source route statuses,absolute_personal_path_redaction_only
${PROJECT_MSC_ROOT}/msc_thesis/main_system/isolated_workspaces/hourvideo_direct_api_eval300_v1/outputs/direct_v1_formal/direct_v1_2_3x16_r1_r3_eval300_formal_v1/route_status/R1:7e512589-aa97-41e8-83d3-af2e83e4fd06_8_12.json,c6b19f04d955385055e8eed4948a4e5814795f0040caa57a3950be178466b288,583,artifacts/SUPERSEDED_FOR_THESIS/old_formal_88/route_status/R1:7e512589-aa97-41e8-83d3-af2e83e4fd06_8_12.json,6fba0acfcc780cea362298efc2712646f5f7c0dfd3ef3fefcccce4f4b209d0e5,561,old 300 R1 + frozen 300 R3 source route statuses,absolute_personal_path_redaction_only
${PROJECT_MSC_ROOT}/msc_thesis/main_system/isolated_workspaces/hourvideo_direct_api_eval300_v1/outputs/direct_v1_formal/direct_v1_2_3x16_r1_r3_eval300_formal_v1/route_status/R1:819c8af7-851f-434f-ab32-318285bc54b1_11_14.json,7b17da0a742b199d8d492a1aff3e441426a12216e5b75c8a0f0c59de9be939f5,585,artifacts/SUPERSEDED_FOR_THESIS/old_formal_88/route_status/R1:819c8af7-851f-434f-ab32-318285bc54b1_11_14.json,d4fbba55d4cde4368a823813377ac5f1695f80efc049d6a14e624f43d740db56,563,old 300 R1 + frozen 300 R3 source route statuses,absolute_personal_path_redaction_only
${PROJECT_MSC_ROOT}/msc_thesis/main_system/isolated_workspaces/hourvideo_direct_api_eval300_v1/outputs/direct_v1_formal/direct_v1_2_3x16_r1_r3_eval300_formal_v1/route_status/R1:819c8af7-851f-434f-ab32-318285bc54b1_11_24.json,865f19e23ed89d823d5a5b214d0c95578e831d62fba07e76946ee74b5e9113ba,584,artifacts/SUPERSEDED_FOR_THESIS/old_formal_88/route_status/R1:819c8af7-851f-434f-ab32-318285bc54b1_11_24.json,e6362a388519b94eb1c77febf0924a0f919c8ea55e81bbbda74dc61b7700b3df,562,old 300 R1 + frozen 300 R3 source route statuses,absolute_personal_path_redaction_only
${PROJECT_MSC_ROOT}/msc_thesis/main_system/isolated_workspaces/hourvideo_direct_api_eval300_v1/outputs/direct_v1_formal/direct_v1_2_3x16_r1_r3_eval300_formal_v1/route_status/R1:819c8af7-851f-434f-ab32-318285bc54b1_11_3.json,d8ed84ba06615628860f008dadb6d619bbde06d353a215dedfcb1e2a34fe1304,582,artifacts/SUPERSEDED_FOR_THESIS/old_formal_88/route_status/R1:819c8af7-851f-434f-ab32-318285bc54b1_11_3.json,dc1810c4ba15f554d32eb9dd2ff522a63dcc0aabbd2cd66f0b4e6c0a3ca3243c,560,old 300 R1 + frozen 300 R3 source route statuses,absolute_personal_path_redaction_only
${PROJECT_MSC_ROOT}/msc_thesis/main_system/isolated_workspaces/hourvideo_direct_api_eval300_v1/outputs/direct_v1_formal/direct_v1_2_3x16_r1_r3_eval300_formal_v1/route_status/R1:819c8af7-851f-434f-ab32-318285bc54b1_12_7.json,12879903798a2423d749b3aa1522d63b3aa64bf7f10567d81758d8af973f13f5,582,artifacts/SUPERSEDED_FOR_THESIS/old_formal_88/route_status/R1:819c8af7-851f-434f-ab32-318285bc54b1_12_7.json,fe8098c0b721f859078e81d46cd0e1c09b9638ff2a6f6f2bfc34aa5ac616ff8a,560,old 300 R1 + frozen 300 R3 source route statuses,absolute_personal_path_redaction_only
${PROJECT_MSC_ROOT}/msc_thesis/main_system/isolated_workspaces/hourvideo_direct_api_eval300_v1/outputs/direct_v1_formal/direct_v1_2_3x16_r1_r3_eval300_formal_v1/route_status/R1:819c8af7-851f-434f-ab32-318285bc54b1_17_20.json,5dd405b9b7cf2fc2c70629b2912c49636ee1b5b467ff04db589563e0c431c9a7,584,artifacts/SUPERSEDED_FOR_THESIS/old_formal_88/route_status/R1:819c8af7-851f-434f-ab32-318285bc54b1_17_20.json,430e1d40c58a1a4a36beab46aba0aebf656a53f013c52d7ffb2fe047b9e1f239,562,old 300 R1 + frozen 300 R3 source route statuses,absolute_personal_path_redaction_only
${PROJECT_MSC_ROOT}/msc_thesis/main_system/isolated_workspaces/hourvideo_direct_api_eval300_v1/outputs/direct_v1_formal/direct_v1_2_3x16_r1_r3_eval300_formal_v1/route_status/R1:819c8af7-851f-434f-ab32-318285bc54b1_17_22.json,0dd13055e2dbaa368c00bf4ed72c3c3589ac98c88907b36327b34eb1f3789249,585,artifacts/SUPERSEDED_FOR_THESIS/old_formal_88/route_status/R1:819c8af7-851f-434f-ab32-318285bc54b1_17_22.json,bee2e19a515d4c537745744d4a280af3f6532e98489853822ee4127297bc1791,563,old 300 R1 + frozen 300 R3 source route statuses,absolute_personal_path_redaction_only
${PROJECT_MSC_ROOT}/msc_thesis/main_system/isolated_workspaces/hourvideo_direct_api_eval300_v1/outputs/direct_v1_formal/direct_v1_2_3x16_r1_r3_eval300_formal_v1/route_status/R1:819c8af7-851f-434f-ab32-318285bc54b1_17_26.json,0c2c6b738f66371caf7dcca4aa73beb4c0a64c4e7b68361c93f7393fcbae4dfd,584,artifacts/SUPERSEDED_FOR_THESIS/old_formal_88/route_status/R1:819c8af7-851f-434f-ab32-318285bc54b1_17_26.json,8f79d0bfea4129411c286f749acaadb9936f677bfa0f45948829130c61b73232,562,old 300 R1 + frozen 300 R3 source route statuses,absolute_personal_path_redaction_only
${PROJECT_MSC_ROOT}/msc_thesis/main_system/isolated_workspaces/hourvideo_direct_api_eval300_v1/outputs/direct_v1_formal/direct_v1_2_3x16_r1_r3_eval300_formal_v1/route_status/R1:819c8af7-851f-434f-ab32-318285bc54b1_17_29.json,0c983983e731a5ea49a225616abbf15a98ce1c3f5dcd85f6bdfe65c10158fce3,584,artifacts/SUPERSEDED_FOR_THESIS/old_formal_88/route_status/R1:819c8af7-851f-434f-ab32-318285bc54b1_17_29.json,65acb4333918166ed01e6e8472630a85ae291c1539b43c620912f613da011523,562,old 300 R1 + frozen 300 R3 source route statuses,absolute_personal_path_redaction_only
${PROJECT_MSC_ROOT}/msc_thesis/main_system/isolated_workspaces/hourvideo_direct_api_eval300_v1/outputs/direct_v1_formal/direct_v1_2_3x16_r1_r3_eval300_formal_v1/route_status/R1:819c8af7-851f-434f-ab32-318285bc54b1_18_6.json,463bdfec1a46d1013bd2ad3ff06e5f5d9865d6a76022d8cb6f29e9175a17338d,593,artifacts/SUPERSEDED_FOR_THESIS/old_formal_88/route_status/R1:819c8af7-851f-434f-ab32-318285bc54b1_18_6.json,142c24a9b44f038e99ea5814a22e3dd3ec36821be43e2aace885a4cedff449e5,571,old 300 R1 + frozen 300 R3 source route statuses,absolute_personal_path_redaction_only
${PROJECT_MSC_ROOT}/msc_thesis/main_system/isolated_workspaces/hourvideo_direct_api_eval300_v1/outputs/direct_v1_formal/direct_v1_2_3x16_r1_r3_eval300_formal_v1/route_status/R1:819c8af7-851f-434f-ab32-318285bc54b1_23_5.json,3b4a83d3b051556e2cb6d4da9345a20ab30121d7409962f7af1d44cb3006c8ac,593,artifacts/SUPERSEDED_FOR_THESIS/old_formal_88/route_status/R1:819c8af7-851f-434f-ab32-318285bc54b1_23_5.json,0bf0cbd09a97e92c145d08124e6c451dcfdba71238e5d63c6ba0b1bbb0cf69c8,571,old 300 R1 + frozen 300 R3 source route statuses,absolute_personal_path_redaction_only
${PROJECT_MSC_ROOT}/msc_thesis/main_system/isolated_workspaces/hourvideo_direct_api_eval300_v1/outputs/direct_v1_formal/direct_v1_2_3x16_r1_r3_eval300_formal_v1/route_status/R1:819c8af7-851f-434f-ab32-318285bc54b1_3_12.json,34af63470af2613de436075fc476a6be6b1b8ce110969e7e743157f9b9c70a74,593,artifacts/SUPERSEDED_FOR_THESIS/old_formal_88/route_status/R1:819c8af7-851f-434f-ab32-318285bc54b1_3_12.json,e71337162b906972d23470f41a377c7aa3ee110fa352a3280450d89b73c1711f,571,old 300 R1 + frozen 300 R3 source route statuses,absolute_personal_path_redaction_only
${PROJECT_MSC_ROOT}/msc_thesis/main_system/isolated_workspaces/hourvideo_direct_api_eval300_v1/outputs/direct_v1_formal/direct_v1_2_3x16_r1_r3_eval300_formal_v1/route_status/R1:819c8af7-851f-434f-ab32-318285bc54b1_3_13.json,4e9303d32cfc5d8a1be7e8eff8f4d90d948c085411c353c90216937b5730c414,584,artifacts/SUPERSEDED_FOR_THESIS/old_formal_88/route_status/R1:819c8af7-851f-434f-ab32-318285bc54b1_3_13.json,0b3c1627d924a3c668c9a52dadd23206de797201b115964dd2baef34d1d570bb,562,old 300 R1 + frozen 300 R3 source route statuses,absolute_personal_path_redaction_only
${PROJECT_MSC_ROOT}/msc_thesis/main_system/isolated_workspaces/hourvideo_direct_api_eval300_v1/outputs/direct_v1_formal/direct_v1_2_3x16_r1_r3_eval300_formal_v1/route_status/R1:819c8af7-851f-434f-ab32-318285bc54b1_4_10.json,7654e42473a98e9bd0988990f626a240d254be0f69f7e8377a721ad6c9e8b645,582,artifacts/SUPERSEDED_FOR_THESIS/old_formal_88/route_status/R1:819c8af7-851f-434f-ab32-318285bc54b1_4_10.json,b3a31578605787719ab7b01587bd8fccd53825f1cf967e1b3b96594a63910d8c,560,old 300 R1 + frozen 300 R3 source route statuses,absolute_personal_path_redaction_only
${PROJECT_MSC_ROOT}/msc_thesis/main_system/isolated_workspaces/hourvideo_direct_api_eval300_v1/outputs/direct_v1_formal/direct_v1_2_3x16_r1_r3_eval300_formal_v1/route_status/R1:819c8af7-851f-434f-ab32-318285bc54b1_4_19.json,01a84bf11a6ca2011c4d34ed596e12ecab6c81d3e8a639f440e37a4bf5a6f906,594,artifacts/SUPERSEDED_FOR_THESIS/old_formal_88/route_status/R1:819c8af7-851f-434f-ab32-318285bc54b1_4_19.json,27255e0d9304c840524c8c124786208d7e1017b9ea05d75537fac48682f9197d,572,old 300 R1 + frozen 300 R3 source route statuses,absolute_personal_path_redaction_only
${PROJECT_MSC_ROOT}/msc_thesis/main_system/isolated_workspaces/hourvideo_direct_api_eval300_v1/outputs/direct_v1_formal/direct_v1_2_3x16_r1_r3_eval300_formal_v1/route_status/R1:819c8af7-851f-434f-ab32-318285bc54b1_4_2.json,5a0f18b22af1db73fc9ea78811d23ccd2683b3d804cdba2f540a948cad26aa9d,591,artifacts/SUPERSEDED_FOR_THESIS/old_formal_88/route_status/R1:819c8af7-851f-434f-ab32-318285bc54b1_4_2.json,0a767585e637ea742410bd4b1aec2eab781698eb71e9b071c18ea1ffcdf8dab6,569,old 300 R1 + frozen 300 R3 source route statuses,absolute_personal_path_redaction_only
${PROJECT_MSC_ROOT}/msc_thesis/main_system/isolated_workspaces/hourvideo_direct_api_eval300_v1/outputs/direct_v1_formal/direct_v1_2_3x16_r1_r3_eval300_formal_v1/route_status/R1:819c8af7-851f-434f-ab32-318285bc54b1_4_23.json,d96e151ff43aece9e2c1c661a41574b8db333492782882bad74bb87cfb99e8b9,593,artifacts/SUPERSEDED_FOR_THESIS/old_formal_88/route_status/R1:819c8af7-851f-434f-ab32-318285bc54b1_4_23.json,1f88212028434a17ecd2243e1ad07b48c2da08b71431472b4b2fab535c601e64,571,old 300 R1 + frozen 300 R3 source route statuses,absolute_personal_path_redaction_only
${PROJECT_MSC_ROOT}/msc_thesis/main_system/isolated_workspaces/hourvideo_direct_api_eval300_v1/outputs/direct_v1_formal/direct_v1_2_3x16_r1_r3_eval300_formal_v1/route_status/R1:819c8af7-851f-434f-ab32-318285bc54b1_4_30.json,2331859ddb7aedcdabdd89c68c896313eb9846dd86477092020b01f727b3b7e9,581,artifacts/SUPERSEDED_FOR_THESIS/old_formal_88/route_status/R1:819c8af7-851f-434f-ab32-318285bc54b1_4_30.json,6839b5c2728ad702a69b4fb36c6b9f240542fdf9973bce2fcdad73221f7016b7,559,old 300 R1 + frozen 300 R3 source route statuses,absolute_personal_path_redaction_only
${PROJECT_MSC_ROOT}/msc_thesis/main_system/isolated_workspaces/hourvideo_direct_api_eval300_v1/outputs/direct_v1_formal/direct_v1_2_3x16_r1_r3_eval300_formal_v1/route_status/R1:819c8af7-851f-434f-ab32-318285bc54b1_4_4.json,6b45bef6a9e5cc8332c584e16cd296ed69d254969bf0b75c33cfe06dd8652a1f,581,artifacts/SUPERSEDED_FOR_THESIS/old_formal_88/route_status/R1:819c8af7-851f-434f-ab32-318285bc54b1_4_4.json,03b3e269a1430a88b11f25874d8b366dda34e7c1f233a50e9df7d3d737b5ce6d,559,old 300 R1 + frozen 300 R3 source route statuses,absolute_personal_path_redaction_only
${PROJECT_MSC_ROOT}/msc_thesis/main_system/isolated_workspaces/hourvideo_direct_api_eval300_v1/outputs/direct_v1_formal/direct_v1_2_3x16_r1_r3_eval300_formal_v1/route_status/R1:819c8af7-851f-434f-ab32-318285bc54b1_5_11.json,4e20d34e5d4cb55d20de2f4ad3a0973d9e9d6c041e2e64027a0ed76a3ea36ae9,583,artifacts/SUPERSEDED_FOR_THESIS/old_formal_88/route_status/R1:819c8af7-851f-434f-ab32-318285bc54b1_5_11.json,7f5a6ef6f672125857ec64445b1932d18b92854e5bed350cfe8b4715cc0da52e,561,old 300 R1 + frozen 300 R3 source route statuses,absolute_personal_path_redaction_only
${PROJECT_MSC_ROOT}/msc_thesis/main_system/isolated_workspaces/hourvideo_direct_api_eval300_v1/outputs/direct_v1_formal/direct_v1_2_3x16_r1_r3_eval300_formal_v1/route_status/R1:819c8af7-851f-434f-ab32-318285bc54b1_5_25.json,161c0ecc7c8018545a9d25eba376005a4480a792ca878992ef4caacf7e36c93a,594,artifacts/SUPERSEDED_FOR_THESIS/old_formal_88/route_status/R1:819c8af7-851f-434f-ab32-318285bc54b1_5_25.json,fc4812677e8c49c1572b064b41c25fafb766e0f16f663276d3dcb3a9fa2cd1c5,572,old 300 R1 + frozen 300 R3 source route statuses,absolute_personal_path_redaction_only
${PROJECT_MSC_ROOT}/msc_thesis/main_system/isolated_workspaces/hourvideo_direct_api_eval300_v1/outputs/direct_v1_formal/direct_v1_2_3x16_r1_r3_eval300_formal_v1/route_status/R1:819c8af7-851f-434f-ab32-318285bc54b1_5_28.json,12fbac974d3f9adf392831d841bc9a0a27453faf88749936ff6ab6e4bb50a97f,594,artifacts/SUPERSEDED_FOR_THESIS/old_formal_88/route_status/R1:819c8af7-851f-434f-ab32-318285bc54b1_5_28.json,86cad5915e543a5d121aea13375839ab8fc40f4ff6dc4264fb18d85612e07520,572,old 300 R1 + frozen 300 R3 source route statuses,absolute_personal_path_redaction_only
${PROJECT_MSC_ROOT}/msc_thesis/main_system/isolated_workspaces/hourvideo_direct_api_eval300_v1/outputs/direct_v1_formal/direct_v1_2_3x16_r1_r3_eval300_formal_v1/route_status/R1:819c8af7-851f-434f-ab32-318285bc54b1_7_17.json,9294edb3aa8082b1e47e4cebbf96ee0395696335006d7d12abbeb0ed2eb6af76,583,artifacts/SUPERSEDED_FOR_THESIS/old_formal_88/route_status/R1:819c8af7-851f-434f-ab32-318285bc54b1_7_17.json,4c7e35f67a9c1b695f98bc66fc84751ac7d4a4d96b257add2c1efe8d0be9bc41,561,old 300 R1 + frozen 300 R3 source route statuses,absolute_personal_path_redaction_only
${PROJECT_MSC_ROOT}/msc_thesis/main_system/isolated_workspaces/hourvideo_direct_api_eval300_v1/outputs/direct_v1_formal/direct_v1_2_3x16_r1_r3_eval300_formal_v1/route_status/R1:819c8af7-851f-434f-ab32-318285bc54b1_7_21.json,9f6f32c8f6a6447a31c09aa1647af7555a2cadb6790e93728a197d8689d56741,583,artifacts/SUPERSEDED_FOR_THESIS/old_formal_88/route_status/R1:819c8af7-851f-434f-ab32-318285bc54b1_7_21.json,18a4fc4943aed8a28396378c126c141517cb21111d07a874797f63a5336c23f4,561,old 300 R1 + frozen 300 R3 source route statuses,absolute_personal_path_redaction_only
${PROJECT_MSC_ROOT}/msc_thesis/main_system/isolated_workspaces/hourvideo_direct_api_eval300_v1/outputs/direct_v1_formal/direct_v1_2_3x16_r1_r3_eval300_formal_v1/route_status/R1:819c8af7-851f-434f-ab32-318285bc54b1_8_1.json,cfcd8988e1b140dec557060a9e4daea7640970cce9368169dc2a4fbf9a63a881,592,artifacts/SUPERSEDED_FOR_THESIS/old_formal_88/route_status/R1:819c8af7-851f-434f-ab32-318285bc54b1_8_1.json,630b586c7823b11d1fb83e98155e31e937eeff20f62991b32851de0a859c87d6,570,old 300 R1 + frozen 300 R3 source route statuses,absolute_personal_path_redaction_only
${PROJECT_MSC_ROOT}/msc_thesis/main_system/isolated_workspaces/hourvideo_direct_api_eval300_v1/outputs/direct_v1_formal/direct_v1_2_3x16_r1_r3_eval300_formal_v1/route_status/R1:819c8af7-851f-434f-ab32-318285bc54b1_8_27.json,c126678ad32d247c380aecca235b9d76c26009f60baf8c6891f79b6219264c96,593,artifacts/SUPERSEDED_FOR_THESIS/old_formal_88/route_status/R1:819c8af7-851f-434f-ab32-318285bc54b1_8_27.json,bb4630c1b8d6b319af299702f5c7ad57b0d83d3c0a1e7a98e5decff5a5ff3cba,571,old 300 R1 + frozen 300 R3 source route statuses,absolute_personal_path_redaction_only
${PROJECT_MSC_ROOT}/msc_thesis/main_system/isolated_workspaces/hourvideo_direct_api_eval300_v1/outputs/direct_v1_formal/direct_v1_2_3x16_r1_r3_eval300_formal_v1/route_status/R1:a6d45e95-8dc0-4932-83bf-ec53e265a16a_11_14.json,90534b00f66bcf0e6b59fd987c8b6602197f86bc8e521cb28e6bbccc30184f7b,585,artifacts/SUPERSEDED_FOR_THESIS/old_formal_88/route_status/R1:a6d45e95-8dc0-4932-83bf-ec53e265a16a_11_14.json,a47516441876e33f7e41d84564f3df445de1c0a2243f4985c65743fcb643af78,563,old 300 R1 + frozen 300 R3 source route statuses,absolute_personal_path_redaction_only
${PROJECT_MSC_ROOT}/msc_thesis/main_system/isolated_workspaces/hourvideo_direct_api_eval300_v1/outputs/direct_v1_formal/direct_v1_2_3x16_r1_r3_eval300_formal_v1/route_status/R1:a6d45e95-8dc0-4932-83bf-ec53e265a16a_11_15.json,f7cb60c860b73a9fc85d2b1ce3c77c5bcdfe678fdb05230ba85a309783b800f8,584,artifacts/SUPERSEDED_FOR_THESIS/old_formal_88/route_status/R1:a6d45e95-8dc0-4932-83bf-ec53e265a16a_11_15.json,f6a24747fe21eb34fa33d7faad99ebd73e5bf09912346141953d7a6ff390b8c4,562,old 300 R1 + frozen 300 R3 source route statuses,absolute_personal_path_redaction_only
${PROJECT_MSC_ROOT}/msc_thesis/main_system/isolated_workspaces/hourvideo_direct_api_eval300_v1/outputs/direct_v1_formal/direct_v1_2_3x16_r1_r3_eval300_formal_v1/route_status/R1:a6d45e95-8dc0-4932-83bf-ec53e265a16a_11_28.json,50629149eb500734f03133d5b3c388baf1807e5b2ffa9a216d6af5aff3660477,585,artifacts/SUPERSEDED_FOR_THESIS/old_formal_88/route_status/R1:a6d45e95-8dc0-4932-83bf-ec53e265a16a_11_28.json,8545ed246255c56c3f8c61acba574e1e6b9c118f749f30f872c9f15f8312358c,563,old 300 R1 + frozen 300 R3 source route statuses,absolute_personal_path_redaction_only
${PROJECT_MSC_ROOT}/msc_thesis/main_system/isolated_workspaces/hourvideo_direct_api_eval300_v1/outputs/direct_v1_formal/direct_v1_2_3x16_r1_r3_eval300_formal_v1/route_status/R1:a6d45e95-8dc0-4932-83bf-ec53e265a16a_12_4.json,4d96b53da949537be25fc829c785287bf5feb94731a59255ac36b25f168011bd,593,artifacts/SUPERSEDED_FOR_THESIS/old_formal_88/route_status/R1:a6d45e95-8dc0-4932-83bf-ec53e265a16a_12_4.json,ee9ff382b26a6a79182fa54b2c7222574413e34a47a7e6ac67e0a011fef02ba0,571,old 300 R1 + frozen 300 R3 source route statuses,absolute_personal_path_redaction_only
${PROJECT_MSC_ROOT}/msc_thesis/main_system/isolated_workspaces/hourvideo_direct_api_eval300_v1/outputs/direct_v1_formal/direct_v1_2_3x16_r1_r3_eval300_formal_v1/route_status/R1:a6d45e95-8dc0-4932-83bf-ec53e265a16a_17_10.json,4facef61e17cf6035f799ab6ccb347df83b121473898fa41d5e4ce42488e3947,595,artifacts/SUPERSEDED_FOR_THESIS/old_formal_88/route_status/R1:a6d45e95-8dc0-4932-83bf-ec53e265a16a_17_10.json,fc79e7e7f4d3174a3bbcc1c4e678db43fb3aa3863a3ddf078658df87a2b69086,573,old 300 R1 + frozen 300 R3 source route statuses,absolute_personal_path_redaction_only
${PROJECT_MSC_ROOT}/msc_thesis/main_system/isolated_workspaces/hourvideo_direct_api_eval300_v1/outputs/direct_v1_formal/direct_v1_2_3x16_r1_r3_eval300_formal_v1/route_status/R1:a6d45e95-8dc0-4932-83bf-ec53e265a16a_17_11.json,72401fddff2d736b9e31a9c09c3ac3e58fa05be4c07225ac9e1f65b4e86cb953,585,artifacts/SUPERSEDED_FOR_THESIS/old_formal_88/route_status/R1:a6d45e95-8dc0-4932-83bf-ec53e265a16a_17_11.json,160f9a59a32268fc6c8616e46cb734d6092f9d064e70de0881700563f6eb055f,563,old 300 R1 + frozen 300 R3 source route statuses,absolute_personal_path_redaction_only
${PROJECT_MSC_ROOT}/msc_thesis/main_system/isolated_workspaces/hourvideo_direct_api_eval300_v1/outputs/direct_v1_formal/direct_v1_2_3x16_r1_r3_eval300_formal_v1/route_status/R1:a6d45e95-8dc0-4932-83bf-ec53e265a16a_17_12.json,52952dc9d5bba49c252a511f8e99c75af7aee250eb1981ee3839aaf497a18025,596,artifacts/SUPERSEDED_FOR_THESIS/old_formal_88/route_status/R1:a6d45e95-8dc0-4932-83bf-ec53e265a16a_17_12.json,96a239e3c0c80e2e21b8afdd2a2b68f1d3be700e0871063a81fb9a8af9703bfc,574,old 300 R1 + frozen 300 R3 source route statuses,absolute_personal_path_redaction_only
${PROJECT_MSC_ROOT}/msc_thesis/main_system/isolated_workspaces/hourvideo_direct_api_eval300_v1/outputs/direct_v1_formal/direct_v1_2_3x16_r1_r3_eval300_formal_v1/route_status/R1:a6d45e95-8dc0-4932-83bf-ec53e265a16a_17_2.json,eb91d1c883fe52384ffb51c81643a1704546a20bc37565d8c9a5194004aaca80,595,artifacts/SUPERSEDED_FOR_THESIS/old_formal_88/route_status/R1:a6d45e95-8dc0-4932-83bf-ec53e265a16a_17_2.json,94fbf1abbb699dc42464eca1a01c4e996a9307b1480c164b0bdb0d7cb2025f00,573,old 300 R1 + frozen 300 R3 source route statuses,absolute_personal_path_redaction_only
${PROJECT_MSC_ROOT}/msc_thesis/main_system/isolated_workspaces/hourvideo_direct_api_eval300_v1/outputs/direct_v1_formal/direct_v1_2_3x16_r1_r3_eval300_formal_v1/route_status/R1:a6d45e95-8dc0-4932-83bf-ec53e265a16a_17_21.json,061a1e367b903afe648ae3a0fa5257cdfb964ec4c166300afe46dee364d82d64,585,artifacts/SUPERSEDED_FOR_THESIS/old_formal_88/route_status/R1:a6d45e95-8dc0-4932-83bf-ec53e265a16a_17_21.json,1962fc7d93eaf7b38443789b251e34e6bc86b0391ce8141d9042b5c137ec0090,563,old 300 R1 + frozen 300 R3 source route statuses,absolute_personal_path_redaction_only
${PROJECT_MSC_ROOT}/msc_thesis/main_system/isolated_workspaces/hourvideo_direct_api_eval300_v1/outputs/direct_v1_formal/direct_v1_2_3x16_r1_r3_eval300_formal_v1/route_status/R1:a6d45e95-8dc0-4932-83bf-ec53e265a16a_17_25.json,29b2dee9cf6f2337b724d657f70b23c6bd4cb5285e35de4723ef76b2df2cb78c,585,artifacts/SUPERSEDED_FOR_THESIS/old_formal_88/route_status/R1:a6d45e95-8dc0-4932-83bf-ec53e265a16a_17_25.json,234ca7580ba85fd70748861c416fc0952ab1615b8b3cd29223df71e52458bd24,563,old 300 R1 + frozen 300 R3 source route statuses,absolute_personal_path_redaction_only
${PROJECT_MSC_ROOT}/msc_thesis/main_system/isolated_workspaces/hourvideo_direct_api_eval300_v1/outputs/direct_v1_formal/direct_v1_2_3x16_r1_r3_eval300_formal_v1/route_status/R1:a6d45e95-8dc0-4932-83bf-ec53e265a16a_17_3.json,b714092692b355dbd32b8d2b008767d672087c1fba5b2a47bb8651476f0e6c90,583,artifacts/SUPERSEDED_FOR_THESIS/old_formal_88/route_status/R1:a6d45e95-8dc0-4932-83bf-ec53e265a16a_17_3.json,9c036f38579a3f6f8bf7709db8f5af1a48094988a9e8e3a39aa7274bbdb754d9,561,old 300 R1 + frozen 300 R3 source route statuses,absolute_personal_path_redaction_only
${PROJECT_MSC_ROOT}/msc_thesis/main_system/isolated_workspaces/hourvideo_direct_api_eval300_v1/outputs/direct_v1_formal/direct_v1_2_3x16_r1_r3_eval300_formal_v1/route_status/R1:a6d45e95-8dc0-4932-83bf-ec53e265a16a_18_5.json,99b00fddc19b9abd613030179120eccba2b04222f863052d80fc0dda81325c75,594,artifacts/SUPERSEDED_FOR_THESIS/old_formal_88/route_status/R1:a6d45e95-8dc0-4932-83bf-ec53e265a16a_18_5.json,cf899c8852218c07a7ace294f53423004e07b9afbc0797638d5190d1b774a4f2,572,old 300 R1 + frozen 300 R3 source route statuses,absolute_personal_path_redaction_only
${PROJECT_MSC_ROOT}/msc_thesis/main_system/isolated_workspaces/hourvideo_direct_api_eval300_v1/outputs/direct_v1_formal/direct_v1_2_3x16_r1_r3_eval300_formal_v1/route_status/R1:a6d45e95-8dc0-4932-83bf-ec53e265a16a_4_23.json,bfd369567062ccc3efdcfd97af59f7b1f3795400c4998e3d2958ce1493a145d9,583,artifacts/SUPERSEDED_FOR_THESIS/old_formal_88/route_status/R1:a6d45e95-8dc0-4932-83bf-ec53e265a16a_4_23.json,a1fc695da54f6444535a8121d7d94307ab024dca4e667de4c29d4a701ef24fa8,561,old 300 R1 + frozen 300 R3 source route statuses,absolute_personal_path_redaction_only
${PROJECT_MSC_ROOT}/msc_thesis/main_system/isolated_workspaces/hourvideo_direct_api_eval300_v1/outputs/direct_v1_formal/direct_v1_2_3x16_r1_r3_eval300_formal_v1/route_status/R1:a6d45e95-8dc0-4932-83bf-ec53e265a16a_4_6.json,055c2d2ce1e3a87e99b0386cd8c19c753c0d8360d8a1b01675db709316af91f7,580,artifacts/SUPERSEDED_FOR_THESIS/old_formal_88/route_status/R1:a6d45e95-8dc0-4932-83bf-ec53e265a16a_4_6.json,0ef7d6ed3ee1290bd7cbaddb31f3a74095549c3f5d17f0f5f395d30450bb5250,558,old 300 R1 + frozen 300 R3 source route statuses,absolute_personal_path_redaction_only
${PROJECT_MSC_ROOT}/msc_thesis/main_system/isolated_workspaces/hourvideo_direct_api_eval300_v1/outputs/direct_v1_formal/direct_v1_2_3x16_r1_r3_eval300_formal_v1/route_status/R1:a6d45e95-8dc0-4932-83bf-ec53e265a16a_4_9.json,467f14de434b5f1a3a621c6f16bfa94411f3b3d17df8f612e95e60cdd3d4a8bf,591,artifacts/SUPERSEDED_FOR_THESIS/old_formal_88/route_status/R1:a6d45e95-8dc0-4932-83bf-ec53e265a16a_4_9.json,3e87c8f885678adf23847c4e2c3c527ea198b741b8f35db7d9e3796c149fa0a8,569,old 300 R1 + frozen 300 R3 source route statuses,absolute_personal_path_redaction_only
${PROJECT_MSC_ROOT}/msc_thesis/main_system/isolated_workspaces/hourvideo_direct_api_eval300_v1/outputs/direct_v1_formal/direct_v1_2_3x16_r1_r3_eval300_formal_v1/route_status/R1:a6d45e95-8dc0-4932-83bf-ec53e265a16a_5_26.json,58385ee72f132a3b2f1633d356964f4afc0e08197e2c0c49e23e14992627e1ce,594,artifacts/SUPERSEDED_FOR_THESIS/old_formal_88/route_status/R1:a6d45e95-8dc0-4932-83bf-ec53e265a16a_5_26.json,05679b2b12280517e791b56505501c282c5eb8afe39a4ad5bbbab796e227ccef,572,old 300 R1 + frozen 300 R3 source route statuses,absolute_personal_path_redaction_only
${PROJECT_MSC_ROOT}/msc_thesis/main_system/isolated_workspaces/hourvideo_direct_api_eval300_v1/outputs/direct_v1_formal/direct_v1_2_3x16_r1_r3_eval300_formal_v1/route_status/R1:a6d45e95-8dc0-4932-83bf-ec53e265a16a_6_24.json,ab07f2c92e6aa8cb9ff0bb9d377b428c096c51b1947c8e9aedf4cf4456308555,582,artifacts/SUPERSEDED_FOR_THESIS/old_formal_88/route_status/R1:a6d45e95-8dc0-4932-83bf-ec53e265a16a_6_24.json,59925d35b200a0a67b923a6c736f28b35e3eae9823bcd81b414699e65f4a6b3a,560,old 300 R1 + frozen 300 R3 source route statuses,absolute_personal_path_redaction_only
${PROJECT_MSC_ROOT}/msc_thesis/main_system/isolated_workspaces/hourvideo_direct_api_eval300_v1/outputs/direct_v1_formal/direct_v1_2_3x16_r1_r3_eval300_formal_v1/route_status/R1:a6d45e95-8dc0-4932-83bf-ec53e265a16a_7_16.json,9cd1412f7e2c943381657eea6bcf1144ba3188f7c014f27d97e7213913ddc63f,582,artifacts/SUPERSEDED_FOR_THESIS/old_formal_88/route_status/R1:a6d45e95-8dc0-4932-83bf-ec53e265a16a_7_16.json,db39d71584eb50b6fbba1e91cea8b1a880dd69e0dbfcecf473ebbd17c1cf544c,560,old 300 R1 + frozen 300 R3 source route statuses,absolute_personal_path_redaction_only
${PROJECT_MSC_ROOT}/msc_thesis/main_system/isolated_workspaces/hourvideo_direct_api_eval300_v1/outputs/direct_v1_formal/direct_v1_2_3x16_r1_r3_eval300_formal_v1/route_status/R1:a6d45e95-8dc0-4932-83bf-ec53e265a16a_7_19.json,d0d50feeb028b98ed1523d6ac59a3bdf543d2e0a208fc0dff0319d35cdaec614,583,artifacts/SUPERSEDED_FOR_THESIS/old_formal_88/route_status/R1:a6d45e95-8dc0-4932-83bf-ec53e265a16a_7_19.json,53d2ae188e260a8aec973b75c04d6505e2e33fad752a37608c857f3d31170062,561,old 300 R1 + frozen 300 R3 source route statuses,absolute_personal_path_redaction_only
${PROJECT_MSC_ROOT}/msc_thesis/main_system/isolated_workspaces/hourvideo_direct_api_eval300_v1/outputs/direct_v1_formal/direct_v1_2_3x16_r1_r3_eval300_formal_v1/route_status/R1:a6d45e95-8dc0-4932-83bf-ec53e265a16a_7_20.json,785711d58bb324838d9af4d8508c8c8eaf8cbcfa974f583ad63745e790e4e8e1,583,artifacts/SUPERSEDED_FOR_THESIS/old_formal_88/route_status/R1:a6d45e95-8dc0-4932-83bf-ec53e265a16a_7_20.json,d240b95eb7ece29a95aca305517aed5d45bd0eba89e43e0e079c233f3aa5b31b,561,old 300 R1 + frozen 300 R3 source route statuses,absolute_personal_path_redaction_only
${PROJECT_MSC_ROOT}/msc_thesis/main_system/isolated_workspaces/hourvideo_direct_api_eval300_v1/outputs/direct_v1_formal/direct_v1_2_3x16_r1_r3_eval300_formal_v1/route_status/R1:a6d45e95-8dc0-4932-83bf-ec53e265a16a_7_7.json,f2a3f9907ab153dc30319a3e0d10245c097b21172175a2922dc97c6ec4c186b0,582,artifacts/SUPERSEDED_FOR_THESIS/old_formal_88/route_status/R1:a6d45e95-8dc0-4932-83bf-ec53e265a16a_7_7.json,f74772ec3da8389fed2aaff78766f69aae959c4d1076e019918f303df09baa1d,560,old 300 R1 + frozen 300 R3 source route statuses,absolute_personal_path_redaction_only
${PROJECT_MSC_ROOT}/msc_thesis/main_system/isolated_workspaces/hourvideo_direct_api_eval300_v1/outputs/direct_v1_formal/direct_v1_2_3x16_r1_r3_eval300_formal_v1/route_status/R1:a6d45e95-8dc0-4932-83bf-ec53e265a16a_8_1.json,959a5a571930ebf4946bee794fc7a4250d18b3d83fdd555ead275adf4e9d9a9b,580,artifacts/SUPERSEDED_FOR_THESIS/old_formal_88/route_status/R1:a6d45e95-8dc0-4932-83bf-ec53e265a16a_8_1.json,190a0a6b7b4ea9abdaceb67e1e974690c5fb7928beafb0af4398d8aba1d8f59a,558,old 300 R1 + frozen 300 R3 source route statuses,absolute_personal_path_redaction_only
${PROJECT_MSC_ROOT}/msc_thesis/main_system/isolated_workspaces/hourvideo_direct_api_eval300_v1/outputs/direct_v1_formal/direct_v1_2_3x16_r1_r3_eval300_formal_v1/route_status/R1:a6d45e95-8dc0-4932-83bf-ec53e265a16a_8_18.json,e00758c73821afa3d89a13184ed33929e412eec8f81cc010e6057206f68495ba,593,artifacts/SUPERSEDED_FOR_THESIS/old_formal_88/route_status/R1:a6d45e95-8dc0-4932-83bf-ec53e265a16a_8_18.json,3686ba07f886e6a0d1ee859d00b9111fa05a9ffe249bfb69691b518a19e7ea32,571,old 300 R1 + frozen 300 R3 source route statuses,absolute_personal_path_redaction_only
${PROJECT_MSC_ROOT}/msc_thesis/main_system/isolated_workspaces/hourvideo_direct_api_eval300_v1/outputs/direct_v1_formal/direct_v1_2_3x16_r1_r3_eval300_formal_v1/route_status/R1:a6d45e95-8dc0-4932-83bf-ec53e265a16a_8_22.json,d1f9b74e54f6cf0c610f22ef64d161a7cc81713cb96475ae56d89dec1976673f,582,artifacts/SUPERSEDED_FOR_THESIS/old_formal_88/route_status/R1:a6d45e95-8dc0-4932-83bf-ec53e265a16a_8_22.json,80591c161bb3e7a34020d23f1fcaa4e708d645cf6a848b431ac5fced3c129aec,560,old 300 R1 + frozen 300 R3 source route statuses,absolute_personal_path_redaction_only
${PROJECT_MSC_ROOT}/msc_thesis/main_system/isolated_workspaces/hourvideo_direct_api_eval300_v1/outputs/direct_v1_formal/direct_v1_2_3x16_r1_r3_eval300_formal_v1/route_status/R1:a6d45e95-8dc0-4932-83bf-ec53e265a16a_8_27.json,ab92ca3abfdbf4e21f555f56aa9cfbda5c1ae2d929b6a332fa81fcca0ada507f,583,artifacts/SUPERSEDED_FOR_THESIS/old_formal_88/route_status/R1:a6d45e95-8dc0-4932-83bf-ec53e265a16a_8_27.json,0a2f766b754bdb5d20f9365e0faa8aa61ce6d97a2071252f1a3d9313630d6e74,561,old 300 R1 + frozen 300 R3 source route statuses,absolute_personal_path_redaction_only
${PROJECT_MSC_ROOT}/msc_thesis/main_system/isolated_workspaces/hourvideo_direct_api_eval300_v1/outputs/direct_v1_formal/direct_v1_2_3x16_r1_r3_eval300_formal_v1/route_status/R1:d3a0899e-2093-454c-9f65-30087883193a_11_17.json,8fc0b5bb14c99b1573be2957aba7b38e35f81550f4f584b5354323eafb130b71,585,artifacts/SUPERSEDED_FOR_THESIS/old_formal_88/route_status/R1:d3a0899e-2093-454c-9f65-30087883193a_11_17.json,6e87300c07442e1fbd74c4be5cf7576b3c276f016cc39eb38d9ae2d764de0be2,563,old 300 R1 + frozen 300 R3 source route statuses,absolute_personal_path_redaction_only
${PROJECT_MSC_ROOT}/msc_thesis/main_system/isolated_workspaces/hourvideo_direct_api_eval300_v1/outputs/direct_v1_formal/direct_v1_2_3x16_r1_r3_eval300_formal_v1/route_status/R1:d3a0899e-2093-454c-9f65-30087883193a_12_22.json,788b9376154813e938ed09c2f7f06fb7877ca7899d4f782c484715fb7d0ad63c,585,artifacts/SUPERSEDED_FOR_THESIS/old_formal_88/route_status/R1:d3a0899e-2093-454c-9f65-30087883193a_12_22.json,4e1d8ba1b969953638c945dc18e5799f6f39b919e0349c0bdd16943abf6d817e,563,old 300 R1 + frozen 300 R3 source route statuses,absolute_personal_path_redaction_only
${PROJECT_MSC_ROOT}/msc_thesis/main_system/isolated_workspaces/hourvideo_direct_api_eval300_v1/outputs/direct_v1_formal/direct_v1_2_3x16_r1_r3_eval300_formal_v1/route_status/R1:d3a0899e-2093-454c-9f65-30087883193a_17_13.json,3dd857ff34487b68abdbd8a54429296853ca9a124418f3c29075439c36f66bf0,585,artifacts/SUPERSEDED_FOR_THESIS/old_formal_88/route_status/R1:d3a0899e-2093-454c-9f65-30087883193a_17_13.json,0a561d4e1ddd8399d77f1c739b240e614fba854c4954d5914086b9b46674eee7,563,old 300 R1 + frozen 300 R3 source route statuses,absolute_personal_path_redaction_only
${PROJECT_MSC_ROOT}/msc_thesis/main_system/isolated_workspaces/hourvideo_direct_api_eval300_v1/outputs/direct_v1_formal/direct_v1_2_3x16_r1_r3_eval300_formal_v1/route_status/R1:d3a0899e-2093-454c-9f65-30087883193a_17_19.json,a207ca4f9e03d5a223963a8348007a97542fe251b342a47b204cd02c15368646,595,artifacts/SUPERSEDED_FOR_THESIS/old_formal_88/route_status/R1:d3a0899e-2093-454c-9f65-30087883193a_17_19.json,980886925c303be867c1ce2502aadd5b784cc26fe3f7a89c25804e6a232af382,573,old 300 R1 + frozen 300 R3 source route statuses,absolute_personal_path_redaction_only
${PROJECT_MSC_ROOT}/msc_thesis/main_system/isolated_workspaces/hourvideo_direct_api_eval300_v1/outputs/direct_v1_formal/direct_v1_2_3x16_r1_r3_eval300_formal_v1/route_status/R1:d3a0899e-2093-454c-9f65-30087883193a_17_2.json,6a3043a3b8b61ff08652e7d2f85e0ee641bb69a4b219ad10a2fe9b8785ccd8bd,583,artifacts/SUPERSEDED_FOR_THESIS/old_formal_88/route_status/R1:d3a0899e-2093-454c-9f65-30087883193a_17_2.json,87e644c4ba54d6b43b94a6bc6a04e4ab2e786caf0886d296e3755a5579b2c1c1,561,old 300 R1 + frozen 300 R3 source route statuses,absolute_personal_path_redaction_only
${PROJECT_MSC_ROOT}/msc_thesis/main_system/isolated_workspaces/hourvideo_direct_api_eval300_v1/outputs/direct_v1_formal/direct_v1_2_3x16_r1_r3_eval300_formal_v1/route_status/R1:d3a0899e-2093-454c-9f65-30087883193a_17_20.json,01d9c78a8ee66bad120659700acc7ce84b9cb7a0f539831f3dc0c2ef2bad3b20,585,artifacts/SUPERSEDED_FOR_THESIS/old_formal_88/route_status/R1:d3a0899e-2093-454c-9f65-30087883193a_17_20.json,c21a405f68769c358ab473f3f4e308c5a082d7d79cd2db81eae543b073ffd153,563,old 300 R1 + frozen 300 R3 source route statuses,absolute_personal_path_redaction_only
${PROJECT_MSC_ROOT}/msc_thesis/main_system/isolated_workspaces/hourvideo_direct_api_eval300_v1/outputs/direct_v1_formal/direct_v1_2_3x16_r1_r3_eval300_formal_v1/route_status/R1:d3a0899e-2093-454c-9f65-30087883193a_17_28.json,8664c2f26ffa05ae508d6d7c8bc0198974842bca120d3c2ca0b131c38af09586,596,artifacts/SUPERSEDED_FOR_THESIS/old_formal_88/route_status/R1:d3a0899e-2093-454c-9f65-30087883193a_17_28.json,2da127fff1099a1234ad2e10ff693ca828d8153258b49d4c854c6358294ddca7,574,old 300 R1 + frozen 300 R3 source route statuses,absolute_personal_path_redaction_only
${PROJECT_MSC_ROOT}/msc_thesis/main_system/isolated_workspaces/hourvideo_direct_api_eval300_v1/outputs/direct_v1_formal/direct_v1_2_3x16_r1_r3_eval300_formal_v1/route_status/R1:d3a0899e-2093-454c-9f65-30087883193a_17_35.json,c4680f98bd3f1419930ebfc164bec5cd604f677c5d9082d6c5b6e66e5d2cf5c8,585,artifacts/SUPERSEDED_FOR_THESIS/old_formal_88/route_status/R1:d3a0899e-2093-454c-9f65-30087883193a_17_35.json,0c6bcda95bcd30196459c2976806b927377beb58ea99dc5a2042d3b47d7d6ba3,563,old 300 R1 + frozen 300 R3 source route statuses,absolute_personal_path_redaction_only
${PROJECT_MSC_ROOT}/msc_thesis/main_system/isolated_workspaces/hourvideo_direct_api_eval300_v1/outputs/direct_v1_formal/direct_v1_2_3x16_r1_r3_eval300_formal_v1/route_status/R1:d3a0899e-2093-454c-9f65-30087883193a_17_8.json,af389d15dc31b156be51cc7dc617f21d908488fd2b412896804cd99d716f12a8,594,artifacts/SUPERSEDED_FOR_THESIS/old_formal_88/route_status/R1:d3a0899e-2093-454c-9f65-30087883193a_17_8.json,64974539cb9e4ab09972a2c2a4d42522eb452eadcd06e39a4c2bdf88209c2403,572,old 300 R1 + frozen 300 R3 source route statuses,absolute_personal_path_redaction_only
${PROJECT_MSC_ROOT}/msc_thesis/main_system/isolated_workspaces/hourvideo_direct_api_eval300_v1/outputs/direct_v1_formal/direct_v1_2_3x16_r1_r3_eval300_formal_v1/route_status/R1:d3a0899e-2093-454c-9f65-30087883193a_1_1.json,3066cda635a45156252619098a682b08600e32783bc62223df7b84b8b3a68e54,581,artifacts/SUPERSEDED_FOR_THESIS/old_formal_88/route_status/R1:d3a0899e-2093-454c-9f65-30087883193a_1_1.json,b62a7a6fcf1c9a33ce3bf2a449a13ece5f611b6ac76bb4e37e9a12c26b84eec1,559,old 300 R1 + frozen 300 R3 source route statuses,absolute_personal_path_redaction_only
${PROJECT_MSC_ROOT}/msc_thesis/main_system/isolated_workspaces/hourvideo_direct_api_eval300_v1/outputs/direct_v1_formal/direct_v1_2_3x16_r1_r3_eval300_formal_v1/route_status/R1:d3a0899e-2093-454c-9f65-30087883193a_22_14.json,10339b5994a99ed4a660ebe0f7f1ec666396eb7d3aec1ee51ce4e82a86efac8c,596,artifacts/SUPERSEDED_FOR_THESIS/old_formal_88/route_status/R1:d3a0899e-2093-454c-9f65-30087883193a_22_14.json,804dab896e3b606a3be14749b3fa5445a900e6eaa05e89604e26ba4ae29d5ca9,574,old 300 R1 + frozen 300 R3 source route statuses,absolute_personal_path_redaction_only
${PROJECT_MSC_ROOT}/msc_thesis/main_system/isolated_workspaces/hourvideo_direct_api_eval300_v1/outputs/direct_v1_formal/direct_v1_2_3x16_r1_r3_eval300_formal_v1/route_status/R1:d3a0899e-2093-454c-9f65-30087883193a_22_32.json,d5c7efa61ccf3bba27b116503e32de5b450de7af983bf19510cdfde6025b2682,595,artifacts/SUPERSEDED_FOR_THESIS/old_formal_88/route_status/R1:d3a0899e-2093-454c-9f65-30087883193a_22_32.json,73d3c659138b1d1b750716f7f86da043a1856539a6ac319533912354de83ef83,573,old 300 R1 + frozen 300 R3 source route statuses,absolute_personal_path_redaction_only
${PROJECT_MSC_ROOT}/msc_thesis/main_system/isolated_workspaces/hourvideo_direct_api_eval300_v1/outputs/direct_v1_formal/direct_v1_2_3x16_r1_r3_eval300_formal_v1/route_status/R1:d3a0899e-2093-454c-9f65-30087883193a_2_1.json,bd54cb5c2e9c7256d9e53dcee5b2f2c50c1179580814ea99c60e69d4da4301e5,581,artifacts/SUPERSEDED_FOR_THESIS/old_formal_88/route_status/R1:d3a0899e-2093-454c-9f65-30087883193a_2_1.json,7047cc175a6ad753d22c861b98f822c7952a0435e30a1de3199cc4d9f145f644,559,old 300 R1 + frozen 300 R3 source route statuses,absolute_personal_path_redaction_only
${PROJECT_MSC_ROOT}/msc_thesis/main_system/isolated_workspaces/hourvideo_direct_api_eval300_v1/outputs/direct_v1_formal/direct_v1_2_3x16_r1_r3_eval300_formal_v1/route_status/R1:d3a0899e-2093-454c-9f65-30087883193a_4_10.json,8b919720537e9cb60d88ea490e1a835ec6aa21d91c903f1bc57e4aad2b38c071,583,artifacts/SUPERSEDED_FOR_THESIS/old_formal_88/route_status/R1:d3a0899e-2093-454c-9f65-30087883193a_4_10.json,1e6ea10a07a144671053e8631a603d135f4dc2dd619ada3e9e412c176ce26ebb,561,old 300 R1 + frozen 300 R3 source route statuses,absolute_personal_path_redaction_only
${PROJECT_MSC_ROOT}/msc_thesis/main_system/isolated_workspaces/hourvideo_direct_api_eval300_v1/outputs/direct_v1_formal/direct_v1_2_3x16_r1_r3_eval300_formal_v1/route_status/R1:d3a0899e-2093-454c-9f65-30087883193a_4_33.json,609701ea308312075e1b4b96827564c43e28cfb7827f2c01601f15277009a137,594,artifacts/SUPERSEDED_FOR_THESIS/old_formal_88/route_status/R1:d3a0899e-2093-454c-9f65-30087883193a_4_33.json,3b97625f94a2ae08ce5799f1d94a9e3a195d4dbfb11fc27dc02923c1e8a36d64,572,old 300 R1 + frozen 300 R3 source route statuses,absolute_personal_path_redaction_only
${PROJECT_MSC_ROOT}/msc_thesis/main_system/isolated_workspaces/hourvideo_direct_api_eval300_v1/outputs/direct_v1_formal/direct_v1_2_3x16_r1_r3_eval300_formal_v1/route_status/R1:d3a0899e-2093-454c-9f65-30087883193a_4_7.json,c6a0b969bb0759a50c278d017ce156e3787580e0096a62136907d39e78e22fe0,592,artifacts/SUPERSEDED_FOR_THESIS/old_formal_88/route_status/R1:d3a0899e-2093-454c-9f65-30087883193a_4_7.json,08842a35416092be9743a23736a993f06015dea7141c5ac1316f9e66a59617d7,570,old 300 R1 + frozen 300 R3 source route statuses,absolute_personal_path_redaction_only
${PROJECT_MSC_ROOT}/msc_thesis/main_system/isolated_workspaces/hourvideo_direct_api_eval300_v1/outputs/direct_v1_formal/direct_v1_2_3x16_r1_r3_eval300_formal_v1/route_status/R1:d3a0899e-2093-454c-9f65-30087883193a_5_24.json,92fdb644d14868b3785a67ca2e3d3140a79e90ece593a71a652464b2c6fe2f2a,594,artifacts/SUPERSEDED_FOR_THESIS/old_formal_88/route_status/R1:d3a0899e-2093-454c-9f65-30087883193a_5_24.json,028a51e1a7f8239f53b104a7a7851bd30320f49ea81f14bd1b959a233d62537e,572,old 300 R1 + frozen 300 R3 source route statuses,absolute_personal_path_redaction_only
${PROJECT_MSC_ROOT}/msc_thesis/main_system/isolated_workspaces/hourvideo_direct_api_eval300_v1/outputs/direct_v1_formal/direct_v1_2_3x16_r1_r3_eval300_formal_v1/route_status/R1:d3a0899e-2093-454c-9f65-30087883193a_7_11.json,166dd21ef1c8ffd4e71fbf7c6916e54d908225dc5d85121a81d3e1aca01e731e,583,artifacts/SUPERSEDED_FOR_THESIS/old_formal_88/route_status/R1:d3a0899e-2093-454c-9f65-30087883193a_7_11.json,3f44d1c932bb170187db74ebf70c995a1d0b072d5c8cc058fcef8fb4f44ef9f4,561,old 300 R1 + frozen 300 R3 source route statuses,absolute_personal_path_redaction_only
${PROJECT_MSC_ROOT}/msc_thesis/main_system/isolated_workspaces/hourvideo_direct_api_eval300_v1/outputs/direct_v1_formal/direct_v1_2_3x16_r1_r3_eval300_formal_v1/route_status/R1:d3a0899e-2093-454c-9f65-30087883193a_7_26.json,3c094b8fe2e082132704eccd2c21016369eb91eea52f9f8be141c2e860385865,594,artifacts/SUPERSEDED_FOR_THESIS/old_formal_88/route_status/R1:d3a0899e-2093-454c-9f65-30087883193a_7_26.json,55bbf249e4b7096d20add700c5bb5b5fc08538786f6085d7097b996e4ac09b28,572,old 300 R1 + frozen 300 R3 source route statuses,absolute_personal_path_redaction_only
${PROJECT_MSC_ROOT}/msc_thesis/main_system/isolated_workspaces/hourvideo_direct_api_eval300_v1/outputs/direct_v1_formal/direct_v1_2_3x16_r1_r3_eval300_formal_v1/route_status/R1:d3a0899e-2093-454c-9f65-30087883193a_7_29.json,c1946433b2a20d1176d079e9b750890661b273ba3136f7b809d2a4b8f3fb5957,583,artifacts/SUPERSEDED_FOR_THESIS/old_formal_88/route_status/R1:d3a0899e-2093-454c-9f65-30087883193a_7_29.json,2dc3755e210c187688f44483ac9f055ff30a878c4eeef7f20b1de7615cba293b,561,old 300 R1 + frozen 300 R3 source route statuses,absolute_personal_path_redaction_only
${PROJECT_MSC_ROOT}/msc_thesis/main_system/isolated_workspaces/hourvideo_direct_api_eval300_v1/outputs/direct_v1_formal/direct_v1_2_3x16_r1_r3_eval300_formal_v1/route_status/R1:d3a0899e-2093-454c-9f65-30087883193a_7_9.json,97b2d13e144c7adb955f237b59eb247dddc81dd6015e0373950b5bde5151415a,592,artifacts/SUPERSEDED_FOR_THESIS/old_formal_88/route_status/R1:d3a0899e-2093-454c-9f65-30087883193a_7_9.json,b2a8940e1053273ef6ebae7c78941a9b8c79549a4ec6642e354adc6aa1eb6e68,570,old 300 R1 + frozen 300 R3 source route statuses,absolute_personal_path_redaction_only
${PROJECT_MSC_ROOT}/msc_thesis/main_system/isolated_workspaces/hourvideo_direct_api_eval300_v1/outputs/direct_v1_formal/direct_v1_2_3x16_r1_r3_eval300_formal_v1/route_status/R1:d3a0899e-2093-454c-9f65-30087883193a_8_16.json,77d89ff55a78e38c6ba9374df77d67c76b871de339e442848f8612bcbd33ce01,583,artifacts/SUPERSEDED_FOR_THESIS/old_formal_88/route_status/R1:d3a0899e-2093-454c-9f65-30087883193a_8_16.json,6c64a0e905267f74cdf143b5e13fd9e11ed1459649c069dc7df91a15d18c59fe,561,old 300 R1 + frozen 300 R3 source route statuses,absolute_personal_path_redaction_only
${PROJECT_MSC_ROOT}/msc_thesis/main_system/isolated_workspaces/hourvideo_direct_api_eval300_v1/outputs/direct_v1_formal/direct_v1_2_3x16_r1_r3_eval300_formal_v1/route_status/R1:d3a0899e-2093-454c-9f65-30087883193a_8_21.json,4fdcdc079cc24d36b5b765b818bbef27a2aba219c01ec00e9c002fc4dc97c63f,594,artifacts/SUPERSEDED_FOR_THESIS/old_formal_88/route_status/R1:d3a0899e-2093-454c-9f65-30087883193a_8_21.json,792cf99a0cac18c90f3ee4623e8f7c7c144f971b14f14626cd9f3b8b54970739,572,old 300 R1 + frozen 300 R3 source route statuses,absolute_personal_path_redaction_only
${PROJECT_MSC_ROOT}/msc_thesis/main_system/isolated_workspaces/hourvideo_direct_api_eval300_v1/outputs/direct_v1_formal/direct_v1_2_3x16_r1_r3_eval300_formal_v1/route_status/R1:d3a0899e-2093-454c-9f65-30087883193a_8_3.json,80322e5789bd3364dfe24ebba3b9d758fed4a40ce35aa80818557d287156b687,581,artifacts/SUPERSEDED_FOR_THESIS/old_formal_88/route_status/R1:d3a0899e-2093-454c-9f65-30087883193a_8_3.json,bc7136099b110b4f917f04117812e17edb4d103a9b084d7b7e24deaa0510d056,559,old 300 R1 + frozen 300 R3 source route statuses,absolute_personal_path_redaction_only
${PROJECT_MSC_ROOT}/msc_thesis/main_system/isolated_workspaces/hourvideo_direct_api_eval300_v1/outputs/direct_v1_formal/direct_v1_2_3x16_r1_r3_eval300_formal_v1/route_status/R1:d3a0899e-2093-454c-9f65-30087883193a_8_36.json,d452ded4642345d481b57c9457ec819bb417734c6c20d9e54fd983e19f2c6898,594,artifacts/SUPERSEDED_FOR_THESIS/old_formal_88/route_status/R1:d3a0899e-2093-454c-9f65-30087883193a_8_36.json,c06d25448a3efad9eff3d4dfd179be0141591ffa0ed2bdd8203241c4839b5d63,572,old 300 R1 + frozen 300 R3 source route statuses,absolute_personal_path_redaction_only
${PROJECT_MSC_ROOT}/msc_thesis/main_system/isolated_workspaces/hourvideo_direct_api_eval300_v1/outputs/direct_v1_formal/direct_v1_2_3x16_r1_r3_eval300_formal_v1/route_status/R1:db3f7933-dfa0-4678-9d4f-393b628ded45_11_2.json,81c928f221f7f4c5d570343649ffd9780a8b58b29d7b514992dc89573c54a40f,594,artifacts/SUPERSEDED_FOR_THESIS/old_formal_88/route_status/R1:db3f7933-dfa0-4678-9d4f-393b628ded45_11_2.json,7086fed27ec2e4e3fa3860ac4764bcdce4069213d80fd60cff680fd1e3cb95ac,572,old 300 R1 + frozen 300 R3 source route statuses,absolute_personal_path_redaction_only
${PROJECT_MSC_ROOT}/msc_thesis/main_system/isolated_workspaces/hourvideo_direct_api_eval300_v1/outputs/direct_v1_formal/direct_v1_2_3x16_r1_r3_eval300_formal_v1/route_status/R1:db3f7933-dfa0-4678-9d4f-393b628ded45_12_15.json,e81705b85f6ce561898e476eaede99c78a964d076b838481e6b12ba54d11f828,585,artifacts/SUPERSEDED_FOR_THESIS/old_formal_88/route_status/R1:db3f7933-dfa0-4678-9d4f-393b628ded45_12_15.json,e3b29a3e606ecf0ce87506d8bf55b82e117808df93d9062533003602553d68fe,563,old 300 R1 + frozen 300 R3 source route statuses,absolute_personal_path_redaction_only
${PROJECT_MSC_ROOT}/msc_thesis/main_system/isolated_workspaces/hourvideo_direct_api_eval300_v1/outputs/direct_v1_formal/direct_v1_2_3x16_r1_r3_eval300_formal_v1/route_status/R1:db3f7933-dfa0-4678-9d4f-393b628ded45_17_1.json,e201c2c451779465ecaa5e1fb75be1332ba000a360b27acb99f200c68b35e691,594,artifacts/SUPERSEDED_FOR_THESIS/old_formal_88/route_status/R1:db3f7933-dfa0-4678-9d4f-393b628ded45_17_1.json,85ad9828ea2b1ff57fe794ded6c9582283f1b6ca81648537e7ab11e71158543e,572,old 300 R1 + frozen 300 R3 source route statuses,absolute_personal_path_redaction_only
${PROJECT_MSC_ROOT}/msc_thesis/main_system/isolated_workspaces/hourvideo_direct_api_eval300_v1/outputs/direct_v1_formal/direct_v1_2_3x16_r1_r3_eval300_formal_v1/route_status/R1:db3f7933-dfa0-4678-9d4f-393b628ded45_17_11.json,7e62625e9860cd846013f40350e5ffa4e49cfd9fa40a829ca18e8da83b80b8fc,585,artifacts/SUPERSEDED_FOR_THESIS/old_formal_88/route_status/R1:db3f7933-dfa0-4678-9d4f-393b628ded45_17_11.json,5414556ac73dbf3346e56903954693522e5c08c45e40b9df05a3c83393ad2938,563,old 300 R1 + frozen 300 R3 source route statuses,absolute_personal_path_redaction_only
${PROJECT_MSC_ROOT}/msc_thesis/main_system/isolated_workspaces/hourvideo_direct_api_eval300_v1/outputs/direct_v1_formal/direct_v1_2_3x16_r1_r3_eval300_formal_v1/route_status/R1:db3f7933-dfa0-4678-9d4f-393b628ded45_17_13.json,7644f5d1e6fd28aef16310aa5f150bf394869e478be577826254476056b153aa,585,artifacts/SUPERSEDED_FOR_THESIS/old_formal_88/route_status/R1:db3f7933-dfa0-4678-9d4f-393b628ded45_17_13.json,c5daec01c814670c1648c71393c5eb301b0d47ead163f9d24fd1b972ae17257e,563,old 300 R1 + frozen 300 R3 source route statuses,absolute_personal_path_redaction_only
${PROJECT_MSC_ROOT}/msc_thesis/main_system/isolated_workspaces/hourvideo_direct_api_eval300_v1/outputs/direct_v1_formal/direct_v1_2_3x16_r1_r3_eval300_formal_v1/route_status/R1:db3f7933-dfa0-4678-9d4f-393b628ded45_17_29.json,1fa0ac0109e4fae83dadf0b6e477dec4b3e6468ce139d21b500dea3c3367b1db,585,artifacts/SUPERSEDED_FOR_THESIS/old_formal_88/route_status/R1:db3f7933-dfa0-4678-9d4f-393b628ded45_17_29.json,ed647ab42917ebb26c06fd44dd598d73d491c71a511c5828d1b610f7276079c1,563,old 300 R1 + frozen 300 R3 source route statuses,absolute_personal_path_redaction_only
${PROJECT_MSC_ROOT}/msc_thesis/main_system/isolated_workspaces/hourvideo_direct_api_eval300_v1/outputs/direct_v1_formal/direct_v1_2_3x16_r1_r3_eval300_formal_v1/route_status/R1:db3f7933-dfa0-4678-9d4f-393b628ded45_20_1.json,9688a8fc0a346456b44648f5e4b3e8cfbb09a547d242ce3d6a5717c40d950a10,583,artifacts/SUPERSEDED_FOR_THESIS/old_formal_88/route_status/R1:db3f7933-dfa0-4678-9d4f-393b628ded45_20_1.json,183bfa8aecbaaa899fa9b315f4992ae6c00753df5b6e1dda0d6fabc2d59bae48,561,old 300 R1 + frozen 300 R3 source route statuses,absolute_personal_path_redaction_only
${PROJECT_MSC_ROOT}/msc_thesis/main_system/isolated_workspaces/hourvideo_direct_api_eval300_v1/outputs/direct_v1_formal/direct_v1_2_3x16_r1_r3_eval300_formal_v1/route_status/R1:db3f7933-dfa0-4678-9d4f-393b628ded45_21_27.json,6223c3fbacb0dae6caf715c91853bb87347c07b39b79157aa3f250b74eba654a,596,artifacts/SUPERSEDED_FOR_THESIS/old_formal_88/route_status/R1:db3f7933-dfa0-4678-9d4f-393b628ded45_21_27.json,9869e3734f7c49bbf3f431ef189b22288030951dbdea19486f0ed6c133078401,574,old 300 R1 + frozen 300 R3 source route statuses,absolute_personal_path_redaction_only
${PROJECT_MSC_ROOT}/msc_thesis/main_system/isolated_workspaces/hourvideo_direct_api_eval300_v1/outputs/direct_v1_formal/direct_v1_2_3x16_r1_r3_eval300_formal_v1/route_status/R1:db3f7933-dfa0-4678-9d4f-393b628ded45_22_12.json,d768e4abcab663a6001a08e6370f8cc80e0cf984e7cdb125aadc13020176c49e,585,artifacts/SUPERSEDED_FOR_THESIS/old_formal_88/route_status/R1:db3f7933-dfa0-4678-9d4f-393b628ded45_22_12.json,769a713a0fbdd47854b333dd8ca6ce21e78ecb6a88e9d4a01ee6822b13bf2197,563,old 300 R1 + frozen 300 R3 source route statuses,absolute_personal_path_redaction_only
${PROJECT_MSC_ROOT}/msc_thesis/main_system/isolated_workspaces/hourvideo_direct_api_eval300_v1/outputs/direct_v1_formal/direct_v1_2_3x16_r1_r3_eval300_formal_v1/route_status/R1:db3f7933-dfa0-4678-9d4f-393b628ded45_22_24.json,20e0bd3220b3e3571104637eabcd171a25e4cf6390ba79317f76edbefdbfea30,585,artifacts/SUPERSEDED_FOR_THESIS/old_formal_88/route_status/R1:db3f7933-dfa0-4678-9d4f-393b628ded45_22_24.json,5570b55786f98d1304076a3694b0f99a250ea46add61032197174f80005f6e20,563,old 300 R1 + frozen 300 R3 source route statuses,absolute_personal_path_redaction_only
${PROJECT_MSC_ROOT}/msc_thesis/main_system/isolated_workspaces/hourvideo_direct_api_eval300_v1/outputs/direct_v1_formal/direct_v1_2_3x16_r1_r3_eval300_formal_v1/route_status/R1:db3f7933-dfa0-4678-9d4f-393b628ded45_22_5.json,d536db3abbfaaae2fe16e9af0bdcceb28bd2e049169ec5ed5b70a4659dd21044,583,artifacts/SUPERSEDED_FOR_THESIS/old_formal_88/route_status/R1:db3f7933-dfa0-4678-9d4f-393b628ded45_22_5.json,5ff7411a74de8f1166cc40c66b96e8117d85f8c3c082aeaa0fd466ae65398503,561,old 300 R1 + frozen 300 R3 source route statuses,absolute_personal_path_redaction_only
${PROJECT_MSC_ROOT}/msc_thesis/main_system/isolated_workspaces/hourvideo_direct_api_eval300_v1/outputs/direct_v1_formal/direct_v1_2_3x16_r1_r3_eval300_formal_v1/route_status/R1:db3f7933-dfa0-4678-9d4f-393b628ded45_2_1.json,997db61be028407cc07a4f26fe76d69d043570eec193515a771a0deea33127c2,581,artifacts/SUPERSEDED_FOR_THESIS/old_formal_88/route_status/R1:db3f7933-dfa0-4678-9d4f-393b628ded45_2_1.json,fad1a89d712e7675ba3f96224b8f9df961f843843afa322eda8021e0338483f8,559,old 300 R1 + frozen 300 R3 source route statuses,absolute_personal_path_redaction_only
${PROJECT_MSC_ROOT}/msc_thesis/main_system/isolated_workspaces/hourvideo_direct_api_eval300_v1/outputs/direct_v1_formal/direct_v1_2_3x16_r1_r3_eval300_formal_v1/route_status/R1:db3f7933-dfa0-4678-9d4f-393b628ded45_4_22.json,707f5927ca6a5ff150f6aeada19e3577fa9a44605c864beb7aff29be74c41cad,594,artifacts/SUPERSEDED_FOR_THESIS/old_formal_88/route_status/R1:db3f7933-dfa0-4678-9d4f-393b628ded45_4_22.json,e23a2f45a78f2ea8ae910b5c900521fff6e764ee977488d80e82cb851e4461e2,572,old 300 R1 + frozen 300 R3 source route statuses,absolute_personal_path_redaction_only
${PROJECT_MSC_ROOT}/msc_thesis/main_system/isolated_workspaces/hourvideo_direct_api_eval300_v1/outputs/direct_v1_formal/direct_v1_2_3x16_r1_r3_eval300_formal_v1/route_status/R1:db3f7933-dfa0-4678-9d4f-393b628ded45_6_17.json,ddf56bf8d97a9709d39b10109eb9f27bee7836cc8bde2e3818578f4135abbc72,594,artifacts/SUPERSEDED_FOR_THESIS/old_formal_88/route_status/R1:db3f7933-dfa0-4678-9d4f-393b628ded45_6_17.json,546af3b08809f79726b36628d13877f0f1a9243f673fdf781723b8eb8feb3835,572,old 300 R1 + frozen 300 R3 source route statuses,absolute_personal_path_redaction_only
${PROJECT_MSC_ROOT}/msc_thesis/main_system/isolated_workspaces/hourvideo_direct_api_eval300_v1/outputs/direct_v1_formal/direct_v1_2_3x16_r1_r3_eval300_formal_v1/route_status/R1:db3f7933-dfa0-4678-9d4f-393b628ded45_6_25.json,93a89f0d140ebf70398bbcbfa7acd9e40893c1de75aa8d758968ae1a045256f3,594,artifacts/SUPERSEDED_FOR_THESIS/old_formal_88/route_status/R1:db3f7933-dfa0-4678-9d4f-393b628ded45_6_25.json,126f502537305f3d8eaa2ed8218d6c50939b64f4d23d30244ab3e41050101d89,572,old 300 R1 + frozen 300 R3 source route statuses,absolute_personal_path_redaction_only
${PROJECT_MSC_ROOT}/msc_thesis/main_system/isolated_workspaces/hourvideo_direct_api_eval300_v1/outputs/direct_v1_formal/direct_v1_2_3x16_r1_r3_eval300_formal_v1/route_status/R1:db3f7933-dfa0-4678-9d4f-393b628ded45_6_7.json,7c182b14b5c161ecee378304d268e78b89f2241d0cee43672e739e657c462e08,581,artifacts/SUPERSEDED_FOR_THESIS/old_formal_88/route_status/R1:db3f7933-dfa0-4678-9d4f-393b628ded45_6_7.json,de016b409574944df14f8ee700e93a4aa85fa3bb77eca39cc9271569e0840b34,559,old 300 R1 + frozen 300 R3 source route statuses,absolute_personal_path_redaction_only
${PROJECT_MSC_ROOT}/msc_thesis/main_system/isolated_workspaces/hourvideo_direct_api_eval300_v1/outputs/direct_v1_formal/direct_v1_2_3x16_r1_r3_eval300_formal_v1/route_status/R1:db3f7933-dfa0-4678-9d4f-393b628ded45_7_10.json,848e0001eb836b2929f8e62864072773f8c59d2a5494b4079030fb6cb33a9237,593,artifacts/SUPERSEDED_FOR_THESIS/old_formal_88/route_status/R1:db3f7933-dfa0-4678-9d4f-393b628ded45_7_10.json,da3dd41a8c1b9486aac45f8bcca7b75b8c1e9dc606e408ee44dbeed7c5e19482,571,old 300 R1 + frozen 300 R3 source route statuses,absolute_personal_path_redaction_only
${PROJECT_MSC_ROOT}/msc_thesis/main_system/isolated_workspaces/hourvideo_direct_api_eval300_v1/outputs/direct_v1_formal/direct_v1_2_3x16_r1_r3_eval300_formal_v1/route_status/R1:db3f7933-dfa0-4678-9d4f-393b628ded45_7_14.json,eeeb530fe4cfc506e6bcba1adab5460fd8a1817eab5e7bb2cbeec46df52b8e62,582,artifacts/SUPERSEDED_FOR_THESIS/old_formal_88/route_status/R1:db3f7933-dfa0-4678-9d4f-393b628ded45_7_14.json,d3e43139937fa6dd7a8612d58abd08c466ac3fa22f44e5592c7859de60b0acce,560,old 300 R1 + frozen 300 R3 source route statuses,absolute_personal_path_redaction_only
${PROJECT_MSC_ROOT}/msc_thesis/main_system/isolated_workspaces/hourvideo_direct_api_eval300_v1/outputs/direct_v1_formal/direct_v1_2_3x16_r1_r3_eval300_formal_v1/route_status/R1:db3f7933-dfa0-4678-9d4f-393b628ded45_7_19.json,ebff4ae51f660a7157dfaab701fc47a82700f7dcddeba512edfa84339e45e764,594,artifacts/SUPERSEDED_FOR_THESIS/old_formal_88/route_status/R1:db3f7933-dfa0-4678-9d4f-393b628ded45_7_19.json,9c9b78f08a41e49ed360212a5d4bfcb4895277ba43fe0f9e58b24777a463a6cd,572,old 300 R1 + frozen 300 R3 source route statuses,absolute_personal_path_redaction_only
${PROJECT_MSC_ROOT}/msc_thesis/main_system/isolated_workspaces/hourvideo_direct_api_eval300_v1/outputs/direct_v1_formal/direct_v1_2_3x16_r1_r3_eval300_formal_v1/route_status/R1:db3f7933-dfa0-4678-9d4f-393b628ded45_7_21.json,cce46f3a47530e17ec6c63728b1205025c5a1b4be62f5a12253d073b6231eb1f,583,artifacts/SUPERSEDED_FOR_THESIS/old_formal_88/route_status/R1:db3f7933-dfa0-4678-9d4f-393b628ded45_7_21.json,69785c068df9befa6babb3447ca7eb314031aabb49058e081d912e47392396a9,561,old 300 R1 + frozen 300 R3 source route statuses,absolute_personal_path_redaction_only
${PROJECT_MSC_ROOT}/msc_thesis/main_system/isolated_workspaces/hourvideo_direct_api_eval300_v1/outputs/direct_v1_formal/direct_v1_2_3x16_r1_r3_eval300_formal_v1/route_status/R1:db3f7933-dfa0-4678-9d4f-393b628ded45_7_23.json,99ec7ea4df10303848a7475111e90b2af1a9ea57da561361c0029676c9435c33,593,artifacts/SUPERSEDED_FOR_THESIS/old_formal_88/route_status/R1:db3f7933-dfa0-4678-9d4f-393b628ded45_7_23.json,132eb1d20a6c89d46c8c0f10365ac1b97fa30199f55f679e1794266e1083e09d,571,old 300 R1 + frozen 300 R3 source route statuses,absolute_personal_path_redaction_only
${PROJECT_MSC_ROOT}/msc_thesis/main_system/isolated_workspaces/hourvideo_direct_api_eval300_v1/outputs/direct_v1_formal/direct_v1_2_3x16_r1_r3_eval300_formal_v1/route_status/R1:db3f7933-dfa0-4678-9d4f-393b628ded45_7_28.json,34f76a5eac2ca43b7360f2bfbc9b23da0c76ee29f19170be8c2dd280fe169041,585,artifacts/SUPERSEDED_FOR_THESIS/old_formal_88/route_status/R1:db3f7933-dfa0-4678-9d4f-393b628ded45_7_28.json,33f62ffb33f504730b8c3c0258a559d9037eb0045c0ed425209cbd6f7608f5c9,563,old 300 R1 + frozen 300 R3 source route statuses,absolute_personal_path_redaction_only
${PROJECT_MSC_ROOT}/msc_thesis/main_system/isolated_workspaces/hourvideo_direct_api_eval300_v1/outputs/direct_v1_formal/direct_v1_2_3x16_r1_r3_eval300_formal_v1/route_status/R1:db3f7933-dfa0-4678-9d4f-393b628ded45_7_6.json,5745cfa39c9e5cc475ca4b8fdade7311891bd9364c530906c40c837ef535783b,584,artifacts/SUPERSEDED_FOR_THESIS/old_formal_88/route_status/R1:db3f7933-dfa0-4678-9d4f-393b628ded45_7_6.json,e08368c76e7cc21d1a4d6ba9bbcc3bf8d7b414478107e8d5ff348ea8029e966f,562,old 300 R1 + frozen 300 R3 source route statuses,absolute_personal_path_redaction_only
${PROJECT_MSC_ROOT}/msc_thesis/main_system/isolated_workspaces/hourvideo_direct_api_eval300_v1/outputs/direct_v1_formal/direct_v1_2_3x16_r1_r3_eval300_formal_v1/route_status/R1:db3f7933-dfa0-4678-9d4f-393b628ded45_7_8.json,647c3c968ebb1d34fa476a6815e3e443789c20fd4f7802e8c8f5e3a5d83a72bc,593,artifacts/SUPERSEDED_FOR_THESIS/old_formal_88/route_status/R1:db3f7933-dfa0-4678-9d4f-393b628ded45_7_8.json,0c833e2ea8fdd06c176f02774456c2a28109c056b6b96f95836c91b245455c84,571,old 300 R1 + frozen 300 R3 source route statuses,absolute_personal_path_redaction_only
${PROJECT_MSC_ROOT}/msc_thesis/main_system/isolated_workspaces/hourvideo_direct_api_eval300_v1/outputs/direct_v1_formal/direct_v1_2_3x16_r1_r3_eval300_formal_v1/route_status/R1:db3f7933-dfa0-4678-9d4f-393b628ded45_8_4.json,78f642b6f83e399f066f9ec1045b515c7248a8973e987f21cfdcd08c5ad82031,591,artifacts/SUPERSEDED_FOR_THESIS/old_formal_88/route_status/R1:db3f7933-dfa0-4678-9d4f-393b628ded45_8_4.json,97401d88352ddce95325fcddd6ff29416ac883c35c7a4bd9ce95eeb25df986e6,569,old 300 R1 + frozen 300 R3 source route statuses,absolute_personal_path_redaction_only
${PROJECT_MSC_ROOT}/msc_thesis/main_system/isolated_workspaces/hourvideo_direct_api_eval300_v1/outputs/direct_v1_formal/direct_v1_2_3x16_r1_r3_eval300_formal_v1/route_status/R3:115774b6-534d-444f-b7aa-d1b834eb0ee7_12_27.json,6ebf59421f463e4a70acc34d9bfc1ab41dc22487586e4438752cfe87cbe179c1,595,artifacts/SUPERSEDED_FOR_THESIS/old_formal_88/route_status/R3:115774b6-534d-444f-b7aa-d1b834eb0ee7_12_27.json,ad1d44a2ad8119e08bb88ddf2901adbf4188865b6b5ae97e39f076f77a8f7fb0,573,old 300 R1 + frozen 300 R3 source route statuses,absolute_personal_path_redaction_only
${PROJECT_MSC_ROOT}/msc_thesis/main_system/isolated_workspaces/hourvideo_direct_api_eval300_v1/outputs/direct_v1_formal/direct_v1_2_3x16_r1_r3_eval300_formal_v1/route_status/R3:115774b6-534d-444f-b7aa-d1b834eb0ee7_17_12.json,cf9427fbe1c177486e76dd257000f0d90193c1d9e60950e08046e040008c451f,595,artifacts/SUPERSEDED_FOR_THESIS/old_formal_88/route_status/R3:115774b6-534d-444f-b7aa-d1b834eb0ee7_17_12.json,17f29bbeecd0591d48fa9789b75ef5c2734874b7e516669a7117cf4d2e753e2c,573,old 300 R1 + frozen 300 R3 source route statuses,absolute_personal_path_redaction_only
${PROJECT_MSC_ROOT}/msc_thesis/main_system/isolated_workspaces/hourvideo_direct_api_eval300_v1/outputs/direct_v1_formal/direct_v1_2_3x16_r1_r3_eval300_formal_v1/route_status/R3:115774b6-534d-444f-b7aa-d1b834eb0ee7_17_14.json,57ad2299a8cd5d0f022ce7fd16e1007d58d0771ad0edbb44f778b6b02bad47c3,595,artifacts/SUPERSEDED_FOR_THESIS/old_formal_88/route_status/R3:115774b6-534d-444f-b7aa-d1b834eb0ee7_17_14.json,df7f3d2e4a3177bbdf0c47d2bd6c482900810716aa7feedfbcc65115ccc2706f,573,old 300 R1 + frozen 300 R3 source route statuses,absolute_personal_path_redaction_only
${PROJECT_MSC_ROOT}/msc_thesis/main_system/isolated_workspaces/hourvideo_direct_api_eval300_v1/outputs/direct_v1_formal/direct_v1_2_3x16_r1_r3_eval300_formal_v1/route_status/R3:115774b6-534d-444f-b7aa-d1b834eb0ee7_17_31.json,73f167098707484fe7ed2249030d913c700dfa823206ca882ddccbb883943d04,595,artifacts/SUPERSEDED_FOR_THESIS/old_formal_88/route_status/R3:115774b6-534d-444f-b7aa-d1b834eb0ee7_17_31.json,c57d2b81bb14ae3d1097a0bc3bc2cbd1847585802d815316d73cf3bff87ed66e,573,old 300 R1 + frozen 300 R3 source route statuses,absolute_personal_path_redaction_only
${PROJECT_MSC_ROOT}/msc_thesis/main_system/isolated_workspaces/hourvideo_direct_api_eval300_v1/outputs/direct_v1_formal/direct_v1_2_3x16_r1_r3_eval300_formal_v1/route_status/R3:115774b6-534d-444f-b7aa-d1b834eb0ee7_17_7.json,0762f52f686a2cc4b7d25956dfc19c2dad5822424e4441fcfd31456902f16057,593,artifacts/SUPERSEDED_FOR_THESIS/old_formal_88/route_status/R3:115774b6-534d-444f-b7aa-d1b834eb0ee7_17_7.json,d81cbd87b6ba374e9f4726714a0b35fa5d60d4d3610deeb253066a5bb6c8e98d,571,old 300 R1 + frozen 300 R3 source route statuses,absolute_personal_path_redaction_only
${PROJECT_MSC_ROOT}/msc_thesis/main_system/isolated_workspaces/hourvideo_direct_api_eval300_v1/outputs/direct_v1_formal/direct_v1_2_3x16_r1_r3_eval300_formal_v1/route_status/R3:115774b6-534d-444f-b7aa-d1b834eb0ee7_1_1.json,f3208fcb2fb0c7135149f952758e728d558c671b668d1185df9dc501f7a86f15,581,artifacts/SUPERSEDED_FOR_THESIS/old_formal_88/route_status/R3:115774b6-534d-444f-b7aa-d1b834eb0ee7_1_1.json,31a39a31a6009cf20250f8d01714c1cb8bbf95a2f5523683eaeadcc04807f49e,559,old 300 R1 + frozen 300 R3 source route statuses,absolute_personal_path_redaction_only
${PROJECT_MSC_ROOT}/msc_thesis/main_system/isolated_workspaces/hourvideo_direct_api_eval300_v1/outputs/direct_v1_formal/direct_v1_2_3x16_r1_r3_eval300_formal_v1/route_status/R3:115774b6-534d-444f-b7aa-d1b834eb0ee7_1_3.json,600d8a21f6d478e59d525bf6d792c986f9d1b2e50ae3c678456894670c25acdb,591,artifacts/SUPERSEDED_FOR_THESIS/old_formal_88/route_status/R3:115774b6-534d-444f-b7aa-d1b834eb0ee7_1_3.json,5376f305e01840a1cc5593ac66701575a392f0a80ea56fc04b3d544e9207320d,569,old 300 R1 + frozen 300 R3 source route statuses,absolute_personal_path_redaction_only
${PROJECT_MSC_ROOT}/msc_thesis/main_system/isolated_workspaces/hourvideo_direct_api_eval300_v1/outputs/direct_v1_formal/direct_v1_2_3x16_r1_r3_eval300_formal_v1/route_status/R3:115774b6-534d-444f-b7aa-d1b834eb0ee7_2_2.json,5c7c36217b8addbb1ba6392e86aad028909f61229a44d60fdecf11997862d00a,580,artifacts/SUPERSEDED_FOR_THESIS/old_formal_88/route_status/R3:115774b6-534d-444f-b7aa-d1b834eb0ee7_2_2.json,b2192082aa03827438ed36deab8d7216bbb67058e2de2521fcf913d1b7cf8c66,558,old 300 R1 + frozen 300 R3 source route statuses,absolute_personal_path_redaction_only
${PROJECT_MSC_ROOT}/msc_thesis/main_system/isolated_workspaces/hourvideo_direct_api_eval300_v1/outputs/direct_v1_formal/direct_v1_2_3x16_r1_r3_eval300_formal_v1/route_status/R3:115774b6-534d-444f-b7aa-d1b834eb0ee7_2_4.json,861113482f301b64b30ed656d2dadef416ed0fefd949fa47783daa56e54d511c,580,artifacts/SUPERSEDED_FOR_THESIS/old_formal_88/route_status/R3:115774b6-534d-444f-b7aa-d1b834eb0ee7_2_4.json,34aae5f98b1dc2b1889ce13b5f441d3f90e98e45c14667da76c76671122916b2,558,old 300 R1 + frozen 300 R3 source route statuses,absolute_personal_path_redaction_only
${PROJECT_MSC_ROOT}/msc_thesis/main_system/isolated_workspaces/hourvideo_direct_api_eval300_v1/outputs/direct_v1_formal/direct_v1_2_3x16_r1_r3_eval300_formal_v1/route_status/R3:115774b6-534d-444f-b7aa-d1b834eb0ee7_3_21.json,b1836939edce255e0dee76011eef95f3620abdc682d8192e017f478d24a732fc,593,artifacts/SUPERSEDED_FOR_THESIS/old_formal_88/route_status/R3:115774b6-534d-444f-b7aa-d1b834eb0ee7_3_21.json,781a0555520dd86c6a0f4d4b4c549d02f9a861ccdd3773767f8f91b405446c10,571,old 300 R1 + frozen 300 R3 source route statuses,absolute_personal_path_redaction_only
${PROJECT_MSC_ROOT}/msc_thesis/main_system/isolated_workspaces/hourvideo_direct_api_eval300_v1/outputs/direct_v1_formal/direct_v1_2_3x16_r1_r3_eval300_formal_v1/route_status/R3:115774b6-534d-444f-b7aa-d1b834eb0ee7_3_23.json,c7d60f04a3588aafd5de95da4ff49bfbd246685cb0e9735bb303ba266a8cd022,593,artifacts/SUPERSEDED_FOR_THESIS/old_formal_88/route_status/R3:115774b6-534d-444f-b7aa-d1b834eb0ee7_3_23.json,f700f41af16500bb09c31fc73b00c7431335cc28d3763f62753d2d92867d99d3,571,old 300 R1 + frozen 300 R3 source route statuses,absolute_personal_path_redaction_only
${PROJECT_MSC_ROOT}/msc_thesis/main_system/isolated_workspaces/hourvideo_direct_api_eval300_v1/outputs/direct_v1_formal/direct_v1_2_3x16_r1_r3_eval300_formal_v1/route_status/R3:115774b6-534d-444f-b7aa-d1b834eb0ee7_3_6.json,8b5f837b2169541f471bff5ac7eacb0b4bc20253bf81bd56ad1b50c10d8839ae,591,artifacts/SUPERSEDED_FOR_THESIS/old_formal_88/route_status/R3:115774b6-534d-444f-b7aa-d1b834eb0ee7_3_6.json,30544a83addbf5c1b0e7fa860a31d8156b158526e693d8ac3b878a1beb585ca3,569,old 300 R1 + frozen 300 R3 source route statuses,absolute_personal_path_redaction_only
${PROJECT_MSC_ROOT}/msc_thesis/main_system/isolated_workspaces/hourvideo_direct_api_eval300_v1/outputs/direct_v1_formal/direct_v1_2_3x16_r1_r3_eval300_formal_v1/route_status/R3:115774b6-534d-444f-b7aa-d1b834eb0ee7_4_1.json,05650c85fc155c37a251dd173862dea2dd1833687cb7fc21d80b7a11586a84a9,580,artifacts/SUPERSEDED_FOR_THESIS/old_formal_88/route_status/R3:115774b6-534d-444f-b7aa-d1b834eb0ee7_4_1.json,3c75901a01e26049a3a3da0ca8f18eebb1529b0eeb2d1f96b3f203acb8c59916,558,old 300 R1 + frozen 300 R3 source route statuses,absolute_personal_path_redaction_only
${PROJECT_MSC_ROOT}/msc_thesis/main_system/isolated_workspaces/hourvideo_direct_api_eval300_v1/outputs/direct_v1_formal/direct_v1_2_3x16_r1_r3_eval300_formal_v1/route_status/R3:115774b6-534d-444f-b7aa-d1b834eb0ee7_4_25.json,f5c9c7a6559f8da6dc2db3a301105b5a2a47703a277113c6fdbb0f0a26969229,583,artifacts/SUPERSEDED_FOR_THESIS/old_formal_88/route_status/R3:115774b6-534d-444f-b7aa-d1b834eb0ee7_4_25.json,053b1cbb1d79270efef00ffa8275d5587c027176f53b2fbb8b31b270f0acfdeb,561,old 300 R1 + frozen 300 R3 source route statuses,absolute_personal_path_redaction_only
${PROJECT_MSC_ROOT}/msc_thesis/main_system/isolated_workspaces/hourvideo_direct_api_eval300_v1/outputs/direct_v1_formal/direct_v1_2_3x16_r1_r3_eval300_formal_v1/route_status/R3:115774b6-534d-444f-b7aa-d1b834eb0ee7_5_29.json,f078bbc63bcc848d86fa3401eaf4c28c10fecc4cd86f950e624b24449a2cce62,583,artifacts/SUPERSEDED_FOR_THESIS/old_formal_88/route_status/R3:115774b6-534d-444f-b7aa-d1b834eb0ee7_5_29.json,74167a247dff8f1adc7ac0d759f4a50da6fe88f5bf6a27e42de8f96ec05c1249,561,old 300 R1 + frozen 300 R3 source route statuses,absolute_personal_path_redaction_only
${PROJECT_MSC_ROOT}/msc_thesis/main_system/isolated_workspaces/hourvideo_direct_api_eval300_v1/outputs/direct_v1_formal/direct_v1_2_3x16_r1_r3_eval300_formal_v1/route_status/R3:115774b6-534d-444f-b7aa-d1b834eb0ee7_5_5.json,749004f8f4f8d96784ca798019f3c5dd7c00aa2dee9a43469cab7d14aed004ff,591,artifacts/SUPERSEDED_FOR_THESIS/old_formal_88/route_status/R3:115774b6-534d-444f-b7aa-d1b834eb0ee7_5_5.json,5e62562d7b90ee26ecf183fb1f920fc6b2527ad11ec98a7f8622754daca3d5c4,569,old 300 R1 + frozen 300 R3 source route statuses,absolute_personal_path_redaction_only
${PROJECT_MSC_ROOT}/msc_thesis/main_system/isolated_workspaces/hourvideo_direct_api_eval300_v1/outputs/direct_v1_formal/direct_v1_2_3x16_r1_r3_eval300_formal_v1/route_status/R3:115774b6-534d-444f-b7aa-d1b834eb0ee7_6_2.json,85ba13a4258a97ecca5df11944e256152815d478a9f4f74ea707557bdb622f1c,591,artifacts/SUPERSEDED_FOR_THESIS/old_formal_88/route_status/R3:115774b6-534d-444f-b7aa-d1b834eb0ee7_6_2.json,0ad43be5d413fb73eb7b55deb202281f6dc29a1aea85c53474bbc17ba9e0419e,569,old 300 R1 + frozen 300 R3 source route statuses,absolute_personal_path_redaction_only
${PROJECT_MSC_ROOT}/msc_thesis/main_system/isolated_workspaces/hourvideo_direct_api_eval300_v1/outputs/direct_v1_formal/direct_v1_2_3x16_r1_r3_eval300_formal_v1/route_status/R3:115774b6-534d-444f-b7aa-d1b834eb0ee7_6_24.json,6eefd2fa7cc4b9fb0615d0bab5927df7af855469e797a6bf217aee25563040df,593,artifacts/SUPERSEDED_FOR_THESIS/old_formal_88/route_status/R3:115774b6-534d-444f-b7aa-d1b834eb0ee7_6_24.json,06fda2c3fd2f5a4d3cb1382ccf056c4009f82b2617e86a8f353972a433feb446,571,old 300 R1 + frozen 300 R3 source route statuses,absolute_personal_path_redaction_only
${PROJECT_MSC_ROOT}/msc_thesis/main_system/isolated_workspaces/hourvideo_direct_api_eval300_v1/outputs/direct_v1_formal/direct_v1_2_3x16_r1_r3_eval300_formal_v1/route_status/R3:115774b6-534d-444f-b7aa-d1b834eb0ee7_6_3.json,8db31d4cd6449a00ee87df095abf951ba603ea1bb5bd6a957d2585ab99a032ce,580,artifacts/SUPERSEDED_FOR_THESIS/old_formal_88/route_status/R3:115774b6-534d-444f-b7aa-d1b834eb0ee7_6_3.json,3dc035a41797a0f1bce805a2cd073d6e935e7cd1e783769c341bad1db02a47eb,558,old 300 R1 + frozen 300 R3 source route statuses,absolute_personal_path_redaction_only
${PROJECT_MSC_ROOT}/msc_thesis/main_system/isolated_workspaces/hourvideo_direct_api_eval300_v1/outputs/direct_v1_formal/direct_v1_2_3x16_r1_r3_eval300_formal_v1/route_status/R3:115774b6-534d-444f-b7aa-d1b834eb0ee7_6_4.json,379c403b027577e6ddc47409d181b7822936e62ab47af6f1bf9d3fe038b981c5,581,artifacts/SUPERSEDED_FOR_THESIS/old_formal_88/route_status/R3:115774b6-534d-444f-b7aa-d1b834eb0ee7_6_4.json,365967c18d87ad19a88d3228e66851b06b16b78c82ff7672af08200e0886d319,559,old 300 R1 + frozen 300 R3 source route statuses,absolute_personal_path_redaction_only
${PROJECT_MSC_ROOT}/msc_thesis/main_system/isolated_workspaces/hourvideo_direct_api_eval300_v1/outputs/direct_v1_formal/direct_v1_2_3x16_r1_r3_eval300_formal_v1/route_status/R3:115774b6-534d-444f-b7aa-d1b834eb0ee7_7_10.json,4caa7a69e699d1a8a0a41fbf8dd80319b5b9df45cdd40b26994ba7dba91b041b,593,artifacts/SUPERSEDED_FOR_THESIS/old_formal_88/route_status/R3:115774b6-534d-444f-b7aa-d1b834eb0ee7_7_10.json,f951c9c1b5d6bd8764efbd3a7f6c6ab3315086c731077a9e05738425e173825c,571,old 300 R1 + frozen 300 R3 source route statuses,absolute_personal_path_redaction_only
${PROJECT_MSC_ROOT}/msc_thesis/main_system/isolated_workspaces/hourvideo_direct_api_eval300_v1/outputs/direct_v1_formal/direct_v1_2_3x16_r1_r3_eval300_formal_v1/route_status/R3:115774b6-534d-444f-b7aa-d1b834eb0ee7_7_22.json,e21e4639e97dc720e94075a2fb62e9a02a763abb575eb43fdda444cf123cbddd,586,artifacts/SUPERSEDED_FOR_THESIS/old_formal_88/route_status/R3:115774b6-534d-444f-b7aa-d1b834eb0ee7_7_22.json,4e2254166d8931069413b398ff76d9f59bb235afb79a166209c8a38270479d8b,564,old 300 R1 + frozen 300 R3 source route statuses,absolute_personal_path_redaction_only
${PROJECT_MSC_ROOT}/msc_thesis/main_system/isolated_workspaces/hourvideo_direct_api_eval300_v1/outputs/direct_v1_formal/direct_v1_2_3x16_r1_r3_eval300_formal_v1/route_status/R3:115774b6-534d-444f-b7aa-d1b834eb0ee7_8_13.json,df05ae835bbaa816f7fe94055ed20190f018cfb55ac8f2f75a1fc8ba08571b3f,582,artifacts/SUPERSEDED_FOR_THESIS/old_formal_88/route_status/R3:115774b6-534d-444f-b7aa-d1b834eb0ee7_8_13.json,3a85961b523a2130fe189cf8a72d8e98a492d50e156e78b499bfed25ca541e64,560,old 300 R1 + frozen 300 R3 source route statuses,absolute_personal_path_redaction_only
${PROJECT_MSC_ROOT}/msc_thesis/main_system/isolated_workspaces/hourvideo_direct_api_eval300_v1/outputs/direct_v1_formal/direct_v1_2_3x16_r1_r3_eval300_formal_v1/route_status/R3:115774b6-534d-444f-b7aa-d1b834eb0ee7_8_26.json,ae7e346a1efc6f37699e31fe800d71ab18fe9e2bc7e02bacea01a274b75105ee,582,artifacts/SUPERSEDED_FOR_THESIS/old_formal_88/route_status/R3:115774b6-534d-444f-b7aa-d1b834eb0ee7_8_26.json,a6cead310a2265c3e4614b4fd34ae48ad5372fe10f313519f50bf74969b9bf13,560,old 300 R1 + frozen 300 R3 source route statuses,absolute_personal_path_redaction_only
${PROJECT_MSC_ROOT}/msc_thesis/main_system/isolated_workspaces/hourvideo_direct_api_eval300_v1/outputs/direct_v1_formal/direct_v1_2_3x16_r1_r3_eval300_formal_v1/route_status/R3:115774b6-534d-444f-b7aa-d1b834eb0ee7_8_8.json,ba03c02b59b2bf1e43c4e32eeec2166c286fe524873f80a074fa8bb59b256dd4,590,artifacts/SUPERSEDED_FOR_THESIS/old_formal_88/route_status/R3:115774b6-534d-444f-b7aa-d1b834eb0ee7_8_8.json,3b4722728a3b611d5f86be8e3d266cfd43a353facf5e531fe46b19aeb6ddb650,568,old 300 R1 + frozen 300 R3 source route statuses,absolute_personal_path_redaction_only
${PROJECT_MSC_ROOT}/msc_thesis/main_system/isolated_workspaces/hourvideo_direct_api_eval300_v1/outputs/direct_v1_formal/direct_v1_2_3x16_r1_r3_eval300_formal_v1/route_status/R3:41a86310-2cc1-48f9-b5b5-6b495a95fbac_11_1.json,9087ed6123e63c88b36d4e7ff18dfd95d129e56b730410353aa47823301e7f04,582,artifacts/SUPERSEDED_FOR_THESIS/old_formal_88/route_status/R3:41a86310-2cc1-48f9-b5b5-6b495a95fbac_11_1.json,47a3c173ebcd61d7b55b142afbc2747cf61c7b40ee754e7eb6198b407f5bc202,560,old 300 R1 + frozen 300 R3 source route statuses,absolute_personal_path_redaction_only
${PROJECT_MSC_ROOT}/msc_thesis/main_system/isolated_workspaces/hourvideo_direct_api_eval300_v1/outputs/direct_v1_formal/direct_v1_2_3x16_r1_r3_eval300_formal_v1/route_status/R3:41a86310-2cc1-48f9-b5b5-6b495a95fbac_11_19.json,8d9f476857f35083a5b9f1cd84de3f9663a0dddbfa986a3486f51e311771e813,596,artifacts/SUPERSEDED_FOR_THESIS/old_formal_88/route_status/R3:41a86310-2cc1-48f9-b5b5-6b495a95fbac_11_19.json,e3eb7d8f6d53556436e0310456c8773310dfe02740cc443fdddbd3430370464b,574,old 300 R1 + frozen 300 R3 source route statuses,absolute_personal_path_redaction_only
${PROJECT_MSC_ROOT}/msc_thesis/main_system/isolated_workspaces/hourvideo_direct_api_eval300_v1/outputs/direct_v1_formal/direct_v1_2_3x16_r1_r3_eval300_formal_v1/route_status/R3:41a86310-2cc1-48f9-b5b5-6b495a95fbac_11_31.json,67e298708e6c546778ab3a4a5cd93791566bbe639fbbfb632182ea80e1baff9c,595,artifacts/SUPERSEDED_FOR_THESIS/old_formal_88/route_status/R3:41a86310-2cc1-48f9-b5b5-6b495a95fbac_11_31.json,ffd5e2422efbe6a3178ec1920c659d780b5af2378007544c706c0eec897686fc,573,old 300 R1 + frozen 300 R3 source route statuses,absolute_personal_path_redaction_only
${PROJECT_MSC_ROOT}/msc_thesis/main_system/isolated_workspaces/hourvideo_direct_api_eval300_v1/outputs/direct_v1_formal/direct_v1_2_3x16_r1_r3_eval300_formal_v1/route_status/R3:41a86310-2cc1-48f9-b5b5-6b495a95fbac_11_34.json,a61b74eec90b438eceb58672eb3270c9e1ce80371e8b1e6efb77c2b61c632348,585,artifacts/SUPERSEDED_FOR_THESIS/old_formal_88/route_status/R3:41a86310-2cc1-48f9-b5b5-6b495a95fbac_11_34.json,92d958cd960243057c8a32cd645d1ab9a8dbad61f0b468d02ac32ad1551c7685,563,old 300 R1 + frozen 300 R3 source route statuses,absolute_personal_path_redaction_only
${PROJECT_MSC_ROOT}/msc_thesis/main_system/isolated_workspaces/hourvideo_direct_api_eval300_v1/outputs/direct_v1_formal/direct_v1_2_3x16_r1_r3_eval300_formal_v1/route_status/R3:41a86310-2cc1-48f9-b5b5-6b495a95fbac_11_4.json,592354c634e578931c817c560a5189137f5bbf2fc29ced7e0520976885aa6681,582,artifacts/SUPERSEDED_FOR_THESIS/old_formal_88/route_status/R3:41a86310-2cc1-48f9-b5b5-6b495a95fbac_11_4.json,96f6b1660f8ea7548d3bc1d3e552551717587006bd851ee4382795597d9b2a4d,560,old 300 R1 + frozen 300 R3 source route statuses,absolute_personal_path_redaction_only
${PROJECT_MSC_ROOT}/msc_thesis/main_system/isolated_workspaces/hourvideo_direct_api_eval300_v1/outputs/direct_v1_formal/direct_v1_2_3x16_r1_r3_eval300_formal_v1/route_status/R3:41a86310-2cc1-48f9-b5b5-6b495a95fbac_17_10.json,7c642dfe6fe2204ccd04ec620c65032beda8f093579dd026ee359cf67bfbf217,584,artifacts/SUPERSEDED_FOR_THESIS/old_formal_88/route_status/R3:41a86310-2cc1-48f9-b5b5-6b495a95fbac_17_10.json,a4e90804a65d003f38f95254051d63c014756442bfc64cadbd941ee325754cbf,562,old 300 R1 + frozen 300 R3 source route statuses,absolute_personal_path_redaction_only
${PROJECT_MSC_ROOT}/msc_thesis/main_system/isolated_workspaces/hourvideo_direct_api_eval300_v1/outputs/direct_v1_formal/direct_v1_2_3x16_r1_r3_eval300_formal_v1/route_status/R3:41a86310-2cc1-48f9-b5b5-6b495a95fbac_17_13.json,d9b5094e4fc7ca4787ca6ed891cecde83bdaa3a8b1000ad1e726478b7bbbb3df,584,artifacts/SUPERSEDED_FOR_THESIS/old_formal_88/route_status/R3:41a86310-2cc1-48f9-b5b5-6b495a95fbac_17_13.json,0a956db11119d58257e921ffe16a2ac493ee9a9f5dde713251a8c015b45edc45,562,old 300 R1 + frozen 300 R3 source route statuses,absolute_personal_path_redaction_only
${PROJECT_MSC_ROOT}/msc_thesis/main_system/isolated_workspaces/hourvideo_direct_api_eval300_v1/outputs/direct_v1_formal/direct_v1_2_3x16_r1_r3_eval300_formal_v1/route_status/R3:41a86310-2cc1-48f9-b5b5-6b495a95fbac_17_15.json,0ab34d4c04d9f5e2ef880788986fb540fffb2152a135f5b7ad71ca2d5a4f7fa1,585,artifacts/SUPERSEDED_FOR_THESIS/old_formal_88/route_status/R3:41a86310-2cc1-48f9-b5b5-6b495a95fbac_17_15.json,1a1d57614001a6609538e39fc8f27c3f9e84906fa07f90fc9fb2593d18147ea5,563,old 300 R1 + frozen 300 R3 source route statuses,absolute_personal_path_redaction_only
${PROJECT_MSC_ROOT}/msc_thesis/main_system/isolated_workspaces/hourvideo_direct_api_eval300_v1/outputs/direct_v1_formal/direct_v1_2_3x16_r1_r3_eval300_formal_v1/route_status/R3:41a86310-2cc1-48f9-b5b5-6b495a95fbac_17_2.json,222d9761f9292ebc0fb8810d615c1af5c4e083118c2ddcf55d74c54c5aa60890,582,artifacts/SUPERSEDED_FOR_THESIS/old_formal_88/route_status/R3:41a86310-2cc1-48f9-b5b5-6b495a95fbac_17_2.json,2ee01f5c587c39759bc3aabe53c73970afce9a830ef66c1d2a23f59e89248daa,560,old 300 R1 + frozen 300 R3 source route statuses,absolute_personal_path_redaction_only
${PROJECT_MSC_ROOT}/msc_thesis/main_system/isolated_workspaces/hourvideo_direct_api_eval300_v1/outputs/direct_v1_formal/direct_v1_2_3x16_r1_r3_eval300_formal_v1/route_status/R3:41a86310-2cc1-48f9-b5b5-6b495a95fbac_17_21.json,dc8ca7e8858b6b45b170a65d4090cc56ad217d10e462a86453ca203849e3f53f,584,artifacts/SUPERSEDED_FOR_THESIS/old_formal_88/route_status/R3:41a86310-2cc1-48f9-b5b5-6b495a95fbac_17_21.json,96132168ec7340071a2891fd21fa19c564d5bed61747851fd1fd9d5c551e4f81,562,old 300 R1 + frozen 300 R3 source route statuses,absolute_personal_path_redaction_only
${PROJECT_MSC_ROOT}/msc_thesis/main_system/isolated_workspaces/hourvideo_direct_api_eval300_v1/outputs/direct_v1_formal/direct_v1_2_3x16_r1_r3_eval300_formal_v1/route_status/R3:41a86310-2cc1-48f9-b5b5-6b495a95fbac_17_23.json,9d23eed1924236abe55cd9605de5170ccf73884a235556d5a56f86fb0203e5b8,586,artifacts/SUPERSEDED_FOR_THESIS/old_formal_88/route_status/R3:41a86310-2cc1-48f9-b5b5-6b495a95fbac_17_23.json,3c679010a728a9cac75913a2161670b4f2d40e9a572e29de85955a9ba8c9bc95,564,old 300 R1 + frozen 300 R3 source route statuses,absolute_personal_path_redaction_only
${PROJECT_MSC_ROOT}/msc_thesis/main_system/isolated_workspaces/hourvideo_direct_api_eval300_v1/outputs/direct_v1_formal/direct_v1_2_3x16_r1_r3_eval300_formal_v1/route_status/R3:41a86310-2cc1-48f9-b5b5-6b495a95fbac_17_26.json,46e56dbf98c2d34708e763fac19ac44c388cc06f92361d1de38d64be1720ff45,585,artifacts/SUPERSEDED_FOR_THESIS/old_formal_88/route_status/R3:41a86310-2cc1-48f9-b5b5-6b495a95fbac_17_26.json,2dc58c7e83f45b08445c4a1f3e47fb8b6c92edc0c40959fb957c17150b625ef6,563,old 300 R1 + frozen 300 R3 source route statuses,absolute_personal_path_redaction_only
${PROJECT_MSC_ROOT}/msc_thesis/main_system/isolated_workspaces/hourvideo_direct_api_eval300_v1/outputs/direct_v1_formal/direct_v1_2_3x16_r1_r3_eval300_formal_v1/route_status/R3:41a86310-2cc1-48f9-b5b5-6b495a95fbac_17_33.json,d66e7e02f600c71bd05290320f134d1f9ab8a75f46f6d893d909017ce8c08e97,585,artifacts/SUPERSEDED_FOR_THESIS/old_formal_88/route_status/R3:41a86310-2cc1-48f9-b5b5-6b495a95fbac_17_33.json,062d0feabc992c0a1e69180bce8c3d6f0e897894bfbba03f9ad2afac5f3a01a1,563,old 300 R1 + frozen 300 R3 source route statuses,absolute_personal_path_redaction_only
${PROJECT_MSC_ROOT}/msc_thesis/main_system/isolated_workspaces/hourvideo_direct_api_eval300_v1/outputs/direct_v1_formal/direct_v1_2_3x16_r1_r3_eval300_formal_v1/route_status/R3:41a86310-2cc1-48f9-b5b5-6b495a95fbac_17_38.json,ac423988b7255f9e8b637b2e21d52fbe2544074dbb4fe1ffd5cf2324178ba55b,584,artifacts/SUPERSEDED_FOR_THESIS/old_formal_88/route_status/R3:41a86310-2cc1-48f9-b5b5-6b495a95fbac_17_38.json,17c5598dc05db39ae836d760e9dc3316ccb23f0770b294c3b4ebaa17e6d9aa13,562,old 300 R1 + frozen 300 R3 source route statuses,absolute_personal_path_redaction_only
${PROJECT_MSC_ROOT}/msc_thesis/main_system/isolated_workspaces/hourvideo_direct_api_eval300_v1/outputs/direct_v1_formal/direct_v1_2_3x16_r1_r3_eval300_formal_v1/route_status/R3:41a86310-2cc1-48f9-b5b5-6b495a95fbac_23_8.json,21695b3c66c2a7f5092464d81cae35d1cf560998845a6858d56f03d25957f816,582,artifacts/SUPERSEDED_FOR_THESIS/old_formal_88/route_status/R3:41a86310-2cc1-48f9-b5b5-6b495a95fbac_23_8.json,eca3edbbd09090dd823a3a563a08625bd3e3395d75ca4ad9f2c6b2f6f1105011,560,old 300 R1 + frozen 300 R3 source route statuses,absolute_personal_path_redaction_only
${PROJECT_MSC_ROOT}/msc_thesis/main_system/isolated_workspaces/hourvideo_direct_api_eval300_v1/outputs/direct_v1_formal/direct_v1_2_3x16_r1_r3_eval300_formal_v1/route_status/R3:41a86310-2cc1-48f9-b5b5-6b495a95fbac_4_25.json,36a7058add00c29a06042fb35846be5a2a0b07d95ad82ee6193c38490995f494,582,artifacts/SUPERSEDED_FOR_THESIS/old_formal_88/route_status/R3:41a86310-2cc1-48f9-b5b5-6b495a95fbac_4_25.json,97b0ff391d37959f6b2331e0514c918341822d3f8a6e8b4939658e42d42f181f,560,old 300 R1 + frozen 300 R3 source route statuses,absolute_personal_path_redaction_only
${PROJECT_MSC_ROOT}/msc_thesis/main_system/isolated_workspaces/hourvideo_direct_api_eval300_v1/outputs/direct_v1_formal/direct_v1_2_3x16_r1_r3_eval300_formal_v1/route_status/R3:41a86310-2cc1-48f9-b5b5-6b495a95fbac_5_20.json,fe9bcd9909581327c5232ee1011da44df53ce429a5225704f3aac3eaab53eef7,583,artifacts/SUPERSEDED_FOR_THESIS/old_formal_88/route_status/R3:41a86310-2cc1-48f9-b5b5-6b495a95fbac_5_20.json,419f889f94f8d7c96f25fac017e362a8f801d7eccb57fba691fbb163c9f8e9cc,561,old 300 R1 + frozen 300 R3 source route statuses,absolute_personal_path_redaction_only
${PROJECT_MSC_ROOT}/msc_thesis/main_system/isolated_workspaces/hourvideo_direct_api_eval300_v1/outputs/direct_v1_formal/direct_v1_2_3x16_r1_r3_eval300_formal_v1/route_status/R3:41a86310-2cc1-48f9-b5b5-6b495a95fbac_6_14.json,e0d91e6b6ee406043a67879f5af2a54ff6f30c0ef247ea7f89894564200005a7,582,artifacts/SUPERSEDED_FOR_THESIS/old_formal_88/route_status/R3:41a86310-2cc1-48f9-b5b5-6b495a95fbac_6_14.json,470294b2451fc81498cb54e2be86850622c2723b3e42131f33b5c722f03bf815,560,old 300 R1 + frozen 300 R3 source route statuses,absolute_personal_path_redaction_only
${PROJECT_MSC_ROOT}/msc_thesis/main_system/isolated_workspaces/hourvideo_direct_api_eval300_v1/outputs/direct_v1_formal/direct_v1_2_3x16_r1_r3_eval300_formal_v1/route_status/R3:41a86310-2cc1-48f9-b5b5-6b495a95fbac_6_24.json,d9ffa36f6ff8d031e84c16e941dc0c3156e775ce31c3b54b13c96f926bfe2ab6,594,artifacts/SUPERSEDED_FOR_THESIS/old_formal_88/route_status/R3:41a86310-2cc1-48f9-b5b5-6b495a95fbac_6_24.json,0144c5372643798e0ca1de1ccef5d19aa47ab9d3b2c8f727f07c8fbe26ba902a,572,old 300 R1 + frozen 300 R3 source route statuses,absolute_personal_path_redaction_only
${PROJECT_MSC_ROOT}/msc_thesis/main_system/isolated_workspaces/hourvideo_direct_api_eval300_v1/outputs/direct_v1_formal/direct_v1_2_3x16_r1_r3_eval300_formal_v1/route_status/R3:41a86310-2cc1-48f9-b5b5-6b495a95fbac_6_27.json,a4beaa789ee52f889f00715314c1e35ed5f30a115405a6ba200624c3f9fa0a46,582,artifacts/SUPERSEDED_FOR_THESIS/old_formal_88/route_status/R3:41a86310-2cc1-48f9-b5b5-6b495a95fbac_6_27.json,55bea69be22b7bfcb50ec3666a8afb2b8e6310cae41000a3389e9a5796af03d1,560,old 300 R1 + frozen 300 R3 source route statuses,absolute_personal_path_redaction_only
${PROJECT_MSC_ROOT}/msc_thesis/main_system/isolated_workspaces/hourvideo_direct_api_eval300_v1/outputs/direct_v1_formal/direct_v1_2_3x16_r1_r3_eval300_formal_v1/route_status/R3:41a86310-2cc1-48f9-b5b5-6b495a95fbac_6_32.json,8be120ab59d1e2dc1ea4b4dc2800bf5c88bf56deb116f8b388130f52d3fb818e,582,artifacts/SUPERSEDED_FOR_THESIS/old_formal_88/route_status/R3:41a86310-2cc1-48f9-b5b5-6b495a95fbac_6_32.json,987e85ae9f0eff79f57ddae72ad5a2f8fb6b269ffabe2307a9da865e46102aa7,560,old 300 R1 + frozen 300 R3 source route statuses,absolute_personal_path_redaction_only
${PROJECT_MSC_ROOT}/msc_thesis/main_system/isolated_workspaces/hourvideo_direct_api_eval300_v1/outputs/direct_v1_formal/direct_v1_2_3x16_r1_r3_eval300_formal_v1/route_status/R3:41a86310-2cc1-48f9-b5b5-6b495a95fbac_7_17.json,5e8f13098da0fe2c63c258807cb79f46fe662d11dd72dc6a7cff82e4e7de95b9,582,artifacts/SUPERSEDED_FOR_THESIS/old_formal_88/route_status/R3:41a86310-2cc1-48f9-b5b5-6b495a95fbac_7_17.json,6985e34c70fecb715db835fa536f30158660841117cad33e4ab765af95582f21,560,old 300 R1 + frozen 300 R3 source route statuses,absolute_personal_path_redaction_only
${PROJECT_MSC_ROOT}/msc_thesis/main_system/isolated_workspaces/hourvideo_direct_api_eval300_v1/outputs/direct_v1_formal/direct_v1_2_3x16_r1_r3_eval300_formal_v1/route_status/R3:41a86310-2cc1-48f9-b5b5-6b495a95fbac_7_39.json,b22fa13b4027caaad8d8b3d50bf06b2a849982a6f7df9b404c3a9eec6cd350a8,593,artifacts/SUPERSEDED_FOR_THESIS/old_formal_88/route_status/R3:41a86310-2cc1-48f9-b5b5-6b495a95fbac_7_39.json,f2d94d8747a2344bea3370ff42c627705ebb3e5972ce5d4dbfb3db43c207093c,571,old 300 R1 + frozen 300 R3 source route statuses,absolute_personal_path_redaction_only
${PROJECT_MSC_ROOT}/msc_thesis/main_system/isolated_workspaces/hourvideo_direct_api_eval300_v1/outputs/direct_v1_formal/direct_v1_2_3x16_r1_r3_eval300_formal_v1/route_status/R3:41a86310-2cc1-48f9-b5b5-6b495a95fbac_8_11.json,e0984d4753879104fd8ee9d25fcdceb8cdc6f1b48db5148b7079b7293ceb3e98,593,artifacts/SUPERSEDED_FOR_THESIS/old_formal_88/route_status/R3:41a86310-2cc1-48f9-b5b5-6b495a95fbac_8_11.json,04d0719bdd2e9aa5e1d5e469f36dd069743469a17433280691ceec3f99322ca0,571,old 300 R1 + frozen 300 R3 source route statuses,absolute_personal_path_redaction_only
${PROJECT_MSC_ROOT}/msc_thesis/main_system/isolated_workspaces/hourvideo_direct_api_eval300_v1/outputs/direct_v1_formal/direct_v1_2_3x16_r1_r3_eval300_formal_v1/route_status/R3:41a86310-2cc1-48f9-b5b5-6b495a95fbac_8_22.json,2ec8e15a88ee632216e2d12a7a01f66b32b3d3fec7c19034dadad94d22cfcea5,593,artifacts/SUPERSEDED_FOR_THESIS/old_formal_88/route_status/R3:41a86310-2cc1-48f9-b5b5-6b495a95fbac_8_22.json,6b434726379fba14975e7b5916eb0ad07f0f76724d688b187719546a02ca1677,571,old 300 R1 + frozen 300 R3 source route statuses,absolute_personal_path_redaction_only
${PROJECT_MSC_ROOT}/msc_thesis/main_system/isolated_workspaces/hourvideo_direct_api_eval300_v1/outputs/direct_v1_formal/direct_v1_2_3x16_r1_r3_eval300_formal_v1/route_status/R3:4572b198-2c1c-4920-bcf0-95fcebe12261_13_1.json,747047d8194110b7bc5deeb8e46f8c5bf70802702eb023bc5e1c024e6ae29e7d,582,artifacts/SUPERSEDED_FOR_THESIS/old_formal_88/route_status/R3:4572b198-2c1c-4920-bcf0-95fcebe12261_13_1.json,254da206d615d188a34f89c36a97bd827578fd669d5c860704bcd98129929afa,560,old 300 R1 + frozen 300 R3 source route statuses,absolute_personal_path_redaction_only
${PROJECT_MSC_ROOT}/msc_thesis/main_system/isolated_workspaces/hourvideo_direct_api_eval300_v1/outputs/direct_v1_formal/direct_v1_2_3x16_r1_r3_eval300_formal_v1/route_status/R3:4572b198-2c1c-4920-bcf0-95fcebe12261_15_1.json,8ed44bf793d88f4016b7d7866b68f0b377581b297851f3fe9ab6ab04f9f8f334,593,artifacts/SUPERSEDED_FOR_THESIS/old_formal_88/route_status/R3:4572b198-2c1c-4920-bcf0-95fcebe12261_15_1.json,b7dcdfbc35451646ed68e065278d15aa62f40ba229ca9b9faa08ad8cae3b901f,571,old 300 R1 + frozen 300 R3 source route statuses,absolute_personal_path_redaction_only
${PROJECT_MSC_ROOT}/msc_thesis/main_system/isolated_workspaces/hourvideo_direct_api_eval300_v1/outputs/direct_v1_formal/direct_v1_2_3x16_r1_r3_eval300_formal_v1/route_status/R3:4572b198-2c1c-4920-bcf0-95fcebe12261_17_10.json,ef752ef346cb2b832bc019636f09b569f77bba0f6facfd8eaa0727e3f2a203fe,584,artifacts/SUPERSEDED_FOR_THESIS/old_formal_88/route_status/R3:4572b198-2c1c-4920-bcf0-95fcebe12261_17_10.json,5ec2fd85f5bb9f0bb1d1a88dd0a14b56d4b5e7d790b4a39d430ef580a7091826,562,old 300 R1 + frozen 300 R3 source route statuses,absolute_personal_path_redaction_only
${PROJECT_MSC_ROOT}/msc_thesis/main_system/isolated_workspaces/hourvideo_direct_api_eval300_v1/outputs/direct_v1_formal/direct_v1_2_3x16_r1_r3_eval300_formal_v1/route_status/R3:4572b198-2c1c-4920-bcf0-95fcebe12261_17_14.json,bf28c83c950d51bc3480c9ab0e5c5fb7f8e43ed14e0544c0aa4985bc98bd7759,584,artifacts/SUPERSEDED_FOR_THESIS/old_formal_88/route_status/R3:4572b198-2c1c-4920-bcf0-95fcebe12261_17_14.json,751a0062d3301bb8c02082f5a77c7a0d8ca9a9ea4814c4ce88f31302d732443d,562,old 300 R1 + frozen 300 R3 source route statuses,absolute_personal_path_redaction_only
${PROJECT_MSC_ROOT}/msc_thesis/main_system/isolated_workspaces/hourvideo_direct_api_eval300_v1/outputs/direct_v1_formal/direct_v1_2_3x16_r1_r3_eval300_formal_v1/route_status/R3:4572b198-2c1c-4920-bcf0-95fcebe12261_17_15.json,f851e6797e48e2ab9b0e5c766181b94e27d1ccab98c9f90567667381221b2bd1,584,artifacts/SUPERSEDED_FOR_THESIS/old_formal_88/route_status/R3:4572b198-2c1c-4920-bcf0-95fcebe12261_17_15.json,53af825f9b76f3dc7b99c16ebdace7c546041603d19b6ba9d44440b6c65b7720,562,old 300 R1 + frozen 300 R3 source route statuses,absolute_personal_path_redaction_only
${PROJECT_MSC_ROOT}/msc_thesis/main_system/isolated_workspaces/hourvideo_direct_api_eval300_v1/outputs/direct_v1_formal/direct_v1_2_3x16_r1_r3_eval300_formal_v1/route_status/R3:4572b198-2c1c-4920-bcf0-95fcebe12261_17_17.json,e1d7ae03bddca168c4ce3570ffa85dee519f8e572c434d93c7317e2fdafe34b0,595,artifacts/SUPERSEDED_FOR_THESIS/old_formal_88/route_status/R3:4572b198-2c1c-4920-bcf0-95fcebe12261_17_17.json,440251fe4df7a794d4632978940d568dd12114ef57ea5218b4b61473c1ee56fa,573,old 300 R1 + frozen 300 R3 source route statuses,absolute_personal_path_redaction_only
${PROJECT_MSC_ROOT}/msc_thesis/main_system/isolated_workspaces/hourvideo_direct_api_eval300_v1/outputs/direct_v1_formal/direct_v1_2_3x16_r1_r3_eval300_formal_v1/route_status/R3:4572b198-2c1c-4920-bcf0-95fcebe12261_17_25.json,c6f785bd3c8b525976db3564a0ff9f97e2cd4ecd373857e20809b20a7f60065d,584,artifacts/SUPERSEDED_FOR_THESIS/old_formal_88/route_status/R3:4572b198-2c1c-4920-bcf0-95fcebe12261_17_25.json,5718851c550ebd5f288d2b60602905e70fc3bbf79788d7119525fd0cb6eb361f,562,old 300 R1 + frozen 300 R3 source route statuses,absolute_personal_path_redaction_only
${PROJECT_MSC_ROOT}/msc_thesis/main_system/isolated_workspaces/hourvideo_direct_api_eval300_v1/outputs/direct_v1_formal/direct_v1_2_3x16_r1_r3_eval300_formal_v1/route_status/R3:4572b198-2c1c-4920-bcf0-95fcebe12261_17_26.json,5d2f7a83a417019b180df704a321ebe6afcfefd1cf368c9c99eeded4aae42d7e,584,artifacts/SUPERSEDED_FOR_THESIS/old_formal_88/route_status/R3:4572b198-2c1c-4920-bcf0-95fcebe12261_17_26.json,8ad125d0fa58ece4ff500df81fdd898ba52addc6dc58218779a48bb5d48ba537,562,old 300 R1 + frozen 300 R3 source route statuses,absolute_personal_path_redaction_only
${PROJECT_MSC_ROOT}/msc_thesis/main_system/isolated_workspaces/hourvideo_direct_api_eval300_v1/outputs/direct_v1_formal/direct_v1_2_3x16_r1_r3_eval300_formal_v1/route_status/R3:4572b198-2c1c-4920-bcf0-95fcebe12261_17_29.json,4fa9f46304c2723905efacbc348ea1868bab1304bcd62c67300bfa88dc974b88,586,artifacts/SUPERSEDED_FOR_THESIS/old_formal_88/route_status/R3:4572b198-2c1c-4920-bcf0-95fcebe12261_17_29.json,fc83940ed27a6904345774aea274e51d469c46284b30fbf7296cef917e0bcf1c,564,old 300 R1 + frozen 300 R3 source route statuses,absolute_personal_path_redaction_only
${PROJECT_MSC_ROOT}/msc_thesis/main_system/isolated_workspaces/hourvideo_direct_api_eval300_v1/outputs/direct_v1_formal/direct_v1_2_3x16_r1_r3_eval300_formal_v1/route_status/R3:4572b198-2c1c-4920-bcf0-95fcebe12261_17_39.json,3a04698bf292b20b96f243948a85895dd5d849562d4a0bfb93549aa22ac03865,584,artifacts/SUPERSEDED_FOR_THESIS/old_formal_88/route_status/R3:4572b198-2c1c-4920-bcf0-95fcebe12261_17_39.json,7b68c8dbce907993da9ddd950f45c09516a2d6196a07fcb0d161dcaa780d7c92,562,old 300 R1 + frozen 300 R3 source route statuses,absolute_personal_path_redaction_only
${PROJECT_MSC_ROOT}/msc_thesis/main_system/isolated_workspaces/hourvideo_direct_api_eval300_v1/outputs/direct_v1_formal/direct_v1_2_3x16_r1_r3_eval300_formal_v1/route_status/R3:4572b198-2c1c-4920-bcf0-95fcebe12261_2_1.json,5db0739bfb63d43c686af7cd3a4650d6d2c923cc4a2549f4ad3357ba0f33e6df,580,artifacts/SUPERSEDED_FOR_THESIS/old_formal_88/route_status/R3:4572b198-2c1c-4920-bcf0-95fcebe12261_2_1.json,2e919fc94c8ba8810d88e9d9271320d1f947d4097c263b173d88cea4198b177f,558,old 300 R1 + frozen 300 R3 source route statuses,absolute_personal_path_redaction_only
${PROJECT_MSC_ROOT}/msc_thesis/main_system/isolated_workspaces/hourvideo_direct_api_eval300_v1/outputs/direct_v1_formal/direct_v1_2_3x16_r1_r3_eval300_formal_v1/route_status/R3:4572b198-2c1c-4920-bcf0-95fcebe12261_3_21.json,c219df5cba4f6118acf5e39739809337e4cf827ec3fe3357fa47a3680c6e4446,582,artifacts/SUPERSEDED_FOR_THESIS/old_formal_88/route_status/R3:4572b198-2c1c-4920-bcf0-95fcebe12261_3_21.json,502332265f2fdcbe86684be3cdb6876d5adcfa9c5311f6a9bf1f8d395f2bc6e7,560,old 300 R1 + frozen 300 R3 source route statuses,absolute_personal_path_redaction_only
${PROJECT_MSC_ROOT}/msc_thesis/main_system/isolated_workspaces/hourvideo_direct_api_eval300_v1/outputs/direct_v1_formal/direct_v1_2_3x16_r1_r3_eval300_formal_v1/route_status/R3:4572b198-2c1c-4920-bcf0-95fcebe12261_4_20.json,16e035c771987d6607ca137360b391e3a95ccbc163c8f8212d7bf450de71bf55,594,artifacts/SUPERSEDED_FOR_THESIS/old_formal_88/route_status/R3:4572b198-2c1c-4920-bcf0-95fcebe12261_4_20.json,3b945d7306af2e74b2e99367efd2c92ae92197212f2fba62ccd80543a9640efb,572,old 300 R1 + frozen 300 R3 source route statuses,absolute_personal_path_redaction_only
${PROJECT_MSC_ROOT}/msc_thesis/main_system/isolated_workspaces/hourvideo_direct_api_eval300_v1/outputs/direct_v1_formal/direct_v1_2_3x16_r1_r3_eval300_formal_v1/route_status/R3:4572b198-2c1c-4920-bcf0-95fcebe12261_4_23.json,eb8ebbd78670c5619aa916b0386997b91303ea748a22306002dd4c3e0494b5b7,583,artifacts/SUPERSEDED_FOR_THESIS/old_formal_88/route_status/R3:4572b198-2c1c-4920-bcf0-95fcebe12261_4_23.json,31aab0d175722bf82d70667922f6122a3b3c85757d203d092222f56bcab3743c,561,old 300 R1 + frozen 300 R3 source route statuses,absolute_personal_path_redaction_only
${PROJECT_MSC_ROOT}/msc_thesis/main_system/isolated_workspaces/hourvideo_direct_api_eval300_v1/outputs/direct_v1_formal/direct_v1_2_3x16_r1_r3_eval300_formal_v1/route_status/R3:4572b198-2c1c-4920-bcf0-95fcebe12261_4_28.json,4863d459cf0cd4d92e3eb9c27bcfd497bf3f1379f0385283551bca269e7aadac,582,artifacts/SUPERSEDED_FOR_THESIS/old_formal_88/route_status/R3:4572b198-2c1c-4920-bcf0-95fcebe12261_4_28.json,a1de137af203142697b0d4c82f2a6a3a101082123a3b84ecba88601671bc667f,560,old 300 R1 + frozen 300 R3 source route statuses,absolute_personal_path_redaction_only
${PROJECT_MSC_ROOT}/msc_thesis/main_system/isolated_workspaces/hourvideo_direct_api_eval300_v1/outputs/direct_v1_formal/direct_v1_2_3x16_r1_r3_eval300_formal_v1/route_status/R3:4572b198-2c1c-4920-bcf0-95fcebe12261_4_3.json,690203eccacb5f27d9684da2ccfd02d9acecf4a3919a480d0b8982d9382a7757,581,artifacts/SUPERSEDED_FOR_THESIS/old_formal_88/route_status/R3:4572b198-2c1c-4920-bcf0-95fcebe12261_4_3.json,a280acf62a77dc3a7eb32123e7dc37f97dcff3d2cf80781568255e4a702bba37,559,old 300 R1 + frozen 300 R3 source route statuses,absolute_personal_path_redaction_only
${PROJECT_MSC_ROOT}/msc_thesis/main_system/isolated_workspaces/hourvideo_direct_api_eval300_v1/outputs/direct_v1_formal/direct_v1_2_3x16_r1_r3_eval300_formal_v1/route_status/R3:4572b198-2c1c-4920-bcf0-95fcebe12261_4_40.json,5350a25a537624c2f9d64f5138f0db3d1a7b99f0f7434970ac639f85f07702ce,593,artifacts/SUPERSEDED_FOR_THESIS/old_formal_88/route_status/R3:4572b198-2c1c-4920-bcf0-95fcebe12261_4_40.json,688ce89fbc637821ea6c730a456cffa7e813aa4465510a9db896af3d8c335de3,571,old 300 R1 + frozen 300 R3 source route statuses,absolute_personal_path_redaction_only
${PROJECT_MSC_ROOT}/msc_thesis/main_system/isolated_workspaces/hourvideo_direct_api_eval300_v1/outputs/direct_v1_formal/direct_v1_2_3x16_r1_r3_eval300_formal_v1/route_status/R3:4572b198-2c1c-4920-bcf0-95fcebe12261_5_11.json,90fa2d380a5b9bf200fb25367d912c2aa2daa02d103fbf38b7f36dccf951edd8,582,artifacts/SUPERSEDED_FOR_THESIS/old_formal_88/route_status/R3:4572b198-2c1c-4920-bcf0-95fcebe12261_5_11.json,cca93c9351378fae595beaefef4eaace9e2e9a002d70af2fa3689f49b18b3c2b,560,old 300 R1 + frozen 300 R3 source route statuses,absolute_personal_path_redaction_only
${PROJECT_MSC_ROOT}/msc_thesis/main_system/isolated_workspaces/hourvideo_direct_api_eval300_v1/outputs/direct_v1_formal/direct_v1_2_3x16_r1_r3_eval300_formal_v1/route_status/R3:4572b198-2c1c-4920-bcf0-95fcebe12261_6_22.json,781cfebb3abc784127962793e3332f073ca9370f870cefff2e92dc20476d3b47,583,artifacts/SUPERSEDED_FOR_THESIS/old_formal_88/route_status/R3:4572b198-2c1c-4920-bcf0-95fcebe12261_6_22.json,9ac9a9f4b00015a66eaea1f51c6f1d3a20abea4d6f72b65b43eb3fdc4ea5bd52,561,old 300 R1 + frozen 300 R3 source route statuses,absolute_personal_path_redaction_only
${PROJECT_MSC_ROOT}/msc_thesis/main_system/isolated_workspaces/hourvideo_direct_api_eval300_v1/outputs/direct_v1_formal/direct_v1_2_3x16_r1_r3_eval300_formal_v1/route_status/R3:4572b198-2c1c-4920-bcf0-95fcebe12261_6_24.json,c7890790b0fc39cb15c4316ab248430ad06ff60fe1d61fccdb51ff8832fca892,593,artifacts/SUPERSEDED_FOR_THESIS/old_formal_88/route_status/R3:4572b198-2c1c-4920-bcf0-95fcebe12261_6_24.json,b8bcd8b915a7f92e11a2d469c8158b1dda3fc3bb35fa9fd7c9b063d50cb5e93c,571,old 300 R1 + frozen 300 R3 source route statuses,absolute_personal_path_redaction_only
${PROJECT_MSC_ROOT}/msc_thesis/main_system/isolated_workspaces/hourvideo_direct_api_eval300_v1/outputs/direct_v1_formal/direct_v1_2_3x16_r1_r3_eval300_formal_v1/route_status/R3:4572b198-2c1c-4920-bcf0-95fcebe12261_6_7.json,d18a25d82502ebf99b8cfec9bd8f16b955bf448e767f4a3e94c4f11d072c2a65,581,artifacts/SUPERSEDED_FOR_THESIS/old_formal_88/route_status/R3:4572b198-2c1c-4920-bcf0-95fcebe12261_6_7.json,7b7201b7d738e398b4dc175d25ae7bdb325ea8ac0f785293aed0a1a821f2ceab,559,old 300 R1 + frozen 300 R3 source route statuses,absolute_personal_path_redaction_only
${PROJECT_MSC_ROOT}/msc_thesis/main_system/isolated_workspaces/hourvideo_direct_api_eval300_v1/outputs/direct_v1_formal/direct_v1_2_3x16_r1_r3_eval300_formal_v1/route_status/R3:4572b198-2c1c-4920-bcf0-95fcebe12261_7_32.json,4162aaddf906dac0ea11285ec0ccdedcffb7626119e0fda064d6b1864dc9b988,582,artifacts/SUPERSEDED_FOR_THESIS/old_formal_88/route_status/R3:4572b198-2c1c-4920-bcf0-95fcebe12261_7_32.json,e4389c2b2a392fe29e058e65ac6a124d0029347612808b43e5969f51ac11e71e,560,old 300 R1 + frozen 300 R3 source route statuses,absolute_personal_path_redaction_only
${PROJECT_MSC_ROOT}/msc_thesis/main_system/isolated_workspaces/hourvideo_direct_api_eval300_v1/outputs/direct_v1_formal/direct_v1_2_3x16_r1_r3_eval300_formal_v1/route_status/R3:4572b198-2c1c-4920-bcf0-95fcebe12261_7_5.json,c7fe0ce5e6cbc2fbf386e8ecbbe85dcf681b0133c2bfc7b9fc6877484d070c22,591,artifacts/SUPERSEDED_FOR_THESIS/old_formal_88/route_status/R3:4572b198-2c1c-4920-bcf0-95fcebe12261_7_5.json,6a4cf831c868d13e9c69b60e0ab5203679d1e76d6adaea4f39e17a3c967544d5,569,old 300 R1 + frozen 300 R3 source route statuses,absolute_personal_path_redaction_only
${PROJECT_MSC_ROOT}/msc_thesis/main_system/isolated_workspaces/hourvideo_direct_api_eval300_v1/outputs/direct_v1_formal/direct_v1_2_3x16_r1_r3_eval300_formal_v1/route_status/R3:4572b198-2c1c-4920-bcf0-95fcebe12261_8_13.json,5bef7768f4686fd00a2954fd72fde1ce6cd3ea1ac15f3a66fa92e5ac2d1b5e9b,582,artifacts/SUPERSEDED_FOR_THESIS/old_formal_88/route_status/R3:4572b198-2c1c-4920-bcf0-95fcebe12261_8_13.json,1e316b9bd0230ac6baacf896703b4e1a2688a1c75a087aea0a9974d913bf7981,560,old 300 R1 + frozen 300 R3 source route statuses,absolute_personal_path_redaction_only
${PROJECT_MSC_ROOT}/msc_thesis/main_system/isolated_workspaces/hourvideo_direct_api_eval300_v1/outputs/direct_v1_formal/direct_v1_2_3x16_r1_r3_eval300_formal_v1/route_status/R3:4572b198-2c1c-4920-bcf0-95fcebe12261_8_34.json,31dea85e8dbc8794dfedeb32579ab052a3cd74ede0c54d1aa093e673160b1092,593,artifacts/SUPERSEDED_FOR_THESIS/old_formal_88/route_status/R3:4572b198-2c1c-4920-bcf0-95fcebe12261_8_34.json,288002f5a43c3069f6192f7ccf1f2b29bf7f282fef0f161e7c75ab78c4d66aa2,571,old 300 R1 + frozen 300 R3 source route statuses,absolute_personal_path_redaction_only
${PROJECT_MSC_ROOT}/msc_thesis/main_system/isolated_workspaces/hourvideo_direct_api_eval300_v1/outputs/direct_v1_formal/direct_v1_2_3x16_r1_r3_eval300_formal_v1/route_status/R3:6fd90f8d-7a4d-425d-a812-3268db0b0342_11_29.json,fcff175c16260db22ad6d4fef5ef8ac1d27a3926325be390710459b4c0f8851c,619,artifacts/SUPERSEDED_FOR_THESIS/old_formal_88/route_status/R3:6fd90f8d-7a4d-425d-a812-3268db0b0342_11_29.json,6e2b6e3ba2329897db4d5d8d6f0a913816c68720f9bc9c628874a93a8c934688,597,old 300 R1 + frozen 300 R3 source route statuses,absolute_personal_path_redaction_only
${PROJECT_MSC_ROOT}/msc_thesis/main_system/isolated_workspaces/hourvideo_direct_api_eval300_v1/outputs/direct_v1_formal/direct_v1_2_3x16_r1_r3_eval300_formal_v1/route_status/R3:6fd90f8d-7a4d-425d-a812-3268db0b0342_12_28.json,e438d919a5399c9c07c809fc679f570cea90b1bc63e4816eac3dbba229c728cc,585,artifacts/SUPERSEDED_FOR_THESIS/old_formal_88/route_status/R3:6fd90f8d-7a4d-425d-a812-3268db0b0342_12_28.json,b04f0ad16468f72d6216068ec42a3a0fa4497852bbf0a867603e1e2bcfcaf0fb,563,old 300 R1 + frozen 300 R3 source route statuses,absolute_personal_path_redaction_only
${PROJECT_MSC_ROOT}/msc_thesis/main_system/isolated_workspaces/hourvideo_direct_api_eval300_v1/outputs/direct_v1_formal/direct_v1_2_3x16_r1_r3_eval300_formal_v1/route_status/R3:6fd90f8d-7a4d-425d-a812-3268db0b0342_13_2.json,5e560fed63755e11ff37ab5dbe2bb4eb49ffbe3d0b1b1fe2d1237de376028670,582,artifacts/SUPERSEDED_FOR_THESIS/old_formal_88/route_status/R3:6fd90f8d-7a4d-425d-a812-3268db0b0342_13_2.json,5dac1eadd32b7079bf48e0377557ced63d83e9632747974215547b619bb8594f,560,old 300 R1 + frozen 300 R3 source route statuses,absolute_personal_path_redaction_only
${PROJECT_MSC_ROOT}/msc_thesis/main_system/isolated_workspaces/hourvideo_direct_api_eval300_v1/outputs/direct_v1_formal/direct_v1_2_3x16_r1_r3_eval300_formal_v1/route_status/R3:6fd90f8d-7a4d-425d-a812-3268db0b0342_14_3.json,c1b7a250db1b5a1c6daad1d7dc9e2f32424a9f77f205f4594a1c0e49e751fa2e,583,artifacts/SUPERSEDED_FOR_THESIS/old_formal_88/route_status/R3:6fd90f8d-7a4d-425d-a812-3268db0b0342_14_3.json,4324716e85c193932a86fe5487df9886b0a1706bf52f9ccfe1df39ca88de321d,561,old 300 R1 + frozen 300 R3 source route statuses,absolute_personal_path_redaction_only
${PROJECT_MSC_ROOT}/msc_thesis/main_system/isolated_workspaces/hourvideo_direct_api_eval300_v1/outputs/direct_v1_formal/direct_v1_2_3x16_r1_r3_eval300_formal_v1/route_status/R3:6fd90f8d-7a4d-425d-a812-3268db0b0342_14_4.json,1367e63ceaae8d0ef6ed38d84bf33971018f076e3016f7a218ee7d26e195185e,585,artifacts/SUPERSEDED_FOR_THESIS/old_formal_88/route_status/R3:6fd90f8d-7a4d-425d-a812-3268db0b0342_14_4.json,36d32cfa9af0f7e05d91a52e6706534f158da9d997b437220a0f44b315d9c105,563,old 300 R1 + frozen 300 R3 source route statuses,absolute_personal_path_redaction_only
${PROJECT_MSC_ROOT}/msc_thesis/main_system/isolated_workspaces/hourvideo_direct_api_eval300_v1/outputs/direct_v1_formal/direct_v1_2_3x16_r1_r3_eval300_formal_v1/route_status/R3:6fd90f8d-7a4d-425d-a812-3268db0b0342_14_5.json,04f222182d893c0d92481dcc0a25e311b94d60f28687fa0584881bad43a4ed78,593,artifacts/SUPERSEDED_FOR_THESIS/old_formal_88/route_status/R3:6fd90f8d-7a4d-425d-a812-3268db0b0342_14_5.json,5a5a67b6a82f9b99363009a3cf653281d686a9dd016c78c23423c28551ee6192,571,old 300 R1 + frozen 300 R3 source route statuses,absolute_personal_path_redaction_only
${PROJECT_MSC_ROOT}/msc_thesis/main_system/isolated_workspaces/hourvideo_direct_api_eval300_v1/outputs/direct_v1_formal/direct_v1_2_3x16_r1_r3_eval300_formal_v1/route_status/R3:6fd90f8d-7a4d-425d-a812-3268db0b0342_15_2.json,8554b89330afbd06ab45992a1f3ffbd4873d432faec6e81eb4f317f8a0792ee8,593,artifacts/SUPERSEDED_FOR_THESIS/old_formal_88/route_status/R3:6fd90f8d-7a4d-425d-a812-3268db0b0342_15_2.json,034d2bf69370f70c2efceea3973770cef322726c085bb6dedc3703521a066bc4,571,old 300 R1 + frozen 300 R3 source route statuses,absolute_personal_path_redaction_only
${PROJECT_MSC_ROOT}/msc_thesis/main_system/isolated_workspaces/hourvideo_direct_api_eval300_v1/outputs/direct_v1_formal/direct_v1_2_3x16_r1_r3_eval300_formal_v1/route_status/R3:6fd90f8d-7a4d-425d-a812-3268db0b0342_16_3.json,114d20c41768340fad3caf6c302db84c054498a289de7a44cb0c9cd1a1a7e452,584,artifacts/SUPERSEDED_FOR_THESIS/old_formal_88/route_status/R3:6fd90f8d-7a4d-425d-a812-3268db0b0342_16_3.json,bbe9d0edb36c91b4821a78eb9c16ee33cc824fbace04c932bf0e7eae9c9307a3,562,old 300 R1 + frozen 300 R3 source route statuses,absolute_personal_path_redaction_only
${PROJECT_MSC_ROOT}/msc_thesis/main_system/isolated_workspaces/hourvideo_direct_api_eval300_v1/outputs/direct_v1_formal/direct_v1_2_3x16_r1_r3_eval300_formal_v1/route_status/R3:6fd90f8d-7a4d-425d-a812-3268db0b0342_16_4.json,81a66c5ae5cb8768799872def18aa1d8b7719b808af19ddf0fdc841843ff4725,585,artifacts/SUPERSEDED_FOR_THESIS/old_formal_88/route_status/R3:6fd90f8d-7a4d-425d-a812-3268db0b0342_16_4.json,ce9b4b84b38a6d3ecf85ca5d9cd054f81210e1d2350ba6f3419a3fca6cec7029,563,old 300 R1 + frozen 300 R3 source route statuses,absolute_personal_path_redaction_only
${PROJECT_MSC_ROOT}/msc_thesis/main_system/isolated_workspaces/hourvideo_direct_api_eval300_v1/outputs/direct_v1_formal/direct_v1_2_3x16_r1_r3_eval300_formal_v1/route_status/R3:6fd90f8d-7a4d-425d-a812-3268db0b0342_16_5.json,eca8abf8576034f5aaf7bb359448627a6de9969be271b84042e8e68ed03595b5,582,artifacts/SUPERSEDED_FOR_THESIS/old_formal_88/route_status/R3:6fd90f8d-7a4d-425d-a812-3268db0b0342_16_5.json,cc97e6b32ecc101ab0e19720900135fe41595a73d42442ddaf7029f8ffe5981a,560,old 300 R1 + frozen 300 R3 source route statuses,absolute_personal_path_redaction_only
${PROJECT_MSC_ROOT}/msc_thesis/main_system/isolated_workspaces/hourvideo_direct_api_eval300_v1/outputs/direct_v1_formal/direct_v1_2_3x16_r1_r3_eval300_formal_v1/route_status/R3:6fd90f8d-7a4d-425d-a812-3268db0b0342_17_25.json,625364f828c777da721ab0c7f98d1a29e9b0d6f6ef1757c7615c265dd2e70b1d,585,artifacts/SUPERSEDED_FOR_THESIS/old_formal_88/route_status/R3:6fd90f8d-7a4d-425d-a812-3268db0b0342_17_25.json,255ed7ea6fe9cd9fcff6c2cbb58d44a785374c55f152b5acb80e066a9a38b80f,563,old 300 R1 + frozen 300 R3 source route statuses,absolute_personal_path_redaction_only
${PROJECT_MSC_ROOT}/msc_thesis/main_system/isolated_workspaces/hourvideo_direct_api_eval300_v1/outputs/direct_v1_formal/direct_v1_2_3x16_r1_r3_eval300_formal_v1/route_status/R3:6fd90f8d-7a4d-425d-a812-3268db0b0342_17_36.json,8aca3d87168e7ef6a6c50bfe44f1ff884c645d5221e63faf0e11179b56cb8ede,584,artifacts/SUPERSEDED_FOR_THESIS/old_formal_88/route_status/R3:6fd90f8d-7a4d-425d-a812-3268db0b0342_17_36.json,ca766ff9855580076412de81efde2bfe77156d92b11229b32728e79cdfb86d5c,562,old 300 R1 + frozen 300 R3 source route statuses,absolute_personal_path_redaction_only
${PROJECT_MSC_ROOT}/msc_thesis/main_system/isolated_workspaces/hourvideo_direct_api_eval300_v1/outputs/direct_v1_formal/direct_v1_2_3x16_r1_r3_eval300_formal_v1/route_status/R3:6fd90f8d-7a4d-425d-a812-3268db0b0342_17_5.json,d8cacae3d321b556befbc0e80269cc1f63d5bd01f6790b16ed7c0ca8f38066ee,593,artifacts/SUPERSEDED_FOR_THESIS/old_formal_88/route_status/R3:6fd90f8d-7a4d-425d-a812-3268db0b0342_17_5.json,22ec9bc5332bfb2a8125a0736f4ef608f1377b1040dcc521a38bb63044f22467,571,old 300 R1 + frozen 300 R3 source route statuses,absolute_personal_path_redaction_only
${PROJECT_MSC_ROOT}/msc_thesis/main_system/isolated_workspaces/hourvideo_direct_api_eval300_v1/outputs/direct_v1_formal/direct_v1_2_3x16_r1_r3_eval300_formal_v1/route_status/R3:6fd90f8d-7a4d-425d-a812-3268db0b0342_18_16.json,b420b82c565f320ec1bde0f5577e0a77de3573a98b922d6627a6962bb712c999,595,artifacts/SUPERSEDED_FOR_THESIS/old_formal_88/route_status/R3:6fd90f8d-7a4d-425d-a812-3268db0b0342_18_16.json,3dbb670e24d433b53dd4899565a9e3f822a5e34358ebe653b9b186361806a2bb,573,old 300 R1 + frozen 300 R3 source route statuses,absolute_personal_path_redaction_only
${PROJECT_MSC_ROOT}/msc_thesis/main_system/isolated_workspaces/hourvideo_direct_api_eval300_v1/outputs/direct_v1_formal/direct_v1_2_3x16_r1_r3_eval300_formal_v1/route_status/R3:6fd90f8d-7a4d-425d-a812-3268db0b0342_18_17.json,eb36951d9fc8ee37c434fe4fbe4a22a34fb4ff7292ebf0587dcd0e382e55e630,595,artifacts/SUPERSEDED_FOR_THESIS/old_formal_88/route_status/R3:6fd90f8d-7a4d-425d-a812-3268db0b0342_18_17.json,4ee5415b0dfefaf36cf14f7c1eb29d20b82d88f137a3ad2873ef47517123adbb,573,old 300 R1 + frozen 300 R3 source route statuses,absolute_personal_path_redaction_only
${PROJECT_MSC_ROOT}/msc_thesis/main_system/isolated_workspaces/hourvideo_direct_api_eval300_v1/outputs/direct_v1_formal/direct_v1_2_3x16_r1_r3_eval300_formal_v1/route_status/R3:6fd90f8d-7a4d-425d-a812-3268db0b0342_1_1.json,0015e7b94488e007213f236e6390d00cd1ac43843ba8d9c1fd2645e0addd6458,583,artifacts/SUPERSEDED_FOR_THESIS/old_formal_88/route_status/R3:6fd90f8d-7a4d-425d-a812-3268db0b0342_1_1.json,41e44b8498210c7d65ee3f4eebd0b7de620bbd03c56d82970938d48b59906ccd,561,old 300 R1 + frozen 300 R3 source route statuses,absolute_personal_path_redaction_only
${PROJECT_MSC_ROOT}/msc_thesis/main_system/isolated_workspaces/hourvideo_direct_api_eval300_v1/outputs/direct_v1_formal/direct_v1_2_3x16_r1_r3_eval300_formal_v1/route_status/R3:6fd90f8d-7a4d-425d-a812-3268db0b0342_21_11.json,73c4bfa80e1192a9bff67ac019e5cbd98d3ecb97f61cde94b7cfda69506c0c3f,584,artifacts/SUPERSEDED_FOR_THESIS/old_formal_88/route_status/R3:6fd90f8d-7a4d-425d-a812-3268db0b0342_21_11.json,bcf7de92da7762d69008858ac133af4beeb95e861c28bf406e1e71cd22babe1a,562,old 300 R1 + frozen 300 R3 source route statuses,absolute_personal_path_redaction_only
${PROJECT_MSC_ROOT}/msc_thesis/main_system/isolated_workspaces/hourvideo_direct_api_eval300_v1/outputs/direct_v1_formal/direct_v1_2_3x16_r1_r3_eval300_formal_v1/route_status/R3:6fd90f8d-7a4d-425d-a812-3268db0b0342_3_32.json,5ff8926003f47d761218bdd8638ed7bf224a8e2d765413d77e67b7b5c5714993,593,artifacts/SUPERSEDED_FOR_THESIS/old_formal_88/route_status/R3:6fd90f8d-7a4d-425d-a812-3268db0b0342_3_32.json,b5ab2f8c90c03367b90e3c6bd50663eaff174e2e17d48d3f1198d9688e990e15,571,old 300 R1 + frozen 300 R3 source route statuses,absolute_personal_path_redaction_only
${PROJECT_MSC_ROOT}/msc_thesis/main_system/isolated_workspaces/hourvideo_direct_api_eval300_v1/outputs/direct_v1_formal/direct_v1_2_3x16_r1_r3_eval300_formal_v1/route_status/R3:6fd90f8d-7a4d-425d-a812-3268db0b0342_4_1.json,383c576bbcf5d70959f93c31de3d2c011a951b526ffeef425e0f910715f804d0,580,artifacts/SUPERSEDED_FOR_THESIS/old_formal_88/route_status/R3:6fd90f8d-7a4d-425d-a812-3268db0b0342_4_1.json,9cce99b3d398ad3a72c76d4770e61e72a4d19920e747dc111d67d34b3cd1319d,558,old 300 R1 + frozen 300 R3 source route statuses,absolute_personal_path_redaction_only
${PROJECT_MSC_ROOT}/msc_thesis/main_system/isolated_workspaces/hourvideo_direct_api_eval300_v1/outputs/direct_v1_formal/direct_v1_2_3x16_r1_r3_eval300_formal_v1/route_status/R3:6fd90f8d-7a4d-425d-a812-3268db0b0342_6_8.json,332c303cbc633d567296e25b9c9bc4956ca19b77852e554edf56517b680c2fd8,591,artifacts/SUPERSEDED_FOR_THESIS/old_formal_88/route_status/R3:6fd90f8d-7a4d-425d-a812-3268db0b0342_6_8.json,385cb66973c3c9366d63f71ed6275f74d4bdf1f1a5fbb1a421ee2553cdaa2676,569,old 300 R1 + frozen 300 R3 source route statuses,absolute_personal_path_redaction_only
${PROJECT_MSC_ROOT}/msc_thesis/main_system/isolated_workspaces/hourvideo_direct_api_eval300_v1/outputs/direct_v1_formal/direct_v1_2_3x16_r1_r3_eval300_formal_v1/route_status/R3:6fd90f8d-7a4d-425d-a812-3268db0b0342_7_27.json,a130ca48a26eec52e5a86cade3fba245c985bc3b0f52d7e757efd80f1a22c40a,583,artifacts/SUPERSEDED_FOR_THESIS/old_formal_88/route_status/R3:6fd90f8d-7a4d-425d-a812-3268db0b0342_7_27.json,eb02423f7cf8bcdf5508e3583bf9a18d88a6741fc3c1ea243393de19d753e645,561,old 300 R1 + frozen 300 R3 source route statuses,absolute_personal_path_redaction_only
${PROJECT_MSC_ROOT}/msc_thesis/main_system/isolated_workspaces/hourvideo_direct_api_eval300_v1/outputs/direct_v1_formal/direct_v1_2_3x16_r1_r3_eval300_formal_v1/route_status/R3:6fd90f8d-7a4d-425d-a812-3268db0b0342_7_7.json,f1344f6dec13fe7f5fd98e86480138c8f16684d9be9771d5697e4caf16566a40,591,artifacts/SUPERSEDED_FOR_THESIS/old_formal_88/route_status/R3:6fd90f8d-7a4d-425d-a812-3268db0b0342_7_7.json,41c29408a6fcb76a29b04bc7b6e00ea72e5405ac70b55058409401d317cc90bb,569,old 300 R1 + frozen 300 R3 source route statuses,absolute_personal_path_redaction_only
${PROJECT_MSC_ROOT}/msc_thesis/main_system/isolated_workspaces/hourvideo_direct_api_eval300_v1/outputs/direct_v1_formal/direct_v1_2_3x16_r1_r3_eval300_formal_v1/route_status/R3:6fd90f8d-7a4d-425d-a812-3268db0b0342_8_10.json,893d832c759fd036631c83f3e0cab179ac2cd957085a32299a960a0090c6b45a,593,artifacts/SUPERSEDED_FOR_THESIS/old_formal_88/route_status/R3:6fd90f8d-7a4d-425d-a812-3268db0b0342_8_10.json,26667d3f9c2281216908b959abc692818541dfac08683a0f3ec6d6389c05b7bc,571,old 300 R1 + frozen 300 R3 source route statuses,absolute_personal_path_redaction_only
${PROJECT_MSC_ROOT}/msc_thesis/main_system/isolated_workspaces/hourvideo_direct_api_eval300_v1/outputs/direct_v1_formal/direct_v1_2_3x16_r1_r3_eval300_formal_v1/route_status/R3:6fd90f8d-7a4d-425d-a812-3268db0b0342_8_31.json,629e69ece2cecb7a5a481408603e5593e88e7754b12c7883af4b5ad01d8e67e2,592,artifacts/SUPERSEDED_FOR_THESIS/old_formal_88/route_status/R3:6fd90f8d-7a4d-425d-a812-3268db0b0342_8_31.json,304b8d0de4122f2e95131e7b42bff6dcc127cd9dff7c0d14ea9d0b24dd682610,570,old 300 R1 + frozen 300 R3 source route statuses,absolute_personal_path_redaction_only
${PROJECT_MSC_ROOT}/msc_thesis/main_system/isolated_workspaces/hourvideo_direct_api_eval300_v1/outputs/direct_v1_formal/direct_v1_2_3x16_r1_r3_eval300_formal_v1/route_status/R3:6fd90f8d-7a4d-425d-a812-3268db0b0342_8_9.json,462d39e5d13327710f80ae2e034d3d87fac39db30b7fbecd4126b3ac747e5e17,580,artifacts/SUPERSEDED_FOR_THESIS/old_formal_88/route_status/R3:6fd90f8d-7a4d-425d-a812-3268db0b0342_8_9.json,0bdd45d305506f10aff8b4c38c18ae703ea6ea581d346178896e9dbd19b83d57,558,old 300 R1 + frozen 300 R3 source route statuses,absolute_personal_path_redaction_only
${PROJECT_MSC_ROOT}/msc_thesis/main_system/isolated_workspaces/hourvideo_direct_api_eval300_v1/outputs/direct_v1_formal/direct_v1_2_3x16_r1_r3_eval300_formal_v1/route_status/R3:70f2a750-f403-41b8-aabb-480eb3ab4ed4_11_23.json,ce730fdaf80d09f39d64caf499ee9d6b0a9ca4acbcef9690c67ad8bb834a23bb,584,artifacts/SUPERSEDED_FOR_THESIS/old_formal_88/route_status/R3:70f2a750-f403-41b8-aabb-480eb3ab4ed4_11_23.json,d68f76397e84df27556c4e71699be4e87bc68524825948cf6218c50f11de9e36,562,old 300 R1 + frozen 300 R3 source route statuses,absolute_personal_path_redaction_only
${PROJECT_MSC_ROOT}/msc_thesis/main_system/isolated_workspaces/hourvideo_direct_api_eval300_v1/outputs/direct_v1_formal/direct_v1_2_3x16_r1_r3_eval300_formal_v1/route_status/R3:70f2a750-f403-41b8-aabb-480eb3ab4ed4_11_7.json,cb9247f1d98c9c519c0624ed8bbef03e47e5c583cb208575510ed56806521baa,582,artifacts/SUPERSEDED_FOR_THESIS/old_formal_88/route_status/R3:70f2a750-f403-41b8-aabb-480eb3ab4ed4_11_7.json,bdceb214aa53ce15c4e870a03c381a8668563e57c11e13089b453748639c4957,560,old 300 R1 + frozen 300 R3 source route statuses,absolute_personal_path_redaction_only
${PROJECT_MSC_ROOT}/msc_thesis/main_system/isolated_workspaces/hourvideo_direct_api_eval300_v1/outputs/direct_v1_formal/direct_v1_2_3x16_r1_r3_eval300_formal_v1/route_status/R3:70f2a750-f403-41b8-aabb-480eb3ab4ed4_12_17.json,4b646e88fbf68ff8f7e214b98864da3b9b53d060f33da65d20add857591a68b5,584,artifacts/SUPERSEDED_FOR_THESIS/old_formal_88/route_status/R3:70f2a750-f403-41b8-aabb-480eb3ab4ed4_12_17.json,e14ce62e8fbb541ec46829bed5edf952cd396bb5186db1310f38d2b287906dc0,562,old 300 R1 + frozen 300 R3 source route statuses,absolute_personal_path_redaction_only
${PROJECT_MSC_ROOT}/msc_thesis/main_system/isolated_workspaces/hourvideo_direct_api_eval300_v1/outputs/direct_v1_formal/direct_v1_2_3x16_r1_r3_eval300_formal_v1/route_status/R3:70f2a750-f403-41b8-aabb-480eb3ab4ed4_17_13.json,c4984c43a8b2fd4033645f2d0bce8f008c4c492df619d0dfe3eceabb38fd46fa,584,artifacts/SUPERSEDED_FOR_THESIS/old_formal_88/route_status/R3:70f2a750-f403-41b8-aabb-480eb3ab4ed4_17_13.json,df64a748b0a856b72c98872ecd56b075153aad408e6131dd2aaeb4afe7106179,562,old 300 R1 + frozen 300 R3 source route statuses,absolute_personal_path_redaction_only
${PROJECT_MSC_ROOT}/msc_thesis/main_system/isolated_workspaces/hourvideo_direct_api_eval300_v1/outputs/direct_v1_formal/direct_v1_2_3x16_r1_r3_eval300_formal_v1/route_status/R3:70f2a750-f403-41b8-aabb-480eb3ab4ed4_17_14.json,5e6ab7507881ad02a8f1bc96ea031be17f6add01aefcbf9e33a672130cc13d24,584,artifacts/SUPERSEDED_FOR_THESIS/old_formal_88/route_status/R3:70f2a750-f403-41b8-aabb-480eb3ab4ed4_17_14.json,3964be4299136c30ad0eca7c7b903c2cf29b9ce201f1d0f8909435426a49c0ef,562,old 300 R1 + frozen 300 R3 source route statuses,absolute_personal_path_redaction_only
${PROJECT_MSC_ROOT}/msc_thesis/main_system/isolated_workspaces/hourvideo_direct_api_eval300_v1/outputs/direct_v1_formal/direct_v1_2_3x16_r1_r3_eval300_formal_v1/route_status/R3:70f2a750-f403-41b8-aabb-480eb3ab4ed4_17_16.json,7d75012515ba0f3fc82cad8c8f5bcf6da2d45a971140d9a09bfc4a6403863060,585,artifacts/SUPERSEDED_FOR_THESIS/old_formal_88/route_status/R3:70f2a750-f403-41b8-aabb-480eb3ab4ed4_17_16.json,f4bf8d04480dea539a7fd16f4d621b101d389a04132957e73cfd2594945c5eae,563,old 300 R1 + frozen 300 R3 source route statuses,absolute_personal_path_redaction_only
${PROJECT_MSC_ROOT}/msc_thesis/main_system/isolated_workspaces/hourvideo_direct_api_eval300_v1/outputs/direct_v1_formal/direct_v1_2_3x16_r1_r3_eval300_formal_v1/route_status/R3:70f2a750-f403-41b8-aabb-480eb3ab4ed4_17_30.json,68ed0c952529aba6d1dd5fadfbf24692e7a4873a61114336f84d4028e2615fe9,584,artifacts/SUPERSEDED_FOR_THESIS/old_formal_88/route_status/R3:70f2a750-f403-41b8-aabb-480eb3ab4ed4_17_30.json,7c7821c630c974b9454dffda68ceb33e96a88cc961d3f42a428a77cd460afc2e,562,old 300 R1 + frozen 300 R3 source route statuses,absolute_personal_path_redaction_only
${PROJECT_MSC_ROOT}/msc_thesis/main_system/isolated_workspaces/hourvideo_direct_api_eval300_v1/outputs/direct_v1_formal/direct_v1_2_3x16_r1_r3_eval300_formal_v1/route_status/R3:70f2a750-f403-41b8-aabb-480eb3ab4ed4_17_31.json,fd51b30e37d7f752e5c3a709073561239b6e00b01ec15eef9ba8fd3a2ca6612c,584,artifacts/SUPERSEDED_FOR_THESIS/old_formal_88/route_status/R3:70f2a750-f403-41b8-aabb-480eb3ab4ed4_17_31.json,3619a52ee905b559d0c514912f289a1a34c04cf7e833ee3a0e495965a8036b19,562,old 300 R1 + frozen 300 R3 source route statuses,absolute_personal_path_redaction_only
${PROJECT_MSC_ROOT}/msc_thesis/main_system/isolated_workspaces/hourvideo_direct_api_eval300_v1/outputs/direct_v1_formal/direct_v1_2_3x16_r1_r3_eval300_formal_v1/route_status/R3:70f2a750-f403-41b8-aabb-480eb3ab4ed4_17_8.json,9337e0c84db61244dccd1d69dd746a287f17d79c6937e48286660b6de57bd7b3,593,artifacts/SUPERSEDED_FOR_THESIS/old_formal_88/route_status/R3:70f2a750-f403-41b8-aabb-480eb3ab4ed4_17_8.json,aa72757c773130230df296024a893b8586ce112c89565a5db6d5b504869a89fb,571,old 300 R1 + frozen 300 R3 source route statuses,absolute_personal_path_redaction_only
${PROJECT_MSC_ROOT}/msc_thesis/main_system/isolated_workspaces/hourvideo_direct_api_eval300_v1/outputs/direct_v1_formal/direct_v1_2_3x16_r1_r3_eval300_formal_v1/route_status/R3:70f2a750-f403-41b8-aabb-480eb3ab4ed4_17_9.json,b57f9e46d08e803024028d4ff3d07adfb954201e3a78e67c687a5b86c6acb573,582,artifacts/SUPERSEDED_FOR_THESIS/old_formal_88/route_status/R3:70f2a750-f403-41b8-aabb-480eb3ab4ed4_17_9.json,ad65b1bd9442613bf2f836a53b76b475192a856c5efcc4e7289d408bb87c375c,560,old 300 R1 + frozen 300 R3 source route statuses,absolute_personal_path_redaction_only
${PROJECT_MSC_ROOT}/msc_thesis/main_system/isolated_workspaces/hourvideo_direct_api_eval300_v1/outputs/direct_v1_formal/direct_v1_2_3x16_r1_r3_eval300_formal_v1/route_status/R3:70f2a750-f403-41b8-aabb-480eb3ab4ed4_21_26.json,4f01bdecd0e1faf8e51b5123349d73a44612bb23d4f2df85b1686278ce11799b,595,artifacts/SUPERSEDED_FOR_THESIS/old_formal_88/route_status/R3:70f2a750-f403-41b8-aabb-480eb3ab4ed4_21_26.json,385f68f148b2bd4cc76ce6980fb583594842e1ec7bcad68cde76fba5801f35c0,573,old 300 R1 + frozen 300 R3 source route statuses,absolute_personal_path_redaction_only
${PROJECT_MSC_ROOT}/msc_thesis/main_system/isolated_workspaces/hourvideo_direct_api_eval300_v1/outputs/direct_v1_formal/direct_v1_2_3x16_r1_r3_eval300_formal_v1/route_status/R3:70f2a750-f403-41b8-aabb-480eb3ab4ed4_22_10.json,ce44f009e51680e001baf2bc574852bf2effed25aac6ae01e10d903562c48bf4,584,artifacts/SUPERSEDED_FOR_THESIS/old_formal_88/route_status/R3:70f2a750-f403-41b8-aabb-480eb3ab4ed4_22_10.json,016ea3ce30e842328454e467ac43e47bb5069995a4ba25e8f325277479c574d2,562,old 300 R1 + frozen 300 R3 source route statuses,absolute_personal_path_redaction_only
${PROJECT_MSC_ROOT}/msc_thesis/main_system/isolated_workspaces/hourvideo_direct_api_eval300_v1/outputs/direct_v1_formal/direct_v1_2_3x16_r1_r3_eval300_formal_v1/route_status/R3:70f2a750-f403-41b8-aabb-480eb3ab4ed4_22_12.json,794c40c4fc6fe6e6b1fa7a5c97cda7ccd549b0634c64a1434fab1f5ef4a9d3dd,596,artifacts/SUPERSEDED_FOR_THESIS/old_formal_88/route_status/R3:70f2a750-f403-41b8-aabb-480eb3ab4ed4_22_12.json,c177e30d10dbeda5b39be93be523465844d12e66c33143e870ad551b9dd57ae1,574,old 300 R1 + frozen 300 R3 source route statuses,absolute_personal_path_redaction_only
${PROJECT_MSC_ROOT}/msc_thesis/main_system/isolated_workspaces/hourvideo_direct_api_eval300_v1/outputs/direct_v1_formal/direct_v1_2_3x16_r1_r3_eval300_formal_v1/route_status/R3:70f2a750-f403-41b8-aabb-480eb3ab4ed4_4_11.json,55396aa65456987286906a500ef17b2bf4c9272cb79f7353f9973d8ecc17cb3b,593,artifacts/SUPERSEDED_FOR_THESIS/old_formal_88/route_status/R3:70f2a750-f403-41b8-aabb-480eb3ab4ed4_4_11.json,859c3ab7707db040b46d3a0ad48366cb8892af7d159e97104c2cb381f8985115,571,old 300 R1 + frozen 300 R3 source route statuses,absolute_personal_path_redaction_only
${PROJECT_MSC_ROOT}/msc_thesis/main_system/isolated_workspaces/hourvideo_direct_api_eval300_v1/outputs/direct_v1_formal/direct_v1_2_3x16_r1_r3_eval300_formal_v1/route_status/R3:70f2a750-f403-41b8-aabb-480eb3ab4ed4_4_15.json,01140220decb5e4222d4abb069f27856f8aff9f789802e410c6d3a0b97e4d473,594,artifacts/SUPERSEDED_FOR_THESIS/old_formal_88/route_status/R3:70f2a750-f403-41b8-aabb-480eb3ab4ed4_4_15.json,c27fa9c1fb83dccd4decb7e53cd02d15020b11e670c4e715f31bb5b71b5a5427,572,old 300 R1 + frozen 300 R3 source route statuses,absolute_personal_path_redaction_only
${PROJECT_MSC_ROOT}/msc_thesis/main_system/isolated_workspaces/hourvideo_direct_api_eval300_v1/outputs/direct_v1_formal/direct_v1_2_3x16_r1_r3_eval300_formal_v1/route_status/R3:70f2a750-f403-41b8-aabb-480eb3ab4ed4_4_20.json,6d9f43183f9ec6ab8c28a8c3a5b1926bd94dd98dfc9a01516b5b90ee91689c7d,584,artifacts/SUPERSEDED_FOR_THESIS/old_formal_88/route_status/R3:70f2a750-f403-41b8-aabb-480eb3ab4ed4_4_20.json,2fe2c0a23e903b7e0c7036a4131d3fb041d2e6bb7048a5b14c3d10a2906f4d9e,562,old 300 R1 + frozen 300 R3 source route statuses,absolute_personal_path_redaction_only
${PROJECT_MSC_ROOT}/msc_thesis/main_system/isolated_workspaces/hourvideo_direct_api_eval300_v1/outputs/direct_v1_formal/direct_v1_2_3x16_r1_r3_eval300_formal_v1/route_status/R3:70f2a750-f403-41b8-aabb-480eb3ab4ed4_4_27.json,5e9aefe15fe3fbfcdd7fa4e3435786d05b14209b5c04d3cf5255bda34fe65079,593,artifacts/SUPERSEDED_FOR_THESIS/old_formal_88/route_status/R3:70f2a750-f403-41b8-aabb-480eb3ab4ed4_4_27.json,69eeb3c3a4b8669013839e68ab207941e664f64cd993381aaab3d6a7743f41bf,571,old 300 R1 + frozen 300 R3 source route statuses,absolute_personal_path_redaction_only
${PROJECT_MSC_ROOT}/msc_thesis/main_system/isolated_workspaces/hourvideo_direct_api_eval300_v1/outputs/direct_v1_formal/direct_v1_2_3x16_r1_r3_eval300_formal_v1/route_status/R3:70f2a750-f403-41b8-aabb-480eb3ab4ed4_4_6.json,873f7b66cfc8f1db46e4f85b288ebf32d6f09a8a36032cd4b590d437dfc1553b,580,artifacts/SUPERSEDED_FOR_THESIS/old_formal_88/route_status/R3:70f2a750-f403-41b8-aabb-480eb3ab4ed4_4_6.json,74c4055c1581fe66ce23aa0616d931575b55152482870b7d9470ae99a642ea1f,558,old 300 R1 + frozen 300 R3 source route statuses,absolute_personal_path_redaction_only
${PROJECT_MSC_ROOT}/msc_thesis/main_system/isolated_workspaces/hourvideo_direct_api_eval300_v1/outputs/direct_v1_formal/direct_v1_2_3x16_r1_r3_eval300_formal_v1/route_status/R3:70f2a750-f403-41b8-aabb-480eb3ab4ed4_5_19.json,6af0b4993f90c52c177b4b954e57c973d95c00d4215bb1814b1c487e4c6f96f1,583,artifacts/SUPERSEDED_FOR_THESIS/old_formal_88/route_status/R3:70f2a750-f403-41b8-aabb-480eb3ab4ed4_5_19.json,414f8759d7992d27fa8f7675f113ffea1e296a0591911d333ec0cf9b9bec484b,561,old 300 R1 + frozen 300 R3 source route statuses,absolute_personal_path_redaction_only
${PROJECT_MSC_ROOT}/msc_thesis/main_system/isolated_workspaces/hourvideo_direct_api_eval300_v1/outputs/direct_v1_formal/direct_v1_2_3x16_r1_r3_eval300_formal_v1/route_status/R3:70f2a750-f403-41b8-aabb-480eb3ab4ed4_6_32.json,01c7b041187b6f8914c54d4c9e9e1ad2290f61fd2b9f0db5591c8381efee6b59,594,artifacts/SUPERSEDED_FOR_THESIS/old_formal_88/route_status/R3:70f2a750-f403-41b8-aabb-480eb3ab4ed4_6_32.json,c78e00ace24bb8ade2cf36ac7dd2fe8a7c1406e8e95025c88925a0c2eea6bd4a,572,old 300 R1 + frozen 300 R3 source route statuses,absolute_personal_path_redaction_only
${PROJECT_MSC_ROOT}/msc_thesis/main_system/isolated_workspaces/hourvideo_direct_api_eval300_v1/outputs/direct_v1_formal/direct_v1_2_3x16_r1_r3_eval300_formal_v1/route_status/R3:70f2a750-f403-41b8-aabb-480eb3ab4ed4_7_28.json,2b6f764e8bdcc92a12b9a44f820e4b5157b445714f096fd229173aa8890a07de,593,artifacts/SUPERSEDED_FOR_THESIS/old_formal_88/route_status/R3:70f2a750-f403-41b8-aabb-480eb3ab4ed4_7_28.json,2311e2319848e296e320f200662ee5257fe1191cd42950ffa0aabec36f8377aa,571,old 300 R1 + frozen 300 R3 source route statuses,absolute_personal_path_redaction_only
${PROJECT_MSC_ROOT}/msc_thesis/main_system/isolated_workspaces/hourvideo_direct_api_eval300_v1/outputs/direct_v1_formal/direct_v1_2_3x16_r1_r3_eval300_formal_v1/route_status/R3:70f2a750-f403-41b8-aabb-480eb3ab4ed4_7_29.json,e4dae9ca66e3ceeb0a1872fc7dd738a24f0a73aaf73936b51ca05d9f714f89fa,582,artifacts/SUPERSEDED_FOR_THESIS/old_formal_88/route_status/R3:70f2a750-f403-41b8-aabb-480eb3ab4ed4_7_29.json,65c1b24a81f0d300eeb8378b32659d2640930290737308a6a8b3b599bdceec0e,560,old 300 R1 + frozen 300 R3 source route statuses,absolute_personal_path_redaction_only
${PROJECT_MSC_ROOT}/msc_thesis/main_system/isolated_workspaces/hourvideo_direct_api_eval300_v1/outputs/direct_v1_formal/direct_v1_2_3x16_r1_r3_eval300_formal_v1/route_status/R3:70f2a750-f403-41b8-aabb-480eb3ab4ed4_7_4.json,37eb059e2bd685891baa109135129c2938424e528d8830576793a3729c3d3767,592,artifacts/SUPERSEDED_FOR_THESIS/old_formal_88/route_status/R3:70f2a750-f403-41b8-aabb-480eb3ab4ed4_7_4.json,58cd9c9a9ca47b3cf71e1e32cf44d9dba40a29d4afd19288879d2b5c5c7ec225,570,old 300 R1 + frozen 300 R3 source route statuses,absolute_personal_path_redaction_only
${PROJECT_MSC_ROOT}/msc_thesis/main_system/isolated_workspaces/hourvideo_direct_api_eval300_v1/outputs/direct_v1_formal/direct_v1_2_3x16_r1_r3_eval300_formal_v1/route_status/R3:70f2a750-f403-41b8-aabb-480eb3ab4ed4_7_5.json,88adee2be5b22090a2e3169f0c86fda7cd9de265c447412f794cfc1e9e6cfbeb,591,artifacts/SUPERSEDED_FOR_THESIS/old_formal_88/route_status/R3:70f2a750-f403-41b8-aabb-480eb3ab4ed4_7_5.json,c17c3e1fdecaf1c163eb389265a463a05a6bd69c609a4041cf0f8f95cb47a871,569,old 300 R1 + frozen 300 R3 source route statuses,absolute_personal_path_redaction_only
${PROJECT_MSC_ROOT}/msc_thesis/main_system/isolated_workspaces/hourvideo_direct_api_eval300_v1/outputs/direct_v1_formal/direct_v1_2_3x16_r1_r3_eval300_formal_v1/route_status/R3:70f2a750-f403-41b8-aabb-480eb3ab4ed4_8_2.json,80ffddedad008fd6eff789821bf7df38bb296db82b16e6f5b29c3f84e59c0d1f,592,artifacts/SUPERSEDED_FOR_THESIS/old_formal_88/route_status/R3:70f2a750-f403-41b8-aabb-480eb3ab4ed4_8_2.json,9874bbcf80b715209661de1ebc7a50fdd92e2e47f6d44008071a842ed861e4bf,570,old 300 R1 + frozen 300 R3 source route statuses,absolute_personal_path_redaction_only
${PROJECT_MSC_ROOT}/msc_thesis/main_system/isolated_workspaces/hourvideo_direct_api_eval300_v1/outputs/direct_v1_formal/direct_v1_2_3x16_r1_r3_eval300_formal_v1/route_status/R3:71fbc5bf-7e2a-415d-86bc-3a948742e904_12_18.json,974b72870c083d2de0aedef4d3f8cb3c3007d7a94d80ef08a012ba9f2f814c58,584,artifacts/SUPERSEDED_FOR_THESIS/old_formal_88/route_status/R3:71fbc5bf-7e2a-415d-86bc-3a948742e904_12_18.json,8f5b759e27db860e3dfc34aaf416914fd8dadc384948d55f609a9fe9f68929aa,562,old 300 R1 + frozen 300 R3 source route statuses,absolute_personal_path_redaction_only
${PROJECT_MSC_ROOT}/msc_thesis/main_system/isolated_workspaces/hourvideo_direct_api_eval300_v1/outputs/direct_v1_formal/direct_v1_2_3x16_r1_r3_eval300_formal_v1/route_status/R3:71fbc5bf-7e2a-415d-86bc-3a948742e904_17_10.json,a979d0d03419b66fd9c2a5065bff25796b454f8fea2e2bbc2e6d9d2cd20a438e,595,artifacts/SUPERSEDED_FOR_THESIS/old_formal_88/route_status/R3:71fbc5bf-7e2a-415d-86bc-3a948742e904_17_10.json,f15c451ec48c7ccb5f0323f005c0bfebf15b374ca1e847ab5a6d152216327c6e,573,old 300 R1 + frozen 300 R3 source route statuses,absolute_personal_path_redaction_only
${PROJECT_MSC_ROOT}/msc_thesis/main_system/isolated_workspaces/hourvideo_direct_api_eval300_v1/outputs/direct_v1_formal/direct_v1_2_3x16_r1_r3_eval300_formal_v1/route_status/R3:71fbc5bf-7e2a-415d-86bc-3a948742e904_17_13.json,081ae627dfbadbe82a87954768f961fc94a30a8c47d9b1c1755cbc5d3d03013c,596,artifacts/SUPERSEDED_FOR_THESIS/old_formal_88/route_status/R3:71fbc5bf-7e2a-415d-86bc-3a948742e904_17_13.json,cd718a743b16daab4680673f7812976f3cc8a140b3d739218cd9fb2304809e8b,574,old 300 R1 + frozen 300 R3 source route statuses,absolute_personal_path_redaction_only
${PROJECT_MSC_ROOT}/msc_thesis/main_system/isolated_workspaces/hourvideo_direct_api_eval300_v1/outputs/direct_v1_formal/direct_v1_2_3x16_r1_r3_eval300_formal_v1/route_status/R3:71fbc5bf-7e2a-415d-86bc-3a948742e904_17_25.json,c36196f0dc4e67fa5e733619ec37cfbef3e668e286de9b506b8299e841b755b7,595,artifacts/SUPERSEDED_FOR_THESIS/old_formal_88/route_status/R3:71fbc5bf-7e2a-415d-86bc-3a948742e904_17_25.json,b7d1d08b51eeb77330f3621e265b2c6db6b4e762d6d36174de85e13e015193a7,573,old 300 R1 + frozen 300 R3 source route statuses,absolute_personal_path_redaction_only
${PROJECT_MSC_ROOT}/msc_thesis/main_system/isolated_workspaces/hourvideo_direct_api_eval300_v1/outputs/direct_v1_formal/direct_v1_2_3x16_r1_r3_eval300_formal_v1/route_status/R3:71fbc5bf-7e2a-415d-86bc-3a948742e904_22_23.json,0ba771c9db07531b1ac9016b93596ae01ec33f4cd7ee0e9f9a84f6cefa15d1cb,595,artifacts/SUPERSEDED_FOR_THESIS/old_formal_88/route_status/R3:71fbc5bf-7e2a-415d-86bc-3a948742e904_22_23.json,84f65d30696407d3168f4f7f7180ca96f1ccc7e91c1d3bde07892289d17cdea9,573,old 300 R1 + frozen 300 R3 source route statuses,absolute_personal_path_redaction_only
${PROJECT_MSC_ROOT}/msc_thesis/main_system/isolated_workspaces/hourvideo_direct_api_eval300_v1/outputs/direct_v1_formal/direct_v1_2_3x16_r1_r3_eval300_formal_v1/route_status/R3:71fbc5bf-7e2a-415d-86bc-3a948742e904_22_4.json,842374b6be115033b9ef920ded597c6fa015d48f7829798d86912520fff26d53,593,artifacts/SUPERSEDED_FOR_THESIS/old_formal_88/route_status/R3:71fbc5bf-7e2a-415d-86bc-3a948742e904_22_4.json,5f90be472a6bfd976b1a4de8184a52d6c3b350227548e2f047b18307c5fa09a7,571,old 300 R1 + frozen 300 R3 source route statuses,absolute_personal_path_redaction_only
${PROJECT_MSC_ROOT}/msc_thesis/main_system/isolated_workspaces/hourvideo_direct_api_eval300_v1/outputs/direct_v1_formal/direct_v1_2_3x16_r1_r3_eval300_formal_v1/route_status/R3:71fbc5bf-7e2a-415d-86bc-3a948742e904_22_5.json,58a7af4890ef8c8ff97e0d29b26b9d673c42039775db400f3894401f68a571cb,593,artifacts/SUPERSEDED_FOR_THESIS/old_formal_88/route_status/R3:71fbc5bf-7e2a-415d-86bc-3a948742e904_22_5.json,5e22edf977ff87aee4640ad05da0d465616f7b65d9235585b512c14e6a8fd66f,571,old 300 R1 + frozen 300 R3 source route statuses,absolute_personal_path_redaction_only
${PROJECT_MSC_ROOT}/msc_thesis/main_system/isolated_workspaces/hourvideo_direct_api_eval300_v1/outputs/direct_v1_formal/direct_v1_2_3x16_r1_r3_eval300_formal_v1/route_status/R3:71fbc5bf-7e2a-415d-86bc-3a948742e904_3_7.json,f47da2471dca9cbcaa5b1084907faed43f0e33dab5ec0fd81d50bb97a2a300cf,591,artifacts/SUPERSEDED_FOR_THESIS/old_formal_88/route_status/R3:71fbc5bf-7e2a-415d-86bc-3a948742e904_3_7.json,7779e96b0161eace4f8c564b14de6c01276f492dd43fbbd9e3492807e229b43f,569,old 300 R1 + frozen 300 R3 source route statuses,absolute_personal_path_redaction_only
${PROJECT_MSC_ROOT}/msc_thesis/main_system/isolated_workspaces/hourvideo_direct_api_eval300_v1/outputs/direct_v1_formal/direct_v1_2_3x16_r1_r3_eval300_formal_v1/route_status/R3:71fbc5bf-7e2a-415d-86bc-3a948742e904_4_12.json,b5ab317f6780cddc0028031cc3399e1a9387062cff33158cc881794680496cea,582,artifacts/SUPERSEDED_FOR_THESIS/old_formal_88/route_status/R3:71fbc5bf-7e2a-415d-86bc-3a948742e904_4_12.json,116fdd17bf5ee845ae6b44813e33ee9a8f350ce1cc37e2ca8dd4c398c2342ca8,560,old 300 R1 + frozen 300 R3 source route statuses,absolute_personal_path_redaction_only
${PROJECT_MSC_ROOT}/msc_thesis/main_system/isolated_workspaces/hourvideo_direct_api_eval300_v1/outputs/direct_v1_formal/direct_v1_2_3x16_r1_r3_eval300_formal_v1/route_status/R3:71fbc5bf-7e2a-415d-86bc-3a948742e904_4_22.json,a2ae962b4747113c4e8d8b1756926c10978c4d81cd5eee06a71f8b56877b6ad4,582,artifacts/SUPERSEDED_FOR_THESIS/old_formal_88/route_status/R3:71fbc5bf-7e2a-415d-86bc-3a948742e904_4_22.json,c94f6dcd701b39ea3a5b07552e6a3034438f1060cc252f84dabb2f4ad8628583,560,old 300 R1 + frozen 300 R3 source route statuses,absolute_personal_path_redaction_only
${PROJECT_MSC_ROOT}/msc_thesis/main_system/isolated_workspaces/hourvideo_direct_api_eval300_v1/outputs/direct_v1_formal/direct_v1_2_3x16_r1_r3_eval300_formal_v1/route_status/R3:71fbc5bf-7e2a-415d-86bc-3a948742e904_4_26.json,014cd60d14994ea2d265f34263af794badd93ba607d20fa1d5215ebe2e4df687,582,artifacts/SUPERSEDED_FOR_THESIS/old_formal_88/route_status/R3:71fbc5bf-7e2a-415d-86bc-3a948742e904_4_26.json,e52c651ecb6f57ece251bb318a84a6a706ee12e47fb1e104913767b290b9572b,560,old 300 R1 + frozen 300 R3 source route statuses,absolute_personal_path_redaction_only
${PROJECT_MSC_ROOT}/msc_thesis/main_system/isolated_workspaces/hourvideo_direct_api_eval300_v1/outputs/direct_v1_formal/direct_v1_2_3x16_r1_r3_eval300_formal_v1/route_status/R3:71fbc5bf-7e2a-415d-86bc-3a948742e904_4_6.json,f6c09666b8ba625e2a3f37c0fedf68c24aeb4c324866458bcb87e91c1ca2450f,580,artifacts/SUPERSEDED_FOR_THESIS/old_formal_88/route_status/R3:71fbc5bf-7e2a-415d-86bc-3a948742e904_4_6.json,5b3802849285744ee1844c286ebcea344af165acb5ebcdad5843919d2fee0bfc,558,old 300 R1 + frozen 300 R3 source route statuses,absolute_personal_path_redaction_only
${PROJECT_MSC_ROOT}/msc_thesis/main_system/isolated_workspaces/hourvideo_direct_api_eval300_v1/outputs/direct_v1_formal/direct_v1_2_3x16_r1_r3_eval300_formal_v1/route_status/R3:71fbc5bf-7e2a-415d-86bc-3a948742e904_5_15.json,975a265a80d295be7972020d19386dfae23fc92968ccd55758c66021f499ccdb,582,artifacts/SUPERSEDED_FOR_THESIS/old_formal_88/route_status/R3:71fbc5bf-7e2a-415d-86bc-3a948742e904_5_15.json,37d2d7c01ec1a721ce8658512d063402f1f5c9c6f78833053cb160522efe16d8,560,old 300 R1 + frozen 300 R3 source route statuses,absolute_personal_path_redaction_only
${PROJECT_MSC_ROOT}/msc_thesis/main_system/isolated_workspaces/hourvideo_direct_api_eval300_v1/outputs/direct_v1_formal/direct_v1_2_3x16_r1_r3_eval300_formal_v1/route_status/R3:71fbc5bf-7e2a-415d-86bc-3a948742e904_5_27.json,6b6008b74a9bb182868ea22714df11e0754842e7e52fcdbde73ccdcbf7e6e05f,593,artifacts/SUPERSEDED_FOR_THESIS/old_formal_88/route_status/R3:71fbc5bf-7e2a-415d-86bc-3a948742e904_5_27.json,e8eac701cb4e708e7ee62ed5669e880d0a2521e76c50005db95c4f8680cdc1f9,571,old 300 R1 + frozen 300 R3 source route statuses,absolute_personal_path_redaction_only
${PROJECT_MSC_ROOT}/msc_thesis/main_system/isolated_workspaces/hourvideo_direct_api_eval300_v1/outputs/direct_v1_formal/direct_v1_2_3x16_r1_r3_eval300_formal_v1/route_status/R3:71fbc5bf-7e2a-415d-86bc-3a948742e904_6_14.json,3c78459e421e9a89ad78704238c0ea38699ed46ef354d682a578a9207e81d756,593,artifacts/SUPERSEDED_FOR_THESIS/old_formal_88/route_status/R3:71fbc5bf-7e2a-415d-86bc-3a948742e904_6_14.json,fac2880c63379c32855a05ab313a3a2264374221971d596d4c925d4902f0f0c2,571,old 300 R1 + frozen 300 R3 source route statuses,absolute_personal_path_redaction_only
${PROJECT_MSC_ROOT}/msc_thesis/main_system/isolated_workspaces/hourvideo_direct_api_eval300_v1/outputs/direct_v1_formal/direct_v1_2_3x16_r1_r3_eval300_formal_v1/route_status/R3:71fbc5bf-7e2a-415d-86bc-3a948742e904_7_11.json,f1b2287c1c8764fadc0e2089560dc840d17f4f7135a93bcc2f77b5bfd6b14671,593,artifacts/SUPERSEDED_FOR_THESIS/old_formal_88/route_status/R3:71fbc5bf-7e2a-415d-86bc-3a948742e904_7_11.json,95ce3e8dca02e89b29045567a3f67ed82ebb42d70e100d00a4adf67d3c8baa86,571,old 300 R1 + frozen 300 R3 source route statuses,absolute_personal_path_redaction_only
${PROJECT_MSC_ROOT}/msc_thesis/main_system/isolated_workspaces/hourvideo_direct_api_eval300_v1/outputs/direct_v1_formal/direct_v1_2_3x16_r1_r3_eval300_formal_v1/route_status/R3:71fbc5bf-7e2a-415d-86bc-3a948742e904_7_17.json,4ee5b6ef8b80007a42d5ef18d874951439458c7c9e456d8fc2a809ac1e43133a,593,artifacts/SUPERSEDED_FOR_THESIS/old_formal_88/route_status/R3:71fbc5bf-7e2a-415d-86bc-3a948742e904_7_17.json,647b519e71cfe8f7f81a67610de0c6895c8a22ad84cf966ae11d10a1212c6d00,571,old 300 R1 + frozen 300 R3 source route statuses,absolute_personal_path_redaction_only
${PROJECT_MSC_ROOT}/msc_thesis/main_system/isolated_workspaces/hourvideo_direct_api_eval300_v1/outputs/direct_v1_formal/direct_v1_2_3x16_r1_r3_eval300_formal_v1/route_status/R3:71fbc5bf-7e2a-415d-86bc-3a948742e904_7_19.json,1c1e50bd79dc32927791040b538cab69131af68158f335322751d8a728967e1e,583,artifacts/SUPERSEDED_FOR_THESIS/old_formal_88/route_status/R3:71fbc5bf-7e2a-415d-86bc-3a948742e904_7_19.json,c09302504156ba0d85077ecd451fe7aef855999c5722dd3b68cd6b82b74cf1b5,561,old 300 R1 + frozen 300 R3 source route statuses,absolute_personal_path_redaction_only
${PROJECT_MSC_ROOT}/msc_thesis/main_system/isolated_workspaces/hourvideo_direct_api_eval300_v1/outputs/direct_v1_formal/direct_v1_2_3x16_r1_r3_eval300_formal_v1/route_status/R3:71fbc5bf-7e2a-415d-86bc-3a948742e904_7_2.json,cb3ac4bde39fb08798e2f715a4db7c4b06d616a1b5d7db6ec51d068f7517cbf8,593,artifacts/SUPERSEDED_FOR_THESIS/old_formal_88/route_status/R3:71fbc5bf-7e2a-415d-86bc-3a948742e904_7_2.json,fb4b2cdba26dcc60a6ef5d827e9d626d48965782e2c6fa1b203d12aeec86166b,571,old 300 R1 + frozen 300 R3 source route statuses,absolute_personal_path_redaction_only
${PROJECT_MSC_ROOT}/msc_thesis/main_system/isolated_workspaces/hourvideo_direct_api_eval300_v1/outputs/direct_v1_formal/direct_v1_2_3x16_r1_r3_eval300_formal_v1/route_status/R3:71fbc5bf-7e2a-415d-86bc-3a948742e904_7_24.json,a459cad1bdb0348269ea2d51085aee18d05cba68662454c3343f70b9a97ea9c7,584,artifacts/SUPERSEDED_FOR_THESIS/old_formal_88/route_status/R3:71fbc5bf-7e2a-415d-86bc-3a948742e904_7_24.json,0fab3f2213523af262400e1823e888d6bc1984fc93c21dc80a378f1449713cbc,562,old 300 R1 + frozen 300 R3 source route statuses,absolute_personal_path_redaction_only
${PROJECT_MSC_ROOT}/msc_thesis/main_system/isolated_workspaces/hourvideo_direct_api_eval300_v1/outputs/direct_v1_formal/direct_v1_2_3x16_r1_r3_eval300_formal_v1/route_status/R3:71fbc5bf-7e2a-415d-86bc-3a948742e904_7_3.json,546f21b9fedfba165beb33e0f25d940befbfeb48af37cac658de6cc664dbd271,580,artifacts/SUPERSEDED_FOR_THESIS/old_formal_88/route_status/R3:71fbc5bf-7e2a-415d-86bc-3a948742e904_7_3.json,d12913d2450b26c37fef988a004642ab6517dc2cabb5b52eed1b3a6f66a001d9,558,old 300 R1 + frozen 300 R3 source route statuses,absolute_personal_path_redaction_only
${PROJECT_MSC_ROOT}/msc_thesis/main_system/isolated_workspaces/hourvideo_direct_api_eval300_v1/outputs/direct_v1_formal/direct_v1_2_3x16_r1_r3_eval300_formal_v1/route_status/R3:71fbc5bf-7e2a-415d-86bc-3a948742e904_7_9.json,0006b0501157f865c0698029a6c531cda3f4226e5d005af8d0330134559e1617,591,artifacts/SUPERSEDED_FOR_THESIS/old_formal_88/route_status/R3:71fbc5bf-7e2a-415d-86bc-3a948742e904_7_9.json,44422919d0cf61b2153a73baed287f32c5aa8171deba80c3d5e3df5f8f85be2e,569,old 300 R1 + frozen 300 R3 source route statuses,absolute_personal_path_redaction_only
${PROJECT_MSC_ROOT}/msc_thesis/main_system/isolated_workspaces/hourvideo_direct_api_eval300_v1/outputs/direct_v1_formal/direct_v1_2_3x16_r1_r3_eval300_formal_v1/route_status/R3:71fbc5bf-7e2a-415d-86bc-3a948742e904_8_1.json,885d83fa2e3ae317dcb7b409fd9ad23c5e8abbb7bf69c1a5c78819c671d34e90,580,artifacts/SUPERSEDED_FOR_THESIS/old_formal_88/route_status/R3:71fbc5bf-7e2a-415d-86bc-3a948742e904_8_1.json,48085bee908ce46e53e33ef7b4ecd919224c0f9dd681a91738bf599869ba8d92,558,old 300 R1 + frozen 300 R3 source route statuses,absolute_personal_path_redaction_only
${PROJECT_MSC_ROOT}/msc_thesis/main_system/isolated_workspaces/hourvideo_direct_api_eval300_v1/outputs/direct_v1_formal/direct_v1_2_3x16_r1_r3_eval300_formal_v1/route_status/R3:71fbc5bf-7e2a-415d-86bc-3a948742e904_8_20.json,e757badeceb504295b9052eebd865ab496b1b56621f637222af252690acb72a5,582,artifacts/SUPERSEDED_FOR_THESIS/old_formal_88/route_status/R3:71fbc5bf-7e2a-415d-86bc-3a948742e904_8_20.json,90bd239f374737a75cb0036daaa0f3b58f31720017f7c269fafc30b910b646e1,560,old 300 R1 + frozen 300 R3 source route statuses,absolute_personal_path_redaction_only
${PROJECT_MSC_ROOT}/msc_thesis/main_system/isolated_workspaces/hourvideo_direct_api_eval300_v1/outputs/direct_v1_formal/direct_v1_2_3x16_r1_r3_eval300_formal_v1/route_status/R3:71fbc5bf-7e2a-415d-86bc-3a948742e904_8_8.json,9459b72468d73cf7f3e67a5b6aa85db3ffdf75389154f881bdf15a8297a8536e,580,artifacts/SUPERSEDED_FOR_THESIS/old_formal_88/route_status/R3:71fbc5bf-7e2a-415d-86bc-3a948742e904_8_8.json,0d6d83c68703aa24ac8d83cfc48e057f37d447979f06a18f10f19dc93a7de9bc,558,old 300 R1 + frozen 300 R3 source route statuses,absolute_personal_path_redaction_only
${PROJECT_MSC_ROOT}/msc_thesis/main_system/isolated_workspaces/hourvideo_direct_api_eval300_v1/outputs/direct_v1_formal/direct_v1_2_3x16_r1_r3_eval300_formal_v1/route_status/R3:7ddbf8a2-5b3e-44cd-b9dc-db17ec06831b_11_12.json,ca68ff9caab96368d2e4fd4aa4ed6a37a83081e85a2663ed58e5d702bdc2750f,583,artifacts/SUPERSEDED_FOR_THESIS/old_formal_88/route_status/R3:7ddbf8a2-5b3e-44cd-b9dc-db17ec06831b_11_12.json,b243d6bb31499e5b6bfd4646fb8e74c3399f44747adf9f4b49ef7d7fa8ec956a,561,old 300 R1 + frozen 300 R3 source route statuses,absolute_personal_path_redaction_only
${PROJECT_MSC_ROOT}/msc_thesis/main_system/isolated_workspaces/hourvideo_direct_api_eval300_v1/outputs/direct_v1_formal/direct_v1_2_3x16_r1_r3_eval300_formal_v1/route_status/R3:7ddbf8a2-5b3e-44cd-b9dc-db17ec06831b_11_14.json,3907044e7599cdb62f5bd5ff84ed66b9c70819e2976dc7094ec46b294579eed6,585,artifacts/SUPERSEDED_FOR_THESIS/old_formal_88/route_status/R3:7ddbf8a2-5b3e-44cd-b9dc-db17ec06831b_11_14.json,ab4b72a5530ca29a116ebebaa5bc18997f6ca340da64c5ac698e5b196cbb64a5,563,old 300 R1 + frozen 300 R3 source route statuses,absolute_personal_path_redaction_only
${PROJECT_MSC_ROOT}/msc_thesis/main_system/isolated_workspaces/hourvideo_direct_api_eval300_v1/outputs/direct_v1_formal/direct_v1_2_3x16_r1_r3_eval300_formal_v1/route_status/R3:7ddbf8a2-5b3e-44cd-b9dc-db17ec06831b_11_17.json,d64ffac2070a160276c0b614ac7d7eabe318461ed3c8e9c2f788589db1b260c3,583,artifacts/SUPERSEDED_FOR_THESIS/old_formal_88/route_status/R3:7ddbf8a2-5b3e-44cd-b9dc-db17ec06831b_11_17.json,1005994c7087caed534a662191b0aab0813c69f72f9a0b9a684d728c75c519fe,561,old 300 R1 + frozen 300 R3 source route statuses,absolute_personal_path_redaction_only
${PROJECT_MSC_ROOT}/msc_thesis/main_system/isolated_workspaces/hourvideo_direct_api_eval300_v1/outputs/direct_v1_formal/direct_v1_2_3x16_r1_r3_eval300_formal_v1/route_status/R3:7ddbf8a2-5b3e-44cd-b9dc-db17ec06831b_17_15.json,51c744cc94ebf0847bc450babfe56a8ef97ba9e962a8d001ae3677cd8d590c03,595,artifacts/SUPERSEDED_FOR_THESIS/old_formal_88/route_status/R3:7ddbf8a2-5b3e-44cd-b9dc-db17ec06831b_17_15.json,3132f9671b8bfe2e5a7d66472e1c43a2af8702e8ed5a6d60207c5ee0e53340b3,573,old 300 R1 + frozen 300 R3 source route statuses,absolute_personal_path_redaction_only
${PROJECT_MSC_ROOT}/msc_thesis/main_system/isolated_workspaces/hourvideo_direct_api_eval300_v1/outputs/direct_v1_formal/direct_v1_2_3x16_r1_r3_eval300_formal_v1/route_status/R3:7ddbf8a2-5b3e-44cd-b9dc-db17ec06831b_17_6.json,7fb5fa44f1974e80cb4eed4bff013b665d07f5ca448063491f10c7913303501d,593,artifacts/SUPERSEDED_FOR_THESIS/old_formal_88/route_status/R3:7ddbf8a2-5b3e-44cd-b9dc-db17ec06831b_17_6.json,4dc5f5a177e635a7a0907418c4d35c60a13a46668fb8808c84112c2a4eeea419,571,old 300 R1 + frozen 300 R3 source route statuses,absolute_personal_path_redaction_only
${PROJECT_MSC_ROOT}/msc_thesis/main_system/isolated_workspaces/hourvideo_direct_api_eval300_v1/outputs/direct_v1_formal/direct_v1_2_3x16_r1_r3_eval300_formal_v1/route_status/R3:7ddbf8a2-5b3e-44cd-b9dc-db17ec06831b_22_23.json,ee1f949509f853caa78d4166859f57b56f1a0b55568c84d9c45868979a64d5b0,583,artifacts/SUPERSEDED_FOR_THESIS/old_formal_88/route_status/R3:7ddbf8a2-5b3e-44cd-b9dc-db17ec06831b_22_23.json,e9fbbf6a93b6b08c8ed0c852715efea20d2d62111eee22642fa9313177e3c42c,561,old 300 R1 + frozen 300 R3 source route statuses,absolute_personal_path_redaction_only
${PROJECT_MSC_ROOT}/msc_thesis/main_system/isolated_workspaces/hourvideo_direct_api_eval300_v1/outputs/direct_v1_formal/direct_v1_2_3x16_r1_r3_eval300_formal_v1/route_status/R3:7ddbf8a2-5b3e-44cd-b9dc-db17ec06831b_22_3.json,d08405239ae8ff842c65a673ac6623ab05bdd8b0bb854542a84b04c6db6aa7c3,581,artifacts/SUPERSEDED_FOR_THESIS/old_formal_88/route_status/R3:7ddbf8a2-5b3e-44cd-b9dc-db17ec06831b_22_3.json,bb794c6d44025f89aa6b5201c354633c104c1d1a2e729086050b256b8e5c4228,559,old 300 R1 + frozen 300 R3 source route statuses,absolute_personal_path_redaction_only
${PROJECT_MSC_ROOT}/msc_thesis/main_system/isolated_workspaces/hourvideo_direct_api_eval300_v1/outputs/direct_v1_formal/direct_v1_2_3x16_r1_r3_eval300_formal_v1/route_status/R3:7ddbf8a2-5b3e-44cd-b9dc-db17ec06831b_4_19.json,21b510bbf08b666843e9f4f5674d83de24bd23a9f3cb8050b8b7d220d024fdbd,593,artifacts/SUPERSEDED_FOR_THESIS/old_formal_88/route_status/R3:7ddbf8a2-5b3e-44cd-b9dc-db17ec06831b_4_19.json,e3b2ae74200264af1bbbc77bf12410fdde2b1718a8cc24ea58c381da2851cfe7,571,old 300 R1 + frozen 300 R3 source route statuses,absolute_personal_path_redaction_only
${PROJECT_MSC_ROOT}/msc_thesis/main_system/isolated_workspaces/hourvideo_direct_api_eval300_v1/outputs/direct_v1_formal/direct_v1_2_3x16_r1_r3_eval300_formal_v1/route_status/R3:7ddbf8a2-5b3e-44cd-b9dc-db17ec06831b_4_2.json,361716a4241d0e5d89fad58bf710fe437f2784238c6f29fd802d0a089a796e5f,579,artifacts/SUPERSEDED_FOR_THESIS/old_formal_88/route_status/R3:7ddbf8a2-5b3e-44cd-b9dc-db17ec06831b_4_2.json,8a1ac3d8762240f5468c9595f2e9ad0c82123e15c5bbeb9d06f24772efcf30f1,557,old 300 R1 + frozen 300 R3 source route statuses,absolute_personal_path_redaction_only
${PROJECT_MSC_ROOT}/msc_thesis/main_system/isolated_workspaces/hourvideo_direct_api_eval300_v1/outputs/direct_v1_formal/direct_v1_2_3x16_r1_r3_eval300_formal_v1/route_status/R3:7ddbf8a2-5b3e-44cd-b9dc-db17ec06831b_4_24.json,23c59f13bfcfcf64dbb845dd10d12bd07b3256b4c42c0963677c10f5e29815be,593,artifacts/SUPERSEDED_FOR_THESIS/old_formal_88/route_status/R3:7ddbf8a2-5b3e-44cd-b9dc-db17ec06831b_4_24.json,abea88107c0cb73b12282fb4a376a66b64816813e743e4caa7d705868451b03a,571,old 300 R1 + frozen 300 R3 source route statuses,absolute_personal_path_redaction_only
${PROJECT_MSC_ROOT}/msc_thesis/main_system/isolated_workspaces/hourvideo_direct_api_eval300_v1/outputs/direct_v1_formal/direct_v1_2_3x16_r1_r3_eval300_formal_v1/route_status/R3:7ddbf8a2-5b3e-44cd-b9dc-db17ec06831b_4_9.json,90526cfc2d58d465cdbf9b85300335540dcf57fc77fa23301e474d53d95f70c8,591,artifacts/SUPERSEDED_FOR_THESIS/old_formal_88/route_status/R3:7ddbf8a2-5b3e-44cd-b9dc-db17ec06831b_4_9.json,66de953b5b7ff3d679721fc4e4433acd2af6e79c415f8d031eca96d6cd51ab98,569,old 300 R1 + frozen 300 R3 source route statuses,absolute_personal_path_redaction_only
${PROJECT_MSC_ROOT}/msc_thesis/main_system/isolated_workspaces/hourvideo_direct_api_eval300_v1/outputs/direct_v1_formal/direct_v1_2_3x16_r1_r3_eval300_formal_v1/route_status/R3:7ddbf8a2-5b3e-44cd-b9dc-db17ec06831b_5_1.json,aeff1c70a70724eaf0a1ba6de7bcab1da1b2497a7f574a52beaecaa4808d2695,581,artifacts/SUPERSEDED_FOR_THESIS/old_formal_88/route_status/R3:7ddbf8a2-5b3e-44cd-b9dc-db17ec06831b_5_1.json,c0d510febfacebbe92de307488a111280530b255d1217b5a850d7a02c5b2b4b8,559,old 300 R1 + frozen 300 R3 source route statuses,absolute_personal_path_redaction_only
${PROJECT_MSC_ROOT}/msc_thesis/main_system/isolated_workspaces/hourvideo_direct_api_eval300_v1/outputs/direct_v1_formal/direct_v1_2_3x16_r1_r3_eval300_formal_v1/route_status/R3:7ddbf8a2-5b3e-44cd-b9dc-db17ec06831b_5_22.json,0f80711ddbbbec72dc0c4d042b93710a1f528774cb02c549035a0feea3faa63c,583,artifacts/SUPERSEDED_FOR_THESIS/old_formal_88/route_status/R3:7ddbf8a2-5b3e-44cd-b9dc-db17ec06831b_5_22.json,be404f3866596686b9c56c97f60c92046646bfcdf6163a117cded6420b4f2664,561,old 300 R1 + frozen 300 R3 source route statuses,absolute_personal_path_redaction_only
${PROJECT_MSC_ROOT}/msc_thesis/main_system/isolated_workspaces/hourvideo_direct_api_eval300_v1/outputs/direct_v1_formal/direct_v1_2_3x16_r1_r3_eval300_formal_v1/route_status/R3:7ddbf8a2-5b3e-44cd-b9dc-db17ec06831b_6_7.json,fbc34013359ca7860d3ca8bfe9ca259d80ce8c6c010a6326ab6bfa919583e558,590,artifacts/SUPERSEDED_FOR_THESIS/old_formal_88/route_status/R3:7ddbf8a2-5b3e-44cd-b9dc-db17ec06831b_6_7.json,9d3288298756ca0e053c9ec846c4853f2b9354ef02a5a93c60ec5927555e58d6,568,old 300 R1 + frozen 300 R3 source route statuses,absolute_personal_path_redaction_only
${PROJECT_MSC_ROOT}/msc_thesis/main_system/isolated_workspaces/hourvideo_direct_api_eval300_v1/outputs/direct_v1_formal/direct_v1_2_3x16_r1_r3_eval300_formal_v1/route_status/R3:7ddbf8a2-5b3e-44cd-b9dc-db17ec06831b_6_8.json,0151dc0f4bb0e937fe3b69229348c131975a43f1d2d0d842d68a0384c3dd7b07,591,artifacts/SUPERSEDED_FOR_THESIS/old_formal_88/route_status/R3:7ddbf8a2-5b3e-44cd-b9dc-db17ec06831b_6_8.json,4029a494907a360a4c6350b2e7462fd461af0c5f7bcda7462b1b60a959246d26,569,old 300 R1 + frozen 300 R3 source route statuses,absolute_personal_path_redaction_only
${PROJECT_MSC_ROOT}/msc_thesis/main_system/isolated_workspaces/hourvideo_direct_api_eval300_v1/outputs/direct_v1_formal/direct_v1_2_3x16_r1_r3_eval300_formal_v1/route_status/R3:7ddbf8a2-5b3e-44cd-b9dc-db17ec06831b_7_11.json,b9961db47b9c9c950db8bafc210d5597f04caf37db84246b31bede6394ca4810,584,artifacts/SUPERSEDED_FOR_THESIS/old_formal_88/route_status/R3:7ddbf8a2-5b3e-44cd-b9dc-db17ec06831b_7_11.json,b069a3b59319dfedb5ab794a8709646c2c2f40d845074550623c2a011ecc83f8,562,old 300 R1 + frozen 300 R3 source route statuses,absolute_personal_path_redaction_only
${PROJECT_MSC_ROOT}/msc_thesis/main_system/isolated_workspaces/hourvideo_direct_api_eval300_v1/outputs/direct_v1_formal/direct_v1_2_3x16_r1_r3_eval300_formal_v1/route_status/R3:7ddbf8a2-5b3e-44cd-b9dc-db17ec06831b_7_16.json,53a675cda9464908f84439df11c84cbedda712f77232b5f64247471ae6569a67,583,artifacts/SUPERSEDED_FOR_THESIS/old_formal_88/route_status/R3:7ddbf8a2-5b3e-44cd-b9dc-db17ec06831b_7_16.json,1073924377f000e0c0c3061a4046d1eb56f5b7652deffd64b85d89b4b0d6510b,561,old 300 R1 + frozen 300 R3 source route statuses,absolute_personal_path_redaction_only
${PROJECT_MSC_ROOT}/msc_thesis/main_system/isolated_workspaces/hourvideo_direct_api_eval300_v1/outputs/direct_v1_formal/direct_v1_2_3x16_r1_r3_eval300_formal_v1/route_status/R3:7ddbf8a2-5b3e-44cd-b9dc-db17ec06831b_7_21.json,af15bbcdb7cf4e1ec86c8d90b64c67f302425fddae7afd88d3ac96c9ca2b1852,583,artifacts/SUPERSEDED_FOR_THESIS/old_formal_88/route_status/R3:7ddbf8a2-5b3e-44cd-b9dc-db17ec06831b_7_21.json,c89ef168c70a23ba8f96e62ae2f67cb7fb4b449109201cab0089c2dbf6422a17,561,old 300 R1 + frozen 300 R3 source route statuses,absolute_personal_path_redaction_only
${PROJECT_MSC_ROOT}/msc_thesis/main_system/isolated_workspaces/hourvideo_direct_api_eval300_v1/outputs/direct_v1_formal/direct_v1_2_3x16_r1_r3_eval300_formal_v1/route_status/R3:7ddbf8a2-5b3e-44cd-b9dc-db17ec06831b_7_4.json,7ed7f733023f686bcecefead03477a8b228b849e72ff3097a09ec5c1baf75db6,581,artifacts/SUPERSEDED_FOR_THESIS/old_formal_88/route_status/R3:7ddbf8a2-5b3e-44cd-b9dc-db17ec06831b_7_4.json,4b38945b14c062c06d07f605a13c976f61a47373a0434a8454e701214bbad753,559,old 300 R1 + frozen 300 R3 source route statuses,absolute_personal_path_redaction_only
${PROJECT_MSC_ROOT}/msc_thesis/main_system/isolated_workspaces/hourvideo_direct_api_eval300_v1/outputs/direct_v1_formal/direct_v1_2_3x16_r1_r3_eval300_formal_v1/route_status/R3:7ddbf8a2-5b3e-44cd-b9dc-db17ec06831b_7_5.json,a6d00538e112880be3e189d0b366dde4b4cc6443474db77f01ad3a703b2f49a7,578,artifacts/SUPERSEDED_FOR_THESIS/old_formal_88/route_status/R3:7ddbf8a2-5b3e-44cd-b9dc-db17ec06831b_7_5.json,5b92ac084fc6b447243f1cdaff44ea84b780c950de450ad1b100fb0035c458b5,556,old 300 R1 + frozen 300 R3 source route statuses,absolute_personal_path_redaction_only
${PROJECT_MSC_ROOT}/msc_thesis/main_system/isolated_workspaces/hourvideo_direct_api_eval300_v1/outputs/direct_v1_formal/direct_v1_2_3x16_r1_r3_eval300_formal_v1/route_status/R3:7ddbf8a2-5b3e-44cd-b9dc-db17ec06831b_8_10.json,98bf873bcf3be268005d6efee0da2db4a19292b1c43b0ec622216a7fb2d0cfd9,593,artifacts/SUPERSEDED_FOR_THESIS/old_formal_88/route_status/R3:7ddbf8a2-5b3e-44cd-b9dc-db17ec06831b_8_10.json,576d34597dbb35d046aafbf671fb2eea2f3fe5e02d1902dad669d2ed83e3a277,571,old 300 R1 + frozen 300 R3 source route statuses,absolute_personal_path_redaction_only
${PROJECT_MSC_ROOT}/msc_thesis/main_system/isolated_workspaces/hourvideo_direct_api_eval300_v1/outputs/direct_v1_formal/direct_v1_2_3x16_r1_r3_eval300_formal_v1/route_status/R3:7ddbf8a2-5b3e-44cd-b9dc-db17ec06831b_8_13.json,564a00fa7d418d5cc6cda48b92cbd411399b8094ee0858245d03c493df2e32fc,581,artifacts/SUPERSEDED_FOR_THESIS/old_formal_88/route_status/R3:7ddbf8a2-5b3e-44cd-b9dc-db17ec06831b_8_13.json,35dd8d39714bf010dfbb6fb30932b805796c2d7dc1352a4c724ba866f47121f4,559,old 300 R1 + frozen 300 R3 source route statuses,absolute_personal_path_redaction_only
${PROJECT_MSC_ROOT}/msc_thesis/main_system/isolated_workspaces/hourvideo_direct_api_eval300_v1/outputs/direct_v1_formal/direct_v1_2_3x16_r1_r3_eval300_formal_v1/route_status/R3:7ddbf8a2-5b3e-44cd-b9dc-db17ec06831b_8_18.json,de159f4e91d3c15ca55b21eefd1b6933362b40b9579a8824281a069249712565,581,artifacts/SUPERSEDED_FOR_THESIS/old_formal_88/route_status/R3:7ddbf8a2-5b3e-44cd-b9dc-db17ec06831b_8_18.json,698972e34e6bad0b48dec0209c780fb28d2f623f281c7d406cdcee7462ca6694,559,old 300 R1 + frozen 300 R3 source route statuses,absolute_personal_path_redaction_only
${PROJECT_MSC_ROOT}/msc_thesis/main_system/isolated_workspaces/hourvideo_direct_api_eval300_v1/outputs/direct_v1_formal/direct_v1_2_3x16_r1_r3_eval300_formal_v1/route_status/R3:7ddbf8a2-5b3e-44cd-b9dc-db17ec06831b_8_20.json,cb250110e702a8023303d64ebae615c4e3ff3970340b9e3772e8ecfd03ae9218,581,artifacts/SUPERSEDED_FOR_THESIS/old_formal_88/route_status/R3:7ddbf8a2-5b3e-44cd-b9dc-db17ec06831b_8_20.json,38c156bb69d7bd8a248c57c40ee3fe7fbe093679e801c6d75310c525ea10d85a,559,old 300 R1 + frozen 300 R3 source route statuses,absolute_personal_path_redaction_only
${PROJECT_MSC_ROOT}/msc_thesis/main_system/isolated_workspaces/hourvideo_direct_api_eval300_v1/outputs/direct_v1_formal/direct_v1_2_3x16_r1_r3_eval300_formal_v1/route_status/R3:7ddbf8a2-5b3e-44cd-b9dc-db17ec06831b_8_25.json,c9074f77164f54b52fe450a2524d01c9bf367da178e939c23fe38f986b594e36,581,artifacts/SUPERSEDED_FOR_THESIS/old_formal_88/route_status/R3:7ddbf8a2-5b3e-44cd-b9dc-db17ec06831b_8_25.json,c72f4f52e9ddfa3d9e8c4e398a4fff2bc3f7ba43016fb37be4dce498990d57f2,559,old 300 R1 + frozen 300 R3 source route statuses,absolute_personal_path_redaction_only
${PROJECT_MSC_ROOT}/msc_thesis/main_system/isolated_workspaces/hourvideo_direct_api_eval300_v1/outputs/direct_v1_formal/direct_v1_2_3x16_r1_r3_eval300_formal_v1/route_status/R3:7e512589-aa97-41e8-83d3-af2e83e4fd06_11_14.json,110a1c1a2d850a769bc68b263d2bfbcb46e2ab95fad02b2f821d5286cac299bb,595,artifacts/SUPERSEDED_FOR_THESIS/old_formal_88/route_status/R3:7e512589-aa97-41e8-83d3-af2e83e4fd06_11_14.json,933f8806ae35a1262a447e2484a0b2decdb8969c6cc62034cbba00249bb729ab,573,old 300 R1 + frozen 300 R3 source route statuses,absolute_personal_path_redaction_only
${PROJECT_MSC_ROOT}/msc_thesis/main_system/isolated_workspaces/hourvideo_direct_api_eval300_v1/outputs/direct_v1_formal/direct_v1_2_3x16_r1_r3_eval300_formal_v1/route_status/R3:7e512589-aa97-41e8-83d3-af2e83e4fd06_11_18.json,f8d71c1c361b283059048226bc9604b27d66fb7c2dca23914145a3ba19d4c58b,595,artifacts/SUPERSEDED_FOR_THESIS/old_formal_88/route_status/R3:7e512589-aa97-41e8-83d3-af2e83e4fd06_11_18.json,3564f21f7713614563dfc00c68772548642d6f4cf1e9e10cb227276910798b83,573,old 300 R1 + frozen 300 R3 source route statuses,absolute_personal_path_redaction_only
${PROJECT_MSC_ROOT}/msc_thesis/main_system/isolated_workspaces/hourvideo_direct_api_eval300_v1/outputs/direct_v1_formal/direct_v1_2_3x16_r1_r3_eval300_formal_v1/route_status/R3:7e512589-aa97-41e8-83d3-af2e83e4fd06_11_24.json,2d6c6424b9a3678c5b919a0f8dc1a986532cb60076d8a215a1801945d4026410,588,artifacts/SUPERSEDED_FOR_THESIS/old_formal_88/route_status/R3:7e512589-aa97-41e8-83d3-af2e83e4fd06_11_24.json,239d1aa826438b329d5ee3a72412b02036f553d692fa7a39185236332446feae,566,old 300 R1 + frozen 300 R3 source route statuses,absolute_personal_path_redaction_only
${PROJECT_MSC_ROOT}/msc_thesis/main_system/isolated_workspaces/hourvideo_direct_api_eval300_v1/outputs/direct_v1_formal/direct_v1_2_3x16_r1_r3_eval300_formal_v1/route_status/R3:7e512589-aa97-41e8-83d3-af2e83e4fd06_17_10.json,c1edaf5a31b9034263223e6c138aab6a5717c9f010048658a91212355b7775ed,584,artifacts/SUPERSEDED_FOR_THESIS/old_formal_88/route_status/R3:7e512589-aa97-41e8-83d3-af2e83e4fd06_17_10.json,bf7f403d3a6c5e5f6fa8136d7efd5d1b75adfdf8c212b0b4f3cf33842be78d4b,562,old 300 R1 + frozen 300 R3 source route statuses,absolute_personal_path_redaction_only
${PROJECT_MSC_ROOT}/msc_thesis/main_system/isolated_workspaces/hourvideo_direct_api_eval300_v1/outputs/direct_v1_formal/direct_v1_2_3x16_r1_r3_eval300_formal_v1/route_status/R3:7e512589-aa97-41e8-83d3-af2e83e4fd06_17_16.json,def77782a9efe66f3c2f35169b314b03c3278a2f8a46ac90a8e39e9e450caf89,595,artifacts/SUPERSEDED_FOR_THESIS/old_formal_88/route_status/R3:7e512589-aa97-41e8-83d3-af2e83e4fd06_17_16.json,1840b00b1bcae6ce7c163beeab9d9a991c8e7480dba2d31ba2dd58a22c839202,573,old 300 R1 + frozen 300 R3 source route statuses,absolute_personal_path_redaction_only
${PROJECT_MSC_ROOT}/msc_thesis/main_system/isolated_workspaces/hourvideo_direct_api_eval300_v1/outputs/direct_v1_formal/direct_v1_2_3x16_r1_r3_eval300_formal_v1/route_status/R3:7e512589-aa97-41e8-83d3-af2e83e4fd06_17_2.json,d6791d7327627847492a9548bb8bb24183d104b80d3052e4d55cf4fb79345352,593,artifacts/SUPERSEDED_FOR_THESIS/old_formal_88/route_status/R3:7e512589-aa97-41e8-83d3-af2e83e4fd06_17_2.json,b499278a911479574260baabbdc58f98d50a5129bd95d6ceec0f7b86412e1580,571,old 300 R1 + frozen 300 R3 source route statuses,absolute_personal_path_redaction_only
${PROJECT_MSC_ROOT}/msc_thesis/main_system/isolated_workspaces/hourvideo_direct_api_eval300_v1/outputs/direct_v1_formal/direct_v1_2_3x16_r1_r3_eval300_formal_v1/route_status/R3:7e512589-aa97-41e8-83d3-af2e83e4fd06_17_30.json,d1d11556ecda0da058ae2e177177c40dc9dd790f08072ed000613f9e7bb6a068,595,artifacts/SUPERSEDED_FOR_THESIS/old_formal_88/route_status/R3:7e512589-aa97-41e8-83d3-af2e83e4fd06_17_30.json,3b9dfd302438e3de2093af20dbde7636d8a30f81c95907692a5cc94d4177e832,573,old 300 R1 + frozen 300 R3 source route statuses,absolute_personal_path_redaction_only
${PROJECT_MSC_ROOT}/msc_thesis/main_system/isolated_workspaces/hourvideo_direct_api_eval300_v1/outputs/direct_v1_formal/direct_v1_2_3x16_r1_r3_eval300_formal_v1/route_status/R3:7e512589-aa97-41e8-83d3-af2e83e4fd06_17_34.json,4e5c8f785992e81fca1d3835a939688962b05631623b3d44c62fb904e454a890,595,artifacts/SUPERSEDED_FOR_THESIS/old_formal_88/route_status/R3:7e512589-aa97-41e8-83d3-af2e83e4fd06_17_34.json,13d55dbcd26bd840db4a393f9140c693566658abe000cdeb868723ef100f2c31,573,old 300 R1 + frozen 300 R3 source route statuses,absolute_personal_path_redaction_only
${PROJECT_MSC_ROOT}/msc_thesis/main_system/isolated_workspaces/hourvideo_direct_api_eval300_v1/outputs/direct_v1_formal/direct_v1_2_3x16_r1_r3_eval300_formal_v1/route_status/R3:7e512589-aa97-41e8-83d3-af2e83e4fd06_21_19.json,682f16c4aa4bfdf9e5afcd01d946953248ef5489c4e3720804f3cd83e32c7eb7,595,artifacts/SUPERSEDED_FOR_THESIS/old_formal_88/route_status/R3:7e512589-aa97-41e8-83d3-af2e83e4fd06_21_19.json,8a57b6aff26de3bed01c9c2d600c6c3fe271dff62e0dc471b0c06bc7f5b694ee,573,old 300 R1 + frozen 300 R3 source route statuses,absolute_personal_path_redaction_only
${PROJECT_MSC_ROOT}/msc_thesis/main_system/isolated_workspaces/hourvideo_direct_api_eval300_v1/outputs/direct_v1_formal/direct_v1_2_3x16_r1_r3_eval300_formal_v1/route_status/R3:7e512589-aa97-41e8-83d3-af2e83e4fd06_22_11.json,af1dc08ebe9e5b191f6091ad0140acde7ffd9c782f8c9850642c4b0207ce92b6,596,artifacts/SUPERSEDED_FOR_THESIS/old_formal_88/route_status/R3:7e512589-aa97-41e8-83d3-af2e83e4fd06_22_11.json,ee26682e081745fd6dc34cd33154396ec597276113fcde47baa552560d2b5e5b,574,old 300 R1 + frozen 300 R3 source route statuses,absolute_personal_path_redaction_only
${PROJECT_MSC_ROOT}/msc_thesis/main_system/isolated_workspaces/hourvideo_direct_api_eval300_v1/outputs/direct_v1_formal/direct_v1_2_3x16_r1_r3_eval300_formal_v1/route_status/R3:7e512589-aa97-41e8-83d3-af2e83e4fd06_22_8.json,9f3e66f0af117509a30bc2008ac69565c9266979c8a921d783ffdd2bf3a5924f,582,artifacts/SUPERSEDED_FOR_THESIS/old_formal_88/route_status/R3:7e512589-aa97-41e8-83d3-af2e83e4fd06_22_8.json,bf47c5c01659c77752ca700d249574e0ac80917804ef657e1ecda28834ba7c2d,560,old 300 R1 + frozen 300 R3 source route statuses,absolute_personal_path_redaction_only
${PROJECT_MSC_ROOT}/msc_thesis/main_system/isolated_workspaces/hourvideo_direct_api_eval300_v1/outputs/direct_v1_formal/direct_v1_2_3x16_r1_r3_eval300_formal_v1/route_status/R3:7e512589-aa97-41e8-83d3-af2e83e4fd06_23_28.json,0fdba3d5c9b2f07c24b79ff24a8ff3ee829d7011ea3896332b85c46cd208e8bc,584,artifacts/SUPERSEDED_FOR_THESIS/old_formal_88/route_status/R3:7e512589-aa97-41e8-83d3-af2e83e4fd06_23_28.json,37dd6427fdd46a46d857146a2d23491293303b47e7ca73b9d8bac4fe03e2feeb,562,old 300 R1 + frozen 300 R3 source route statuses,absolute_personal_path_redaction_only
${PROJECT_MSC_ROOT}/msc_thesis/main_system/isolated_workspaces/hourvideo_direct_api_eval300_v1/outputs/direct_v1_formal/direct_v1_2_3x16_r1_r3_eval300_formal_v1/route_status/R3:7e512589-aa97-41e8-83d3-af2e83e4fd06_3_21.json,f12f61c3cba90c1853f0307474fe0e705c165e430cb188cc5d16b1c48bb50017,593,artifacts/SUPERSEDED_FOR_THESIS/old_formal_88/route_status/R3:7e512589-aa97-41e8-83d3-af2e83e4fd06_3_21.json,d842074f75b5de5a32dec7c211fe02e10b92e3b0942dcc0f0998685c6f8b4d2f,571,old 300 R1 + frozen 300 R3 source route statuses,absolute_personal_path_redaction_only
${PROJECT_MSC_ROOT}/msc_thesis/main_system/isolated_workspaces/hourvideo_direct_api_eval300_v1/outputs/direct_v1_formal/direct_v1_2_3x16_r1_r3_eval300_formal_v1/route_status/R3:7e512589-aa97-41e8-83d3-af2e83e4fd06_3_26.json,7436557afdb541d91ed515f7bf367c8c87e9e45ddb518f3f6af4d8dba8090a41,582,artifacts/SUPERSEDED_FOR_THESIS/old_formal_88/route_status/R3:7e512589-aa97-41e8-83d3-af2e83e4fd06_3_26.json,92b94b59d1e8356ad6cbca700edcfa571a94e3327f13ca41e9a529bad386aa5c,560,old 300 R1 + frozen 300 R3 source route statuses,absolute_personal_path_redaction_only
${PROJECT_MSC_ROOT}/msc_thesis/main_system/isolated_workspaces/hourvideo_direct_api_eval300_v1/outputs/direct_v1_formal/direct_v1_2_3x16_r1_r3_eval300_formal_v1/route_status/R3:7e512589-aa97-41e8-83d3-af2e83e4fd06_4_3.json,1d190b1132422b8df0d279dbc49adab3266b951a7a306673829b7623792d462d,581,artifacts/SUPERSEDED_FOR_THESIS/old_formal_88/route_status/R3:7e512589-aa97-41e8-83d3-af2e83e4fd06_4_3.json,a9aaf577485146a2488d7d30e9620e82c199d3e0b9785c259be428a7ff0879d6,559,old 300 R1 + frozen 300 R3 source route statuses,absolute_personal_path_redaction_only
${PROJECT_MSC_ROOT}/msc_thesis/main_system/isolated_workspaces/hourvideo_direct_api_eval300_v1/outputs/direct_v1_formal/direct_v1_2_3x16_r1_r3_eval300_formal_v1/route_status/R3:7e512589-aa97-41e8-83d3-af2e83e4fd06_4_5.json,5e997bf069421e2cb7fad1387dc73e56fc63314e5ef25f20c1b0ef1ef88b5547,591,artifacts/SUPERSEDED_FOR_THESIS/old_formal_88/route_status/R3:7e512589-aa97-41e8-83d3-af2e83e4fd06_4_5.json,11dbf012348d1c7b5a437c36648943b763f2e30b07ade9bd28dcd852cc5739e6,569,old 300 R1 + frozen 300 R3 source route statuses,absolute_personal_path_redaction_only
${PROJECT_MSC_ROOT}/msc_thesis/main_system/isolated_workspaces/hourvideo_direct_api_eval300_v1/outputs/direct_v1_formal/direct_v1_2_3x16_r1_r3_eval300_formal_v1/route_status/R3:7e512589-aa97-41e8-83d3-af2e83e4fd06_5_33.json,0ad7b07fc24468e1fdc129f3714e602df9deb012176c3f187aad2d9fae8a8ff8,593,artifacts/SUPERSEDED_FOR_THESIS/old_formal_88/route_status/R3:7e512589-aa97-41e8-83d3-af2e83e4fd06_5_33.json,003280cc1c3e85c1169dd2ffa95b03d72451b366872be5fae13f19df7b8861f6,571,old 300 R1 + frozen 300 R3 source route statuses,absolute_personal_path_redaction_only
${PROJECT_MSC_ROOT}/msc_thesis/main_system/isolated_workspaces/hourvideo_direct_api_eval300_v1/outputs/direct_v1_formal/direct_v1_2_3x16_r1_r3_eval300_formal_v1/route_status/R3:7e512589-aa97-41e8-83d3-af2e83e4fd06_6_15.json,91e59447323d63a2d42e97d7da3d1f25bed7b6fe0ab3ab2b71839a2f8eefd027,593,artifacts/SUPERSEDED_FOR_THESIS/old_formal_88/route_status/R3:7e512589-aa97-41e8-83d3-af2e83e4fd06_6_15.json,690e434d0dc346dbb7e13f1914814c944d993674c11e417cb77ecdec680a259d,571,old 300 R1 + frozen 300 R3 source route statuses,absolute_personal_path_redaction_only
${PROJECT_MSC_ROOT}/msc_thesis/main_system/isolated_workspaces/hourvideo_direct_api_eval300_v1/outputs/direct_v1_formal/direct_v1_2_3x16_r1_r3_eval300_formal_v1/route_status/R3:7e512589-aa97-41e8-83d3-af2e83e4fd06_6_27.json,adcf8e0e3dc187a594797433791a1921b368ca2dfd0a710e238cf114c2066b34,593,artifacts/SUPERSEDED_FOR_THESIS/old_formal_88/route_status/R3:7e512589-aa97-41e8-83d3-af2e83e4fd06_6_27.json,e6ffbc96dca0ee1fe8a579c587cf0dc29c032a36d89c5738f54d551aafbd2482,571,old 300 R1 + frozen 300 R3 source route statuses,absolute_personal_path_redaction_only
${PROJECT_MSC_ROOT}/msc_thesis/main_system/isolated_workspaces/hourvideo_direct_api_eval300_v1/outputs/direct_v1_formal/direct_v1_2_3x16_r1_r3_eval300_formal_v1/route_status/R3:7e512589-aa97-41e8-83d3-af2e83e4fd06_6_7.json,31adcd4180dd7435711033c662613008c073bfcd7d5a903591fc3ec353a789be,580,artifacts/SUPERSEDED_FOR_THESIS/old_formal_88/route_status/R3:7e512589-aa97-41e8-83d3-af2e83e4fd06_6_7.json,1e116bb7d33b0946076ef4bc288fd2db2fc7cc05e5d5a340f3bcc7a3ed3dfdb4,558,old 300 R1 + frozen 300 R3 source route statuses,absolute_personal_path_redaction_only
${PROJECT_MSC_ROOT}/msc_thesis/main_system/isolated_workspaces/hourvideo_direct_api_eval300_v1/outputs/direct_v1_formal/direct_v1_2_3x16_r1_r3_eval300_formal_v1/route_status/R3:7e512589-aa97-41e8-83d3-af2e83e4fd06_7_20.json,60370e668bd561bb641e07186908e1f1bfccff17b5f8d7f370c1ac07e91bf77a,582,artifacts/SUPERSEDED_FOR_THESIS/old_formal_88/route_status/R3:7e512589-aa97-41e8-83d3-af2e83e4fd06_7_20.json,c06ac9ef4bebd1043421c116975bdd77ce64fb5b7f5dd5aac2915122b80f7b8c,560,old 300 R1 + frozen 300 R3 source route statuses,absolute_personal_path_redaction_only
${PROJECT_MSC_ROOT}/msc_thesis/main_system/isolated_workspaces/hourvideo_direct_api_eval300_v1/outputs/direct_v1_formal/direct_v1_2_3x16_r1_r3_eval300_formal_v1/route_status/R3:7e512589-aa97-41e8-83d3-af2e83e4fd06_7_22.json,7bb87ada71f6e0e0c9f3266bda91f4f19b773d82e2e1bf596974fa607f728dc6,593,artifacts/SUPERSEDED_FOR_THESIS/old_formal_88/route_status/R3:7e512589-aa97-41e8-83d3-af2e83e4fd06_7_22.json,9d14ee9df9e038718e5a61d8121a280f7af87280cfd847c6571917b0ce3f6e0d,571,old 300 R1 + frozen 300 R3 source route statuses,absolute_personal_path_redaction_only
${PROJECT_MSC_ROOT}/msc_thesis/main_system/isolated_workspaces/hourvideo_direct_api_eval300_v1/outputs/direct_v1_formal/direct_v1_2_3x16_r1_r3_eval300_formal_v1/route_status/R3:7e512589-aa97-41e8-83d3-af2e83e4fd06_7_23.json,cf64a0d9ee4045f7a4b323604472db340db5f705113305b0c8f07720ebc6f759,593,artifacts/SUPERSEDED_FOR_THESIS/old_formal_88/route_status/R3:7e512589-aa97-41e8-83d3-af2e83e4fd06_7_23.json,73ebfba69fce54f281306bbce27630112e16e07d37d85d9789676fa35877f4dd,571,old 300 R1 + frozen 300 R3 source route statuses,absolute_personal_path_redaction_only
${PROJECT_MSC_ROOT}/msc_thesis/main_system/isolated_workspaces/hourvideo_direct_api_eval300_v1/outputs/direct_v1_formal/direct_v1_2_3x16_r1_r3_eval300_formal_v1/route_status/R3:7e512589-aa97-41e8-83d3-af2e83e4fd06_7_4.json,2bc2053509bcf6f6ede09d8296a4e9e192fba4589387d9782a97e7f45681526f,591,artifacts/SUPERSEDED_FOR_THESIS/old_formal_88/route_status/R3:7e512589-aa97-41e8-83d3-af2e83e4fd06_7_4.json,cc9a872e20fdb664e0ece44deaef75aec9d323d2ba5192c8b3689214765a931c,569,old 300 R1 + frozen 300 R3 source route statuses,absolute_personal_path_redaction_only
${PROJECT_MSC_ROOT}/msc_thesis/main_system/isolated_workspaces/hourvideo_direct_api_eval300_v1/outputs/direct_v1_formal/direct_v1_2_3x16_r1_r3_eval300_formal_v1/route_status/R3:7e512589-aa97-41e8-83d3-af2e83e4fd06_8_12.json,d2dc73f2a4e5c9e9c7a9f62b85bad940c87710b29f540fa5a7079febe0c9d556,582,artifacts/SUPERSEDED_FOR_THESIS/old_formal_88/route_status/R3:7e512589-aa97-41e8-83d3-af2e83e4fd06_8_12.json,5f4f8558dab940c4ff4a14f399b4bf533306fe584e8ec2041dc79b814384ebc5,560,old 300 R1 + frozen 300 R3 source route statuses,absolute_personal_path_redaction_only
${PROJECT_MSC_ROOT}/msc_thesis/main_system/isolated_workspaces/hourvideo_direct_api_eval300_v1/outputs/direct_v1_formal/direct_v1_2_3x16_r1_r3_eval300_formal_v1/route_status/R3:819c8af7-851f-434f-ab32-318285bc54b1_11_14.json,8f23f5e0883f6ff3079623d4b334b59bccbcbb3e10aa2cb8e7357ae872bd7669,595,artifacts/SUPERSEDED_FOR_THESIS/old_formal_88/route_status/R3:819c8af7-851f-434f-ab32-318285bc54b1_11_14.json,1595fd4bceaa851bcf33642e172a32811e564dadcb23e82c27e9392d87fe145f,573,old 300 R1 + frozen 300 R3 source route statuses,absolute_personal_path_redaction_only
${PROJECT_MSC_ROOT}/msc_thesis/main_system/isolated_workspaces/hourvideo_direct_api_eval300_v1/outputs/direct_v1_formal/direct_v1_2_3x16_r1_r3_eval300_formal_v1/route_status/R3:819c8af7-851f-434f-ab32-318285bc54b1_11_24.json,89343db2ddacb3bd237140ae9732b3bd7c885f54f66d3a80e76a1465e959e071,584,artifacts/SUPERSEDED_FOR_THESIS/old_formal_88/route_status/R3:819c8af7-851f-434f-ab32-318285bc54b1_11_24.json,4c3df92a69e53340be80c9d703941e3895c811e2213d9a78a59b9fd5772795a1,562,old 300 R1 + frozen 300 R3 source route statuses,absolute_personal_path_redaction_only
${PROJECT_MSC_ROOT}/msc_thesis/main_system/isolated_workspaces/hourvideo_direct_api_eval300_v1/outputs/direct_v1_formal/direct_v1_2_3x16_r1_r3_eval300_formal_v1/route_status/R3:819c8af7-851f-434f-ab32-318285bc54b1_11_3.json,b3c7ce9a9b4cad9d538daca52aa8838f1fb632d34a7dabb9fefd276a745e0327,593,artifacts/SUPERSEDED_FOR_THESIS/old_formal_88/route_status/R3:819c8af7-851f-434f-ab32-318285bc54b1_11_3.json,5245d0e6b89590eb04b99fc002a6409f5d09da352f3a4230744ac0081f5a4cd4,571,old 300 R1 + frozen 300 R3 source route statuses,absolute_personal_path_redaction_only
${PROJECT_MSC_ROOT}/msc_thesis/main_system/isolated_workspaces/hourvideo_direct_api_eval300_v1/outputs/direct_v1_formal/direct_v1_2_3x16_r1_r3_eval300_formal_v1/route_status/R3:819c8af7-851f-434f-ab32-318285bc54b1_12_7.json,673626e9706f91b2edda10f44f541c1a85d5449119e87c1c1353490d0364bdb1,582,artifacts/SUPERSEDED_FOR_THESIS/old_formal_88/route_status/R3:819c8af7-851f-434f-ab32-318285bc54b1_12_7.json,42d85bf7d727693ec9923e50aa64225f5b9340cca7c867f340f10660c0808440,560,old 300 R1 + frozen 300 R3 source route statuses,absolute_personal_path_redaction_only
${PROJECT_MSC_ROOT}/msc_thesis/main_system/isolated_workspaces/hourvideo_direct_api_eval300_v1/outputs/direct_v1_formal/direct_v1_2_3x16_r1_r3_eval300_formal_v1/route_status/R3:819c8af7-851f-434f-ab32-318285bc54b1_17_20.json,70170d89818fb0afc3b2db800d56c50254a090076e52dfe6844b660e9513b5b1,584,artifacts/SUPERSEDED_FOR_THESIS/old_formal_88/route_status/R3:819c8af7-851f-434f-ab32-318285bc54b1_17_20.json,2e0d92409739227f90684c97e83f2fb6c6087aa5b5089ce14761cd08aecc599a,562,old 300 R1 + frozen 300 R3 source route statuses,absolute_personal_path_redaction_only
${PROJECT_MSC_ROOT}/msc_thesis/main_system/isolated_workspaces/hourvideo_direct_api_eval300_v1/outputs/direct_v1_formal/direct_v1_2_3x16_r1_r3_eval300_formal_v1/route_status/R3:819c8af7-851f-434f-ab32-318285bc54b1_17_22.json,84542822c12915a89d72209e3d0c64aa89bf46eeb98a397eedd157691ca30072,595,artifacts/SUPERSEDED_FOR_THESIS/old_formal_88/route_status/R3:819c8af7-851f-434f-ab32-318285bc54b1_17_22.json,9c5eae0e3819794b495f3791cace7b7010a8924c02943a4e682f434e3821e159,573,old 300 R1 + frozen 300 R3 source route statuses,absolute_personal_path_redaction_only
${PROJECT_MSC_ROOT}/msc_thesis/main_system/isolated_workspaces/hourvideo_direct_api_eval300_v1/outputs/direct_v1_formal/direct_v1_2_3x16_r1_r3_eval300_formal_v1/route_status/R3:819c8af7-851f-434f-ab32-318285bc54b1_17_26.json,de0c15806f65e21d041a35f73e1d3b453f0421f5554092a56a990c520e395128,584,artifacts/SUPERSEDED_FOR_THESIS/old_formal_88/route_status/R3:819c8af7-851f-434f-ab32-318285bc54b1_17_26.json,fb396be07547b02691cf64a0861e4d22e5fb80fa914ba5c490b8999f1fb3a7c9,562,old 300 R1 + frozen 300 R3 source route statuses,absolute_personal_path_redaction_only
${PROJECT_MSC_ROOT}/msc_thesis/main_system/isolated_workspaces/hourvideo_direct_api_eval300_v1/outputs/direct_v1_formal/direct_v1_2_3x16_r1_r3_eval300_formal_v1/route_status/R3:819c8af7-851f-434f-ab32-318285bc54b1_17_29.json,341d118d61caba416ade09278f34dc2ee5026590cf9ebce370cddcf3adba9b77,595,artifacts/SUPERSEDED_FOR_THESIS/old_formal_88/route_status/R3:819c8af7-851f-434f-ab32-318285bc54b1_17_29.json,cb7c2bfe51022fa5c60972fd6143be973903076770d3de57bb69596af8e9d0cb,573,old 300 R1 + frozen 300 R3 source route statuses,absolute_personal_path_redaction_only
${PROJECT_MSC_ROOT}/msc_thesis/main_system/isolated_workspaces/hourvideo_direct_api_eval300_v1/outputs/direct_v1_formal/direct_v1_2_3x16_r1_r3_eval300_formal_v1/route_status/R3:819c8af7-851f-434f-ab32-318285bc54b1_18_6.json,43cfbfc9a27d14056aee1e9586d36e678bce45d6a37e3eb1f705ae58c4a71812,584,artifacts/SUPERSEDED_FOR_THESIS/old_formal_88/route_status/R3:819c8af7-851f-434f-ab32-318285bc54b1_18_6.json,9362c074c1556f6d6a3e60c1cbae6e5af88bccfc08ecb3d9d1ab23256ceef2c0,562,old 300 R1 + frozen 300 R3 source route statuses,absolute_personal_path_redaction_only
${PROJECT_MSC_ROOT}/msc_thesis/main_system/isolated_workspaces/hourvideo_direct_api_eval300_v1/outputs/direct_v1_formal/direct_v1_2_3x16_r1_r3_eval300_formal_v1/route_status/R3:819c8af7-851f-434f-ab32-318285bc54b1_23_5.json,9889b16d6544b46f6c515b9483bd86b5ac40f3999ccd6c367e83dddbbc915db9,593,artifacts/SUPERSEDED_FOR_THESIS/old_formal_88/route_status/R3:819c8af7-851f-434f-ab32-318285bc54b1_23_5.json,06dc0476a5004f4347cceaeb0dcd96fdccf72e8aab30560d07ffbc0b83daca63,571,old 300 R1 + frozen 300 R3 source route statuses,absolute_personal_path_redaction_only
${PROJECT_MSC_ROOT}/msc_thesis/main_system/isolated_workspaces/hourvideo_direct_api_eval300_v1/outputs/direct_v1_formal/direct_v1_2_3x16_r1_r3_eval300_formal_v1/route_status/R3:819c8af7-851f-434f-ab32-318285bc54b1_3_12.json,de5847e04df4090c50e99df8d4e688d19a14701c439d351818b3c5870847f146,582,artifacts/SUPERSEDED_FOR_THESIS/old_formal_88/route_status/R3:819c8af7-851f-434f-ab32-318285bc54b1_3_12.json,355aa85786c0d9573c5da97d2726498dfd4371d00c6f8ce9e70b7b5d567b1877,560,old 300 R1 + frozen 300 R3 source route statuses,absolute_personal_path_redaction_only
${PROJECT_MSC_ROOT}/msc_thesis/main_system/isolated_workspaces/hourvideo_direct_api_eval300_v1/outputs/direct_v1_formal/direct_v1_2_3x16_r1_r3_eval300_formal_v1/route_status/R3:819c8af7-851f-434f-ab32-318285bc54b1_3_13.json,e98d4bbcb4ed8c99ca953e7c9e09962bd6b1e9cab322e2f4fcd202c153931f34,593,artifacts/SUPERSEDED_FOR_THESIS/old_formal_88/route_status/R3:819c8af7-851f-434f-ab32-318285bc54b1_3_13.json,4e941a8e148c482dc871031ab72fb34b1305f760d66a37dec308137fe2169d9f,571,old 300 R1 + frozen 300 R3 source route statuses,absolute_personal_path_redaction_only
${PROJECT_MSC_ROOT}/msc_thesis/main_system/isolated_workspaces/hourvideo_direct_api_eval300_v1/outputs/direct_v1_formal/direct_v1_2_3x16_r1_r3_eval300_formal_v1/route_status/R3:819c8af7-851f-434f-ab32-318285bc54b1_4_10.json,54afbc480cca3a72e6567fe6595e182f965bdce6d0467e71ddfa99bbad9bb6e3,582,artifacts/SUPERSEDED_FOR_THESIS/old_formal_88/route_status/R3:819c8af7-851f-434f-ab32-318285bc54b1_4_10.json,2df94edc6fc29438c5b9981b618c630c6ab54c14dcce4f384f769b378beea743,560,old 300 R1 + frozen 300 R3 source route statuses,absolute_personal_path_redaction_only
${PROJECT_MSC_ROOT}/msc_thesis/main_system/isolated_workspaces/hourvideo_direct_api_eval300_v1/outputs/direct_v1_formal/direct_v1_2_3x16_r1_r3_eval300_formal_v1/route_status/R3:819c8af7-851f-434f-ab32-318285bc54b1_4_19.json,19be8345a3db77b0109221a191dd2a168086366afc3ad36d6fbfedd3d4453708,583,artifacts/SUPERSEDED_FOR_THESIS/old_formal_88/route_status/R3:819c8af7-851f-434f-ab32-318285bc54b1_4_19.json,124b4edb0aad720551a2ce84a63a3b5c3c8c30f6ebb52a388ad3d6ab473c5cce,561,old 300 R1 + frozen 300 R3 source route statuses,absolute_personal_path_redaction_only
${PROJECT_MSC_ROOT}/msc_thesis/main_system/isolated_workspaces/hourvideo_direct_api_eval300_v1/outputs/direct_v1_formal/direct_v1_2_3x16_r1_r3_eval300_formal_v1/route_status/R3:819c8af7-851f-434f-ab32-318285bc54b1_4_2.json,a9f53c27b49aa4261223f05dd313dadf33d9d4ee5e75e7b6154b5d17dd375032,580,artifacts/SUPERSEDED_FOR_THESIS/old_formal_88/route_status/R3:819c8af7-851f-434f-ab32-318285bc54b1_4_2.json,a02a3d9e2075d2c54ad3a105d54839cb3c539f35adc29f24b1ad470161ad5c53,558,old 300 R1 + frozen 300 R3 source route statuses,absolute_personal_path_redaction_only
${PROJECT_MSC_ROOT}/msc_thesis/main_system/isolated_workspaces/hourvideo_direct_api_eval300_v1/outputs/direct_v1_formal/direct_v1_2_3x16_r1_r3_eval300_formal_v1/route_status/R3:819c8af7-851f-434f-ab32-318285bc54b1_4_23.json,6314c347115ac2e94ce8c8e2ae6c34c4fbead98b90b07c5dda0f84c8553afbd2,582,artifacts/SUPERSEDED_FOR_THESIS/old_formal_88/route_status/R3:819c8af7-851f-434f-ab32-318285bc54b1_4_23.json,88ee89077a5420839628f4cba46b041c2de7f07b9fc8cee2ee1d8dea3c3c80ec,560,old 300 R1 + frozen 300 R3 source route statuses,absolute_personal_path_redaction_only
${PROJECT_MSC_ROOT}/msc_thesis/main_system/isolated_workspaces/hourvideo_direct_api_eval300_v1/outputs/direct_v1_formal/direct_v1_2_3x16_r1_r3_eval300_formal_v1/route_status/R3:819c8af7-851f-434f-ab32-318285bc54b1_4_30.json,29a035298967a8541d8d003dea0576821de67374447f7813e63b4384163d1c90,582,artifacts/SUPERSEDED_FOR_THESIS/old_formal_88/route_status/R3:819c8af7-851f-434f-ab32-318285bc54b1_4_30.json,73ccbd278c3b7fdd20e4c0da786138ee677b3317fd1f28dae033ebab218bafd5,560,old 300 R1 + frozen 300 R3 source route statuses,absolute_personal_path_redaction_only
${PROJECT_MSC_ROOT}/msc_thesis/main_system/isolated_workspaces/hourvideo_direct_api_eval300_v1/outputs/direct_v1_formal/direct_v1_2_3x16_r1_r3_eval300_formal_v1/route_status/R3:819c8af7-851f-434f-ab32-318285bc54b1_4_4.json,6f8aef69720e1e440eb22491235efca4f9052fe3eb36f338b5e07d3980d9fb62,580,artifacts/SUPERSEDED_FOR_THESIS/old_formal_88/route_status/R3:819c8af7-851f-434f-ab32-318285bc54b1_4_4.json,d93aa55e2703301cd7dc58e74a45a828aba8e530916e1b6f9968ecf25590f84f,558,old 300 R1 + frozen 300 R3 source route statuses,absolute_personal_path_redaction_only
${PROJECT_MSC_ROOT}/msc_thesis/main_system/isolated_workspaces/hourvideo_direct_api_eval300_v1/outputs/direct_v1_formal/direct_v1_2_3x16_r1_r3_eval300_formal_v1/route_status/R3:819c8af7-851f-434f-ab32-318285bc54b1_5_11.json,257be26e6fff67b081a0e26c5486b207b5242e809d6ee78d6d5b496b46fc5de3,593,artifacts/SUPERSEDED_FOR_THESIS/old_formal_88/route_status/R3:819c8af7-851f-434f-ab32-318285bc54b1_5_11.json,f6c2a62601769836086901835af86b0b86f943ca5af43f6a1e1ef752a70d7495,571,old 300 R1 + frozen 300 R3 source route statuses,absolute_personal_path_redaction_only
${PROJECT_MSC_ROOT}/msc_thesis/main_system/isolated_workspaces/hourvideo_direct_api_eval300_v1/outputs/direct_v1_formal/direct_v1_2_3x16_r1_r3_eval300_formal_v1/route_status/R3:819c8af7-851f-434f-ab32-318285bc54b1_5_25.json,ca8d413b62a1d830ced988dbb7aa007a812568fac08336b87d2da86a3f8076d4,582,artifacts/SUPERSEDED_FOR_THESIS/old_formal_88/route_status/R3:819c8af7-851f-434f-ab32-318285bc54b1_5_25.json,ba8d329728fff20e0c7750af99b40ef89cfa1da990f1ab9cd8adaee692030b42,560,old 300 R1 + frozen 300 R3 source route statuses,absolute_personal_path_redaction_only
${PROJECT_MSC_ROOT}/msc_thesis/main_system/isolated_workspaces/hourvideo_direct_api_eval300_v1/outputs/direct_v1_formal/direct_v1_2_3x16_r1_r3_eval300_formal_v1/route_status/R3:819c8af7-851f-434f-ab32-318285bc54b1_5_28.json,a7d725b204866d0b1dbed688449124b379b55c250a5af51e1220160679c7b288,582,artifacts/SUPERSEDED_FOR_THESIS/old_formal_88/route_status/R3:819c8af7-851f-434f-ab32-318285bc54b1_5_28.json,e86576ed0e71e248bacbadceff7d558ac289853c296188130305982efee1a458,560,old 300 R1 + frozen 300 R3 source route statuses,absolute_personal_path_redaction_only
${PROJECT_MSC_ROOT}/msc_thesis/main_system/isolated_workspaces/hourvideo_direct_api_eval300_v1/outputs/direct_v1_formal/direct_v1_2_3x16_r1_r3_eval300_formal_v1/route_status/R3:819c8af7-851f-434f-ab32-318285bc54b1_7_17.json,abd07049be88fc80badd05e9d7d265f6871943899c4f28db7d06acf5c0a7ce41,593,artifacts/SUPERSEDED_FOR_THESIS/old_formal_88/route_status/R3:819c8af7-851f-434f-ab32-318285bc54b1_7_17.json,ca844b81b319cfda1ca7afc984283ffbd08118d45036ebbf756c9a60365b6eb4,571,old 300 R1 + frozen 300 R3 source route statuses,absolute_personal_path_redaction_only
${PROJECT_MSC_ROOT}/msc_thesis/main_system/isolated_workspaces/hourvideo_direct_api_eval300_v1/outputs/direct_v1_formal/direct_v1_2_3x16_r1_r3_eval300_formal_v1/route_status/R3:819c8af7-851f-434f-ab32-318285bc54b1_7_21.json,d99cec7a9493539e970e0788e40bcbb10b8bdae0f33df544a2d5a10b8d45eeba,583,artifacts/SUPERSEDED_FOR_THESIS/old_formal_88/route_status/R3:819c8af7-851f-434f-ab32-318285bc54b1_7_21.json,98c3aad4d06e185b0a142e9de870792a59f263c6b55c9ad0137ef5e0ac434f8a,561,old 300 R1 + frozen 300 R3 source route statuses,absolute_personal_path_redaction_only
${PROJECT_MSC_ROOT}/msc_thesis/main_system/isolated_workspaces/hourvideo_direct_api_eval300_v1/outputs/direct_v1_formal/direct_v1_2_3x16_r1_r3_eval300_formal_v1/route_status/R3:819c8af7-851f-434f-ab32-318285bc54b1_8_1.json,7b8164b9f7d3881566a7a3dd781957ab5304d5be71984bae1a3b63ddea5bd60d,591,artifacts/SUPERSEDED_FOR_THESIS/old_formal_88/route_status/R3:819c8af7-851f-434f-ab32-318285bc54b1_8_1.json,ec497f32c5f6d439b11cb3d80b17162d66615dff912447f8432422d97c5142b0,569,old 300 R1 + frozen 300 R3 source route statuses,absolute_personal_path_redaction_only
${PROJECT_MSC_ROOT}/msc_thesis/main_system/isolated_workspaces/hourvideo_direct_api_eval300_v1/outputs/direct_v1_formal/direct_v1_2_3x16_r1_r3_eval300_formal_v1/route_status/R3:819c8af7-851f-434f-ab32-318285bc54b1_8_27.json,ea66198a4a4ec27aea1564705001d7ca99cbd9b14c58b3c5a50d2540f52fb5d3,593,artifacts/SUPERSEDED_FOR_THESIS/old_formal_88/route_status/R3:819c8af7-851f-434f-ab32-318285bc54b1_8_27.json,af91dc212489424f82d74a2074224383dbb0070022013896d08b9ef1d277745a,571,old 300 R1 + frozen 300 R3 source route statuses,absolute_personal_path_redaction_only
${PROJECT_MSC_ROOT}/msc_thesis/main_system/isolated_workspaces/hourvideo_direct_api_eval300_v1/outputs/direct_v1_formal/direct_v1_2_3x16_r1_r3_eval300_formal_v1/route_status/R3:a6d45e95-8dc0-4932-83bf-ec53e265a16a_11_14.json,3b7d8d09acc01db43171fa3e806bc051fbeadf82f0766ced40c49110d4491fec,595,artifacts/SUPERSEDED_FOR_THESIS/old_formal_88/route_status/R3:a6d45e95-8dc0-4932-83bf-ec53e265a16a_11_14.json,41f7e7ec6c2a28b8beb3f611686f0b22a6aaca2eb2db15d335b45b5958bf0991,573,old 300 R1 + frozen 300 R3 source route statuses,absolute_personal_path_redaction_only
${PROJECT_MSC_ROOT}/msc_thesis/main_system/isolated_workspaces/hourvideo_direct_api_eval300_v1/outputs/direct_v1_formal/direct_v1_2_3x16_r1_r3_eval300_formal_v1/route_status/R3:a6d45e95-8dc0-4932-83bf-ec53e265a16a_11_15.json,1c6ca996e20078a2fa1a252b00756347e3659726f4f545d48eb735e72c511ac7,678,artifacts/SUPERSEDED_FOR_THESIS/old_formal_88/route_status/R3:a6d45e95-8dc0-4932-83bf-ec53e265a16a_11_15.json,d66626c08c69d2b482690ecdcb6e9ebcbc79c4571f41a5b2cd5e9f088ed4cce1,656,old 300 R1 + frozen 300 R3 source route statuses,absolute_personal_path_redaction_only
${PROJECT_MSC_ROOT}/msc_thesis/main_system/isolated_workspaces/hourvideo_direct_api_eval300_v1/outputs/direct_v1_formal/direct_v1_2_3x16_r1_r3_eval300_formal_v1/route_status/R3:a6d45e95-8dc0-4932-83bf-ec53e265a16a_11_28.json,ada46f4b6e41cd6e74569f532cb99a0cce0617038fc906faee3af0026482d092,595,artifacts/SUPERSEDED_FOR_THESIS/old_formal_88/route_status/R3:a6d45e95-8dc0-4932-83bf-ec53e265a16a_11_28.json,cbf668b61ea39d13f25a7087407ff0b1a35a347177a4cc260ea62cd26c0fbea5,573,old 300 R1 + frozen 300 R3 source route statuses,absolute_personal_path_redaction_only
${PROJECT_MSC_ROOT}/msc_thesis/main_system/isolated_workspaces/hourvideo_direct_api_eval300_v1/outputs/direct_v1_formal/direct_v1_2_3x16_r1_r3_eval300_formal_v1/route_status/R3:a6d45e95-8dc0-4932-83bf-ec53e265a16a_12_4.json,276162418fd8328f1a514d7a4b28169d759f44a201dde8a5efe696b4c397564b,593,artifacts/SUPERSEDED_FOR_THESIS/old_formal_88/route_status/R3:a6d45e95-8dc0-4932-83bf-ec53e265a16a_12_4.json,abba9b9036876e52530c1647cc711b1cfdca253960995edddbcc586dc48c299d,571,old 300 R1 + frozen 300 R3 source route statuses,absolute_personal_path_redaction_only
${PROJECT_MSC_ROOT}/msc_thesis/main_system/isolated_workspaces/hourvideo_direct_api_eval300_v1/outputs/direct_v1_formal/direct_v1_2_3x16_r1_r3_eval300_formal_v1/route_status/R3:a6d45e95-8dc0-4932-83bf-ec53e265a16a_17_10.json,5e321ce39c69dc07c721191200f763ae9ed1a7f65a5b4cae73ed302261e7c888,584,artifacts/SUPERSEDED_FOR_THESIS/old_formal_88/route_status/R3:a6d45e95-8dc0-4932-83bf-ec53e265a16a_17_10.json,9a2924ead4fd53503ad3a1fa8ad6be0eb07454970a6d647e9a26f441575a2051,562,old 300 R1 + frozen 300 R3 source route statuses,absolute_personal_path_redaction_only
${PROJECT_MSC_ROOT}/msc_thesis/main_system/isolated_workspaces/hourvideo_direct_api_eval300_v1/outputs/direct_v1_formal/direct_v1_2_3x16_r1_r3_eval300_formal_v1/route_status/R3:a6d45e95-8dc0-4932-83bf-ec53e265a16a_17_11.json,6c30e204e7b4fc25845d9f85174d20256502b64181322c9dd7af1fd2ef3cc190,595,artifacts/SUPERSEDED_FOR_THESIS/old_formal_88/route_status/R3:a6d45e95-8dc0-4932-83bf-ec53e265a16a_17_11.json,8f6a3d9415352630e9913c1833d34dbc2deca719e99dad496da5f62925602442,573,old 300 R1 + frozen 300 R3 source route statuses,absolute_personal_path_redaction_only
${PROJECT_MSC_ROOT}/msc_thesis/main_system/isolated_workspaces/hourvideo_direct_api_eval300_v1/outputs/direct_v1_formal/direct_v1_2_3x16_r1_r3_eval300_formal_v1/route_status/R3:a6d45e95-8dc0-4932-83bf-ec53e265a16a_17_12.json,7c5e36417c6356b08eef45ea8685ed8f1902b6989fae7dfe5a341dc0fc239e8e,584,artifacts/SUPERSEDED_FOR_THESIS/old_formal_88/route_status/R3:a6d45e95-8dc0-4932-83bf-ec53e265a16a_17_12.json,64de7f12ce5b928a1664b8dc82544de17a1d83eb769c98aadec38bfc8e38132a,562,old 300 R1 + frozen 300 R3 source route statuses,absolute_personal_path_redaction_only
${PROJECT_MSC_ROOT}/msc_thesis/main_system/isolated_workspaces/hourvideo_direct_api_eval300_v1/outputs/direct_v1_formal/direct_v1_2_3x16_r1_r3_eval300_formal_v1/route_status/R3:a6d45e95-8dc0-4932-83bf-ec53e265a16a_17_2.json,8303f3792f4b3315468bbb9345333d455ebff660fd1fc48a490141dee03054bc,582,artifacts/SUPERSEDED_FOR_THESIS/old_formal_88/route_status/R3:a6d45e95-8dc0-4932-83bf-ec53e265a16a_17_2.json,6b8950132606b0952aeff6f562b367475821bb65c78ea6bc6fd6849572149e07,560,old 300 R1 + frozen 300 R3 source route statuses,absolute_personal_path_redaction_only
${PROJECT_MSC_ROOT}/msc_thesis/main_system/isolated_workspaces/hourvideo_direct_api_eval300_v1/outputs/direct_v1_formal/direct_v1_2_3x16_r1_r3_eval300_formal_v1/route_status/R3:a6d45e95-8dc0-4932-83bf-ec53e265a16a_17_21.json,45dede000194eaeef9978b2921901ae3976d87e58d3e4a23d9bbf4526abedf0c,595,artifacts/SUPERSEDED_FOR_THESIS/old_formal_88/route_status/R3:a6d45e95-8dc0-4932-83bf-ec53e265a16a_17_21.json,155547199dcffce876a3643d0a11d139c6294841c1ba5d27ed3c1ff85a9e2ff3,573,old 300 R1 + frozen 300 R3 source route statuses,absolute_personal_path_redaction_only
${PROJECT_MSC_ROOT}/msc_thesis/main_system/isolated_workspaces/hourvideo_direct_api_eval300_v1/outputs/direct_v1_formal/direct_v1_2_3x16_r1_r3_eval300_formal_v1/route_status/R3:a6d45e95-8dc0-4932-83bf-ec53e265a16a_17_25.json,d55f56abb0b545dbb9890084821471231780cf352105f8259ba80e0686d91263,595,artifacts/SUPERSEDED_FOR_THESIS/old_formal_88/route_status/R3:a6d45e95-8dc0-4932-83bf-ec53e265a16a_17_25.json,3a998631d9dcecd4b3bbb23f818c2d2fbc01f8db3ef5dd208c620b9e2e15f8cc,573,old 300 R1 + frozen 300 R3 source route statuses,absolute_personal_path_redaction_only
${PROJECT_MSC_ROOT}/msc_thesis/main_system/isolated_workspaces/hourvideo_direct_api_eval300_v1/outputs/direct_v1_formal/direct_v1_2_3x16_r1_r3_eval300_formal_v1/route_status/R3:a6d45e95-8dc0-4932-83bf-ec53e265a16a_17_3.json,53065d2e83393009c48bbdba44462db91bb1350f89d95cb61b81e8961b715826,583,artifacts/SUPERSEDED_FOR_THESIS/old_formal_88/route_status/R3:a6d45e95-8dc0-4932-83bf-ec53e265a16a_17_3.json,4432e833e679bf19d4e701a27be5a0dea6ffad8c0a920423e390ea8e65bef7ce,561,old 300 R1 + frozen 300 R3 source route statuses,absolute_personal_path_redaction_only
${PROJECT_MSC_ROOT}/msc_thesis/main_system/isolated_workspaces/hourvideo_direct_api_eval300_v1/outputs/direct_v1_formal/direct_v1_2_3x16_r1_r3_eval300_formal_v1/route_status/R3:a6d45e95-8dc0-4932-83bf-ec53e265a16a_18_5.json,ae98a55b3d550f0d98d945c1932c0386aa082afaec3873229e37917a54166b30,582,artifacts/SUPERSEDED_FOR_THESIS/old_formal_88/route_status/R3:a6d45e95-8dc0-4932-83bf-ec53e265a16a_18_5.json,1ff9a52194dfaaa719edb8bb41d064da16a09e0922df65bcb5b3da747c6a28ef,560,old 300 R1 + frozen 300 R3 source route statuses,absolute_personal_path_redaction_only
${PROJECT_MSC_ROOT}/msc_thesis/main_system/isolated_workspaces/hourvideo_direct_api_eval300_v1/outputs/direct_v1_formal/direct_v1_2_3x16_r1_r3_eval300_formal_v1/route_status/R3:a6d45e95-8dc0-4932-83bf-ec53e265a16a_4_23.json,ec1a833a9d39f5678bb58c1ffc3104f5a7b5c0f9d082d16e34e21b5b20f3e01e,593,artifacts/SUPERSEDED_FOR_THESIS/old_formal_88/route_status/R3:a6d45e95-8dc0-4932-83bf-ec53e265a16a_4_23.json,85e5d6570aa63723a073dd0ab2c2ad7fd614ebb24ef146f01b822cb9436f4ce9,571,old 300 R1 + frozen 300 R3 source route statuses,absolute_personal_path_redaction_only
${PROJECT_MSC_ROOT}/msc_thesis/main_system/isolated_workspaces/hourvideo_direct_api_eval300_v1/outputs/direct_v1_formal/direct_v1_2_3x16_r1_r3_eval300_formal_v1/route_status/R3:a6d45e95-8dc0-4932-83bf-ec53e265a16a_4_6.json,14b531abfe9875da5d03ee2285c361197a262b094e2543c44878cf7ca678bf0b,581,artifacts/SUPERSEDED_FOR_THESIS/old_formal_88/route_status/R3:a6d45e95-8dc0-4932-83bf-ec53e265a16a_4_6.json,26b28607d7b4680e783ef4cf6b2654d7996e20de35305233e8d3b31157137eb5,559,old 300 R1 + frozen 300 R3 source route statuses,absolute_personal_path_redaction_only
${PROJECT_MSC_ROOT}/msc_thesis/main_system/isolated_workspaces/hourvideo_direct_api_eval300_v1/outputs/direct_v1_formal/direct_v1_2_3x16_r1_r3_eval300_formal_v1/route_status/R3:a6d45e95-8dc0-4932-83bf-ec53e265a16a_4_9.json,54e9cc433b0ce8255a2a48d249b5c276cecd2c8774208265d96f684c828f8ad2,591,artifacts/SUPERSEDED_FOR_THESIS/old_formal_88/route_status/R3:a6d45e95-8dc0-4932-83bf-ec53e265a16a_4_9.json,bdceb09283f59b027a9d36eb04ae9b2307f46c8f4b48fa4e55091392f986c953,569,old 300 R1 + frozen 300 R3 source route statuses,absolute_personal_path_redaction_only
${PROJECT_MSC_ROOT}/msc_thesis/main_system/isolated_workspaces/hourvideo_direct_api_eval300_v1/outputs/direct_v1_formal/direct_v1_2_3x16_r1_r3_eval300_formal_v1/route_status/R3:a6d45e95-8dc0-4932-83bf-ec53e265a16a_5_26.json,d136da59f8f5c6e99c6994ae652d09621fec1a14bc40a20ce887b4687bd4df58,582,artifacts/SUPERSEDED_FOR_THESIS/old_formal_88/route_status/R3:a6d45e95-8dc0-4932-83bf-ec53e265a16a_5_26.json,6bac579bc706e2fa2f436b6d5c6c7fa2581beeab0891cc28a986e0689c96e7f6,560,old 300 R1 + frozen 300 R3 source route statuses,absolute_personal_path_redaction_only
${PROJECT_MSC_ROOT}/msc_thesis/main_system/isolated_workspaces/hourvideo_direct_api_eval300_v1/outputs/direct_v1_formal/direct_v1_2_3x16_r1_r3_eval300_formal_v1/route_status/R3:a6d45e95-8dc0-4932-83bf-ec53e265a16a_6_24.json,45325718f3bbb4927336aa99f2cda82c3fbf9773892d3bfd5e7ab7ef31787c59,593,artifacts/SUPERSEDED_FOR_THESIS/old_formal_88/route_status/R3:a6d45e95-8dc0-4932-83bf-ec53e265a16a_6_24.json,87ca7d0cd3386b19f599ca68fda35f14c2caf9e7b70daf341c751cbd0b046174,571,old 300 R1 + frozen 300 R3 source route statuses,absolute_personal_path_redaction_only
${PROJECT_MSC_ROOT}/msc_thesis/main_system/isolated_workspaces/hourvideo_direct_api_eval300_v1/outputs/direct_v1_formal/direct_v1_2_3x16_r1_r3_eval300_formal_v1/route_status/R3:a6d45e95-8dc0-4932-83bf-ec53e265a16a_7_16.json,2d3970895c5ff60e11ebfeeea0d1fe739c3cab02c636b27676e89beac489bfc0,583,artifacts/SUPERSEDED_FOR_THESIS/old_formal_88/route_status/R3:a6d45e95-8dc0-4932-83bf-ec53e265a16a_7_16.json,efc799329bcb7d53dbf711da74d125157509adc572cfc948d0d7b90c8bf489a6,561,old 300 R1 + frozen 300 R3 source route statuses,absolute_personal_path_redaction_only
${PROJECT_MSC_ROOT}/msc_thesis/main_system/isolated_workspaces/hourvideo_direct_api_eval300_v1/outputs/direct_v1_formal/direct_v1_2_3x16_r1_r3_eval300_formal_v1/route_status/R3:a6d45e95-8dc0-4932-83bf-ec53e265a16a_7_19.json,8e1a0fb99d4202e30394965f36cff59633e8a66ad273d271e8ee3aa84a08cd7d,583,artifacts/SUPERSEDED_FOR_THESIS/old_formal_88/route_status/R3:a6d45e95-8dc0-4932-83bf-ec53e265a16a_7_19.json,3fc1456aaf40f25f0759bf252d8b65250a839f6da79dfffe57a03cdb89816df6,561,old 300 R1 + frozen 300 R3 source route statuses,absolute_personal_path_redaction_only
${PROJECT_MSC_ROOT}/msc_thesis/main_system/isolated_workspaces/hourvideo_direct_api_eval300_v1/outputs/direct_v1_formal/direct_v1_2_3x16_r1_r3_eval300_formal_v1/route_status/R3:a6d45e95-8dc0-4932-83bf-ec53e265a16a_7_20.json,1d52308d60d6c9aba748b13f37fcfc343dd6485f07a883301f11c08bf80a62bd,582,artifacts/SUPERSEDED_FOR_THESIS/old_formal_88/route_status/R3:a6d45e95-8dc0-4932-83bf-ec53e265a16a_7_20.json,aa508bdc4721f7589f8ae1e5229b81c505b5c43480de3c818865e115f98263b4,560,old 300 R1 + frozen 300 R3 source route statuses,absolute_personal_path_redaction_only
${PROJECT_MSC_ROOT}/msc_thesis/main_system/isolated_workspaces/hourvideo_direct_api_eval300_v1/outputs/direct_v1_formal/direct_v1_2_3x16_r1_r3_eval300_formal_v1/route_status/R3:a6d45e95-8dc0-4932-83bf-ec53e265a16a_7_7.json,9d9b6ac2b0688521e995bacd835d3e004fef9d910a51a1f26a022603073eaa1e,580,artifacts/SUPERSEDED_FOR_THESIS/old_formal_88/route_status/R3:a6d45e95-8dc0-4932-83bf-ec53e265a16a_7_7.json,0f794c77616e83d3976cdcd211021f9ad5a23cc6d4ad218b81276df6a6569c1f,558,old 300 R1 + frozen 300 R3 source route statuses,absolute_personal_path_redaction_only
${PROJECT_MSC_ROOT}/msc_thesis/main_system/isolated_workspaces/hourvideo_direct_api_eval300_v1/outputs/direct_v1_formal/direct_v1_2_3x16_r1_r3_eval300_formal_v1/route_status/R3:a6d45e95-8dc0-4932-83bf-ec53e265a16a_8_1.json,2f1086a08ba6e748362db67b859506738877eaa67a8629b2bd3d12d73e52f791,590,artifacts/SUPERSEDED_FOR_THESIS/old_formal_88/route_status/R3:a6d45e95-8dc0-4932-83bf-ec53e265a16a_8_1.json,c5027b013e1bbe0f1d0a8d576739ed25ac627faf96952945925d129f4e38a3fd,568,old 300 R1 + frozen 300 R3 source route statuses,absolute_personal_path_redaction_only
${PROJECT_MSC_ROOT}/msc_thesis/main_system/isolated_workspaces/hourvideo_direct_api_eval300_v1/outputs/direct_v1_formal/direct_v1_2_3x16_r1_r3_eval300_formal_v1/route_status/R3:a6d45e95-8dc0-4932-83bf-ec53e265a16a_8_18.json,5e368743a3f6ddd1cb052fb44e45096b2a925e4ca74748cab1036d284f43c42a,593,artifacts/SUPERSEDED_FOR_THESIS/old_formal_88/route_status/R3:a6d45e95-8dc0-4932-83bf-ec53e265a16a_8_18.json,f1f84f022521cbfc57944453c0dbf7b1ee52a439ef3aa34e260c9230dc0b6c00,571,old 300 R1 + frozen 300 R3 source route statuses,absolute_personal_path_redaction_only
${PROJECT_MSC_ROOT}/msc_thesis/main_system/isolated_workspaces/hourvideo_direct_api_eval300_v1/outputs/direct_v1_formal/direct_v1_2_3x16_r1_r3_eval300_formal_v1/route_status/R3:a6d45e95-8dc0-4932-83bf-ec53e265a16a_8_22.json,2cc786580889c82fc8d879a9825824f284635de057cab5ed13844a272f6dfe08,582,artifacts/SUPERSEDED_FOR_THESIS/old_formal_88/route_status/R3:a6d45e95-8dc0-4932-83bf-ec53e265a16a_8_22.json,9203bc4a1b22aa73e4defa29a2c80796f7fd5a3489f8cd3dcea8379c77b56977,560,old 300 R1 + frozen 300 R3 source route statuses,absolute_personal_path_redaction_only
${PROJECT_MSC_ROOT}/msc_thesis/main_system/isolated_workspaces/hourvideo_direct_api_eval300_v1/outputs/direct_v1_formal/direct_v1_2_3x16_r1_r3_eval300_formal_v1/route_status/R3:a6d45e95-8dc0-4932-83bf-ec53e265a16a_8_27.json,a24220fa33d63dfe8f03a7020ca33003cd5b0fafea577dba89555f36d4c339f9,593,artifacts/SUPERSEDED_FOR_THESIS/old_formal_88/route_status/R3:a6d45e95-8dc0-4932-83bf-ec53e265a16a_8_27.json,28587a7cde54d2fd9b3ff1cb18df4660f890295f1591338a1316e7ae7320d7b4,571,old 300 R1 + frozen 300 R3 source route statuses,absolute_personal_path_redaction_only
${PROJECT_MSC_ROOT}/msc_thesis/main_system/isolated_workspaces/hourvideo_direct_api_eval300_v1/outputs/direct_v1_formal/direct_v1_2_3x16_r1_r3_eval300_formal_v1/route_status/R3:d3a0899e-2093-454c-9f65-30087883193a_11_17.json,072eea28efc434c6b90eceba80962915d0099fee8ee253d02a7dc37d496889c6,597,artifacts/SUPERSEDED_FOR_THESIS/old_formal_88/route_status/R3:d3a0899e-2093-454c-9f65-30087883193a_11_17.json,6282fadc8b807a194bc4faf11b3f6a35737eab5c1ece5d383bcd4ebc863f0d6a,575,old 300 R1 + frozen 300 R3 source route statuses,absolute_personal_path_redaction_only
${PROJECT_MSC_ROOT}/msc_thesis/main_system/isolated_workspaces/hourvideo_direct_api_eval300_v1/outputs/direct_v1_formal/direct_v1_2_3x16_r1_r3_eval300_formal_v1/route_status/R3:d3a0899e-2093-454c-9f65-30087883193a_12_22.json,b86e2659f4c165ca3071820542df7746ad6966d2e93f5bbc95b3680a254b0f36,595,artifacts/SUPERSEDED_FOR_THESIS/old_formal_88/route_status/R3:d3a0899e-2093-454c-9f65-30087883193a_12_22.json,9cf89210ac6f07a81dde9df534efdf4a6617d886b93205c0d955676e10deebeb,573,old 300 R1 + frozen 300 R3 source route statuses,absolute_personal_path_redaction_only
${PROJECT_MSC_ROOT}/msc_thesis/main_system/isolated_workspaces/hourvideo_direct_api_eval300_v1/outputs/direct_v1_formal/direct_v1_2_3x16_r1_r3_eval300_formal_v1/route_status/R3:d3a0899e-2093-454c-9f65-30087883193a_17_13.json,db46098ce1fda4aee35bad1c724f1ed5435a2c8bf1e0acc420af8b93b69e0770,595,artifacts/SUPERSEDED_FOR_THESIS/old_formal_88/route_status/R3:d3a0899e-2093-454c-9f65-30087883193a_17_13.json,f56fcc0e6e88c9de550a2c5d9b900331d06cc7b7230e6bcbeae37dfa1bb8bc1f,573,old 300 R1 + frozen 300 R3 source route statuses,absolute_personal_path_redaction_only
${PROJECT_MSC_ROOT}/msc_thesis/main_system/isolated_workspaces/hourvideo_direct_api_eval300_v1/outputs/direct_v1_formal/direct_v1_2_3x16_r1_r3_eval300_formal_v1/route_status/R3:d3a0899e-2093-454c-9f65-30087883193a_17_19.json,cf52b37539bef41f0bd3aaabcd59f213ee0f99ef380f11f5f8fdbd54fb857811,584,artifacts/SUPERSEDED_FOR_THESIS/old_formal_88/route_status/R3:d3a0899e-2093-454c-9f65-30087883193a_17_19.json,7a572cf3584fe58ce6608351ae352908d9678125d975ad35599d4fc880d78f7f,562,old 300 R1 + frozen 300 R3 source route statuses,absolute_personal_path_redaction_only
${PROJECT_MSC_ROOT}/msc_thesis/main_system/isolated_workspaces/hourvideo_direct_api_eval300_v1/outputs/direct_v1_formal/direct_v1_2_3x16_r1_r3_eval300_formal_v1/route_status/R3:d3a0899e-2093-454c-9f65-30087883193a_17_2.json,dd64d82a93859cbc82f295cd3b8dd616fc7dbf6d7f640308ab4f6ae08c054cb8,582,artifacts/SUPERSEDED_FOR_THESIS/old_formal_88/route_status/R3:d3a0899e-2093-454c-9f65-30087883193a_17_2.json,de5c5c515fafa8e3d93c6d40541ae22d1d0841e5268935fd8dffa08974c03d66,560,old 300 R1 + frozen 300 R3 source route statuses,absolute_personal_path_redaction_only
${PROJECT_MSC_ROOT}/msc_thesis/main_system/isolated_workspaces/hourvideo_direct_api_eval300_v1/outputs/direct_v1_formal/direct_v1_2_3x16_r1_r3_eval300_formal_v1/route_status/R3:d3a0899e-2093-454c-9f65-30087883193a_17_20.json,9f81691a1e1a7486c6f9a48e7073b55d6ae333b5f1748fce01d70e57b6409729,595,artifacts/SUPERSEDED_FOR_THESIS/old_formal_88/route_status/R3:d3a0899e-2093-454c-9f65-30087883193a_17_20.json,087176c49988dc6a0e5eecd0df35101dbb5275c5dd9605853a3674c080ed261b,573,old 300 R1 + frozen 300 R3 source route statuses,absolute_personal_path_redaction_only
${PROJECT_MSC_ROOT}/msc_thesis/main_system/isolated_workspaces/hourvideo_direct_api_eval300_v1/outputs/direct_v1_formal/direct_v1_2_3x16_r1_r3_eval300_formal_v1/route_status/R3:d3a0899e-2093-454c-9f65-30087883193a_17_28.json,02db52ae0241d57f90ec36e8b686542e8708aa04dac6e9040651803c5449ebeb,586,artifacts/SUPERSEDED_FOR_THESIS/old_formal_88/route_status/R3:d3a0899e-2093-454c-9f65-30087883193a_17_28.json,a3e369212812dc6ae51aeeda087b476fb66e80b42e0313692efe6b81b8501fa8,564,old 300 R1 + frozen 300 R3 source route statuses,absolute_personal_path_redaction_only
${PROJECT_MSC_ROOT}/msc_thesis/main_system/isolated_workspaces/hourvideo_direct_api_eval300_v1/outputs/direct_v1_formal/direct_v1_2_3x16_r1_r3_eval300_formal_v1/route_status/R3:d3a0899e-2093-454c-9f65-30087883193a_17_35.json,139b2c93efd19c921527e6a3ce2a6ac93209bd15454094abdb65eb48cb4ac14b,584,artifacts/SUPERSEDED_FOR_THESIS/old_formal_88/route_status/R3:d3a0899e-2093-454c-9f65-30087883193a_17_35.json,42cd69ad3101d71f9925c8f844fe76a6956421bb0a2d6326679c5d12bd5a97cf,562,old 300 R1 + frozen 300 R3 source route statuses,absolute_personal_path_redaction_only
${PROJECT_MSC_ROOT}/msc_thesis/main_system/isolated_workspaces/hourvideo_direct_api_eval300_v1/outputs/direct_v1_formal/direct_v1_2_3x16_r1_r3_eval300_formal_v1/route_status/R3:d3a0899e-2093-454c-9f65-30087883193a_17_8.json,b233473c42744563448eaace9f9267a5ec2b40c259a5aac4b8bc8d3b7541aadd,582,artifacts/SUPERSEDED_FOR_THESIS/old_formal_88/route_status/R3:d3a0899e-2093-454c-9f65-30087883193a_17_8.json,a64558961a2e3fe3de6637183fd283fd2e2ccb0d2f1f9aed432d70bc53e5fd76,560,old 300 R1 + frozen 300 R3 source route statuses,absolute_personal_path_redaction_only
${PROJECT_MSC_ROOT}/msc_thesis/main_system/isolated_workspaces/hourvideo_direct_api_eval300_v1/outputs/direct_v1_formal/direct_v1_2_3x16_r1_r3_eval300_formal_v1/route_status/R3:d3a0899e-2093-454c-9f65-30087883193a_1_1.json,aa56097f28257c82b9c61cbf897c9963db9dd84c547f7ffe8bb6a68e25dbb3e9,580,artifacts/SUPERSEDED_FOR_THESIS/old_formal_88/route_status/R3:d3a0899e-2093-454c-9f65-30087883193a_1_1.json,1413e50ec961e315932b6337aeb864b8777984efbbebb88197c00a4f2c1002d2,558,old 300 R1 + frozen 300 R3 source route statuses,absolute_personal_path_redaction_only
${PROJECT_MSC_ROOT}/msc_thesis/main_system/isolated_workspaces/hourvideo_direct_api_eval300_v1/outputs/direct_v1_formal/direct_v1_2_3x16_r1_r3_eval300_formal_v1/route_status/R3:d3a0899e-2093-454c-9f65-30087883193a_22_14.json,ffc892334404332bc2a6d2dbbe0f34d72715bd47b042073099f1d1f5bb6b556b,595,artifacts/SUPERSEDED_FOR_THESIS/old_formal_88/route_status/R3:d3a0899e-2093-454c-9f65-30087883193a_22_14.json,5327ecd29bf172bcbabe141f400c10b19d9c600f8c32189534b0693b184a41c6,573,old 300 R1 + frozen 300 R3 source route statuses,absolute_personal_path_redaction_only
${PROJECT_MSC_ROOT}/msc_thesis/main_system/isolated_workspaces/hourvideo_direct_api_eval300_v1/outputs/direct_v1_formal/direct_v1_2_3x16_r1_r3_eval300_formal_v1/route_status/R3:d3a0899e-2093-454c-9f65-30087883193a_22_32.json,29e82a5706c6745ed73e5dbe139202a74e518f818d0369f36c058a8405b86e52,595,artifacts/SUPERSEDED_FOR_THESIS/old_formal_88/route_status/R3:d3a0899e-2093-454c-9f65-30087883193a_22_32.json,1d0e54b073a4f788c8a5b5487e8b67b4f9c8475505f3b7692f50e2330def51ce,573,old 300 R1 + frozen 300 R3 source route statuses,absolute_personal_path_redaction_only
${PROJECT_MSC_ROOT}/msc_thesis/main_system/isolated_workspaces/hourvideo_direct_api_eval300_v1/outputs/direct_v1_formal/direct_v1_2_3x16_r1_r3_eval300_formal_v1/route_status/R3:d3a0899e-2093-454c-9f65-30087883193a_2_1.json,ce51c568e1dbeb4ffcbb9dbc9d3f586f030f8cbf92bcc6d18ab8f69c4178fb3a,591,artifacts/SUPERSEDED_FOR_THESIS/old_formal_88/route_status/R3:d3a0899e-2093-454c-9f65-30087883193a_2_1.json,bc3f315c50ec7bd9fe215e5fd26a36254d1d2f92f29433da252977fb813f1042,569,old 300 R1 + frozen 300 R3 source route statuses,absolute_personal_path_redaction_only
${PROJECT_MSC_ROOT}/msc_thesis/main_system/isolated_workspaces/hourvideo_direct_api_eval300_v1/outputs/direct_v1_formal/direct_v1_2_3x16_r1_r3_eval300_formal_v1/route_status/R3:d3a0899e-2093-454c-9f65-30087883193a_4_10.json,d7bfa4fda62c7d2d5cae285db3f50fac8de038c428bc2a67b3cbe8034367ecd9,593,artifacts/SUPERSEDED_FOR_THESIS/old_formal_88/route_status/R3:d3a0899e-2093-454c-9f65-30087883193a_4_10.json,76a3a268691f90b75aed2483b58cc9ffa313da585a9bd0aab2c5202f723d12ef,571,old 300 R1 + frozen 300 R3 source route statuses,absolute_personal_path_redaction_only
${PROJECT_MSC_ROOT}/msc_thesis/main_system/isolated_workspaces/hourvideo_direct_api_eval300_v1/outputs/direct_v1_formal/direct_v1_2_3x16_r1_r3_eval300_formal_v1/route_status/R3:d3a0899e-2093-454c-9f65-30087883193a_4_33.json,e7481d23b47ebbebbcd65fd06a0e04d6ceabd2a184a766b56d5e79efef9f1909,582,artifacts/SUPERSEDED_FOR_THESIS/old_formal_88/route_status/R3:d3a0899e-2093-454c-9f65-30087883193a_4_33.json,83d9b0e659d961ee75543788d921d7efb3f28b707a3bc86196428909e85bf35b,560,old 300 R1 + frozen 300 R3 source route statuses,absolute_personal_path_redaction_only
${PROJECT_MSC_ROOT}/msc_thesis/main_system/isolated_workspaces/hourvideo_direct_api_eval300_v1/outputs/direct_v1_formal/direct_v1_2_3x16_r1_r3_eval300_formal_v1/route_status/R3:d3a0899e-2093-454c-9f65-30087883193a_4_7.json,a39fb48c405d617e16c82a2beee5265290c4f9f0bca5375eb5f23dfaf294ad7f,592,artifacts/SUPERSEDED_FOR_THESIS/old_formal_88/route_status/R3:d3a0899e-2093-454c-9f65-30087883193a_4_7.json,c54d49ed2f550fcfcc6d905fa25803d2c65499a8bf4441ab626454b8f5d3212d,570,old 300 R1 + frozen 300 R3 source route statuses,absolute_personal_path_redaction_only
${PROJECT_MSC_ROOT}/msc_thesis/main_system/isolated_workspaces/hourvideo_direct_api_eval300_v1/outputs/direct_v1_formal/direct_v1_2_3x16_r1_r3_eval300_formal_v1/route_status/R3:d3a0899e-2093-454c-9f65-30087883193a_5_24.json,12ead477fdf8e250468237369b9231592df551ff69f505ce0cc5a7bf1af80ff6,593,artifacts/SUPERSEDED_FOR_THESIS/old_formal_88/route_status/R3:d3a0899e-2093-454c-9f65-30087883193a_5_24.json,ff08d57cc12d75c80fa4fc2db5b0da5736ebb310b052af2ea164fedb081e3e8e,571,old 300 R1 + frozen 300 R3 source route statuses,absolute_personal_path_redaction_only
${PROJECT_MSC_ROOT}/msc_thesis/main_system/isolated_workspaces/hourvideo_direct_api_eval300_v1/outputs/direct_v1_formal/direct_v1_2_3x16_r1_r3_eval300_formal_v1/route_status/R3:d3a0899e-2093-454c-9f65-30087883193a_7_11.json,ac794848a6ea1cb928782a73e27f0c7dae3da84a655a906d49f2987eaf5d2eb3,582,artifacts/SUPERSEDED_FOR_THESIS/old_formal_88/route_status/R3:d3a0899e-2093-454c-9f65-30087883193a_7_11.json,1e82a14109b6dddf2e3e78a9ce6a6ea0d0697cae9ebf6255dbc3260aac8dbe60,560,old 300 R1 + frozen 300 R3 source route statuses,absolute_personal_path_redaction_only
${PROJECT_MSC_ROOT}/msc_thesis/main_system/isolated_workspaces/hourvideo_direct_api_eval300_v1/outputs/direct_v1_formal/direct_v1_2_3x16_r1_r3_eval300_formal_v1/route_status/R3:d3a0899e-2093-454c-9f65-30087883193a_7_26.json,c701848db497c4eb4f429a0d5c59434586ab2f5d53aa2b41babf39334cf0b684,582,artifacts/SUPERSEDED_FOR_THESIS/old_formal_88/route_status/R3:d3a0899e-2093-454c-9f65-30087883193a_7_26.json,90d31f77c792ea3e76722b92d98453d945f9f87f7f291bbad6921c512b32dce3,560,old 300 R1 + frozen 300 R3 source route statuses,absolute_personal_path_redaction_only
${PROJECT_MSC_ROOT}/msc_thesis/main_system/isolated_workspaces/hourvideo_direct_api_eval300_v1/outputs/direct_v1_formal/direct_v1_2_3x16_r1_r3_eval300_formal_v1/route_status/R3:d3a0899e-2093-454c-9f65-30087883193a_7_29.json,2ab76121885d305958e06f0b8959c2aae33e87d1ca3fbb88e8f793bd455bf401,582,artifacts/SUPERSEDED_FOR_THESIS/old_formal_88/route_status/R3:d3a0899e-2093-454c-9f65-30087883193a_7_29.json,c77b20a98679ba200563d78a7983db55afe6488a12f4c00afd614c597e8af2eb,560,old 300 R1 + frozen 300 R3 source route statuses,absolute_personal_path_redaction_only
${PROJECT_MSC_ROOT}/msc_thesis/main_system/isolated_workspaces/hourvideo_direct_api_eval300_v1/outputs/direct_v1_formal/direct_v1_2_3x16_r1_r3_eval300_formal_v1/route_status/R3:d3a0899e-2093-454c-9f65-30087883193a_7_9.json,c3f2b903431b90ff4d7edebcba2010d03862ee8853234a1cf119e47b97fa72bb,580,artifacts/SUPERSEDED_FOR_THESIS/old_formal_88/route_status/R3:d3a0899e-2093-454c-9f65-30087883193a_7_9.json,9ba18e0b6d0d64376fa8ab56f398a1ac3716709847536a73e2a56d8754ca2d61,558,old 300 R1 + frozen 300 R3 source route statuses,absolute_personal_path_redaction_only
${PROJECT_MSC_ROOT}/msc_thesis/main_system/isolated_workspaces/hourvideo_direct_api_eval300_v1/outputs/direct_v1_formal/direct_v1_2_3x16_r1_r3_eval300_formal_v1/route_status/R3:d3a0899e-2093-454c-9f65-30087883193a_8_16.json,321b67316cf1f63116ad1ea116f95d75ec7772e596cf113fed84a99eac4c4319,582,artifacts/SUPERSEDED_FOR_THESIS/old_formal_88/route_status/R3:d3a0899e-2093-454c-9f65-30087883193a_8_16.json,57b9dbbb048b962d0ef0ea6e14d77bfe9745f1faecbc6419c946ce74461618db,560,old 300 R1 + frozen 300 R3 source route statuses,absolute_personal_path_redaction_only
${PROJECT_MSC_ROOT}/msc_thesis/main_system/isolated_workspaces/hourvideo_direct_api_eval300_v1/outputs/direct_v1_formal/direct_v1_2_3x16_r1_r3_eval300_formal_v1/route_status/R3:d3a0899e-2093-454c-9f65-30087883193a_8_21.json,febf2b365c1d92e69199ca5b910f975ef8772cb628ec9c5a6e3202187a0f4bc0,582,artifacts/SUPERSEDED_FOR_THESIS/old_formal_88/route_status/R3:d3a0899e-2093-454c-9f65-30087883193a_8_21.json,a957083233fb2214f0f2fb05ac5773589d773c02fc4a4dc878ff0ce0f8264c21,560,old 300 R1 + frozen 300 R3 source route statuses,absolute_personal_path_redaction_only
${PROJECT_MSC_ROOT}/msc_thesis/main_system/isolated_workspaces/hourvideo_direct_api_eval300_v1/outputs/direct_v1_formal/direct_v1_2_3x16_r1_r3_eval300_formal_v1/route_status/R3:d3a0899e-2093-454c-9f65-30087883193a_8_3.json,9be29d1465061fcf82e1c71aa987b36883de0e2a71f0f3b9adff2bd3136c1f7f,591,artifacts/SUPERSEDED_FOR_THESIS/old_formal_88/route_status/R3:d3a0899e-2093-454c-9f65-30087883193a_8_3.json,341a6ef38aedeb79f7ed3106f0e5d4f95aa1fc4c7d8f97fb76dfad4f9332b28d,569,old 300 R1 + frozen 300 R3 source route statuses,absolute_personal_path_redaction_only
${PROJECT_MSC_ROOT}/msc_thesis/main_system/isolated_workspaces/hourvideo_direct_api_eval300_v1/outputs/direct_v1_formal/direct_v1_2_3x16_r1_r3_eval300_formal_v1/route_status/R3:d3a0899e-2093-454c-9f65-30087883193a_8_36.json,c3e70c7a6c0cb117efa8f628f3d6fed3528949b812fe6254d0b0d4f0e9cae6dc,593,artifacts/SUPERSEDED_FOR_THESIS/old_formal_88/route_status/R3:d3a0899e-2093-454c-9f65-30087883193a_8_36.json,372b0a1632c6cf4e044b1516fd88d2c8bae8c6061247ee2ea8775a37658217da,571,old 300 R1 + frozen 300 R3 source route statuses,absolute_personal_path_redaction_only
${PROJECT_MSC_ROOT}/msc_thesis/main_system/isolated_workspaces/hourvideo_direct_api_eval300_v1/outputs/direct_v1_formal/direct_v1_2_3x16_r1_r3_eval300_formal_v1/route_status/R3:db3f7933-dfa0-4678-9d4f-393b628ded45_11_2.json,1479947b07cf9ab2759fb868288f6d079d7866bf38602bce4b8329a7066bdaa2,582,artifacts/SUPERSEDED_FOR_THESIS/old_formal_88/route_status/R3:db3f7933-dfa0-4678-9d4f-393b628ded45_11_2.json,c6d99836174d5c5c10c67e2d10b8af529f34dfb64d0bf50ce3567f2d37709f02,560,old 300 R1 + frozen 300 R3 source route statuses,absolute_personal_path_redaction_only
${PROJECT_MSC_ROOT}/msc_thesis/main_system/isolated_workspaces/hourvideo_direct_api_eval300_v1/outputs/direct_v1_formal/direct_v1_2_3x16_r1_r3_eval300_formal_v1/route_status/R3:db3f7933-dfa0-4678-9d4f-393b628ded45_12_15.json,96592cdea50c7e8e848a9570db64368273251f8ae626d9e95c82eee651de6bde,595,artifacts/SUPERSEDED_FOR_THESIS/old_formal_88/route_status/R3:db3f7933-dfa0-4678-9d4f-393b628ded45_12_15.json,18b2983635b564a50ee408a7aa5d12af894bf0ed7343344aaacb29348d94b0e9,573,old 300 R1 + frozen 300 R3 source route statuses,absolute_personal_path_redaction_only
${PROJECT_MSC_ROOT}/msc_thesis/main_system/isolated_workspaces/hourvideo_direct_api_eval300_v1/outputs/direct_v1_formal/direct_v1_2_3x16_r1_r3_eval300_formal_v1/route_status/R3:db3f7933-dfa0-4678-9d4f-393b628ded45_17_1.json,e243a2402e0db5f1689b1bbbb0a6a538c41353e4bc738c187052b4456ce7f05b,594,artifacts/SUPERSEDED_FOR_THESIS/old_formal_88/route_status/R3:db3f7933-dfa0-4678-9d4f-393b628ded45_17_1.json,9230e05e46e3985ddf7c7eb07a7cbd446e0b257fb203fe30852c4e7ad43ddcfd,572,old 300 R1 + frozen 300 R3 source route statuses,absolute_personal_path_redaction_only
${PROJECT_MSC_ROOT}/msc_thesis/main_system/isolated_workspaces/hourvideo_direct_api_eval300_v1/outputs/direct_v1_formal/direct_v1_2_3x16_r1_r3_eval300_formal_v1/route_status/R3:db3f7933-dfa0-4678-9d4f-393b628ded45_17_11.json,03cd58a32f8dd5546f488eb79ec3d9c9bb7a9556823dbfc935ff205fc9abaa4f,595,artifacts/SUPERSEDED_FOR_THESIS/old_formal_88/route_status/R3:db3f7933-dfa0-4678-9d4f-393b628ded45_17_11.json,f1fb2304cee5ac94d9a524b65cd93d5227ddadf378c2d359b237f2d703700f02,573,old 300 R1 + frozen 300 R3 source route statuses,absolute_personal_path_redaction_only
${PROJECT_MSC_ROOT}/msc_thesis/main_system/isolated_workspaces/hourvideo_direct_api_eval300_v1/outputs/direct_v1_formal/direct_v1_2_3x16_r1_r3_eval300_formal_v1/route_status/R3:db3f7933-dfa0-4678-9d4f-393b628ded45_17_13.json,75dae8900ff2b94f6acc41f5b5f7520ae734589fa4b28cd6ba44d6c85d04290a,595,artifacts/SUPERSEDED_FOR_THESIS/old_formal_88/route_status/R3:db3f7933-dfa0-4678-9d4f-393b628ded45_17_13.json,59723c238dc1bd0f0c2d50c314a401f84fa9fbe759d8b1f72313252addfb63df,573,old 300 R1 + frozen 300 R3 source route statuses,absolute_personal_path_redaction_only
${PROJECT_MSC_ROOT}/msc_thesis/main_system/isolated_workspaces/hourvideo_direct_api_eval300_v1/outputs/direct_v1_formal/direct_v1_2_3x16_r1_r3_eval300_formal_v1/route_status/R3:db3f7933-dfa0-4678-9d4f-393b628ded45_17_29.json,69021eec35890a5ada6b9b8163ef502e1a13f04237e993bcf8f9d045bc728f23,596,artifacts/SUPERSEDED_FOR_THESIS/old_formal_88/route_status/R3:db3f7933-dfa0-4678-9d4f-393b628ded45_17_29.json,02353fd0258df4b38ae5a8b6be72c395bd059bed91f3fcbe70961bea57b5b9bb,574,old 300 R1 + frozen 300 R3 source route statuses,absolute_personal_path_redaction_only
${PROJECT_MSC_ROOT}/msc_thesis/main_system/isolated_workspaces/hourvideo_direct_api_eval300_v1/outputs/direct_v1_formal/direct_v1_2_3x16_r1_r3_eval300_formal_v1/route_status/R3:db3f7933-dfa0-4678-9d4f-393b628ded45_20_1.json,1ec8efa803aa52f7d72c0e6202ea9185b3b9b0b67c40ff5cea4357f2fac99f34,583,artifacts/SUPERSEDED_FOR_THESIS/old_formal_88/route_status/R3:db3f7933-dfa0-4678-9d4f-393b628ded45_20_1.json,bcc12052941912b500ad8d461a7e049cd4b57141c77c44076d98b957de54bf88,561,old 300 R1 + frozen 300 R3 source route statuses,absolute_personal_path_redaction_only
${PROJECT_MSC_ROOT}/msc_thesis/main_system/isolated_workspaces/hourvideo_direct_api_eval300_v1/outputs/direct_v1_formal/direct_v1_2_3x16_r1_r3_eval300_formal_v1/route_status/R3:db3f7933-dfa0-4678-9d4f-393b628ded45_21_27.json,ec2a9745c6c665e78092c6fd0005fd4068159d7ba209c3fc58f2a5f1eebd8b62,585,artifacts/SUPERSEDED_FOR_THESIS/old_formal_88/route_status/R3:db3f7933-dfa0-4678-9d4f-393b628ded45_21_27.json,6af64b5a9c37976f8c50d050f795c21a41cd38ac2d6edaa01058a31384344c78,563,old 300 R1 + frozen 300 R3 source route statuses,absolute_personal_path_redaction_only
${PROJECT_MSC_ROOT}/msc_thesis/main_system/isolated_workspaces/hourvideo_direct_api_eval300_v1/outputs/direct_v1_formal/direct_v1_2_3x16_r1_r3_eval300_formal_v1/route_status/R3:db3f7933-dfa0-4678-9d4f-393b628ded45_22_12.json,92d64892be3af49ca37ae749619e1d33226cc86555e735b0911681b375b0b9e0,595,artifacts/SUPERSEDED_FOR_THESIS/old_formal_88/route_status/R3:db3f7933-dfa0-4678-9d4f-393b628ded45_22_12.json,e2814f5c2772e76a2611283219aea464e76b2dc4afa5fdac513bed6f102a08a8,573,old 300 R1 + frozen 300 R3 source route statuses,absolute_personal_path_redaction_only
${PROJECT_MSC_ROOT}/msc_thesis/main_system/isolated_workspaces/hourvideo_direct_api_eval300_v1/outputs/direct_v1_formal/direct_v1_2_3x16_r1_r3_eval300_formal_v1/route_status/R3:db3f7933-dfa0-4678-9d4f-393b628ded45_22_24.json,c0caee6e09c6ff75cf08452aeb21e6f3e46cbdb7fb174845c9359e1563e6a174,596,artifacts/SUPERSEDED_FOR_THESIS/old_formal_88/route_status/R3:db3f7933-dfa0-4678-9d4f-393b628ded45_22_24.json,2a273035cd34deaa75727f071b045cb2e33039f1582b6b769b9814e529a51346,574,old 300 R1 + frozen 300 R3 source route statuses,absolute_personal_path_redaction_only
${PROJECT_MSC_ROOT}/msc_thesis/main_system/isolated_workspaces/hourvideo_direct_api_eval300_v1/outputs/direct_v1_formal/direct_v1_2_3x16_r1_r3_eval300_formal_v1/route_status/R3:db3f7933-dfa0-4678-9d4f-393b628ded45_22_5.json,007b60538faf5cfa54636f7464cf55e63fa7a9b3f3e33be07f8a03a011c4ba60,593,artifacts/SUPERSEDED_FOR_THESIS/old_formal_88/route_status/R3:db3f7933-dfa0-4678-9d4f-393b628ded45_22_5.json,019f06e06202c146cecad698e7870d09b0b46eb50685a89d89abf19c6939caf9,571,old 300 R1 + frozen 300 R3 source route statuses,absolute_personal_path_redaction_only
${PROJECT_MSC_ROOT}/msc_thesis/main_system/isolated_workspaces/hourvideo_direct_api_eval300_v1/outputs/direct_v1_formal/direct_v1_2_3x16_r1_r3_eval300_formal_v1/route_status/R3:db3f7933-dfa0-4678-9d4f-393b628ded45_2_1.json,ad7d3b653ba0aad93aaa7db5fc8d35c97274e1a92c0d028511a546291b06fb62,591,artifacts/SUPERSEDED_FOR_THESIS/old_formal_88/route_status/R3:db3f7933-dfa0-4678-9d4f-393b628ded45_2_1.json,0868551c65d5634fcd1464975f0413824d6bdc00ed4412e781528036a687b941,569,old 300 R1 + frozen 300 R3 source route statuses,absolute_personal_path_redaction_only
${PROJECT_MSC_ROOT}/msc_thesis/main_system/isolated_workspaces/hourvideo_direct_api_eval300_v1/outputs/direct_v1_formal/direct_v1_2_3x16_r1_r3_eval300_formal_v1/route_status/R3:db3f7933-dfa0-4678-9d4f-393b628ded45_4_22.json,606f849356a52098ebd8e0b60998235381be2a8d7465086376fd527173e8ce23,582,artifacts/SUPERSEDED_FOR_THESIS/old_formal_88/route_status/R3:db3f7933-dfa0-4678-9d4f-393b628ded45_4_22.json,a00378a9c2eb1d126a1e0b583ce439961592d1d4291689085f3d9aef770f3dab,560,old 300 R1 + frozen 300 R3 source route statuses,absolute_personal_path_redaction_only
${PROJECT_MSC_ROOT}/msc_thesis/main_system/isolated_workspaces/hourvideo_direct_api_eval300_v1/outputs/direct_v1_formal/direct_v1_2_3x16_r1_r3_eval300_formal_v1/route_status/R3:db3f7933-dfa0-4678-9d4f-393b628ded45_6_17.json,72432ad9daf452e8abad914776122bbc9be464bef887dc47f8e75a27d7898a4d,594,artifacts/SUPERSEDED_FOR_THESIS/old_formal_88/route_status/R3:db3f7933-dfa0-4678-9d4f-393b628ded45_6_17.json,02a60f9ffe255e9ecfa8cca89c415cdc1d5aa6d47c42816cbe80fb47b92c0136,572,old 300 R1 + frozen 300 R3 source route statuses,absolute_personal_path_redaction_only
${PROJECT_MSC_ROOT}/msc_thesis/main_system/isolated_workspaces/hourvideo_direct_api_eval300_v1/outputs/direct_v1_formal/direct_v1_2_3x16_r1_r3_eval300_formal_v1/route_status/R3:db3f7933-dfa0-4678-9d4f-393b628ded45_6_25.json,1ee8cbfaeb91302488955849ea17f447bebbd385ab6e8305f28427b2482dd75b,594,artifacts/SUPERSEDED_FOR_THESIS/old_formal_88/route_status/R3:db3f7933-dfa0-4678-9d4f-393b628ded45_6_25.json,e7efa50b131d8ad80972b4dc36757bf00f05f74c622b442f193a08a1f7325811,572,old 300 R1 + frozen 300 R3 source route statuses,absolute_personal_path_redaction_only
${PROJECT_MSC_ROOT}/msc_thesis/main_system/isolated_workspaces/hourvideo_direct_api_eval300_v1/outputs/direct_v1_formal/direct_v1_2_3x16_r1_r3_eval300_formal_v1/route_status/R3:db3f7933-dfa0-4678-9d4f-393b628ded45_6_7.json,85a797de6d7176bc00f2b3d89c5aff02adb34b0aca476c06e66b479fabb99d7b,581,artifacts/SUPERSEDED_FOR_THESIS/old_formal_88/route_status/R3:db3f7933-dfa0-4678-9d4f-393b628ded45_6_7.json,27ca9e20a72cfae60d9a6fa36d395a25bbf8a1e2587bb91f6b44b6e75fac0b29,559,old 300 R1 + frozen 300 R3 source route statuses,absolute_personal_path_redaction_only
${PROJECT_MSC_ROOT}/msc_thesis/main_system/isolated_workspaces/hourvideo_direct_api_eval300_v1/outputs/direct_v1_formal/direct_v1_2_3x16_r1_r3_eval300_formal_v1/route_status/R3:db3f7933-dfa0-4678-9d4f-393b628ded45_7_10.json,d9382c828d744ac3a2647f5adf0dffc2fc70496ecfe4dc01f508cd499632b89d,582,artifacts/SUPERSEDED_FOR_THESIS/old_formal_88/route_status/R3:db3f7933-dfa0-4678-9d4f-393b628ded45_7_10.json,e95dd7790a36c006882b14b2c25bfd40e2a1f69acc9d84cea9b000334d374daf,560,old 300 R1 + frozen 300 R3 source route statuses,absolute_personal_path_redaction_only
${PROJECT_MSC_ROOT}/msc_thesis/main_system/isolated_workspaces/hourvideo_direct_api_eval300_v1/outputs/direct_v1_formal/direct_v1_2_3x16_r1_r3_eval300_formal_v1/route_status/R3:db3f7933-dfa0-4678-9d4f-393b628ded45_7_14.json,6581a605a14501ace58a591c1f323e07f07752156cbde508c807060d2d23e28e,584,artifacts/SUPERSEDED_FOR_THESIS/old_formal_88/route_status/R3:db3f7933-dfa0-4678-9d4f-393b628ded45_7_14.json,5ddeb868ebe8af3b013b2256466a7d9942a488af0457e099cf682dfb0c6ab957,562,old 300 R1 + frozen 300 R3 source route statuses,absolute_personal_path_redaction_only
${PROJECT_MSC_ROOT}/msc_thesis/main_system/isolated_workspaces/hourvideo_direct_api_eval300_v1/outputs/direct_v1_formal/direct_v1_2_3x16_r1_r3_eval300_formal_v1/route_status/R3:db3f7933-dfa0-4678-9d4f-393b628ded45_7_19.json,046c406cd34d746e669a83394b5a6b8e16f18f5132c5ab3d8510375e4fcb74c5,583,artifacts/SUPERSEDED_FOR_THESIS/old_formal_88/route_status/R3:db3f7933-dfa0-4678-9d4f-393b628ded45_7_19.json,eb9194a89ec752274ecd20506ef6299515bf565fe820df903a8b81bb7fadf781,561,old 300 R1 + frozen 300 R3 source route statuses,absolute_personal_path_redaction_only
${PROJECT_MSC_ROOT}/msc_thesis/main_system/isolated_workspaces/hourvideo_direct_api_eval300_v1/outputs/direct_v1_formal/direct_v1_2_3x16_r1_r3_eval300_formal_v1/route_status/R3:db3f7933-dfa0-4678-9d4f-393b628ded45_7_21.json,3197cf1206db5688ec4dda034cb6c9ea635582786b20bca6433aa34e9cfec611,583,artifacts/SUPERSEDED_FOR_THESIS/old_formal_88/route_status/R3:db3f7933-dfa0-4678-9d4f-393b628ded45_7_21.json,2446b5262cc2684ba1a60f3007b3be553f47bf24dcc87ab6ab7e1e5a7bc269b9,561,old 300 R1 + frozen 300 R3 source route statuses,absolute_personal_path_redaction_only
${PROJECT_MSC_ROOT}/msc_thesis/main_system/isolated_workspaces/hourvideo_direct_api_eval300_v1/outputs/direct_v1_formal/direct_v1_2_3x16_r1_r3_eval300_formal_v1/route_status/R3:db3f7933-dfa0-4678-9d4f-393b628ded45_7_23.json,49c22228a4d98b98b50f6794a099838ce84236be10e4f961d85307277bd3d317,583,artifacts/SUPERSEDED_FOR_THESIS/old_formal_88/route_status/R3:db3f7933-dfa0-4678-9d4f-393b628ded45_7_23.json,4c86eb9e997db83a92014d7ac5df656c28fc3ae24dee29dbb82f6d416821921b,561,old 300 R1 + frozen 300 R3 source route statuses,absolute_personal_path_redaction_only
${PROJECT_MSC_ROOT}/msc_thesis/main_system/isolated_workspaces/hourvideo_direct_api_eval300_v1/outputs/direct_v1_formal/direct_v1_2_3x16_r1_r3_eval300_formal_v1/route_status/R3:db3f7933-dfa0-4678-9d4f-393b628ded45_7_28.json,e9e3347a3dc255ef663779846b437c50f76f1340506b4cab2c40748ab06aee32,582,artifacts/SUPERSEDED_FOR_THESIS/old_formal_88/route_status/R3:db3f7933-dfa0-4678-9d4f-393b628ded45_7_28.json,98ed80a39a58ddc7a48d3c97547ed51dadfd02287731598394f5c718dcb9f1b9,560,old 300 R1 + frozen 300 R3 source route statuses,absolute_personal_path_redaction_only
${PROJECT_MSC_ROOT}/msc_thesis/main_system/isolated_workspaces/hourvideo_direct_api_eval300_v1/outputs/direct_v1_formal/direct_v1_2_3x16_r1_r3_eval300_formal_v1/route_status/R3:db3f7933-dfa0-4678-9d4f-393b628ded45_7_6.json,bb630dfda77cabfb9df464f0edc13cee171dbda1c76fbb970f775d7faa3c9487,591,artifacts/SUPERSEDED_FOR_THESIS/old_formal_88/route_status/R3:db3f7933-dfa0-4678-9d4f-393b628ded45_7_6.json,926632c3a539c3493c9035ab22e2665818fe1c5919b4fb00c5ad682c525d3dd5,569,old 300 R1 + frozen 300 R3 source route statuses,absolute_personal_path_redaction_only
${PROJECT_MSC_ROOT}/msc_thesis/main_system/isolated_workspaces/hourvideo_direct_api_eval300_v1/outputs/direct_v1_formal/direct_v1_2_3x16_r1_r3_eval300_formal_v1/route_status/R3:db3f7933-dfa0-4678-9d4f-393b628ded45_7_8.json,7e69b57fce07e5f8030fbd150d3483a80a1eca8712aae87fbfbc2c94ff146d2a,584,artifacts/SUPERSEDED_FOR_THESIS/old_formal_88/route_status/R3:db3f7933-dfa0-4678-9d4f-393b628ded45_7_8.json,e7b01fbc2a7394a63ec4286f8e0c28cc3ed4ce592f835035898c6f9cc7233f90,562,old 300 R1 + frozen 300 R3 source route statuses,absolute_personal_path_redaction_only
${PROJECT_MSC_ROOT}/msc_thesis/main_system/isolated_workspaces/hourvideo_direct_api_eval300_v1/outputs/direct_v1_formal/direct_v1_2_3x16_r1_r3_eval300_formal_v1/route_status/R3:db3f7933-dfa0-4678-9d4f-393b628ded45_8_4.json,84169a490296853bed1e41ce46647de92c71284b1f0c473ad7cb81cc7ddd9d6e,591,artifacts/SUPERSEDED_FOR_THESIS/old_formal_88/route_status/R3:db3f7933-dfa0-4678-9d4f-393b628ded45_8_4.json,c9e635cbceed699818df0b267887a39b216e997fcb349c12a8687fe817ddfd5c,569,old 300 R1 + frozen 300 R3 source route statuses,absolute_personal_path_redaction_only
${PROJECT_MSC_ROOT}/direct_r1_visual_only_correction_v13_unified_recovery/config/correction_control.json,e255694dbfa140197795a942254c1d85de1ac1d69f173a6afcf4dd87a1f64339,1841,artifacts/config/correction_control.json,617bf20052832807e73a72d90b4daca3a734791395afbaf6e58823e7586a158e,1797,final visual-only correction config,absolute_personal_path_redaction_only
${PROJECT_MSC_ROOT}/direct_r1_visual_only_correction_v13_unified_recovery/FINAL_AUDIT_SHA256.txt,b4587f99b5acc08f7e74a21944da831891a65e599932237e88f18c1bb4806071,2513,artifacts/final/FINAL_AUDIT_SHA256.txt,b4587f99b5acc08f7e74a21944da831891a65e599932237e88f18c1bb4806071,2513,final checksum/audit chain,byte_for_byte
${PROJECT_MSC_ROOT}/direct_r1_visual_only_correction_v13_unified_recovery/R1_DIRECT_VISUAL_ONLY_RECOVERED_EVAL300_FINAL_REPORT.md,6aaada06175b6945063ef90c3ddd47c134fc31317b9cb8b488d3cdb0b10818e6,7108,artifacts/final/R1_DIRECT_VISUAL_ONLY_RECOVERED_EVAL300_FINAL_REPORT.md,5f0bbca176689d6b427eb1141af4badf79c609f367a7ae98bc6ad56e448fcc07,7086,final thesis-authoritative report,absolute_personal_path_redaction_only
${PROJECT_MSC_ROOT}/direct_r1_visual_only_correction_v13_unified_recovery/outputs/r1_visual_only_recovered_eval300_v1/accuracy_summary.csv,b860e5d90a87ff49ed162b98adc108c4b6ff1c9c68f294cff0b06a3349e1c3cd,262,artifacts/final_outputs/accuracy_summary.csv,b860e5d90a87ff49ed162b98adc108c4b6ff1c9c68f294cff0b06a3349e1c3cd,262,THESIS-AUTHORITATIVE recovered Eval300 outputs,byte_for_byte
${PROJECT_MSC_ROOT}/direct_r1_visual_only_correction_v13_unified_recovery/outputs/r1_visual_only_recovered_eval300_v1/accuracy_summary.json,af7304b6d12ec0db0c53c48df7d584a05834c7ccefdf616f253c457c5039082c,4274,artifacts/final_outputs/accuracy_summary.json,13b805d05620f78ef48af1f5b0c1789d59e64aae36e9f7594fb8993efd835be0,4208,THESIS-AUTHORITATIVE recovered Eval300 outputs,absolute_personal_path_redaction_only
${PROJECT_MSC_ROOT}/direct_r1_visual_only_correction_v13_unified_recovery/outputs/r1_visual_only_recovered_eval300_v1/merged_results_no_gold.json,57425a522b4bd0bde9de077d96c19149fa1965c1d04913bbb97fc96b82dd1da0,443670,artifacts/final_outputs/merged_results_no_gold.json,7603426206290161f18a41e743cfbed8c81127ac9acb58c7338acf8202d4bc18,430470,THESIS-AUTHORITATIVE recovered Eval300 outputs,absolute_personal_path_redaction_only
${PROJECT_MSC_ROOT}/direct_r1_visual_only_correction_v13_unified_recovery/outputs/r1_visual_only_recovered_eval300_v1/scored_results_with_gold.json,17550fb4f0bd244fd49c220728a6bf668402b31ead56979eaf23bd5d6fca2cd1,489524,artifacts/final_outputs/scored_results_with_gold.json,938c0e0e9042f2f8eb699b7c8a417656bda580e97b54f757c99c73b7a9a167e2,476258,THESIS-AUTHORITATIVE recovered Eval300 outputs,absolute_personal_path_redaction_only
${PROJECT_MSC_ROOT}/direct_r1_visual_only_correction_v13_unified_recovery/outputs/r1_visual_only_recovered_eval300_v1/structural_summary.json,321cdb731a9516f8c5cc65c221abf71ead00ad68e60bbe0a9204400ccb1c8f34,767,artifacts/final_outputs/structural_summary.json,321cdb731a9516f8c5cc65c221abf71ead00ad68e60bbe0a9204400ccb1c8f34,767,THESIS-AUTHORITATIVE recovered Eval300 outputs,byte_for_byte
${PROJECT_MSC_ROOT}/direct_r1_visual_only_correction_v13_unified_recovery/runs/direct_r1_visual_only_correction_v10_unified_recovery_remaining_96/budget_ledger.json,f0262ba7afee3a950b1ba13e0707889f53ae237899a17d80e565342e34927920,1036458,artifacts/formal_segments/direct_r1_visual_only_correction_v10_unified_recovery_remaining_96/budget_ledger.json,b9150b7357608421dfe03371c4dbe0b0970cbfb40e27cc4c1b0389361b11ff73,1004470,"v8-v13 formal/recovery manifest, lock, ledger, execution record",absolute_personal_path_redaction_only
${PROJECT_MSC_ROOT}/direct_r1_visual_only_correction_v13_unified_recovery/runs/direct_r1_visual_only_correction_v10_unified_recovery_remaining_96/execution_history.jsonl,4663be241f30b266dacd6c18abad340df08d2480ee55fe5525afdff0d3e29b5f,484,artifacts/formal_segments/direct_r1_visual_only_correction_v10_unified_recovery_remaining_96/execution_history.jsonl,4663be241f30b266dacd6c18abad340df08d2480ee55fe5525afdff0d3e29b5f,484,"v8-v13 formal/recovery manifest, lock, ledger, execution record",byte_for_byte
${PROJECT_MSC_ROOT}/direct_r1_visual_only_correction_v13_unified_recovery/runs/direct_r1_visual_only_correction_v10_unified_recovery_remaining_96/last_execution.json,08a89b3c02092ed37e6b8ea6c97c2543c03858c4041b4de0231bdc4966891b7f,549,artifacts/formal_segments/direct_r1_visual_only_correction_v10_unified_recovery_remaining_96/last_execution.json,08a89b3c02092ed37e6b8ea6c97c2543c03858c4041b4de0231bdc4966891b7f,549,"v8-v13 formal/recovery manifest, lock, ledger, execution record",byte_for_byte
${PROJECT_MSC_ROOT}/direct_r1_visual_only_correction_v13_unified_recovery/runs/direct_r1_visual_only_correction_v10_unified_recovery_remaining_96/recovery_console.log,08a89b3c02092ed37e6b8ea6c97c2543c03858c4041b4de0231bdc4966891b7f,549,artifacts/formal_segments/direct_r1_visual_only_correction_v10_unified_recovery_remaining_96/recovery_console.log,08a89b3c02092ed37e6b8ea6c97c2543c03858c4041b4de0231bdc4966891b7f,549,"v8-v13 formal/recovery manifest, lock, ledger, execution record",byte_for_byte
${PROJECT_MSC_ROOT}/direct_r1_visual_only_correction_v13_unified_recovery/runs/direct_r1_visual_only_correction_v10_unified_recovery_remaining_96/recovery_launch_lock_v10.json,595ad3e42d32424ae5ac7466dc1972a89844e1b80905b3510d330704f3044087,617,artifacts/formal_segments/direct_r1_visual_only_correction_v10_unified_recovery_remaining_96/recovery_launch_lock_v10.json,595ad3e42d32424ae5ac7466dc1972a89844e1b80905b3510d330704f3044087,617,"v8-v13 formal/recovery manifest, lock, ledger, execution record",byte_for_byte
${PROJECT_MSC_ROOT}/direct_r1_visual_only_correction_v13_unified_recovery/runs/direct_r1_visual_only_correction_v10_unified_recovery_remaining_96/recovery_manifest_v10.json,082aaa0f2a78e6c3071a82255c230ad570b8e8ad03a5683068b1d64e058ab03a,189641,artifacts/formal_segments/direct_r1_visual_only_correction_v10_unified_recovery_remaining_96/recovery_manifest_v10.json,2d8c3aee7427aae485d1e47707f793581f39f1a9f235d5b1f05d96302d6503dc,182381,"v8-v13 formal/recovery manifest, lock, ledger, execution record",absolute_personal_path_redaction_only
${PROJECT_MSC_ROOT}/direct_r1_visual_only_correction_v13_unified_recovery/runs/direct_r1_visual_only_correction_v10_unified_recovery_remaining_96/route_artifacts/R1VO10:7ddbf8a2-5b3e-44cd-b9dc-db17ec06831b_11_14.json,79345920f3f862c2c07e81f123332638662bc9f4897e17d6189e93e6eab99f5b,29094,artifacts/formal_segments/direct_r1_visual_only_correction_v10_unified_recovery_remaining_96/route_artifacts/R1VO10:7ddbf8a2-5b3e-44cd-b9dc-db17ec06831b_11_14.json,55135ce6bc708324f50a0d5e4a764aebabd101303ba7ce8bc4c62953131bd887,28786,175 rerun route artifact/status or failure diagnostic,absolute_personal_path_redaction_only
${PROJECT_MSC_ROOT}/direct_r1_visual_only_correction_v13_unified_recovery/runs/direct_r1_visual_only_correction_v10_unified_recovery_remaining_96/route_artifacts/R1VO10:7ddbf8a2-5b3e-44cd-b9dc-db17ec06831b_11_17.json,538d63d7267cc7d5fc82e6b02ffa53f0f7e1b373b42afe954e997d1c4b5e8f0f,32429,artifacts/formal_segments/direct_r1_visual_only_correction_v10_unified_recovery_remaining_96/route_artifacts/R1VO10:7ddbf8a2-5b3e-44cd-b9dc-db17ec06831b_11_17.json,8376f6f13514fc02e7793706fb8edc5751156c77061704fdb1c965aae0bbc236,32077,175 rerun route artifact/status or failure diagnostic,absolute_personal_path_redaction_only
${PROJECT_MSC_ROOT}/direct_r1_visual_only_correction_v13_unified_recovery/runs/direct_r1_visual_only_correction_v10_unified_recovery_remaining_96/route_artifacts/R1VO10:7ddbf8a2-5b3e-44cd-b9dc-db17ec06831b_17_15.json,d36df99e230b13780b472f970fe87a71144109bc9e9f8a59d7239d57d2a11375,32047,artifacts/formal_segments/direct_r1_visual_only_correction_v10_unified_recovery_remaining_96/route_artifacts/R1VO10:7ddbf8a2-5b3e-44cd-b9dc-db17ec06831b_17_15.json,4f6fa3f57f11df3512925a7bb10a4a3c40d11fee656b83ed22480d0217bbe677,31717,175 rerun route artifact/status or failure diagnostic,absolute_personal_path_redaction_only
${PROJECT_MSC_ROOT}/direct_r1_visual_only_correction_v13_unified_recovery/runs/direct_r1_visual_only_correction_v10_unified_recovery_remaining_96/route_artifacts/R1VO10:7ddbf8a2-5b3e-44cd-b9dc-db17ec06831b_17_6.json,cc092cdd13e8ee94c5bc7e6648dfb707e679914a8fd509f1dca6daf5a0788c1f,39024,artifacts/formal_segments/direct_r1_visual_only_correction_v10_unified_recovery_remaining_96/route_artifacts/R1VO10:7ddbf8a2-5b3e-44cd-b9dc-db17ec06831b_17_6.json,b28eafec24e0f29e0829c506db8a84b951688e97e225b8163311663e2298406b,38584,175 rerun route artifact/status or failure diagnostic,absolute_personal_path_redaction_only
${PROJECT_MSC_ROOT}/direct_r1_visual_only_correction_v13_unified_recovery/runs/direct_r1_visual_only_correction_v10_unified_recovery_remaining_96/route_artifacts/R1VO10:7ddbf8a2-5b3e-44cd-b9dc-db17ec06831b_22_23.json,672cd6e2287f11967945f03e0790d2a1a5b8b8d04f0e0912216ab428cea57804,32528,artifacts/formal_segments/direct_r1_visual_only_correction_v10_unified_recovery_remaining_96/route_artifacts/R1VO10:7ddbf8a2-5b3e-44cd-b9dc-db17ec06831b_22_23.json,50c9bb2fc5ab3ff1d153d679bc98bcacc907cd48b01f39ca71c3bb513ec76cc4,32176,175 rerun route artifact/status or failure diagnostic,absolute_personal_path_redaction_only
${PROJECT_MSC_ROOT}/direct_r1_visual_only_correction_v13_unified_recovery/runs/direct_r1_visual_only_correction_v10_unified_recovery_remaining_96/route_artifacts/R1VO10:7ddbf8a2-5b3e-44cd-b9dc-db17ec06831b_22_3.json,5375174706c1f1a9eb9e3a1dd114b338410705026a37a60aa3c6474bebbc6b2d,22861,artifacts/formal_segments/direct_r1_visual_only_correction_v10_unified_recovery_remaining_96/route_artifacts/R1VO10:7ddbf8a2-5b3e-44cd-b9dc-db17ec06831b_22_3.json,8fc84ba10adc1f6b96035794d9c9e7f3732277a85f520e1ba566ce56e12501ea,22663,175 rerun route artifact/status or failure diagnostic,absolute_personal_path_redaction_only
${PROJECT_MSC_ROOT}/direct_r1_visual_only_correction_v13_unified_recovery/runs/direct_r1_visual_only_correction_v10_unified_recovery_remaining_96/route_artifacts/R1VO10:7ddbf8a2-5b3e-44cd-b9dc-db17ec06831b_4_19.json,2ee83e87ec233cbf1e0bceef774ea338cc4399994a28efa297821f0d0e3f348c,33357,artifacts/formal_segments/direct_r1_visual_only_correction_v10_unified_recovery_remaining_96/route_artifacts/R1VO10:7ddbf8a2-5b3e-44cd-b9dc-db17ec06831b_4_19.json,0a7ae828548172ca7322a2cfcfdcd3ef8596e39b555e853029602340a54ae32b,33005,175 rerun route artifact/status or failure diagnostic,absolute_personal_path_redaction_only
${PROJECT_MSC_ROOT}/direct_r1_visual_only_correction_v13_unified_recovery/runs/direct_r1_visual_only_correction_v10_unified_recovery_remaining_96/route_artifacts/R1VO10:7ddbf8a2-5b3e-44cd-b9dc-db17ec06831b_4_2.json,e5ed372bd7cdc145c287be8154a28b1753df89db135e2c7b512f68c7edf20e5f,19189,artifacts/formal_segments/direct_r1_visual_only_correction_v10_unified_recovery_remaining_96/route_artifacts/R1VO10:7ddbf8a2-5b3e-44cd-b9dc-db17ec06831b_4_2.json,27aeb1bf03c7ee7384ce373ccc401c072ed4992a013abd6b8f4dc0f6ea080fb0,18991,175 rerun route artifact/status or failure diagnostic,absolute_personal_path_redaction_only
${PROJECT_MSC_ROOT}/direct_r1_visual_only_correction_v13_unified_recovery/runs/direct_r1_visual_only_correction_v10_unified_recovery_remaining_96/route_artifacts/R1VO10:7ddbf8a2-5b3e-44cd-b9dc-db17ec06831b_4_24.json,c2e3e3129ea98b6f5ce813c62e4737419577fec6a0590ff75396b3b9c96d1c71,24440,artifacts/formal_segments/direct_r1_visual_only_correction_v10_unified_recovery_remaining_96/route_artifacts/R1VO10:7ddbf8a2-5b3e-44cd-b9dc-db17ec06831b_4_24.json,b538a083ae2d018161c0198019d51a4f52dcb633cf7d571939cd28fa09312597,24176,175 rerun route artifact/status or failure diagnostic,absolute_personal_path_redaction_only
${PROJECT_MSC_ROOT}/direct_r1_visual_only_correction_v13_unified_recovery/runs/direct_r1_visual_only_correction_v10_unified_recovery_remaining_96/route_artifacts/R1VO10:7ddbf8a2-5b3e-44cd-b9dc-db17ec06831b_4_9.json,a6a1e43fa60f67fb41d29fdff70d29211c97a9e414275b1e2d70f6924248094f,28875,artifacts/formal_segments/direct_r1_visual_only_correction_v10_unified_recovery_remaining_96/route_artifacts/R1VO10:7ddbf8a2-5b3e-44cd-b9dc-db17ec06831b_4_9.json,e910aa75baa037e6dede3b5984a03965f1c51767b629b357673e309fbd95fb2d,28545,175 rerun route artifact/status or failure diagnostic,absolute_personal_path_redaction_only
${PROJECT_MSC_ROOT}/direct_r1_visual_only_correction_v13_unified_recovery/runs/direct_r1_visual_only_correction_v10_unified_recovery_remaining_96/route_artifacts/R1VO10:7ddbf8a2-5b3e-44cd-b9dc-db17ec06831b_5_1.json,fe7b71ce1c0c900abea5f443f6bb2a0f255d37c52f08ffac2fe712cde73a371d,32487,artifacts/formal_segments/direct_r1_visual_only_correction_v10_unified_recovery_remaining_96/route_artifacts/R1VO10:7ddbf8a2-5b3e-44cd-b9dc-db17ec06831b_5_1.json,8eed590e4c81ce6aa3ef2bf448cdcd045754af5130eb3be0393ac6725a645505,32135,175 rerun route artifact/status or failure diagnostic,absolute_personal_path_redaction_only
${PROJECT_MSC_ROOT}/direct_r1_visual_only_correction_v13_unified_recovery/runs/direct_r1_visual_only_correction_v10_unified_recovery_remaining_96/route_artifacts/R1VO10:7ddbf8a2-5b3e-44cd-b9dc-db17ec06831b_5_22.json,33941a952d38762faeeb9217315a702daacd8ea655c1eadb7df3a8b3b2eea8e8,32808,artifacts/formal_segments/direct_r1_visual_only_correction_v10_unified_recovery_remaining_96/route_artifacts/R1VO10:7ddbf8a2-5b3e-44cd-b9dc-db17ec06831b_5_22.json,bb72039ed161a3443eb16f589611126cfbd343480652a282319fa7bfa42392e8,32456,175 rerun route artifact/status or failure diagnostic,absolute_personal_path_redaction_only
${PROJECT_MSC_ROOT}/direct_r1_visual_only_correction_v13_unified_recovery/runs/direct_r1_visual_only_correction_v10_unified_recovery_remaining_96/route_artifacts/R1VO10:7ddbf8a2-5b3e-44cd-b9dc-db17ec06831b_6_7.json,15f865f552ef3a3fc90e896ce64b003693c25a5be152c3f922991f8b42c75667,32082,artifacts/formal_segments/direct_r1_visual_only_correction_v10_unified_recovery_remaining_96/route_artifacts/R1VO10:7ddbf8a2-5b3e-44cd-b9dc-db17ec06831b_6_7.json,4c5cc12cdd7114359ec3919df43022123e89fb9edb87031ea181d744837359e1,31730,175 rerun route artifact/status or failure diagnostic,absolute_personal_path_redaction_only
${PROJECT_MSC_ROOT}/direct_r1_visual_only_correction_v13_unified_recovery/runs/direct_r1_visual_only_correction_v10_unified_recovery_remaining_96/route_artifacts/R1VO10:7ddbf8a2-5b3e-44cd-b9dc-db17ec06831b_6_8.json,b5c0732127f803d4875a0c78ee1115eaa100b4ac888803dbe16f2ccbbc686f50,32216,artifacts/formal_segments/direct_r1_visual_only_correction_v10_unified_recovery_remaining_96/route_artifacts/R1VO10:7ddbf8a2-5b3e-44cd-b9dc-db17ec06831b_6_8.json,79171f0c77bc5df38c9e9eaacd2ac4776eb07652bf2eaec9c7fe5605294381e4,31864,175 rerun route artifact/status or failure diagnostic,absolute_personal_path_redaction_only
${PROJECT_MSC_ROOT}/direct_r1_visual_only_correction_v13_unified_recovery/runs/direct_r1_visual_only_correction_v10_unified_recovery_remaining_96/route_artifacts/R1VO10:7ddbf8a2-5b3e-44cd-b9dc-db17ec06831b_7_11.json,bd104092c25f5f4586492f5d8a3b4f164bd418338a98b0bb5158da2925acf7e0,19346,artifacts/formal_segments/direct_r1_visual_only_correction_v10_unified_recovery_remaining_96/route_artifacts/R1VO10:7ddbf8a2-5b3e-44cd-b9dc-db17ec06831b_7_11.json,e834916ecb7d73bf25380b85cc8c8b8b9325d96d3a828a13a74016591d25d647,19148,175 rerun route artifact/status or failure diagnostic,absolute_personal_path_redaction_only
${PROJECT_MSC_ROOT}/direct_r1_visual_only_correction_v13_unified_recovery/runs/direct_r1_visual_only_correction_v10_unified_recovery_remaining_96/route_artifacts/R1VO10:7ddbf8a2-5b3e-44cd-b9dc-db17ec06831b_7_16.json,ae83a99cb693f3a9d8e1e641634af80d01759033218ee915e4472f05995f9a7a,29490,artifacts/formal_segments/direct_r1_visual_only_correction_v10_unified_recovery_remaining_96/route_artifacts/R1VO10:7ddbf8a2-5b3e-44cd-b9dc-db17ec06831b_7_16.json,c8167086224105dc3563ef2e4a16678432947a5aa79ccc7fc3d1e6f4d3eda405,29160,175 rerun route artifact/status or failure diagnostic,absolute_personal_path_redaction_only
${PROJECT_MSC_ROOT}/direct_r1_visual_only_correction_v13_unified_recovery/runs/direct_r1_visual_only_correction_v10_unified_recovery_remaining_96/route_artifacts/R1VO10:7ddbf8a2-5b3e-44cd-b9dc-db17ec06831b_7_21.json,6b272ce7c7fc557baae2cfdce99b6981631fd28934585329de112d70bd116130,32759,artifacts/formal_segments/direct_r1_visual_only_correction_v10_unified_recovery_remaining_96/route_artifacts/R1VO10:7ddbf8a2-5b3e-44cd-b9dc-db17ec06831b_7_21.json,2e6ef51676f5534c02d0ced506631c13dcee05760b8d805872534d5723847381,32407,175 rerun route artifact/status or failure diagnostic,absolute_personal_path_redaction_only
${PROJECT_MSC_ROOT}/direct_r1_visual_only_correction_v13_unified_recovery/runs/direct_r1_visual_only_correction_v10_unified_recovery_remaining_96/route_artifacts/R1VO10:7ddbf8a2-5b3e-44cd-b9dc-db17ec06831b_7_4.json,5cf50af451fa865eeacbb25ecf00433040ba5a580d8dd2457bd0ac112ada8efb,29332,artifacts/formal_segments/direct_r1_visual_only_correction_v10_unified_recovery_remaining_96/route_artifacts/R1VO10:7ddbf8a2-5b3e-44cd-b9dc-db17ec06831b_7_4.json,267469d8b4284f77c7256fe5fedd70d5bb1681b2bd43b71e4f37cf088e12407c,29002,175 rerun route artifact/status or failure diagnostic,absolute_personal_path_redaction_only
${PROJECT_MSC_ROOT}/direct_r1_visual_only_correction_v13_unified_recovery/runs/direct_r1_visual_only_correction_v10_unified_recovery_remaining_96/route_artifacts/R1VO10:7ddbf8a2-5b3e-44cd-b9dc-db17ec06831b_7_5.json,d87b857caeb375fd7258b63de29570a692456ee77f4a07b0c6996334d97b996e,32761,artifacts/formal_segments/direct_r1_visual_only_correction_v10_unified_recovery_remaining_96/route_artifacts/R1VO10:7ddbf8a2-5b3e-44cd-b9dc-db17ec06831b_7_5.json,d9b8dad4e774a27004d861e13445c5915d1cccc3d3adbb77150b6f60d8f779a8,32409,175 rerun route artifact/status or failure diagnostic,absolute_personal_path_redaction_only
${PROJECT_MSC_ROOT}/direct_r1_visual_only_correction_v13_unified_recovery/runs/direct_r1_visual_only_correction_v10_unified_recovery_remaining_96/route_artifacts/R1VO10:7ddbf8a2-5b3e-44cd-b9dc-db17ec06831b_8_13.json,b8db389f4b0b131fc421f55d9bec7325ad64736a7643e31e706563cf11547f31,33631,artifacts/formal_segments/direct_r1_visual_only_correction_v10_unified_recovery_remaining_96/route_artifacts/R1VO10:7ddbf8a2-5b3e-44cd-b9dc-db17ec06831b_8_13.json,c8950c5f6abc5bc3ce11b22e54b6bc6b07de014c9c550cd4959976db179f653e,33279,175 rerun route artifact/status or failure diagnostic,absolute_personal_path_redaction_only
${PROJECT_MSC_ROOT}/direct_r1_visual_only_correction_v13_unified_recovery/runs/direct_r1_visual_only_correction_v10_unified_recovery_remaining_96/route_artifacts/R1VO10:7ddbf8a2-5b3e-44cd-b9dc-db17ec06831b_8_18.json,2e148e21102e5ee0a8c085f2ce9bd84d5856ebcc7bc63f4bd0b148aed031cb22,33357,artifacts/formal_segments/direct_r1_visual_only_correction_v10_unified_recovery_remaining_96/route_artifacts/R1VO10:7ddbf8a2-5b3e-44cd-b9dc-db17ec06831b_8_18.json,ed64e4eeba849f32957cd8bc785e26a5e242371fde047dba31850c4aada0c0b2,33005,175 rerun route artifact/status or failure diagnostic,absolute_personal_path_redaction_only
${PROJECT_MSC_ROOT}/direct_r1_visual_only_correction_v13_unified_recovery/runs/direct_r1_visual_only_correction_v10_unified_recovery_remaining_96/route_artifacts/R1VO10:7ddbf8a2-5b3e-44cd-b9dc-db17ec06831b_8_20.json,7153150353e721627cf59904d3c025677d400a057d762033188deeb954c26008,33346,artifacts/formal_segments/direct_r1_visual_only_correction_v10_unified_recovery_remaining_96/route_artifacts/R1VO10:7ddbf8a2-5b3e-44cd-b9dc-db17ec06831b_8_20.json,fc9c2ebfd5e25f172a4d9e705906a812cf137e1d2181f7f496773f67fb676fba,32994,175 rerun route artifact/status or failure diagnostic,absolute_personal_path_redaction_only
${PROJECT_MSC_ROOT}/direct_r1_visual_only_correction_v13_unified_recovery/runs/direct_r1_visual_only_correction_v10_unified_recovery_remaining_96/route_artifacts/R1VO10:7ddbf8a2-5b3e-44cd-b9dc-db17ec06831b_8_25.json,d8ff9c7515ba2a638264312e0b9c95219ea5fdf905c9a081396b64963b717056,18878,artifacts/formal_segments/direct_r1_visual_only_correction_v10_unified_recovery_remaining_96/route_artifacts/R1VO10:7ddbf8a2-5b3e-44cd-b9dc-db17ec06831b_8_25.json,3ac1615ad12e5bf84bfdc346874f203417820e613ab3a2b6b979b467e780006f,18680,175 rerun route artifact/status or failure diagnostic,absolute_personal_path_redaction_only
${PROJECT_MSC_ROOT}/direct_r1_visual_only_correction_v13_unified_recovery/runs/direct_r1_visual_only_correction_v10_unified_recovery_remaining_96/route_artifacts/R1VO10:db3f7933-dfa0-4678-9d4f-393b628ded45_11_2.json,9e32889196bce9d01e9e4fdba66890b61b124d7c24de4e035831ff19c4f8f5e2,23605,artifacts/formal_segments/direct_r1_visual_only_correction_v10_unified_recovery_remaining_96/route_artifacts/R1VO10:db3f7933-dfa0-4678-9d4f-393b628ded45_11_2.json,5c58f767f4b1096f5d2bc4b3496af4021f2ed36341a221694bf1efce3c3f9b8e,23341,175 rerun route artifact/status or failure diagnostic,absolute_personal_path_redaction_only
${PROJECT_MSC_ROOT}/direct_r1_visual_only_correction_v13_unified_recovery/runs/direct_r1_visual_only_correction_v10_unified_recovery_remaining_96/route_artifacts/R1VO10:db3f7933-dfa0-4678-9d4f-393b628ded45_12_15.json,7930842f4673f5b92019d8b9003decc125d2cb0ef12e318b713b9b72583d39f1,28904,artifacts/formal_segments/direct_r1_visual_only_correction_v10_unified_recovery_remaining_96/route_artifacts/R1VO10:db3f7933-dfa0-4678-9d4f-393b628ded45_12_15.json,6f34472c3bbba7b33c68991b22af69013ab07cc85155ced56a795f31b92a35bd,28574,175 rerun route artifact/status or failure diagnostic,absolute_personal_path_redaction_only
${PROJECT_MSC_ROOT}/direct_r1_visual_only_correction_v13_unified_recovery/runs/direct_r1_visual_only_correction_v10_unified_recovery_remaining_96/route_artifacts/R1VO10:db3f7933-dfa0-4678-9d4f-393b628ded45_17_1.json,09887e2f78d379cf2a1824a6c4e1494fcbf971b081d5cb5bcfa63c5c5f13aff8,27914,artifacts/formal_segments/direct_r1_visual_only_correction_v10_unified_recovery_remaining_96/route_artifacts/R1VO10:db3f7933-dfa0-4678-9d4f-393b628ded45_17_1.json,bc8d749a300bd9a5343c563e8a472c862f985205189f938be8abcb544ff1ac40,27716,175 rerun route artifact/status or failure diagnostic,absolute_personal_path_redaction_only
${PROJECT_MSC_ROOT}/direct_r1_visual_only_correction_v13_unified_recovery/runs/direct_r1_visual_only_correction_v10_unified_recovery_remaining_96/route_artifacts/R1VO10:db3f7933-dfa0-4678-9d4f-393b628ded45_17_11.json,69c60658952b25c7a2f7a42721a7a04c0f8c0d31918b7c54779dbb91d70e12ac,33197,artifacts/formal_segments/direct_r1_visual_only_correction_v10_unified_recovery_remaining_96/route_artifacts/R1VO10:db3f7933-dfa0-4678-9d4f-393b628ded45_17_11.json,d34041723a345fb3fe8e4df399f01df71a468f42f3bf91b13cd1225584670c2c,32867,175 rerun route artifact/status or failure diagnostic,absolute_personal_path_redaction_only
${PROJECT_MSC_ROOT}/direct_r1_visual_only_correction_v13_unified_recovery/runs/direct_r1_visual_only_correction_v10_unified_recovery_remaining_96/route_artifacts/R1VO10:db3f7933-dfa0-4678-9d4f-393b628ded45_17_13.json,5ea5cb194f25aa49c9c015ccecc377a09d829e4b916a4a053c9154c0ef512773,13463,artifacts/formal_segments/direct_r1_visual_only_correction_v10_unified_recovery_remaining_96/route_artifacts/R1VO10:db3f7933-dfa0-4678-9d4f-393b628ded45_17_13.json,5c042e61a91d7624766009b250e138fa70788e25c5fa5aff0f021210bf355aa4,13331,175 rerun route artifact/status or failure diagnostic,absolute_personal_path_redaction_only
${PROJECT_MSC_ROOT}/direct_r1_visual_only_correction_v13_unified_recovery/runs/direct_r1_visual_only_correction_v10_unified_recovery_remaining_96/route_artifacts/R1VO10:db3f7933-dfa0-4678-9d4f-393b628ded45_17_29.json,1d6a340b1dc96e132092e4ec8a3ef0f5028b811ddbe7751aec6a3f7f25650c24,32183,artifacts/formal_segments/direct_r1_visual_only_correction_v10_unified_recovery_remaining_96/route_artifacts/R1VO10:db3f7933-dfa0-4678-9d4f-393b628ded45_17_29.json,152153b117c20c50417c2e20a9bf4e0a067d244028a1672bee12888098be7379,31831,175 rerun route artifact/status or failure diagnostic,absolute_personal_path_redaction_only
${PROJECT_MSC_ROOT}/direct_r1_visual_only_correction_v13_unified_recovery/runs/direct_r1_visual_only_correction_v10_unified_recovery_remaining_96/route_artifacts/R1VO10:db3f7933-dfa0-4678-9d4f-393b628ded45_20_1.json,eabb84a9f26f56899f44df6cc6dbc3546eae59e7c4fd9ad7e29a3d14330d2f69,28140,artifacts/formal_segments/direct_r1_visual_only_correction_v10_unified_recovery_remaining_96/route_artifacts/R1VO10:db3f7933-dfa0-4678-9d4f-393b628ded45_20_1.json,5361abe3a77221dc9ab011472f6bf7f85dc756b73e30bbec62429c45a45cb334,27854,175 rerun route artifact/status or failure diagnostic,absolute_personal_path_redaction_only
${PROJECT_MSC_ROOT}/direct_r1_visual_only_correction_v13_unified_recovery/runs/direct_r1_visual_only_correction_v10_unified_recovery_remaining_96/route_artifacts/R1VO10:db3f7933-dfa0-4678-9d4f-393b628ded45_21_27.json,0fc4570b0e314a4834d94a0d9ca9e46047106908acaf387d65c9b2a31566b079,29625,artifacts/formal_segments/direct_r1_visual_only_correction_v10_unified_recovery_remaining_96/route_artifacts/R1VO10:db3f7933-dfa0-4678-9d4f-393b628ded45_21_27.json,46eee6131951615abc7275944b008dc1139b4800ec059bb07ae13860359afac3,29295,175 rerun route artifact/status or failure diagnostic,absolute_personal_path_redaction_only
${PROJECT_MSC_ROOT}/direct_r1_visual_only_correction_v13_unified_recovery/runs/direct_r1_visual_only_correction_v10_unified_recovery_remaining_96/route_artifacts/R1VO10:db3f7933-dfa0-4678-9d4f-393b628ded45_22_24.json,b66bcfc28308770aacdb1974d3891768e31977c2044889028669daef4733a38e,29028,artifacts/formal_segments/direct_r1_visual_only_correction_v10_unified_recovery_remaining_96/route_artifacts/R1VO10:db3f7933-dfa0-4678-9d4f-393b628ded45_22_24.json,3c5e80c9de741be15c3835d45fc56954a6cd4e5ccbe6710da4855937be32dde5,28698,175 rerun route artifact/status or failure diagnostic,absolute_personal_path_redaction_only
${PROJECT_MSC_ROOT}/direct_r1_visual_only_correction_v13_unified_recovery/runs/direct_r1_visual_only_correction_v10_unified_recovery_remaining_96/route_artifacts/R1VO10:db3f7933-dfa0-4678-9d4f-393b628ded45_22_5.json,0f365a0185edac6bfdbebc8d63e9ae672049e2fcd465e6f4f3baf117e2842f0e,31747,artifacts/formal_segments/direct_r1_visual_only_correction_v10_unified_recovery_remaining_96/route_artifacts/R1VO10:db3f7933-dfa0-4678-9d4f-393b628ded45_22_5.json,2a49d09cafa56d398cc575e0121d10fc8f57a3aa2ba259408bd5424def207914,31417,175 rerun route artifact/status or failure diagnostic,absolute_personal_path_redaction_only
${PROJECT_MSC_ROOT}/direct_r1_visual_only_correction_v13_unified_recovery/runs/direct_r1_visual_only_correction_v10_unified_recovery_remaining_96/route_artifacts/R1VO10:db3f7933-dfa0-4678-9d4f-393b628ded45_2_1.json,5a6760e2fe81209c3c53ae7fda243ae0cc2a048a380d00e329e55661b0176fcf,33678,artifacts/formal_segments/direct_r1_visual_only_correction_v10_unified_recovery_remaining_96/route_artifacts/R1VO10:db3f7933-dfa0-4678-9d4f-393b628ded45_2_1.json,f8765158aa6a0e38f855f660d8f52d3211817b5d77eb40797f74d12cb1149a1b,33326,175 rerun route artifact/status or failure diagnostic,absolute_personal_path_redaction_only
${PROJECT_MSC_ROOT}/direct_r1_visual_only_correction_v13_unified_recovery/runs/direct_r1_visual_only_correction_v10_unified_recovery_remaining_96/route_artifacts/R1VO10:db3f7933-dfa0-4678-9d4f-393b628ded45_4_22.json,c046bf858dd40731d3234cc95adc3c1c86c5f508e6a3f751f4ce238544259cc1,24043,artifacts/formal_segments/direct_r1_visual_only_correction_v10_unified_recovery_remaining_96/route_artifacts/R1VO10:db3f7933-dfa0-4678-9d4f-393b628ded45_4_22.json,632f7418eff2ef8ce0c8a3f2c855ff7152cf278d59f274d32304bace1052ad57,23779,175 rerun route artifact/status or failure diagnostic,absolute_personal_path_redaction_only
${PROJECT_MSC_ROOT}/direct_r1_visual_only_correction_v13_unified_recovery/runs/direct_r1_visual_only_correction_v10_unified_recovery_remaining_96/route_artifacts/R1VO10:db3f7933-dfa0-4678-9d4f-393b628ded45_6_17.json,24e7ae1a95fb6c4139b6aba78d7b8e33bcc2a1466c2a63e9bdf76526b7f6a59f,42523,artifacts/formal_segments/direct_r1_visual_only_correction_v10_unified_recovery_remaining_96/route_artifacts/R1VO10:db3f7933-dfa0-4678-9d4f-393b628ded45_6_17.json,80cee52b1b6319070ee0ae126e0a07962496025bdc87761a28b3b1b205471fb4,42193,175 rerun route artifact/status or failure diagnostic,absolute_personal_path_redaction_only
${PROJECT_MSC_ROOT}/direct_r1_visual_only_correction_v13_unified_recovery/runs/direct_r1_visual_only_correction_v10_unified_recovery_remaining_96/route_artifacts/R1VO10:db3f7933-dfa0-4678-9d4f-393b628ded45_6_25.json,ffb54a286aadab52ab468227d510556f4ae55d7dee0a1d94187480786bb2c66d,28938,artifacts/formal_segments/direct_r1_visual_only_correction_v10_unified_recovery_remaining_96/route_artifacts/R1VO10:db3f7933-dfa0-4678-9d4f-393b628ded45_6_25.json,8ab5a347ec6df575e998b768274d7ac6b8ace0190b5ead3953b679c7c5d53261,28630,175 rerun route artifact/status or failure diagnostic,absolute_personal_path_redaction_only
${PROJECT_MSC_ROOT}/direct_r1_visual_only_correction_v13_unified_recovery/runs/direct_r1_visual_only_correction_v10_unified_recovery_remaining_96/route_artifacts/R1VO10:db3f7933-dfa0-4678-9d4f-393b628ded45_6_7.json,0f697f13827d00bd24db9cae127a52deb937d807ab875e6452f9474665ae212d,32388,artifacts/formal_segments/direct_r1_visual_only_correction_v10_unified_recovery_remaining_96/route_artifacts/R1VO10:db3f7933-dfa0-4678-9d4f-393b628ded45_6_7.json,9dd63e904d2d608aa9972216551420bcea4b139beddd404fc5135caa1ccd375d,32058,175 rerun route artifact/status or failure diagnostic,absolute_personal_path_redaction_only
${PROJECT_MSC_ROOT}/direct_r1_visual_only_correction_v13_unified_recovery/runs/direct_r1_visual_only_correction_v10_unified_recovery_remaining_96/route_artifacts/R1VO10:db3f7933-dfa0-4678-9d4f-393b628ded45_7_10.json,408c3a2393cb9a1fb9db91d5c77f1300b10d561e548d3403be26fdc1be6ff7fc,17726,artifacts/formal_segments/direct_r1_visual_only_correction_v10_unified_recovery_remaining_96/route_artifacts/R1VO10:db3f7933-dfa0-4678-9d4f-393b628ded45_7_10.json,bcee05e5163ac58a2e136d36ff0454042a812ee84a1582d929ad3b41e3a90d3f,17594,175 rerun route artifact/status or failure diagnostic,absolute_personal_path_redaction_only
${PROJECT_MSC_ROOT}/direct_r1_visual_only_correction_v13_unified_recovery/runs/direct_r1_visual_only_correction_v10_unified_recovery_remaining_96/route_artifacts/R1VO10:db3f7933-dfa0-4678-9d4f-393b628ded45_7_14.json,394776512522be0e556737c2b69af85a03dc69bba7719f43ad5acf05e782669a,42112,artifacts/formal_segments/direct_r1_visual_only_correction_v10_unified_recovery_remaining_96/route_artifacts/R1VO10:db3f7933-dfa0-4678-9d4f-393b628ded45_7_14.json,113215511ccbfc743436e592fd162f1e22e73503ca228b4b31197c9fe7dcd804,41782,175 rerun route artifact/status or failure diagnostic,absolute_personal_path_redaction_only
${PROJECT_MSC_ROOT}/direct_r1_visual_only_correction_v13_unified_recovery/runs/direct_r1_visual_only_correction_v10_unified_recovery_remaining_96/route_artifacts/R1VO10:db3f7933-dfa0-4678-9d4f-393b628ded45_7_19.json,ede815f3d557aafb6bfd7f9aee94b412d09e490e79680f8a651f6b35d2a3cd27,29853,artifacts/formal_segments/direct_r1_visual_only_correction_v10_unified_recovery_remaining_96/route_artifacts/R1VO10:db3f7933-dfa0-4678-9d4f-393b628ded45_7_19.json,14a69d6d4f595517bb5719439f5404a443b656e7fca65b64075ab8bdcb54c224,29523,175 rerun route artifact/status or failure diagnostic,absolute_personal_path_redaction_only
${PROJECT_MSC_ROOT}/direct_r1_visual_only_correction_v13_unified_recovery/runs/direct_r1_visual_only_correction_v10_unified_recovery_remaining_96/route_artifacts/R1VO10:db3f7933-dfa0-4678-9d4f-393b628ded45_7_23.json,044a6f80a4a8642c1bb2149526c42baab27901447cbb7eb8a23f16c968a0bf94,29355,artifacts/formal_segments/direct_r1_visual_only_correction_v10_unified_recovery_remaining_96/route_artifacts/R1VO10:db3f7933-dfa0-4678-9d4f-393b628ded45_7_23.json,b0bb87077084b46e66fdd14015caa6f39a59301927eb8324fb4e462022900387,29025,175 rerun route artifact/status or failure diagnostic,absolute_personal_path_redaction_only
${PROJECT_MSC_ROOT}/direct_r1_visual_only_correction_v13_unified_recovery/runs/direct_r1_visual_only_correction_v10_unified_recovery_remaining_96/route_artifacts/R1VO10:db3f7933-dfa0-4678-9d4f-393b628ded45_7_28.json,d04945b88606fe09e3626de11897165caa584c4ff182d62946ef672bebf55298,49255,artifacts/formal_segments/direct_r1_visual_only_correction_v10_unified_recovery_remaining_96/route_artifacts/R1VO10:db3f7933-dfa0-4678-9d4f-393b628ded45_7_28.json,d6eb974a7e9de5bfcf0f2aa4a9f8fd98c2e1d261fe6a39790ec57e63a465fd6b,48925,175 rerun route artifact/status or failure diagnostic,absolute_personal_path_redaction_only
${PROJECT_MSC_ROOT}/direct_r1_visual_only_correction_v13_unified_recovery/runs/direct_r1_visual_only_correction_v10_unified_recovery_remaining_96/route_artifacts/R1VO10:db3f7933-dfa0-4678-9d4f-393b628ded45_7_8.json,84ce45a33c65aaf5e1814eab7cee04142e8dc7844703c81b4e44e5ffa58ac853,17260,artifacts/formal_segments/direct_r1_visual_only_correction_v10_unified_recovery_remaining_96/route_artifacts/R1VO10:db3f7933-dfa0-4678-9d4f-393b628ded45_7_8.json,da08f0141a5655667acf7ca5cffd4ff603642166db2ed43b270149d30df60ca3,17128,175 rerun route artifact/status or failure diagnostic,absolute_personal_path_redaction_only
${PROJECT_MSC_ROOT}/direct_r1_visual_only_correction_v13_unified_recovery/runs/direct_r1_visual_only_correction_v10_unified_recovery_remaining_96/route_status/R1VO10:7ddbf8a2-5b3e-44cd-b9dc-db17ec06831b_11_14.json,6640ceebfa5382f08b1d467d87018c076eb269e0f6cae7086a711eb6ab7c4e99,587,artifacts/formal_segments/direct_r1_visual_only_correction_v10_unified_recovery_remaining_96/route_status/R1VO10:7ddbf8a2-5b3e-44cd-b9dc-db17ec06831b_11_14.json,9b15b642486a42c8fac03e53c2b7bd1111caae6673c6e57f7dd3fb39ad1dca40,565,175 rerun route artifact/status or failure diagnostic,absolute_personal_path_redaction_only
${PROJECT_MSC_ROOT}/direct_r1_visual_only_correction_v13_unified_recovery/runs/direct_r1_visual_only_correction_v10_unified_recovery_remaining_96/route_status/R1VO10:7ddbf8a2-5b3e-44cd-b9dc-db17ec06831b_11_17.json,efc9dd202b2ba9d6a6e3de01f92d0c4a0d568d90f02739025de625e76c8ed29c,596,artifacts/formal_segments/direct_r1_visual_only_correction_v10_unified_recovery_remaining_96/route_status/R1VO10:7ddbf8a2-5b3e-44cd-b9dc-db17ec06831b_11_17.json,7cc2063b94d3ca3ada84003e178da3a0fedc402e20ecddb9ae4691cdc78e3617,574,175 rerun route artifact/status or failure diagnostic,absolute_personal_path_redaction_only
${PROJECT_MSC_ROOT}/direct_r1_visual_only_correction_v13_unified_recovery/runs/direct_r1_visual_only_correction_v10_unified_recovery_remaining_96/route_status/R1VO10:7ddbf8a2-5b3e-44cd-b9dc-db17ec06831b_17_15.json,f9fc09002a2654b00e1b92ea05e2e7af98c03210dca8aedae080f4cf8c92238b,586,artifacts/formal_segments/direct_r1_visual_only_correction_v10_unified_recovery_remaining_96/route_status/R1VO10:7ddbf8a2-5b3e-44cd-b9dc-db17ec06831b_17_15.json,2adfeb116ed3356a5975e0b27400f58c1aa899ab0f36372204ccfc0f4c202df3,564,175 rerun route artifact/status or failure diagnostic,absolute_personal_path_redaction_only
${PROJECT_MSC_ROOT}/direct_r1_visual_only_correction_v13_unified_recovery/runs/direct_r1_visual_only_correction_v10_unified_recovery_remaining_96/route_status/R1VO10:7ddbf8a2-5b3e-44cd-b9dc-db17ec06831b_17_6.json,d95008d21bb248099bb94300604e856f76352465273a81b0e231117dadc3ba8f,749,artifacts/formal_segments/direct_r1_visual_only_correction_v10_unified_recovery_remaining_96/route_status/R1VO10:7ddbf8a2-5b3e-44cd-b9dc-db17ec06831b_17_6.json,970d7c56dcde9accd17e791c086eb7f95baa1a6370e0df61ea3daf8cb1e5a698,727,175 rerun route artifact/status or failure diagnostic,absolute_personal_path_redaction_only
${PROJECT_MSC_ROOT}/direct_r1_visual_only_correction_v13_unified_recovery/runs/direct_r1_visual_only_correction_v10_unified_recovery_remaining_96/route_status/R1VO10:7ddbf8a2-5b3e-44cd-b9dc-db17ec06831b_22_23.json,0130238c1b95e6e2069d2a1b6eee0b7eb9a7cfd544b696595424b4d368ebe498,597,artifacts/formal_segments/direct_r1_visual_only_correction_v10_unified_recovery_remaining_96/route_status/R1VO10:7ddbf8a2-5b3e-44cd-b9dc-db17ec06831b_22_23.json,510c3bbabe33ef843cf070de349e7962e0064976af01f0ef8da4cfa12ed02e5a,575,175 rerun route artifact/status or failure diagnostic,absolute_personal_path_redaction_only
${PROJECT_MSC_ROOT}/direct_r1_visual_only_correction_v13_unified_recovery/runs/direct_r1_visual_only_correction_v10_unified_recovery_remaining_96/route_status/R1VO10:7ddbf8a2-5b3e-44cd-b9dc-db17ec06831b_22_3.json,0770c4e1e1b94210f1ea33f918dceb86331614a839009d7b658760d6e6cabbb8,594,artifacts/formal_segments/direct_r1_visual_only_correction_v10_unified_recovery_remaining_96/route_status/R1VO10:7ddbf8a2-5b3e-44cd-b9dc-db17ec06831b_22_3.json,a483aad38f6466add145abcbf470f9e23d8f2f266243278ae90f58b000d5f9f7,572,175 rerun route artifact/status or failure diagnostic,absolute_personal_path_redaction_only
${PROJECT_MSC_ROOT}/direct_r1_visual_only_correction_v13_unified_recovery/runs/direct_r1_visual_only_correction_v10_unified_recovery_remaining_96/route_status/R1VO10:7ddbf8a2-5b3e-44cd-b9dc-db17ec06831b_4_19.json,6c2c41871a4f62609c3237479eaf25507db6830ac6820f0b0521fde2a30775b8,595,artifacts/formal_segments/direct_r1_visual_only_correction_v10_unified_recovery_remaining_96/route_status/R1VO10:7ddbf8a2-5b3e-44cd-b9dc-db17ec06831b_4_19.json,3eb63b5701a62f9169565425bf50fe2f99bde5657b5f069dd2c2dd0eb6d42002,573,175 rerun route artifact/status or failure diagnostic,absolute_personal_path_redaction_only
${PROJECT_MSC_ROOT}/direct_r1_visual_only_correction_v13_unified_recovery/runs/direct_r1_visual_only_correction_v10_unified_recovery_remaining_96/route_status/R1VO10:7ddbf8a2-5b3e-44cd-b9dc-db17ec06831b_4_2.json,baed9fd69e08c13d48755891f90436763a5f691e9a90eff915b2aff1c0fc7743,581,artifacts/formal_segments/direct_r1_visual_only_correction_v10_unified_recovery_remaining_96/route_status/R1VO10:7ddbf8a2-5b3e-44cd-b9dc-db17ec06831b_4_2.json,84ea759f03d58e376265e35ebc0b805635a5461e9db5ace4b5bfc9af08f0f2ca,559,175 rerun route artifact/status or failure diagnostic,absolute_personal_path_redaction_only
${PROJECT_MSC_ROOT}/direct_r1_visual_only_correction_v13_unified_recovery/runs/direct_r1_visual_only_correction_v10_unified_recovery_remaining_96/route_status/R1VO10:7ddbf8a2-5b3e-44cd-b9dc-db17ec06831b_4_24.json,f15726f2edd5c92b5bbfe74d273b9c070a851d43310ab6cdbb5851e3505aef2a,584,artifacts/formal_segments/direct_r1_visual_only_correction_v10_unified_recovery_remaining_96/route_status/R1VO10:7ddbf8a2-5b3e-44cd-b9dc-db17ec06831b_4_24.json,48156082ef1f5d474284dceaad4be602bec83fe26150d7977c704e4bb4633e4b,562,175 rerun route artifact/status or failure diagnostic,absolute_personal_path_redaction_only
${PROJECT_MSC_ROOT}/direct_r1_visual_only_correction_v13_unified_recovery/runs/direct_r1_visual_only_correction_v10_unified_recovery_remaining_96/route_status/R1VO10:7ddbf8a2-5b3e-44cd-b9dc-db17ec06831b_4_9.json,315472a643af3b9a474bd700f840a612636f9d5cbfbadf59471a6b0079b7c611,593,artifacts/formal_segments/direct_r1_visual_only_correction_v10_unified_recovery_remaining_96/route_status/R1VO10:7ddbf8a2-5b3e-44cd-b9dc-db17ec06831b_4_9.json,716170a18b43d41c258b4ee57f72c1ea2faf76b9565b230f875495de7e1d99d6,571,175 rerun route artifact/status or failure diagnostic,absolute_personal_path_redaction_only
${PROJECT_MSC_ROOT}/direct_r1_visual_only_correction_v13_unified_recovery/runs/direct_r1_visual_only_correction_v10_unified_recovery_remaining_96/route_status/R1VO10:7ddbf8a2-5b3e-44cd-b9dc-db17ec06831b_5_1.json,40d64156b10e225d3c12df9d8bfc2b6d2238f5c5a88cf31197f3c1a7cf5f10de,582,artifacts/formal_segments/direct_r1_visual_only_correction_v10_unified_recovery_remaining_96/route_status/R1VO10:7ddbf8a2-5b3e-44cd-b9dc-db17ec06831b_5_1.json,f7f765dfe6f05fe754064ac9030765eb764ae23fa262d4f185c09f78e522bef2,560,175 rerun route artifact/status or failure diagnostic,absolute_personal_path_redaction_only
${PROJECT_MSC_ROOT}/direct_r1_visual_only_correction_v13_unified_recovery/runs/direct_r1_visual_only_correction_v10_unified_recovery_remaining_96/route_status/R1VO10:7ddbf8a2-5b3e-44cd-b9dc-db17ec06831b_5_22.json,c6e16ce43135fd92485516bd1103cc7c45e9d52867d2b2f32497c91d38a81611,584,artifacts/formal_segments/direct_r1_visual_only_correction_v10_unified_recovery_remaining_96/route_status/R1VO10:7ddbf8a2-5b3e-44cd-b9dc-db17ec06831b_5_22.json,b5a920cd490b9cbb0188d45418a1bd021175200d11c617f96a8557d5febed264,562,175 rerun route artifact/status or failure diagnostic,absolute_personal_path_redaction_only
${PROJECT_MSC_ROOT}/direct_r1_visual_only_correction_v13_unified_recovery/runs/direct_r1_visual_only_correction_v10_unified_recovery_remaining_96/route_status/R1VO10:7ddbf8a2-5b3e-44cd-b9dc-db17ec06831b_6_7.json,72d06a13f7bd57119529979e8aa8e69fd564c690083b5d0d399c273ad4065052,582,artifacts/formal_segments/direct_r1_visual_only_correction_v10_unified_recovery_remaining_96/route_status/R1VO10:7ddbf8a2-5b3e-44cd-b9dc-db17ec06831b_6_7.json,899c40e12f015eac7d7a9a7410271e1cca6139d5a3c8e00590a987b82f89f0eb,560,175 rerun route artifact/status or failure diagnostic,absolute_personal_path_redaction_only
${PROJECT_MSC_ROOT}/direct_r1_visual_only_correction_v13_unified_recovery/runs/direct_r1_visual_only_correction_v10_unified_recovery_remaining_96/route_status/R1VO10:7ddbf8a2-5b3e-44cd-b9dc-db17ec06831b_6_8.json,fdc4c9d7f58706dae7b7a923a3c1b361158d36dafd0aae1842ac2a563e41b729,593,artifacts/formal_segments/direct_r1_visual_only_correction_v10_unified_recovery_remaining_96/route_status/R1VO10:7ddbf8a2-5b3e-44cd-b9dc-db17ec06831b_6_8.json,776701309f95b926f0a0dafb9148c4199a0aa6403c77572ca2dcec4743489377,571,175 rerun route artifact/status or failure diagnostic,absolute_personal_path_redaction_only
${PROJECT_MSC_ROOT}/direct_r1_visual_only_correction_v13_unified_recovery/runs/direct_r1_visual_only_correction_v10_unified_recovery_remaining_96/route_status/R1VO10:7ddbf8a2-5b3e-44cd-b9dc-db17ec06831b_7_11.json,b09d68c4478dde215e8e46984e40dadf17a99715979bc74bc886f6afc1521323,583,artifacts/formal_segments/direct_r1_visual_only_correction_v10_unified_recovery_remaining_96/route_status/R1VO10:7ddbf8a2-5b3e-44cd-b9dc-db17ec06831b_7_11.json,49b4ddde6cdd3eca45c8641794731ccb79e9f3a80dade16308420c49b12be250,561,175 rerun route artifact/status or failure diagnostic,absolute_personal_path_redaction_only
${PROJECT_MSC_ROOT}/direct_r1_visual_only_correction_v13_unified_recovery/runs/direct_r1_visual_only_correction_v10_unified_recovery_remaining_96/route_status/R1VO10:7ddbf8a2-5b3e-44cd-b9dc-db17ec06831b_7_16.json,2c6ed5fbd6b836f089b737baca682f29fa087b0f39355d15bba636464ace79d6,584,artifacts/formal_segments/direct_r1_visual_only_correction_v10_unified_recovery_remaining_96/route_status/R1VO10:7ddbf8a2-5b3e-44cd-b9dc-db17ec06831b_7_16.json,9ae4fbea6b83c0968879d22d11b2eb18715e3b3bf9326fc2913c7a5c713cfeeb,562,175 rerun route artifact/status or failure diagnostic,absolute_personal_path_redaction_only
${PROJECT_MSC_ROOT}/direct_r1_visual_only_correction_v13_unified_recovery/runs/direct_r1_visual_only_correction_v10_unified_recovery_remaining_96/route_status/R1VO10:7ddbf8a2-5b3e-44cd-b9dc-db17ec06831b_7_21.json,94c3dfcb80ecc5a1cee6528594962918014231bd231d7a6a171ee01fdf36af15,595,artifacts/formal_segments/direct_r1_visual_only_correction_v10_unified_recovery_remaining_96/route_status/R1VO10:7ddbf8a2-5b3e-44cd-b9dc-db17ec06831b_7_21.json,4abeb9dd161aa7fff9630884ea3a8e3e4103b2ce8f1939471492d6a27136032c,573,175 rerun route artifact/status or failure diagnostic,absolute_personal_path_redaction_only
${PROJECT_MSC_ROOT}/direct_r1_visual_only_correction_v13_unified_recovery/runs/direct_r1_visual_only_correction_v10_unified_recovery_remaining_96/route_status/R1VO10:7ddbf8a2-5b3e-44cd-b9dc-db17ec06831b_7_4.json,9b42a870fa9601a513ec06d4accdd2ffedc69e330334af158b8d1ca69536fb89,592,artifacts/formal_segments/direct_r1_visual_only_correction_v10_unified_recovery_remaining_96/route_status/R1VO10:7ddbf8a2-5b3e-44cd-b9dc-db17ec06831b_7_4.json,16b421490cfb9039030d1623a67b3e8d76c43e0ad5b75fcba1e963003af63c65,570,175 rerun route artifact/status or failure diagnostic,absolute_personal_path_redaction_only
${PROJECT_MSC_ROOT}/direct_r1_visual_only_correction_v13_unified_recovery/runs/direct_r1_visual_only_correction_v10_unified_recovery_remaining_96/route_status/R1VO10:7ddbf8a2-5b3e-44cd-b9dc-db17ec06831b_7_5.json,ef2c20f3663a82d48f04875271060ce54cdae307ac2cb7e1459e4e2acdf1bad7,593,artifacts/formal_segments/direct_r1_visual_only_correction_v10_unified_recovery_remaining_96/route_status/R1VO10:7ddbf8a2-5b3e-44cd-b9dc-db17ec06831b_7_5.json,1d9327ef437d71add1f9b2b059c0dc40ba56a37697f1b66a3321b398203a15cd,571,175 rerun route artifact/status or failure diagnostic,absolute_personal_path_redaction_only
${PROJECT_MSC_ROOT}/direct_r1_visual_only_correction_v13_unified_recovery/runs/direct_r1_visual_only_correction_v10_unified_recovery_remaining_96/route_status/R1VO10:7ddbf8a2-5b3e-44cd-b9dc-db17ec06831b_8_13.json,e052b6cd9bc709e32f19e0179d720d7261893066cfe96e47ddec527c4516dea4,594,artifacts/formal_segments/direct_r1_visual_only_correction_v10_unified_recovery_remaining_96/route_status/R1VO10:7ddbf8a2-5b3e-44cd-b9dc-db17ec06831b_8_13.json,3f62206b20f60941493d3d165cde44e0fcf7a5894ae26168652b8f0f5505b187,572,175 rerun route artifact/status or failure diagnostic,absolute_personal_path_redaction_only
${PROJECT_MSC_ROOT}/direct_r1_visual_only_correction_v13_unified_recovery/runs/direct_r1_visual_only_correction_v10_unified_recovery_remaining_96/route_status/R1VO10:7ddbf8a2-5b3e-44cd-b9dc-db17ec06831b_8_18.json,bb8f8ee461c035f2204a8c49277f0fa15182e02b9e75e6f4aa38ab55816a8abd,584,artifacts/formal_segments/direct_r1_visual_only_correction_v10_unified_recovery_remaining_96/route_status/R1VO10:7ddbf8a2-5b3e-44cd-b9dc-db17ec06831b_8_18.json,895f6a9214220286be93630ed2f874a5f95bc750087dc7862a0ab718133a7174,562,175 rerun route artifact/status or failure diagnostic,absolute_personal_path_redaction_only
${PROJECT_MSC_ROOT}/direct_r1_visual_only_correction_v13_unified_recovery/runs/direct_r1_visual_only_correction_v10_unified_recovery_remaining_96/route_status/R1VO10:7ddbf8a2-5b3e-44cd-b9dc-db17ec06831b_8_20.json,0c13a1d83889d70204f419d1606cd9d23adf9b2999ae54acf9866ea62accaaae,584,artifacts/formal_segments/direct_r1_visual_only_correction_v10_unified_recovery_remaining_96/route_status/R1VO10:7ddbf8a2-5b3e-44cd-b9dc-db17ec06831b_8_20.json,b3cb4d1cd2da2f302d55f27dbf973bd4040aca49755964ca21fa17fccd53bc8f,562,175 rerun route artifact/status or failure diagnostic,absolute_personal_path_redaction_only
${PROJECT_MSC_ROOT}/direct_r1_visual_only_correction_v13_unified_recovery/runs/direct_r1_visual_only_correction_v10_unified_recovery_remaining_96/route_status/R1VO10:7ddbf8a2-5b3e-44cd-b9dc-db17ec06831b_8_25.json,591e9ca1986ab4f75dacde9db56055c544399d41ce4bda831835e0c214ceacb8,594,artifacts/formal_segments/direct_r1_visual_only_correction_v10_unified_recovery_remaining_96/route_status/R1VO10:7ddbf8a2-5b3e-44cd-b9dc-db17ec06831b_8_25.json,8cdb82678ec241db1f44d5e63e581c35da3d3b4e91b6bc17749969b6d0a0cc3e,572,175 rerun route artifact/status or failure diagnostic,absolute_personal_path_redaction_only
${PROJECT_MSC_ROOT}/direct_r1_visual_only_correction_v13_unified_recovery/runs/direct_r1_visual_only_correction_v10_unified_recovery_remaining_96/route_status/R1VO10:db3f7933-dfa0-4678-9d4f-393b628ded45_11_2.json,be1f15222a1cf71ecf5f1ccab28836c5c15c28773a53726148d12b1805c51acb,584,artifacts/formal_segments/direct_r1_visual_only_correction_v10_unified_recovery_remaining_96/route_status/R1VO10:db3f7933-dfa0-4678-9d4f-393b628ded45_11_2.json,607bde4e485427992999a88a94093fa59fbf971306db9423256918fb4ff28b72,562,175 rerun route artifact/status or failure diagnostic,absolute_personal_path_redaction_only
${PROJECT_MSC_ROOT}/direct_r1_visual_only_correction_v13_unified_recovery/runs/direct_r1_visual_only_correction_v10_unified_recovery_remaining_96/route_status/R1VO10:db3f7933-dfa0-4678-9d4f-393b628ded45_12_15.json,35beb0afba656b25abee6a7aaad2070f8753b2716c4eb301c99c7af185600d1c,586,artifacts/formal_segments/direct_r1_visual_only_correction_v10_unified_recovery_remaining_96/route_status/R1VO10:db3f7933-dfa0-4678-9d4f-393b628ded45_12_15.json,c1b660c52e8838e6a0a5da90180eb8195ba6f3121a9b671a083ee3a3467e1eba,564,175 rerun route artifact/status or failure diagnostic,absolute_personal_path_redaction_only
${PROJECT_MSC_ROOT}/direct_r1_visual_only_correction_v13_unified_recovery/runs/direct_r1_visual_only_correction_v10_unified_recovery_remaining_96/route_status/R1VO10:db3f7933-dfa0-4678-9d4f-393b628ded45_17_1.json,05b571fac84c83670031dacf8c0b26bf1ad255692a8f0d002430800bb55a125b,583,artifacts/formal_segments/direct_r1_visual_only_correction_v10_unified_recovery_remaining_96/route_status/R1VO10:db3f7933-dfa0-4678-9d4f-393b628ded45_17_1.json,cb45dc9747b8a451ea28b99655a7901b85ca26987601cb7270315d769529c71c,561,175 rerun route artifact/status or failure diagnostic,absolute_personal_path_redaction_only
${PROJECT_MSC_ROOT}/direct_r1_visual_only_correction_v13_unified_recovery/runs/direct_r1_visual_only_correction_v10_unified_recovery_remaining_96/route_status/R1VO10:db3f7933-dfa0-4678-9d4f-393b628ded45_17_11.json,1c54b1ce2f68622b071e873ccd9f4223967e2c95766a1cff2d6643282ba290e8,597,artifacts/formal_segments/direct_r1_visual_only_correction_v10_unified_recovery_remaining_96/route_status/R1VO10:db3f7933-dfa0-4678-9d4f-393b628ded45_17_11.json,b89fb88043e2587db121cbdabe67e05dca60cd575b5b3240254daa31daa9f753,575,175 rerun route artifact/status or failure diagnostic,absolute_personal_path_redaction_only
${PROJECT_MSC_ROOT}/direct_r1_visual_only_correction_v13_unified_recovery/runs/direct_r1_visual_only_correction_v10_unified_recovery_remaining_96/route_status/R1VO10:db3f7933-dfa0-4678-9d4f-393b628ded45_17_13.json,c6462985c949b18c61a2247fc8ccbd44b04f74c503877775133f92bed720b921,585,artifacts/formal_segments/direct_r1_visual_only_correction_v10_unified_recovery_remaining_96/route_status/R1VO10:db3f7933-dfa0-4678-9d4f-393b628ded45_17_13.json,fb09c52c1e75580dd120698049df869c346fdcbb1bda934380f36a8b8aef9622,563,175 rerun route artifact/status or failure diagnostic,absolute_personal_path_redaction_only
${PROJECT_MSC_ROOT}/direct_r1_visual_only_correction_v13_unified_recovery/runs/direct_r1_visual_only_correction_v10_unified_recovery_remaining_96/route_status/R1VO10:db3f7933-dfa0-4678-9d4f-393b628ded45_17_29.json,51c74ab2e832a6d5ed6967ec81b0a02bc721cdf0edfd4019d1c43b6374a58335,596,artifacts/formal_segments/direct_r1_visual_only_correction_v10_unified_recovery_remaining_96/route_status/R1VO10:db3f7933-dfa0-4678-9d4f-393b628ded45_17_29.json,691e98945ca6a8269131bb731936309d69de5b1d107490c35612477ab45fb8fb,574,175 rerun route artifact/status or failure diagnostic,absolute_personal_path_redaction_only
${PROJECT_MSC_ROOT}/direct_r1_visual_only_correction_v13_unified_recovery/runs/direct_r1_visual_only_correction_v10_unified_recovery_remaining_96/route_status/R1VO10:db3f7933-dfa0-4678-9d4f-393b628ded45_20_1.json,0214f9e08c1ad24d8d2696089d1a89d402bd947239187a1cced4d467fc418f32,584,artifacts/formal_segments/direct_r1_visual_only_correction_v10_unified_recovery_remaining_96/route_status/R1VO10:db3f7933-dfa0-4678-9d4f-393b628ded45_20_1.json,ddd0dc85496ac71027878b0ae708cc925a9c4c7f77ff90c3bbc5940a42089464,562,175 rerun route artifact/status or failure diagnostic,absolute_personal_path_redaction_only
${PROJECT_MSC_ROOT}/direct_r1_visual_only_correction_v13_unified_recovery/runs/direct_r1_visual_only_correction_v10_unified_recovery_remaining_96/route_status/R1VO10:db3f7933-dfa0-4678-9d4f-393b628ded45_21_27.json,3f36d81cebaf68e710c57122c0bfd99c6715ff1fd68c96b6f4f3ac6673af77ec,586,artifacts/formal_segments/direct_r1_visual_only_correction_v10_unified_recovery_remaining_96/route_status/R1VO10:db3f7933-dfa0-4678-9d4f-393b628ded45_21_27.json,ae4e1ff47cf899ee9fdc044ca14cfdc0eaf35a6637b967b7490cf4b473cf2f77,564,175 rerun route artifact/status or failure diagnostic,absolute_personal_path_redaction_only
${PROJECT_MSC_ROOT}/direct_r1_visual_only_correction_v13_unified_recovery/runs/direct_r1_visual_only_correction_v10_unified_recovery_remaining_96/route_status/R1VO10:db3f7933-dfa0-4678-9d4f-393b628ded45_22_24.json,a72ec7aff45dbe8752b7bc128533b5b9dc6a809aa472c4f2b42bd1c8a1e26089,597,artifacts/formal_segments/direct_r1_visual_only_correction_v10_unified_recovery_remaining_96/route_status/R1VO10:db3f7933-dfa0-4678-9d4f-393b628ded45_22_24.json,d75684db081da3c7ff91229e81d5ba7401727d925e8e776121ca12638e90bfde,575,175 rerun route artifact/status or failure diagnostic,absolute_personal_path_redaction_only
${PROJECT_MSC_ROOT}/direct_r1_visual_only_correction_v13_unified_recovery/runs/direct_r1_visual_only_correction_v10_unified_recovery_remaining_96/route_status/R1VO10:db3f7933-dfa0-4678-9d4f-393b628ded45_22_5.json,46043001dc98168138167aa9d8eb1d71e0632ecabc3097f8b5057d0ca40c0d60,584,artifacts/formal_segments/direct_r1_visual_only_correction_v10_unified_recovery_remaining_96/route_status/R1VO10:db3f7933-dfa0-4678-9d4f-393b628ded45_22_5.json,fc64a6c9f33ece2ae39c356066c9084f9fbf3a501982746a8c9932c75b979d62,562,175 rerun route artifact/status or failure diagnostic,absolute_personal_path_redaction_only
${PROJECT_MSC_ROOT}/direct_r1_visual_only_correction_v13_unified_recovery/runs/direct_r1_visual_only_correction_v10_unified_recovery_remaining_96/route_status/R1VO10:db3f7933-dfa0-4678-9d4f-393b628ded45_2_1.json,f61792ca53d33bc5a77e4c59f195e187cf058ebcef4e3052223da79eaf54c30f,582,artifacts/formal_segments/direct_r1_visual_only_correction_v10_unified_recovery_remaining_96/route_status/R1VO10:db3f7933-dfa0-4678-9d4f-393b628ded45_2_1.json,e20ebf05c92ab93c1d5be554dae45096cb05a71e1d151b162a23ba7a2227c08d,560,175 rerun route artifact/status or failure diagnostic,absolute_personal_path_redaction_only
${PROJECT_MSC_ROOT}/direct_r1_visual_only_correction_v13_unified_recovery/runs/direct_r1_visual_only_correction_v10_unified_recovery_remaining_96/route_status/R1VO10:db3f7933-dfa0-4678-9d4f-393b628ded45_4_22.json,96a5a0240e3a74e6ce3c1942aa4cbc87a18b06803a88585a3cd5e14306192eeb,584,artifacts/formal_segments/direct_r1_visual_only_correction_v10_unified_recovery_remaining_96/route_status/R1VO10:db3f7933-dfa0-4678-9d4f-393b628ded45_4_22.json,149712cfc3de7f0ae99bdf8c7cd0dc1daf8964648c0c52c7ed528ce692c21e15,562,175 rerun route artifact/status or failure diagnostic,absolute_personal_path_redaction_only
${PROJECT_MSC_ROOT}/direct_r1_visual_only_correction_v13_unified_recovery/runs/direct_r1_visual_only_correction_v10_unified_recovery_remaining_96/route_status/R1VO10:db3f7933-dfa0-4678-9d4f-393b628ded45_6_17.json,1344bdc9c591192daf6a060aa71d423a773f426921f73871f20d8d99f7c1d65d,586,artifacts/formal_segments/direct_r1_visual_only_correction_v10_unified_recovery_remaining_96/route_status/R1VO10:db3f7933-dfa0-4678-9d4f-393b628ded45_6_17.json,033138623775e982f6b0355a85a36b3e7c2db2b27ef715d0df6b58b4515bc9bb,564,175 rerun route artifact/status or failure diagnostic,absolute_personal_path_redaction_only
${PROJECT_MSC_ROOT}/direct_r1_visual_only_correction_v13_unified_recovery/runs/direct_r1_visual_only_correction_v10_unified_recovery_remaining_96/route_status/R1VO10:db3f7933-dfa0-4678-9d4f-393b628ded45_6_25.json,505e56b852b421e92ac5ed2ca58c83d4b5fe233834e2f6b84c3bb7d8b46666ff,584,artifacts/formal_segments/direct_r1_visual_only_correction_v10_unified_recovery_remaining_96/route_status/R1VO10:db3f7933-dfa0-4678-9d4f-393b628ded45_6_25.json,5234d9de38db6feed18f8dd1f6aa84531a97e26fb9ab3c132e13b0c01217b56d,562,175 rerun route artifact/status or failure diagnostic,absolute_personal_path_redaction_only
${PROJECT_MSC_ROOT}/direct_r1_visual_only_correction_v13_unified_recovery/runs/direct_r1_visual_only_correction_v10_unified_recovery_remaining_96/route_status/R1VO10:db3f7933-dfa0-4678-9d4f-393b628ded45_6_7.json,f90e7935dab7e88b6515e5c7d541986d8d244f672c36dfb41ba9e6ff19b4cdc6,582,artifacts/formal_segments/direct_r1_visual_only_correction_v10_unified_recovery_remaining_96/route_status/R1VO10:db3f7933-dfa0-4678-9d4f-393b628ded45_6_7.json,8030b858271732518ae4b5aa4613ddf8a1ae31ed093af3fae3fcd00ccf8c6ca1,560,175 rerun route artifact/status or failure diagnostic,absolute_personal_path_redaction_only
${PROJECT_MSC_ROOT}/direct_r1_visual_only_correction_v13_unified_recovery/runs/direct_r1_visual_only_correction_v10_unified_recovery_remaining_96/route_status/R1VO10:db3f7933-dfa0-4678-9d4f-393b628ded45_7_10.json,7310f44cd3120d2d4b81314e90f4c3d225f308acfdcb8f5f5a10e63c24e1473b,583,artifacts/formal_segments/direct_r1_visual_only_correction_v10_unified_recovery_remaining_96/route_status/R1VO10:db3f7933-dfa0-4678-9d4f-393b628ded45_7_10.json,241c95bdf8167ae1ee5a1767345ea0a69fc576dc6bd1e71e306a0b2f9962767f,561,175 rerun route artifact/status or failure diagnostic,absolute_personal_path_redaction_only
${PROJECT_MSC_ROOT}/direct_r1_visual_only_correction_v13_unified_recovery/runs/direct_r1_visual_only_correction_v10_unified_recovery_remaining_96/route_status/R1VO10:db3f7933-dfa0-4678-9d4f-393b628ded45_7_14.json,b417859b5026b40adebb64123fc3df941290e250dfe51464d1feea10e8b6bd15,596,artifacts/formal_segments/direct_r1_visual_only_correction_v10_unified_recovery_remaining_96/route_status/R1VO10:db3f7933-dfa0-4678-9d4f-393b628ded45_7_14.json,c80b472e0ed51be452fc2e17b5c0ed3169d0d32966c7c6c022f7ffbb55cd81f9,574,175 rerun route artifact/status or failure diagnostic,absolute_personal_path_redaction_only
${PROJECT_MSC_ROOT}/direct_r1_visual_only_correction_v13_unified_recovery/runs/direct_r1_visual_only_correction_v10_unified_recovery_remaining_96/route_status/R1VO10:db3f7933-dfa0-4678-9d4f-393b628ded45_7_19.json,f2ac30041668ae8e45d8b6baeb6fbac56519573ee16c88d1d6701330c2d99d1c,584,artifacts/formal_segments/direct_r1_visual_only_correction_v10_unified_recovery_remaining_96/route_status/R1VO10:db3f7933-dfa0-4678-9d4f-393b628ded45_7_19.json,1aba1b44f30b0ef5b5645f6d289aec97a9ed8f182d45f11a36df3f832b55b38c,562,175 rerun route artifact/status or failure diagnostic,absolute_personal_path_redaction_only
${PROJECT_MSC_ROOT}/direct_r1_visual_only_correction_v13_unified_recovery/runs/direct_r1_visual_only_correction_v10_unified_recovery_remaining_96/route_status/R1VO10:db3f7933-dfa0-4678-9d4f-393b628ded45_7_23.json,a678ec1d2b69f7e09eaf62eea0d7bd33170b02b3b9793cb6cec2cd9956fab4a6,584,artifacts/formal_segments/direct_r1_visual_only_correction_v10_unified_recovery_remaining_96/route_status/R1VO10:db3f7933-dfa0-4678-9d4f-393b628ded45_7_23.json,e275d5213ed3b40ae0a2c4b77f5df89d6134204061f17ff23b27a3f9b419f9a3,562,175 rerun route artifact/status or failure diagnostic,absolute_personal_path_redaction_only
${PROJECT_MSC_ROOT}/direct_r1_visual_only_correction_v13_unified_recovery/runs/direct_r1_visual_only_correction_v10_unified_recovery_remaining_96/route_status/R1VO10:db3f7933-dfa0-4678-9d4f-393b628ded45_7_28.json,49fc15047c73be638942c9ef33164e6bdd6e009a47203db0717a28ba4804de90,596,artifacts/formal_segments/direct_r1_visual_only_correction_v10_unified_recovery_remaining_96/route_status/R1VO10:db3f7933-dfa0-4678-9d4f-393b628ded45_7_28.json,2da2cd66831a41438a34dbd1ff848e4feee7351445fd39b4f4e0fe9538bb0104,574,175 rerun route artifact/status or failure diagnostic,absolute_personal_path_redaction_only
${PROJECT_MSC_ROOT}/direct_r1_visual_only_correction_v13_unified_recovery/runs/direct_r1_visual_only_correction_v10_unified_recovery_remaining_96/route_status/R1VO10:db3f7933-dfa0-4678-9d4f-393b628ded45_7_8.json,29476d5a93542ab3a92c67d2ed9e141abab98dfdfc8b4e545df1e4eefa101d05,581,artifacts/formal_segments/direct_r1_visual_only_correction_v10_unified_recovery_remaining_96/route_status/R1VO10:db3f7933-dfa0-4678-9d4f-393b628ded45_7_8.json,297db183b9cec4d49cc565587c2de5fb7984a04fc8da490337354d88b907b2be,559,175 rerun route artifact/status or failure diagnostic,absolute_personal_path_redaction_only
${PROJECT_MSC_ROOT}/direct_r1_visual_only_correction_v13_unified_recovery/runs/direct_r1_visual_only_correction_v11_unified_recovery_remaining_52/budget_ledger.json,2962e19557a61cdf2d02e5af6ccb3a6e9f076148798424f27ec9430fedb3017c,1335079,artifacts/formal_segments/direct_r1_visual_only_correction_v11_unified_recovery_remaining_52/budget_ledger.json,9f5db6e8015852296ad1590c406cc43faf26cab8f8088a581cddafa27f813a6a,1290573,"v8-v13 formal/recovery manifest, lock, ledger, execution record",absolute_personal_path_redaction_only
${PROJECT_MSC_ROOT}/direct_r1_visual_only_correction_v13_unified_recovery/runs/direct_r1_visual_only_correction_v11_unified_recovery_remaining_52/execution_history.jsonl,8e059116e4b6542bda85ef40ad889defab6ecef66efab710f51b1d62b623c9eb,491,artifacts/formal_segments/direct_r1_visual_only_correction_v11_unified_recovery_remaining_52/execution_history.jsonl,8e059116e4b6542bda85ef40ad889defab6ecef66efab710f51b1d62b623c9eb,491,"v8-v13 formal/recovery manifest, lock, ledger, execution record",byte_for_byte
${PROJECT_MSC_ROOT}/direct_r1_visual_only_correction_v13_unified_recovery/runs/direct_r1_visual_only_correction_v11_unified_recovery_remaining_52/last_execution.json,635779c9ab7899333b0267d912e4f7c5e3a201dae6a18369a9bbf8c942269dce,556,artifacts/formal_segments/direct_r1_visual_only_correction_v11_unified_recovery_remaining_52/last_execution.json,635779c9ab7899333b0267d912e4f7c5e3a201dae6a18369a9bbf8c942269dce,556,"v8-v13 formal/recovery manifest, lock, ledger, execution record",byte_for_byte
${PROJECT_MSC_ROOT}/direct_r1_visual_only_correction_v13_unified_recovery/runs/direct_r1_visual_only_correction_v11_unified_recovery_remaining_52/recovery_console.log,635779c9ab7899333b0267d912e4f7c5e3a201dae6a18369a9bbf8c942269dce,556,artifacts/formal_segments/direct_r1_visual_only_correction_v11_unified_recovery_remaining_52/recovery_console.log,635779c9ab7899333b0267d912e4f7c5e3a201dae6a18369a9bbf8c942269dce,556,"v8-v13 formal/recovery manifest, lock, ledger, execution record",byte_for_byte
${PROJECT_MSC_ROOT}/direct_r1_visual_only_correction_v13_unified_recovery/runs/direct_r1_visual_only_correction_v11_unified_recovery_remaining_52/recovery_launch_lock_v11.json,55095bad4f7d97ab86140ef9dc88bea0fd4407168c336b8e911429589ddd48fd,632,artifacts/formal_segments/direct_r1_visual_only_correction_v11_unified_recovery_remaining_52/recovery_launch_lock_v11.json,55095bad4f7d97ab86140ef9dc88bea0fd4407168c336b8e911429589ddd48fd,632,"v8-v13 formal/recovery manifest, lock, ledger, execution record",byte_for_byte
${PROJECT_MSC_ROOT}/direct_r1_visual_only_correction_v13_unified_recovery/runs/direct_r1_visual_only_correction_v11_unified_recovery_remaining_52/recovery_manifest_v11.json,3b1d6118e21060ef4fb6d74c99325668f5eadc203fd4abd865e2d892ef6b4dae,162825,artifacts/formal_segments/direct_r1_visual_only_correction_v11_unified_recovery_remaining_52/recovery_manifest_v11.json,19a706e9ef0fc3f323954012a244d6aa5fe58d36680c9c5cb06dbdd433f0f5d0,156511,"v8-v13 formal/recovery manifest, lock, ledger, execution record",absolute_personal_path_redaction_only
${PROJECT_MSC_ROOT}/direct_r1_visual_only_correction_v13_unified_recovery/runs/direct_r1_visual_only_correction_v11_unified_recovery_remaining_52/route_artifacts/R1VO11:7ddbf8a2-5b3e-44cd-b9dc-db17ec06831b_11_12.json,b136be30e9d03b12499b892c39ad35e9c3e3b1cb0f07e4eef6829776d58a7332,32652,artifacts/formal_segments/direct_r1_visual_only_correction_v11_unified_recovery_remaining_52/route_artifacts/R1VO11:7ddbf8a2-5b3e-44cd-b9dc-db17ec06831b_11_12.json,79492c7e6a3e4623ec23637b09ee4362c9998c26547d2796d931a93a1aca5fcd,32300,175 rerun route artifact/status or failure diagnostic,absolute_personal_path_redaction_only
${PROJECT_MSC_ROOT}/direct_r1_visual_only_correction_v13_unified_recovery/runs/direct_r1_visual_only_correction_v11_unified_recovery_remaining_52/route_artifacts/R1VO11:7ddbf8a2-5b3e-44cd-b9dc-db17ec06831b_8_10.json,69e9f7cd618eedf3beac7b7e13571b6ba66b664a252150bb99d9dd775132cb51,30137,artifacts/formal_segments/direct_r1_visual_only_correction_v11_unified_recovery_remaining_52/route_artifacts/R1VO11:7ddbf8a2-5b3e-44cd-b9dc-db17ec06831b_8_10.json,a32f7cd613bdf65357a2ea41e32d9ef4cc2675e629bc3b3dcde122b7bb6df486,29807,175 rerun route artifact/status or failure diagnostic,absolute_personal_path_redaction_only
${PROJECT_MSC_ROOT}/direct_r1_visual_only_correction_v13_unified_recovery/runs/direct_r1_visual_only_correction_v11_unified_recovery_remaining_52/route_artifacts/R1VO11:819c8af7-851f-434f-ab32-318285bc54b1_11_14.json,3bc5963bb61706146a23f6fe329da8df9287cfd2ace5c7cb59ecb39fcbbf2922,38107,artifacts/formal_segments/direct_r1_visual_only_correction_v11_unified_recovery_remaining_52/route_artifacts/R1VO11:819c8af7-851f-434f-ab32-318285bc54b1_11_14.json,0940754d8476a54cfe9e9ce7cf0b25bcdc0cc1e7c58cb99be8ee7c3ae3d80e53,37689,175 rerun route artifact/status or failure diagnostic,absolute_personal_path_redaction_only
${PROJECT_MSC_ROOT}/direct_r1_visual_only_correction_v13_unified_recovery/runs/direct_r1_visual_only_correction_v11_unified_recovery_remaining_52/route_artifacts/R1VO11:819c8af7-851f-434f-ab32-318285bc54b1_12_7.json,2d3b9fee215f210110925b2ed55a92b73d0c7691483b417cd4ebdb2cb1f6153f,32309,artifacts/formal_segments/direct_r1_visual_only_correction_v11_unified_recovery_remaining_52/route_artifacts/R1VO11:819c8af7-851f-434f-ab32-318285bc54b1_12_7.json,f7fa0a4b141c6d9ec0e8425ca6c65e5f9d5dc7105739b3c87b047fad4fd3b7c4,31957,175 rerun route artifact/status or failure diagnostic,absolute_personal_path_redaction_only
${PROJECT_MSC_ROOT}/direct_r1_visual_only_correction_v13_unified_recovery/runs/direct_r1_visual_only_correction_v11_unified_recovery_remaining_52/route_artifacts/R1VO11:819c8af7-851f-434f-ab32-318285bc54b1_17_20.json,2187223c26fc1b0943135e40ac1870a307a152c1e1fc0b72a3d561ed738f9bc6,22025,artifacts/formal_segments/direct_r1_visual_only_correction_v11_unified_recovery_remaining_52/route_artifacts/R1VO11:819c8af7-851f-434f-ab32-318285bc54b1_17_20.json,aeb1e1bcd22372fd3ebeb5105f4d6dcad3e17adccd142226002f9bfd5b60410c,21827,175 rerun route artifact/status or failure diagnostic,absolute_personal_path_redaction_only
${PROJECT_MSC_ROOT}/direct_r1_visual_only_correction_v13_unified_recovery/runs/direct_r1_visual_only_correction_v11_unified_recovery_remaining_52/route_artifacts/R1VO11:819c8af7-851f-434f-ab32-318285bc54b1_17_22.json,a9c42960427b8d9c393a1234f2598b2fa029b03562e29a2210e05491d0e58335,40052,artifacts/formal_segments/direct_r1_visual_only_correction_v11_unified_recovery_remaining_52/route_artifacts/R1VO11:819c8af7-851f-434f-ab32-318285bc54b1_17_22.json,4c3c6b3784d367a3b888cef0312fee1d7a093b0233bf24091af3fbc43fc39767,39766,175 rerun route artifact/status or failure diagnostic,absolute_personal_path_redaction_only
${PROJECT_MSC_ROOT}/direct_r1_visual_only_correction_v13_unified_recovery/runs/direct_r1_visual_only_correction_v11_unified_recovery_remaining_52/route_artifacts/R1VO11:819c8af7-851f-434f-ab32-318285bc54b1_17_29.json,e25bcd35aa8bec09e8d620db2b37cafaaff074d5680d9ab1ed5eea09f24c6145,18958,artifacts/formal_segments/direct_r1_visual_only_correction_v11_unified_recovery_remaining_52/route_artifacts/R1VO11:819c8af7-851f-434f-ab32-318285bc54b1_17_29.json,7ae316bbaf847dda46f3fc6ecb0f0d884a4e6d81752e98b4c517b6cf11cbc623,18782,175 rerun route artifact/status or failure diagnostic,absolute_personal_path_redaction_only
${PROJECT_MSC_ROOT}/direct_r1_visual_only_correction_v13_unified_recovery/runs/direct_r1_visual_only_correction_v11_unified_recovery_remaining_52/route_artifacts/R1VO11:819c8af7-851f-434f-ab32-318285bc54b1_18_6.json,69dd343fb513b66e9f076a9bc47bfdecb16e93fabf5e79ba1fc91d661360a041,32629,artifacts/formal_segments/direct_r1_visual_only_correction_v11_unified_recovery_remaining_52/route_artifacts/R1VO11:819c8af7-851f-434f-ab32-318285bc54b1_18_6.json,21c01d71029ef5ba8e5ab306e2533537728cd57a7c98055147ce622bca8bc335,32277,175 rerun route artifact/status or failure diagnostic,absolute_personal_path_redaction_only
${PROJECT_MSC_ROOT}/direct_r1_visual_only_correction_v13_unified_recovery/runs/direct_r1_visual_only_correction_v11_unified_recovery_remaining_52/route_artifacts/R1VO11:819c8af7-851f-434f-ab32-318285bc54b1_23_5.json,ed21bc185bf58ae4dd62822588c6dbcf09e80c4ae109c0d88152709cce6ea2bf,29943,artifacts/formal_segments/direct_r1_visual_only_correction_v11_unified_recovery_remaining_52/route_artifacts/R1VO11:819c8af7-851f-434f-ab32-318285bc54b1_23_5.json,efb0b13a81d804c00515dbcc76544e2e7fe0bde2e1f15da85eb94cef770454c6,29613,175 rerun route artifact/status or failure diagnostic,absolute_personal_path_redaction_only
${PROJECT_MSC_ROOT}/direct_r1_visual_only_correction_v13_unified_recovery/runs/direct_r1_visual_only_correction_v11_unified_recovery_remaining_52/route_artifacts/R1VO11:819c8af7-851f-434f-ab32-318285bc54b1_3_13.json,88dd3264fee31575a0b22a8a436bc847d293803e62faf95bfaf3dcde8da60019,33681,artifacts/formal_segments/direct_r1_visual_only_correction_v11_unified_recovery_remaining_52/route_artifacts/R1VO11:819c8af7-851f-434f-ab32-318285bc54b1_3_13.json,c39af909d367561c4e2d5a5d3dcd39038a7c170989e6dd50fb69e2342af3cdee,33329,175 rerun route artifact/status or failure diagnostic,absolute_personal_path_redaction_only
${PROJECT_MSC_ROOT}/direct_r1_visual_only_correction_v13_unified_recovery/runs/direct_r1_visual_only_correction_v11_unified_recovery_remaining_52/route_artifacts/R1VO11:819c8af7-851f-434f-ab32-318285bc54b1_4_10.json,a0816ca141bb7c95566b6d08b575605757dfd7a69ab1830b1e35789bfc86ead8,29000,artifacts/formal_segments/direct_r1_visual_only_correction_v11_unified_recovery_remaining_52/route_artifacts/R1VO11:819c8af7-851f-434f-ab32-318285bc54b1_4_10.json,59394ef3c5b9732e5dc2b4a936a2dc0f3059b8ef622f1719679d0bff9e3cb59f,28692,175 rerun route artifact/status or failure diagnostic,absolute_personal_path_redaction_only
${PROJECT_MSC_ROOT}/direct_r1_visual_only_correction_v13_unified_recovery/runs/direct_r1_visual_only_correction_v11_unified_recovery_remaining_52/route_artifacts/R1VO11:819c8af7-851f-434f-ab32-318285bc54b1_4_19.json,b351d2790e9e90422e9a68ee2ab8645235b56b8c7e96214f85e4c51747fff9d3,33498,artifacts/formal_segments/direct_r1_visual_only_correction_v11_unified_recovery_remaining_52/route_artifacts/R1VO11:819c8af7-851f-434f-ab32-318285bc54b1_4_19.json,36db3caf6694ddb553bf71385cc152fe5cdd32b44744411f895c3cedcaabbd99,33146,175 rerun route artifact/status or failure diagnostic,absolute_personal_path_redaction_only
${PROJECT_MSC_ROOT}/direct_r1_visual_only_correction_v13_unified_recovery/runs/direct_r1_visual_only_correction_v11_unified_recovery_remaining_52/route_artifacts/R1VO11:819c8af7-851f-434f-ab32-318285bc54b1_4_23.json,f5f0c3829948f35a64dfbda098d78aa32dd28b989ea0190acb2cefcb70be5c35,28705,artifacts/formal_segments/direct_r1_visual_only_correction_v11_unified_recovery_remaining_52/route_artifacts/R1VO11:819c8af7-851f-434f-ab32-318285bc54b1_4_23.json,475826a4de9c1f5b1c6b168a8127083783e138ea9bb742cba484dcd3a79610cd,28375,175 rerun route artifact/status or failure diagnostic,absolute_personal_path_redaction_only
${PROJECT_MSC_ROOT}/direct_r1_visual_only_correction_v13_unified_recovery/runs/direct_r1_visual_only_correction_v11_unified_recovery_remaining_52/route_artifacts/R1VO11:819c8af7-851f-434f-ab32-318285bc54b1_4_30.json,a32db6e12b7cae59e1c911e44538de7de8d2f21cea1c8fe1478285b337c86c86,29009,artifacts/formal_segments/direct_r1_visual_only_correction_v11_unified_recovery_remaining_52/route_artifacts/R1VO11:819c8af7-851f-434f-ab32-318285bc54b1_4_30.json,2bb7cede7ff13024fd492b581211084295849c5a5fe3bc23a7ffeb0028c66db4,28701,175 rerun route artifact/status or failure diagnostic,absolute_personal_path_redaction_only
${PROJECT_MSC_ROOT}/direct_r1_visual_only_correction_v13_unified_recovery/runs/direct_r1_visual_only_correction_v11_unified_recovery_remaining_52/route_artifacts/R1VO11:819c8af7-851f-434f-ab32-318285bc54b1_4_4.json,2ee91c30d4853645bb50eba6faa2422ba9de6c97bfbd66e336fc24f7ca4dfc28,28863,artifacts/formal_segments/direct_r1_visual_only_correction_v11_unified_recovery_remaining_52/route_artifacts/R1VO11:819c8af7-851f-434f-ab32-318285bc54b1_4_4.json,b3d00bb743066aa497386055676ff144f814877572ad9565938ae76eb9efc3a3,28555,175 rerun route artifact/status or failure diagnostic,absolute_personal_path_redaction_only
${PROJECT_MSC_ROOT}/direct_r1_visual_only_correction_v13_unified_recovery/runs/direct_r1_visual_only_correction_v11_unified_recovery_remaining_52/route_artifacts/R1VO11:819c8af7-851f-434f-ab32-318285bc54b1_5_11.json,3ffb6a6d8205f1258265939ad0092f5d2ff38b0eb4751d970e395622fcbd60ca,34382,artifacts/formal_segments/direct_r1_visual_only_correction_v11_unified_recovery_remaining_52/route_artifacts/R1VO11:819c8af7-851f-434f-ab32-318285bc54b1_5_11.json,caa6cba71f5b69cf8dd7640578963719b9166b39d87b998fa233c0109b774da5,34030,175 rerun route artifact/status or failure diagnostic,absolute_personal_path_redaction_only
${PROJECT_MSC_ROOT}/direct_r1_visual_only_correction_v13_unified_recovery/runs/direct_r1_visual_only_correction_v11_unified_recovery_remaining_52/route_artifacts/R1VO11:819c8af7-851f-434f-ab32-318285bc54b1_5_25.json,23b227a4caf5cf34cd2b996e61f8b009f5dd72aef2cef8b3f0715daff2e9e8dc,33322,artifacts/formal_segments/direct_r1_visual_only_correction_v11_unified_recovery_remaining_52/route_artifacts/R1VO11:819c8af7-851f-434f-ab32-318285bc54b1_5_25.json,09bee09337f5e9d9801856e182d48fa8405b7c2cc362ae1bd61cceb761067e7b,32970,175 rerun route artifact/status or failure diagnostic,absolute_personal_path_redaction_only
${PROJECT_MSC_ROOT}/direct_r1_visual_only_correction_v13_unified_recovery/runs/direct_r1_visual_only_correction_v11_unified_recovery_remaining_52/route_artifacts/R1VO11:819c8af7-851f-434f-ab32-318285bc54b1_5_28.json,5e09338ffcd7f8d08f0772aaf31800a85a8c3de40805fd8bd16086d4d4f1db76,24692,artifacts/formal_segments/direct_r1_visual_only_correction_v11_unified_recovery_remaining_52/route_artifacts/R1VO11:819c8af7-851f-434f-ab32-318285bc54b1_5_28.json,baa5c8c346ad906559984116ffc131f0118bf7415c56e99164154e55651a1277,24428,175 rerun route artifact/status or failure diagnostic,absolute_personal_path_redaction_only
${PROJECT_MSC_ROOT}/direct_r1_visual_only_correction_v13_unified_recovery/runs/direct_r1_visual_only_correction_v11_unified_recovery_remaining_52/route_artifacts/R1VO11:819c8af7-851f-434f-ab32-318285bc54b1_7_17.json,f6fb4ba322f49dc358e8d534dd00be57030168ac40f521c9a0dff5b093259d11,32852,artifacts/formal_segments/direct_r1_visual_only_correction_v11_unified_recovery_remaining_52/route_artifacts/R1VO11:819c8af7-851f-434f-ab32-318285bc54b1_7_17.json,4f048d107355f8f2d1983b7ec9e9c26102a16b06324e59e552df7569d1f90fbf,32522,175 rerun route artifact/status or failure diagnostic,absolute_personal_path_redaction_only
${PROJECT_MSC_ROOT}/direct_r1_visual_only_correction_v13_unified_recovery/runs/direct_r1_visual_only_correction_v11_unified_recovery_remaining_52/route_artifacts/R1VO11:819c8af7-851f-434f-ab32-318285bc54b1_7_21.json,d459147848187c225abd0359e2c6c59f696f6e58f7faab2cc4f7161163b7d128,33639,artifacts/formal_segments/direct_r1_visual_only_correction_v11_unified_recovery_remaining_52/route_artifacts/R1VO11:819c8af7-851f-434f-ab32-318285bc54b1_7_21.json,8d8193badb0a4a3b56639357c9b2db77cbb39426b71ab0b7687e815ba4c6bd08,33287,175 rerun route artifact/status or failure diagnostic,absolute_personal_path_redaction_only
${PROJECT_MSC_ROOT}/direct_r1_visual_only_correction_v13_unified_recovery/runs/direct_r1_visual_only_correction_v11_unified_recovery_remaining_52/route_artifacts/R1VO11:819c8af7-851f-434f-ab32-318285bc54b1_8_1.json,4713e6450efe4d176b69dc140148be34b80bf06ab07debea370d841af1027a4d,33986,artifacts/formal_segments/direct_r1_visual_only_correction_v11_unified_recovery_remaining_52/route_artifacts/R1VO11:819c8af7-851f-434f-ab32-318285bc54b1_8_1.json,147c9dc13a321fa839fd4ce3500fbe78d61e7d5c28ef9afd1807987726a6b85c,33656,175 rerun route artifact/status or failure diagnostic,absolute_personal_path_redaction_only
${PROJECT_MSC_ROOT}/direct_r1_visual_only_correction_v13_unified_recovery/runs/direct_r1_visual_only_correction_v11_unified_recovery_remaining_52/route_artifacts/R1VO11:819c8af7-851f-434f-ab32-318285bc54b1_8_27.json,f76fd73e1f6a5bab3c9ed9705579d4061b6c0fb2afdffd9d04cc092584d96e6f,30266,artifacts/formal_segments/direct_r1_visual_only_correction_v11_unified_recovery_remaining_52/route_artifacts/R1VO11:819c8af7-851f-434f-ab32-318285bc54b1_8_27.json,72e11162ad693054776d70ea882a26bf86ce1939645e2b8a6d3b29f3faab250b,29936,175 rerun route artifact/status or failure diagnostic,absolute_personal_path_redaction_only
${PROJECT_MSC_ROOT}/direct_r1_visual_only_correction_v13_unified_recovery/runs/direct_r1_visual_only_correction_v11_unified_recovery_remaining_52/route_status/R1VO11:7ddbf8a2-5b3e-44cd-b9dc-db17ec06831b_11_12.json,0da06fe33c503de5ca3c551c83a3cdccbec3ecea74dcafd77b348292fa20aa0d,589,artifacts/formal_segments/direct_r1_visual_only_correction_v11_unified_recovery_remaining_52/route_status/R1VO11:7ddbf8a2-5b3e-44cd-b9dc-db17ec06831b_11_12.json,783d68361c0759fe0a51f5f1df869fda1a9fa1830f0a303ee0a2bfc725af7ad3,567,175 rerun route artifact/status or failure diagnostic,absolute_personal_path_redaction_only
${PROJECT_MSC_ROOT}/direct_r1_visual_only_correction_v13_unified_recovery/runs/direct_r1_visual_only_correction_v11_unified_recovery_remaining_52/route_status/R1VO11:7ddbf8a2-5b3e-44cd-b9dc-db17ec06831b_8_10.json,29ae5b1d952ebdea8045899d69cfb869fa58bbae7ad00bb86f2a54d5e1753376,577,artifacts/formal_segments/direct_r1_visual_only_correction_v11_unified_recovery_remaining_52/route_status/R1VO11:7ddbf8a2-5b3e-44cd-b9dc-db17ec06831b_8_10.json,ec667a7649a025b73fc7aa3eeeceee6e42d15bc771c4b95d04aee65f6503fe25,555,175 rerun route artifact/status or failure diagnostic,absolute_personal_path_redaction_only
${PROJECT_MSC_ROOT}/direct_r1_visual_only_correction_v13_unified_recovery/runs/direct_r1_visual_only_correction_v11_unified_recovery_remaining_52/route_status/R1VO11:819c8af7-851f-434f-ab32-318285bc54b1_11_14.json,ca5ef079af6f7726ae76670eac58cadd41301a6a23dc6c5ac696b7a02d6f9e71,744,artifacts/formal_segments/direct_r1_visual_only_correction_v11_unified_recovery_remaining_52/route_status/R1VO11:819c8af7-851f-434f-ab32-318285bc54b1_11_14.json,86f6e7b5f54195e9b5a6939086213515ed2700f3fdf5c921c490d609720d8eca,722,175 rerun route artifact/status or failure diagnostic,absolute_personal_path_redaction_only
${PROJECT_MSC_ROOT}/direct_r1_visual_only_correction_v13_unified_recovery/runs/direct_r1_visual_only_correction_v11_unified_recovery_remaining_52/route_status/R1VO11:819c8af7-851f-434f-ab32-318285bc54b1_12_7.json,e3c3397fdd4d7e6b326bd71c5afaea8180a16f6e7a047e7991066f69bb2b62a7,576,artifacts/formal_segments/direct_r1_visual_only_correction_v11_unified_recovery_remaining_52/route_status/R1VO11:819c8af7-851f-434f-ab32-318285bc54b1_12_7.json,435a22a878bd90e8347557010cbace73f169c8d6cc4277f9d92a0196ee3bf570,554,175 rerun route artifact/status or failure diagnostic,absolute_personal_path_redaction_only
${PROJECT_MSC_ROOT}/direct_r1_visual_only_correction_v13_unified_recovery/runs/direct_r1_visual_only_correction_v11_unified_recovery_remaining_52/route_status/R1VO11:819c8af7-851f-434f-ab32-318285bc54b1_17_20.json,bf916c4905def331f3f2b82ab394a6d027ca01f72c0fe17d1d2accde60831861,576,artifacts/formal_segments/direct_r1_visual_only_correction_v11_unified_recovery_remaining_52/route_status/R1VO11:819c8af7-851f-434f-ab32-318285bc54b1_17_20.json,592bf9c005255c93e95de3069dde0db9cfca4201edea6ed530f3e2ebe2775a01,554,175 rerun route artifact/status or failure diagnostic,absolute_personal_path_redaction_only
${PROJECT_MSC_ROOT}/direct_r1_visual_only_correction_v13_unified_recovery/runs/direct_r1_visual_only_correction_v11_unified_recovery_remaining_52/route_status/R1VO11:819c8af7-851f-434f-ab32-318285bc54b1_17_22.json,cd978a2ce315edfc3c183c2ba432ce1f838e8e605622c1560167363b16d5c9bf,579,artifacts/formal_segments/direct_r1_visual_only_correction_v11_unified_recovery_remaining_52/route_status/R1VO11:819c8af7-851f-434f-ab32-318285bc54b1_17_22.json,cdf533ff508f85cf030b52ff74a27f9830763bb5a77a0967ced91b5a8f144980,557,175 rerun route artifact/status or failure diagnostic,absolute_personal_path_redaction_only
${PROJECT_MSC_ROOT}/direct_r1_visual_only_correction_v13_unified_recovery/runs/direct_r1_visual_only_correction_v11_unified_recovery_remaining_52/route_status/R1VO11:819c8af7-851f-434f-ab32-318285bc54b1_17_29.json,7fe6b99428a3cb0cfeb5bf7c940c9c1b89b471d4833dab5d03870ec07b9fc480,577,artifacts/formal_segments/direct_r1_visual_only_correction_v11_unified_recovery_remaining_52/route_status/R1VO11:819c8af7-851f-434f-ab32-318285bc54b1_17_29.json,087696be80ca20a5e2ffecdd57e6f8ff3f03704af7c3f73924e9b0179911dfbf,555,175 rerun route artifact/status or failure diagnostic,absolute_personal_path_redaction_only
${PROJECT_MSC_ROOT}/direct_r1_visual_only_correction_v13_unified_recovery/runs/direct_r1_visual_only_correction_v11_unified_recovery_remaining_52/route_status/R1VO11:819c8af7-851f-434f-ab32-318285bc54b1_18_6.json,80378605d7389f07f4cf248d9c1f35798f721b88e4c2ed5ed7cf3d8064ca00e0,586,artifacts/formal_segments/direct_r1_visual_only_correction_v11_unified_recovery_remaining_52/route_status/R1VO11:819c8af7-851f-434f-ab32-318285bc54b1_18_6.json,f3992d0f158a100402dffdd3d9b667bc214a3ea4ddd658f1f7994f626330f830,564,175 rerun route artifact/status or failure diagnostic,absolute_personal_path_redaction_only
${PROJECT_MSC_ROOT}/direct_r1_visual_only_correction_v13_unified_recovery/runs/direct_r1_visual_only_correction_v11_unified_recovery_remaining_52/route_status/R1VO11:819c8af7-851f-434f-ab32-318285bc54b1_23_5.json,a09788d224816272850d267dab0c59d59a72e83e59e6248f1ac73b692d1369f6,576,artifacts/formal_segments/direct_r1_visual_only_correction_v11_unified_recovery_remaining_52/route_status/R1VO11:819c8af7-851f-434f-ab32-318285bc54b1_23_5.json,e4fb9cd47ea85c06e9f8cec01d99084da2063b162a87e2a42dc7a48e3eb6e606,554,175 rerun route artifact/status or failure diagnostic,absolute_personal_path_redaction_only
${PROJECT_MSC_ROOT}/direct_r1_visual_only_correction_v13_unified_recovery/runs/direct_r1_visual_only_correction_v11_unified_recovery_remaining_52/route_status/R1VO11:819c8af7-851f-434f-ab32-318285bc54b1_3_13.json,dd4a4f161258d1a3862f8c414b6bdbd9f703b4686caa2baca72280efd8b2c06c,577,artifacts/formal_segments/direct_r1_visual_only_correction_v11_unified_recovery_remaining_52/route_status/R1VO11:819c8af7-851f-434f-ab32-318285bc54b1_3_13.json,dbd1174d88e93f15967908921bdb6d8ac7fef874a53eaa553bb2aa7b531c8add,555,175 rerun route artifact/status or failure diagnostic,absolute_personal_path_redaction_only
${PROJECT_MSC_ROOT}/direct_r1_visual_only_correction_v13_unified_recovery/runs/direct_r1_visual_only_correction_v11_unified_recovery_remaining_52/route_status/R1VO11:819c8af7-851f-434f-ab32-318285bc54b1_4_10.json,fdd3899e436bc8662a32709b57b3a581102a192fc4dce1efe5c70e45eb8a98fa,576,artifacts/formal_segments/direct_r1_visual_only_correction_v11_unified_recovery_remaining_52/route_status/R1VO11:819c8af7-851f-434f-ab32-318285bc54b1_4_10.json,e3d597469c28817f9ce6b6fed2b7700d39e8d88f047d2b541424240942e5e27b,554,175 rerun route artifact/status or failure diagnostic,absolute_personal_path_redaction_only
${PROJECT_MSC_ROOT}/direct_r1_visual_only_correction_v13_unified_recovery/runs/direct_r1_visual_only_correction_v11_unified_recovery_remaining_52/route_status/R1VO11:819c8af7-851f-434f-ab32-318285bc54b1_4_19.json,9266c3bfd409e27bd1e16847a2fec67ea64e2cf4cef20b1dc018554393b58d7e,587,artifacts/formal_segments/direct_r1_visual_only_correction_v11_unified_recovery_remaining_52/route_status/R1VO11:819c8af7-851f-434f-ab32-318285bc54b1_4_19.json,a92b26da130bfc403c365bd59efc0b5b1c9c1cf6b1606bd49ad8ffd91f998a69,565,175 rerun route artifact/status or failure diagnostic,absolute_personal_path_redaction_only
${PROJECT_MSC_ROOT}/direct_r1_visual_only_correction_v13_unified_recovery/runs/direct_r1_visual_only_correction_v11_unified_recovery_remaining_52/route_status/R1VO11:819c8af7-851f-434f-ab32-318285bc54b1_4_23.json,49fc2b34078af2b89d6aa17180c9eb95167e5e93d6cb4abd401a5a356cc9614a,576,artifacts/formal_segments/direct_r1_visual_only_correction_v11_unified_recovery_remaining_52/route_status/R1VO11:819c8af7-851f-434f-ab32-318285bc54b1_4_23.json,71c1d0e8ad8d053890e8a2792fe6de9cd413e1980be98594baa9ae27c826bdda,554,175 rerun route artifact/status or failure diagnostic,absolute_personal_path_redaction_only
${PROJECT_MSC_ROOT}/direct_r1_visual_only_correction_v13_unified_recovery/runs/direct_r1_visual_only_correction_v11_unified_recovery_remaining_52/route_status/R1VO11:819c8af7-851f-434f-ab32-318285bc54b1_4_30.json,001b76e7bcae78244cb4a273868007db0750f6ce6cd083803ca2f694f8f77f04,587,artifacts/formal_segments/direct_r1_visual_only_correction_v11_unified_recovery_remaining_52/route_status/R1VO11:819c8af7-851f-434f-ab32-318285bc54b1_4_30.json,9aded05448d647ff34b9e859413f07047c5f90c5aaab9ea7f3764bf1a2e841b4,565,175 rerun route artifact/status or failure diagnostic,absolute_personal_path_redaction_only
${PROJECT_MSC_ROOT}/direct_r1_visual_only_correction_v13_unified_recovery/runs/direct_r1_visual_only_correction_v11_unified_recovery_remaining_52/route_status/R1VO11:819c8af7-851f-434f-ab32-318285bc54b1_4_4.json,8aa3d730b627f40e04e0996cd49c00aebca62e205afe461d14d5a13e7378fa49,574,artifacts/formal_segments/direct_r1_visual_only_correction_v11_unified_recovery_remaining_52/route_status/R1VO11:819c8af7-851f-434f-ab32-318285bc54b1_4_4.json,435c8c4da3ff2b4f997b34042a8ba36b23ae6a3751f160603b77cf7de7a28115,552,175 rerun route artifact/status or failure diagnostic,absolute_personal_path_redaction_only
${PROJECT_MSC_ROOT}/direct_r1_visual_only_correction_v13_unified_recovery/runs/direct_r1_visual_only_correction_v11_unified_recovery_remaining_52/route_status/R1VO11:819c8af7-851f-434f-ab32-318285bc54b1_5_11.json,3d11d8ead083eff727a686ec661900d135b8fdcf1ff742afc8948a5d5b276924,587,artifacts/formal_segments/direct_r1_visual_only_correction_v11_unified_recovery_remaining_52/route_status/R1VO11:819c8af7-851f-434f-ab32-318285bc54b1_5_11.json,3fac613cda3d2b3b5bdb3acaac75dbb7cd38b769d32fac45333226ecd2343af9,565,175 rerun route artifact/status or failure diagnostic,absolute_personal_path_redaction_only
${PROJECT_MSC_ROOT}/direct_r1_visual_only_correction_v13_unified_recovery/runs/direct_r1_visual_only_correction_v11_unified_recovery_remaining_52/route_status/R1VO11:819c8af7-851f-434f-ab32-318285bc54b1_5_25.json,c350cc727f7120a9fe4bb90e85b407e3dddd39ba914d4f706f71fbcffbba265b,576,artifacts/formal_segments/direct_r1_visual_only_correction_v11_unified_recovery_remaining_52/route_status/R1VO11:819c8af7-851f-434f-ab32-318285bc54b1_5_25.json,d764dc3ff3232e40cd765cb4740c9c3aeb4eb594705e17ef17c5ffe56e044192,554,175 rerun route artifact/status or failure diagnostic,absolute_personal_path_redaction_only
${PROJECT_MSC_ROOT}/direct_r1_visual_only_correction_v13_unified_recovery/runs/direct_r1_visual_only_correction_v11_unified_recovery_remaining_52/route_status/R1VO11:819c8af7-851f-434f-ab32-318285bc54b1_5_28.json,4b8088229f0eb6c6adf371841a637a2ff3989ad8e6ba3240f4b5d0828e4dcab1,587,artifacts/formal_segments/direct_r1_visual_only_correction_v11_unified_recovery_remaining_52/route_status/R1VO11:819c8af7-851f-434f-ab32-318285bc54b1_5_28.json,4bfe910869fd19e9713a36f3f00fcd5ad8343e986d2c6df60c579746141b7c42,565,175 rerun route artifact/status or failure diagnostic,absolute_personal_path_redaction_only
${PROJECT_MSC_ROOT}/direct_r1_visual_only_correction_v13_unified_recovery/runs/direct_r1_visual_only_correction_v11_unified_recovery_remaining_52/route_status/R1VO11:819c8af7-851f-434f-ab32-318285bc54b1_7_17.json,c222e18d6bf561956dfa9fe0d8e591e2fe17686d65138b5fa8e0e9ee2f9cdc69,576,artifacts/formal_segments/direct_r1_visual_only_correction_v11_unified_recovery_remaining_52/route_status/R1VO11:819c8af7-851f-434f-ab32-318285bc54b1_7_17.json,fca074d087613c5e03d6cd2fefa13e5668cc741ba79903e728ec628030d760be,554,175 rerun route artifact/status or failure diagnostic,absolute_personal_path_redaction_only
${PROJECT_MSC_ROOT}/direct_r1_visual_only_correction_v13_unified_recovery/runs/direct_r1_visual_only_correction_v11_unified_recovery_remaining_52/route_status/R1VO11:819c8af7-851f-434f-ab32-318285bc54b1_7_21.json,d5b63c27f63fee0679e39c779338509a4b495f799f7f1cd9c40b86369af178b9,576,artifacts/formal_segments/direct_r1_visual_only_correction_v11_unified_recovery_remaining_52/route_status/R1VO11:819c8af7-851f-434f-ab32-318285bc54b1_7_21.json,3244a61f495f448193996148e5734bc6d44a67ce2ac0dd64966023638d967c1f,554,175 rerun route artifact/status or failure diagnostic,absolute_personal_path_redaction_only
${PROJECT_MSC_ROOT}/direct_r1_visual_only_correction_v13_unified_recovery/runs/direct_r1_visual_only_correction_v11_unified_recovery_remaining_52/route_status/R1VO11:819c8af7-851f-434f-ab32-318285bc54b1_8_1.json,95bcca601cca2a7c495187eb00a597a06bad564f6b1ae17b3f3ca1bc90568cc8,585,artifacts/formal_segments/direct_r1_visual_only_correction_v11_unified_recovery_remaining_52/route_status/R1VO11:819c8af7-851f-434f-ab32-318285bc54b1_8_1.json,0ad7a72fbf3f7f2a2dac0dcf6169e9529358fd9ee9a94cc95a61d3528ddf4374,563,175 rerun route artifact/status or failure diagnostic,absolute_personal_path_redaction_only
${PROJECT_MSC_ROOT}/direct_r1_visual_only_correction_v13_unified_recovery/runs/direct_r1_visual_only_correction_v11_unified_recovery_remaining_52/route_status/R1VO11:819c8af7-851f-434f-ab32-318285bc54b1_8_27.json,98c87fddfc1c6b7191d215329a56e1c7ba80c4bf97bf227438c22c5465d52bce,576,artifacts/formal_segments/direct_r1_visual_only_correction_v11_unified_recovery_remaining_52/route_status/R1VO11:819c8af7-851f-434f-ab32-318285bc54b1_8_27.json,5607a4e11cb6efea9c0f99b3c9c22a09405b873fb392e68ee0f3c3b0d2acd280,554,175 rerun route artifact/status or failure diagnostic,absolute_personal_path_redaction_only
${PROJECT_MSC_ROOT}/direct_r1_visual_only_correction_v13_unified_recovery/runs/direct_r1_visual_only_correction_v12_unified_recovery_remaining_30/budget_ledger.json,6ad96b45fefb0a1ef8e68ba2073dbb305bcfc22f99bc432530b64ed7a0df9ccf,1497909,artifacts/formal_segments/direct_r1_visual_only_correction_v12_unified_recovery_remaining_30/budget_ledger.json,3f4f30a0624db068f23383cdd119a2abbb67e31fa8bb66d278d844863b71ad03,1447089,"v8-v13 formal/recovery manifest, lock, ledger, execution record",absolute_personal_path_redaction_only
${PROJECT_MSC_ROOT}/direct_r1_visual_only_correction_v13_unified_recovery/runs/direct_r1_visual_only_correction_v12_unified_recovery_remaining_30/execution_history.jsonl,8c835bcacab123c8d3859032cad7709116dc604c77cf38178edae1faf6097329,490,artifacts/formal_segments/direct_r1_visual_only_correction_v12_unified_recovery_remaining_30/execution_history.jsonl,8c835bcacab123c8d3859032cad7709116dc604c77cf38178edae1faf6097329,490,"v8-v13 formal/recovery manifest, lock, ledger, execution record",byte_for_byte
${PROJECT_MSC_ROOT}/direct_r1_visual_only_correction_v13_unified_recovery/runs/direct_r1_visual_only_correction_v12_unified_recovery_remaining_30/last_execution.json,c74d84c69ae317895c11e9c501a133f8b96f4049fa769309a3467babea44b2dd,555,artifacts/formal_segments/direct_r1_visual_only_correction_v12_unified_recovery_remaining_30/last_execution.json,c74d84c69ae317895c11e9c501a133f8b96f4049fa769309a3467babea44b2dd,555,"v8-v13 formal/recovery manifest, lock, ledger, execution record",byte_for_byte
${PROJECT_MSC_ROOT}/direct_r1_visual_only_correction_v13_unified_recovery/runs/direct_r1_visual_only_correction_v12_unified_recovery_remaining_30/recovery_console.log,c74d84c69ae317895c11e9c501a133f8b96f4049fa769309a3467babea44b2dd,555,artifacts/formal_segments/direct_r1_visual_only_correction_v12_unified_recovery_remaining_30/recovery_console.log,c74d84c69ae317895c11e9c501a133f8b96f4049fa769309a3467babea44b2dd,555,"v8-v13 formal/recovery manifest, lock, ledger, execution record",byte_for_byte
${PROJECT_MSC_ROOT}/direct_r1_visual_only_correction_v13_unified_recovery/runs/direct_r1_visual_only_correction_v12_unified_recovery_remaining_30/recovery_launch_lock_v12.json,a9a505c5f5a57a11fd5b26b0a69ff4aad5e2af822c554f7c5bd7c9bc1c591c57,632,artifacts/formal_segments/direct_r1_visual_only_correction_v12_unified_recovery_remaining_30/recovery_launch_lock_v12.json,a9a505c5f5a57a11fd5b26b0a69ff4aad5e2af822c554f7c5bd7c9bc1c591c57,632,"v8-v13 formal/recovery manifest, lock, ledger, execution record",byte_for_byte
${PROJECT_MSC_ROOT}/direct_r1_visual_only_correction_v13_unified_recovery/runs/direct_r1_visual_only_correction_v12_unified_recovery_remaining_30/recovery_manifest_v12.json,d89d2a8dce094a0207e597ce778ce14105df413525b96607e4d4a0ff0ab2f50c,149792,artifacts/formal_segments/direct_r1_visual_only_correction_v12_unified_recovery_remaining_30/recovery_manifest_v12.json,ec221174aaf1f749318c213cf6671a839bec55b4d6343fe5e101515748ef1e88,143940,"v8-v13 formal/recovery manifest, lock, ledger, execution record",absolute_personal_path_redaction_only
${PROJECT_MSC_ROOT}/direct_r1_visual_only_correction_v13_unified_recovery/runs/direct_r1_visual_only_correction_v12_unified_recovery_remaining_30/route_artifacts/R1VO12:70f2a750-f403-41b8-aabb-480eb3ab4ed4_11_23.json,260622b0f438a5822b9989a77c517573b03b53e2d0bf88e96857e34667d2526b,19011,artifacts/formal_segments/direct_r1_visual_only_correction_v12_unified_recovery_remaining_30/route_artifacts/R1VO12:70f2a750-f403-41b8-aabb-480eb3ab4ed4_11_23.json,b8be31e3b0cec191169ebb4f72cc33b1c41d4cb48dea137ed171efdc48ce3419,18813,175 rerun route artifact/status or failure diagnostic,absolute_personal_path_redaction_only
${PROJECT_MSC_ROOT}/direct_r1_visual_only_correction_v13_unified_recovery/runs/direct_r1_visual_only_correction_v12_unified_recovery_remaining_30/route_artifacts/R1VO12:70f2a750-f403-41b8-aabb-480eb3ab4ed4_17_13.json,d7c85bc04c74d6bbdfe454ed73e4ddcf9021eb6a1b427a70e0473443eae6c0ce,33051,artifacts/formal_segments/direct_r1_visual_only_correction_v12_unified_recovery_remaining_30/route_artifacts/R1VO12:70f2a750-f403-41b8-aabb-480eb3ab4ed4_17_13.json,c8258d952d20fe9935a3b94f5ee57d4f323ecc9b7b6230fc943d0bae55f1b803,32699,175 rerun route artifact/status or failure diagnostic,absolute_personal_path_redaction_only
${PROJECT_MSC_ROOT}/direct_r1_visual_only_correction_v13_unified_recovery/runs/direct_r1_visual_only_correction_v12_unified_recovery_remaining_30/route_artifacts/R1VO12:70f2a750-f403-41b8-aabb-480eb3ab4ed4_17_14.json,2b0affcfc826e9afe6f8b4cbb3d8bc3c0ea3eaea58e117dd385452d4c69dd9d1,28703,artifacts/formal_segments/direct_r1_visual_only_correction_v12_unified_recovery_remaining_30/route_artifacts/R1VO12:70f2a750-f403-41b8-aabb-480eb3ab4ed4_17_14.json,302de526c3604e26a26901f4fb409b8f0580ee0746d645592dc6f7c2f0a85ad3,28373,175 rerun route artifact/status or failure diagnostic,absolute_personal_path_redaction_only
${PROJECT_MSC_ROOT}/direct_r1_visual_only_correction_v13_unified_recovery/runs/direct_r1_visual_only_correction_v12_unified_recovery_remaining_30/route_artifacts/R1VO12:70f2a750-f403-41b8-aabb-480eb3ab4ed4_17_31.json,a18906b896c7a8f97d63ffe90681ce994b3bb502e34bf310e6a763c94f89a6b9,32253,artifacts/formal_segments/direct_r1_visual_only_correction_v12_unified_recovery_remaining_30/route_artifacts/R1VO12:70f2a750-f403-41b8-aabb-480eb3ab4ed4_17_31.json,d08ac23c8c1245fd8ab30d0bf60cd572e3fb99d9ca7e06c40c2229ea2c4231ad,31901,175 rerun route artifact/status or failure diagnostic,absolute_personal_path_redaction_only
${PROJECT_MSC_ROOT}/direct_r1_visual_only_correction_v13_unified_recovery/runs/direct_r1_visual_only_correction_v12_unified_recovery_remaining_30/route_artifacts/R1VO12:70f2a750-f403-41b8-aabb-480eb3ab4ed4_17_8.json,27f492598fcdcfb4dc073d255ebfeebb27c7199e071ae06251673af2fa54f88d,23926,artifacts/formal_segments/direct_r1_visual_only_correction_v12_unified_recovery_remaining_30/route_artifacts/R1VO12:70f2a750-f403-41b8-aabb-480eb3ab4ed4_17_8.json,90bde295ba66a36bb276d8049cc01ef40c87262899fe8ddc8fe885238213e256,23662,175 rerun route artifact/status or failure diagnostic,absolute_personal_path_redaction_only
${PROJECT_MSC_ROOT}/direct_r1_visual_only_correction_v13_unified_recovery/runs/direct_r1_visual_only_correction_v12_unified_recovery_remaining_30/route_artifacts/R1VO12:70f2a750-f403-41b8-aabb-480eb3ab4ed4_22_10.json,1a4f59b3c87cb94c7254749ba2ece5349bdf277d41d660a4a0617ad7d05cde3b,18829,artifacts/formal_segments/direct_r1_visual_only_correction_v12_unified_recovery_remaining_30/route_artifacts/R1VO12:70f2a750-f403-41b8-aabb-480eb3ab4ed4_22_10.json,cf911fa7f3d328736531b00d090c0f676e668ee8c853b4f31f675215d8cb5081,18653,175 rerun route artifact/status or failure diagnostic,absolute_personal_path_redaction_only
${PROJECT_MSC_ROOT}/direct_r1_visual_only_correction_v13_unified_recovery/runs/direct_r1_visual_only_correction_v12_unified_recovery_remaining_30/route_artifacts/R1VO12:70f2a750-f403-41b8-aabb-480eb3ab4ed4_22_12.json,33ee1a7d7b392fbb3c584ad492108de23ff8c462603be1ab0a5e0ae1e76e21c1,31549,artifacts/formal_segments/direct_r1_visual_only_correction_v12_unified_recovery_remaining_30/route_artifacts/R1VO12:70f2a750-f403-41b8-aabb-480eb3ab4ed4_22_12.json,23cc825c1471f8764f5d6487b3dd78c3f36827b3565e7010ff0983ea29943df7,31241,175 rerun route artifact/status or failure diagnostic,absolute_personal_path_redaction_only
${PROJECT_MSC_ROOT}/direct_r1_visual_only_correction_v13_unified_recovery/runs/direct_r1_visual_only_correction_v12_unified_recovery_remaining_30/route_artifacts/R1VO12:70f2a750-f403-41b8-aabb-480eb3ab4ed4_4_20.json,18f7c5e6be2ccc8d86b56038b1655badffcb68d4ec764c6e3017ef0aab236847,38636,artifacts/formal_segments/direct_r1_visual_only_correction_v12_unified_recovery_remaining_30/route_artifacts/R1VO12:70f2a750-f403-41b8-aabb-480eb3ab4ed4_4_20.json,5bf33be68f17b7c851e81302767ca633554ff89ee4e9f829769fb3e6ce61d632,38218,175 rerun route artifact/status or failure diagnostic,absolute_personal_path_redaction_only
${PROJECT_MSC_ROOT}/direct_r1_visual_only_correction_v13_unified_recovery/runs/direct_r1_visual_only_correction_v12_unified_recovery_remaining_30/route_artifacts/R1VO12:70f2a750-f403-41b8-aabb-480eb3ab4ed4_4_27.json,0a9b4a9fef9a6945a0f32bb7082190e567a65eb7edb8f37e14d2567a232d5704,24223,artifacts/formal_segments/direct_r1_visual_only_correction_v12_unified_recovery_remaining_30/route_artifacts/R1VO12:70f2a750-f403-41b8-aabb-480eb3ab4ed4_4_27.json,5852c09fe9240f9d5c474d56bc9ee1452dc3756a7932cf9ff022cf1ec45e040e,23959,175 rerun route artifact/status or failure diagnostic,absolute_personal_path_redaction_only
${PROJECT_MSC_ROOT}/direct_r1_visual_only_correction_v13_unified_recovery/runs/direct_r1_visual_only_correction_v12_unified_recovery_remaining_30/route_artifacts/R1VO12:70f2a750-f403-41b8-aabb-480eb3ab4ed4_4_6.json,3f5eb969977e9a7a36f7cbada0228c2d451e3dacab1d00b99ec3ae6b08f567af,19275,artifacts/formal_segments/direct_r1_visual_only_correction_v12_unified_recovery_remaining_30/route_artifacts/R1VO12:70f2a750-f403-41b8-aabb-480eb3ab4ed4_4_6.json,dd6ec87ef94778218738473630010e693f71892dfa9be02bf5790200a1f2bd02,19077,175 rerun route artifact/status or failure diagnostic,absolute_personal_path_redaction_only
${PROJECT_MSC_ROOT}/direct_r1_visual_only_correction_v13_unified_recovery/runs/direct_r1_visual_only_correction_v12_unified_recovery_remaining_30/route_artifacts/R1VO12:70f2a750-f403-41b8-aabb-480eb3ab4ed4_7_4.json,6df5b3162b941f63989e28fa17d21f0ea87bc4d7dfd45d79979d23f8ba38ba37,49408,artifacts/formal_segments/direct_r1_visual_only_correction_v12_unified_recovery_remaining_30/route_artifacts/R1VO12:70f2a750-f403-41b8-aabb-480eb3ab4ed4_7_4.json,bca15591bf6ed02c8f397512961d4d7ebb46fa62ddc886b8b87b948211898378,49078,175 rerun route artifact/status or failure diagnostic,absolute_personal_path_redaction_only
${PROJECT_MSC_ROOT}/direct_r1_visual_only_correction_v13_unified_recovery/runs/direct_r1_visual_only_correction_v12_unified_recovery_remaining_30/route_artifacts/R1VO12:70f2a750-f403-41b8-aabb-480eb3ab4ed4_7_5.json,cd313e5a2a7d020032b245246a2448932b922cc7092443a6f1b8ef1193f6e5ba,50306,artifacts/formal_segments/direct_r1_visual_only_correction_v12_unified_recovery_remaining_30/route_artifacts/R1VO12:70f2a750-f403-41b8-aabb-480eb3ab4ed4_7_5.json,c1eb47ccfaf56d4ddbbf6425c72734067eb82a6073b58a5f871fb3164a69a89a,49910,175 rerun route artifact/status or failure diagnostic,absolute_personal_path_redaction_only
${PROJECT_MSC_ROOT}/direct_r1_visual_only_correction_v13_unified_recovery/runs/direct_r1_visual_only_correction_v12_unified_recovery_remaining_30/route_artifacts/R1VO12:70f2a750-f403-41b8-aabb-480eb3ab4ed4_8_2.json,b0b59c5d2e78b9e7ded9faf333aad36b819a63fcd8dc286b4c23d5f8b4bb3c43,29636,artifacts/formal_segments/direct_r1_visual_only_correction_v12_unified_recovery_remaining_30/route_artifacts/R1VO12:70f2a750-f403-41b8-aabb-480eb3ab4ed4_8_2.json,2b0400332423d73961b4144ad0c86da353bcb8d3f7b451fe95d798eda9a584cd,29306,175 rerun route artifact/status or failure diagnostic,absolute_personal_path_redaction_only
${PROJECT_MSC_ROOT}/direct_r1_visual_only_correction_v13_unified_recovery/runs/direct_r1_visual_only_correction_v12_unified_recovery_remaining_30/route_artifacts/R1VO12:819c8af7-851f-434f-ab32-318285bc54b1_11_24.json,70cbf3ce3c34e422c1f0443c36b930511dc7f2d09eb48840162be7374880af1a,33369,artifacts/formal_segments/direct_r1_visual_only_correction_v12_unified_recovery_remaining_30/route_artifacts/R1VO12:819c8af7-851f-434f-ab32-318285bc54b1_11_24.json,db6679c308e3414a3784b9c10924fb294c7661f756af15ab38fb1c226320d151,33017,175 rerun route artifact/status or failure diagnostic,absolute_personal_path_redaction_only
${PROJECT_MSC_ROOT}/direct_r1_visual_only_correction_v13_unified_recovery/runs/direct_r1_visual_only_correction_v12_unified_recovery_remaining_30/route_artifacts/R1VO12:819c8af7-851f-434f-ab32-318285bc54b1_11_3.json,0485d9c6be91eacf218d58d7849146b49a1843f2697f3670f07213beb73ad3bf,19331,artifacts/formal_segments/direct_r1_visual_only_correction_v12_unified_recovery_remaining_30/route_artifacts/R1VO12:819c8af7-851f-434f-ab32-318285bc54b1_11_3.json,a151b56636dcd716836e45bf3ff7c18384217c2f78784f69b5dae7f21ce00850,19133,175 rerun route artifact/status or failure diagnostic,absolute_personal_path_redaction_only
${PROJECT_MSC_ROOT}/direct_r1_visual_only_correction_v13_unified_recovery/runs/direct_r1_visual_only_correction_v12_unified_recovery_remaining_30/route_artifacts/R1VO12:819c8af7-851f-434f-ab32-318285bc54b1_17_26.json,47ca961d1ab60ff939d21c920f423528e7b1f758c4c21ecc20355f111ce84b9b,27371,artifacts/formal_segments/direct_r1_visual_only_correction_v12_unified_recovery_remaining_30/route_artifacts/R1VO12:819c8af7-851f-434f-ab32-318285bc54b1_17_26.json,4b528c22b6ec613d40848f7d2524e1f9bda350f79d644723ac4696b047002eb0,27063,175 rerun route artifact/status or failure diagnostic,absolute_personal_path_redaction_only
${PROJECT_MSC_ROOT}/direct_r1_visual_only_correction_v13_unified_recovery/runs/direct_r1_visual_only_correction_v12_unified_recovery_remaining_30/route_artifacts/R1VO12:819c8af7-851f-434f-ab32-318285bc54b1_3_12.json,de180ab74deccf08aefca1049a9738767c13d8bc5248f294e6a8432a673597a3,19662,artifacts/formal_segments/direct_r1_visual_only_correction_v12_unified_recovery_remaining_30/route_artifacts/R1VO12:819c8af7-851f-434f-ab32-318285bc54b1_3_12.json,3d1d37dc6646d777418323e2786c82f480790fccee7f19e20387d223929e3785,19464,175 rerun route artifact/status or failure diagnostic,absolute_personal_path_redaction_only
${PROJECT_MSC_ROOT}/direct_r1_visual_only_correction_v13_unified_recovery/runs/direct_r1_visual_only_correction_v12_unified_recovery_remaining_30/route_artifacts/R1VO12:819c8af7-851f-434f-ab32-318285bc54b1_4_2.json,d4adee12ad672e8560285807926af77af132311dca598ffa1d2da576ca60d396,29288,artifacts/formal_segments/direct_r1_visual_only_correction_v12_unified_recovery_remaining_30/route_artifacts/R1VO12:819c8af7-851f-434f-ab32-318285bc54b1_4_2.json,d27336d6af24d0847dd3f4493cefdfdf353ba8b563ddb283a1c2ec0af36a8548,28958,175 rerun route artifact/status or failure diagnostic,absolute_personal_path_redaction_only
${PROJECT_MSC_ROOT}/direct_r1_visual_only_correction_v13_unified_recovery/runs/direct_r1_visual_only_correction_v12_unified_recovery_remaining_30/route_status/R1VO12:70f2a750-f403-41b8-aabb-480eb3ab4ed4_11_23.json,8072f605d0d6ccf1bbe2a4a8bd8d245cfe02e70e00678af830cbfa9e62cb6a50,577,artifacts/formal_segments/direct_r1_visual_only_correction_v12_unified_recovery_remaining_30/route_status/R1VO12:70f2a750-f403-41b8-aabb-480eb3ab4ed4_11_23.json,8bb163fa0b9594427f2a74d9c9b6c853cc2aad1f2bd939c777459321c877adc5,555,175 rerun route artifact/status or failure diagnostic,absolute_personal_path_redaction_only
${PROJECT_MSC_ROOT}/direct_r1_visual_only_correction_v13_unified_recovery/runs/direct_r1_visual_only_correction_v12_unified_recovery_remaining_30/route_status/R1VO12:70f2a750-f403-41b8-aabb-480eb3ab4ed4_17_13.json,f79254416a20e9bc69ebbcc277c99ef1d8e643c20e78f5f2cb15ea449313640d,588,artifacts/formal_segments/direct_r1_visual_only_correction_v12_unified_recovery_remaining_30/route_status/R1VO12:70f2a750-f403-41b8-aabb-480eb3ab4ed4_17_13.json,06edd59df4cc13a76390766fcf18d3db756f30150af41e7390395e20a62ab436,566,175 rerun route artifact/status or failure diagnostic,absolute_personal_path_redaction_only
${PROJECT_MSC_ROOT}/direct_r1_visual_only_correction_v13_unified_recovery/runs/direct_r1_visual_only_correction_v12_unified_recovery_remaining_30/route_status/R1VO12:70f2a750-f403-41b8-aabb-480eb3ab4ed4_17_14.json,be6fe03ec2dd9dff73449e037457b839e91a57863cb4c46d555557e3ff623d11,589,artifacts/formal_segments/direct_r1_visual_only_correction_v12_unified_recovery_remaining_30/route_status/R1VO12:70f2a750-f403-41b8-aabb-480eb3ab4ed4_17_14.json,2775c783e298ce5d76aa8bd478794d61c8080989485d149aa639e1c7f382eab9,567,175 rerun route artifact/status or failure diagnostic,absolute_personal_path_redaction_only
${PROJECT_MSC_ROOT}/direct_r1_visual_only_correction_v13_unified_recovery/runs/direct_r1_visual_only_correction_v12_unified_recovery_remaining_30/route_status/R1VO12:70f2a750-f403-41b8-aabb-480eb3ab4ed4_17_31.json,d8f0f6d92d356736eba740404944fa24fa4c7539a6d07224475e2087aab64949,589,artifacts/formal_segments/direct_r1_visual_only_correction_v12_unified_recovery_remaining_30/route_status/R1VO12:70f2a750-f403-41b8-aabb-480eb3ab4ed4_17_31.json,ee059ad325e24db76bd2b21701d1ee0aa85c736198bae65434f8ae46b5daad69,567,175 rerun route artifact/status or failure diagnostic,absolute_personal_path_redaction_only
${PROJECT_MSC_ROOT}/direct_r1_visual_only_correction_v13_unified_recovery/runs/direct_r1_visual_only_correction_v12_unified_recovery_remaining_30/route_status/R1VO12:70f2a750-f403-41b8-aabb-480eb3ab4ed4_17_8.json,80e12cee15d92309133be6a5f125b674d6c89087595aae7a4a3dd0041150bb46,575,artifacts/formal_segments/direct_r1_visual_only_correction_v12_unified_recovery_remaining_30/route_status/R1VO12:70f2a750-f403-41b8-aabb-480eb3ab4ed4_17_8.json,94569b8e9d5a9d7309ad673448541185bb3f0a5c2c3bc2d8cb38b3ad43f5737e,553,175 rerun route artifact/status or failure diagnostic,absolute_personal_path_redaction_only
${PROJECT_MSC_ROOT}/direct_r1_visual_only_correction_v13_unified_recovery/runs/direct_r1_visual_only_correction_v12_unified_recovery_remaining_30/route_status/R1VO12:70f2a750-f403-41b8-aabb-480eb3ab4ed4_22_10.json,8490f549b722729251188e2821e1c22d00b88f62dd3259c63e8f534ef1f70f94,577,artifacts/formal_segments/direct_r1_visual_only_correction_v12_unified_recovery_remaining_30/route_status/R1VO12:70f2a750-f403-41b8-aabb-480eb3ab4ed4_22_10.json,71c9d36e33a49a715c8335ea19a11e6db32a248528996e3a6439c6d2453549a1,555,175 rerun route artifact/status or failure diagnostic,absolute_personal_path_redaction_only
${PROJECT_MSC_ROOT}/direct_r1_visual_only_correction_v13_unified_recovery/runs/direct_r1_visual_only_correction_v12_unified_recovery_remaining_30/route_status/R1VO12:70f2a750-f403-41b8-aabb-480eb3ab4ed4_22_12.json,118c350661fc8e74e707dc0112fd74a63e9f8442e5be426d02ccd4bde1d80cf8,578,artifacts/formal_segments/direct_r1_visual_only_correction_v12_unified_recovery_remaining_30/route_status/R1VO12:70f2a750-f403-41b8-aabb-480eb3ab4ed4_22_12.json,92d7b2d38888633a80d6fa471f7fac43bf73d5052423635fc4581309c4ec91cb,556,175 rerun route artifact/status or failure diagnostic,absolute_personal_path_redaction_only
${PROJECT_MSC_ROOT}/direct_r1_visual_only_correction_v13_unified_recovery/runs/direct_r1_visual_only_correction_v12_unified_recovery_remaining_30/route_status/R1VO12:70f2a750-f403-41b8-aabb-480eb3ab4ed4_4_20.json,1c6cef8a4a4d1a2dd2bc5186e1205f4d053ccd660c00af73ab8ebb42eef68a77,751,artifacts/formal_segments/direct_r1_visual_only_correction_v12_unified_recovery_remaining_30/route_status/R1VO12:70f2a750-f403-41b8-aabb-480eb3ab4ed4_4_20.json,f81d3726e5d726e138590aa2b7436533a023bd9a2bde432fa57fbcc81d335124,729,175 rerun route artifact/status or failure diagnostic,absolute_personal_path_redaction_only
${PROJECT_MSC_ROOT}/direct_r1_visual_only_correction_v13_unified_recovery/runs/direct_r1_visual_only_correction_v12_unified_recovery_remaining_30/route_status/R1VO12:70f2a750-f403-41b8-aabb-480eb3ab4ed4_4_27.json,d3d7272858000c4feb9e4ed64f8abe07571fb5f4f23e829baf306fa918a23757,576,artifacts/formal_segments/direct_r1_visual_only_correction_v12_unified_recovery_remaining_30/route_status/R1VO12:70f2a750-f403-41b8-aabb-480eb3ab4ed4_4_27.json,f9cfda7fe83b3405a3f32e831651c5faf201dd5721ecb988f683740efddcf9e9,554,175 rerun route artifact/status or failure diagnostic,absolute_personal_path_redaction_only
${PROJECT_MSC_ROOT}/direct_r1_visual_only_correction_v13_unified_recovery/runs/direct_r1_visual_only_correction_v12_unified_recovery_remaining_30/route_status/R1VO12:70f2a750-f403-41b8-aabb-480eb3ab4ed4_4_6.json,a5e6b570b2e85de3b485ab7e5e643e8a771ffa47fef8f9e41711900a0f1de94e,573,artifacts/formal_segments/direct_r1_visual_only_correction_v12_unified_recovery_remaining_30/route_status/R1VO12:70f2a750-f403-41b8-aabb-480eb3ab4ed4_4_6.json,d95498c5e98fabdee576c6a3e4219770fe444d927496c34185921012cd422704,551,175 rerun route artifact/status or failure diagnostic,absolute_personal_path_redaction_only
${PROJECT_MSC_ROOT}/direct_r1_visual_only_correction_v13_unified_recovery/runs/direct_r1_visual_only_correction_v12_unified_recovery_remaining_30/route_status/R1VO12:70f2a750-f403-41b8-aabb-480eb3ab4ed4_7_4.json,6e7e33f737d85d9b02349883159fb5b1c3d940ae5e1aa64c2e0196a360f109bd,576,artifacts/formal_segments/direct_r1_visual_only_correction_v12_unified_recovery_remaining_30/route_status/R1VO12:70f2a750-f403-41b8-aabb-480eb3ab4ed4_7_4.json,9a4b04e75d6692a901ebde98da8e9d983a1c5c360944dbb9693c6c95f45765c9,554,175 rerun route artifact/status or failure diagnostic,absolute_personal_path_redaction_only
${PROJECT_MSC_ROOT}/direct_r1_visual_only_correction_v13_unified_recovery/runs/direct_r1_visual_only_correction_v12_unified_recovery_remaining_30/route_status/R1VO12:70f2a750-f403-41b8-aabb-480eb3ab4ed4_7_5.json,490805d71080a4867b77f3c6fa7d9c3d25adad35e9a686c154bfd1e123bb0994,586,artifacts/formal_segments/direct_r1_visual_only_correction_v12_unified_recovery_remaining_30/route_status/R1VO12:70f2a750-f403-41b8-aabb-480eb3ab4ed4_7_5.json,7023bf054eb5ce633406cbf0a1c57f3fe5b5ac6722428b843e4173e14c7d7fad,564,175 rerun route artifact/status or failure diagnostic,absolute_personal_path_redaction_only
${PROJECT_MSC_ROOT}/direct_r1_visual_only_correction_v13_unified_recovery/runs/direct_r1_visual_only_correction_v12_unified_recovery_remaining_30/route_status/R1VO12:70f2a750-f403-41b8-aabb-480eb3ab4ed4_8_2.json,517538a099c86231440cd9cdb5fb5690275395fdd7a8c05e3e2fbdb962cf6ef9,574,artifacts/formal_segments/direct_r1_visual_only_correction_v12_unified_recovery_remaining_30/route_status/R1VO12:70f2a750-f403-41b8-aabb-480eb3ab4ed4_8_2.json,caa737bf5ea5bfc50f94d2cc7a9bc1b8ca0130dfab1eda45616cd8917730fc03,552,175 rerun route artifact/status or failure diagnostic,absolute_personal_path_redaction_only
${PROJECT_MSC_ROOT}/direct_r1_visual_only_correction_v13_unified_recovery/runs/direct_r1_visual_only_correction_v12_unified_recovery_remaining_30/route_status/R1VO12:819c8af7-851f-434f-ab32-318285bc54b1_11_24.json,6e240b2d2b87b8e8cfafd2f6d6ce0dbab75bb8d7801bd8b37eba08860178d5fc,578,artifacts/formal_segments/direct_r1_visual_only_correction_v12_unified_recovery_remaining_30/route_status/R1VO12:819c8af7-851f-434f-ab32-318285bc54b1_11_24.json,e9bba49cce1d8d88707634586478ee8be3198ea9ade7fc39fcc972a92df8b36e,556,175 rerun route artifact/status or failure diagnostic,absolute_personal_path_redaction_only
${PROJECT_MSC_ROOT}/direct_r1_visual_only_correction_v13_unified_recovery/runs/direct_r1_visual_only_correction_v12_unified_recovery_remaining_30/route_status/R1VO12:819c8af7-851f-434f-ab32-318285bc54b1_11_3.json,e7e631893d5bed095e044d324b0785ea69b11ace88d48980875b4314d267e269,575,artifacts/formal_segments/direct_r1_visual_only_correction_v12_unified_recovery_remaining_30/route_status/R1VO12:819c8af7-851f-434f-ab32-318285bc54b1_11_3.json,3ca3ad27facf9e6163d7e27dd5f623066afd140668b1e633c51c90747b2600ac,553,175 rerun route artifact/status or failure diagnostic,absolute_personal_path_redaction_only
${PROJECT_MSC_ROOT}/direct_r1_visual_only_correction_v13_unified_recovery/runs/direct_r1_visual_only_correction_v12_unified_recovery_remaining_30/route_status/R1VO12:819c8af7-851f-434f-ab32-318285bc54b1_17_26.json,f41110c944033686c9147f1c8948b91717d0b5e44c38753d59585c4057584065,589,artifacts/formal_segments/direct_r1_visual_only_correction_v12_unified_recovery_remaining_30/route_status/R1VO12:819c8af7-851f-434f-ab32-318285bc54b1_17_26.json,5b430f288bc01aacca1e2087c0f59ab5e82ba43b3963dd46c3157d2c75e84cb1,567,175 rerun route artifact/status or failure diagnostic,absolute_personal_path_redaction_only
${PROJECT_MSC_ROOT}/direct_r1_visual_only_correction_v13_unified_recovery/runs/direct_r1_visual_only_correction_v12_unified_recovery_remaining_30/route_status/R1VO12:819c8af7-851f-434f-ab32-318285bc54b1_3_12.json,63b3b75205542739f50ae7c4326cf102b0f49606147e8bbdf4c1a80ab27a2294,575,artifacts/formal_segments/direct_r1_visual_only_correction_v12_unified_recovery_remaining_30/route_status/R1VO12:819c8af7-851f-434f-ab32-318285bc54b1_3_12.json,14de0e7d20888001f364fcd0ec43b55f14abcf029e8ef9c27001626ff702e4cc,553,175 rerun route artifact/status or failure diagnostic,absolute_personal_path_redaction_only
${PROJECT_MSC_ROOT}/direct_r1_visual_only_correction_v13_unified_recovery/runs/direct_r1_visual_only_correction_v12_unified_recovery_remaining_30/route_status/R1VO12:819c8af7-851f-434f-ab32-318285bc54b1_4_2.json,fbbe9508de18ad7ab765e2d69b409eed0428a3c646bf926cdd3883858340cc94,585,artifacts/formal_segments/direct_r1_visual_only_correction_v12_unified_recovery_remaining_30/route_status/R1VO12:819c8af7-851f-434f-ab32-318285bc54b1_4_2.json,6eb4c42caf45722082df701aa0b0062b39e6fb116358234ef8c388040b3270e3,563,175 rerun route artifact/status or failure diagnostic,absolute_personal_path_redaction_only
${PROJECT_MSC_ROOT}/direct_r1_visual_only_correction_v13_unified_recovery/runs/direct_r1_visual_only_correction_v13_unified_recovery_remaining_12/budget_ledger.json,f7025eb0d8e70e7b7950fe875adc8efc5ba7b05866aea048032c6041f73c65eb,1629448,artifacts/formal_segments/direct_r1_visual_only_correction_v13_unified_recovery_remaining_12/budget_ledger.json,c52c89c8fd0221f8a7ecfde48a8bfc7405b8d16b53453ea932e67ee80840b3d3,1573546,"v8-v13 formal/recovery manifest, lock, ledger, execution record",absolute_personal_path_redaction_only
${PROJECT_MSC_ROOT}/direct_r1_visual_only_correction_v13_unified_recovery/runs/direct_r1_visual_only_correction_v13_unified_recovery_remaining_12/execution_history.jsonl,02ac7126544c7aa3049c47936af23e3312e6a1d32efbc134a5373daf22b83128,442,artifacts/formal_segments/direct_r1_visual_only_correction_v13_unified_recovery_remaining_12/execution_history.jsonl,02ac7126544c7aa3049c47936af23e3312e6a1d32efbc134a5373daf22b83128,442,"v8-v13 formal/recovery manifest, lock, ledger, execution record",byte_for_byte
${PROJECT_MSC_ROOT}/direct_r1_visual_only_correction_v13_unified_recovery/runs/direct_r1_visual_only_correction_v13_unified_recovery_remaining_12/last_execution.json,ca7ffdcbe6d05f82fe6154719d1e728c67c7f6bd2c2b9b82b02ee450cceeea86,503,artifacts/formal_segments/direct_r1_visual_only_correction_v13_unified_recovery_remaining_12/last_execution.json,ca7ffdcbe6d05f82fe6154719d1e728c67c7f6bd2c2b9b82b02ee450cceeea86,503,"v8-v13 formal/recovery manifest, lock, ledger, execution record",byte_for_byte
${PROJECT_MSC_ROOT}/direct_r1_visual_only_correction_v13_unified_recovery/runs/direct_r1_visual_only_correction_v13_unified_recovery_remaining_12/recovery_console.log,ca7ffdcbe6d05f82fe6154719d1e728c67c7f6bd2c2b9b82b02ee450cceeea86,503,artifacts/formal_segments/direct_r1_visual_only_correction_v13_unified_recovery_remaining_12/recovery_console.log,ca7ffdcbe6d05f82fe6154719d1e728c67c7f6bd2c2b9b82b02ee450cceeea86,503,"v8-v13 formal/recovery manifest, lock, ledger, execution record",byte_for_byte
${PROJECT_MSC_ROOT}/direct_r1_visual_only_correction_v13_unified_recovery/runs/direct_r1_visual_only_correction_v13_unified_recovery_remaining_12/recovery_launch_lock_v13.json,25f282694c2727a99926d63c2f773f8bad26ce11a0d93c0f4b3a8a00ae0dd1fa,633,artifacts/formal_segments/direct_r1_visual_only_correction_v13_unified_recovery_remaining_12/recovery_launch_lock_v13.json,25f282694c2727a99926d63c2f773f8bad26ce11a0d93c0f4b3a8a00ae0dd1fa,633,"v8-v13 formal/recovery manifest, lock, ledger, execution record",byte_for_byte
${PROJECT_MSC_ROOT}/direct_r1_visual_only_correction_v13_unified_recovery/runs/direct_r1_visual_only_correction_v13_unified_recovery_remaining_12/recovery_manifest_v13.json,629870ab6c17d7648becd868c8468d40f712466f05101d5833f2d1c975375d97,139195,artifacts/formal_segments/direct_r1_visual_only_correction_v13_unified_recovery_remaining_12/recovery_manifest_v13.json,f97a01d36b49ed44e812adffb47bc1d374ca539f1459b05372e678229875f133,133717,"v8-v13 formal/recovery manifest, lock, ledger, execution record",absolute_personal_path_redaction_only
${PROJECT_MSC_ROOT}/direct_r1_visual_only_correction_v13_unified_recovery/runs/direct_r1_visual_only_correction_v13_unified_recovery_remaining_12/route_artifacts/R1VO13:70f2a750-f403-41b8-aabb-480eb3ab4ed4_11_7.json,7944faebf0a55a0f97fa5da00ae558e3b717bd061342dead389d14c8849fc162,27853,artifacts/formal_segments/direct_r1_visual_only_correction_v13_unified_recovery_remaining_12/route_artifacts/R1VO13:70f2a750-f403-41b8-aabb-480eb3ab4ed4_11_7.json,43cadcd5fc1dd9634c0a1bc9c4d62e6a918f8b1ca1b3da6b96dfaa3a7b5b8ce9,27545,175 rerun route artifact/status or failure diagnostic,absolute_personal_path_redaction_only
${PROJECT_MSC_ROOT}/direct_r1_visual_only_correction_v13_unified_recovery/runs/direct_r1_visual_only_correction_v13_unified_recovery_remaining_12/route_artifacts/R1VO13:70f2a750-f403-41b8-aabb-480eb3ab4ed4_12_17.json,1e3f92686907d61482e4bf4b1eb8495638fe30cccaa69207c2461b4a8bbb7a97,34649,artifacts/formal_segments/direct_r1_visual_only_correction_v13_unified_recovery_remaining_12/route_artifacts/R1VO13:70f2a750-f403-41b8-aabb-480eb3ab4ed4_12_17.json,fc72c8c5c98162e380ccd96195ce2a89dccea3a1cf79ba014086f05c1dc33108,34297,175 rerun route artifact/status or failure diagnostic,absolute_personal_path_redaction_only
${PROJECT_MSC_ROOT}/direct_r1_visual_only_correction_v13_unified_recovery/runs/direct_r1_visual_only_correction_v13_unified_recovery_remaining_12/route_artifacts/R1VO13:70f2a750-f403-41b8-aabb-480eb3ab4ed4_17_16.json,329154e2de47d2358bfd386d3f13eaba87e4f3777776c8e5668965678e355ad5,31153,artifacts/formal_segments/direct_r1_visual_only_correction_v13_unified_recovery_remaining_12/route_artifacts/R1VO13:70f2a750-f403-41b8-aabb-480eb3ab4ed4_17_16.json,90ab261dc26f44fc51ec5f4dc7bf47bac6a01fd43ee26ac9e59cb69409efc209,30845,175 rerun route artifact/status or failure diagnostic,absolute_personal_path_redaction_only
${PROJECT_MSC_ROOT}/direct_r1_visual_only_correction_v13_unified_recovery/runs/direct_r1_visual_only_correction_v13_unified_recovery_remaining_12/route_artifacts/R1VO13:70f2a750-f403-41b8-aabb-480eb3ab4ed4_17_30.json,1b65cd4541773d0165ad3f9739fee7fd58f104ccd275d9f38f02a0cf58558078,32466,artifacts/formal_segments/direct_r1_visual_only_correction_v13_unified_recovery_remaining_12/route_artifacts/R1VO13:70f2a750-f403-41b8-aabb-480eb3ab4ed4_17_30.json,0d4dac89b9f50b85db26c249be477023832a89306974973c549c3e1397e55423,32114,175 rerun route artifact/status or failure diagnostic,absolute_personal_path_redaction_only
${PROJECT_MSC_ROOT}/direct_r1_visual_only_correction_v13_unified_recovery/runs/direct_r1_visual_only_correction_v13_unified_recovery_remaining_12/route_artifacts/R1VO13:70f2a750-f403-41b8-aabb-480eb3ab4ed4_17_9.json,2092b70aad910777408d3cefde5a1fc771f183cf6338b30457d348c0e4f52970,19232,artifacts/formal_segments/direct_r1_visual_only_correction_v13_unified_recovery_remaining_12/route_artifacts/R1VO13:70f2a750-f403-41b8-aabb-480eb3ab4ed4_17_9.json,49172e8539300702ced581086306092d62223ffba8b71c0d5f674072ead70d2d,19034,175 rerun route artifact/status or failure diagnostic,absolute_personal_path_redaction_only
${PROJECT_MSC_ROOT}/direct_r1_visual_only_correction_v13_unified_recovery/runs/direct_r1_visual_only_correction_v13_unified_recovery_remaining_12/route_artifacts/R1VO13:70f2a750-f403-41b8-aabb-480eb3ab4ed4_21_26.json,ba699aab57608c1cd4665d7df10a341e73bdf8f31f8fff5881ca2b11663322e9,27725,artifacts/formal_segments/direct_r1_visual_only_correction_v13_unified_recovery_remaining_12/route_artifacts/R1VO13:70f2a750-f403-41b8-aabb-480eb3ab4ed4_21_26.json,7c819b889cd4c273d4db035cc1daaea0dcde0ca7760daa05fa890ab77c99e81e,27483,175 rerun route artifact/status or failure diagnostic,absolute_personal_path_redaction_only
${PROJECT_MSC_ROOT}/direct_r1_visual_only_correction_v13_unified_recovery/runs/direct_r1_visual_only_correction_v13_unified_recovery_remaining_12/route_artifacts/R1VO13:70f2a750-f403-41b8-aabb-480eb3ab4ed4_4_11.json,8264bbe87e63b7396db351824abcbd9333979332890a63f96fbd96e638e74c3e,28613,artifacts/formal_segments/direct_r1_visual_only_correction_v13_unified_recovery_remaining_12/route_artifacts/R1VO13:70f2a750-f403-41b8-aabb-480eb3ab4ed4_4_11.json,4d158402afa4363257d291ffb56e71b5f0b2599eb79fb35a94b15dacf489ae7e,28305,175 rerun route artifact/status or failure diagnostic,absolute_personal_path_redaction_only
${PROJECT_MSC_ROOT}/direct_r1_visual_only_correction_v13_unified_recovery/runs/direct_r1_visual_only_correction_v13_unified_recovery_remaining_12/route_artifacts/R1VO13:70f2a750-f403-41b8-aabb-480eb3ab4ed4_4_15.json,fec02529ce15ddbb2c09e09fc068bfff6e05bb31d1b8be01d8ec5c79d7b416d2,34018,artifacts/formal_segments/direct_r1_visual_only_correction_v13_unified_recovery_remaining_12/route_artifacts/R1VO13:70f2a750-f403-41b8-aabb-480eb3ab4ed4_4_15.json,3e59b0ec9de00baaf29caa59aa61391c1a3ef5113334e3734c048c4433ea0de3,33666,175 rerun route artifact/status or failure diagnostic,absolute_personal_path_redaction_only
${PROJECT_MSC_ROOT}/direct_r1_visual_only_correction_v13_unified_recovery/runs/direct_r1_visual_only_correction_v13_unified_recovery_remaining_12/route_artifacts/R1VO13:70f2a750-f403-41b8-aabb-480eb3ab4ed4_5_19.json,ac9e243f6f5c60c146eee9fb903e5fb8b94fd5c4a70b8983504cf67b37de18c1,34890,artifacts/formal_segments/direct_r1_visual_only_correction_v13_unified_recovery_remaining_12/route_artifacts/R1VO13:70f2a750-f403-41b8-aabb-480eb3ab4ed4_5_19.json,5589e9a151e683b73a207912819f696dc223022ee1fa6a6f60cc27ddb49c2cb0,34516,175 rerun route artifact/status or failure diagnostic,absolute_personal_path_redaction_only
${PROJECT_MSC_ROOT}/direct_r1_visual_only_correction_v13_unified_recovery/runs/direct_r1_visual_only_correction_v13_unified_recovery_remaining_12/route_artifacts/R1VO13:70f2a750-f403-41b8-aabb-480eb3ab4ed4_6_32.json,7c0f73edbf94ce54d530eaae0eca91ad4005dababc3449716c3cb48535ae26a9,32132,artifacts/formal_segments/direct_r1_visual_only_correction_v13_unified_recovery_remaining_12/route_artifacts/R1VO13:70f2a750-f403-41b8-aabb-480eb3ab4ed4_6_32.json,7e29cfd93236767b6c47dc84d6c247d15f76988b460921abd55fd7d9cc833153,31802,175 rerun route artifact/status or failure diagnostic,absolute_personal_path_redaction_only
${PROJECT_MSC_ROOT}/direct_r1_visual_only_correction_v13_unified_recovery/runs/direct_r1_visual_only_correction_v13_unified_recovery_remaining_12/route_artifacts/R1VO13:70f2a750-f403-41b8-aabb-480eb3ab4ed4_7_28.json,14bbb1e46327cb8be37637fecde7ed44cb683170d71cb21745576b6edb63d3db,50906,artifacts/formal_segments/direct_r1_visual_only_correction_v13_unified_recovery_remaining_12/route_artifacts/R1VO13:70f2a750-f403-41b8-aabb-480eb3ab4ed4_7_28.json,c3eae0b19a63a0546693de827883063b7240f69f9f62275116aa8f926eba6fb1,50576,175 rerun route artifact/status or failure diagnostic,absolute_personal_path_redaction_only
${PROJECT_MSC_ROOT}/direct_r1_visual_only_correction_v13_unified_recovery/runs/direct_r1_visual_only_correction_v13_unified_recovery_remaining_12/route_artifacts/R1VO13:70f2a750-f403-41b8-aabb-480eb3ab4ed4_7_29.json,338eb56b441fb7154c01ffe57ef9b0e1b8a852a2cafb992c2c7aa56bbbef48f8,16956,artifacts/formal_segments/direct_r1_visual_only_correction_v13_unified_recovery_remaining_12/route_artifacts/R1VO13:70f2a750-f403-41b8-aabb-480eb3ab4ed4_7_29.json,24a9a886981e271742ec35f4178e220ce0ab6386359b91313c35ad94596f0f42,16824,175 rerun route artifact/status or failure diagnostic,absolute_personal_path_redaction_only
${PROJECT_MSC_ROOT}/direct_r1_visual_only_correction_v13_unified_recovery/runs/direct_r1_visual_only_correction_v13_unified_recovery_remaining_12/route_status/R1VO13:70f2a750-f403-41b8-aabb-480eb3ab4ed4_11_7.json,b6256ba58079d7b20d7beaed8984a0f9958e126e6f9c8c4886b3f99ef676a3e6,576,artifacts/formal_segments/direct_r1_visual_only_correction_v13_unified_recovery_remaining_12/route_status/R1VO13:70f2a750-f403-41b8-aabb-480eb3ab4ed4_11_7.json,df96d48de611132b7826cbf4f4c50512525da6bad26f74c9a07e68af80920332,554,175 rerun route artifact/status or failure diagnostic,absolute_personal_path_redaction_only
${PROJECT_MSC_ROOT}/direct_r1_visual_only_correction_v13_unified_recovery/runs/direct_r1_visual_only_correction_v13_unified_recovery_remaining_12/route_status/R1VO13:70f2a750-f403-41b8-aabb-480eb3ab4ed4_12_17.json,dee885bbc1afecda67003891dd34dd4ab4b80f800039107f198beb449bdef681,578,artifacts/formal_segments/direct_r1_visual_only_correction_v13_unified_recovery_remaining_12/route_status/R1VO13:70f2a750-f403-41b8-aabb-480eb3ab4ed4_12_17.json,f113a0250b30c9ff7c053ef4cd72991b91a0b46ffc2277388b004393348b9981,556,175 rerun route artifact/status or failure diagnostic,absolute_personal_path_redaction_only
${PROJECT_MSC_ROOT}/direct_r1_visual_only_correction_v13_unified_recovery/runs/direct_r1_visual_only_correction_v13_unified_recovery_remaining_12/route_status/R1VO13:70f2a750-f403-41b8-aabb-480eb3ab4ed4_17_16.json,3d84818699eebff46b678602e5dce955f7254b5271948737ba628392c216d0d2,648,artifacts/formal_segments/direct_r1_visual_only_correction_v13_unified_recovery_remaining_12/route_status/R1VO13:70f2a750-f403-41b8-aabb-480eb3ab4ed4_17_16.json,f1646d0f51b82366e8982ddb80fed35454d3f71f015232eec91580a12048ab91,626,175 rerun route artifact/status or failure diagnostic,absolute_personal_path_redaction_only
${PROJECT_MSC_ROOT}/direct_r1_visual_only_correction_v13_unified_recovery/runs/direct_r1_visual_only_correction_v13_unified_recovery_remaining_12/route_status/R1VO13:70f2a750-f403-41b8-aabb-480eb3ab4ed4_17_30.json,0d02e174b831e85e4aa42c6819555d1b14664df3869cb5e550211ac896b64de5,578,artifacts/formal_segments/direct_r1_visual_only_correction_v13_unified_recovery_remaining_12/route_status/R1VO13:70f2a750-f403-41b8-aabb-480eb3ab4ed4_17_30.json,a7da6b80149088a7e807e6e232e2c0f47e771c668d0d288fcdf29a8becac1afa,556,175 rerun route artifact/status or failure diagnostic,absolute_personal_path_redaction_only
${PROJECT_MSC_ROOT}/direct_r1_visual_only_correction_v13_unified_recovery/runs/direct_r1_visual_only_correction_v13_unified_recovery_remaining_12/route_status/R1VO13:70f2a750-f403-41b8-aabb-480eb3ab4ed4_17_9.json,d6d287b745ce023ba5011323120e52264f232cc14fe50958062a752774b34146,575,artifacts/formal_segments/direct_r1_visual_only_correction_v13_unified_recovery_remaining_12/route_status/R1VO13:70f2a750-f403-41b8-aabb-480eb3ab4ed4_17_9.json,cf92d5c848f2e2e84510d7be0ff4387d910550226bcdd6bb8b814035ea211216,553,175 rerun route artifact/status or failure diagnostic,absolute_personal_path_redaction_only
${PROJECT_MSC_ROOT}/direct_r1_visual_only_correction_v13_unified_recovery/runs/direct_r1_visual_only_correction_v13_unified_recovery_remaining_12/route_status/R1VO13:70f2a750-f403-41b8-aabb-480eb3ab4ed4_21_26.json,c0047c2ea517ba1bf75a19ca23158b47ea87964d3fd1f896bda3d44964a0c988,578,artifacts/formal_segments/direct_r1_visual_only_correction_v13_unified_recovery_remaining_12/route_status/R1VO13:70f2a750-f403-41b8-aabb-480eb3ab4ed4_21_26.json,e841444a037c68beb121ae234dd4f83a16f7f3e647591f45832a4dfed5051edd,556,175 rerun route artifact/status or failure diagnostic,absolute_personal_path_redaction_only
${PROJECT_MSC_ROOT}/direct_r1_visual_only_correction_v13_unified_recovery/runs/direct_r1_visual_only_correction_v13_unified_recovery_remaining_12/route_status/R1VO13:70f2a750-f403-41b8-aabb-480eb3ab4ed4_4_11.json,cdd0dfd4459191891f7e6ee5d5c7df772da420a72650e3fea405c808734547a5,587,artifacts/formal_segments/direct_r1_visual_only_correction_v13_unified_recovery_remaining_12/route_status/R1VO13:70f2a750-f403-41b8-aabb-480eb3ab4ed4_4_11.json,b7889fa90e254901aa5cbe2d4d17ebf466d5e31744cb61f7ab9c52c38908a588,565,175 rerun route artifact/status or failure diagnostic,absolute_personal_path_redaction_only
${PROJECT_MSC_ROOT}/direct_r1_visual_only_correction_v13_unified_recovery/runs/direct_r1_visual_only_correction_v13_unified_recovery_remaining_12/route_status/R1VO13:70f2a750-f403-41b8-aabb-480eb3ab4ed4_4_15.json,8f2ae3a82239387b32eb94c226f0409b6eba72f0aba804aaf12c2e1c423c63e3,587,artifacts/formal_segments/direct_r1_visual_only_correction_v13_unified_recovery_remaining_12/route_status/R1VO13:70f2a750-f403-41b8-aabb-480eb3ab4ed4_4_15.json,9f610fc111f4b02625c3d0b4d4ec3080f057305de5db63f1fd30ba060c6af695,565,175 rerun route artifact/status or failure diagnostic,absolute_personal_path_redaction_only
${PROJECT_MSC_ROOT}/direct_r1_visual_only_correction_v13_unified_recovery/runs/direct_r1_visual_only_correction_v13_unified_recovery_remaining_12/route_status/R1VO13:70f2a750-f403-41b8-aabb-480eb3ab4ed4_5_19.json,345b8cb1b43d28184febe9df01e386cb1ed15341aef58e5b66e11676cf675c70,576,artifacts/formal_segments/direct_r1_visual_only_correction_v13_unified_recovery_remaining_12/route_status/R1VO13:70f2a750-f403-41b8-aabb-480eb3ab4ed4_5_19.json,6f295766e440b6b801be290c75767a3340b76bb3a32341084efe58de36c982b7,554,175 rerun route artifact/status or failure diagnostic,absolute_personal_path_redaction_only
${PROJECT_MSC_ROOT}/direct_r1_visual_only_correction_v13_unified_recovery/runs/direct_r1_visual_only_correction_v13_unified_recovery_remaining_12/route_status/R1VO13:70f2a750-f403-41b8-aabb-480eb3ab4ed4_6_32.json,cc678c9cc50deeda72021943b05bd444031604ba62fbd2af32c896e56461ead2,586,artifacts/formal_segments/direct_r1_visual_only_correction_v13_unified_recovery_remaining_12/route_status/R1VO13:70f2a750-f403-41b8-aabb-480eb3ab4ed4_6_32.json,3dc45748d5a522ca5834b1dbc9d3842bbc74d84b89c606af915a23420fe1489a,564,175 rerun route artifact/status or failure diagnostic,absolute_personal_path_redaction_only
${PROJECT_MSC_ROOT}/direct_r1_visual_only_correction_v13_unified_recovery/runs/direct_r1_visual_only_correction_v13_unified_recovery_remaining_12/route_status/R1VO13:70f2a750-f403-41b8-aabb-480eb3ab4ed4_7_28.json,aa4c5ce4c78ad733630e4fe4df4e1947dc610572ec254e590a5dfbee2707bc76,578,artifacts/formal_segments/direct_r1_visual_only_correction_v13_unified_recovery_remaining_12/route_status/R1VO13:70f2a750-f403-41b8-aabb-480eb3ab4ed4_7_28.json,a8495aca3cde273f4c2e2a337a3b7912bcb35343f7a8c53f09ba34e9d9ef39ad,556,175 rerun route artifact/status or failure diagnostic,absolute_personal_path_redaction_only
${PROJECT_MSC_ROOT}/direct_r1_visual_only_correction_v13_unified_recovery/runs/direct_r1_visual_only_correction_v13_unified_recovery_remaining_12/route_status/R1VO13:70f2a750-f403-41b8-aabb-480eb3ab4ed4_7_29.json,5f4d1f391ba315c8b7bb0654eb38cc4d4b7becee030610edf19980f51b0f8119,575,artifacts/formal_segments/direct_r1_visual_only_correction_v13_unified_recovery_remaining_12/route_status/R1VO13:70f2a750-f403-41b8-aabb-480eb3ab4ed4_7_29.json,52d660c2f6dd235e3698c3f4d1529dbe06ca1bcc4cfa1deaa4ac0b05b446e1ac,553,175 rerun route artifact/status or failure diagnostic,absolute_personal_path_redaction_only
${PROJECT_MSC_ROOT}/direct_r1_visual_only_correction_v13_unified_recovery/runs/direct_r1_visual_only_correction_v8_formal_175/budget_ledger.json,c86f944e666f5699493df912a249ceb54179ebd28d07efa82c9ad20a6dcb927c,173671,artifacts/formal_segments/direct_r1_visual_only_correction_v8_formal_175/budget_ledger.json,3d22f961483b5fb4d538c50f7e271622fb9d304fde9f0645bf76c6e9de8e97ae,173121,"v8-v13 formal/recovery manifest, lock, ledger, execution record",absolute_personal_path_redaction_only
${PROJECT_MSC_ROOT}/direct_r1_visual_only_correction_v13_unified_recovery/runs/direct_r1_visual_only_correction_v8_formal_175/execution_history.jsonl,e5cc35ce2f64f1ba3ae3c2405c41090357af06b12875f957957e5ff19f941455,484,artifacts/formal_segments/direct_r1_visual_only_correction_v8_formal_175/execution_history.jsonl,e5cc35ce2f64f1ba3ae3c2405c41090357af06b12875f957957e5ff19f941455,484,"v8-v13 formal/recovery manifest, lock, ledger, execution record",byte_for_byte
${PROJECT_MSC_ROOT}/direct_r1_visual_only_correction_v13_unified_recovery/runs/direct_r1_visual_only_correction_v8_formal_175/formal_console.log,bbbc60bfb2a9434f063d1e9510c21be02099846f2754952a3a49697e8463c0b3,549,artifacts/formal_segments/direct_r1_visual_only_correction_v8_formal_175/formal_console.log,bbbc60bfb2a9434f063d1e9510c21be02099846f2754952a3a49697e8463c0b3,549,"v8-v13 formal/recovery manifest, lock, ledger, execution record",byte_for_byte
${PROJECT_MSC_ROOT}/direct_r1_visual_only_correction_v13_unified_recovery/runs/direct_r1_visual_only_correction_v8_formal_175/formal_launch_lock_visual_only_correction_v8.json,c2af48f13c934e15bd056cc2ff404c96841fea94200a50d4a49aa2648a98edc8,1285,artifacts/formal_segments/direct_r1_visual_only_correction_v8_formal_175/formal_launch_lock_visual_only_correction_v8.json,66dc8bdd3310d80eef4c095af8747e486fd454779ed27608c256b5cad64c9d4c,1241,"v8-v13 formal/recovery manifest, lock, ledger, execution record",absolute_personal_path_redaction_only
${PROJECT_MSC_ROOT}/direct_r1_visual_only_correction_v13_unified_recovery/runs/direct_r1_visual_only_correction_v8_formal_175/formal_manifest_visual_only_correction_v8.json,d556d817cc0ba6b49f0dfa7b6e4cf291387f9a5f55aa86ec02d7cb0b80517c61,230327,artifacts/formal_segments/direct_r1_visual_only_correction_v8_formal_175/formal_manifest_visual_only_correction_v8.json,3bfadac0125eb5f29b0fbd147bec9798cfc977161cb599288b1c251e1948ec8e,221901,"v8-v13 formal/recovery manifest, lock, ledger, execution record",absolute_personal_path_redaction_only
${PROJECT_MSC_ROOT}/direct_r1_visual_only_correction_v13_unified_recovery/runs/direct_r1_visual_only_correction_v8_formal_175/last_execution.json,bbbc60bfb2a9434f063d1e9510c21be02099846f2754952a3a49697e8463c0b3,549,artifacts/formal_segments/direct_r1_visual_only_correction_v8_formal_175/last_execution.json,bbbc60bfb2a9434f063d1e9510c21be02099846f2754952a3a49697e8463c0b3,549,"v8-v13 formal/recovery manifest, lock, ledger, execution record",byte_for_byte
${PROJECT_MSC_ROOT}/direct_r1_visual_only_correction_v13_unified_recovery/runs/direct_r1_visual_only_correction_v8_formal_175/route_artifacts/R1VO8:4572b198-2c1c-4920-bcf0-95fcebe12261_13_1.json,13ca8955a62b8c821d5821b82c7a2fda0ad1b61f36aca40b95309f86418f144c,40374,artifacts/formal_segments/direct_r1_visual_only_correction_v8_formal_175/route_artifacts/R1VO8:4572b198-2c1c-4920-bcf0-95fcebe12261_13_1.json,2e0346a540bccfd612cb1a7d06cd1bb80a7b983f3f0f6428adf76e8fd3905964,40044,175 rerun route artifact/status or failure diagnostic,absolute_personal_path_redaction_only
${PROJECT_MSC_ROOT}/direct_r1_visual_only_correction_v13_unified_recovery/runs/direct_r1_visual_only_correction_v8_formal_175/route_artifacts/R1VO8:4572b198-2c1c-4920-bcf0-95fcebe12261_4_23.json,cca8eb26434f1f94c65eb2bb31d3fb85b96147aa8aa2fd2c5a59280070fe16e1,40052,artifacts/formal_segments/direct_r1_visual_only_correction_v8_formal_175/route_artifacts/R1VO8:4572b198-2c1c-4920-bcf0-95fcebe12261_4_23.json,e6b3abc85de119a4cb3862ef8c9d8cd0d08cdf02be96669526425b86aa9bf9af,39634,175 rerun route artifact/status or failure diagnostic,absolute_personal_path_redaction_only
${PROJECT_MSC_ROOT}/direct_r1_visual_only_correction_v13_unified_recovery/runs/direct_r1_visual_only_correction_v8_formal_175/route_artifacts/R1VO8:6fd90f8d-7a4d-425d-a812-3268db0b0342_11_29.json,cf9d684d3bcfd5280c43ca37ee7efbd2ccf0d2ef7c9281e5ea453b0c64513312,33458,artifacts/formal_segments/direct_r1_visual_only_correction_v8_formal_175/route_artifacts/R1VO8:6fd90f8d-7a4d-425d-a812-3268db0b0342_11_29.json,577ad3c5717de4dec4bc3c3556745bf4150d42bc2f2e5738221e7a379fa8e842,33084,175 rerun route artifact/status or failure diagnostic,absolute_personal_path_redaction_only
${PROJECT_MSC_ROOT}/direct_r1_visual_only_correction_v13_unified_recovery/runs/direct_r1_visual_only_correction_v8_formal_175/route_artifacts/R1VO8:6fd90f8d-7a4d-425d-a812-3268db0b0342_12_28.json,cedd2ba243df4843c8656b2b373a3f7b6dff42742332fad115c6ee7684e8095f,32419,artifacts/formal_segments/direct_r1_visual_only_correction_v8_formal_175/route_artifacts/R1VO8:6fd90f8d-7a4d-425d-a812-3268db0b0342_12_28.json,d14978af8e0995662d67b7f5a0c250b880a6f7cb7d25644e93b2ec4595dcd5cd,32067,175 rerun route artifact/status or failure diagnostic,absolute_personal_path_redaction_only
${PROJECT_MSC_ROOT}/direct_r1_visual_only_correction_v13_unified_recovery/runs/direct_r1_visual_only_correction_v8_formal_175/route_artifacts/R1VO8:6fd90f8d-7a4d-425d-a812-3268db0b0342_13_2.json,8bdb13b1ec5220d08006f733775db1648da955ef5ed2ed58005ff9fd6c6fd6a3,32901,artifacts/formal_segments/direct_r1_visual_only_correction_v8_formal_175/route_artifacts/R1VO8:6fd90f8d-7a4d-425d-a812-3268db0b0342_13_2.json,ff06e8df578cc455050276de357a621d4b09e131defb77bd0212a233b1cc9ab6,32549,175 rerun route artifact/status or failure diagnostic,absolute_personal_path_redaction_only
${PROJECT_MSC_ROOT}/direct_r1_visual_only_correction_v13_unified_recovery/runs/direct_r1_visual_only_correction_v8_formal_175/route_artifacts/R1VO8:6fd90f8d-7a4d-425d-a812-3268db0b0342_14_3.json,5ce8b010cc9eda78fdd40fa13fa868082eaf74317ebd40bbf6ebea4d386c7e58,32521,artifacts/formal_segments/direct_r1_visual_only_correction_v8_formal_175/route_artifacts/R1VO8:6fd90f8d-7a4d-425d-a812-3268db0b0342_14_3.json,808928902de4177a01a7a56fbcfeb9a51d75df51982ab9b04aec761e1710d356,32169,175 rerun route artifact/status or failure diagnostic,absolute_personal_path_redaction_only
${PROJECT_MSC_ROOT}/direct_r1_visual_only_correction_v13_unified_recovery/runs/direct_r1_visual_only_correction_v8_formal_175/route_artifacts/R1VO8:6fd90f8d-7a4d-425d-a812-3268db0b0342_14_4.json,ca482f9668683a4cf22e2c1968df688138ab5729b0caebc30ee1c84d3cdecf4f,33171,artifacts/formal_segments/direct_r1_visual_only_correction_v8_formal_175/route_artifacts/R1VO8:6fd90f8d-7a4d-425d-a812-3268db0b0342_14_4.json,3d6ccebdc6d249b4e9baf1387b8c73cca10000dcac1117e135887a16c9ed0534,32819,175 rerun route artifact/status or failure diagnostic,absolute_personal_path_redaction_only
${PROJECT_MSC_ROOT}/direct_r1_visual_only_correction_v13_unified_recovery/runs/direct_r1_visual_only_correction_v8_formal_175/route_artifacts/R1VO8:6fd90f8d-7a4d-425d-a812-3268db0b0342_14_5.json,8a600762e7cb03efabafd0bf876fdb89d479260047d9b2a65a971921493ad376,32825,artifacts/formal_segments/direct_r1_visual_only_correction_v8_formal_175/route_artifacts/R1VO8:6fd90f8d-7a4d-425d-a812-3268db0b0342_14_5.json,16b144783fbcfecf87640d51645e8a64eb3a61d35b33bdd5274ba2220511a87f,32473,175 rerun route artifact/status or failure diagnostic,absolute_personal_path_redaction_only
${PROJECT_MSC_ROOT}/direct_r1_visual_only_correction_v13_unified_recovery/runs/direct_r1_visual_only_correction_v8_formal_175/route_artifacts/R1VO8:6fd90f8d-7a4d-425d-a812-3268db0b0342_15_2.json,3bd02724441d39025db68351db6cc4c2df38347b418f9be788eb655453446315,35628,artifacts/formal_segments/direct_r1_visual_only_correction_v8_formal_175/route_artifacts/R1VO8:6fd90f8d-7a4d-425d-a812-3268db0b0342_15_2.json,23008b6fac975c95a4204a44767388325959a738085deb9af8a6a3af07e86a98,35232,175 rerun route artifact/status or failure diagnostic,absolute_personal_path_redaction_only
${PROJECT_MSC_ROOT}/direct_r1_visual_only_correction_v13_unified_recovery/runs/direct_r1_visual_only_correction_v8_formal_175/route_artifacts/R1VO8:6fd90f8d-7a4d-425d-a812-3268db0b0342_16_3.json,09131e71d5aebbcb843e4c1328096935113cc3f97b5b22f7ab0a129234acb4a0,31528,artifacts/formal_segments/direct_r1_visual_only_correction_v8_formal_175/route_artifacts/R1VO8:6fd90f8d-7a4d-425d-a812-3268db0b0342_16_3.json,a893c38ad015b3329128b272e42be3bc1fcd93758e13a116d5132751e76817ae,31176,175 rerun route artifact/status or failure diagnostic,absolute_personal_path_redaction_only
${PROJECT_MSC_ROOT}/direct_r1_visual_only_correction_v13_unified_recovery/runs/direct_r1_visual_only_correction_v8_formal_175/route_artifacts/R1VO8:6fd90f8d-7a4d-425d-a812-3268db0b0342_16_4.json,45cc63ee61420e20107f6c3e4c61b39138a200964eee2e3f24ccf39a09881e71,35398,artifacts/formal_segments/direct_r1_visual_only_correction_v8_formal_175/route_artifacts/R1VO8:6fd90f8d-7a4d-425d-a812-3268db0b0342_16_4.json,566a598a137452a855ca7099561a9f3db660d1a6f839d6a4abdf347e29a7df13,35046,175 rerun route artifact/status or failure diagnostic,absolute_personal_path_redaction_only
${PROJECT_MSC_ROOT}/direct_r1_visual_only_correction_v13_unified_recovery/runs/direct_r1_visual_only_correction_v8_formal_175/route_artifacts/R1VO8:6fd90f8d-7a4d-425d-a812-3268db0b0342_16_5.json,00bf584a77349bc4e256ec305e33f6309e117a2188f240294cbd4751e4fd6f53,31936,artifacts/formal_segments/direct_r1_visual_only_correction_v8_formal_175/route_artifacts/R1VO8:6fd90f8d-7a4d-425d-a812-3268db0b0342_16_5.json,d801e68cfdecf6691655ee50a8ba9ecdac212780e4b3ab0f8e23fe25ec322b82,31584,175 rerun route artifact/status or failure diagnostic,absolute_personal_path_redaction_only
${PROJECT_MSC_ROOT}/direct_r1_visual_only_correction_v13_unified_recovery/runs/direct_r1_visual_only_correction_v8_formal_175/route_artifacts/R1VO8:6fd90f8d-7a4d-425d-a812-3268db0b0342_17_25.json,4edde999b380f1d7210d54a7bfd74854227524ead87f0d5e78195a1c4f8551d8,32231,artifacts/formal_segments/direct_r1_visual_only_correction_v8_formal_175/route_artifacts/R1VO8:6fd90f8d-7a4d-425d-a812-3268db0b0342_17_25.json,fefbed93315bc9a92e26093777a5edddc0649b79e0f3f91e61d3f0842aaac7c4,31857,175 rerun route artifact/status or failure diagnostic,absolute_personal_path_redaction_only
${PROJECT_MSC_ROOT}/direct_r1_visual_only_correction_v13_unified_recovery/runs/direct_r1_visual_only_correction_v8_formal_175/route_artifacts/R1VO8:6fd90f8d-7a4d-425d-a812-3268db0b0342_17_36.json,49c354a308fcf945fdd7b1703317d816373b4d1fdf1ac1508fa2f2e30865c55a,34270,artifacts/formal_segments/direct_r1_visual_only_correction_v8_formal_175/route_artifacts/R1VO8:6fd90f8d-7a4d-425d-a812-3268db0b0342_17_36.json,8f0315eb9f8f4c44e3090d318ade8338804905edc50a675661f2c3416ae79f63,33874,175 rerun route artifact/status or failure diagnostic,absolute_personal_path_redaction_only
${PROJECT_MSC_ROOT}/direct_r1_visual_only_correction_v13_unified_recovery/runs/direct_r1_visual_only_correction_v8_formal_175/route_artifacts/R1VO8:6fd90f8d-7a4d-425d-a812-3268db0b0342_17_5.json,c40728b7d723eb55ba2911481990cfef55ac21c00568457198b3625faf2546c5,33080,artifacts/formal_segments/direct_r1_visual_only_correction_v8_formal_175/route_artifacts/R1VO8:6fd90f8d-7a4d-425d-a812-3268db0b0342_17_5.json,d0ec36d503af282eda157559d0b11be69993aa74bb0d9584e12b30f985c79bb8,32728,175 rerun route artifact/status or failure diagnostic,absolute_personal_path_redaction_only
${PROJECT_MSC_ROOT}/direct_r1_visual_only_correction_v13_unified_recovery/runs/direct_r1_visual_only_correction_v8_formal_175/route_artifacts/R1VO8:6fd90f8d-7a4d-425d-a812-3268db0b0342_18_16.json,7f07a23ac1368b364f5f2a820b78f6a477eec60a070c64d63b77f3c549434b31,32273,artifacts/formal_segments/direct_r1_visual_only_correction_v8_formal_175/route_artifacts/R1VO8:6fd90f8d-7a4d-425d-a812-3268db0b0342_18_16.json,a0bc49aa97770c0497d31ac90d31335d4afcb0eb09f7335dc40141acadbbb4fe,31943,175 rerun route artifact/status or failure diagnostic,absolute_personal_path_redaction_only
${PROJECT_MSC_ROOT}/direct_r1_visual_only_correction_v13_unified_recovery/runs/direct_r1_visual_only_correction_v8_formal_175/route_artifacts/R1VO8:6fd90f8d-7a4d-425d-a812-3268db0b0342_18_17.json,fa8a4ab0f768f018572dfbb8283116c72c52811b4eb4ab372ff0887ac5dca5a6,14102,artifacts/formal_segments/direct_r1_visual_only_correction_v8_formal_175/route_artifacts/R1VO8:6fd90f8d-7a4d-425d-a812-3268db0b0342_18_17.json,2db691313f78135e1e7b285b743b17cb1702aceb8b3c2f442184e667e0190911,13970,175 rerun route artifact/status or failure diagnostic,absolute_personal_path_redaction_only
${PROJECT_MSC_ROOT}/direct_r1_visual_only_correction_v13_unified_recovery/runs/direct_r1_visual_only_correction_v8_formal_175/route_artifacts/R1VO8:6fd90f8d-7a4d-425d-a812-3268db0b0342_1_1.json,6a902f7eacef051469fd06ff6f2e99311a269a00ae07003cf63fe50824373e43,31822,artifacts/formal_segments/direct_r1_visual_only_correction_v8_formal_175/route_artifacts/R1VO8:6fd90f8d-7a4d-425d-a812-3268db0b0342_1_1.json,03a02e273287fac1cc32d8f9730633a32d3696e606d0a48c140bb90b44cb4b37,31470,175 rerun route artifact/status or failure diagnostic,absolute_personal_path_redaction_only
${PROJECT_MSC_ROOT}/direct_r1_visual_only_correction_v13_unified_recovery/runs/direct_r1_visual_only_correction_v8_formal_175/route_artifacts/R1VO8:6fd90f8d-7a4d-425d-a812-3268db0b0342_21_11.json,d3a3a48caee6694eb4dbecb0c7750f03dec7001e4206b84253e5e364ac892784,19380,artifacts/formal_segments/direct_r1_visual_only_correction_v8_formal_175/route_artifacts/R1VO8:6fd90f8d-7a4d-425d-a812-3268db0b0342_21_11.json,583f5319dee553a2e5da53f8ad261942369131df19372c0cad5752f095ee11cb,19182,175 rerun route artifact/status or failure diagnostic,absolute_personal_path_redaction_only
${PROJECT_MSC_ROOT}/direct_r1_visual_only_correction_v13_unified_recovery/runs/direct_r1_visual_only_correction_v8_formal_175/route_artifacts/R1VO8:6fd90f8d-7a4d-425d-a812-3268db0b0342_3_32.json,650cc43b8bf4fa58f43feaf2bec03e523142dafb9cffa862678760a8c57be741,33729,artifacts/formal_segments/direct_r1_visual_only_correction_v8_formal_175/route_artifacts/R1VO8:6fd90f8d-7a4d-425d-a812-3268db0b0342_3_32.json,4457fe38c4df6a48314f79edac9910f74c6200fc85bb6d707d217060506d5db6,33377,175 rerun route artifact/status or failure diagnostic,absolute_personal_path_redaction_only
${PROJECT_MSC_ROOT}/direct_r1_visual_only_correction_v13_unified_recovery/runs/direct_r1_visual_only_correction_v8_formal_175/route_artifacts/R1VO8:6fd90f8d-7a4d-425d-a812-3268db0b0342_4_1.json,1c6eb7237317c7fb7e691de695e210e13b0bcf1e9885b2bba325b39965f46d4e,28476,artifacts/formal_segments/direct_r1_visual_only_correction_v8_formal_175/route_artifacts/R1VO8:6fd90f8d-7a4d-425d-a812-3268db0b0342_4_1.json,4ac266bed5d1aaa348850c269e86c7aef42b2d4678aec388c8fa835655897f39,28146,175 rerun route artifact/status or failure diagnostic,absolute_personal_path_redaction_only
${PROJECT_MSC_ROOT}/direct_r1_visual_only_correction_v13_unified_recovery/runs/direct_r1_visual_only_correction_v8_formal_175/route_artifacts/R1VO8:6fd90f8d-7a4d-425d-a812-3268db0b0342_6_8.json,509570a33d8bc4cabc9bcb142e9428a7ab9b29c63f89adcedbae40577ce0e78a,44772,artifacts/formal_segments/direct_r1_visual_only_correction_v8_formal_175/route_artifacts/R1VO8:6fd90f8d-7a4d-425d-a812-3268db0b0342_6_8.json,6bce1bc67b80758e3663243c8540bd77734858a5e9ee75f8adcf404930c45e2f,44398,175 rerun route artifact/status or failure diagnostic,absolute_personal_path_redaction_only
${PROJECT_MSC_ROOT}/direct_r1_visual_only_correction_v13_unified_recovery/runs/direct_r1_visual_only_correction_v8_formal_175/route_artifacts/R1VO8:6fd90f8d-7a4d-425d-a812-3268db0b0342_7_27.json,7353c95aa1cab75c125800ee897e0cbab04543c99cce8544dc42fd7b2c9ae148,18067,artifacts/formal_segments/direct_r1_visual_only_correction_v8_formal_175/route_artifacts/R1VO8:6fd90f8d-7a4d-425d-a812-3268db0b0342_7_27.json,ed28bb237adff09a3053403106e8326ee26787048686508d0463ec26faa451f7,17869,175 rerun route artifact/status or failure diagnostic,absolute_personal_path_redaction_only
${PROJECT_MSC_ROOT}/direct_r1_visual_only_correction_v13_unified_recovery/runs/direct_r1_visual_only_correction_v8_formal_175/route_artifacts/R1VO8:6fd90f8d-7a4d-425d-a812-3268db0b0342_7_7.json,db46995142ebe2c03a0c4413b4baa01280a87194d80cc0cd98a4a6a3e563ea38,19483,artifacts/formal_segments/direct_r1_visual_only_correction_v8_formal_175/route_artifacts/R1VO8:6fd90f8d-7a4d-425d-a812-3268db0b0342_7_7.json,77479e20ef337b25afa40daf6eeea23c1019a76174e8811249aaae09b74f616a,19285,175 rerun route artifact/status or failure diagnostic,absolute_personal_path_redaction_only
${PROJECT_MSC_ROOT}/direct_r1_visual_only_correction_v13_unified_recovery/runs/direct_r1_visual_only_correction_v8_formal_175/route_artifacts/R1VO8:6fd90f8d-7a4d-425d-a812-3268db0b0342_8_10.json,2cd072d9425ae7b20f01d9f4a0f2955338122fa983da3b3b6816e085df0d213e,33695,artifacts/formal_segments/direct_r1_visual_only_correction_v8_formal_175/route_artifacts/R1VO8:6fd90f8d-7a4d-425d-a812-3268db0b0342_8_10.json,9c58e08b580142f3158457122bb677e6b678203b05d3f4d5ce2506e39669f0d8,33365,175 rerun route artifact/status or failure diagnostic,absolute_personal_path_redaction_only
${PROJECT_MSC_ROOT}/direct_r1_visual_only_correction_v13_unified_recovery/runs/direct_r1_visual_only_correction_v8_formal_175/route_artifacts/R1VO8:6fd90f8d-7a4d-425d-a812-3268db0b0342_8_31.json,c0bf718b44d69706d934e58cc8720f85f6ff55b020c58302035daf78fe598125,33426,artifacts/formal_segments/direct_r1_visual_only_correction_v8_formal_175/route_artifacts/R1VO8:6fd90f8d-7a4d-425d-a812-3268db0b0342_8_31.json,24f95c92c671ebc7cf27c14276a714ac9d0fc28dfd640185fa63d48338c78874,33096,175 rerun route artifact/status or failure diagnostic,absolute_personal_path_redaction_only
${PROJECT_MSC_ROOT}/direct_r1_visual_only_correction_v13_unified_recovery/runs/direct_r1_visual_only_correction_v8_formal_175/route_artifacts/R1VO8:6fd90f8d-7a4d-425d-a812-3268db0b0342_8_9.json,faef6506763b34924db0223ed7c702c84dd4f0a2c825e0a7859c4078c2fe0bb4,50262,artifacts/formal_segments/direct_r1_visual_only_correction_v8_formal_175/route_artifacts/R1VO8:6fd90f8d-7a4d-425d-a812-3268db0b0342_8_9.json,8f2507df7e555efe712dd562865855bda6cf5ac9062d6d2faadb1fb8bc9389ae,49668,175 rerun route artifact/status or failure diagnostic,absolute_personal_path_redaction_only
${PROJECT_MSC_ROOT}/direct_r1_visual_only_correction_v13_unified_recovery/runs/direct_r1_visual_only_correction_v8_formal_175/route_status/R1VO8:4572b198-2c1c-4920-bcf0-95fcebe12261_13_1.json,67cdf372f4a47b06d17f2649ff8c6c0c18b6e503416891957fefb435d2270cd9,555,artifacts/formal_segments/direct_r1_visual_only_correction_v8_formal_175/route_status/R1VO8:4572b198-2c1c-4920-bcf0-95fcebe12261_13_1.json,a4e9affa92e676d1f183e612f9a0432d8a704da4b3b0ef9173b14e12e6b4ac86,533,175 rerun route artifact/status or failure diagnostic,absolute_personal_path_redaction_only
${PROJECT_MSC_ROOT}/direct_r1_visual_only_correction_v13_unified_recovery/runs/direct_r1_visual_only_correction_v8_formal_175/route_status/R1VO8:4572b198-2c1c-4920-bcf0-95fcebe12261_4_23.json,9ffce34622a1e67a4e83b48a613aef5cd55cc0965687ea7e24ebcc1153618951,718,artifacts/formal_segments/direct_r1_visual_only_correction_v8_formal_175/route_status/R1VO8:4572b198-2c1c-4920-bcf0-95fcebe12261_4_23.json,eb71d7a88efffe709228dd4c68fcf4fd1649355678412747d94aa6ea44eb47ea,696,175 rerun route artifact/status or failure diagnostic,absolute_personal_path_redaction_only
${PROJECT_MSC_ROOT}/direct_r1_visual_only_correction_v13_unified_recovery/runs/direct_r1_visual_only_correction_v8_formal_175/route_status/R1VO8:6fd90f8d-7a4d-425d-a812-3268db0b0342_11_29.json,6049afac8741af1b6480148006703efdf959e1dbff07762f314c16f0f2569012,566,artifacts/formal_segments/direct_r1_visual_only_correction_v8_formal_175/route_status/R1VO8:6fd90f8d-7a4d-425d-a812-3268db0b0342_11_29.json,6a78fbe1d68e7b5ef999bee81c4831d022b69f5a3f23a61479fadad3eb25f480,544,175 rerun route artifact/status or failure diagnostic,absolute_personal_path_redaction_only
${PROJECT_MSC_ROOT}/direct_r1_visual_only_correction_v13_unified_recovery/runs/direct_r1_visual_only_correction_v8_formal_175/route_status/R1VO8:6fd90f8d-7a4d-425d-a812-3268db0b0342_12_28.json,a3b67fd7d016a05e2dfb8a6fb032ca8d09e46f13cc444b9fd64c6354ad2bc2f0,555,artifacts/formal_segments/direct_r1_visual_only_correction_v8_formal_175/route_status/R1VO8:6fd90f8d-7a4d-425d-a812-3268db0b0342_12_28.json,bd8574d1a24d2d832f89a45a255d9f981b2c1664895e941a8965fffa2fe20334,533,175 rerun route artifact/status or failure diagnostic,absolute_personal_path_redaction_only
${PROJECT_MSC_ROOT}/direct_r1_visual_only_correction_v13_unified_recovery/runs/direct_r1_visual_only_correction_v8_formal_175/route_status/R1VO8:6fd90f8d-7a4d-425d-a812-3268db0b0342_13_2.json,9d89f71beb69a376f52398fff24c5f7d31b9e6d44f6802aedabfc91a122edbca,564,artifacts/formal_segments/direct_r1_visual_only_correction_v8_formal_175/route_status/R1VO8:6fd90f8d-7a4d-425d-a812-3268db0b0342_13_2.json,7ad9adee33bdbeb2c7de2574044077ec38c6983e8ff56f1eeaf7c34d9fd967ec,542,175 rerun route artifact/status or failure diagnostic,absolute_personal_path_redaction_only
${PROJECT_MSC_ROOT}/direct_r1_visual_only_correction_v13_unified_recovery/runs/direct_r1_visual_only_correction_v8_formal_175/route_status/R1VO8:6fd90f8d-7a4d-425d-a812-3268db0b0342_14_3.json,7bffbe0886582bf5a3adc56bc3f2b58fdaaf8e76f3652f8fae4b880287f0e1f6,563,artifacts/formal_segments/direct_r1_visual_only_correction_v8_formal_175/route_status/R1VO8:6fd90f8d-7a4d-425d-a812-3268db0b0342_14_3.json,4ae2e1b99bd9b28315ac1e7a58b01b07fe6c443d747c992baeb3eabd6c7a5641,541,175 rerun route artifact/status or failure diagnostic,absolute_personal_path_redaction_only
${PROJECT_MSC_ROOT}/direct_r1_visual_only_correction_v13_unified_recovery/runs/direct_r1_visual_only_correction_v8_formal_175/route_status/R1VO8:6fd90f8d-7a4d-425d-a812-3268db0b0342_14_4.json,87fe5e02dcb20e38d09a24dbca5af8877afc77395bcbca2bb6cd2bdcda365cda,564,artifacts/formal_segments/direct_r1_visual_only_correction_v8_formal_175/route_status/R1VO8:6fd90f8d-7a4d-425d-a812-3268db0b0342_14_4.json,3ac88bbd1b9c9732df75ba4e6ae575acf41ae5643880fd4faf8ca2f92f49f7eb,542,175 rerun route artifact/status or failure diagnostic,absolute_personal_path_redaction_only
${PROJECT_MSC_ROOT}/direct_r1_visual_only_correction_v13_unified_recovery/runs/direct_r1_visual_only_correction_v8_formal_175/route_status/R1VO8:6fd90f8d-7a4d-425d-a812-3268db0b0342_14_5.json,7a029c10f04d1dab93a698a89a07a8709deb2374ea4b2c67b4be504be0a8cdd6,553,artifacts/formal_segments/direct_r1_visual_only_correction_v8_formal_175/route_status/R1VO8:6fd90f8d-7a4d-425d-a812-3268db0b0342_14_5.json,ee73342b7c44267f094db36b73c54bce412f379f0f6eb21315f3e3dba3694068,531,175 rerun route artifact/status or failure diagnostic,absolute_personal_path_redaction_only
${PROJECT_MSC_ROOT}/direct_r1_visual_only_correction_v13_unified_recovery/runs/direct_r1_visual_only_correction_v8_formal_175/route_status/R1VO8:6fd90f8d-7a4d-425d-a812-3268db0b0342_15_2.json,5c199dfe8cf4c7c0e123598a7a33f5c772d5a5714d5383b90fc853799ef45079,553,artifacts/formal_segments/direct_r1_visual_only_correction_v8_formal_175/route_status/R1VO8:6fd90f8d-7a4d-425d-a812-3268db0b0342_15_2.json,fbb043065fcb2c1578cf774afd6409ee34d49a05011bba7af599d1fffae2e09d,531,175 rerun route artifact/status or failure diagnostic,absolute_personal_path_redaction_only
${PROJECT_MSC_ROOT}/direct_r1_visual_only_correction_v13_unified_recovery/runs/direct_r1_visual_only_correction_v8_formal_175/route_status/R1VO8:6fd90f8d-7a4d-425d-a812-3268db0b0342_16_3.json,66b36872ac283bdfebe7c55da8faf9d65949602e97c2d367005c3924fc0d25d2,564,artifacts/formal_segments/direct_r1_visual_only_correction_v8_formal_175/route_status/R1VO8:6fd90f8d-7a4d-425d-a812-3268db0b0342_16_3.json,5a4ab8e9fe9795f77a7bd2b3323a2fe9725759d78f533ca83be54ae84ee4ea8a,542,175 rerun route artifact/status or failure diagnostic,absolute_personal_path_redaction_only
${PROJECT_MSC_ROOT}/direct_r1_visual_only_correction_v13_unified_recovery/runs/direct_r1_visual_only_correction_v8_formal_175/route_status/R1VO8:6fd90f8d-7a4d-425d-a812-3268db0b0342_16_4.json,5b3ec18952a9234d3cc3d91fe9dedfe769a00833750f5671898d57709762ca3f,563,artifacts/formal_segments/direct_r1_visual_only_correction_v8_formal_175/route_status/R1VO8:6fd90f8d-7a4d-425d-a812-3268db0b0342_16_4.json,bec250996f3264835722e7d4fbe6e1a3f80b624fc77d43d23984d47e113d9be2,541,175 rerun route artifact/status or failure diagnostic,absolute_personal_path_redaction_only
${PROJECT_MSC_ROOT}/direct_r1_visual_only_correction_v13_unified_recovery/runs/direct_r1_visual_only_correction_v8_formal_175/route_status/R1VO8:6fd90f8d-7a4d-425d-a812-3268db0b0342_16_5.json,bc967a938d63f2a5194b7a7243703623bc97394f182521bd4134fd87ac155996,553,artifacts/formal_segments/direct_r1_visual_only_correction_v8_formal_175/route_status/R1VO8:6fd90f8d-7a4d-425d-a812-3268db0b0342_16_5.json,3f9a891234e787842555f5a4b0b2afc53dbde2d2953583f360a4fb5e5ad8de6e,531,175 rerun route artifact/status or failure diagnostic,absolute_personal_path_redaction_only
${PROJECT_MSC_ROOT}/direct_r1_visual_only_correction_v13_unified_recovery/runs/direct_r1_visual_only_correction_v8_formal_175/route_status/R1VO8:6fd90f8d-7a4d-425d-a812-3268db0b0342_17_25.json,a60fb5f813dc156c26be78dd7d6b93f92fdf52c5e2db1ce326a7526facb784a6,555,artifacts/formal_segments/direct_r1_visual_only_correction_v8_formal_175/route_status/R1VO8:6fd90f8d-7a4d-425d-a812-3268db0b0342_17_25.json,e2d857a2cd2c7b713cd860abefb4ea741a49699bc0dbe34d93492ea9b88215d4,533,175 rerun route artifact/status or failure diagnostic,absolute_personal_path_redaction_only
${PROJECT_MSC_ROOT}/direct_r1_visual_only_correction_v13_unified_recovery/runs/direct_r1_visual_only_correction_v8_formal_175/route_status/R1VO8:6fd90f8d-7a4d-425d-a812-3268db0b0342_17_36.json,f19742cf4a0717e122e9e2ac62d99046b67e3ad2abb0604052d852d621cd5678,566,artifacts/formal_segments/direct_r1_visual_only_correction_v8_formal_175/route_status/R1VO8:6fd90f8d-7a4d-425d-a812-3268db0b0342_17_36.json,267a19a410aedd2fc26ad4ef20f1727523c2aafa523a0132221d62461a6db43e,544,175 rerun route artifact/status or failure diagnostic,absolute_personal_path_redaction_only
${PROJECT_MSC_ROOT}/direct_r1_visual_only_correction_v13_unified_recovery/runs/direct_r1_visual_only_correction_v8_formal_175/route_status/R1VO8:6fd90f8d-7a4d-425d-a812-3268db0b0342_17_5.json,12db9fbaee188a5aa85a7bba92cf65b864cafd0347d93868d0620e8a6fac2229,553,artifacts/formal_segments/direct_r1_visual_only_correction_v8_formal_175/route_status/R1VO8:6fd90f8d-7a4d-425d-a812-3268db0b0342_17_5.json,f3f0d37075ab0da0206fec0dd6a37ff73a68960eb2add84687dfdcae9e3790cb,531,175 rerun route artifact/status or failure diagnostic,absolute_personal_path_redaction_only
${PROJECT_MSC_ROOT}/direct_r1_visual_only_correction_v13_unified_recovery/runs/direct_r1_visual_only_correction_v8_formal_175/route_status/R1VO8:6fd90f8d-7a4d-425d-a812-3268db0b0342_18_16.json,b98e60d5daf419252e0a1c0f67df699b8ea12aa832ac6c9da0b9189797ac0d54,566,artifacts/formal_segments/direct_r1_visual_only_correction_v8_formal_175/route_status/R1VO8:6fd90f8d-7a4d-425d-a812-3268db0b0342_18_16.json,e945bbd1b16a2e24d672e5a59fbc1a8564942420bb6b09cb729f2af4f4e73d75,544,175 rerun route artifact/status or failure diagnostic,absolute_personal_path_redaction_only
${PROJECT_MSC_ROOT}/direct_r1_visual_only_correction_v13_unified_recovery/runs/direct_r1_visual_only_correction_v8_formal_175/route_status/R1VO8:6fd90f8d-7a4d-425d-a812-3268db0b0342_18_17.json,db03dcbd89cf1b955474b889fb97164527ac295299778fc6d685b7519b0ae6d1,565,artifacts/formal_segments/direct_r1_visual_only_correction_v8_formal_175/route_status/R1VO8:6fd90f8d-7a4d-425d-a812-3268db0b0342_18_17.json,ac6260de0c98de9e67b9b0d7d9947e602ef83305ff17d585d22aba1aa2396567,543,175 rerun route artifact/status or failure diagnostic,absolute_personal_path_redaction_only
${PROJECT_MSC_ROOT}/direct_r1_visual_only_correction_v13_unified_recovery/runs/direct_r1_visual_only_correction_v8_formal_175/route_status/R1VO8:6fd90f8d-7a4d-425d-a812-3268db0b0342_1_1.json,e67e059b2f5b7fe00b990eb71773e91c611be88fb5258f9fae4fbd8f6a320c32,551,artifacts/formal_segments/direct_r1_visual_only_correction_v8_formal_175/route_status/R1VO8:6fd90f8d-7a4d-425d-a812-3268db0b0342_1_1.json,2f27bea5f0f1b0fbeaba15ea5448dbf0ed00147705ba9165d695127ec3058971,529,175 rerun route artifact/status or failure diagnostic,absolute_personal_path_redaction_only
${PROJECT_MSC_ROOT}/direct_r1_visual_only_correction_v13_unified_recovery/runs/direct_r1_visual_only_correction_v8_formal_175/route_status/R1VO8:6fd90f8d-7a4d-425d-a812-3268db0b0342_21_11.json,f6ae295dfa1d28112cfdbfbcc6df77e7bada2299101014d943d3ae40146393a7,554,artifacts/formal_segments/direct_r1_visual_only_correction_v8_formal_175/route_status/R1VO8:6fd90f8d-7a4d-425d-a812-3268db0b0342_21_11.json,806920e4e9fd80e0a1dd85cca08551c41fb89c1d3969ddfd67be3d5d28623b58,532,175 rerun route artifact/status or failure diagnostic,absolute_personal_path_redaction_only
${PROJECT_MSC_ROOT}/direct_r1_visual_only_correction_v13_unified_recovery/runs/direct_r1_visual_only_correction_v8_formal_175/route_status/R1VO8:6fd90f8d-7a4d-425d-a812-3268db0b0342_3_32.json,039bb83cd6cd01ba0fa64ed5d0f971938e9a133823f01dea617c6bb003c036b8,563,artifacts/formal_segments/direct_r1_visual_only_correction_v8_formal_175/route_status/R1VO8:6fd90f8d-7a4d-425d-a812-3268db0b0342_3_32.json,78e1b4bea406f9db49cd6bc93bd3c4752b4290d7fa705bf32627b17738e45151,541,175 rerun route artifact/status or failure diagnostic,absolute_personal_path_redaction_only
${PROJECT_MSC_ROOT}/direct_r1_visual_only_correction_v13_unified_recovery/runs/direct_r1_visual_only_correction_v8_formal_175/route_status/R1VO8:6fd90f8d-7a4d-425d-a812-3268db0b0342_4_1.json,8a28b619f083efb847ac7d8b58e3135c1661cc04e260d28f38624ec49c19746e,551,artifacts/formal_segments/direct_r1_visual_only_correction_v8_formal_175/route_status/R1VO8:6fd90f8d-7a4d-425d-a812-3268db0b0342_4_1.json,b2acee112075614886c694fee14d437769be8edfa38647d2cd1e0b23506b9027,529,175 rerun route artifact/status or failure diagnostic,absolute_personal_path_redaction_only
${PROJECT_MSC_ROOT}/direct_r1_visual_only_correction_v13_unified_recovery/runs/direct_r1_visual_only_correction_v8_formal_175/route_status/R1VO8:6fd90f8d-7a4d-425d-a812-3268db0b0342_6_8.json,e3cb080db82ab798e852876f439ebeac5dc3060334512e67f3b837966cd2df1a,553,artifacts/formal_segments/direct_r1_visual_only_correction_v8_formal_175/route_status/R1VO8:6fd90f8d-7a4d-425d-a812-3268db0b0342_6_8.json,16d38cada9e7c435a313988c6058f33a0ed0d3587e5e9a230ab693e698937296,531,175 rerun route artifact/status or failure diagnostic,absolute_personal_path_redaction_only
${PROJECT_MSC_ROOT}/direct_r1_visual_only_correction_v13_unified_recovery/runs/direct_r1_visual_only_correction_v8_formal_175/route_status/R1VO8:6fd90f8d-7a4d-425d-a812-3268db0b0342_7_27.json,465fae69d15c9fb6c5e6c65b9964298456f18cc816a0df75463d5f65402e34d4,552,artifacts/formal_segments/direct_r1_visual_only_correction_v8_formal_175/route_status/R1VO8:6fd90f8d-7a4d-425d-a812-3268db0b0342_7_27.json,a67c64a68f6812164b9dcf7877aa386ad7c807918e5b4784fe26ffd4dbfae201,530,175 rerun route artifact/status or failure diagnostic,absolute_personal_path_redaction_only
${PROJECT_MSC_ROOT}/direct_r1_visual_only_correction_v13_unified_recovery/runs/direct_r1_visual_only_correction_v8_formal_175/route_status/R1VO8:6fd90f8d-7a4d-425d-a812-3268db0b0342_7_7.json,76199321f9570ee6d16b50ee913aa2458229c0b14cce987742e4eef1c6c69401,550,artifacts/formal_segments/direct_r1_visual_only_correction_v8_formal_175/route_status/R1VO8:6fd90f8d-7a4d-425d-a812-3268db0b0342_7_7.json,ba3b9a129fd3fe853f147ef7da974652f06b12c55722b20d670b51860843d57b,528,175 rerun route artifact/status or failure diagnostic,absolute_personal_path_redaction_only
${PROJECT_MSC_ROOT}/direct_r1_visual_only_correction_v13_unified_recovery/runs/direct_r1_visual_only_correction_v8_formal_175/route_status/R1VO8:6fd90f8d-7a4d-425d-a812-3268db0b0342_8_10.json,f6d4198991ca56e4a473debc1fcf0ad381a98860fc360d9ca60ec74c9d73069b,553,artifacts/formal_segments/direct_r1_visual_only_correction_v8_formal_175/route_status/R1VO8:6fd90f8d-7a4d-425d-a812-3268db0b0342_8_10.json,5e6b0215443600b1ff5905c5af8313e4858125abbfd121aeb7b5629854c3ef6b,531,175 rerun route artifact/status or failure diagnostic,absolute_personal_path_redaction_only
${PROJECT_MSC_ROOT}/direct_r1_visual_only_correction_v13_unified_recovery/runs/direct_r1_visual_only_correction_v8_formal_175/route_status/R1VO8:6fd90f8d-7a4d-425d-a812-3268db0b0342_8_31.json,56c668d7abb56ccbc1f132f466d1bfedb24bc8a8995e392d4f1cb480520bdd01,563,artifacts/formal_segments/direct_r1_visual_only_correction_v8_formal_175/route_status/R1VO8:6fd90f8d-7a4d-425d-a812-3268db0b0342_8_31.json,34e02f387d53319bb59d97c2d091d196de0df9b1698637ddf9c2b7ecf427189a,541,175 rerun route artifact/status or failure diagnostic,absolute_personal_path_redaction_only
${PROJECT_MSC_ROOT}/direct_r1_visual_only_correction_v13_unified_recovery/runs/direct_r1_visual_only_correction_v8_formal_175/route_status/R1VO8:6fd90f8d-7a4d-425d-a812-3268db0b0342_8_9.json,90c3a8f3674933e162e2f4ee337ced4d4119910205827500253d6369a8d3e8b2,552,artifacts/formal_segments/direct_r1_visual_only_correction_v8_formal_175/route_status/R1VO8:6fd90f8d-7a4d-425d-a812-3268db0b0342_8_9.json,1ae238a049ece812408e41b008ec8e25917b9ae401ac7647583f1d548d24c8fa,530,175 rerun route artifact/status or failure diagnostic,absolute_personal_path_redaction_only
${PROJECT_MSC_ROOT}/direct_r1_visual_only_correction_v13_unified_recovery/runs/direct_r1_visual_only_correction_v9_recovery_remaining_148/budget_ledger.json,7ddb488177e2975b794ec5e6284b8f82b1e75524d98a3108160058574176856b,546601,artifacts/formal_segments/direct_r1_visual_only_correction_v9_recovery_remaining_148/budget_ledger.json,2f10e3600717c0388f3133ce4e6fe99a52767ce607d9bdbd57dc1259d86f5715,537383,"v8-v13 formal/recovery manifest, lock, ledger, execution record",absolute_personal_path_redaction_only
${PROJECT_MSC_ROOT}/direct_r1_visual_only_correction_v13_unified_recovery/runs/direct_r1_visual_only_correction_v9_recovery_remaining_148/execution_history.jsonl,6a00780f2ad5777f89eccc4ecf2d243ac85f0fd17d2d0aca2ec51195d8b19d5a,486,artifacts/formal_segments/direct_r1_visual_only_correction_v9_recovery_remaining_148/execution_history.jsonl,6a00780f2ad5777f89eccc4ecf2d243ac85f0fd17d2d0aca2ec51195d8b19d5a,486,"v8-v13 formal/recovery manifest, lock, ledger, execution record",byte_for_byte
${PROJECT_MSC_ROOT}/direct_r1_visual_only_correction_v13_unified_recovery/runs/direct_r1_visual_only_correction_v9_recovery_remaining_148/last_execution.json,3c969f7fffbaaa3fdfddff1aa8de0e68d8539c69aa9860b2f68b7a273fdccdcc,551,artifacts/formal_segments/direct_r1_visual_only_correction_v9_recovery_remaining_148/last_execution.json,3c969f7fffbaaa3fdfddff1aa8de0e68d8539c69aa9860b2f68b7a273fdccdcc,551,"v8-v13 formal/recovery manifest, lock, ledger, execution record",byte_for_byte
${PROJECT_MSC_ROOT}/direct_r1_visual_only_correction_v13_unified_recovery/runs/direct_r1_visual_only_correction_v9_recovery_remaining_148/recovery_console.log,3c969f7fffbaaa3fdfddff1aa8de0e68d8539c69aa9860b2f68b7a273fdccdcc,551,artifacts/formal_segments/direct_r1_visual_only_correction_v9_recovery_remaining_148/recovery_console.log,3c969f7fffbaaa3fdfddff1aa8de0e68d8539c69aa9860b2f68b7a273fdccdcc,551,"v8-v13 formal/recovery manifest, lock, ledger, execution record",byte_for_byte
${PROJECT_MSC_ROOT}/direct_r1_visual_only_correction_v13_unified_recovery/runs/direct_r1_visual_only_correction_v9_recovery_remaining_148/recovery_launch_lock_v9.json,a1246d363233e9d019e8096a2fb0f8de41c77d179c4a9cc5e5eb08e16fe868a4,984,artifacts/formal_segments/direct_r1_visual_only_correction_v9_recovery_remaining_148/recovery_launch_lock_v9.json,d538d1fe64adba2a85c344bd67d6b7c9f68e61d0e996b95a0fab790b5f54f954,962,"v8-v13 formal/recovery manifest, lock, ledger, execution record",absolute_personal_path_redaction_only
${PROJECT_MSC_ROOT}/direct_r1_visual_only_correction_v13_unified_recovery/runs/direct_r1_visual_only_correction_v9_recovery_remaining_148/recovery_manifest_v9.json,ed182c03541257934ef0db5fdf309fb961f5e77574147f4261bc062763207073,220357,artifacts/formal_segments/direct_r1_visual_only_correction_v9_recovery_remaining_148/recovery_manifest_v9.json,3eb35024c284a0eac8dfba8569c16b809f9cfa0fd6e12451c512f933d69b6585,211975,"v8-v13 formal/recovery manifest, lock, ledger, execution record",absolute_personal_path_redaction_only
${PROJECT_MSC_ROOT}/direct_r1_visual_only_correction_v13_unified_recovery/runs/direct_r1_visual_only_correction_v9_recovery_remaining_148/route_artifacts/R1VO9:115774b6-534d-444f-b7aa-d1b834eb0ee7_12_27.json,55ed98284eb68aceb502f09466cb1fa24ef7b0986875a76d7a0cdad276e0bd01,32978,artifacts/formal_segments/direct_r1_visual_only_correction_v9_recovery_remaining_148/route_artifacts/R1VO9:115774b6-534d-444f-b7aa-d1b834eb0ee7_12_27.json,fad5912b9b85b98476f4e01508dc8fe2ca2244ffc6b6eb4f3ae482157f8a6e6c,32626,175 rerun route artifact/status or failure diagnostic,absolute_personal_path_redaction_only
${PROJECT_MSC_ROOT}/direct_r1_visual_only_correction_v13_unified_recovery/runs/direct_r1_visual_only_correction_v9_recovery_remaining_148/route_artifacts/R1VO9:115774b6-534d-444f-b7aa-d1b834eb0ee7_17_12.json,225ba406980df4b8a9a2c251bb8eecebc584755eb6b42a1e722ac4e4df4b6f4d,33389,artifacts/formal_segments/direct_r1_visual_only_correction_v9_recovery_remaining_148/route_artifacts/R1VO9:115774b6-534d-444f-b7aa-d1b834eb0ee7_17_12.json,9268f61e6eb09a594914c9c1e509b8497b3ef5f6b3702c7e63ce8e42ff138425,33037,175 rerun route artifact/status or failure diagnostic,absolute_personal_path_redaction_only
${PROJECT_MSC_ROOT}/direct_r1_visual_only_correction_v13_unified_recovery/runs/direct_r1_visual_only_correction_v9_recovery_remaining_148/route_artifacts/R1VO9:115774b6-534d-444f-b7aa-d1b834eb0ee7_17_14.json,d47f9ff2c0a5d6ffa25ee9add769d83a9041fdf171e1b7364ac2d5d1f41cd1ed,33020,artifacts/formal_segments/direct_r1_visual_only_correction_v9_recovery_remaining_148/route_artifacts/R1VO9:115774b6-534d-444f-b7aa-d1b834eb0ee7_17_14.json,f9e3d1b51cfc1d32d26d30301d7de46a1955bfedad28513e5ae0edc126485cc8,32668,175 rerun route artifact/status or failure diagnostic,absolute_personal_path_redaction_only
${PROJECT_MSC_ROOT}/direct_r1_visual_only_correction_v13_unified_recovery/runs/direct_r1_visual_only_correction_v9_recovery_remaining_148/route_artifacts/R1VO9:115774b6-534d-444f-b7aa-d1b834eb0ee7_17_31.json,b0aa07480d65790ac7791093cd53c2a407cbd550bde5c4a5c8afa18471eb4f03,28615,artifacts/formal_segments/direct_r1_visual_only_correction_v9_recovery_remaining_148/route_artifacts/R1VO9:115774b6-534d-444f-b7aa-d1b834eb0ee7_17_31.json,4eee14ef5f48efd4056cee9d3ac70ced28e8b0d0c1beae971e589c3e5e9ba448,28285,175 rerun route artifact/status or failure diagnostic,absolute_personal_path_redaction_only
${PROJECT_MSC_ROOT}/direct_r1_visual_only_correction_v13_unified_recovery/runs/direct_r1_visual_only_correction_v9_recovery_remaining_148/route_artifacts/R1VO9:115774b6-534d-444f-b7aa-d1b834eb0ee7_17_7.json,53c41c34a1655d8807c656eb0ad930e326d384c8a0a96dd6639af69ebd93135d,32957,artifacts/formal_segments/direct_r1_visual_only_correction_v9_recovery_remaining_148/route_artifacts/R1VO9:115774b6-534d-444f-b7aa-d1b834eb0ee7_17_7.json,56d7009b20c260491c366cc6f5824a8d5f1394444034e84cf325525230ce95b2,32605,175 rerun route artifact/status or failure diagnostic,absolute_personal_path_redaction_only
${PROJECT_MSC_ROOT}/direct_r1_visual_only_correction_v13_unified_recovery/runs/direct_r1_visual_only_correction_v9_recovery_remaining_148/route_artifacts/R1VO9:115774b6-534d-444f-b7aa-d1b834eb0ee7_1_1.json,f6ebcde62dd8b82ad6076701cd001bf827ee9fbb00594fa0a33b841cbd0083e1,38182,artifacts/formal_segments/direct_r1_visual_only_correction_v9_recovery_remaining_148/route_artifacts/R1VO9:115774b6-534d-444f-b7aa-d1b834eb0ee7_1_1.json,0829df18cb974410f1a443ffe996d45326b64acc02cd3c270f09a520e3a800f3,37852,175 rerun route artifact/status or failure diagnostic,absolute_personal_path_redaction_only
${PROJECT_MSC_ROOT}/direct_r1_visual_only_correction_v13_unified_recovery/runs/direct_r1_visual_only_correction_v9_recovery_remaining_148/route_artifacts/R1VO9:115774b6-534d-444f-b7aa-d1b834eb0ee7_1_3.json,1fb0b2f2cc981bafd77fee86127e5fe574635ae5708622f2ceb2626e71b976b7,33456,artifacts/formal_segments/direct_r1_visual_only_correction_v9_recovery_remaining_148/route_artifacts/R1VO9:115774b6-534d-444f-b7aa-d1b834eb0ee7_1_3.json,1755adb1490dd496c0945b44859bce4cf5b5eab359365494871280cb7f0a5bd0,33104,175 rerun route artifact/status or failure diagnostic,absolute_personal_path_redaction_only
${PROJECT_MSC_ROOT}/direct_r1_visual_only_correction_v13_unified_recovery/runs/direct_r1_visual_only_correction_v9_recovery_remaining_148/route_artifacts/R1VO9:115774b6-534d-444f-b7aa-d1b834eb0ee7_2_2.json,dd4bfc603ed186c981b271b55db8d33b58131131acecdaa20b3b572ada249bf7,32537,artifacts/formal_segments/direct_r1_visual_only_correction_v9_recovery_remaining_148/route_artifacts/R1VO9:115774b6-534d-444f-b7aa-d1b834eb0ee7_2_2.json,e2006304d974061d61a3b9e7916ffc4e68e99e460a28c37fde0562b5a46745c2,32185,175 rerun route artifact/status or failure diagnostic,absolute_personal_path_redaction_only
${PROJECT_MSC_ROOT}/direct_r1_visual_only_correction_v13_unified_recovery/runs/direct_r1_visual_only_correction_v9_recovery_remaining_148/route_artifacts/R1VO9:115774b6-534d-444f-b7aa-d1b834eb0ee7_2_4.json,6d92d7e4382e4acd6881aee79e6c341623a6c14eb4cf97a55e5455b2ba3340bc,34359,artifacts/formal_segments/direct_r1_visual_only_correction_v9_recovery_remaining_148/route_artifacts/R1VO9:115774b6-534d-444f-b7aa-d1b834eb0ee7_2_4.json,51245e17f533c6f99be846b648432225bdd331763e8d8edb6de3883840b5e32b,33985,175 rerun route artifact/status or failure diagnostic,absolute_personal_path_redaction_only
${PROJECT_MSC_ROOT}/direct_r1_visual_only_correction_v13_unified_recovery/runs/direct_r1_visual_only_correction_v9_recovery_remaining_148/route_artifacts/R1VO9:115774b6-534d-444f-b7aa-d1b834eb0ee7_3_21.json,6a330d3e8a8616fa90fc1c4b0c93662e30256c8d98a5452e685add8c4d7031e8,33562,artifacts/formal_segments/direct_r1_visual_only_correction_v9_recovery_remaining_148/route_artifacts/R1VO9:115774b6-534d-444f-b7aa-d1b834eb0ee7_3_21.json,b53979a6375a5a290e0367f827afa1016ab485fa2259d0911e21ee059294e955,33210,175 rerun route artifact/status or failure diagnostic,absolute_personal_path_redaction_only
${PROJECT_MSC_ROOT}/direct_r1_visual_only_correction_v13_unified_recovery/runs/direct_r1_visual_only_correction_v9_recovery_remaining_148/route_artifacts/R1VO9:115774b6-534d-444f-b7aa-d1b834eb0ee7_3_23.json,a6b3d3a4bfe827829e1ba1d1274f6c829a7a68ea2ce9a4f0fd535b201139a30e,33522,artifacts/formal_segments/direct_r1_visual_only_correction_v9_recovery_remaining_148/route_artifacts/R1VO9:115774b6-534d-444f-b7aa-d1b834eb0ee7_3_23.json,8e646df7034fb76a03357f473ef00f431da1d7e237b91476f641c1b5d2793448,33170,175 rerun route artifact/status or failure diagnostic,absolute_personal_path_redaction_only
${PROJECT_MSC_ROOT}/direct_r1_visual_only_correction_v13_unified_recovery/runs/direct_r1_visual_only_correction_v9_recovery_remaining_148/route_artifacts/R1VO9:115774b6-534d-444f-b7aa-d1b834eb0ee7_3_6.json,6ec5c33b00c55acb40b440f2268a3d7038c8a1ebf851a283ec3a0e60a4eb6a54,29729,artifacts/formal_segments/direct_r1_visual_only_correction_v9_recovery_remaining_148/route_artifacts/R1VO9:115774b6-534d-444f-b7aa-d1b834eb0ee7_3_6.json,a14e6240b38d727f6834f98aee867ffa590dfee45c208ad7b4f2c6c696e89515,29399,175 rerun route artifact/status or failure diagnostic,absolute_personal_path_redaction_only
${PROJECT_MSC_ROOT}/direct_r1_visual_only_correction_v13_unified_recovery/runs/direct_r1_visual_only_correction_v9_recovery_remaining_148/route_artifacts/R1VO9:115774b6-534d-444f-b7aa-d1b834eb0ee7_4_1.json,233e43efa8302b38a9d9c16d750e61c8bb1f294fd2413f6d98b9aa2b10dd584e,19277,artifacts/formal_segments/direct_r1_visual_only_correction_v9_recovery_remaining_148/route_artifacts/R1VO9:115774b6-534d-444f-b7aa-d1b834eb0ee7_4_1.json,b41278122309bb261a115018fcb362465374404ce578bcdba8152a2c7b4fbcba,19079,175 rerun route artifact/status or failure diagnostic,absolute_personal_path_redaction_only
${PROJECT_MSC_ROOT}/direct_r1_visual_only_correction_v13_unified_recovery/runs/direct_r1_visual_only_correction_v9_recovery_remaining_148/route_artifacts/R1VO9:115774b6-534d-444f-b7aa-d1b834eb0ee7_4_25.json,3bf7db8437f243006c7adbe36410d1864bca3c008cc9309bc8529e22b33af02a,38917,artifacts/formal_segments/direct_r1_visual_only_correction_v9_recovery_remaining_148/route_artifacts/R1VO9:115774b6-534d-444f-b7aa-d1b834eb0ee7_4_25.json,6c9fbbea627b962ca79575c66ee54865d8e1f7abc3caea829a893c760120c944,38477,175 rerun route artifact/status or failure diagnostic,absolute_personal_path_redaction_only
${PROJECT_MSC_ROOT}/direct_r1_visual_only_correction_v13_unified_recovery/runs/direct_r1_visual_only_correction_v9_recovery_remaining_148/route_artifacts/R1VO9:115774b6-534d-444f-b7aa-d1b834eb0ee7_5_29.json,2721fde6c2f97da08e8f900a330fe9633a7f25fac7d8431ddd7bbdfa9fba07bb,32712,artifacts/formal_segments/direct_r1_visual_only_correction_v9_recovery_remaining_148/route_artifacts/R1VO9:115774b6-534d-444f-b7aa-d1b834eb0ee7_5_29.json,7f4a1858950a2ddcb330da7c7e0dd3074e4caee15f4318c3e120291f337a74cd,32360,175 rerun route artifact/status or failure diagnostic,absolute_personal_path_redaction_only
${PROJECT_MSC_ROOT}/direct_r1_visual_only_correction_v13_unified_recovery/runs/direct_r1_visual_only_correction_v9_recovery_remaining_148/route_artifacts/R1VO9:115774b6-534d-444f-b7aa-d1b834eb0ee7_5_5.json,dabc94e9536868efb3c4b8badc7a49c88d63f7875048a4531dd6a24b702afe2f,33413,artifacts/formal_segments/direct_r1_visual_only_correction_v9_recovery_remaining_148/route_artifacts/R1VO9:115774b6-534d-444f-b7aa-d1b834eb0ee7_5_5.json,a2e2e60dc5ffe00dd053c9d4907cdc57048714b98596992af7b983105b6860df,33061,175 rerun route artifact/status or failure diagnostic,absolute_personal_path_redaction_only
${PROJECT_MSC_ROOT}/direct_r1_visual_only_correction_v13_unified_recovery/runs/direct_r1_visual_only_correction_v9_recovery_remaining_148/route_artifacts/R1VO9:115774b6-534d-444f-b7aa-d1b834eb0ee7_6_2.json,9d93cbdd13800155c3597fd82d2e0964eb12aeaea320dd2e495563f8256f23ce,24849,artifacts/formal_segments/direct_r1_visual_only_correction_v9_recovery_remaining_148/route_artifacts/R1VO9:115774b6-534d-444f-b7aa-d1b834eb0ee7_6_2.json,1f95cc1b836938cd4cc3b5bd22dbf013cc939d3e6512f315513265892673c78a,24585,175 rerun route artifact/status or failure diagnostic,absolute_personal_path_redaction_only
${PROJECT_MSC_ROOT}/direct_r1_visual_only_correction_v13_unified_recovery/runs/direct_r1_visual_only_correction_v9_recovery_remaining_148/route_artifacts/R1VO9:115774b6-534d-444f-b7aa-d1b834eb0ee7_6_24.json,3cf24b95f92624ab15aac96e3f723dc9a20e984845342756a6b8905647efe5ad,33695,artifacts/formal_segments/direct_r1_visual_only_correction_v9_recovery_remaining_148/route_artifacts/R1VO9:115774b6-534d-444f-b7aa-d1b834eb0ee7_6_24.json,5484a2f267624ce68d215884f355aef9845dabdc9df6f94333a9ab9da09db3a8,33343,175 rerun route artifact/status or failure diagnostic,absolute_personal_path_redaction_only
${PROJECT_MSC_ROOT}/direct_r1_visual_only_correction_v13_unified_recovery/runs/direct_r1_visual_only_correction_v9_recovery_remaining_148/route_artifacts/R1VO9:115774b6-534d-444f-b7aa-d1b834eb0ee7_6_3.json,ce0f13f6444f41eb9ad219acd3849169c0153a1ae5167ced75496c965a55b4e3,20756,artifacts/formal_segments/direct_r1_visual_only_correction_v9_recovery_remaining_148/route_artifacts/R1VO9:115774b6-534d-444f-b7aa-d1b834eb0ee7_6_3.json,594bd990544f162428a197ca10435d107612c8be39389701a5a06dff932c6a4c,20558,175 rerun route artifact/status or failure diagnostic,absolute_personal_path_redaction_only
${PROJECT_MSC_ROOT}/direct_r1_visual_only_correction_v13_unified_recovery/runs/direct_r1_visual_only_correction_v9_recovery_remaining_148/route_artifacts/R1VO9:115774b6-534d-444f-b7aa-d1b834eb0ee7_6_4.json,f3abbeaeaf3774025711082a93c7e43d412b370baa3b89a85c22a8c020f41ac9,29945,artifacts/formal_segments/direct_r1_visual_only_correction_v9_recovery_remaining_148/route_artifacts/R1VO9:115774b6-534d-444f-b7aa-d1b834eb0ee7_6_4.json,aa819508ac58ae9121f3514764e4b343c096cdaa0e2965b216fc9a0ab2d05452,29615,175 rerun route artifact/status or failure diagnostic,absolute_personal_path_redaction_only
${PROJECT_MSC_ROOT}/direct_r1_visual_only_correction_v13_unified_recovery/runs/direct_r1_visual_only_correction_v9_recovery_remaining_148/route_artifacts/R1VO9:115774b6-534d-444f-b7aa-d1b834eb0ee7_7_10.json,4bdf0368ba296a77b1ba53c208070002a6a59ff789af3dd911dc8db4f9f83290,42917,artifacts/formal_segments/direct_r1_visual_only_correction_v9_recovery_remaining_148/route_artifacts/R1VO9:115774b6-534d-444f-b7aa-d1b834eb0ee7_7_10.json,04485edc2f4faa0f3bfc48a96257de24b49110eea0534b4824a76cb33287f097,42411,175 rerun route artifact/status or failure diagnostic,absolute_personal_path_redaction_only
${PROJECT_MSC_ROOT}/direct_r1_visual_only_correction_v13_unified_recovery/runs/direct_r1_visual_only_correction_v9_recovery_remaining_148/route_artifacts/R1VO9:115774b6-534d-444f-b7aa-d1b834eb0ee7_7_22.json,c9257b2aedac85cd4a9b34326cae957cb3c7f0ad9de0d09b93564be426aa87d9,34038,artifacts/formal_segments/direct_r1_visual_only_correction_v9_recovery_remaining_148/route_artifacts/R1VO9:115774b6-534d-444f-b7aa-d1b834eb0ee7_7_22.json,e9d954b39b6ac3136b6527366e1034488b9d8eee86420b3c46b11c24487c28d7,33686,175 rerun route artifact/status or failure diagnostic,absolute_personal_path_redaction_only
${PROJECT_MSC_ROOT}/direct_r1_visual_only_correction_v13_unified_recovery/runs/direct_r1_visual_only_correction_v9_recovery_remaining_148/route_artifacts/R1VO9:115774b6-534d-444f-b7aa-d1b834eb0ee7_8_13.json,c1fec5bd97b4d8448dad952c7eb0b289ee73c9eee2dc670ed844778628015497,29046,artifacts/formal_segments/direct_r1_visual_only_correction_v9_recovery_remaining_148/route_artifacts/R1VO9:115774b6-534d-444f-b7aa-d1b834eb0ee7_8_13.json,b66f524f51275fd833cfc39e4968ff266be66ff36c81a89ef4412335bb309953,28716,175 rerun route artifact/status or failure diagnostic,absolute_personal_path_redaction_only
${PROJECT_MSC_ROOT}/direct_r1_visual_only_correction_v13_unified_recovery/runs/direct_r1_visual_only_correction_v9_recovery_remaining_148/route_artifacts/R1VO9:115774b6-534d-444f-b7aa-d1b834eb0ee7_8_26.json,763fa37d7a9b954d2d22c3b644bc769db01f078f23bf714f5d20770457f2fbe5,33751,artifacts/formal_segments/direct_r1_visual_only_correction_v9_recovery_remaining_148/route_artifacts/R1VO9:115774b6-534d-444f-b7aa-d1b834eb0ee7_8_26.json,db788b866071fe654b4c2b2546978172e324f9235313f43f157a7723ffa4dcdc,33399,175 rerun route artifact/status or failure diagnostic,absolute_personal_path_redaction_only
${PROJECT_MSC_ROOT}/direct_r1_visual_only_correction_v13_unified_recovery/runs/direct_r1_visual_only_correction_v9_recovery_remaining_148/route_artifacts/R1VO9:115774b6-534d-444f-b7aa-d1b834eb0ee7_8_8.json,5ffa3e5d06e720f733810fc6b97ba4f4682727c6a6d0d2001b3aba6a13f54ce3,29778,artifacts/formal_segments/direct_r1_visual_only_correction_v9_recovery_remaining_148/route_artifacts/R1VO9:115774b6-534d-444f-b7aa-d1b834eb0ee7_8_8.json,2a1241fa80a0683048e4d6ceca108d740330975e50139cf1e6ef06379eb68f41,29448,175 rerun route artifact/status or failure diagnostic,absolute_personal_path_redaction_only
${PROJECT_MSC_ROOT}/direct_r1_visual_only_correction_v13_unified_recovery/runs/direct_r1_visual_only_correction_v9_recovery_remaining_148/route_artifacts/R1VO9:4572b198-2c1c-4920-bcf0-95fcebe12261_15_1.json,67892e6c5df4784b38262596e774b1b944d9fd83d842e91233ba32f187141fd4,19017,artifacts/formal_segments/direct_r1_visual_only_correction_v9_recovery_remaining_148/route_artifacts/R1VO9:4572b198-2c1c-4920-bcf0-95fcebe12261_15_1.json,24e676219a6ef9973def59cf7d4ed286081d97a96a8e37158bcc2d21805e8972,18819,175 rerun route artifact/status or failure diagnostic,absolute_personal_path_redaction_only
${PROJECT_MSC_ROOT}/direct_r1_visual_only_correction_v13_unified_recovery/runs/direct_r1_visual_only_correction_v9_recovery_remaining_148/route_artifacts/R1VO9:4572b198-2c1c-4920-bcf0-95fcebe12261_17_10.json,22f499bc7c0ee3a2248466f2ee38fbe31ef01d9b828fffe1ea82d99b7c45fd8b,30512,artifacts/formal_segments/direct_r1_visual_only_correction_v9_recovery_remaining_148/route_artifacts/R1VO9:4572b198-2c1c-4920-bcf0-95fcebe12261_17_10.json,ce83219d08eb11cc7df00b6ceee3da46df1d74bbf1dcf0850c8caa4dd00dcab0,30248,175 rerun route artifact/status or failure diagnostic,absolute_personal_path_redaction_only
${PROJECT_MSC_ROOT}/direct_r1_visual_only_correction_v13_unified_recovery/runs/direct_r1_visual_only_correction_v9_recovery_remaining_148/route_artifacts/R1VO9:4572b198-2c1c-4920-bcf0-95fcebe12261_17_14.json,de16e18f29fc3f0863be117a6e9c2a2a3bbc8e9aca5197c56f4e5375d1b7cccc,16843,artifacts/formal_segments/direct_r1_visual_only_correction_v9_recovery_remaining_148/route_artifacts/R1VO9:4572b198-2c1c-4920-bcf0-95fcebe12261_17_14.json,7f02b0ec0ce0de1f6a4a60e34d7129f0d90d9003d9e688d24f77114564ea3419,16711,175 rerun route artifact/status or failure diagnostic,absolute_personal_path_redaction_only
${PROJECT_MSC_ROOT}/direct_r1_visual_only_correction_v13_unified_recovery/runs/direct_r1_visual_only_correction_v9_recovery_remaining_148/route_artifacts/R1VO9:4572b198-2c1c-4920-bcf0-95fcebe12261_17_15.json,242e836621224c4475391d9823b4773f4044b41d4a99b5046ada54312cbdd9c3,33019,artifacts/formal_segments/direct_r1_visual_only_correction_v9_recovery_remaining_148/route_artifacts/R1VO9:4572b198-2c1c-4920-bcf0-95fcebe12261_17_15.json,e699e08c8d9913a4637f70764b99f0aeabf48566aee1d40ffdcf110275211f3c,32667,175 rerun route artifact/status or failure diagnostic,absolute_personal_path_redaction_only
${PROJECT_MSC_ROOT}/direct_r1_visual_only_correction_v13_unified_recovery/runs/direct_r1_visual_only_correction_v9_recovery_remaining_148/route_artifacts/R1VO9:4572b198-2c1c-4920-bcf0-95fcebe12261_17_17.json,088d0b194544b31d24b7edb52184e5aa964818eb12782e461d30313aa0f558ac,14393,artifacts/formal_segments/direct_r1_visual_only_correction_v9_recovery_remaining_148/route_artifacts/R1VO9:4572b198-2c1c-4920-bcf0-95fcebe12261_17_17.json,00605c34a4702711f2243acb9cf99ce9a9b06b4facbb7cc2c3818ea175d70161,14261,175 rerun route artifact/status or failure diagnostic,absolute_personal_path_redaction_only
${PROJECT_MSC_ROOT}/direct_r1_visual_only_correction_v13_unified_recovery/runs/direct_r1_visual_only_correction_v9_recovery_remaining_148/route_artifacts/R1VO9:4572b198-2c1c-4920-bcf0-95fcebe12261_17_25.json,40ddd725a0c26008888c98fe95a09ec7ece91930bfd1f4af3fcc0845714d4505,32669,artifacts/formal_segments/direct_r1_visual_only_correction_v9_recovery_remaining_148/route_artifacts/R1VO9:4572b198-2c1c-4920-bcf0-95fcebe12261_17_25.json,7144adb887995f92ff442b3b4e4f0bb7340a19c8e3cacf4738aca5ddc832bbee,32317,175 rerun route artifact/status or failure diagnostic,absolute_personal_path_redaction_only
${PROJECT_MSC_ROOT}/direct_r1_visual_only_correction_v13_unified_recovery/runs/direct_r1_visual_only_correction_v9_recovery_remaining_148/route_artifacts/R1VO9:4572b198-2c1c-4920-bcf0-95fcebe12261_17_26.json,2c53b720006c0fa9a1614b3d49bd5e77d8d679c0cb39b041f2255155665d05ad,27525,artifacts/formal_segments/direct_r1_visual_only_correction_v9_recovery_remaining_148/route_artifacts/R1VO9:4572b198-2c1c-4920-bcf0-95fcebe12261_17_26.json,7523f3dfb3826e3ebb3e2e7430a7db571b6ba6048f62144542fad90adfedd83e,27261,175 rerun route artifact/status or failure diagnostic,absolute_personal_path_redaction_only
${PROJECT_MSC_ROOT}/direct_r1_visual_only_correction_v13_unified_recovery/runs/direct_r1_visual_only_correction_v9_recovery_remaining_148/route_artifacts/R1VO9:4572b198-2c1c-4920-bcf0-95fcebe12261_17_29.json,489092e75c633b80e9708f84a1e5c7857a95f27f6536719303c3c9067d7ff9b9,29777,artifacts/formal_segments/direct_r1_visual_only_correction_v9_recovery_remaining_148/route_artifacts/R1VO9:4572b198-2c1c-4920-bcf0-95fcebe12261_17_29.json,c2484fa2dbd60c785baf8fabb9e9d30a678fad5a3823bace00fba0b4744f50e9,29447,175 rerun route artifact/status or failure diagnostic,absolute_personal_path_redaction_only
${PROJECT_MSC_ROOT}/direct_r1_visual_only_correction_v13_unified_recovery/runs/direct_r1_visual_only_correction_v9_recovery_remaining_148/route_artifacts/R1VO9:4572b198-2c1c-4920-bcf0-95fcebe12261_17_39.json,d0eae0904f0e18fbfc7d967bb70abd75501351f6050b78a57ff781d0180d8b01,33013,artifacts/formal_segments/direct_r1_visual_only_correction_v9_recovery_remaining_148/route_artifacts/R1VO9:4572b198-2c1c-4920-bcf0-95fcebe12261_17_39.json,d13d9fbde5ad3fad3ff4516de07e97f8c3cf2a638cc5149496143bc899e0458f,32661,175 rerun route artifact/status or failure diagnostic,absolute_personal_path_redaction_only
${PROJECT_MSC_ROOT}/direct_r1_visual_only_correction_v13_unified_recovery/runs/direct_r1_visual_only_correction_v9_recovery_remaining_148/route_artifacts/R1VO9:4572b198-2c1c-4920-bcf0-95fcebe12261_2_1.json,03b7172ee9b339fd219b6c2877369f6724892e509ab911c7c8342c69ac52602e,19140,artifacts/formal_segments/direct_r1_visual_only_correction_v9_recovery_remaining_148/route_artifacts/R1VO9:4572b198-2c1c-4920-bcf0-95fcebe12261_2_1.json,76051bca6668bde46199a123cc58130874a4ccddb6c22406338d3348c83b7068,18942,175 rerun route artifact/status or failure diagnostic,absolute_personal_path_redaction_only
${PROJECT_MSC_ROOT}/direct_r1_visual_only_correction_v13_unified_recovery/runs/direct_r1_visual_only_correction_v9_recovery_remaining_148/route_artifacts/R1VO9:4572b198-2c1c-4920-bcf0-95fcebe12261_3_21.json,4bb8febec5ad1120e0f4882b4a312a084ce073970f0205f5fe6010c970eaa7f7,34160,artifacts/formal_segments/direct_r1_visual_only_correction_v9_recovery_remaining_148/route_artifacts/R1VO9:4572b198-2c1c-4920-bcf0-95fcebe12261_3_21.json,f6e5af6ee7a6e92bd185fa3b7450443518df5927470ac3feff08a3460237920c,33808,175 rerun route artifact/status or failure diagnostic,absolute_personal_path_redaction_only
${PROJECT_MSC_ROOT}/direct_r1_visual_only_correction_v13_unified_recovery/runs/direct_r1_visual_only_correction_v9_recovery_remaining_148/route_artifacts/R1VO9:4572b198-2c1c-4920-bcf0-95fcebe12261_4_20.json,a24e80eced1b2c6b049acbe66f8b59061539658149edc9a6858f034967837243,27825,artifacts/formal_segments/direct_r1_visual_only_correction_v9_recovery_remaining_148/route_artifacts/R1VO9:4572b198-2c1c-4920-bcf0-95fcebe12261_4_20.json,52bbb1051b8cb888272fc03520a14908a20ddaf52554ef35f0b91787a1b323c8,27539,175 rerun route artifact/status or failure diagnostic,absolute_personal_path_redaction_only
${PROJECT_MSC_ROOT}/direct_r1_visual_only_correction_v13_unified_recovery/runs/direct_r1_visual_only_correction_v9_recovery_remaining_148/route_artifacts/R1VO9:4572b198-2c1c-4920-bcf0-95fcebe12261_4_28.json,6c463b153b881d0939e7bb981f285be012796c115b5bf2dcc9b26d2ed92c84fa,19117,artifacts/formal_segments/direct_r1_visual_only_correction_v9_recovery_remaining_148/route_artifacts/R1VO9:4572b198-2c1c-4920-bcf0-95fcebe12261_4_28.json,70f0560fa5899fb8583e67730eeddf0442d0de5965d6c581e4ed87685788cdb3,18919,175 rerun route artifact/status or failure diagnostic,absolute_personal_path_redaction_only
${PROJECT_MSC_ROOT}/direct_r1_visual_only_correction_v13_unified_recovery/runs/direct_r1_visual_only_correction_v9_recovery_remaining_148/route_artifacts/R1VO9:4572b198-2c1c-4920-bcf0-95fcebe12261_4_3.json,e75e739503db079daae5c55f5460f9212470a59001b8ddb580743f045a97cbff,33891,artifacts/formal_segments/direct_r1_visual_only_correction_v9_recovery_remaining_148/route_artifacts/R1VO9:4572b198-2c1c-4920-bcf0-95fcebe12261_4_3.json,50653cf71242f781a1cc8bc3df2edd8e0006807eacd7432870c94932f1cb2ee5,33539,175 rerun route artifact/status or failure diagnostic,absolute_personal_path_redaction_only
${PROJECT_MSC_ROOT}/direct_r1_visual_only_correction_v13_unified_recovery/runs/direct_r1_visual_only_correction_v9_recovery_remaining_148/route_artifacts/R1VO9:4572b198-2c1c-4920-bcf0-95fcebe12261_4_40.json,ca3a60148fe3a87190cb5023450df99c3cc239b46458ffb21966faa3e3a23ca1,33489,artifacts/formal_segments/direct_r1_visual_only_correction_v9_recovery_remaining_148/route_artifacts/R1VO9:4572b198-2c1c-4920-bcf0-95fcebe12261_4_40.json,2c7eabc8e1cf8cc73f64ca36572daacc5d891fb9708b509a0387b4d28db76771,33137,175 rerun route artifact/status or failure diagnostic,absolute_personal_path_redaction_only
${PROJECT_MSC_ROOT}/direct_r1_visual_only_correction_v13_unified_recovery/runs/direct_r1_visual_only_correction_v9_recovery_remaining_148/route_artifacts/R1VO9:4572b198-2c1c-4920-bcf0-95fcebe12261_5_11.json,d49cb80154488955148b84129b7805f25dfba45194b94987efb0575e41f6a629,34123,artifacts/formal_segments/direct_r1_visual_only_correction_v9_recovery_remaining_148/route_artifacts/R1VO9:4572b198-2c1c-4920-bcf0-95fcebe12261_5_11.json,44a15bf04551ffa5de8742e2c7dd6943f5ce2c266e2d2c49baba4b85bacf88c4,33771,175 rerun route artifact/status or failure diagnostic,absolute_personal_path_redaction_only
${PROJECT_MSC_ROOT}/direct_r1_visual_only_correction_v13_unified_recovery/runs/direct_r1_visual_only_correction_v9_recovery_remaining_148/route_artifacts/R1VO9:4572b198-2c1c-4920-bcf0-95fcebe12261_6_22.json,7eb7d8032287bad6b07a70f1629df0137eacf47cc47ada2b142ca30bbd09faf0,35874,artifacts/formal_segments/direct_r1_visual_only_correction_v9_recovery_remaining_148/route_artifacts/R1VO9:4572b198-2c1c-4920-bcf0-95fcebe12261_6_22.json,1da0a32e1bf6602a79098234bd5ec0e21949cac794921833db09ef3f7e582465,35544,175 rerun route artifact/status or failure diagnostic,absolute_personal_path_redaction_only
${PROJECT_MSC_ROOT}/direct_r1_visual_only_correction_v13_unified_recovery/runs/direct_r1_visual_only_correction_v9_recovery_remaining_148/route_artifacts/R1VO9:4572b198-2c1c-4920-bcf0-95fcebe12261_6_24.json,3a775b5f9781079881787f5ef3d1f2d18bc6ee93c79a3bb2751d73725059c03e,19021,artifacts/formal_segments/direct_r1_visual_only_correction_v9_recovery_remaining_148/route_artifacts/R1VO9:4572b198-2c1c-4920-bcf0-95fcebe12261_6_24.json,73ffe742b1099d3ec7fcb5c73bed95e341e2a6e6de3cb91b6f0253dbed35ada1,18823,175 rerun route artifact/status or failure diagnostic,absolute_personal_path_redaction_only
${PROJECT_MSC_ROOT}/direct_r1_visual_only_correction_v13_unified_recovery/runs/direct_r1_visual_only_correction_v9_recovery_remaining_148/route_artifacts/R1VO9:4572b198-2c1c-4920-bcf0-95fcebe12261_6_7.json,edb0cb43dab70aab1bfe13485c530632b0d8534f189e4710c9d38c7d41cdc177,32186,artifacts/formal_segments/direct_r1_visual_only_correction_v9_recovery_remaining_148/route_artifacts/R1VO9:4572b198-2c1c-4920-bcf0-95fcebe12261_6_7.json,7ca654d38ebf83870543c7e4daef219ff64ec2683594857347b326ced3a4f324,31834,175 rerun route artifact/status or failure diagnostic,absolute_personal_path_redaction_only
${PROJECT_MSC_ROOT}/direct_r1_visual_only_correction_v13_unified_recovery/runs/direct_r1_visual_only_correction_v9_recovery_remaining_148/route_artifacts/R1VO9:4572b198-2c1c-4920-bcf0-95fcebe12261_7_32.json,74d877bd560d06045e699eec873670c410808987730b6ff76eeebc9cada78da9,9042,artifacts/formal_segments/direct_r1_visual_only_correction_v9_recovery_remaining_148/route_artifacts/R1VO9:4572b198-2c1c-4920-bcf0-95fcebe12261_7_32.json,e9718ed944bcd0b5ece875073934317859cc477cbd6aad53e81a5e48a5b47d32,8976,175 rerun route artifact/status or failure diagnostic,absolute_personal_path_redaction_only
${PROJECT_MSC_ROOT}/direct_r1_visual_only_correction_v13_unified_recovery/runs/direct_r1_visual_only_correction_v9_recovery_remaining_148/route_artifacts/R1VO9:4572b198-2c1c-4920-bcf0-95fcebe12261_7_5.json,8a58132a864b3381238fe9864ec50864058043987d467e7cb7a0b4c6fa96bbec,40974,artifacts/formal_segments/direct_r1_visual_only_correction_v9_recovery_remaining_148/route_artifacts/R1VO9:4572b198-2c1c-4920-bcf0-95fcebe12261_7_5.json,9f7adf77eb14f2e786e60944b05ea5c3bfd7458164aadb5366ef00227b150d73,40644,175 rerun route artifact/status or failure diagnostic,absolute_personal_path_redaction_only
${PROJECT_MSC_ROOT}/direct_r1_visual_only_correction_v13_unified_recovery/runs/direct_r1_visual_only_correction_v9_recovery_remaining_148/route_artifacts/R1VO9:4572b198-2c1c-4920-bcf0-95fcebe12261_8_13.json,a5fb9c5d91c8b9346fd04262314a00af492d10e7021f651827c75458be92326e,20097,artifacts/formal_segments/direct_r1_visual_only_correction_v9_recovery_remaining_148/route_artifacts/R1VO9:4572b198-2c1c-4920-bcf0-95fcebe12261_8_13.json,bfbb601c81feed5ecbf5cac18e5ad259d27031379cff519d53961a31a34ef095,19899,175 rerun route artifact/status or failure diagnostic,absolute_personal_path_redaction_only
${PROJECT_MSC_ROOT}/direct_r1_visual_only_correction_v13_unified_recovery/runs/direct_r1_visual_only_correction_v9_recovery_remaining_148/route_artifacts/R1VO9:4572b198-2c1c-4920-bcf0-95fcebe12261_8_34.json,9ac8350e5bb3a9320aeca352e1b44bf221c842af96ac4810078f574fdae753a7,19168,artifacts/formal_segments/direct_r1_visual_only_correction_v9_recovery_remaining_148/route_artifacts/R1VO9:4572b198-2c1c-4920-bcf0-95fcebe12261_8_34.json,b97a4d04c27310afd17786821e48c6cefa3ada00f20f20252e380d75f17f80cb,18970,175 rerun route artifact/status or failure diagnostic,absolute_personal_path_redaction_only
${PROJECT_MSC_ROOT}/direct_r1_visual_only_correction_v13_unified_recovery/runs/direct_r1_visual_only_correction_v9_recovery_remaining_148/route_artifacts/R1VO9:db3f7933-dfa0-4678-9d4f-393b628ded45_22_12.json,bbd5c2b0cade7784f6c70f68aeb27ec45d5912187a1cd344fe93f790fef92ee7,19204,artifacts/formal_segments/direct_r1_visual_only_correction_v9_recovery_remaining_148/route_artifacts/R1VO9:db3f7933-dfa0-4678-9d4f-393b628ded45_22_12.json,2527032357d16377953a4585adfa27ea1cd4ba40f19354f0961c537868e79d33,19006,175 rerun route artifact/status or failure diagnostic,absolute_personal_path_redaction_only
${PROJECT_MSC_ROOT}/direct_r1_visual_only_correction_v13_unified_recovery/runs/direct_r1_visual_only_correction_v9_recovery_remaining_148/route_artifacts/R1VO9:db3f7933-dfa0-4678-9d4f-393b628ded45_7_21.json,a362c44bdc189b0ce21a0421d090e5c5bf21431a79d3226b7081497ed57097a2,31571,artifacts/formal_segments/direct_r1_visual_only_correction_v9_recovery_remaining_148/route_artifacts/R1VO9:db3f7933-dfa0-4678-9d4f-393b628ded45_7_21.json,e5449fd225ee7a19e34110921a768f9ce23fb8b61d14626c4d946a0583bb6a98,31241,175 rerun route artifact/status or failure diagnostic,absolute_personal_path_redaction_only
${PROJECT_MSC_ROOT}/direct_r1_visual_only_correction_v13_unified_recovery/runs/direct_r1_visual_only_correction_v9_recovery_remaining_148/route_artifacts/R1VO9:db3f7933-dfa0-4678-9d4f-393b628ded45_7_6.json,d74d72bd2a9b05a90b33ef48bf2b56b67ad5c55ba45f638667a2f8506ad80ba1,28259,artifacts/formal_segments/direct_r1_visual_only_correction_v9_recovery_remaining_148/route_artifacts/R1VO9:db3f7933-dfa0-4678-9d4f-393b628ded45_7_6.json,bac513a2e10e01dc19e946ad1d03a79b10f4afbf4f67cf0370a1d5b122080237,27951,175 rerun route artifact/status or failure diagnostic,absolute_personal_path_redaction_only
${PROJECT_MSC_ROOT}/direct_r1_visual_only_correction_v13_unified_recovery/runs/direct_r1_visual_only_correction_v9_recovery_remaining_148/route_artifacts/R1VO9:db3f7933-dfa0-4678-9d4f-393b628ded45_8_4.json,ebc77199d7ac441f7cf3109239e52f1d8a880da87f3f59280ff66beb63ba865b,37525,artifacts/formal_segments/direct_r1_visual_only_correction_v9_recovery_remaining_148/route_artifacts/R1VO9:db3f7933-dfa0-4678-9d4f-393b628ded45_8_4.json,7d868fb8b55da85fc063f3f1167afa4f99d98bf7d3b7cb59324b6804b04f8900,37173,175 rerun route artifact/status or failure diagnostic,absolute_personal_path_redaction_only
${PROJECT_MSC_ROOT}/direct_r1_visual_only_correction_v13_unified_recovery/runs/direct_r1_visual_only_correction_v9_recovery_remaining_148/route_status/R1VO9:115774b6-534d-444f-b7aa-d1b834eb0ee7_12_27.json,4383d7f4a9111de9815a9389366a5464ebb2f755747812302b2fae196e226554,567,artifacts/formal_segments/direct_r1_visual_only_correction_v9_recovery_remaining_148/route_status/R1VO9:115774b6-534d-444f-b7aa-d1b834eb0ee7_12_27.json,98f02ac2bd55f3c924b1d6c43810eaba18cd02b29c679ef9ba86645055bf371b,545,175 rerun route artifact/status or failure diagnostic,absolute_personal_path_redaction_only
${PROJECT_MSC_ROOT}/direct_r1_visual_only_correction_v13_unified_recovery/runs/direct_r1_visual_only_correction_v9_recovery_remaining_148/route_status/R1VO9:115774b6-534d-444f-b7aa-d1b834eb0ee7_17_12.json,e6da457f9371b3d34be3a9124259527b193d03c2729664909bafd022ce6dad6a,568,artifacts/formal_segments/direct_r1_visual_only_correction_v9_recovery_remaining_148/route_status/R1VO9:115774b6-534d-444f-b7aa-d1b834eb0ee7_17_12.json,7ff5542d74c8efa8190514443e7b294fbc54bc430fd5799eeea2c628bb8b5487,546,175 rerun route artifact/status or failure diagnostic,absolute_personal_path_redaction_only
${PROJECT_MSC_ROOT}/direct_r1_visual_only_correction_v13_unified_recovery/runs/direct_r1_visual_only_correction_v9_recovery_remaining_148/route_status/R1VO9:115774b6-534d-444f-b7aa-d1b834eb0ee7_17_14.json,fc625df23cbd182a0c9ca25f1042f64f32995a71fcad11a697803d16481035e0,567,artifacts/formal_segments/direct_r1_visual_only_correction_v9_recovery_remaining_148/route_status/R1VO9:115774b6-534d-444f-b7aa-d1b834eb0ee7_17_14.json,0ee4ce33aadc0684642178c6d161dbf421e91208595fbc4c250b3181abd32a76,545,175 rerun route artifact/status or failure diagnostic,absolute_personal_path_redaction_only
${PROJECT_MSC_ROOT}/direct_r1_visual_only_correction_v13_unified_recovery/runs/direct_r1_visual_only_correction_v9_recovery_remaining_148/route_status/R1VO9:115774b6-534d-444f-b7aa-d1b834eb0ee7_17_31.json,a10c9de6fea05172756ee4472a28d5ed20c4d55773031cbc784a736469dd6598,567,artifacts/formal_segments/direct_r1_visual_only_correction_v9_recovery_remaining_148/route_status/R1VO9:115774b6-534d-444f-b7aa-d1b834eb0ee7_17_31.json,c8f072e51943306a35a2d5e782d5525ebb7027b6dad3e986f0d0fc7972443d92,545,175 rerun route artifact/status or failure diagnostic,absolute_personal_path_redaction_only
${PROJECT_MSC_ROOT}/direct_r1_visual_only_correction_v13_unified_recovery/runs/direct_r1_visual_only_correction_v9_recovery_remaining_148/route_status/R1VO9:115774b6-534d-444f-b7aa-d1b834eb0ee7_17_7.json,153f9d094875a4efb55b2896f5dfad6b626ea6a4948f1805427517f9360d3263,565,artifacts/formal_segments/direct_r1_visual_only_correction_v9_recovery_remaining_148/route_status/R1VO9:115774b6-534d-444f-b7aa-d1b834eb0ee7_17_7.json,6b2ff234753d029286968973330940b2d135b6b3ebef54bf54c5efc51cd03823,543,175 rerun route artifact/status or failure diagnostic,absolute_personal_path_redaction_only
${PROJECT_MSC_ROOT}/direct_r1_visual_only_correction_v13_unified_recovery/runs/direct_r1_visual_only_correction_v9_recovery_remaining_148/route_status/R1VO9:115774b6-534d-444f-b7aa-d1b834eb0ee7_1_1.json,d91445f7677a12bc3442e2105e56c684d312b61306abfbc717a961ccda4991af,573,artifacts/formal_segments/direct_r1_visual_only_correction_v9_recovery_remaining_148/route_status/R1VO9:115774b6-534d-444f-b7aa-d1b834eb0ee7_1_1.json,976d8df3815eb5714cac7f5677f4bfad99921fc3194cbe988505231c138c0f87,551,175 rerun route artifact/status or failure diagnostic,absolute_personal_path_redaction_only
${PROJECT_MSC_ROOT}/direct_r1_visual_only_correction_v13_unified_recovery/runs/direct_r1_visual_only_correction_v9_recovery_remaining_148/route_status/R1VO9:115774b6-534d-444f-b7aa-d1b834eb0ee7_1_3.json,9f67174fc233d689c97b29dcb6168753e6c9e46dbf1664640da89916d55e4703,563,artifacts/formal_segments/direct_r1_visual_only_correction_v9_recovery_remaining_148/route_status/R1VO9:115774b6-534d-444f-b7aa-d1b834eb0ee7_1_3.json,7e60dc3a3b4811e0c80185241a8143553f73e6d522a427853a88a5d9e013b606,541,175 rerun route artifact/status or failure diagnostic,absolute_personal_path_redaction_only
${PROJECT_MSC_ROOT}/direct_r1_visual_only_correction_v13_unified_recovery/runs/direct_r1_visual_only_correction_v9_recovery_remaining_148/route_status/R1VO9:115774b6-534d-444f-b7aa-d1b834eb0ee7_2_2.json,0e2c1cb4d301ead4065e65a264da5ceed0751b4103c623ff2e8931f4dd92caaa,563,artifacts/formal_segments/direct_r1_visual_only_correction_v9_recovery_remaining_148/route_status/R1VO9:115774b6-534d-444f-b7aa-d1b834eb0ee7_2_2.json,1a1d70b191b404e0f333c78916822ee79212436f9b30371e84e935528be2fece,541,175 rerun route artifact/status or failure diagnostic,absolute_personal_path_redaction_only
${PROJECT_MSC_ROOT}/direct_r1_visual_only_correction_v13_unified_recovery/runs/direct_r1_visual_only_correction_v9_recovery_remaining_148/route_status/R1VO9:115774b6-534d-444f-b7aa-d1b834eb0ee7_2_4.json,1e5ee4aab26fe0043b2c6b11453c20dd45b3e7c6b32cfb3978c76affb836165d,563,artifacts/formal_segments/direct_r1_visual_only_correction_v9_recovery_remaining_148/route_status/R1VO9:115774b6-534d-444f-b7aa-d1b834eb0ee7_2_4.json,18d6da7b1e5627f1e327047849695caca0da94765e31492c0c5de745027af866,541,175 rerun route artifact/status or failure diagnostic,absolute_personal_path_redaction_only
${PROJECT_MSC_ROOT}/direct_r1_visual_only_correction_v13_unified_recovery/runs/direct_r1_visual_only_correction_v9_recovery_remaining_148/route_status/R1VO9:115774b6-534d-444f-b7aa-d1b834eb0ee7_3_21.json,75d510d83e43018b162f19ac2bfd54cf8d60cef582ef5f7befd9ee60397d7948,576,artifacts/formal_segments/direct_r1_visual_only_correction_v9_recovery_remaining_148/route_status/R1VO9:115774b6-534d-444f-b7aa-d1b834eb0ee7_3_21.json,0dcc4b485a64d207af96c36eeb563abd95d1cbccec111889dccd274fc74ea551,554,175 rerun route artifact/status or failure diagnostic,absolute_personal_path_redaction_only
${PROJECT_MSC_ROOT}/direct_r1_visual_only_correction_v13_unified_recovery/runs/direct_r1_visual_only_correction_v9_recovery_remaining_148/route_status/R1VO9:115774b6-534d-444f-b7aa-d1b834eb0ee7_3_23.json,a53c21eecd293e7cb7f5b23cef31bfbab249e80904c1156b71c13840ba3d0cfa,565,artifacts/formal_segments/direct_r1_visual_only_correction_v9_recovery_remaining_148/route_status/R1VO9:115774b6-534d-444f-b7aa-d1b834eb0ee7_3_23.json,a3ef2cac2580c6692584ce6141b5415fcf62f7465f4332d461400f552e5932a8,543,175 rerun route artifact/status or failure diagnostic,absolute_personal_path_redaction_only
${PROJECT_MSC_ROOT}/direct_r1_visual_only_correction_v13_unified_recovery/runs/direct_r1_visual_only_correction_v9_recovery_remaining_148/route_status/R1VO9:115774b6-534d-444f-b7aa-d1b834eb0ee7_3_6.json,6a2077b04212b4e799062ea2f0e9e4e6b32c9365faa7fc9392b3584fa057d7a5,563,artifacts/formal_segments/direct_r1_visual_only_correction_v9_recovery_remaining_148/route_status/R1VO9:115774b6-534d-444f-b7aa-d1b834eb0ee7_3_6.json,a8c90b4a3304f382bb2818fbbd04e334ee0c4b2f60574d05f8ef5616e1b00274,541,175 rerun route artifact/status or failure diagnostic,absolute_personal_path_redaction_only
${PROJECT_MSC_ROOT}/direct_r1_visual_only_correction_v13_unified_recovery/runs/direct_r1_visual_only_correction_v9_recovery_remaining_148/route_status/R1VO9:115774b6-534d-444f-b7aa-d1b834eb0ee7_4_1.json,8156d186124c5f454b7862c56ead40c7acb0cfe81ae884bc6bc8ac30f6e0136f,573,artifacts/formal_segments/direct_r1_visual_only_correction_v9_recovery_remaining_148/route_status/R1VO9:115774b6-534d-444f-b7aa-d1b834eb0ee7_4_1.json,f444595963ae13bb83f9fd255b4d5b708a6fc8863a50008087fe1e249c0d1356,551,175 rerun route artifact/status or failure diagnostic,absolute_personal_path_redaction_only
${PROJECT_MSC_ROOT}/direct_r1_visual_only_correction_v13_unified_recovery/runs/direct_r1_visual_only_correction_v9_recovery_remaining_148/route_status/R1VO9:115774b6-534d-444f-b7aa-d1b834eb0ee7_4_25.json,86761eb6a30b4a27169bce22b375a753a48999161c3b7d7daf4697fa6eedd96c,565,artifacts/formal_segments/direct_r1_visual_only_correction_v9_recovery_remaining_148/route_status/R1VO9:115774b6-534d-444f-b7aa-d1b834eb0ee7_4_25.json,43ede5be7ee2a8bdf46f1999795fd05c8e03773584829a41bdc63b99d879923e,543,175 rerun route artifact/status or failure diagnostic,absolute_personal_path_redaction_only
${PROJECT_MSC_ROOT}/direct_r1_visual_only_correction_v13_unified_recovery/runs/direct_r1_visual_only_correction_v9_recovery_remaining_148/route_status/R1VO9:115774b6-534d-444f-b7aa-d1b834eb0ee7_5_29.json,ee84939a815d0d9e37cda35d0f753c6f90b60523990b08c2aa6eac8a5c4e097d,565,artifacts/formal_segments/direct_r1_visual_only_correction_v9_recovery_remaining_148/route_status/R1VO9:115774b6-534d-444f-b7aa-d1b834eb0ee7_5_29.json,4d3f00dca22dccfe3ab15f9d8bae80202c8310c5688b07d5bc125c33c59e535a,543,175 rerun route artifact/status or failure diagnostic,absolute_personal_path_redaction_only
${PROJECT_MSC_ROOT}/direct_r1_visual_only_correction_v13_unified_recovery/runs/direct_r1_visual_only_correction_v9_recovery_remaining_148/route_status/R1VO9:115774b6-534d-444f-b7aa-d1b834eb0ee7_5_5.json,d1ce4361fd4833ddbca7475b8c13b51e1820f1d2b02a5d10abe72a937d68ea23,574,artifacts/formal_segments/direct_r1_visual_only_correction_v9_recovery_remaining_148/route_status/R1VO9:115774b6-534d-444f-b7aa-d1b834eb0ee7_5_5.json,967c525d13bfe992a96e4390adae399ef041b56c803cebce3300e1d19e3c8a4b,552,175 rerun route artifact/status or failure diagnostic,absolute_personal_path_redaction_only
${PROJECT_MSC_ROOT}/direct_r1_visual_only_correction_v13_unified_recovery/runs/direct_r1_visual_only_correction_v9_recovery_remaining_148/route_status/R1VO9:115774b6-534d-444f-b7aa-d1b834eb0ee7_6_2.json,2db0ceef9925a6f8d6eaacaec73ef16efdcc7ea34e6af8ffec2f5ef4ca27d7d0,559,artifacts/formal_segments/direct_r1_visual_only_correction_v9_recovery_remaining_148/route_status/R1VO9:115774b6-534d-444f-b7aa-d1b834eb0ee7_6_2.json,a5ddc223d9fd23842a35019002bfc63da843bcd303d937396fbf40b13cb27ef2,537,175 rerun route artifact/status or failure diagnostic,absolute_personal_path_redaction_only
${PROJECT_MSC_ROOT}/direct_r1_visual_only_correction_v13_unified_recovery/runs/direct_r1_visual_only_correction_v9_recovery_remaining_148/route_status/R1VO9:115774b6-534d-444f-b7aa-d1b834eb0ee7_6_24.json,5f216d6a23afb22e8055c4536bcf9b24ce1f42cca69a48cbcd750e3ee98d0f83,565,artifacts/formal_segments/direct_r1_visual_only_correction_v9_recovery_remaining_148/route_status/R1VO9:115774b6-534d-444f-b7aa-d1b834eb0ee7_6_24.json,ddef5210ba3f478e96a9484f2c175fb37396b5b4c134c7708fcee3c6bf22aa3c,543,175 rerun route artifact/status or failure diagnostic,absolute_personal_path_redaction_only
${PROJECT_MSC_ROOT}/direct_r1_visual_only_correction_v13_unified_recovery/runs/direct_r1_visual_only_correction_v9_recovery_remaining_148/route_status/R1VO9:115774b6-534d-444f-b7aa-d1b834eb0ee7_6_3.json,3e53fcec8aba97cfa9ce84fc4b577433bc973db007163d4b53ff5dd2c3eb9f86,562,artifacts/formal_segments/direct_r1_visual_only_correction_v9_recovery_remaining_148/route_status/R1VO9:115774b6-534d-444f-b7aa-d1b834eb0ee7_6_3.json,726746d6f8b06f388bed4ef49c4cf90f59c9e31b69d61ce0f10c8168cf3b6e94,540,175 rerun route artifact/status or failure diagnostic,absolute_personal_path_redaction_only
${PROJECT_MSC_ROOT}/direct_r1_visual_only_correction_v13_unified_recovery/runs/direct_r1_visual_only_correction_v9_recovery_remaining_148/route_status/R1VO9:115774b6-534d-444f-b7aa-d1b834eb0ee7_6_4.json,bf653ecce39478cb6bdd8f5c5253b841ad1a850e9eaff60c04f53bba1319a61d,563,artifacts/formal_segments/direct_r1_visual_only_correction_v9_recovery_remaining_148/route_status/R1VO9:115774b6-534d-444f-b7aa-d1b834eb0ee7_6_4.json,7f9e4b274d61766c1cd00f364062d8d7f8657c1949fee4a62b3c705a34452180,541,175 rerun route artifact/status or failure diagnostic,absolute_personal_path_redaction_only
${PROJECT_MSC_ROOT}/direct_r1_visual_only_correction_v13_unified_recovery/runs/direct_r1_visual_only_correction_v9_recovery_remaining_148/route_status/R1VO9:115774b6-534d-444f-b7aa-d1b834eb0ee7_7_10.json,454e6deb76f94b08e68731de4b7533c5e62d38c07a0858ac3da9ebc9633f5934,565,artifacts/formal_segments/direct_r1_visual_only_correction_v9_recovery_remaining_148/route_status/R1VO9:115774b6-534d-444f-b7aa-d1b834eb0ee7_7_10.json,b2d574d7f7e036bf68abc54559460c7343f9de33ae6840f383764a72bb0f3243,543,175 rerun route artifact/status or failure diagnostic,absolute_personal_path_redaction_only
${PROJECT_MSC_ROOT}/direct_r1_visual_only_correction_v13_unified_recovery/runs/direct_r1_visual_only_correction_v9_recovery_remaining_148/route_status/R1VO9:115774b6-534d-444f-b7aa-d1b834eb0ee7_7_22.json,7cefd795f7ed9a6b9f4ffb5971d381608b35268c360f54d0874c752af11dd307,576,artifacts/formal_segments/direct_r1_visual_only_correction_v9_recovery_remaining_148/route_status/R1VO9:115774b6-534d-444f-b7aa-d1b834eb0ee7_7_22.json,6b2587391681b241301afcefa3abc18d5b4d2e1add70a70f2e8288aee43520eb,554,175 rerun route artifact/status or failure diagnostic,absolute_personal_path_redaction_only
${PROJECT_MSC_ROOT}/direct_r1_visual_only_correction_v13_unified_recovery/runs/direct_r1_visual_only_correction_v9_recovery_remaining_148/route_status/R1VO9:115774b6-534d-444f-b7aa-d1b834eb0ee7_8_13.json,afd537e77d17f07a802f689528246db68469d04e82088f07b002b1366cba1956,576,artifacts/formal_segments/direct_r1_visual_only_correction_v9_recovery_remaining_148/route_status/R1VO9:115774b6-534d-444f-b7aa-d1b834eb0ee7_8_13.json,c5b09778143619818a9de70e35377857240782c484d7fbed3de12cc814e696b7,554,175 rerun route artifact/status or failure diagnostic,absolute_personal_path_redaction_only
${PROJECT_MSC_ROOT}/direct_r1_visual_only_correction_v13_unified_recovery/runs/direct_r1_visual_only_correction_v9_recovery_remaining_148/route_status/R1VO9:115774b6-534d-444f-b7aa-d1b834eb0ee7_8_26.json,89e4127ed371628bb311e6c4e55950a5a2c04b7ec6da9917fc5b795f02727fee,565,artifacts/formal_segments/direct_r1_visual_only_correction_v9_recovery_remaining_148/route_status/R1VO9:115774b6-534d-444f-b7aa-d1b834eb0ee7_8_26.json,1664875bd39a3a3bcec33a62419ba5a7b8617fbc68f086296f4aa6fbc7cb3fe6,543,175 rerun route artifact/status or failure diagnostic,absolute_personal_path_redaction_only
${PROJECT_MSC_ROOT}/direct_r1_visual_only_correction_v13_unified_recovery/runs/direct_r1_visual_only_correction_v9_recovery_remaining_148/route_status/R1VO9:115774b6-534d-444f-b7aa-d1b834eb0ee7_8_8.json,c9060821baf4139aa667cd8e4c1ef16d4ce5c90290416db9b0b1e00182ad91dd,574,artifacts/formal_segments/direct_r1_visual_only_correction_v9_recovery_remaining_148/route_status/R1VO9:115774b6-534d-444f-b7aa-d1b834eb0ee7_8_8.json,477296f05137d0a0f337afe3911b5148a9ef9d046336d0da1b2cb23307b3723c,552,175 rerun route artifact/status or failure diagnostic,absolute_personal_path_redaction_only
${PROJECT_MSC_ROOT}/direct_r1_visual_only_correction_v13_unified_recovery/runs/direct_r1_visual_only_correction_v9_recovery_remaining_148/route_status/R1VO9:4572b198-2c1c-4920-bcf0-95fcebe12261_15_1.json,519b3599e2ca3c91d90269725c7ef30fadcba299ccf74e47f0535c309abc7458,564,artifacts/formal_segments/direct_r1_visual_only_correction_v9_recovery_remaining_148/route_status/R1VO9:4572b198-2c1c-4920-bcf0-95fcebe12261_15_1.json,c740a9a8415353b55a8cbe919061e2996d1cd5ff4ac4972bc64a475a1b7f29d5,542,175 rerun route artifact/status or failure diagnostic,absolute_personal_path_redaction_only
${PROJECT_MSC_ROOT}/direct_r1_visual_only_correction_v13_unified_recovery/runs/direct_r1_visual_only_correction_v9_recovery_remaining_148/route_status/R1VO9:4572b198-2c1c-4920-bcf0-95fcebe12261_17_10.json,cd312318b6f37188c0c693fd8f1ad69c5013c7fdf02cac621f6fb2cec1796c06,567,artifacts/formal_segments/direct_r1_visual_only_correction_v9_recovery_remaining_148/route_status/R1VO9:4572b198-2c1c-4920-bcf0-95fcebe12261_17_10.json,5307a55cda7eda79d353a05f5cf4b45b120ace3682d89c2535cc218407dae646,545,175 rerun route artifact/status or failure diagnostic,absolute_personal_path_redaction_only
${PROJECT_MSC_ROOT}/direct_r1_visual_only_correction_v13_unified_recovery/runs/direct_r1_visual_only_correction_v9_recovery_remaining_148/route_status/R1VO9:4572b198-2c1c-4920-bcf0-95fcebe12261_17_14.json,2256d1f5f30fcb7ada014c05f894bfb63f8413e6e1130c964d9a243e8d196170,566,artifacts/formal_segments/direct_r1_visual_only_correction_v9_recovery_remaining_148/route_status/R1VO9:4572b198-2c1c-4920-bcf0-95fcebe12261_17_14.json,73860a510d9f8a68ab6d0a4395e6e64dd7c16299ed6f109ea902a9a9f4604189,544,175 rerun route artifact/status or failure diagnostic,absolute_personal_path_redaction_only
${PROJECT_MSC_ROOT}/direct_r1_visual_only_correction_v13_unified_recovery/runs/direct_r1_visual_only_correction_v9_recovery_remaining_148/route_status/R1VO9:4572b198-2c1c-4920-bcf0-95fcebe12261_17_15.json,1144e1f169eabdb0a15b0f15570f8fc41e02372e0be440f95440934b9f18bbcb,578,artifacts/formal_segments/direct_r1_visual_only_correction_v9_recovery_remaining_148/route_status/R1VO9:4572b198-2c1c-4920-bcf0-95fcebe12261_17_15.json,c85d9cc1e16111fc8d312d013c6889769de7845ad600509ddab02941df0638b8,556,175 rerun route artifact/status or failure diagnostic,absolute_personal_path_redaction_only
${PROJECT_MSC_ROOT}/direct_r1_visual_only_correction_v13_unified_recovery/runs/direct_r1_visual_only_correction_v9_recovery_remaining_148/route_status/R1VO9:4572b198-2c1c-4920-bcf0-95fcebe12261_17_17.json,c6fbede9269701ce29a88ce84445054ad22671714b4638aeb7b23ecaefca359a,577,artifacts/formal_segments/direct_r1_visual_only_correction_v9_recovery_remaining_148/route_status/R1VO9:4572b198-2c1c-4920-bcf0-95fcebe12261_17_17.json,7315973f92124797b55cbf4f6aab384d646f5328b48bb203501d6bc34d6647b0,555,175 rerun route artifact/status or failure diagnostic,absolute_personal_path_redaction_only
${PROJECT_MSC_ROOT}/direct_r1_visual_only_correction_v13_unified_recovery/runs/direct_r1_visual_only_correction_v9_recovery_remaining_148/route_status/R1VO9:4572b198-2c1c-4920-bcf0-95fcebe12261_17_25.json,633242fba9cee28872e1c773b109ac6da8c9650bbdd808f849152cff2a386581,567,artifacts/formal_segments/direct_r1_visual_only_correction_v9_recovery_remaining_148/route_status/R1VO9:4572b198-2c1c-4920-bcf0-95fcebe12261_17_25.json,75ef42aeb705eaf002413b41a7ba9e0a831d7e8addd530b31bf2a7ff936cfe09,545,175 rerun route artifact/status or failure diagnostic,absolute_personal_path_redaction_only
${PROJECT_MSC_ROOT}/direct_r1_visual_only_correction_v13_unified_recovery/runs/direct_r1_visual_only_correction_v9_recovery_remaining_148/route_status/R1VO9:4572b198-2c1c-4920-bcf0-95fcebe12261_17_26.json,598882ce3ea8c08adbb24f59d7d721c2b0ec9c1355169fcc2b5f009dc3f4275f,578,artifacts/formal_segments/direct_r1_visual_only_correction_v9_recovery_remaining_148/route_status/R1VO9:4572b198-2c1c-4920-bcf0-95fcebe12261_17_26.json,b22c09677d8f91c803e0b263aaa8f3ad6e4bf0448fe1a7f376c52f3773af5c80,556,175 rerun route artifact/status or failure diagnostic,absolute_personal_path_redaction_only
${PROJECT_MSC_ROOT}/direct_r1_visual_only_correction_v13_unified_recovery/runs/direct_r1_visual_only_correction_v9_recovery_remaining_148/route_status/R1VO9:4572b198-2c1c-4920-bcf0-95fcebe12261_17_29.json,38348dce6bd7e8d1d8101055a21e42a106a3e7f9ad30d1c1438c575db982a55d,567,artifacts/formal_segments/direct_r1_visual_only_correction_v9_recovery_remaining_148/route_status/R1VO9:4572b198-2c1c-4920-bcf0-95fcebe12261_17_29.json,b8fb0c13ea3221bd53eeecd1455d106a7997e6e67f0b2e3227bd1eda92bc530d,545,175 rerun route artifact/status or failure diagnostic,absolute_personal_path_redaction_only
${PROJECT_MSC_ROOT}/direct_r1_visual_only_correction_v13_unified_recovery/runs/direct_r1_visual_only_correction_v9_recovery_remaining_148/route_status/R1VO9:4572b198-2c1c-4920-bcf0-95fcebe12261_17_39.json,b25209de248bda816f80a6c2cdae7f54e5a3307ff6abc4e5d419b7f4b5dd7d2a,567,artifacts/formal_segments/direct_r1_visual_only_correction_v9_recovery_remaining_148/route_status/R1VO9:4572b198-2c1c-4920-bcf0-95fcebe12261_17_39.json,bfd587bdcc11b84c2848dd3b77d3a208a7e560fe31de5ee262d3a1c22dd1487f,545,175 rerun route artifact/status or failure diagnostic,absolute_personal_path_redaction_only
${PROJECT_MSC_ROOT}/direct_r1_visual_only_correction_v13_unified_recovery/runs/direct_r1_visual_only_correction_v9_recovery_remaining_148/route_status/R1VO9:4572b198-2c1c-4920-bcf0-95fcebe12261_2_1.json,ffc71155b789704078d2f91932dbd2d5c58908aa6885ec6c6bebb208258533c7,573,artifacts/formal_segments/direct_r1_visual_only_correction_v9_recovery_remaining_148/route_status/R1VO9:4572b198-2c1c-4920-bcf0-95fcebe12261_2_1.json,0a9e038f48b7bfdc5e58dcbe0e8d6e42865b3423616fc249da3bf3d20bb9fd19,551,175 rerun route artifact/status or failure diagnostic,absolute_personal_path_redaction_only
${PROJECT_MSC_ROOT}/direct_r1_visual_only_correction_v13_unified_recovery/runs/direct_r1_visual_only_correction_v9_recovery_remaining_148/route_status/R1VO9:4572b198-2c1c-4920-bcf0-95fcebe12261_3_21.json,63cac667ab5ce24b9f35c272564cae3ed2a0ef95113cd707a21b6061ab3be250,576,artifacts/formal_segments/direct_r1_visual_only_correction_v9_recovery_remaining_148/route_status/R1VO9:4572b198-2c1c-4920-bcf0-95fcebe12261_3_21.json,e2d9b1f282606912745d3b99bbf62aded92a0d29031cdafe4f4e0fd15c3c3bf6,554,175 rerun route artifact/status or failure diagnostic,absolute_personal_path_redaction_only
${PROJECT_MSC_ROOT}/direct_r1_visual_only_correction_v13_unified_recovery/runs/direct_r1_visual_only_correction_v9_recovery_remaining_148/route_status/R1VO9:4572b198-2c1c-4920-bcf0-95fcebe12261_4_20.json,7839f088cd272e4a7275bbb55816da2cbf2038afa6c138dc0709be78d35682e5,576,artifacts/formal_segments/direct_r1_visual_only_correction_v9_recovery_remaining_148/route_status/R1VO9:4572b198-2c1c-4920-bcf0-95fcebe12261_4_20.json,337e5638c30f57b286595487c3ed70704c3f79d09a7cf633945a5bd8d97c3b3d,554,175 rerun route artifact/status or failure diagnostic,absolute_personal_path_redaction_only
${PROJECT_MSC_ROOT}/direct_r1_visual_only_correction_v13_unified_recovery/runs/direct_r1_visual_only_correction_v9_recovery_remaining_148/route_status/R1VO9:4572b198-2c1c-4920-bcf0-95fcebe12261_4_28.json,d6e3031c1e736f5dcf9f95ab5a3acd7c567a34511697adfec1686596383aa3c6,564,artifacts/formal_segments/direct_r1_visual_only_correction_v9_recovery_remaining_148/route_status/R1VO9:4572b198-2c1c-4920-bcf0-95fcebe12261_4_28.json,c31b3843dcf1deb5f281447f16e379304d0e47856253e031d259e2e1f2398d7e,542,175 rerun route artifact/status or failure diagnostic,absolute_personal_path_redaction_only
${PROJECT_MSC_ROOT}/direct_r1_visual_only_correction_v13_unified_recovery/runs/direct_r1_visual_only_correction_v9_recovery_remaining_148/route_status/R1VO9:4572b198-2c1c-4920-bcf0-95fcebe12261_4_3.json,b76b0ba2d23d5e101fe859e583a038599742c7837d9c271d255113f10c81339f,564,artifacts/formal_segments/direct_r1_visual_only_correction_v9_recovery_remaining_148/route_status/R1VO9:4572b198-2c1c-4920-bcf0-95fcebe12261_4_3.json,abd06d3f9e20086c895b12ae2d6ebc0cb207f190a70b5e39bc8c211b05d60f8a,542,175 rerun route artifact/status or failure diagnostic,absolute_personal_path_redaction_only
${PROJECT_MSC_ROOT}/direct_r1_visual_only_correction_v13_unified_recovery/runs/direct_r1_visual_only_correction_v9_recovery_remaining_148/route_status/R1VO9:4572b198-2c1c-4920-bcf0-95fcebe12261_4_40.json,0bdfbb3b87a20244d0f600c38a5024293db4ad782f18987aa1543bb9bae767e4,565,artifacts/formal_segments/direct_r1_visual_only_correction_v9_recovery_remaining_148/route_status/R1VO9:4572b198-2c1c-4920-bcf0-95fcebe12261_4_40.json,12418ded27faf919bc98c0849c9aba703285303afaf2a3f353faa7b84c82a4b9,543,175 rerun route artifact/status or failure diagnostic,absolute_personal_path_redaction_only
${PROJECT_MSC_ROOT}/direct_r1_visual_only_correction_v13_unified_recovery/runs/direct_r1_visual_only_correction_v9_recovery_remaining_148/route_status/R1VO9:4572b198-2c1c-4920-bcf0-95fcebe12261_5_11.json,ce729cf238dc1bfc0ba3a7f924eb140d8b015d99bcc3b21f5c98a4fb1dfcc647,565,artifacts/formal_segments/direct_r1_visual_only_correction_v9_recovery_remaining_148/route_status/R1VO9:4572b198-2c1c-4920-bcf0-95fcebe12261_5_11.json,3c49092b3edc6516827320add43d99ae8e53732b876ec472be05f7948193898d,543,175 rerun route artifact/status or failure diagnostic,absolute_personal_path_redaction_only
${PROJECT_MSC_ROOT}/direct_r1_visual_only_correction_v13_unified_recovery/runs/direct_r1_visual_only_correction_v9_recovery_remaining_148/route_status/R1VO9:4572b198-2c1c-4920-bcf0-95fcebe12261_6_22.json,5fe8109d0c8ea879165d8b35558f3301a394a384e7300edd8b1676c63e30b887,565,artifacts/formal_segments/direct_r1_visual_only_correction_v9_recovery_remaining_148/route_status/R1VO9:4572b198-2c1c-4920-bcf0-95fcebe12261_6_22.json,24cd7d98d8553099fd23b3e58156142f2d05a33f97edf995c0aa23624d8c6c13,543,175 rerun route artifact/status or failure diagnostic,absolute_personal_path_redaction_only
${PROJECT_MSC_ROOT}/direct_r1_visual_only_correction_v13_unified_recovery/runs/direct_r1_visual_only_correction_v9_recovery_remaining_148/route_status/R1VO9:4572b198-2c1c-4920-bcf0-95fcebe12261_6_24.json,22bc60a589e12f7a97d8dddcddf950633d0ed6840e3a6441ab87ce6f312e62ee,564,artifacts/formal_segments/direct_r1_visual_only_correction_v9_recovery_remaining_148/route_status/R1VO9:4572b198-2c1c-4920-bcf0-95fcebe12261_6_24.json,885b3660536ba5b3786c19ebe5d6ab4352dc69963c46b65703f795589a099e79,542,175 rerun route artifact/status or failure diagnostic,absolute_personal_path_redaction_only
${PROJECT_MSC_ROOT}/direct_r1_visual_only_correction_v13_unified_recovery/runs/direct_r1_visual_only_correction_v9_recovery_remaining_148/route_status/R1VO9:4572b198-2c1c-4920-bcf0-95fcebe12261_6_7.json,4b5033a2104f6855e8ba7a7a45a9aa35649f628599f168c579b102ffeef2d43d,563,artifacts/formal_segments/direct_r1_visual_only_correction_v9_recovery_remaining_148/route_status/R1VO9:4572b198-2c1c-4920-bcf0-95fcebe12261_6_7.json,dfd965a0a91e1b4c0097627a54ff468d3a73897fcd31ad18062977a160a38bea,541,175 rerun route artifact/status or failure diagnostic,absolute_personal_path_redaction_only
${PROJECT_MSC_ROOT}/direct_r1_visual_only_correction_v13_unified_recovery/runs/direct_r1_visual_only_correction_v9_recovery_remaining_148/route_status/R1VO9:4572b198-2c1c-4920-bcf0-95fcebe12261_7_32.json,a56a9bf7ae4425ab59dbdacbc5e3e7b1147460fc191109a398617317d76111cf,564,artifacts/formal_segments/direct_r1_visual_only_correction_v9_recovery_remaining_148/route_status/R1VO9:4572b198-2c1c-4920-bcf0-95fcebe12261_7_32.json,c61991d7382682468457c4a5aefb414ea90c004248fa947d8fa103ae311d3506,542,175 rerun route artifact/status or failure diagnostic,absolute_personal_path_redaction_only
${PROJECT_MSC_ROOT}/direct_r1_visual_only_correction_v13_unified_recovery/runs/direct_r1_visual_only_correction_v9_recovery_remaining_148/route_status/R1VO9:4572b198-2c1c-4920-bcf0-95fcebe12261_7_5.json,1c762385d7b37f6fc8157dd9a753f05cd7393e7c13c43377e405c2eeb1c9e6bb,565,artifacts/formal_segments/direct_r1_visual_only_correction_v9_recovery_remaining_148/route_status/R1VO9:4572b198-2c1c-4920-bcf0-95fcebe12261_7_5.json,a4999f803fd753706b22c7b6a7868234e7b7afd486a113722580c00c89bf4db4,543,175 rerun route artifact/status or failure diagnostic,absolute_personal_path_redaction_only
${PROJECT_MSC_ROOT}/direct_r1_visual_only_correction_v13_unified_recovery/runs/direct_r1_visual_only_correction_v9_recovery_remaining_148/route_status/R1VO9:4572b198-2c1c-4920-bcf0-95fcebe12261_8_13.json,1207e5a8583aea491bf71bb16d5019e95a44e76c9cffed13938ef020ac52e2c3,564,artifacts/formal_segments/direct_r1_visual_only_correction_v9_recovery_remaining_148/route_status/R1VO9:4572b198-2c1c-4920-bcf0-95fcebe12261_8_13.json,82c9e706fa4ced7f73a4eca6abfb2f571d9109b726d62808074a425c55f88126,542,175 rerun route artifact/status or failure diagnostic,absolute_personal_path_redaction_only
${PROJECT_MSC_ROOT}/direct_r1_visual_only_correction_v13_unified_recovery/runs/direct_r1_visual_only_correction_v9_recovery_remaining_148/route_status/R1VO9:4572b198-2c1c-4920-bcf0-95fcebe12261_8_34.json,689950c66a4cbc29c2c1d5b1457061b61295b711fdb6f0be0bfb5778d29abe4e,575,artifacts/formal_segments/direct_r1_visual_only_correction_v9_recovery_remaining_148/route_status/R1VO9:4572b198-2c1c-4920-bcf0-95fcebe12261_8_34.json,e38fdac129e15269fa074e171e8e0c7963ea67b83f76f5c6a37ff7129fc233a6,553,175 rerun route artifact/status or failure diagnostic,absolute_personal_path_redaction_only
${PROJECT_MSC_ROOT}/direct_r1_visual_only_correction_v13_unified_recovery/runs/direct_r1_visual_only_correction_v9_recovery_remaining_148/route_status/R1VO9:db3f7933-dfa0-4678-9d4f-393b628ded45_22_12.json,22ba6a2451b329451ebd5f71a64cbbcd4511d5208eaef10223060cf73254ac3b,566,artifacts/formal_segments/direct_r1_visual_only_correction_v9_recovery_remaining_148/route_status/R1VO9:db3f7933-dfa0-4678-9d4f-393b628ded45_22_12.json,819335379227ac7c58f717ef3dabde845458971210bbd42cc9d44f8bbb2cb2f3,544,175 rerun route artifact/status or failure diagnostic,absolute_personal_path_redaction_only
${PROJECT_MSC_ROOT}/direct_r1_visual_only_correction_v13_unified_recovery/runs/direct_r1_visual_only_correction_v9_recovery_remaining_148/route_status/R1VO9:db3f7933-dfa0-4678-9d4f-393b628ded45_7_21.json,f379a1d927759856c934e0ea3e04b96d9a6170eb6c45648cca3cb8c86632c09d,566,artifacts/formal_segments/direct_r1_visual_only_correction_v9_recovery_remaining_148/route_status/R1VO9:db3f7933-dfa0-4678-9d4f-393b628ded45_7_21.json,a42d6aef93daa8cc350de08d938e982ca66a3e2a0a58234cde84985a89e0d6c7,544,175 rerun route artifact/status or failure diagnostic,absolute_personal_path_redaction_only
${PROJECT_MSC_ROOT}/direct_r1_visual_only_correction_v13_unified_recovery/runs/direct_r1_visual_only_correction_v9_recovery_remaining_148/route_status/R1VO9:db3f7933-dfa0-4678-9d4f-393b628ded45_7_6.json,f478c9126bec317be782c0436b8c489ac88fe862c98407b937dc9f525cf1f36c,563,artifacts/formal_segments/direct_r1_visual_only_correction_v9_recovery_remaining_148/route_status/R1VO9:db3f7933-dfa0-4678-9d4f-393b628ded45_7_6.json,d5eda99f964e0bb4fd2b5cf6c05605b26db7090ad136cc88c0f57e0551779aa7,541,175 rerun route artifact/status or failure diagnostic,absolute_personal_path_redaction_only
${PROJECT_MSC_ROOT}/direct_r1_visual_only_correction_v13_unified_recovery/runs/direct_r1_visual_only_correction_v9_recovery_remaining_148/route_status/R1VO9:db3f7933-dfa0-4678-9d4f-393b628ded45_8_4.json,3e871e887f99fb9bb6dc6c1574a035b42dd66caa7e705e0d07e5ee70b93d3c94,726,artifacts/formal_segments/direct_r1_visual_only_correction_v9_recovery_remaining_148/route_status/R1VO9:db3f7933-dfa0-4678-9d4f-393b628ded45_8_4.json,27e67c83d1b859757767945867bb7d2485baa2ffa34e594fe38adc4b92176069,704,175 rerun route artifact/status or failure diagnostic,absolute_personal_path_redaction_only
${PROJECT_MSC_ROOT}/direct_r1_visual_only_correction_v13_unified_recovery/frozen_sources/DIRECT_R1_ASR_INPUT_AUDIT.md,66991f34755eb2c79ed0c91cf5442850effe611a779143271252e1db10ac6611,29164,artifacts/lineage/frozen_sources/DIRECT_R1_ASR_INPUT_AUDIT.md,62037b464be125dbad0a76e050629adacacb8ef33d11525f87359f070fc178cc,29098,"old candidate/lock, ASR audit, and frozen original launch source",absolute_personal_path_redaction_only
${PROJECT_MSC_ROOT}/direct_r1_visual_only_correction_v13_unified_recovery/frozen_sources/execute_direct_v1_2_3x16_r1_r3_eval300_formal_v1.py,8dbf727cad929d89dbb65dcc2613d51a15540d21e5538e8abf4b47f619a470b1,3040,artifacts/lineage/frozen_sources/execute_direct_v1_2_3x16_r1_r3_eval300_formal_v1.py,8dbf727cad929d89dbb65dcc2613d51a15540d21e5538e8abf4b47f619a470b1,3040,"old candidate/lock, ASR audit, and frozen original launch source",byte_for_byte
${PROJECT_MSC_ROOT}/direct_r1_visual_only_correction_v13_unified_recovery/frozen_sources/materialize_direct_v1_2_final_candidate_manifest.py,4f8effe8635e8013615de61b563cbae0d5aa3330447bafafe5ac976d1a692515,3082,artifacts/lineage/frozen_sources/materialize_direct_v1_2_final_candidate_manifest.py,4f8effe8635e8013615de61b563cbae0d5aa3330447bafafe5ac976d1a692515,3082,"old candidate/lock, ASR audit, and frozen original launch source",byte_for_byte
${PROJECT_MSC_ROOT}/direct_r1_visual_only_correction_v13_unified_recovery/frozen_sources/original_formal_launch_lock_v3.json,ebd2014fcd952779444064510d39147149c174bc1ff2bc7fa231dfd589c09d5c,687,artifacts/lineage/frozen_sources/original_formal_launch_lock_v3.json,2ff7eb641f5a7fe8a33eee7f5da3a111fd6c8a08fe30ee7bba1e0d13067fd080,665,"old candidate/lock, ASR audit, and frozen original launch source",absolute_personal_path_redaction_only
${PROJECT_MSC_ROOT}/direct_r1_visual_only_correction_v13_unified_recovery/frozen_sources/original_formal_manifest_final_candidate_no_api_v3.json,c73aeaf41d5bf284ade54198525d8396bf3a9fa5e45587aedd49dd3744dc557d,370784,artifacts/lineage/frozen_sources/original_formal_manifest_final_candidate_no_api_v3.json,5078e01f5b35b11d35b83b9848733fe4329da1e6b7090ab918bc48ade94f8bda,356726,"old candidate/lock, ASR audit, and frozen original launch source",absolute_personal_path_redaction_only
${PROJECT_MSC_ROOT}/direct_r1_visual_only_correction_v13_unified_recovery/frozen_sources/requirements.txt,1240748eab9b900c73945e4df80bc2f0cdaa4a5df35d1047e944d6bf16c379aa,409,artifacts/lineage/frozen_sources/requirements.txt,1240748eab9b900c73945e4df80bc2f0cdaa4a5df35d1047e944d6bf16c379aa,409,"old candidate/lock, ASR audit, and frozen original launch source",byte_for_byte
${PROJECT_MSC_ROOT}/direct_r1_visual_only_correction_v13_unified_recovery/manifests/code_freeze_manifest.json,c4930eb61c09d0022f2c9f586c05d5464029aa26afe13d35e5c1ec5a6998274b,3207,artifacts/manifests/code_freeze_manifest.json,a7e2d4200476fc17d8b14315eab2c28dd0522770d13b7e1c6c399c78bedd869c,3185,"source identity, route reuse, input/map/frame inventory and code lineage",absolute_personal_path_redaction_only
${PROJECT_MSC_ROOT}/direct_r1_visual_only_correction_v13_unified_recovery/manifests/execution_input_closure_v2.json,cf61f1a88956a7a0d5a2ce5b1d04088302acd189e2a14e5025b40b4feab12883,68811,artifacts/manifests/execution_input_closure_v2.json,3e53a6f9497a4cdb13d9a9153c34c809a2d9c446147c73c143b27b1d4f782b3a,63905,"source identity, route reuse, input/map/frame inventory and code lineage",absolute_personal_path_redaction_only
${PROJECT_MSC_ROOT}/direct_r1_visual_only_correction_v13_unified_recovery/manifests/execution_input_closure_v3.json,235311277ff346dbf74546bfb5d069b37fcebd291acb255da80f94494c6e38a3,68519,artifacts/manifests/execution_input_closure_v3.json,c1ce350a62fb6451853aec85e7bf6536f95176a0abb2008d24d44830663b1b6f,63569,"source identity, route reuse, input/map/frame inventory and code lineage",absolute_personal_path_redaction_only
${PROJECT_MSC_ROOT}/direct_r1_visual_only_correction_v13_unified_recovery/manifests/frame_sha256_current_snapshot/115774b6-534d-444f-b7aa-d1b834eb0ee7.json,b2c4743f235a4c191b4adc4ccb5a8211202269c540ef00741735ba3666b60f7c,1164661,artifacts/manifests/frame_sha256_current_snapshot/115774b6-534d-444f-b7aa-d1b834eb0ee7.json,eb840fd0f8291a824d7f8cb8d3d4dcf03145fcd87e26903285b8d605aa1eb225,1067905,"source identity, route reuse, input/map/frame inventory and code lineage",absolute_personal_path_redaction_only
${PROJECT_MSC_ROOT}/direct_r1_visual_only_correction_v13_unified_recovery/manifests/frame_sha256_current_snapshot/4572b198-2c1c-4920-bcf0-95fcebe12261.json,c7a8cf1c03d2f024551372224ef6287c28ec4d65deb669138e8b6777f0accd77,795251,artifacts/manifests/frame_sha256_current_snapshot/4572b198-2c1c-4920-bcf0-95fcebe12261.json,83b299a6f842a35b72d6ff7f201a3de8be77f7d6426ed54382ee367d34b66220,729163,"source identity, route reuse, input/map/frame inventory and code lineage",absolute_personal_path_redaction_only
${PROJECT_MSC_ROOT}/direct_r1_visual_only_correction_v13_unified_recovery/manifests/frame_sha256_current_snapshot/6fd90f8d-7a4d-425d-a812-3268db0b0342.json,0f17d9c2904a8ea440e6a784aed4ac07540a9f21858cf9eaaaa559be742fcf7c,952926,artifacts/manifests/frame_sha256_current_snapshot/6fd90f8d-7a4d-425d-a812-3268db0b0342.json,2c0215cdb0ea55f6c2266d499f5030b1ffd336b5aebc9a8f6042d1af47a18ea4,873748,"source identity, route reuse, input/map/frame inventory and code lineage",absolute_personal_path_redaction_only
${PROJECT_MSC_ROOT}/direct_r1_visual_only_correction_v13_unified_recovery/manifests/frame_sha256_current_snapshot/70f2a750-f403-41b8-aabb-480eb3ab4ed4.json,d44cc046318f0185a5d36ad57d8ff293377a8b98a8f8d9ef42685f7931c2d966,443331,artifacts/manifests/frame_sha256_current_snapshot/70f2a750-f403-41b8-aabb-480eb3ab4ed4.json,6b7f57ecad3d368281e63c45dffb51eabe2878f4190e073d4d6f7185f3755d53,406459,"source identity, route reuse, input/map/frame inventory and code lineage",absolute_personal_path_redaction_only
${PROJECT_MSC_ROOT}/direct_r1_visual_only_correction_v13_unified_recovery/manifests/frame_sha256_current_snapshot/7ddbf8a2-5b3e-44cd-b9dc-db17ec06831b.json,1cf4bd14573e1493cb20ad297666f00ebbec44beb90d8441157e7d00bf72b321,1495646,artifacts/manifests/frame_sha256_current_snapshot/7ddbf8a2-5b3e-44cd-b9dc-db17ec06831b.json,5143daaca34c6f203fdd7fdcd5f8e2c995c238687db746ad99998360808574b0,1371412,"source identity, route reuse, input/map/frame inventory and code lineage",absolute_personal_path_redaction_only
${PROJECT_MSC_ROOT}/direct_r1_visual_only_correction_v13_unified_recovery/manifests/frame_sha256_current_snapshot/819c8af7-851f-434f-ab32-318285bc54b1.json,98314546d2e4c81ac53ce09bc1d8873d9a5de3bfc4f6b1aaf577ca4f6b00ebd5,474336,artifacts/manifests/frame_sha256_current_snapshot/819c8af7-851f-434f-ab32-318285bc54b1.json,b7c0298e8ce7d289e7e0147b3e1ff79b1706b155853a12cda097f20fa41567ba,434890,"source identity, route reuse, input/map/frame inventory and code lineage",absolute_personal_path_redaction_only
${PROJECT_MSC_ROOT}/direct_r1_visual_only_correction_v13_unified_recovery/manifests/frame_sha256_current_snapshot/db3f7933-dfa0-4678-9d4f-393b628ded45.json,40c44d667611ce7eb08b186f143c988170f70bb2ec0ed704b9acdca247f5ba21,422131,artifacts/manifests/frame_sha256_current_snapshot/db3f7933-dfa0-4678-9d4f-393b628ded45.json,7baea5e385a68b2b014ca4c70d841eb7d967f6443003869964c4e78e396457ad,387019,"source identity, route reuse, input/map/frame inventory and code lineage",absolute_personal_path_redaction_only
${PROJECT_MSC_ROOT}/direct_r1_visual_only_correction_v13_unified_recovery/manifests/input_inventory.json,2b006d810a833f09e6bdf3735101323f83f45959c364fb6e1e43f30631be4ec5,260959,artifacts/manifests/input_inventory.json,f100d1d9447d3c003400ad01a7815fbdc5d3a7db5dae13b801ecb1145602c307,247759,"source identity, route reuse, input/map/frame inventory and code lineage",absolute_personal_path_redaction_only
${PROJECT_MSC_ROOT}/direct_r1_visual_only_correction_v13_unified_recovery/manifests/map_transform_manifest.json,9da0d49ee94a5c0685b7548bce41312c5a071b3fe1684f924757ffb549049993,33911,artifacts/manifests/map_transform_manifest.json,93a10fae67642d55d494023ba43216fd0ffe5c81d65b0bef2a6898e7a4ba82d5,33383,"source identity, route reuse, input/map/frame inventory and code lineage",absolute_personal_path_redaction_only
${PROJECT_MSC_ROOT}/direct_r1_visual_only_correction_v13_unified_recovery/manifests/route_reuse_manifest.json,4f91ea28e32b656a8f9ebe168143171b3cf856467d16600421111b8f438da0a9,716255,artifacts/manifests/route_reuse_manifest.json,7fa5abab20c142e004d623a63ff7bb32a67f8ddaba7f12bf4ddd4c58a6fd284e,692605,"source identity, route reuse, input/map/frame inventory and code lineage",absolute_personal_path_redaction_only
${PROJECT_MSC_ROOT}/direct_r1_visual_only_correction_v13_unified_recovery/manifests/route_reuse_manifest_v2.json,c91b6930c6cb6542a5a4999057bb794c54652821f87348e2f6eacf9207003243,736091,artifacts/manifests/route_reuse_manifest_v2.json,08fece3dae5dfd17064ef63542d8abc4ceb8c27da4d9252b67f0d07e4b939455,712441,"source identity, route reuse, input/map/frame inventory and code lineage",absolute_personal_path_redaction_only
${PROJECT_MSC_ROOT}/direct_r1_visual_only_correction_v13_unified_recovery/manifests/route_reuse_manifest_v3.json,9623e5ed8a5fc5631eef9a4ec3976199ea58bf52766d9a54e8c870a46493d6e6,735741,artifacts/manifests/route_reuse_manifest_v3.json,0b01065f2b1a180f88050ed372b6ff378ed42cdf0201a986c3208eac8c67cc62,712091,"source identity, route reuse, input/map/frame inventory and code lineage",absolute_personal_path_redaction_only
${PROJECT_MSC_ROOT}/direct_r1_visual_only_correction_v13_unified_recovery/manifests/route_reuse_manifest_v8.json,bbefd954706b539fa4fa03b6b5d4b0b3c78813ca81e8b5b6071a790e7ba0f72a,736609,artifacts/manifests/route_reuse_manifest_v8.json,563883472b8883d6e8f07a4e81aaca64405ff7add6af48e8abf8e697a64d359f,712937,"source identity, route reuse, input/map/frame inventory and code lineage",absolute_personal_path_redaction_only
${PROJECT_MSC_ROOT}/direct_r1_visual_only_correction_v13_unified_recovery/manifests/source_identity.json,b0f7d43cd2e0969f919b514a5ae5a9ab49620fe9c8f16a557eaaf368e8cdafdc,5010,artifacts/manifests/source_identity.json,1d6888d988ab37fe764c89a63452a4dc5f98c0f7162d86cb73f08c9c3119ce4e,4944,"source identity, route reuse, input/map/frame inventory and code lineage",absolute_personal_path_redaction_only
${PROJECT_MSC_ROOT}/direct_r1_visual_only_correction_v13_unified_recovery/manifests/v3_smoke_unknown_liability_carry_forward.json,b3832f9672a0b20b34dd6dc2ec19fc5b1730ff195c9fa9e4488ef86a7281196e,924,artifacts/manifests/v3_smoke_unknown_liability_carry_forward.json,de441d5dac785d801072d1cb2eb380f3d961e815aebf6a761bc9d04223f8bd51,880,"source identity, route reuse, input/map/frame inventory and code lineage",absolute_personal_path_redaction_only
${PROJECT_MSC_ROOT}/direct_r1_visual_only_correction_v13_unified_recovery/recovery/route27_qa_success_with_unknown_cost.json,f500a85dcf530aad99e9b1ec6a8b1f8e561336654c640f19ccabdec2e5f4703c,1343,artifacts/recovery/route27_qa_success_with_unknown_cost.json,7f684702764c3024845b166ddd84905aa5f4cb2dcdf7fa8a4a6a592a59cce3a0,1299,offline recovery incident provenance,absolute_personal_path_redaction_only
${PROJECT_MSC_ROOT}/direct_r1_visual_only_correction_v13_unified_recovery/recovery/v10_incident_002_qa_success_unknown_cost.json,93a6a7bcc6c199c470ef48f640c27bd0eb77321103f119cbd201d0540d6dd9c0,1473,artifacts/recovery/v10_incident_002_qa_success_unknown_cost.json,92a2148ddc8cd5b0dc37753b7712b5887607b82e8da8285a214266b5046eef14,1429,offline recovery incident provenance,absolute_personal_path_redaction_only
${PROJECT_MSC_ROOT}/direct_r1_visual_only_correction_v13_unified_recovery/recovery/v11_incident_003_qa_success_unknown_cost.json,04502d01cce3996b836a113d472bfd6e633d93b8b20439b653eb4ab0a6462b64,1516,artifacts/recovery/v11_incident_003_qa_success_unknown_cost.json,37548b4728b05150d4507b709dafc09b89bc9f020458aaa910d72a0de3dc7799,1472,offline recovery incident provenance,absolute_personal_path_redaction_only
${PROJECT_MSC_ROOT}/direct_r1_visual_only_correction_v13_unified_recovery/recovery/v12_incident_004_qa_success_unknown_cost.json,841564d3fe1037b8f56ef5c0804cc4fdb91ccb2485021980b5e70da85b3d8745,1505,artifacts/recovery/v12_incident_004_qa_success_unknown_cost.json,daba8aa388ed775e275df4cc33f4c8a9b6c7c2d5104f64b86250ceb74e2ca341,1461,offline recovery incident provenance,absolute_personal_path_redaction_only
${PROJECT_MSC_ROOT}/direct_r1_visual_only_correction_v13_unified_recovery/recovery/v13_incident_005_qa_success_unknown_cost.json,dba86cde63ec84134f9257967f9600c9ef6f214b3e27dfa9679deac44fe1116f,1500,artifacts/recovery/v13_incident_005_qa_success_unknown_cost.json,4ce6f095f6c37504ae68f418fb80adfe359d4cba86544fb2753c3de59599de06,1456,offline recovery incident provenance,absolute_personal_path_redaction_only
${PROJECT_MSC_ROOT}/direct_r1_visual_only_correction_v13_unified_recovery/scripts/merge_v13_recovered_eval300.py,f1cff68d1292a062a4cf05bb3337e9ef366464f6f4381aaa5b975d15216ee17e,4149,artifacts/scripts/merge_v13_recovered_eval300.py,f1cff68d1292a062a4cf05bb3337e9ef366464f6f4381aaa5b975d15216ee17e,4149,"v8-v13 execution, validation, merge, or scoring script",byte_for_byte
${PROJECT_MSC_ROOT}/direct_r1_visual_only_correction_v13_unified_recovery/scripts/run_direct_r1_visual_only_correction_v8_formal.py,09f5ee35946424cd83bdf9c91efa202f80d4ac6645a779c85bf4e8101e819d13,15703,artifacts/scripts/run_direct_r1_visual_only_correction_v8_formal.py,2b4e61bc05b9690082c086075684b70b59ab5eda8f516b7d86a215a343e928cc,15659,"v8-v13 execution, validation, merge, or scoring script",absolute_personal_path_redaction_only
${PROJECT_MSC_ROOT}/direct_r1_visual_only_correction_v13_unified_recovery/scripts/run_direct_r1_visual_only_correction_v9_recovery.py,91bc6f36723e89b6c588cfd244079c46d4af4d2cc40ead76853ff194fc4923e3,14454,artifacts/scripts/run_direct_r1_visual_only_correction_v9_recovery.py,b9b934afdf79b6d555139b369c0ce37d0849b047c49997ff28fa8e673b857a18,14432,"v8-v13 execution, validation, merge, or scoring script",absolute_personal_path_redaction_only
${PROJECT_MSC_ROOT}/direct_r1_visual_only_correction_v13_unified_recovery/scripts/run_v10_unified_recovery_remaining96.py,33a72088edc7855ee69a91ba21b8baf26453b979a5d0647413687febc764dc0b,10621,artifacts/scripts/run_v10_unified_recovery_remaining96.py,1f09207b773e40c9419793b4398b7a3be70ea09be5442120ff161b228547e051,10599,"v8-v13 execution, validation, merge, or scoring script",absolute_personal_path_redaction_only
${PROJECT_MSC_ROOT}/direct_r1_visual_only_correction_v13_unified_recovery/scripts/run_v11_unified_recovery_remaining52.py,29ad25af3440fa82a0d02db0b5d1de0b700a6eae79c7fa8add11a11619f22ce8,10643,artifacts/scripts/run_v11_unified_recovery_remaining52.py,91b9299341a5a06291cccd967103f163775cfcf0f5d3fae133aa8c15812b6fda,10621,"v8-v13 execution, validation, merge, or scoring script",absolute_personal_path_redaction_only
${PROJECT_MSC_ROOT}/direct_r1_visual_only_correction_v13_unified_recovery/scripts/run_v12_unified_recovery_remaining30.py,c2d4c51c38d4889a1532dcfb977ccd8eeff9be15fead263449e923c6a2b6976f,10599,artifacts/scripts/run_v12_unified_recovery_remaining30.py,959e5533ddd31fecac4db6cf10837623f74e806e86ccd614705f90f37198fbd8,10577,"v8-v13 execution, validation, merge, or scoring script",absolute_personal_path_redaction_only
${PROJECT_MSC_ROOT}/direct_r1_visual_only_correction_v13_unified_recovery/scripts/run_v13_unified_recovery_remaining12.py,e960866d7a90b8988f5d669d244f972bfd65e817f232a0304f8accd457a3ce63,10598,artifacts/scripts/run_v13_unified_recovery_remaining12.py,028719ff71749755fd606e1279bd83fcf1f0d255a42d3b5ff719ad3ccf556afa,10576,"v8-v13 execution, validation, merge, or scoring script",absolute_personal_path_redaction_only
${PROJECT_MSC_ROOT}/direct_r1_visual_only_correction_v13_unified_recovery/scripts/score_v13_recovered_eval300.py,497824ab79ae827217b2edd89e1771cb7e7cf63bb411536273e855c00d71ea4f,9473,artifacts/scripts/score_v13_recovered_eval300.py,497824ab79ae827217b2edd89e1771cb7e7cf63bb411536273e855c00d71ea4f,9473,"v8-v13 execution, validation, merge, or scoring script",byte_for_byte
${PROJECT_MSC_ROOT}/direct_r1_visual_only_correction_v13_unified_recovery/scripts/validate_v10_unified_recovery.py,84c4f79744f3827b03093207659a2c1bc76ac4a12be6b9326a1f091a930c9cfc,3127,artifacts/scripts/validate_v10_unified_recovery.py,84c4f79744f3827b03093207659a2c1bc76ac4a12be6b9326a1f091a930c9cfc,3127,"v8-v13 execution, validation, merge, or scoring script",byte_for_byte
${PROJECT_MSC_ROOT}/direct_r1_visual_only_correction_v13_unified_recovery/scripts/validate_v11_unified_recovery.py,fc839e60d3a9c197755220a3d922bc04cb1d983577544161a15fafbb1b6a0dd6,2917,artifacts/scripts/validate_v11_unified_recovery.py,fc839e60d3a9c197755220a3d922bc04cb1d983577544161a15fafbb1b6a0dd6,2917,"v8-v13 execution, validation, merge, or scoring script",byte_for_byte
${PROJECT_MSC_ROOT}/direct_r1_visual_only_correction_v13_unified_recovery/scripts/validate_v8_formal_delta.py,38555c75e8741e8b4c11baefb3b44b561edbb1af3d75f5bac3d27042adda2781,11032,artifacts/scripts/validate_v8_formal_delta.py,38555c75e8741e8b4c11baefb3b44b561edbb1af3d75f5bac3d27042adda2781,11032,"v8-v13 execution, validation, merge, or scoring script",byte_for_byte
${PROJECT_MSC_ROOT}/direct_r1_visual_only_correction_v13_unified_recovery/scripts/validate_v9_recovery_offline.py,e39e0f5ef8abbfb7a889490c0673668d997409910e96c3a09eab655842a19438,5703,artifacts/scripts/validate_v9_recovery_offline.py,e39e0f5ef8abbfb7a889490c0673668d997409910e96c3a09eab655842a19438,5703,"v8-v13 execution, validation, merge, or scoring script",byte_for_byte
${PROJECT_MSC_ROOT}/direct_r1_visual_only_correction_v13_unified_recovery/src/direct_api_prep/__init__.py,95e919e898bc8fb8d47abb57cef69d276c1b611492b11b87464e48edb19e2f08,239,artifacts/source/direct_api_prep/__init__.py,95e919e898bc8fb8d47abb57cef69d276c1b611492b11b87464e48edb19e2f08,239,input preparation support source,byte_for_byte
${PROJECT_MSC_ROOT}/direct_r1_visual_only_correction_v13_unified_recovery/src/direct_api_prep/adapters.py,e541a577c4b03df41a8018bb5f2ee20732d7389c8476283ef3f72c520dd281b7,2343,artifacts/source/direct_api_prep/adapters.py,e541a577c4b03df41a8018bb5f2ee20732d7389c8476283ef3f72c520dd281b7,2343,input preparation support source,byte_for_byte
${PROJECT_MSC_ROOT}/direct_r1_visual_only_correction_v13_unified_recovery/src/direct_api_prep/costs.py,fe13ab1eaa4fa02a03a2f3c3871701519daa38b1d861cbd8e8c9a33bd21217b6,890,artifacts/source/direct_api_prep/costs.py,fe13ab1eaa4fa02a03a2f3c3871701519daa38b1d861cbd8e8c9a33bd21217b6,890,input preparation support source,byte_for_byte
${PROJECT_MSC_ROOT}/direct_r1_visual_only_correction_v13_unified_recovery/src/direct_api_prep/evidence.py,e72667d5612ef6bb875ad61ceaa3661d985e1325918d05f05c1f4cdcf0af57a9,5744,artifacts/source/direct_api_prep/evidence.py,e72667d5612ef6bb875ad61ceaa3661d985e1325918d05f05c1f4cdcf0af57a9,5744,input preparation support source,byte_for_byte
${PROJECT_MSC_ROOT}/direct_r1_visual_only_correction_v13_unified_recovery/src/direct_api_prep/prompt_contracts.py,11b2c317efd051cb5d0115ebf8d1242393611817a2a505bad8f773e1fbbdf5b5,898,artifacts/source/direct_api_prep/prompt_contracts.py,11b2c317efd051cb5d0115ebf8d1242393611817a2a505bad8f773e1fbbdf5b5,898,input preparation support source,byte_for_byte
${PROJECT_MSC_ROOT}/direct_r1_visual_only_correction_v13_unified_recovery/src/direct_api_prep/request_interface.py,e6d9b6407c6fefb52d12ac5f45883e5976516c0f49914e8afed8a3a91958e97e,2502,artifacts/source/direct_api_prep/request_interface.py,e6d9b6407c6fefb52d12ac5f45883e5976516c0f49914e8afed8a3a91958e97e,2502,input preparation support source,byte_for_byte
${PROJECT_MSC_ROOT}/direct_r1_visual_only_correction_v13_unified_recovery/src/direct_api_v1/__init__.py,3e8bb878f51ff52503a749653c95abb1a0f4b9fbfbb0c9259f6a670bc145654c,801,artifacts/source/direct_api_v1/__init__.py,3e8bb878f51ff52503a749653c95abb1a0f4b9fbfbb0c9259f6a670bc145654c,801,final prompt/runtime source,byte_for_byte
${PROJECT_MSC_ROOT}/direct_r1_visual_only_correction_v13_unified_recovery/src/direct_api_v1/actions.py,0ad965d5f0fe6f4278a864245a283d2ddeeb2532beec99bad727ef739ca63f24,2131,artifacts/source/direct_api_v1/actions.py,0ad965d5f0fe6f4278a864245a283d2ddeeb2532beec99bad727ef739ca63f24,2131,final prompt/runtime source,byte_for_byte
${PROJECT_MSC_ROOT}/direct_r1_visual_only_correction_v13_unified_recovery/src/direct_api_v1/anthropic_provider.py,cbef705609cfc88f59b1bd7450c7d4c5a26bdd5f01833960c6965e5f03088dd0,28126,artifacts/source/direct_api_v1/anthropic_provider.py,cbef705609cfc88f59b1bd7450c7d4c5a26bdd5f01833960c6965e5f03088dd0,28126,final prompt/runtime source,byte_for_byte
${PROJECT_MSC_ROOT}/direct_r1_visual_only_correction_v13_unified_recovery/src/direct_api_v1/controller.py,4dfd33d8e880fa14f8619078050e4ca33294ef181bc44f16f91028bcbeb685b1,16725,artifacts/source/direct_api_v1/controller.py,4dfd33d8e880fa14f8619078050e4ca33294ef181bc44f16f91028bcbeb685b1,16725,final prompt/runtime source,byte_for_byte
${PROJECT_MSC_ROOT}/direct_r1_visual_only_correction_v13_unified_recovery/src/direct_api_v1/error_diagnostics.py,319593869a1bac3bd702647b6883af4551d431f6def2f26b78ca715809e4a805,2110,artifacts/source/direct_api_v1/error_diagnostics.py,319593869a1bac3bd702647b6883af4551d431f6def2f26b78ca715809e4a805,2110,final prompt/runtime source,byte_for_byte
${PROJECT_MSC_ROOT}/direct_r1_visual_only_correction_v13_unified_recovery/src/direct_api_v1/fake_agent.py,22d08b24d6254191602c42ae0fc050d7b769e99e969e705b27aee3e0eefaabb3,813,artifacts/source/direct_api_v1/fake_agent.py,22d08b24d6254191602c42ae0fc050d7b769e99e969e705b27aee3e0eefaabb3,813,final prompt/runtime source,byte_for_byte
${PROJECT_MSC_ROOT}/direct_r1_visual_only_correction_v13_unified_recovery/src/direct_api_v1/formal_launch_gate.py,6774aae99265f627297475990d47be7e382b6f416201614c229ee633e7f55551,12628,artifacts/source/direct_api_v1/formal_launch_gate.py,6774aae99265f627297475990d47be7e382b6f416201614c229ee633e7f55551,12628,final prompt/runtime source,byte_for_byte
${PROJECT_MSC_ROOT}/direct_r1_visual_only_correction_v13_unified_recovery/src/direct_api_v1/formal_runtime.py,42ce6eac5e837519943979d841567147692baf5c6e883def70417c7ba50d95ed,42142,artifacts/source/direct_api_v1/formal_runtime.py,42ce6eac5e837519943979d841567147692baf5c6e883def70417c7ba50d95ed,42142,final prompt/runtime source,byte_for_byte
${PROJECT_MSC_ROOT}/direct_r1_visual_only_correction_v13_unified_recovery/src/direct_api_v1/frame_resolver.py,df7c6cb47fdb113bd1056be78ec80b3ca03974930a16d187d1abb7815643df1a,4581,artifacts/source/direct_api_v1/frame_resolver.py,df7c6cb47fdb113bd1056be78ec80b3ca03974930a16d187d1abb7815643df1a,4581,final prompt/runtime source,byte_for_byte
${PROJECT_MSC_ROOT}/direct_r1_visual_only_correction_v13_unified_recovery/src/direct_api_v1/maps.py,70d727f0bbc05ad2c8581c1c07796f76a0f43629886aaeca7b78836d573352a4,2323,artifacts/source/direct_api_v1/maps.py,70d727f0bbc05ad2c8581c1c07796f76a0f43629886aaeca7b78836d573352a4,2323,final prompt/runtime source,byte_for_byte
${PROJECT_MSC_ROOT}/direct_r1_visual_only_correction_v13_unified_recovery/src/direct_api_v1/policy.py,65a9f423167c324f47f78bc9467681b62ab9411fd8cc2c1768908ea7d76ecdba,178,artifacts/source/direct_api_v1/policy.py,65a9f423167c324f47f78bc9467681b62ab9411fd8cc2c1768908ea7d76ecdba,178,final prompt/runtime source,byte_for_byte
${PROJECT_MSC_ROOT}/direct_r1_visual_only_correction_v13_unified_recovery/src/direct_api_v1/pricing.py,fd099f3b377392826d2ae0daa04f2b48069ca3faff2f45e2e53d6217fce588b3,2623,artifacts/source/direct_api_v1/pricing.py,fd099f3b377392826d2ae0daa04f2b48069ca3faff2f45e2e53d6217fce588b3,2623,final prompt/runtime source,byte_for_byte
${PROJECT_MSC_ROOT}/direct_r1_visual_only_correction_v13_unified_recovery/src/direct_api_v1/prompt.py,6b574c6d8b5e549ea72138404decb2bd437ab646d2a36904a0128e6e9e711330,3682,artifacts/source/direct_api_v1/prompt.py,6b574c6d8b5e549ea72138404decb2bd437ab646d2a36904a0128e6e9e711330,3682,final prompt/runtime source,byte_for_byte
${PROJECT_MSC_ROOT}/direct_r1_visual_only_correction_v13_unified_recovery/src/direct_api_v1/state.py,ba92e9652cd9bb280c68b8b7b38a1aea23afcc3282019be2947f335ab7040a36,1242,artifacts/source/direct_api_v1/state.py,ba92e9652cd9bb280c68b8b7b38a1aea23afcc3282019be2947f335ab7040a36,1242,final prompt/runtime source,byte_for_byte
${PROJECT_MSC_ROOT}/direct_r1_visual_only_correction_v13_unified_recovery/src/direct_api_v1/telemetry.py,c9d24dfa72ae299baf930e9369bc6f56bc89023a85247e6a154372aa8e6afbad,3302,artifacts/source/direct_api_v1/telemetry.py,c9d24dfa72ae299baf930e9369bc6f56bc89023a85247e6a154372aa8e6afbad,3302,final prompt/runtime source,byte_for_byte
${PROJECT_MSC_ROOT}/direct_r1_visual_only_correction_v13_unified_recovery/src/visual_only_correction_v3_preflight.py,f1932b46c4c3722492f6b32e2232f8df122ec7e8e0183c919a3fe937ac7e460e,18425,artifacts/source/visual_only_correction_v3_preflight.py,f1932b46c4c3722492f6b32e2232f8df122ec7e8e0183c919a3fe937ac7e460e,18425,visual-only correction preflight source,byte_for_byte
${PROJECT_MSC_ROOT}/direct_visual_only_eval300_thesis_data_v1/DIRECT_VISUAL_ONLY_EVAL300_DATA_SUMMARY.md,f98cda75fa3e39968a4a23b31ac108c84a1d7c65b261bf28719418c65d851870,13610,artifacts/thesis_data_package/DIRECT_VISUAL_ONLY_EVAL300_DATA_SUMMARY.md,2a45266ddc8e9536a7d68e3e649c78c1e633e3f917a27e4b5eab73fc94176f20,13566,THESIS-AUTHORITATIVE Table 5.5 data package,absolute_personal_path_redaction_only
${PROJECT_MSC_ROOT}/direct_visual_only_eval300_thesis_data_v1/SHA256SUMS.txt,160dc3d5ebc1f472d24312e7fd0ee070c3e82833c752078f0a99b7f6503edd63,435,artifacts/thesis_data_package/SHA256SUMS.txt,160dc3d5ebc1f472d24312e7fd0ee070c3e82833c752078f0a99b7f6503edd63,435,THESIS-AUTHORITATIVE Table 5.5 data package,byte_for_byte
${PROJECT_MSC_ROOT}/direct_visual_only_eval300_thesis_data_v1/build_direct_visual_only_eval300_data.py,e38db661f66e82d72b72818a4398bb6192af80d03a4f5f73f972c1683e286d3b,17184,artifacts/thesis_data_package/build_direct_visual_only_eval300_data.py,57d83b154e7ef180327504d718de8addbf9df4df7fe69f466b936b2b25030d87,17118,THESIS-AUTHORITATIVE Table 5.5 data package,absolute_personal_path_redaction_only
${PROJECT_MSC_ROOT}/direct_visual_only_eval300_thesis_data_v1/direct_visual_only_eval300_per_question.csv,352e22f0b445eca99797f351402d1e3ecf59d06d07ad3e0f35e504c12388dc07,391415,artifacts/thesis_data_package/direct_visual_only_eval300_per_question.csv,fc06fa2055fa0233422e6ba550be4e39114d8a2b4f0f10330d93261f2102313c,371615,THESIS-AUTHORITATIVE Table 5.5 data package,absolute_personal_path_redaction_only
${PROJECT_MSC_ROOT}/direct_visual_only_eval300_thesis_data_v1/direct_visual_only_eval300_statistics.json,3535db8b470b102b32ae14a8850311a998b8bdcc75ce149bf002473348f73fdc,13562,artifacts/thesis_data_package/direct_visual_only_eval300_statistics.json,c82c694376adf6ffbec4265876232296ba18b38f11f89599a8c34a4ae81c4887,13364,THESIS-AUTHORITATIVE Table 5.5 data package,absolute_personal_path_redaction_only
${PROJECT_MSC_ROOT}/direct_r1_visual_only_correction_v13_unified_recovery/validation/v10_unified_recovery.json,0bae1c1c64dfdced6cab987253358d4bcdbf1b9cc361ab5c9b233bf1bf994dc4,588,artifacts/validation/v10_unified_recovery.json,0bae1c1c64dfdced6cab987253358d4bcdbf1b9cc361ab5c9b233bf1bf994dc4,588,v8-v13 frozen validation,byte_for_byte
${PROJECT_MSC_ROOT}/direct_r1_visual_only_correction_v13_unified_recovery/validation/v11_unified_recovery.json,8337b81ba49186428023f2a5cc7a02a0411891d90041bf80345aae17080431b7,575,artifacts/validation/v11_unified_recovery.json,8337b81ba49186428023f2a5cc7a02a0411891d90041bf80345aae17080431b7,575,v8-v13 frozen validation,byte_for_byte
${PROJECT_MSC_ROOT}/direct_r1_visual_only_correction_v13_unified_recovery/validation/v12_unified_recovery.json,a3d25292d6be8aaf305c534066cd5ed649a0f697b4009f28f805505ec6715f03,396,artifacts/validation/v12_unified_recovery.json,a3d25292d6be8aaf305c534066cd5ed649a0f697b4009f28f805505ec6715f03,396,v8-v13 frozen validation,byte_for_byte
${PROJECT_MSC_ROOT}/direct_r1_visual_only_correction_v13_unified_recovery/validation/v13_unified_recovery.json,1b583cecac117373fc5cba8f3e802b939db84c34157b7f79cf986a35f786ae31,337,artifacts/validation/v13_unified_recovery.json,1b583cecac117373fc5cba8f3e802b939db84c34157b7f79cf986a35f786ae31,337,v8-v13 frozen validation,byte_for_byte
${PROJECT_MSC_ROOT}/direct_r1_visual_only_correction_v13_unified_recovery/validation/v8_formal_delta_validation.json,0cf24c827b8cc45e539c1b1243ce54b2889491ec10b941d7e4b1f840c9cfb8fb,6122,artifacts/validation/v8_formal_delta_validation.json,c5e687466c92fed71b95cb89d8e0b0e8a090ae3a32cca42911ebca06975ab20a,6100,v8-v13 frozen validation,absolute_personal_path_redaction_only
${PROJECT_MSC_ROOT}/direct_r1_visual_only_correction_v13_unified_recovery/validation/v9_recovery_offline_validation.json,5ddd3385d5a6e43832dcde08d57110302bd7ab7e28e208e4b87e27a2485852cc,2886,artifacts/validation/v9_recovery_offline_validation.json,00182365f214f6a907a53af9b1dfff7fc3be82e79c48bd74bb54ec4bc94a11a4,2842,v8-v13 frozen validation,absolute_personal_path_redaction_only
