question_id,option_support,audit_origin,r1_status,r1_answer,r1_correct,source_artifact,source_sha256
115774b6-534d-444f-b7aa-d1b834eb0ee7_12_27,contradicted,new_visual_only_review,final_answer,B,False,/cs/student/project_msc/2025/rai/xinanx01/direct_r1_visual_only_correction_v9_network_recovery/runs/direct_r1_visual_only_correction_v9_recovery_remaining_148/route_artifacts/R1VO9:115774b6-534d-444f-b7aa-d1b834eb0ee7_12_27.json,55ed98284eb68aceb502f09466cb1fa24ef7b0986875a76d7a0cdad276e0bd01
115774b6-534d-444f-b7aa-d1b834eb0ee7_17_12,unsupported,new_visual_only_review,final_answer,A,True,/cs/student/project_msc/2025/rai/xinanx01/direct_r1_visual_only_correction_v9_network_recovery/runs/direct_r1_visual_only_correction_v9_recovery_remaining_148/route_artifacts/R1VO9:115774b6-534d-444f-b7aa-d1b834eb0ee7_17_12.json,225ba406980df4b8a9a2c251bb8eecebc584755eb6b42a1e722ac4e4df4b6f4d
115774b6-534d-444f-b7aa-d1b834eb0ee7_17_14,unsupported,new_visual_only_review,final_answer,C,False,/cs/student/project_msc/2025/rai/xinanx01/direct_r1_visual_only_correction_v9_network_recovery/runs/direct_r1_visual_only_correction_v9_recovery_remaining_148/route_artifacts/R1VO9:115774b6-534d-444f-b7aa-d1b834eb0ee7_17_14.json,d47f9ff2c0a5d6ffa25ee9add769d83a9041fdf171e1b7364ac2d5d1f41cd1ed
115774b6-534d-444f-b7aa-d1b834eb0ee7_17_31,contradicted,new_visual_only_review,final_answer,B,False,/cs/student/project_msc/2025/rai/xinanx01/direct_r1_visual_only_correction_v9_network_recovery/runs/direct_r1_visual_only_correction_v9_recovery_remaining_148/route_artifacts/R1VO9:115774b6-534d-444f-b7aa-d1b834eb0ee7_17_31.json,b0aa07480d65790ac7791093cd53c2a407cbd550bde5c4a5c8afa18471eb4f03
115774b6-534d-444f-b7aa-d1b834eb0ee7_17_7,unsupported,new_visual_only_review,final_answer,A,False,/cs/student/project_msc/2025/rai/xinanx01/direct_r1_visual_only_correction_v9_network_recovery/runs/direct_r1_visual_only_correction_v9_recovery_remaining_148/route_artifacts/R1VO9:115774b6-534d-444f-b7aa-d1b834eb0ee7_17_7.json,53c41c34a1655d8807c656eb0ad930e326d384c8a0a96dd6639af69ebd93135d
115774b6-534d-444f-b7aa-d1b834eb0ee7_1_1,partially_supported,new_visual_only_review,final_answer,B,False,/cs/student/project_msc/2025/rai/xinanx01/direct_r1_visual_only_correction_v9_network_recovery/runs/direct_r1_visual_only_correction_v9_recovery_remaining_148/route_artifacts/R1VO9:115774b6-534d-444f-b7aa-d1b834eb0ee7_1_1.json,f6ebcde62dd8b82ad6076701cd001bf827ee9fbb00594fa0a33b841cbd0083e1
115774b6-534d-444f-b7aa-d1b834eb0ee7_1_3,supported,new_visual_only_review,final_answer,B,True,/cs/student/project_msc/2025/rai/xinanx01/direct_r1_visual_only_correction_v9_network_recovery/runs/direct_r1_visual_only_correction_v9_recovery_remaining_148/route_artifacts/R1VO9:115774b6-534d-444f-b7aa-d1b834eb0ee7_1_3.json,1fb0b2f2cc981bafd77fee86127e5fe574635ae5708622f2ceb2626e71b976b7
115774b6-534d-444f-b7aa-d1b834eb0ee7_2_2,partially_supported,new_visual_only_review,final_answer,E,False,/cs/student/project_msc/2025/rai/xinanx01/direct_r1_visual_only_correction_v9_network_recovery/runs/direct_r1_visual_only_correction_v9_recovery_remaining_148/route_artifacts/R1VO9:115774b6-534d-444f-b7aa-d1b834eb0ee7_2_2.json,dd4bfc603ed186c981b271b55db8d33b58131131acecdaa20b3b572ada249bf7
115774b6-534d-444f-b7aa-d1b834eb0ee7_2_4,partially_supported,new_visual_only_review,final_answer,D,False,/cs/student/project_msc/2025/rai/xinanx01/direct_r1_visual_only_correction_v9_network_recovery/runs/direct_r1_visual_only_correction_v9_recovery_remaining_148/route_artifacts/R1VO9:115774b6-534d-444f-b7aa-d1b834eb0ee7_2_4.json,6d92d7e4382e4acd6881aee79e6c341623a6c14eb4cf97a55e5455b2ba3340bc
115774b6-534d-444f-b7aa-d1b834eb0ee7_3_21,partially_supported,new_visual_only_review,final_answer,E,False,/cs/student/project_msc/2025/rai/xinanx01/direct_r1_visual_only_correction_v9_network_recovery/runs/direct_r1_visual_only_correction_v9_recovery_remaining_148/route_artifacts/R1VO9:115774b6-534d-444f-b7aa-d1b834eb0ee7_3_21.json,6a330d3e8a8616fa90fc1c4b0c93662e30256c8d98a5452e685add8c4d7031e8
115774b6-534d-444f-b7aa-d1b834eb0ee7_3_23,partially_supported,new_visual_only_review,final_answer,A,False,/cs/student/project_msc/2025/rai/xinanx01/direct_r1_visual_only_correction_v9_network_recovery/runs/direct_r1_visual_only_correction_v9_recovery_remaining_148/route_artifacts/R1VO9:115774b6-534d-444f-b7aa-d1b834eb0ee7_3_23.json,a6b3d3a4bfe827829e1ba1d1274f6c829a7a68ea2ce9a4f0fd535b201139a30e
115774b6-534d-444f-b7aa-d1b834eb0ee7_3_6,contradicted,new_visual_only_review,final_answer,E,False,/cs/student/project_msc/2025/rai/xinanx01/direct_r1_visual_only_correction_v9_network_recovery/runs/direct_r1_visual_only_correction_v9_recovery_remaining_148/route_artifacts/R1VO9:115774b6-534d-444f-b7aa-d1b834eb0ee7_3_6.json,6ec5c33b00c55acb40b440f2268a3d7038c8a1ebf851a283ec3a0e60a4eb6a54
115774b6-534d-444f-b7aa-d1b834eb0ee7_4_1,partially_supported,new_visual_only_review,final_answer,B,False,/cs/student/project_msc/2025/rai/xinanx01/direct_r1_visual_only_correction_v9_network_recovery/runs/direct_r1_visual_only_correction_v9_recovery_remaining_148/route_artifacts/R1VO9:115774b6-534d-444f-b7aa-d1b834eb0ee7_4_1.json,233e43efa8302b38a9d9c16d750e61c8bb1f294fd2413f6d98b9aa2b10dd584e
115774b6-534d-444f-b7aa-d1b834eb0ee7_4_25,partially_supported,new_visual_only_review,final_answer,C,False,/cs/student/project_msc/2025/rai/xinanx01/direct_r1_visual_only_correction_v9_network_recovery/runs/direct_r1_visual_only_correction_v9_recovery_remaining_148/route_artifacts/R1VO9:115774b6-534d-444f-b7aa-d1b834eb0ee7_4_25.json,3bf7db8437f243006c7adbe36410d1864bca3c008cc9309bc8529e22b33af02a
115774b6-534d-444f-b7aa-d1b834eb0ee7_5_29,partially_supported,new_visual_only_review,final_answer,A,True,/cs/student/project_msc/2025/rai/xinanx01/direct_r1_visual_only_correction_v9_network_recovery/runs/direct_r1_visual_only_correction_v9_recovery_remaining_148/route_artifacts/R1VO9:115774b6-534d-444f-b7aa-d1b834eb0ee7_5_29.json,2721fde6c2f97da08e8f900a330fe9633a7f25fac7d8431ddd7bbdfa9fba07bb
115774b6-534d-444f-b7aa-d1b834eb0ee7_5_5,partially_supported,new_visual_only_review,final_answer,B,False,/cs/student/project_msc/2025/rai/xinanx01/direct_r1_visual_only_correction_v9_network_recovery/runs/direct_r1_visual_only_correction_v9_recovery_remaining_148/route_artifacts/R1VO9:115774b6-534d-444f-b7aa-d1b834eb0ee7_5_5.json,dabc94e9536868efb3c4b8badc7a49c88d63f7875048a4531dd6a24b702afe2f
115774b6-534d-444f-b7aa-d1b834eb0ee7_6_2,unsupported,new_visual_only_review,final_answer,E,False,/cs/student/project_msc/2025/rai/xinanx01/direct_r1_visual_only_correction_v9_network_recovery/runs/direct_r1_visual_only_correction_v9_recovery_remaining_148/route_artifacts/R1VO9:115774b6-534d-444f-b7aa-d1b834eb0ee7_6_2.json,9d93cbdd13800155c3597fd82d2e0964eb12aeaea320dd2e495563f8256f23ce
115774b6-534d-444f-b7aa-d1b834eb0ee7_6_24,unsupported,new_visual_only_review,final_answer,E,False,/cs/student/project_msc/2025/rai/xinanx01/direct_r1_visual_only_correction_v9_network_recovery/runs/direct_r1_visual_only_correction_v9_recovery_remaining_148/route_artifacts/R1VO9:115774b6-534d-444f-b7aa-d1b834eb0ee7_6_24.json,3cf24b95f92624ab15aac96e3f723dc9a20e984845342756a6b8905647efe5ad
115774b6-534d-444f-b7aa-d1b834eb0ee7_6_3,unsupported,new_visual_only_review,final_answer,E,False,/cs/student/project_msc/2025/rai/xinanx01/direct_r1_visual_only_correction_v9_network_recovery/runs/direct_r1_visual_only_correction_v9_recovery_remaining_148/route_artifacts/R1VO9:115774b6-534d-444f-b7aa-d1b834eb0ee7_6_3.json,ce0f13f6444f41eb9ad219acd3849169c0153a1ae5167ced75496c965a55b4e3
115774b6-534d-444f-b7aa-d1b834eb0ee7_6_4,contradicted,new_visual_only_review,final_answer,E,False,/cs/student/project_msc/2025/rai/xinanx01/direct_r1_visual_only_correction_v9_network_recovery/runs/direct_r1_visual_only_correction_v9_recovery_remaining_148/route_artifacts/R1VO9:115774b6-534d-444f-b7aa-d1b834eb0ee7_6_4.json,f3abbeaeaf3774025711082a93c7e43d412b370baa3b89a85c22a8c020f41ac9
115774b6-534d-444f-b7aa-d1b834eb0ee7_7_10,unsupported,new_visual_only_review,final_answer,D,False,/cs/student/project_msc/2025/rai/xinanx01/direct_r1_visual_only_correction_v9_network_recovery/runs/direct_r1_visual_only_correction_v9_recovery_remaining_148/route_artifacts/R1VO9:115774b6-534d-444f-b7aa-d1b834eb0ee7_7_10.json,4bdf0368ba296a77b1ba53c208070002a6a59ff789af3dd911dc8db4f9f83290
115774b6-534d-444f-b7aa-d1b834eb0ee7_7_22,unsupported,new_visual_only_review,final_answer,D,True,/cs/student/project_msc/2025/rai/xinanx01/direct_r1_visual_only_correction_v9_network_recovery/runs/direct_r1_visual_only_correction_v9_recovery_remaining_148/route_artifacts/R1VO9:115774b6-534d-444f-b7aa-d1b834eb0ee7_7_22.json,c9257b2aedac85cd4a9b34326cae957cb3c7f0ad9de0d09b93564be426aa87d9
115774b6-534d-444f-b7aa-d1b834eb0ee7_8_13,supported,new_visual_only_review,final_answer,A,False,/cs/student/project_msc/2025/rai/xinanx01/direct_r1_visual_only_correction_v9_network_recovery/runs/direct_r1_visual_only_correction_v9_recovery_remaining_148/route_artifacts/R1VO9:115774b6-534d-444f-b7aa-d1b834eb0ee7_8_13.json,c1fec5bd97b4d8448dad952c7eb0b289ee73c9eee2dc670ed844778628015497
115774b6-534d-444f-b7aa-d1b834eb0ee7_8_26,contradicted,new_visual_only_review,final_answer,E,True,/cs/student/project_msc/2025/rai/xinanx01/direct_r1_visual_only_correction_v9_network_recovery/runs/direct_r1_visual_only_correction_v9_recovery_remaining_148/route_artifacts/R1VO9:115774b6-534d-444f-b7aa-d1b834eb0ee7_8_26.json,763fa37d7a9b954d2d22c3b644bc769db01f078f23bf714f5d20770457f2fbe5
115774b6-534d-444f-b7aa-d1b834eb0ee7_8_8,partially_supported,new_visual_only_review,final_answer,D,False,/cs/student/project_msc/2025/rai/xinanx01/direct_r1_visual_only_correction_v9_network_recovery/runs/direct_r1_visual_only_correction_v9_recovery_remaining_148/route_artifacts/R1VO9:115774b6-534d-444f-b7aa-d1b834eb0ee7_8_8.json,5ffa3e5d06e720f733810fc6b97ba4f4682727c6a6d0d2001b3aba6a13f54ce3
41a86310-2cc1-48f9-b5b5-6b495a95fbac_11_1,supported,reused_old_verified,final_answer,E,False,/cs/student/project_msc/2025/rai/xinanx01/msc_thesis/main_system/isolated_workspaces/hourvideo_direct_api_eval300_v1/outputs/direct_v1_formal/direct_v1_2_3x16_r1_r3_eval300_formal_v1/route_artifacts/R1:41a86310-2cc1-48f9-b5b5-6b495a95fbac_11_1.json,3d8e9f738b39d841692d8bdac64e4ab655bf9e4508d482bd43916f3c12a06409
41a86310-2cc1-48f9-b5b5-6b495a95fbac_11_19,unsupported,reused_old_verified,final_answer,B,False,/cs/student/project_msc/2025/rai/xinanx01/msc_thesis/main_system/isolated_workspaces/hourvideo_direct_api_eval300_v1/outputs/direct_v1_formal/direct_v1_2_3x16_r1_r3_eval300_formal_v1/route_artifacts/R1:41a86310-2cc1-48f9-b5b5-6b495a95fbac_11_19.json,7a31c88e3f279d4b35de6e5d1a6b083d80c44616118a6fae83fb9177e2ae4f8c
41a86310-2cc1-48f9-b5b5-6b495a95fbac_11_31,partially_supported,reused_old_verified,final_answer,B,False,/cs/student/project_msc/2025/rai/xinanx01/msc_thesis/main_system/isolated_workspaces/hourvideo_direct_api_eval300_v1/outputs/direct_v1_formal/direct_v1_2_3x16_r1_r3_eval300_formal_v1/route_artifacts/R1:41a86310-2cc1-48f9-b5b5-6b495a95fbac_11_31.json,3d174694de2e078c4e59a6071cb745e43112e5627cb605992886f81d898deb78
41a86310-2cc1-48f9-b5b5-6b495a95fbac_11_34,partially_supported,reused_old_verified,final_answer,A,True,/cs/student/project_msc/2025/rai/xinanx01/msc_thesis/main_system/isolated_workspaces/hourvideo_direct_api_eval300_v1/outputs/direct_v1_formal/direct_v1_2_3x16_r1_r3_eval300_formal_v1/route_artifacts/R1:41a86310-2cc1-48f9-b5b5-6b495a95fbac_11_34.json,ac46122e607f07dc6e57815fe6ad23536afc2b0eaa02ddf775ccf761f13e233b
41a86310-2cc1-48f9-b5b5-6b495a95fbac_11_4,supported,reused_old_verified,final_answer,D,False,/cs/student/project_msc/2025/rai/xinanx01/msc_thesis/main_system/isolated_workspaces/hourvideo_direct_api_eval300_v1/outputs/direct_v1_formal/direct_v1_2_3x16_r1_r3_eval300_formal_v1/route_artifacts/R1:41a86310-2cc1-48f9-b5b5-6b495a95fbac_11_4.json,a22fae6624ce41ba8d2161cda92cd9a80f61a40f24c7b7c8e49b3638e54a8f46
41a86310-2cc1-48f9-b5b5-6b495a95fbac_17_10,unsupported,reused_old_verified,final_answer,C,False,/cs/student/project_msc/2025/rai/xinanx01/msc_thesis/main_system/isolated_workspaces/hourvideo_direct_api_eval300_v1/outputs/direct_v1_formal/direct_v1_2_3x16_r1_r3_eval300_formal_v1/route_artifacts/R1:41a86310-2cc1-48f9-b5b5-6b495a95fbac_17_10.json,c9a5f9a356c2b7696d9fff7611f0fe5ed6b747ea64cdecae65ce1ea8397fd54d
41a86310-2cc1-48f9-b5b5-6b495a95fbac_17_13,supported,reused_old_verified,final_answer,B,False,/cs/student/project_msc/2025/rai/xinanx01/msc_thesis/main_system/isolated_workspaces/hourvideo_direct_api_eval300_v1/outputs/direct_v1_formal/direct_v1_2_3x16_r1_r3_eval300_formal_v1/route_artifacts/R1:41a86310-2cc1-48f9-b5b5-6b495a95fbac_17_13.json,ded5a8bb8b5ff01aea47d0da95091244210999f05e1758ca018c86de7df54d09
41a86310-2cc1-48f9-b5b5-6b495a95fbac_17_15,supported,reused_old_verified,final_answer,E,False,/cs/student/project_msc/2025/rai/xinanx01/msc_thesis/main_system/isolated_workspaces/hourvideo_direct_api_eval300_v1/outputs/direct_v1_formal/direct_v1_2_3x16_r1_r3_eval300_formal_v1/route_artifacts/R1:41a86310-2cc1-48f9-b5b5-6b495a95fbac_17_15.json,3f0dbde33498ff39215a06e8aee16e7dce07d753db2b33d9cfc15d820684fde1
41a86310-2cc1-48f9-b5b5-6b495a95fbac_17_2,unsupported,reused_old_verified,final_answer,B,False,/cs/student/project_msc/2025/rai/xinanx01/msc_thesis/main_system/isolated_workspaces/hourvideo_direct_api_eval300_v1/outputs/direct_v1_formal/direct_v1_2_3x16_r1_r3_eval300_formal_v1/route_artifacts/R1:41a86310-2cc1-48f9-b5b5-6b495a95fbac_17_2.json,775d90d01fba5e5042ab42c848c5746dd81e886bce9401cb86fd416b798f3c24
41a86310-2cc1-48f9-b5b5-6b495a95fbac_17_21,unsupported,reused_old_verified,final_answer,D,False,/cs/student/project_msc/2025/rai/xinanx01/msc_thesis/main_system/isolated_workspaces/hourvideo_direct_api_eval300_v1/outputs/direct_v1_formal/direct_v1_2_3x16_r1_r3_eval300_formal_v1/route_artifacts/R1:41a86310-2cc1-48f9-b5b5-6b495a95fbac_17_21.json,2ad703addda9d459dd122a9956daae53e3eb6441f60635ef5e1192a3877db6c6
41a86310-2cc1-48f9-b5b5-6b495a95fbac_17_23,partially_supported,reused_old_verified,final_answer,A,True,/cs/student/project_msc/2025/rai/xinanx01/msc_thesis/main_system/isolated_workspaces/hourvideo_direct_api_eval300_v1/outputs/direct_v1_formal/direct_v1_2_3x16_r1_r3_eval300_formal_v1/route_artifacts/R1:41a86310-2cc1-48f9-b5b5-6b495a95fbac_17_23.json,e4ef0edf1dffa6548b9d24d9f48bdcdc90cc4cb928571b780084205b834f30d0
41a86310-2cc1-48f9-b5b5-6b495a95fbac_17_26,partially_supported,reused_old_verified,final_answer,A,True,/cs/student/project_msc/2025/rai/xinanx01/msc_thesis/main_system/isolated_workspaces/hourvideo_direct_api_eval300_v1/outputs/direct_v1_formal/direct_v1_2_3x16_r1_r3_eval300_formal_v1/route_artifacts/R1:41a86310-2cc1-48f9-b5b5-6b495a95fbac_17_26.json,23c1e080c40e24999ab2dc4625a91fdf72a064df795277d9653235963ae4b62e
41a86310-2cc1-48f9-b5b5-6b495a95fbac_17_33,partially_supported,reused_old_verified,final_answer,D,True,/cs/student/project_msc/2025/rai/xinanx01/msc_thesis/main_system/isolated_workspaces/hourvideo_direct_api_eval300_v1/outputs/direct_v1_formal/direct_v1_2_3x16_r1_r3_eval300_formal_v1/route_artifacts/R1:41a86310-2cc1-48f9-b5b5-6b495a95fbac_17_33.json,dda8aa0e756a877cf7b2302441261ec6b2520cce86d6011d63ddb7f7aa71d2b5
41a86310-2cc1-48f9-b5b5-6b495a95fbac_17_38,supported,reused_old_verified,final_answer,A,False,/cs/student/project_msc/2025/rai/xinanx01/msc_thesis/main_system/isolated_workspaces/hourvideo_direct_api_eval300_v1/outputs/direct_v1_formal/direct_v1_2_3x16_r1_r3_eval300_formal_v1/route_artifacts/R1:41a86310-2cc1-48f9-b5b5-6b495a95fbac_17_38.json,874b839e91a81b81e8c274a3ca7c8a5a7c247855f15ba759415584b378352586
41a86310-2cc1-48f9-b5b5-6b495a95fbac_23_8,supported,reused_old_verified,final_answer,A,False,/cs/student/project_msc/2025/rai/xinanx01/msc_thesis/main_system/isolated_workspaces/hourvideo_direct_api_eval300_v1/outputs/direct_v1_formal/direct_v1_2_3x16_r1_r3_eval300_formal_v1/route_artifacts/R1:41a86310-2cc1-48f9-b5b5-6b495a95fbac_23_8.json,65a354edc801ffc623b1ac0f4fb599fc7e166db14539d44d9fecf076ee894f30
41a86310-2cc1-48f9-b5b5-6b495a95fbac_4_25,partially_supported,reused_old_verified,final_answer,C,False,/cs/student/project_msc/2025/rai/xinanx01/msc_thesis/main_system/isolated_workspaces/hourvideo_direct_api_eval300_v1/outputs/direct_v1_formal/direct_v1_2_3x16_r1_r3_eval300_formal_v1/route_artifacts/R1:41a86310-2cc1-48f9-b5b5-6b495a95fbac_4_25.json,3f910ca329f7a3dcea0d5fc5f665f8f8884499256f2513ccc0b6e1a2c6eca0c7
41a86310-2cc1-48f9-b5b5-6b495a95fbac_5_20,supported,reused_old_verified,final_answer,D,True,/cs/student/project_msc/2025/rai/xinanx01/msc_thesis/main_system/isolated_workspaces/hourvideo_direct_api_eval300_v1/outputs/direct_v1_formal/direct_v1_2_3x16_r1_r3_eval300_formal_v1/route_artifacts/R1:41a86310-2cc1-48f9-b5b5-6b495a95fbac_5_20.json,e9953c8328bcb81ef619934d67c4c42b270743e1cbfe2a86ae52de9caf9501aa
41a86310-2cc1-48f9-b5b5-6b495a95fbac_6_14,partially_supported,reused_old_verified,final_answer,E,False,/cs/student/project_msc/2025/rai/xinanx01/msc_thesis/main_system/isolated_workspaces/hourvideo_direct_api_eval300_v1/outputs/direct_v1_formal/direct_v1_2_3x16_r1_r3_eval300_formal_v1/route_artifacts/R1:41a86310-2cc1-48f9-b5b5-6b495a95fbac_6_14.json,bbeb8ecb164c4b32921146278abeec19b7d99b8e2874a2ac095b1229856965ed
41a86310-2cc1-48f9-b5b5-6b495a95fbac_6_24,supported,reused_old_verified,final_answer,D,False,/cs/student/project_msc/2025/rai/xinanx01/msc_thesis/main_system/isolated_workspaces/hourvideo_direct_api_eval300_v1/outputs/direct_v1_formal/direct_v1_2_3x16_r1_r3_eval300_formal_v1/route_artifacts/R1:41a86310-2cc1-48f9-b5b5-6b495a95fbac_6_24.json,df3e904a6fbc133ea2b05bd19da018fe23908e1750f37107ac2cfcf07501b657
41a86310-2cc1-48f9-b5b5-6b495a95fbac_6_27,supported,reused_old_verified,final_answer,C,True,/cs/student/project_msc/2025/rai/xinanx01/msc_thesis/main_system/isolated_workspaces/hourvideo_direct_api_eval300_v1/outputs/direct_v1_formal/direct_v1_2_3x16_r1_r3_eval300_formal_v1/route_artifacts/R1:41a86310-2cc1-48f9-b5b5-6b495a95fbac_6_27.json,054d063dd5e4182fa2888c34bf584001b042107de1457fa63a214b11068c2b88
41a86310-2cc1-48f9-b5b5-6b495a95fbac_6_32,partially_supported,reused_old_verified,final_answer,D,True,/cs/student/project_msc/2025/rai/xinanx01/msc_thesis/main_system/isolated_workspaces/hourvideo_direct_api_eval300_v1/outputs/direct_v1_formal/direct_v1_2_3x16_r1_r3_eval300_formal_v1/route_artifacts/R1:41a86310-2cc1-48f9-b5b5-6b495a95fbac_6_32.json,c7db58a7003d55e5ad8256a059128553b104405610dfe582fa6a0d09e61fba59
41a86310-2cc1-48f9-b5b5-6b495a95fbac_7_17,partially_supported,reused_old_verified,final_answer,A,False,/cs/student/project_msc/2025/rai/xinanx01/msc_thesis/main_system/isolated_workspaces/hourvideo_direct_api_eval300_v1/outputs/direct_v1_formal/direct_v1_2_3x16_r1_r3_eval300_formal_v1/route_artifacts/R1:41a86310-2cc1-48f9-b5b5-6b495a95fbac_7_17.json,c5c2065ff90ee9660a82ff722cb0fa7e3f23cbcc2b780409247aa9811c7a621d
41a86310-2cc1-48f9-b5b5-6b495a95fbac_7_39,contradicted,reused_old_verified,final_answer,D,False,/cs/student/project_msc/2025/rai/xinanx01/msc_thesis/main_system/isolated_workspaces/hourvideo_direct_api_eval300_v1/outputs/direct_v1_formal/direct_v1_2_3x16_r1_r3_eval300_formal_v1/route_artifacts/R1:41a86310-2cc1-48f9-b5b5-6b495a95fbac_7_39.json,5e3acea9d313149ac40b4346315d4cc946e9e342627eb303b7bb9a22eb59930b
41a86310-2cc1-48f9-b5b5-6b495a95fbac_8_11,contradicted,reused_old_verified,final_answer,E,False,/cs/student/project_msc/2025/rai/xinanx01/msc_thesis/main_system/isolated_workspaces/hourvideo_direct_api_eval300_v1/outputs/direct_v1_formal/direct_v1_2_3x16_r1_r3_eval300_formal_v1/route_artifacts/R1:41a86310-2cc1-48f9-b5b5-6b495a95fbac_8_11.json,979bc84585b26661d99dd8f6591ae795d05283e53375f3e91ebf5f5118df25fd
41a86310-2cc1-48f9-b5b5-6b495a95fbac_8_22,partially_supported,reused_old_verified,final_answer,E,False,/cs/student/project_msc/2025/rai/xinanx01/msc_thesis/main_system/isolated_workspaces/hourvideo_direct_api_eval300_v1/outputs/direct_v1_formal/direct_v1_2_3x16_r1_r3_eval300_formal_v1/route_artifacts/R1:41a86310-2cc1-48f9-b5b5-6b495a95fbac_8_22.json,5decb9cbc2a7d298d393b3d6dd47e63bd6110cdf0690e7ee4ab212102e5f5ad8
4572b198-2c1c-4920-bcf0-95fcebe12261_13_1,partially_supported,new_visual_only_review,final_answer,E,False,/cs/student/project_msc/2025/rai/xinanx01/direct_r1_visual_only_correction_v8_formal_candidate/runs/direct_r1_visual_only_correction_v8_formal_175/route_artifacts/R1VO8:4572b198-2c1c-4920-bcf0-95fcebe12261_13_1.json,13ca8955a62b8c821d5821b82c7a2fda0ad1b61f36aca40b95309f86418f144c
4572b198-2c1c-4920-bcf0-95fcebe12261_15_1,unsupported,new_visual_only_review,final_answer,B,False,/cs/student/project_msc/2025/rai/xinanx01/direct_r1_visual_only_correction_v9_network_recovery/runs/direct_r1_visual_only_correction_v9_recovery_remaining_148/route_artifacts/R1VO9:4572b198-2c1c-4920-bcf0-95fcebe12261_15_1.json,67892e6c5df4784b38262596e774b1b944d9fd83d842e91233ba32f187141fd4
4572b198-2c1c-4920-bcf0-95fcebe12261_17_10,supported,new_visual_only_review,final_answer,D,False,/cs/student/project_msc/2025/rai/xinanx01/direct_r1_visual_only_correction_v9_network_recovery/runs/direct_r1_visual_only_correction_v9_recovery_remaining_148/route_artifacts/R1VO9:4572b198-2c1c-4920-bcf0-95fcebe12261_17_10.json,22f499bc7c0ee3a2248466f2ee38fbe31ef01d9b828fffe1ea82d99b7c45fd8b
4572b198-2c1c-4920-bcf0-95fcebe12261_17_14,contradicted,new_visual_only_review,final_answer,B,False,/cs/student/project_msc/2025/rai/xinanx01/direct_r1_visual_only_correction_v9_network_recovery/runs/direct_r1_visual_only_correction_v9_recovery_remaining_148/route_artifacts/R1VO9:4572b198-2c1c-4920-bcf0-95fcebe12261_17_14.json,de16e18f29fc3f0863be117a6e9c2a2a3bbc8e9aca5197c56f4e5375d1b7cccc
4572b198-2c1c-4920-bcf0-95fcebe12261_17_15,unsupported,new_visual_only_review,final_answer,E,False,/cs/student/project_msc/2025/rai/xinanx01/direct_r1_visual_only_correction_v9_network_recovery/runs/direct_r1_visual_only_correction_v9_recovery_remaining_148/route_artifacts/R1VO9:4572b198-2c1c-4920-bcf0-95fcebe12261_17_15.json,242e836621224c4475391d9823b4773f4044b41d4a99b5046ada54312cbdd9c3
4572b198-2c1c-4920-bcf0-95fcebe12261_17_17,supported,new_visual_only_review,final_answer,D,False,/cs/student/project_msc/2025/rai/xinanx01/direct_r1_visual_only_correction_v9_network_recovery/runs/direct_r1_visual_only_correction_v9_recovery_remaining_148/route_artifacts/R1VO9:4572b198-2c1c-4920-bcf0-95fcebe12261_17_17.json,088d0b194544b31d24b7edb52184e5aa964818eb12782e461d30313aa0f558ac
4572b198-2c1c-4920-bcf0-95fcebe12261_17_25,partially_supported,new_visual_only_review,final_answer,E,True,/cs/student/project_msc/2025/rai/xinanx01/direct_r1_visual_only_correction_v9_network_recovery/runs/direct_r1_visual_only_correction_v9_recovery_remaining_148/route_artifacts/R1VO9:4572b198-2c1c-4920-bcf0-95fcebe12261_17_25.json,40ddd725a0c26008888c98fe95a09ec7ece91930bfd1f4af3fcc0845714d4505
4572b198-2c1c-4920-bcf0-95fcebe12261_17_26,partially_supported,new_visual_only_review,final_answer,B,True,/cs/student/project_msc/2025/rai/xinanx01/direct_r1_visual_only_correction_v9_network_recovery/runs/direct_r1_visual_only_correction_v9_recovery_remaining_148/route_artifacts/R1VO9:4572b198-2c1c-4920-bcf0-95fcebe12261_17_26.json,2c53b720006c0fa9a1614b3d49bd5e77d8d679c0cb39b041f2255155665d05ad
4572b198-2c1c-4920-bcf0-95fcebe12261_17_29,unsupported,new_visual_only_review,final_answer,C,False,/cs/student/project_msc/2025/rai/xinanx01/direct_r1_visual_only_correction_v9_network_recovery/runs/direct_r1_visual_only_correction_v9_recovery_remaining_148/route_artifacts/R1VO9:4572b198-2c1c-4920-bcf0-95fcebe12261_17_29.json,489092e75c633b80e9708f84a1e5c7857a95f27f6536719303c3c9067d7ff9b9
4572b198-2c1c-4920-bcf0-95fcebe12261_17_39,unsupported,new_visual_only_review,final_answer,C,False,/cs/student/project_msc/2025/rai/xinanx01/direct_r1_visual_only_correction_v9_network_recovery/runs/direct_r1_visual_only_correction_v9_recovery_remaining_148/route_artifacts/R1VO9:4572b198-2c1c-4920-bcf0-95fcebe12261_17_39.json,d0eae0904f0e18fbfc7d967bb70abd75501351f6050b78a57ff781d0180d8b01
4572b198-2c1c-4920-bcf0-95fcebe12261_2_1,partially_supported,new_visual_only_review,final_answer,C,False,/cs/student/project_msc/2025/rai/xinanx01/direct_r1_visual_only_correction_v9_network_recovery/runs/direct_r1_visual_only_correction_v9_recovery_remaining_148/route_artifacts/R1VO9:4572b198-2c1c-4920-bcf0-95fcebe12261_2_1.json,03b7172ee9b339fd219b6c2877369f6724892e509ab911c7c8342c69ac52602e
4572b198-2c1c-4920-bcf0-95fcebe12261_3_21,supported,new_visual_only_review,final_answer,B,False,/cs/student/project_msc/2025/rai/xinanx01/direct_r1_visual_only_correction_v9_network_recovery/runs/direct_r1_visual_only_correction_v9_recovery_remaining_148/route_artifacts/R1VO9:4572b198-2c1c-4920-bcf0-95fcebe12261_3_21.json,4bb8febec5ad1120e0f4882b4a312a084ce073970f0205f5fe6010c970eaa7f7
4572b198-2c1c-4920-bcf0-95fcebe12261_4_20,unsupported,new_visual_only_review,final_answer,C,False,/cs/student/project_msc/2025/rai/xinanx01/direct_r1_visual_only_correction_v9_network_recovery/runs/direct_r1_visual_only_correction_v9_recovery_remaining_148/route_artifacts/R1VO9:4572b198-2c1c-4920-bcf0-95fcebe12261_4_20.json,a24e80eced1b2c6b049acbe66f8b59061539658149edc9a6858f034967837243
4572b198-2c1c-4920-bcf0-95fcebe12261_4_23,unsupported,new_visual_only_review,final_answer,D,False,/cs/student/project_msc/2025/rai/xinanx01/direct_r1_visual_only_correction_v8_formal_candidate/runs/direct_r1_visual_only_correction_v8_formal_175/route_artifacts/R1VO8:4572b198-2c1c-4920-bcf0-95fcebe12261_4_23.json,cca8eb26434f1f94c65eb2bb31d3fb85b96147aa8aa2fd2c5a59280070fe16e1
4572b198-2c1c-4920-bcf0-95fcebe12261_4_28,contradicted,new_visual_only_review,final_answer,B,False,/cs/student/project_msc/2025/rai/xinanx01/direct_r1_visual_only_correction_v9_network_recovery/runs/direct_r1_visual_only_correction_v9_recovery_remaining_148/route_artifacts/R1VO9:4572b198-2c1c-4920-bcf0-95fcebe12261_4_28.json,6c463b153b881d0939e7bb981f285be012796c115b5bf2dcc9b26d2ed92c84fa
4572b198-2c1c-4920-bcf0-95fcebe12261_4_3,unsupported,new_visual_only_review,final_answer,B,False,/cs/student/project_msc/2025/rai/xinanx01/direct_r1_visual_only_correction_v9_network_recovery/runs/direct_r1_visual_only_correction_v9_recovery_remaining_148/route_artifacts/R1VO9:4572b198-2c1c-4920-bcf0-95fcebe12261_4_3.json,e75e739503db079daae5c55f5460f9212470a59001b8ddb580743f045a97cbff
4572b198-2c1c-4920-bcf0-95fcebe12261_4_40,partially_supported,new_visual_only_review,final_answer,C,False,/cs/student/project_msc/2025/rai/xinanx01/direct_r1_visual_only_correction_v9_network_recovery/runs/direct_r1_visual_only_correction_v9_recovery_remaining_148/route_artifacts/R1VO9:4572b198-2c1c-4920-bcf0-95fcebe12261_4_40.json,ca3a60148fe3a87190cb5023450df99c3cc239b46458ffb21966faa3e3a23ca1
4572b198-2c1c-4920-bcf0-95fcebe12261_5_11,partially_supported,new_visual_only_review,final_answer,B,False,/cs/student/project_msc/2025/rai/xinanx01/direct_r1_visual_only_correction_v9_network_recovery/runs/direct_r1_visual_only_correction_v9_recovery_remaining_148/route_artifacts/R1VO9:4572b198-2c1c-4920-bcf0-95fcebe12261_5_11.json,d49cb80154488955148b84129b7805f25dfba45194b94987efb0575e41f6a629
4572b198-2c1c-4920-bcf0-95fcebe12261_6_22,supported,new_visual_only_review,final_answer,C,True,/cs/student/project_msc/2025/rai/xinanx01/direct_r1_visual_only_correction_v9_network_recovery/runs/direct_r1_visual_only_correction_v9_recovery_remaining_148/route_artifacts/R1VO9:4572b198-2c1c-4920-bcf0-95fcebe12261_6_22.json,7eb7d8032287bad6b07a70f1629df0137eacf47cc47ada2b142ca30bbd09faf0
4572b198-2c1c-4920-bcf0-95fcebe12261_6_24,supported,new_visual_only_review,final_answer,D,False,/cs/student/project_msc/2025/rai/xinanx01/direct_r1_visual_only_correction_v9_network_recovery/runs/direct_r1_visual_only_correction_v9_recovery_remaining_148/route_artifacts/R1VO9:4572b198-2c1c-4920-bcf0-95fcebe12261_6_24.json,3a775b5f9781079881787f5ef3d1f2d18bc6ee93c79a3bb2751d73725059c03e
4572b198-2c1c-4920-bcf0-95fcebe12261_6_7,contradicted,new_visual_only_review,final_answer,A,False,/cs/student/project_msc/2025/rai/xinanx01/direct_r1_visual_only_correction_v9_network_recovery/runs/direct_r1_visual_only_correction_v9_recovery_remaining_148/route_artifacts/R1VO9:4572b198-2c1c-4920-bcf0-95fcebe12261_6_7.json,edb0cb43dab70aab1bfe13485c530632b0d8534f189e4710c9d38c7d41cdc177
4572b198-2c1c-4920-bcf0-95fcebe12261_7_32,partially_supported,new_visual_only_review,final_answer,B,False,/cs/student/project_msc/2025/rai/xinanx01/direct_r1_visual_only_correction_v9_network_recovery/runs/direct_r1_visual_only_correction_v9_recovery_remaining_148/route_artifacts/R1VO9:4572b198-2c1c-4920-bcf0-95fcebe12261_7_32.json,74d877bd560d06045e699eec873670c410808987730b6ff76eeebc9cada78da9
4572b198-2c1c-4920-bcf0-95fcebe12261_7_5,unsupported,new_visual_only_review,final_answer,C,True,/cs/student/project_msc/2025/rai/xinanx01/direct_r1_visual_only_correction_v9_network_recovery/runs/direct_r1_visual_only_correction_v9_recovery_remaining_148/route_artifacts/R1VO9:4572b198-2c1c-4920-bcf0-95fcebe12261_7_5.json,8a58132a864b3381238fe9864ec50864058043987d467e7cb7a0b4c6fa96bbec
4572b198-2c1c-4920-bcf0-95fcebe12261_8_13,partially_supported,new_visual_only_review,final_answer,E,True,/cs/student/project_msc/2025/rai/xinanx01/direct_r1_visual_only_correction_v9_network_recovery/runs/direct_r1_visual_only_correction_v9_recovery_remaining_148/route_artifacts/R1VO9:4572b198-2c1c-4920-bcf0-95fcebe12261_8_13.json,a5fb9c5d91c8b9346fd04262314a00af492d10e7021f651827c75458be92326e
4572b198-2c1c-4920-bcf0-95fcebe12261_8_34,contradicted,new_visual_only_review,final_answer,A,False,/cs/student/project_msc/2025/rai/xinanx01/direct_r1_visual_only_correction_v9_network_recovery/runs/direct_r1_visual_only_correction_v9_recovery_remaining_148/route_artifacts/R1VO9:4572b198-2c1c-4920-bcf0-95fcebe12261_8_34.json,9ac8350e5bb3a9320aeca352e1b44bf221c842af96ac4810078f574fdae753a7
6fd90f8d-7a4d-425d-a812-3268db0b0342_11_29,partially_supported,new_visual_only_review,final_answer,E,False,/cs/student/project_msc/2025/rai/xinanx01/direct_r1_visual_only_correction_v8_formal_candidate/runs/direct_r1_visual_only_correction_v8_formal_175/route_artifacts/R1VO8:6fd90f8d-7a4d-425d-a812-3268db0b0342_11_29.json,cf9d684d3bcfd5280c43ca37ee7efbd2ccf0d2ef7c9281e5ea453b0c64513312
6fd90f8d-7a4d-425d-a812-3268db0b0342_12_28,contradicted,new_visual_only_review,final_answer,C,False,/cs/student/project_msc/2025/rai/xinanx01/direct_r1_visual_only_correction_v8_formal_candidate/runs/direct_r1_visual_only_correction_v8_formal_175/route_artifacts/R1VO8:6fd90f8d-7a4d-425d-a812-3268db0b0342_12_28.json,cedd2ba243df4843c8656b2b373a3f7b6dff42742332fad115c6ee7684e8095f
6fd90f8d-7a4d-425d-a812-3268db0b0342_13_2,partially_supported,new_visual_only_review,final_answer,C,False,/cs/student/project_msc/2025/rai/xinanx01/direct_r1_visual_only_correction_v8_formal_candidate/runs/direct_r1_visual_only_correction_v8_formal_175/route_artifacts/R1VO8:6fd90f8d-7a4d-425d-a812-3268db0b0342_13_2.json,8bdb13b1ec5220d08006f733775db1648da955ef5ed2ed58005ff9fd6c6fd6a3
6fd90f8d-7a4d-425d-a812-3268db0b0342_14_3,unsupported,new_visual_only_review,final_answer,A,False,/cs/student/project_msc/2025/rai/xinanx01/direct_r1_visual_only_correction_v8_formal_candidate/runs/direct_r1_visual_only_correction_v8_formal_175/route_artifacts/R1VO8:6fd90f8d-7a4d-425d-a812-3268db0b0342_14_3.json,5ce8b010cc9eda78fdd40fa13fa868082eaf74317ebd40bbf6ebea4d386c7e58
6fd90f8d-7a4d-425d-a812-3268db0b0342_14_4,partially_supported,new_visual_only_review,final_answer,C,False,/cs/student/project_msc/2025/rai/xinanx01/direct_r1_visual_only_correction_v8_formal_candidate/runs/direct_r1_visual_only_correction_v8_formal_175/route_artifacts/R1VO8:6fd90f8d-7a4d-425d-a812-3268db0b0342_14_4.json,ca482f9668683a4cf22e2c1968df688138ab5729b0caebc30ee1c84d3cdecf4f
6fd90f8d-7a4d-425d-a812-3268db0b0342_14_5,unsupported,new_visual_only_review,final_answer,C,False,/cs/student/project_msc/2025/rai/xinanx01/direct_r1_visual_only_correction_v8_formal_candidate/runs/direct_r1_visual_only_correction_v8_formal_175/route_artifacts/R1VO8:6fd90f8d-7a4d-425d-a812-3268db0b0342_14_5.json,8a600762e7cb03efabafd0bf876fdb89d479260047d9b2a65a971921493ad376
6fd90f8d-7a4d-425d-a812-3268db0b0342_15_2,unsupported,new_visual_only_review,final_answer,C,False,/cs/student/project_msc/2025/rai/xinanx01/direct_r1_visual_only_correction_v8_formal_candidate/runs/direct_r1_visual_only_correction_v8_formal_175/route_artifacts/R1VO8:6fd90f8d-7a4d-425d-a812-3268db0b0342_15_2.json,3bd02724441d39025db68351db6cc4c2df38347b418f9be788eb655453446315
6fd90f8d-7a4d-425d-a812-3268db0b0342_16_3,unsupported,new_visual_only_review,final_answer,A,False,/cs/student/project_msc/2025/rai/xinanx01/direct_r1_visual_only_correction_v8_formal_candidate/runs/direct_r1_visual_only_correction_v8_formal_175/route_artifacts/R1VO8:6fd90f8d-7a4d-425d-a812-3268db0b0342_16_3.json,09131e71d5aebbcb843e4c1328096935113cc3f97b5b22f7ab0a129234acb4a0
6fd90f8d-7a4d-425d-a812-3268db0b0342_16_4,unsupported,new_visual_only_review,final_answer,B,True,/cs/student/project_msc/2025/rai/xinanx01/direct_r1_visual_only_correction_v8_formal_candidate/runs/direct_r1_visual_only_correction_v8_formal_175/route_artifacts/R1VO8:6fd90f8d-7a4d-425d-a812-3268db0b0342_16_4.json,45cc63ee61420e20107f6c3e4c61b39138a200964eee2e3f24ccf39a09881e71
6fd90f8d-7a4d-425d-a812-3268db0b0342_16_5,unsupported,new_visual_only_review,final_answer,E,True,/cs/student/project_msc/2025/rai/xinanx01/direct_r1_visual_only_correction_v8_formal_candidate/runs/direct_r1_visual_only_correction_v8_formal_175/route_artifacts/R1VO8:6fd90f8d-7a4d-425d-a812-3268db0b0342_16_5.json,00bf584a77349bc4e256ec305e33f6309e117a2188f240294cbd4751e4fd6f53
6fd90f8d-7a4d-425d-a812-3268db0b0342_17_25,supported,new_visual_only_review,final_answer,B,False,/cs/student/project_msc/2025/rai/xinanx01/direct_r1_visual_only_correction_v8_formal_candidate/runs/direct_r1_visual_only_correction_v8_formal_175/route_artifacts/R1VO8:6fd90f8d-7a4d-425d-a812-3268db0b0342_17_25.json,4edde999b380f1d7210d54a7bfd74854227524ead87f0d5e78195a1c4f8551d8
6fd90f8d-7a4d-425d-a812-3268db0b0342_17_36,partially_supported,new_visual_only_review,final_answer,B,False,/cs/student/project_msc/2025/rai/xinanx01/direct_r1_visual_only_correction_v8_formal_candidate/runs/direct_r1_visual_only_correction_v8_formal_175/route_artifacts/R1VO8:6fd90f8d-7a4d-425d-a812-3268db0b0342_17_36.json,49c354a308fcf945fdd7b1703317d816373b4d1fdf1ac1508fa2f2e30865c55a
6fd90f8d-7a4d-425d-a812-3268db0b0342_17_5,partially_supported,new_visual_only_review,final_answer,B,False,/cs/student/project_msc/2025/rai/xinanx01/direct_r1_visual_only_correction_v8_formal_candidate/runs/direct_r1_visual_only_correction_v8_formal_175/route_artifacts/R1VO8:6fd90f8d-7a4d-425d-a812-3268db0b0342_17_5.json,c40728b7d723eb55ba2911481990cfef55ac21c00568457198b3625faf2546c5
6fd90f8d-7a4d-425d-a812-3268db0b0342_18_16,partially_supported,new_visual_only_review,final_answer,D,True,/cs/student/project_msc/2025/rai/xinanx01/direct_r1_visual_only_correction_v8_formal_candidate/runs/direct_r1_visual_only_correction_v8_formal_175/route_artifacts/R1VO8:6fd90f8d-7a4d-425d-a812-3268db0b0342_18_16.json,7f07a23ac1368b364f5f2a820b78f6a477eec60a070c64d63b77f3c549434b31
6fd90f8d-7a4d-425d-a812-3268db0b0342_18_17,partially_supported,new_visual_only_review,final_answer,E,True,/cs/student/project_msc/2025/rai/xinanx01/direct_r1_visual_only_correction_v8_formal_candidate/runs/direct_r1_visual_only_correction_v8_formal_175/route_artifacts/R1VO8:6fd90f8d-7a4d-425d-a812-3268db0b0342_18_17.json,fa8a4ab0f768f018572dfbb8283116c72c52811b4eb4ab372ff0887ac5dca5a6
6fd90f8d-7a4d-425d-a812-3268db0b0342_1_1,unsupported,new_visual_only_review,final_answer,C,False,/cs/student/project_msc/2025/rai/xinanx01/direct_r1_visual_only_correction_v8_formal_candidate/runs/direct_r1_visual_only_correction_v8_formal_175/route_artifacts/R1VO8:6fd90f8d-7a4d-425d-a812-3268db0b0342_1_1.json,6a902f7eacef051469fd06ff6f2e99311a269a00ae07003cf63fe50824373e43
6fd90f8d-7a4d-425d-a812-3268db0b0342_21_11,partially_supported,new_visual_only_review,final_answer,D,False,/cs/student/project_msc/2025/rai/xinanx01/direct_r1_visual_only_correction_v8_formal_candidate/runs/direct_r1_visual_only_correction_v8_formal_175/route_artifacts/R1VO8:6fd90f8d-7a4d-425d-a812-3268db0b0342_21_11.json,d3a3a48caee6694eb4dbecb0c7750f03dec7001e4206b84253e5e364ac892784
6fd90f8d-7a4d-425d-a812-3268db0b0342_3_32,unsupported,new_visual_only_review,final_answer,E,True,/cs/student/project_msc/2025/rai/xinanx01/direct_r1_visual_only_correction_v8_formal_candidate/runs/direct_r1_visual_only_correction_v8_formal_175/route_artifacts/R1VO8:6fd90f8d-7a4d-425d-a812-3268db0b0342_3_32.json,650cc43b8bf4fa58f43feaf2bec03e523142dafb9cffa862678760a8c57be741
6fd90f8d-7a4d-425d-a812-3268db0b0342_4_1,unsupported,new_visual_only_review,final_answer,B,False,/cs/student/project_msc/2025/rai/xinanx01/direct_r1_visual_only_correction_v8_formal_candidate/runs/direct_r1_visual_only_correction_v8_formal_175/route_artifacts/R1VO8:6fd90f8d-7a4d-425d-a812-3268db0b0342_4_1.json,1c6eb7237317c7fb7e691de695e210e13b0bcf1e9885b2bba325b39965f46d4e
6fd90f8d-7a4d-425d-a812-3268db0b0342_6_8,partially_supported,new_visual_only_review,final_answer,A,False,/cs/student/project_msc/2025/rai/xinanx01/direct_r1_visual_only_correction_v8_formal_candidate/runs/direct_r1_visual_only_correction_v8_formal_175/route_artifacts/R1VO8:6fd90f8d-7a4d-425d-a812-3268db0b0342_6_8.json,509570a33d8bc4cabc9bcb142e9428a7ab9b29c63f89adcedbae40577ce0e78a
6fd90f8d-7a4d-425d-a812-3268db0b0342_7_27,supported,new_visual_only_review,final_answer,D,False,/cs/student/project_msc/2025/rai/xinanx01/direct_r1_visual_only_correction_v8_formal_candidate/runs/direct_r1_visual_only_correction_v8_formal_175/route_artifacts/R1VO8:6fd90f8d-7a4d-425d-a812-3268db0b0342_7_27.json,7353c95aa1cab75c125800ee897e0cbab04543c99cce8544dc42fd7b2c9ae148
6fd90f8d-7a4d-425d-a812-3268db0b0342_7_7,contradicted,new_visual_only_review,final_answer,E,False,/cs/student/project_msc/2025/rai/xinanx01/direct_r1_visual_only_correction_v8_formal_candidate/runs/direct_r1_visual_only_correction_v8_formal_175/route_artifacts/R1VO8:6fd90f8d-7a4d-425d-a812-3268db0b0342_7_7.json,db46995142ebe2c03a0c4413b4baa01280a87194d80cc0cd98a4a6a3e563ea38
6fd90f8d-7a4d-425d-a812-3268db0b0342_8_10,contradicted,new_visual_only_review,final_answer,D,False,/cs/student/project_msc/2025/rai/xinanx01/direct_r1_visual_only_correction_v8_formal_candidate/runs/direct_r1_visual_only_correction_v8_formal_175/route_artifacts/R1VO8:6fd90f8d-7a4d-425d-a812-3268db0b0342_8_10.json,2cd072d9425ae7b20f01d9f4a0f2955338122fa983da3b3b6816e085df0d213e
6fd90f8d-7a4d-425d-a812-3268db0b0342_8_31,contradicted,new_visual_only_review,final_answer,E,True,/cs/student/project_msc/2025/rai/xinanx01/direct_r1_visual_only_correction_v8_formal_candidate/runs/direct_r1_visual_only_correction_v8_formal_175/route_artifacts/R1VO8:6fd90f8d-7a4d-425d-a812-3268db0b0342_8_31.json,c0bf718b44d69706d934e58cc8720f85f6ff55b020c58302035daf78fe598125
6fd90f8d-7a4d-425d-a812-3268db0b0342_8_9,contradicted,new_visual_only_review,final_answer,D,False,/cs/student/project_msc/2025/rai/xinanx01/direct_r1_visual_only_correction_v8_formal_candidate/runs/direct_r1_visual_only_correction_v8_formal_175/route_artifacts/R1VO8:6fd90f8d-7a4d-425d-a812-3268db0b0342_8_9.json,faef6506763b34924db0223ed7c702c84dd4f0a2c825e0a7859c4078c2fe0bb4
70f2a750-f403-41b8-aabb-480eb3ab4ed4_11_23,supported,new_visual_only_review,final_answer,C,False,/cs/student/project_msc/2025/rai/xinanx01/direct_r1_visual_only_correction_v12_unified_recovery/runs/direct_r1_visual_only_correction_v12_unified_recovery_remaining_30/route_artifacts/R1VO12:70f2a750-f403-41b8-aabb-480eb3ab4ed4_11_23.json,260622b0f438a5822b9989a77c517573b03b53e2d0bf88e96857e34667d2526b
70f2a750-f403-41b8-aabb-480eb3ab4ed4_11_7,supported,new_visual_only_review,final_answer,E,False,/cs/student/project_msc/2025/rai/xinanx01/direct_r1_visual_only_correction_v13_unified_recovery/runs/direct_r1_visual_only_correction_v13_unified_recovery_remaining_12/route_artifacts/R1VO13:70f2a750-f403-41b8-aabb-480eb3ab4ed4_11_7.json,7944faebf0a55a0f97fa5da00ae558e3b717bd061342dead389d14c8849fc162
70f2a750-f403-41b8-aabb-480eb3ab4ed4_12_17,contradicted,new_visual_only_review,final_answer,C,False,/cs/student/project_msc/2025/rai/xinanx01/direct_r1_visual_only_correction_v13_unified_recovery/runs/direct_r1_visual_only_correction_v13_unified_recovery_remaining_12/route_artifacts/R1VO13:70f2a750-f403-41b8-aabb-480eb3ab4ed4_12_17.json,1e3f92686907d61482e4bf4b1eb8495638fe30cccaa69207c2461b4a8bbb7a97
70f2a750-f403-41b8-aabb-480eb3ab4ed4_17_13,partially_supported,new_visual_only_review,final_answer,B,True,/cs/student/project_msc/2025/rai/xinanx01/direct_r1_visual_only_correction_v12_unified_recovery/runs/direct_r1_visual_only_correction_v12_unified_recovery_remaining_30/route_artifacts/R1VO12:70f2a750-f403-41b8-aabb-480eb3ab4ed4_17_13.json,d7c85bc04c74d6bbdfe454ed73e4ddcf9021eb6a1b427a70e0473443eae6c0ce
70f2a750-f403-41b8-aabb-480eb3ab4ed4_17_14,supported,new_visual_only_review,final_answer,C,True,/cs/student/project_msc/2025/rai/xinanx01/direct_r1_visual_only_correction_v12_unified_recovery/runs/direct_r1_visual_only_correction_v12_unified_recovery_remaining_30/route_artifacts/R1VO12:70f2a750-f403-41b8-aabb-480eb3ab4ed4_17_14.json,2b0affcfc826e9afe6f8b4cbb3d8bc3c0ea3eaea58e117dd385452d4c69dd9d1
70f2a750-f403-41b8-aabb-480eb3ab4ed4_17_16,no_final_answer,new_visual_only_review,invalid_action:frame_resolution:requested timestamp outside video duration: 1680.0,,False,/cs/student/project_msc/2025/rai/xinanx01/direct_r1_visual_only_correction_v13_unified_recovery/runs/direct_r1_visual_only_correction_v13_unified_recovery_remaining_12/route_artifacts/R1VO13:70f2a750-f403-41b8-aabb-480eb3ab4ed4_17_16.json,329154e2de47d2358bfd386d3f13eaba87e4f3777776c8e5668965678e355ad5
70f2a750-f403-41b8-aabb-480eb3ab4ed4_17_30,partially_supported,new_visual_only_review,final_answer,D,False,/cs/student/project_msc/2025/rai/xinanx01/direct_r1_visual_only_correction_v13_unified_recovery/runs/direct_r1_visual_only_correction_v13_unified_recovery_remaining_12/route_artifacts/R1VO13:70f2a750-f403-41b8-aabb-480eb3ab4ed4_17_30.json,1b65cd4541773d0165ad3f9739fee7fd58f104ccd275d9f38f02a0cf58558078
70f2a750-f403-41b8-aabb-480eb3ab4ed4_17_31,partially_supported,new_visual_only_review,final_answer,A,False,/cs/student/project_msc/2025/rai/xinanx01/direct_r1_visual_only_correction_v12_unified_recovery/runs/direct_r1_visual_only_correction_v12_unified_recovery_remaining_30/route_artifacts/R1VO12:70f2a750-f403-41b8-aabb-480eb3ab4ed4_17_31.json,a18906b896c7a8f97d63ffe90681ce994b3bb502e34bf310e6a763c94f89a6b9
70f2a750-f403-41b8-aabb-480eb3ab4ed4_17_8,partially_supported,new_visual_only_review,final_answer,B,False,/cs/student/project_msc/2025/rai/xinanx01/direct_r1_visual_only_correction_v12_unified_recovery/runs/direct_r1_visual_only_correction_v12_unified_recovery_remaining_30/route_artifacts/R1VO12:70f2a750-f403-41b8-aabb-480eb3ab4ed4_17_8.json,27f492598fcdcfb4dc073d255ebfeebb27c7199e071ae06251673af2fa54f88d
70f2a750-f403-41b8-aabb-480eb3ab4ed4_17_9,partially_supported,new_visual_only_review,final_answer,E,False,/cs/student/project_msc/2025/rai/xinanx01/direct_r1_visual_only_correction_v13_unified_recovery/runs/direct_r1_visual_only_correction_v13_unified_recovery_remaining_12/route_artifacts/R1VO13:70f2a750-f403-41b8-aabb-480eb3ab4ed4_17_9.json,2092b70aad910777408d3cefde5a1fc771f183cf6338b30457d348c0e4f52970
70f2a750-f403-41b8-aabb-480eb3ab4ed4_21_26,partially_supported,new_visual_only_review,final_answer,E,True,/cs/student/project_msc/2025/rai/xinanx01/direct_r1_visual_only_correction_v13_unified_recovery/runs/direct_r1_visual_only_correction_v13_unified_recovery_remaining_12/route_artifacts/R1VO13:70f2a750-f403-41b8-aabb-480eb3ab4ed4_21_26.json,ba699aab57608c1cd4665d7df10a341e73bdf8f31f8fff5881ca2b11663322e9
70f2a750-f403-41b8-aabb-480eb3ab4ed4_22_10,partially_supported,new_visual_only_review,final_answer,D,True,/cs/student/project_msc/2025/rai/xinanx01/direct_r1_visual_only_correction_v12_unified_recovery/runs/direct_r1_visual_only_correction_v12_unified_recovery_remaining_30/route_artifacts/R1VO12:70f2a750-f403-41b8-aabb-480eb3ab4ed4_22_10.json,1a4f59b3c87cb94c7254749ba2ece5349bdf277d41d660a4a0617ad7d05cde3b
70f2a750-f403-41b8-aabb-480eb3ab4ed4_22_12,contradicted,new_visual_only_review,final_answer,B,False,/cs/student/project_msc/2025/rai/xinanx01/direct_r1_visual_only_correction_v12_unified_recovery/runs/direct_r1_visual_only_correction_v12_unified_recovery_remaining_30/route_artifacts/R1VO12:70f2a750-f403-41b8-aabb-480eb3ab4ed4_22_12.json,33ee1a7d7b392fbb3c584ad492108de23ff8c462603be1ab0a5e0ae1e76e21c1
70f2a750-f403-41b8-aabb-480eb3ab4ed4_4_11,partially_supported,new_visual_only_review,final_answer,D,False,/cs/student/project_msc/2025/rai/xinanx01/direct_r1_visual_only_correction_v13_unified_recovery/runs/direct_r1_visual_only_correction_v13_unified_recovery_remaining_12/route_artifacts/R1VO13:70f2a750-f403-41b8-aabb-480eb3ab4ed4_4_11.json,8264bbe87e63b7396db351824abcbd9333979332890a63f96fbd96e638e74c3e
70f2a750-f403-41b8-aabb-480eb3ab4ed4_4_15,contradicted,new_visual_only_review,final_answer,D,False,/cs/student/project_msc/2025/rai/xinanx01/direct_r1_visual_only_correction_v13_unified_recovery/runs/direct_r1_visual_only_correction_v13_unified_recovery_remaining_12/route_artifacts/R1VO13:70f2a750-f403-41b8-aabb-480eb3ab4ed4_4_15.json,fec02529ce15ddbb2c09e09fc068bfff6e05bb31d1b8be01d8ec5c79d7b416d2
70f2a750-f403-41b8-aabb-480eb3ab4ed4_4_20,partially_supported,new_visual_only_review,final_answer,C,False,/cs/student/project_msc/2025/rai/xinanx01/direct_r1_visual_only_correction_v12_unified_recovery/runs/direct_r1_visual_only_correction_v12_unified_recovery_remaining_30/route_artifacts/R1VO12:70f2a750-f403-41b8-aabb-480eb3ab4ed4_4_20.json,18f7c5e6be2ccc8d86b56038b1655badffcb68d4ec764c6e3017ef0aab236847
70f2a750-f403-41b8-aabb-480eb3ab4ed4_4_27,contradicted,new_visual_only_review,final_answer,B,False,/cs/student/project_msc/2025/rai/xinanx01/direct_r1_visual_only_correction_v12_unified_recovery/runs/direct_r1_visual_only_correction_v12_unified_recovery_remaining_30/route_artifacts/R1VO12:70f2a750-f403-41b8-aabb-480eb3ab4ed4_4_27.json,0a9b4a9fef9a6945a0f32bb7082190e567a65eb7edb8f37e14d2567a232d5704
70f2a750-f403-41b8-aabb-480eb3ab4ed4_4_6,partially_supported,new_visual_only_review,final_answer,E,False,/cs/student/project_msc/2025/rai/xinanx01/direct_r1_visual_only_correction_v12_unified_recovery/runs/direct_r1_visual_only_correction_v12_unified_recovery_remaining_30/route_artifacts/R1VO12:70f2a750-f403-41b8-aabb-480eb3ab4ed4_4_6.json,3f5eb969977e9a7a36f7cbada0228c2d451e3dacab1d00b99ec3ae6b08f567af
70f2a750-f403-41b8-aabb-480eb3ab4ed4_5_19,partially_supported,new_visual_only_review,final_answer,D,True,/cs/student/project_msc/2025/rai/xinanx01/direct_r1_visual_only_correction_v13_unified_recovery/runs/direct_r1_visual_only_correction_v13_unified_recovery_remaining_12/route_artifacts/R1VO13:70f2a750-f403-41b8-aabb-480eb3ab4ed4_5_19.json,ac9e243f6f5c60c146eee9fb903e5fb8b94fd5c4a70b8983504cf67b37de18c1
70f2a750-f403-41b8-aabb-480eb3ab4ed4_6_32,unsupported,new_visual_only_review,final_answer,A,False,/cs/student/project_msc/2025/rai/xinanx01/direct_r1_visual_only_correction_v13_unified_recovery/runs/direct_r1_visual_only_correction_v13_unified_recovery_remaining_12/route_artifacts/R1VO13:70f2a750-f403-41b8-aabb-480eb3ab4ed4_6_32.json,7c0f73edbf94ce54d530eaae0eca91ad4005dababc3449716c3cb48535ae26a9
70f2a750-f403-41b8-aabb-480eb3ab4ed4_7_28,unsupported,new_visual_only_review,final_answer,B,False,/cs/student/project_msc/2025/rai/xinanx01/direct_r1_visual_only_correction_v13_unified_recovery/runs/direct_r1_visual_only_correction_v13_unified_recovery_remaining_12/route_artifacts/R1VO13:70f2a750-f403-41b8-aabb-480eb3ab4ed4_7_28.json,14bbb1e46327cb8be37637fecde7ed44cb683170d71cb21745576b6edb63d3db
70f2a750-f403-41b8-aabb-480eb3ab4ed4_7_29,supported,new_visual_only_review,final_answer,A,False,/cs/student/project_msc/2025/rai/xinanx01/direct_r1_visual_only_correction_v13_unified_recovery/runs/direct_r1_visual_only_correction_v13_unified_recovery_remaining_12/route_artifacts/R1VO13:70f2a750-f403-41b8-aabb-480eb3ab4ed4_7_29.json,338eb56b441fb7154c01ffe57ef9b0e1b8a852a2cafb992c2c7aa56bbbef48f8
70f2a750-f403-41b8-aabb-480eb3ab4ed4_7_4,supported,new_visual_only_review,final_answer,E,False,/cs/student/project_msc/2025/rai/xinanx01/direct_r1_visual_only_correction_v12_unified_recovery/runs/direct_r1_visual_only_correction_v12_unified_recovery_remaining_30/route_artifacts/R1VO12:70f2a750-f403-41b8-aabb-480eb3ab4ed4_7_4.json,6df5b3162b941f63989e28fa17d21f0ea87bc4d7dfd45d79979d23f8ba38ba37
70f2a750-f403-41b8-aabb-480eb3ab4ed4_7_5,unsupported,new_visual_only_review,final_answer,E,True,/cs/student/project_msc/2025/rai/xinanx01/direct_r1_visual_only_correction_v12_unified_recovery/runs/direct_r1_visual_only_correction_v12_unified_recovery_remaining_30/route_artifacts/R1VO12:70f2a750-f403-41b8-aabb-480eb3ab4ed4_7_5.json,cd313e5a2a7d020032b245246a2448932b922cc7092443a6f1b8ef1193f6e5ba
70f2a750-f403-41b8-aabb-480eb3ab4ed4_8_2,unsupported,new_visual_only_review,final_answer,E,False,/cs/student/project_msc/2025/rai/xinanx01/direct_r1_visual_only_correction_v12_unified_recovery/runs/direct_r1_visual_only_correction_v12_unified_recovery_remaining_30/route_artifacts/R1VO12:70f2a750-f403-41b8-aabb-480eb3ab4ed4_8_2.json,b0b59c5d2e78b9e7ded9faf333aad36b819a63fcd8dc286b4c23d5f8b4bb3c43
71fbc5bf-7e2a-415d-86bc-3a948742e904_12_18,contradicted,reused_old_verified,final_answer,B,False,/cs/student/project_msc/2025/rai/xinanx01/msc_thesis/main_system/isolated_workspaces/hourvideo_direct_api_eval300_v1/outputs/direct_v1_formal/direct_v1_2_3x16_r1_r3_eval300_formal_v1/route_artifacts/R1:71fbc5bf-7e2a-415d-86bc-3a948742e904_12_18.json,80a1324a7672137b7aab4a008fded90bbaa4e213480ee8515e38a4a35c8aea56
71fbc5bf-7e2a-415d-86bc-3a948742e904_17_10,unsupported,reused_old_verified,final_answer,B,False,/cs/student/project_msc/2025/rai/xinanx01/msc_thesis/main_system/isolated_workspaces/hourvideo_direct_api_eval300_v1/outputs/direct_v1_formal/direct_v1_2_3x16_r1_r3_eval300_formal_v1/route_artifacts/R1:71fbc5bf-7e2a-415d-86bc-3a948742e904_17_10.json,152dedbac167b19f91da63f46a5cb98dde1b0bef9ce064544ef2b5ff4e8188fc
71fbc5bf-7e2a-415d-86bc-3a948742e904_17_13,partially_supported,reused_old_verified,final_answer,A,True,/cs/student/project_msc/2025/rai/xinanx01/msc_thesis/main_system/isolated_workspaces/hourvideo_direct_api_eval300_v1/outputs/direct_v1_formal/direct_v1_2_3x16_r1_r3_eval300_formal_v1/route_artifacts/R1:71fbc5bf-7e2a-415d-86bc-3a948742e904_17_13.json,73ea83c97de6f1aaeec68df96695005f4319d2f28ed0e81920c49a78b250910c
71fbc5bf-7e2a-415d-86bc-3a948742e904_17_25,supported,reused_old_verified,final_answer,E,False,/cs/student/project_msc/2025/rai/xinanx01/msc_thesis/main_system/isolated_workspaces/hourvideo_direct_api_eval300_v1/outputs/direct_v1_formal/direct_v1_2_3x16_r1_r3_eval300_formal_v1/route_artifacts/R1:71fbc5bf-7e2a-415d-86bc-3a948742e904_17_25.json,604f7b3b58dd16f9e5ce10c7f723e8b3cb5b5fddf14f8935aaaef22f91983bf1
71fbc5bf-7e2a-415d-86bc-3a948742e904_22_23,partially_supported,reused_old_verified,final_answer,C,False,/cs/student/project_msc/2025/rai/xinanx01/msc_thesis/main_system/isolated_workspaces/hourvideo_direct_api_eval300_v1/outputs/direct_v1_formal/direct_v1_2_3x16_r1_r3_eval300_formal_v1/route_artifacts/R1:71fbc5bf-7e2a-415d-86bc-3a948742e904_22_23.json,4dacf66f59721585ffa494b12d8f5ae85fcc560a21f08f0c4151cad7b35f81c1
71fbc5bf-7e2a-415d-86bc-3a948742e904_22_4,supported,reused_old_verified,final_answer,D,True,/cs/student/project_msc/2025/rai/xinanx01/msc_thesis/main_system/isolated_workspaces/hourvideo_direct_api_eval300_v1/outputs/direct_v1_formal/direct_v1_2_3x16_r1_r3_eval300_formal_v1/route_artifacts/R1:71fbc5bf-7e2a-415d-86bc-3a948742e904_22_4.json,94370fe7c70002b145df60f9107bf9f2f4d005c01a7e63ef63859b2da6797b3e
71fbc5bf-7e2a-415d-86bc-3a948742e904_22_5,supported,reused_old_verified,final_answer,B,True,/cs/student/project_msc/2025/rai/xinanx01/msc_thesis/main_system/isolated_workspaces/hourvideo_direct_api_eval300_v1/outputs/direct_v1_formal/direct_v1_2_3x16_r1_r3_eval300_formal_v1/route_artifacts/R1:71fbc5bf-7e2a-415d-86bc-3a948742e904_22_5.json,61b892c160ccd0f55908c94bf39a81a17217eaa91547fe9569eb4d89939a211e
71fbc5bf-7e2a-415d-86bc-3a948742e904_3_7,supported,reused_old_verified,final_answer,E,False,/cs/student/project_msc/2025/rai/xinanx01/msc_thesis/main_system/isolated_workspaces/hourvideo_direct_api_eval300_v1/outputs/direct_v1_formal/direct_v1_2_3x16_r1_r3_eval300_formal_v1/route_artifacts/R1:71fbc5bf-7e2a-415d-86bc-3a948742e904_3_7.json,a840c65cdbca060d0d7b59979b2a09024eb203b37702eb3951615821c9756392
71fbc5bf-7e2a-415d-86bc-3a948742e904_4_12,supported,reused_old_verified,final_answer,C,False,/cs/student/project_msc/2025/rai/xinanx01/msc_thesis/main_system/isolated_workspaces/hourvideo_direct_api_eval300_v1/outputs/direct_v1_formal/direct_v1_2_3x16_r1_r3_eval300_formal_v1/route_artifacts/R1:71fbc5bf-7e2a-415d-86bc-3a948742e904_4_12.json,9eb8089c6b06d09c790d77d59dba2cdac75ea3ad6c6b0f1b6b4292aebe5a5569
71fbc5bf-7e2a-415d-86bc-3a948742e904_4_22,partially_supported,reused_old_verified,final_answer,A,True,/cs/student/project_msc/2025/rai/xinanx01/msc_thesis/main_system/isolated_workspaces/hourvideo_direct_api_eval300_v1/outputs/direct_v1_formal/direct_v1_2_3x16_r1_r3_eval300_formal_v1/route_artifacts/R1:71fbc5bf-7e2a-415d-86bc-3a948742e904_4_22.json,96aeaf149e2f523a45db1b977cf28786e3fa3c20c0efcce16ad58753681bf28b
71fbc5bf-7e2a-415d-86bc-3a948742e904_4_26,partially_supported,reused_old_verified,final_answer,D,True,/cs/student/project_msc/2025/rai/xinanx01/msc_thesis/main_system/isolated_workspaces/hourvideo_direct_api_eval300_v1/outputs/direct_v1_formal/direct_v1_2_3x16_r1_r3_eval300_formal_v1/route_artifacts/R1:71fbc5bf-7e2a-415d-86bc-3a948742e904_4_26.json,3d44b86690b2b58d1b67cb6a7f3f104e663f3809a2cc8caf6bff6be51586c402
71fbc5bf-7e2a-415d-86bc-3a948742e904_4_6,contradicted,reused_old_verified,final_answer,B,False,/cs/student/project_msc/2025/rai/xinanx01/msc_thesis/main_system/isolated_workspaces/hourvideo_direct_api_eval300_v1/outputs/direct_v1_formal/direct_v1_2_3x16_r1_r3_eval300_formal_v1/route_artifacts/R1:71fbc5bf-7e2a-415d-86bc-3a948742e904_4_6.json,7b5903f906c2f035cadaba513f6fb4d21f2ddb0096c7b0ae5fdecd439120a630
71fbc5bf-7e2a-415d-86bc-3a948742e904_5_15,partially_supported,reused_old_verified,final_answer,C,False,/cs/student/project_msc/2025/rai/xinanx01/msc_thesis/main_system/isolated_workspaces/hourvideo_direct_api_eval300_v1/outputs/direct_v1_formal/direct_v1_2_3x16_r1_r3_eval300_formal_v1/route_artifacts/R1:71fbc5bf-7e2a-415d-86bc-3a948742e904_5_15.json,62813c2317a5fa887e2348d634f5745dc45c34b4f1b7b0f1cf5683b570a1c076
71fbc5bf-7e2a-415d-86bc-3a948742e904_5_27,partially_supported,reused_old_verified,final_answer,A,True,/cs/student/project_msc/2025/rai/xinanx01/msc_thesis/main_system/isolated_workspaces/hourvideo_direct_api_eval300_v1/outputs/direct_v1_formal/direct_v1_2_3x16_r1_r3_eval300_formal_v1/route_artifacts/R1:71fbc5bf-7e2a-415d-86bc-3a948742e904_5_27.json,848271f849a9ca44674617b10a43434b87699c56b75c55eeb2cab35453b31586
71fbc5bf-7e2a-415d-86bc-3a948742e904_6_14,partially_supported,reused_old_verified,final_answer,B,False,/cs/student/project_msc/2025/rai/xinanx01/msc_thesis/main_system/isolated_workspaces/hourvideo_direct_api_eval300_v1/outputs/direct_v1_formal/direct_v1_2_3x16_r1_r3_eval300_formal_v1/route_artifacts/R1:71fbc5bf-7e2a-415d-86bc-3a948742e904_6_14.json,99a0bf599a9b5fd2bf6e37fbcd4a17c9525567fdbeae3328ae9be601dfc0d5c7
71fbc5bf-7e2a-415d-86bc-3a948742e904_7_11,unsupported,reused_old_verified,final_answer,D,False,/cs/student/project_msc/2025/rai/xinanx01/msc_thesis/main_system/isolated_workspaces/hourvideo_direct_api_eval300_v1/outputs/direct_v1_formal/direct_v1_2_3x16_r1_r3_eval300_formal_v1/route_artifacts/R1:71fbc5bf-7e2a-415d-86bc-3a948742e904_7_11.json,ee514612a9065ee3d268a2381cee6fcf4a7daa1c722c46e128c2ce1b3052c47b
71fbc5bf-7e2a-415d-86bc-3a948742e904_7_17,partially_supported,reused_old_verified,final_answer,E,False,/cs/student/project_msc/2025/rai/xinanx01/msc_thesis/main_system/isolated_workspaces/hourvideo_direct_api_eval300_v1/outputs/direct_v1_formal/direct_v1_2_3x16_r1_r3_eval300_formal_v1/route_artifacts/R1:71fbc5bf-7e2a-415d-86bc-3a948742e904_7_17.json,1d1e207e9888112a11fcd3d8b8cf9357946174e71d98de22f05487c64af6fdfa
71fbc5bf-7e2a-415d-86bc-3a948742e904_7_19,unsupported,reused_old_verified,final_answer,C,False,/cs/student/project_msc/2025/rai/xinanx01/msc_thesis/main_system/isolated_workspaces/hourvideo_direct_api_eval300_v1/outputs/direct_v1_formal/direct_v1_2_3x16_r1_r3_eval300_formal_v1/route_artifacts/R1:71fbc5bf-7e2a-415d-86bc-3a948742e904_7_19.json,25a715f96cb0e2df844d90265659c7e8fb48a7e04526a107ea102f5d98a17eef
71fbc5bf-7e2a-415d-86bc-3a948742e904_7_2,unsupported,reused_old_verified,final_answer,B,False,/cs/student/project_msc/2025/rai/xinanx01/msc_thesis/main_system/isolated_workspaces/hourvideo_direct_api_eval300_v1/outputs/direct_v1_formal/direct_v1_2_3x16_r1_r3_eval300_formal_v1/route_artifacts/R1:71fbc5bf-7e2a-415d-86bc-3a948742e904_7_2.json,bc2ccdf26c6dc9e9cba671c757bd8cbc219121bff19c8ec35bf187b1e192cf32
71fbc5bf-7e2a-415d-86bc-3a948742e904_7_24,unsupported,reused_old_verified,final_answer,E,False,/cs/student/project_msc/2025/rai/xinanx01/msc_thesis/main_system/isolated_workspaces/hourvideo_direct_api_eval300_v1/outputs/direct_v1_formal/direct_v1_2_3x16_r1_r3_eval300_formal_v1/route_artifacts/R1:71fbc5bf-7e2a-415d-86bc-3a948742e904_7_24.json,fadd7f5f484f4826bb11c5cf7d8d4609e47f4564b7e2c8b825b433f022d5130d
71fbc5bf-7e2a-415d-86bc-3a948742e904_7_3,unsupported,reused_old_verified,final_answer,E,False,/cs/student/project_msc/2025/rai/xinanx01/msc_thesis/main_system/isolated_workspaces/hourvideo_direct_api_eval300_v1/outputs/direct_v1_formal/direct_v1_2_3x16_r1_r3_eval300_formal_v1/route_artifacts/R1:71fbc5bf-7e2a-415d-86bc-3a948742e904_7_3.json,614543f0f7886174c25021c87bb09a8b6d3fd440cec1b310e005e5c04d7726d6
71fbc5bf-7e2a-415d-86bc-3a948742e904_7_9,unsupported,reused_old_verified,final_answer,C,False,/cs/student/project_msc/2025/rai/xinanx01/msc_thesis/main_system/isolated_workspaces/hourvideo_direct_api_eval300_v1/outputs/direct_v1_formal/direct_v1_2_3x16_r1_r3_eval300_formal_v1/route_artifacts/R1:71fbc5bf-7e2a-415d-86bc-3a948742e904_7_9.json,3bac3cce939f4c45a819c2920fd0f14a239c6beb2b0e4cf0991597c8f9920cf9
71fbc5bf-7e2a-415d-86bc-3a948742e904_8_1,supported,reused_old_verified,final_answer,E,True,/cs/student/project_msc/2025/rai/xinanx01/msc_thesis/main_system/isolated_workspaces/hourvideo_direct_api_eval300_v1/outputs/direct_v1_formal/direct_v1_2_3x16_r1_r3_eval300_formal_v1/route_artifacts/R1:71fbc5bf-7e2a-415d-86bc-3a948742e904_8_1.json,24096d4c934652b0f5bdaa28d7e3627c39f5158bd366c44c676e1dc248b9c6e0
71fbc5bf-7e2a-415d-86bc-3a948742e904_8_20,supported,reused_old_verified,final_answer,E,False,/cs/student/project_msc/2025/rai/xinanx01/msc_thesis/main_system/isolated_workspaces/hourvideo_direct_api_eval300_v1/outputs/direct_v1_formal/direct_v1_2_3x16_r1_r3_eval300_formal_v1/route_artifacts/R1:71fbc5bf-7e2a-415d-86bc-3a948742e904_8_20.json,03eb01c380aed4dca0c6952fcd2b1aea32143340a9ad7f055261546793ad69cc
71fbc5bf-7e2a-415d-86bc-3a948742e904_8_8,unsupported,reused_old_verified,final_answer,C,False,/cs/student/project_msc/2025/rai/xinanx01/msc_thesis/main_system/isolated_workspaces/hourvideo_direct_api_eval300_v1/outputs/direct_v1_formal/direct_v1_2_3x16_r1_r3_eval300_formal_v1/route_artifacts/R1:71fbc5bf-7e2a-415d-86bc-3a948742e904_8_8.json,f813f7b2d6fe06ceb0d091da7c51db8c727c6f293c613cc5792ed9e4c03fe558
7ddbf8a2-5b3e-44cd-b9dc-db17ec06831b_11_12,contradicted,new_visual_only_review,final_answer,D,True,/cs/student/project_msc/2025/rai/xinanx01/direct_r1_visual_only_correction_v11_unified_recovery/runs/direct_r1_visual_only_correction_v11_unified_recovery_remaining_52/route_artifacts/R1VO11:7ddbf8a2-5b3e-44cd-b9dc-db17ec06831b_11_12.json,b136be30e9d03b12499b892c39ad35e9c3e3b1cb0f07e4eef6829776d58a7332
7ddbf8a2-5b3e-44cd-b9dc-db17ec06831b_11_14,contradicted,new_visual_only_review,final_answer,A,False,/cs/student/project_msc/2025/rai/xinanx01/direct_r1_visual_only_correction_v10_unified_network_recovery/runs/direct_r1_visual_only_correction_v10_unified_recovery_remaining_96/route_artifacts/R1VO10:7ddbf8a2-5b3e-44cd-b9dc-db17ec06831b_11_14.json,79345920f3f862c2c07e81f123332638662bc9f4897e17d6189e93e6eab99f5b
7ddbf8a2-5b3e-44cd-b9dc-db17ec06831b_11_17,partially_supported,new_visual_only_review,final_answer,D,False,/cs/student/project_msc/2025/rai/xinanx01/direct_r1_visual_only_correction_v10_unified_network_recovery/runs/direct_r1_visual_only_correction_v10_unified_recovery_remaining_96/route_artifacts/R1VO10:7ddbf8a2-5b3e-44cd-b9dc-db17ec06831b_11_17.json,538d63d7267cc7d5fc82e6b02ffa53f0f7e1b373b42afe954e997d1c4b5e8f0f
7ddbf8a2-5b3e-44cd-b9dc-db17ec06831b_17_15,unsupported,new_visual_only_review,final_answer,A,False,/cs/student/project_msc/2025/rai/xinanx01/direct_r1_visual_only_correction_v10_unified_network_recovery/runs/direct_r1_visual_only_correction_v10_unified_recovery_remaining_96/route_artifacts/R1VO10:7ddbf8a2-5b3e-44cd-b9dc-db17ec06831b_17_15.json,d36df99e230b13780b472f970fe87a71144109bc9e9f8a59d7239d57d2a11375
7ddbf8a2-5b3e-44cd-b9dc-db17ec06831b_17_6,unsupported,new_visual_only_review,final_answer,D,False,/cs/student/project_msc/2025/rai/xinanx01/direct_r1_visual_only_correction_v10_unified_network_recovery/runs/direct_r1_visual_only_correction_v10_unified_recovery_remaining_96/route_artifacts/R1VO10:7ddbf8a2-5b3e-44cd-b9dc-db17ec06831b_17_6.json,cc092cdd13e8ee94c5bc7e6648dfb707e679914a8fd509f1dca6daf5a0788c1f
7ddbf8a2-5b3e-44cd-b9dc-db17ec06831b_22_23,partially_supported,new_visual_only_review,final_answer,B,False,/cs/student/project_msc/2025/rai/xinanx01/direct_r1_visual_only_correction_v10_unified_network_recovery/runs/direct_r1_visual_only_correction_v10_unified_recovery_remaining_96/route_artifacts/R1VO10:7ddbf8a2-5b3e-44cd-b9dc-db17ec06831b_22_23.json,672cd6e2287f11967945f03e0790d2a1a5b8b8d04f0e0912216ab428cea57804
7ddbf8a2-5b3e-44cd-b9dc-db17ec06831b_22_3,partially_supported,new_visual_only_review,final_answer,C,False,/cs/student/project_msc/2025/rai/xinanx01/direct_r1_visual_only_correction_v10_unified_network_recovery/runs/direct_r1_visual_only_correction_v10_unified_recovery_remaining_96/route_artifacts/R1VO10:7ddbf8a2-5b3e-44cd-b9dc-db17ec06831b_22_3.json,5375174706c1f1a9eb9e3a1dd114b338410705026a37a60aa3c6474bebbc6b2d
7ddbf8a2-5b3e-44cd-b9dc-db17ec06831b_4_19,unsupported,new_visual_only_review,final_answer,E,False,/cs/student/project_msc/2025/rai/xinanx01/direct_r1_visual_only_correction_v10_unified_network_recovery/runs/direct_r1_visual_only_correction_v10_unified_recovery_remaining_96/route_artifacts/R1VO10:7ddbf8a2-5b3e-44cd-b9dc-db17ec06831b_4_19.json,2ee83e87ec233cbf1e0bceef774ea338cc4399994a28efa297821f0d0e3f348c
7ddbf8a2-5b3e-44cd-b9dc-db17ec06831b_4_2,unsupported,new_visual_only_review,final_answer,D,True,/cs/student/project_msc/2025/rai/xinanx01/direct_r1_visual_only_correction_v10_unified_network_recovery/runs/direct_r1_visual_only_correction_v10_unified_recovery_remaining_96/route_artifacts/R1VO10:7ddbf8a2-5b3e-44cd-b9dc-db17ec06831b_4_2.json,e5ed372bd7cdc145c287be8154a28b1753df89db135e2c7b512f68c7edf20e5f
7ddbf8a2-5b3e-44cd-b9dc-db17ec06831b_4_24,unsupported,new_visual_only_review,final_answer,E,False,/cs/student/project_msc/2025/rai/xinanx01/direct_r1_visual_only_correction_v10_unified_network_recovery/runs/direct_r1_visual_only_correction_v10_unified_recovery_remaining_96/route_artifacts/R1VO10:7ddbf8a2-5b3e-44cd-b9dc-db17ec06831b_4_24.json,c2e3e3129ea98b6f5ce813c62e4737419577fec6a0590ff75396b3b9c96d1c71
7ddbf8a2-5b3e-44cd-b9dc-db17ec06831b_4_9,supported,new_visual_only_review,final_answer,C,True,/cs/student/project_msc/2025/rai/xinanx01/direct_r1_visual_only_correction_v10_unified_network_recovery/runs/direct_r1_visual_only_correction_v10_unified_recovery_remaining_96/route_artifacts/R1VO10:7ddbf8a2-5b3e-44cd-b9dc-db17ec06831b_4_9.json,a6a1e43fa60f67fb41d29fdff70d29211c97a9e414275b1e2d70f6924248094f
7ddbf8a2-5b3e-44cd-b9dc-db17ec06831b_5_1,unsupported,new_visual_only_review,final_answer,E,False,/cs/student/project_msc/2025/rai/xinanx01/direct_r1_visual_only_correction_v10_unified_network_recovery/runs/direct_r1_visual_only_correction_v10_unified_recovery_remaining_96/route_artifacts/R1VO10:7ddbf8a2-5b3e-44cd-b9dc-db17ec06831b_5_1.json,fe7b71ce1c0c900abea5f443f6bb2a0f255d37c52f08ffac2fe712cde73a371d
7ddbf8a2-5b3e-44cd-b9dc-db17ec06831b_5_22,partially_supported,new_visual_only_review,final_answer,C,False,/cs/student/project_msc/2025/rai/xinanx01/direct_r1_visual_only_correction_v10_unified_network_recovery/runs/direct_r1_visual_only_correction_v10_unified_recovery_remaining_96/route_artifacts/R1VO10:7ddbf8a2-5b3e-44cd-b9dc-db17ec06831b_5_22.json,33941a952d38762faeeb9217315a702daacd8ea655c1eadb7df3a8b3b2eea8e8
7ddbf8a2-5b3e-44cd-b9dc-db17ec06831b_6_7,unsupported,new_visual_only_review,final_answer,C,False,/cs/student/project_msc/2025/rai/xinanx01/direct_r1_visual_only_correction_v10_unified_network_recovery/runs/direct_r1_visual_only_correction_v10_unified_recovery_remaining_96/route_artifacts/R1VO10:7ddbf8a2-5b3e-44cd-b9dc-db17ec06831b_6_7.json,15f865f552ef3a3fc90e896ce64b003693c25a5be152c3f922991f8b42c75667
7ddbf8a2-5b3e-44cd-b9dc-db17ec06831b_6_8,unsupported,new_visual_only_review,final_answer,D,False,/cs/student/project_msc/2025/rai/xinanx01/direct_r1_visual_only_correction_v10_unified_network_recovery/runs/direct_r1_visual_only_correction_v10_unified_recovery_remaining_96/route_artifacts/R1VO10:7ddbf8a2-5b3e-44cd-b9dc-db17ec06831b_6_8.json,b5c0732127f803d4875a0c78ee1115eaa100b4ac888803dbe16f2ccbbc686f50
7ddbf8a2-5b3e-44cd-b9dc-db17ec06831b_7_11,supported,new_visual_only_review,final_answer,E,False,/cs/student/project_msc/2025/rai/xinanx01/direct_r1_visual_only_correction_v10_unified_network_recovery/runs/direct_r1_visual_only_correction_v10_unified_recovery_remaining_96/route_artifacts/R1VO10:7ddbf8a2-5b3e-44cd-b9dc-db17ec06831b_7_11.json,bd104092c25f5f4586492f5d8a3b4f164bd418338a98b0bb5158da2925acf7e0
7ddbf8a2-5b3e-44cd-b9dc-db17ec06831b_7_16,partially_supported,new_visual_only_review,final_answer,E,False,/cs/student/project_msc/2025/rai/xinanx01/direct_r1_visual_only_correction_v10_unified_network_recovery/runs/direct_r1_visual_only_correction_v10_unified_recovery_remaining_96/route_artifacts/R1VO10:7ddbf8a2-5b3e-44cd-b9dc-db17ec06831b_7_16.json,ae83a99cb693f3a9d8e1e641634af80d01759033218ee915e4472f05995f9a7a
7ddbf8a2-5b3e-44cd-b9dc-db17ec06831b_7_21,unsupported,new_visual_only_review,final_answer,E,True,/cs/student/project_msc/2025/rai/xinanx01/direct_r1_visual_only_correction_v10_unified_network_recovery/runs/direct_r1_visual_only_correction_v10_unified_recovery_remaining_96/route_artifacts/R1VO10:7ddbf8a2-5b3e-44cd-b9dc-db17ec06831b_7_21.json,6b272ce7c7fc557baae2cfdce99b6981631fd28934585329de112d70bd116130
7ddbf8a2-5b3e-44cd-b9dc-db17ec06831b_7_4,unsupported,new_visual_only_review,final_answer,C,False,/cs/student/project_msc/2025/rai/xinanx01/direct_r1_visual_only_correction_v10_unified_network_recovery/runs/direct_r1_visual_only_correction_v10_unified_recovery_remaining_96/route_artifacts/R1VO10:7ddbf8a2-5b3e-44cd-b9dc-db17ec06831b_7_4.json,5cf50af451fa865eeacbb25ecf00433040ba5a580d8dd2457bd0ac112ada8efb
7ddbf8a2-5b3e-44cd-b9dc-db17ec06831b_7_5,unsupported,new_visual_only_review,final_answer,E,False,/cs/student/project_msc/2025/rai/xinanx01/direct_r1_visual_only_correction_v10_unified_network_recovery/runs/direct_r1_visual_only_correction_v10_unified_recovery_remaining_96/route_artifacts/R1VO10:7ddbf8a2-5b3e-44cd-b9dc-db17ec06831b_7_5.json,d87b857caeb375fd7258b63de29570a692456ee77f4a07b0c6996334d97b996e
7ddbf8a2-5b3e-44cd-b9dc-db17ec06831b_8_10,partially_supported,new_visual_only_review,final_answer,E,True,/cs/student/project_msc/2025/rai/xinanx01/direct_r1_visual_only_correction_v11_unified_recovery/runs/direct_r1_visual_only_correction_v11_unified_recovery_remaining_52/route_artifacts/R1VO11:7ddbf8a2-5b3e-44cd-b9dc-db17ec06831b_8_10.json,69e9f7cd618eedf3beac7b7e13571b6ba66b664a252150bb99d9dd775132cb51
7ddbf8a2-5b3e-44cd-b9dc-db17ec06831b_8_13,partially_supported,new_visual_only_review,final_answer,D,False,/cs/student/project_msc/2025/rai/xinanx01/direct_r1_visual_only_correction_v10_unified_network_recovery/runs/direct_r1_visual_only_correction_v10_unified_recovery_remaining_96/route_artifacts/R1VO10:7ddbf8a2-5b3e-44cd-b9dc-db17ec06831b_8_13.json,b8db389f4b0b131fc421f55d9bec7325ad64736a7643e31e706563cf11547f31
7ddbf8a2-5b3e-44cd-b9dc-db17ec06831b_8_18,partially_supported,new_visual_only_review,final_answer,D,False,/cs/student/project_msc/2025/rai/xinanx01/direct_r1_visual_only_correction_v10_unified_network_recovery/runs/direct_r1_visual_only_correction_v10_unified_recovery_remaining_96/route_artifacts/R1VO10:7ddbf8a2-5b3e-44cd-b9dc-db17ec06831b_8_18.json,2e148e21102e5ee0a8c085f2ce9bd84d5856ebcc7bc63f4bd0b148aed031cb22
7ddbf8a2-5b3e-44cd-b9dc-db17ec06831b_8_20,contradicted,new_visual_only_review,final_answer,D,False,/cs/student/project_msc/2025/rai/xinanx01/direct_r1_visual_only_correction_v10_unified_network_recovery/runs/direct_r1_visual_only_correction_v10_unified_recovery_remaining_96/route_artifacts/R1VO10:7ddbf8a2-5b3e-44cd-b9dc-db17ec06831b_8_20.json,7153150353e721627cf59904d3c025677d400a057d762033188deeb954c26008
7ddbf8a2-5b3e-44cd-b9dc-db17ec06831b_8_25,partially_supported,new_visual_only_review,final_answer,D,False,/cs/student/project_msc/2025/rai/xinanx01/direct_r1_visual_only_correction_v10_unified_network_recovery/runs/direct_r1_visual_only_correction_v10_unified_recovery_remaining_96/route_artifacts/R1VO10:7ddbf8a2-5b3e-44cd-b9dc-db17ec06831b_8_25.json,d8ff9c7515ba2a638264312e0b9c95219ea5fdf905c9a081396b64963b717056
7e512589-aa97-41e8-83d3-af2e83e4fd06_11_14,supported,reused_old_verified,final_answer,C,False,/cs/student/project_msc/2025/rai/xinanx01/msc_thesis/main_system/isolated_workspaces/hourvideo_direct_api_eval300_v1/outputs/direct_v1_formal/direct_v1_2_3x16_r1_r3_eval300_formal_v1/route_artifacts/R1:7e512589-aa97-41e8-83d3-af2e83e4fd06_11_14.json,00a79e11265de77aacce6eff1d7395f7a1c25365cd3754cdc72322ddc66b6236
7e512589-aa97-41e8-83d3-af2e83e4fd06_11_18,unsupported,reused_old_verified,final_answer,C,False,/cs/student/project_msc/2025/rai/xinanx01/msc_thesis/main_system/isolated_workspaces/hourvideo_direct_api_eval300_v1/outputs/direct_v1_formal/direct_v1_2_3x16_r1_r3_eval300_formal_v1/route_artifacts/R1:7e512589-aa97-41e8-83d3-af2e83e4fd06_11_18.json,2a70971f76775e822b0e0a6ccadb947510866e9b1673fcf033bbbf30cb7f9e40
7e512589-aa97-41e8-83d3-af2e83e4fd06_11_24,unsupported,reused_old_verified,final_answer,D,False,/cs/student/project_msc/2025/rai/xinanx01/msc_thesis/main_system/isolated_workspaces/hourvideo_direct_api_eval300_v1/outputs/direct_v1_formal/direct_v1_2_3x16_r1_r3_eval300_formal_v1/route_artifacts/R1:7e512589-aa97-41e8-83d3-af2e83e4fd06_11_24.json,d1bbbdf5ae6e40d2688a4cb561814e88653ab09d1e80a8d62d1cf22ce3030bf5
7e512589-aa97-41e8-83d3-af2e83e4fd06_17_10,unsupported,reused_old_verified,final_answer,C,False,/cs/student/project_msc/2025/rai/xinanx01/msc_thesis/main_system/isolated_workspaces/hourvideo_direct_api_eval300_v1/outputs/direct_v1_formal/direct_v1_2_3x16_r1_r3_eval300_formal_v1/route_artifacts/R1:7e512589-aa97-41e8-83d3-af2e83e4fd06_17_10.json,fbe312af5685ef60a56de23c59d7de909a737519c8b03abe37c6dd5fc752655a
7e512589-aa97-41e8-83d3-af2e83e4fd06_17_16,unsupported,reused_old_verified,final_answer,B,False,/cs/student/project_msc/2025/rai/xinanx01/msc_thesis/main_system/isolated_workspaces/hourvideo_direct_api_eval300_v1/outputs/direct_v1_formal/direct_v1_2_3x16_r1_r3_eval300_formal_v1/route_artifacts/R1:7e512589-aa97-41e8-83d3-af2e83e4fd06_17_16.json,ef8b5840aa0992082bbe575d9c2f87fa3fc3f80a071489a863f57ab5de51106f
7e512589-aa97-41e8-83d3-af2e83e4fd06_17_2,supported,reused_old_verified,final_answer,D,True,/cs/student/project_msc/2025/rai/xinanx01/msc_thesis/main_system/isolated_workspaces/hourvideo_direct_api_eval300_v1/outputs/direct_v1_formal/direct_v1_2_3x16_r1_r3_eval300_formal_v1/route_artifacts/R1:7e512589-aa97-41e8-83d3-af2e83e4fd06_17_2.json,a7b81f3f6e02e842b2e759257ec6034c432785b78abc500969c088bdc772ca2f
7e512589-aa97-41e8-83d3-af2e83e4fd06_17_30,unsupported,reused_old_verified,final_answer,B,True,/cs/student/project_msc/2025/rai/xinanx01/msc_thesis/main_system/isolated_workspaces/hourvideo_direct_api_eval300_v1/outputs/direct_v1_formal/direct_v1_2_3x16_r1_r3_eval300_formal_v1/route_artifacts/R1:7e512589-aa97-41e8-83d3-af2e83e4fd06_17_30.json,788a5223ffdd9de4dee4bbd31a3a808998a8db468cd1c4a95c12728da1903e94
7e512589-aa97-41e8-83d3-af2e83e4fd06_17_34,unsupported,reused_old_verified,final_answer,E,True,/cs/student/project_msc/2025/rai/xinanx01/msc_thesis/main_system/isolated_workspaces/hourvideo_direct_api_eval300_v1/outputs/direct_v1_formal/direct_v1_2_3x16_r1_r3_eval300_formal_v1/route_artifacts/R1:7e512589-aa97-41e8-83d3-af2e83e4fd06_17_34.json,437622595e581916619247f8bff95b3029151e2445b54957ca71de3217d6be94
7e512589-aa97-41e8-83d3-af2e83e4fd06_21_19,supported,reused_old_verified,final_answer,C,True,/cs/student/project_msc/2025/rai/xinanx01/msc_thesis/main_system/isolated_workspaces/hourvideo_direct_api_eval300_v1/outputs/direct_v1_formal/direct_v1_2_3x16_r1_r3_eval300_formal_v1/route_artifacts/R1:7e512589-aa97-41e8-83d3-af2e83e4fd06_21_19.json,fbe4c670d5428d272b7902f7569cf3b3e4eb01b04e2cd4303e19857f378089d2
7e512589-aa97-41e8-83d3-af2e83e4fd06_22_11,supported,reused_old_verified,final_answer,D,False,/cs/student/project_msc/2025/rai/xinanx01/msc_thesis/main_system/isolated_workspaces/hourvideo_direct_api_eval300_v1/outputs/direct_v1_formal/direct_v1_2_3x16_r1_r3_eval300_formal_v1/route_artifacts/R1:7e512589-aa97-41e8-83d3-af2e83e4fd06_22_11.json,69a78ea3f4c0ad0f3af117d091b676f61ebe935953ccfba247acfd6bdbef5ac3
7e512589-aa97-41e8-83d3-af2e83e4fd06_22_8,partially_supported,reused_old_verified,final_answer,D,False,/cs/student/project_msc/2025/rai/xinanx01/msc_thesis/main_system/isolated_workspaces/hourvideo_direct_api_eval300_v1/outputs/direct_v1_formal/direct_v1_2_3x16_r1_r3_eval300_formal_v1/route_artifacts/R1:7e512589-aa97-41e8-83d3-af2e83e4fd06_22_8.json,3cc77c32448e78a53e39a675d39d7ed41f064b373d2fa58f200302017822e8ec
7e512589-aa97-41e8-83d3-af2e83e4fd06_23_28,partially_supported,reused_old_verified,final_answer,A,True,/cs/student/project_msc/2025/rai/xinanx01/msc_thesis/main_system/isolated_workspaces/hourvideo_direct_api_eval300_v1/outputs/direct_v1_formal/direct_v1_2_3x16_r1_r3_eval300_formal_v1/route_artifacts/R1:7e512589-aa97-41e8-83d3-af2e83e4fd06_23_28.json,dcea14379b5d782a6737822889e6dbb40eae4e5577fb9fe490f440d13c646932
7e512589-aa97-41e8-83d3-af2e83e4fd06_3_21,unsupported,reused_old_verified,final_answer,B,False,/cs/student/project_msc/2025/rai/xinanx01/msc_thesis/main_system/isolated_workspaces/hourvideo_direct_api_eval300_v1/outputs/direct_v1_formal/direct_v1_2_3x16_r1_r3_eval300_formal_v1/route_artifacts/R1:7e512589-aa97-41e8-83d3-af2e83e4fd06_3_21.json,3e030f8d0b09aa98c9a8e6409f48ab99b2204ba1d6e5499fb57d5662ec68dd16
7e512589-aa97-41e8-83d3-af2e83e4fd06_3_26,partially_supported,reused_old_verified,final_answer,E,False,/cs/student/project_msc/2025/rai/xinanx01/msc_thesis/main_system/isolated_workspaces/hourvideo_direct_api_eval300_v1/outputs/direct_v1_formal/direct_v1_2_3x16_r1_r3_eval300_formal_v1/route_artifacts/R1:7e512589-aa97-41e8-83d3-af2e83e4fd06_3_26.json,2bea3b452d67f99b10450ba019351e01457ffddfa058ba9f5100b725138b614d
7e512589-aa97-41e8-83d3-af2e83e4fd06_4_3,contradicted,reused_old_verified,final_answer,B,False,/cs/student/project_msc/2025/rai/xinanx01/msc_thesis/main_system/isolated_workspaces/hourvideo_direct_api_eval300_v1/outputs/direct_v1_formal/direct_v1_2_3x16_r1_r3_eval300_formal_v1/route_artifacts/R1:7e512589-aa97-41e8-83d3-af2e83e4fd06_4_3.json,da9eb1590d145de08f561deb32f532b5fc94d677c79a1a02d7ee6e8f51cdb7a4
7e512589-aa97-41e8-83d3-af2e83e4fd06_4_5,partially_supported,reused_old_verified,final_answer,B,True,/cs/student/project_msc/2025/rai/xinanx01/msc_thesis/main_system/isolated_workspaces/hourvideo_direct_api_eval300_v1/outputs/direct_v1_formal/direct_v1_2_3x16_r1_r3_eval300_formal_v1/route_artifacts/R1:7e512589-aa97-41e8-83d3-af2e83e4fd06_4_5.json,0de9230231fe16275fcb83a3293fafbca4919f107650fd3163465cb208f62516
7e512589-aa97-41e8-83d3-af2e83e4fd06_5_33,partially_supported,reused_old_verified,final_answer,C,True,/cs/student/project_msc/2025/rai/xinanx01/msc_thesis/main_system/isolated_workspaces/hourvideo_direct_api_eval300_v1/outputs/direct_v1_formal/direct_v1_2_3x16_r1_r3_eval300_formal_v1/route_artifacts/R1:7e512589-aa97-41e8-83d3-af2e83e4fd06_5_33.json,d9b9bff5611a0d6fa441058ded8372339b23f7c87d3e438c3c5a53bea62743a0
7e512589-aa97-41e8-83d3-af2e83e4fd06_6_15,unsupported,reused_old_verified,final_answer,E,False,/cs/student/project_msc/2025/rai/xinanx01/msc_thesis/main_system/isolated_workspaces/hourvideo_direct_api_eval300_v1/outputs/direct_v1_formal/direct_v1_2_3x16_r1_r3_eval300_formal_v1/route_artifacts/R1:7e512589-aa97-41e8-83d3-af2e83e4fd06_6_15.json,84e593f8b23036891c1ade9ade5542139b8bfaa88ef153a10981b39908ca3c7d
7e512589-aa97-41e8-83d3-af2e83e4fd06_6_27,unsupported,reused_old_verified,final_answer,B,False,/cs/student/project_msc/2025/rai/xinanx01/msc_thesis/main_system/isolated_workspaces/hourvideo_direct_api_eval300_v1/outputs/direct_v1_formal/direct_v1_2_3x16_r1_r3_eval300_formal_v1/route_artifacts/R1:7e512589-aa97-41e8-83d3-af2e83e4fd06_6_27.json,d9d92c342b2ad0b28476671494735f5960dad4603fb12b8ad6fd366c23e49047
7e512589-aa97-41e8-83d3-af2e83e4fd06_6_7,unsupported,reused_old_verified,final_answer,B,False,/cs/student/project_msc/2025/rai/xinanx01/msc_thesis/main_system/isolated_workspaces/hourvideo_direct_api_eval300_v1/outputs/direct_v1_formal/direct_v1_2_3x16_r1_r3_eval300_formal_v1/route_artifacts/R1:7e512589-aa97-41e8-83d3-af2e83e4fd06_6_7.json,3e5e69bbb468e7c8535689b803d2fb0f48b646f2d0ad6712bbc7b7e45cbbcecd
7e512589-aa97-41e8-83d3-af2e83e4fd06_7_20,unsupported,reused_old_verified,final_answer,C,False,/cs/student/project_msc/2025/rai/xinanx01/msc_thesis/main_system/isolated_workspaces/hourvideo_direct_api_eval300_v1/outputs/direct_v1_formal/direct_v1_2_3x16_r1_r3_eval300_formal_v1/route_artifacts/R1:7e512589-aa97-41e8-83d3-af2e83e4fd06_7_20.json,b532304b95ec6a975709d162e5879a93514a29c46c44888546566b5edf12afa0
7e512589-aa97-41e8-83d3-af2e83e4fd06_7_22,partially_supported,reused_old_verified,final_answer,C,False,/cs/student/project_msc/2025/rai/xinanx01/msc_thesis/main_system/isolated_workspaces/hourvideo_direct_api_eval300_v1/outputs/direct_v1_formal/direct_v1_2_3x16_r1_r3_eval300_formal_v1/route_artifacts/R1:7e512589-aa97-41e8-83d3-af2e83e4fd06_7_22.json,b54da7d4fba19dfdb076f9f6438d336a8040a167be17bb5f1c0bc02a1eae9a91
7e512589-aa97-41e8-83d3-af2e83e4fd06_7_23,partially_supported,reused_old_verified,final_answer,C,True,/cs/student/project_msc/2025/rai/xinanx01/msc_thesis/main_system/isolated_workspaces/hourvideo_direct_api_eval300_v1/outputs/direct_v1_formal/direct_v1_2_3x16_r1_r3_eval300_formal_v1/route_artifacts/R1:7e512589-aa97-41e8-83d3-af2e83e4fd06_7_23.json,b9945320e333a7bf6755711e2f7791e6fdb928645d4c30758a5bca6d41edf6c5
7e512589-aa97-41e8-83d3-af2e83e4fd06_7_4,partially_supported,reused_old_verified,final_answer,C,False,/cs/student/project_msc/2025/rai/xinanx01/msc_thesis/main_system/isolated_workspaces/hourvideo_direct_api_eval300_v1/outputs/direct_v1_formal/direct_v1_2_3x16_r1_r3_eval300_formal_v1/route_artifacts/R1:7e512589-aa97-41e8-83d3-af2e83e4fd06_7_4.json,68460cc43e033a15a255608b47c191bfc569bfa32477a9ee82f4cc92db121dde
7e512589-aa97-41e8-83d3-af2e83e4fd06_8_12,contradicted,reused_old_verified,final_answer,D,True,/cs/student/project_msc/2025/rai/xinanx01/msc_thesis/main_system/isolated_workspaces/hourvideo_direct_api_eval300_v1/outputs/direct_v1_formal/direct_v1_2_3x16_r1_r3_eval300_formal_v1/route_artifacts/R1:7e512589-aa97-41e8-83d3-af2e83e4fd06_8_12.json,626fa429fd2b4dbde3f0d575d293c34369f00fd7c9317e6c9521ff1987221db7
819c8af7-851f-434f-ab32-318285bc54b1_11_14,supported,new_visual_only_review,final_answer,B,False,/cs/student/project_msc/2025/rai/xinanx01/direct_r1_visual_only_correction_v11_unified_recovery/runs/direct_r1_visual_only_correction_v11_unified_recovery_remaining_52/route_artifacts/R1VO11:819c8af7-851f-434f-ab32-318285bc54b1_11_14.json,3bc5963bb61706146a23f6fe329da8df9287cfd2ace5c7cb59ecb39fcbbf2922
819c8af7-851f-434f-ab32-318285bc54b1_11_24,supported,new_visual_only_review,final_answer,B,False,/cs/student/project_msc/2025/rai/xinanx01/direct_r1_visual_only_correction_v12_unified_recovery/runs/direct_r1_visual_only_correction_v12_unified_recovery_remaining_30/route_artifacts/R1VO12:819c8af7-851f-434f-ab32-318285bc54b1_11_24.json,70cbf3ce3c34e422c1f0443c36b930511dc7f2d09eb48840162be7374880af1a
819c8af7-851f-434f-ab32-318285bc54b1_11_3,partially_supported,new_visual_only_review,final_answer,D,True,/cs/student/project_msc/2025/rai/xinanx01/direct_r1_visual_only_correction_v12_unified_recovery/runs/direct_r1_visual_only_correction_v12_unified_recovery_remaining_30/route_artifacts/R1VO12:819c8af7-851f-434f-ab32-318285bc54b1_11_3.json,0485d9c6be91eacf218d58d7849146b49a1843f2697f3670f07213beb73ad3bf
819c8af7-851f-434f-ab32-318285bc54b1_12_7,contradicted,new_visual_only_review,final_answer,A,False,/cs/student/project_msc/2025/rai/xinanx01/direct_r1_visual_only_correction_v11_unified_recovery/runs/direct_r1_visual_only_correction_v11_unified_recovery_remaining_52/route_artifacts/R1VO11:819c8af7-851f-434f-ab32-318285bc54b1_12_7.json,2d3b9fee215f210110925b2ed55a92b73d0c7691483b417cd4ebdb2cb1f6153f
819c8af7-851f-434f-ab32-318285bc54b1_17_20,partially_supported,new_visual_only_review,final_answer,E,False,/cs/student/project_msc/2025/rai/xinanx01/direct_r1_visual_only_correction_v11_unified_recovery/runs/direct_r1_visual_only_correction_v11_unified_recovery_remaining_52/route_artifacts/R1VO11:819c8af7-851f-434f-ab32-318285bc54b1_17_20.json,2187223c26fc1b0943135e40ac1870a307a152c1e1fc0b72a3d561ed738f9bc6
819c8af7-851f-434f-ab32-318285bc54b1_17_22,supported,new_visual_only_review,final_answer,D,True,/cs/student/project_msc/2025/rai/xinanx01/direct_r1_visual_only_correction_v11_unified_recovery/runs/direct_r1_visual_only_correction_v11_unified_recovery_remaining_52/route_artifacts/R1VO11:819c8af7-851f-434f-ab32-318285bc54b1_17_22.json,a9c42960427b8d9c393a1234f2598b2fa029b03562e29a2210e05491d0e58335
819c8af7-851f-434f-ab32-318285bc54b1_17_26,partially_supported,new_visual_only_review,final_answer,D,True,/cs/student/project_msc/2025/rai/xinanx01/direct_r1_visual_only_correction_v12_unified_recovery/runs/direct_r1_visual_only_correction_v12_unified_recovery_remaining_30/route_artifacts/R1VO12:819c8af7-851f-434f-ab32-318285bc54b1_17_26.json,47ca961d1ab60ff939d21c920f423528e7b1f758c4c21ecc20355f111ce84b9b
819c8af7-851f-434f-ab32-318285bc54b1_17_29,partially_supported,new_visual_only_review,final_answer,D,True,/cs/student/project_msc/2025/rai/xinanx01/direct_r1_visual_only_correction_v11_unified_recovery/runs/direct_r1_visual_only_correction_v11_unified_recovery_remaining_52/route_artifacts/R1VO11:819c8af7-851f-434f-ab32-318285bc54b1_17_29.json,e25bcd35aa8bec09e8d620db2b37cafaaff074d5680d9ab1ed5eea09f24c6145
819c8af7-851f-434f-ab32-318285bc54b1_18_6,unsupported,new_visual_only_review,final_answer,E,False,/cs/student/project_msc/2025/rai/xinanx01/direct_r1_visual_only_correction_v11_unified_recovery/runs/direct_r1_visual_only_correction_v11_unified_recovery_remaining_52/route_artifacts/R1VO11:819c8af7-851f-434f-ab32-318285bc54b1_18_6.json,69dd343fb513b66e9f076a9bc47bfdecb16e93fabf5e79ba1fc91d661360a041
819c8af7-851f-434f-ab32-318285bc54b1_23_5,partially_supported,new_visual_only_review,final_answer,B,False,/cs/student/project_msc/2025/rai/xinanx01/direct_r1_visual_only_correction_v11_unified_recovery/runs/direct_r1_visual_only_correction_v11_unified_recovery_remaining_52/route_artifacts/R1VO11:819c8af7-851f-434f-ab32-318285bc54b1_23_5.json,ed21bc185bf58ae4dd62822588c6dbcf09e80c4ae109c0d88152709cce6ea2bf
819c8af7-851f-434f-ab32-318285bc54b1_3_12,supported,new_visual_only_review,final_answer,E,True,/cs/student/project_msc/2025/rai/xinanx01/direct_r1_visual_only_correction_v12_unified_recovery/runs/direct_r1_visual_only_correction_v12_unified_recovery_remaining_30/route_artifacts/R1VO12:819c8af7-851f-434f-ab32-318285bc54b1_3_12.json,de180ab74deccf08aefca1049a9738767c13d8bc5248f294e6a8432a673597a3
819c8af7-851f-434f-ab32-318285bc54b1_3_13,partially_supported,new_visual_only_review,final_answer,D,True,/cs/student/project_msc/2025/rai/xinanx01/direct_r1_visual_only_correction_v11_unified_recovery/runs/direct_r1_visual_only_correction_v11_unified_recovery_remaining_52/route_artifacts/R1VO11:819c8af7-851f-434f-ab32-318285bc54b1_3_13.json,88dd3264fee31575a0b22a8a436bc847d293803e62faf95bfaf3dcde8da60019
819c8af7-851f-434f-ab32-318285bc54b1_4_10,partially_supported,new_visual_only_review,final_answer,B,False,/cs/student/project_msc/2025/rai/xinanx01/direct_r1_visual_only_correction_v11_unified_recovery/runs/direct_r1_visual_only_correction_v11_unified_recovery_remaining_52/route_artifacts/R1VO11:819c8af7-851f-434f-ab32-318285bc54b1_4_10.json,a0816ca141bb7c95566b6d08b575605757dfd7a69ab1830b1e35789bfc86ead8
819c8af7-851f-434f-ab32-318285bc54b1_4_19,partially_supported,new_visual_only_review,final_answer,D,True,/cs/student/project_msc/2025/rai/xinanx01/direct_r1_visual_only_correction_v11_unified_recovery/runs/direct_r1_visual_only_correction_v11_unified_recovery_remaining_52/route_artifacts/R1VO11:819c8af7-851f-434f-ab32-318285bc54b1_4_19.json,b351d2790e9e90422e9a68ee2ab8645235b56b8c7e96214f85e4c51747fff9d3
819c8af7-851f-434f-ab32-318285bc54b1_4_2,partially_supported,new_visual_only_review,final_answer,D,True,/cs/student/project_msc/2025/rai/xinanx01/direct_r1_visual_only_correction_v12_unified_recovery/runs/direct_r1_visual_only_correction_v12_unified_recovery_remaining_30/route_artifacts/R1VO12:819c8af7-851f-434f-ab32-318285bc54b1_4_2.json,d4adee12ad672e8560285807926af77af132311dca598ffa1d2da576ca60d396
819c8af7-851f-434f-ab32-318285bc54b1_4_23,partially_supported,new_visual_only_review,final_answer,C,False,/cs/student/project_msc/2025/rai/xinanx01/direct_r1_visual_only_correction_v11_unified_recovery/runs/direct_r1_visual_only_correction_v11_unified_recovery_remaining_52/route_artifacts/R1VO11:819c8af7-851f-434f-ab32-318285bc54b1_4_23.json,f5f0c3829948f35a64dfbda098d78aa32dd28b989ea0190acb2cefcb70be5c35
819c8af7-851f-434f-ab32-318285bc54b1_4_30,partially_supported,new_visual_only_review,final_answer,C,False,/cs/student/project_msc/2025/rai/xinanx01/direct_r1_visual_only_correction_v11_unified_recovery/runs/direct_r1_visual_only_correction_v11_unified_recovery_remaining_52/route_artifacts/R1VO11:819c8af7-851f-434f-ab32-318285bc54b1_4_30.json,a32db6e12b7cae59e1c911e44538de7de8d2f21cea1c8fe1478285b337c86c86
819c8af7-851f-434f-ab32-318285bc54b1_4_4,partially_supported,new_visual_only_review,final_answer,D,False,/cs/student/project_msc/2025/rai/xinanx01/direct_r1_visual_only_correction_v11_unified_recovery/runs/direct_r1_visual_only_correction_v11_unified_recovery_remaining_52/route_artifacts/R1VO11:819c8af7-851f-434f-ab32-318285bc54b1_4_4.json,2ee91c30d4853645bb50eba6faa2422ba9de6c97bfbd66e336fc24f7ca4dfc28
819c8af7-851f-434f-ab32-318285bc54b1_5_11,partially_supported,new_visual_only_review,final_answer,E,True,/cs/student/project_msc/2025/rai/xinanx01/direct_r1_visual_only_correction_v11_unified_recovery/runs/direct_r1_visual_only_correction_v11_unified_recovery_remaining_52/route_artifacts/R1VO11:819c8af7-851f-434f-ab32-318285bc54b1_5_11.json,3ffb6a6d8205f1258265939ad0092f5d2ff38b0eb4751d970e395622fcbd60ca
819c8af7-851f-434f-ab32-318285bc54b1_5_25,partially_supported,new_visual_only_review,final_answer,D,True,/cs/student/project_msc/2025/rai/xinanx01/direct_r1_visual_only_correction_v11_unified_recovery/runs/direct_r1_visual_only_correction_v11_unified_recovery_remaining_52/route_artifacts/R1VO11:819c8af7-851f-434f-ab32-318285bc54b1_5_25.json,23b227a4caf5cf34cd2b996e61f8b009f5dd72aef2cef8b3f0715daff2e9e8dc
819c8af7-851f-434f-ab32-318285bc54b1_5_28,partially_supported,new_visual_only_review,final_answer,B,True,/cs/student/project_msc/2025/rai/xinanx01/direct_r1_visual_only_correction_v11_unified_recovery/runs/direct_r1_visual_only_correction_v11_unified_recovery_remaining_52/route_artifacts/R1VO11:819c8af7-851f-434f-ab32-318285bc54b1_5_28.json,5e09338ffcd7f8d08f0772aaf31800a85a8c3de40805fd8bd16086d4d4f1db76
819c8af7-851f-434f-ab32-318285bc54b1_7_17,partially_supported,new_visual_only_review,final_answer,E,False,/cs/student/project_msc/2025/rai/xinanx01/direct_r1_visual_only_correction_v11_unified_recovery/runs/direct_r1_visual_only_correction_v11_unified_recovery_remaining_52/route_artifacts/R1VO11:819c8af7-851f-434f-ab32-318285bc54b1_7_17.json,f6fb4ba322f49dc358e8d534dd00be57030168ac40f521c9a0dff5b093259d11
819c8af7-851f-434f-ab32-318285bc54b1_7_21,partially_supported,new_visual_only_review,final_answer,C,False,/cs/student/project_msc/2025/rai/xinanx01/direct_r1_visual_only_correction_v11_unified_recovery/runs/direct_r1_visual_only_correction_v11_unified_recovery_remaining_52/route_artifacts/R1VO11:819c8af7-851f-434f-ab32-318285bc54b1_7_21.json,d459147848187c225abd0359e2c6c59f696f6e58f7faab2cc4f7161163b7d128
819c8af7-851f-434f-ab32-318285bc54b1_8_1,partially_supported,new_visual_only_review,final_answer,E,True,/cs/student/project_msc/2025/rai/xinanx01/direct_r1_visual_only_correction_v11_unified_recovery/runs/direct_r1_visual_only_correction_v11_unified_recovery_remaining_52/route_artifacts/R1VO11:819c8af7-851f-434f-ab32-318285bc54b1_8_1.json,4713e6450efe4d176b69dc140148be34b80bf06ab07debea370d841af1027a4d
819c8af7-851f-434f-ab32-318285bc54b1_8_27,partially_supported,new_visual_only_review,final_answer,E,False,/cs/student/project_msc/2025/rai/xinanx01/direct_r1_visual_only_correction_v11_unified_recovery/runs/direct_r1_visual_only_correction_v11_unified_recovery_remaining_52/route_artifacts/R1VO11:819c8af7-851f-434f-ab32-318285bc54b1_8_27.json,f76fd73e1f6a5bab3c9ed9705579d4061b6c0fb2afdffd9d04cc092584d96e6f
a6d45e95-8dc0-4932-83bf-ec53e265a16a_11_14,unsupported,reused_old_verified,final_answer,E,True,/cs/student/project_msc/2025/rai/xinanx01/msc_thesis/main_system/isolated_workspaces/hourvideo_direct_api_eval300_v1/outputs/direct_v1_formal/direct_v1_2_3x16_r1_r3_eval300_formal_v1/route_artifacts/R1:a6d45e95-8dc0-4932-83bf-ec53e265a16a_11_14.json,edcc59b5e51826a267945c06e6886fd303a7ab76ad5f19890cf84ef6727df671
a6d45e95-8dc0-4932-83bf-ec53e265a16a_11_15,supported,reused_old_verified,final_answer,A,False,/cs/student/project_msc/2025/rai/xinanx01/msc_thesis/main_system/isolated_workspaces/hourvideo_direct_api_eval300_v1/outputs/direct_v1_formal/direct_v1_2_3x16_r1_r3_eval300_formal_v1/route_artifacts/R1:a6d45e95-8dc0-4932-83bf-ec53e265a16a_11_15.json,13e43ed676936395114712403e4fdc50e47601173f8e9ce57e965eada3013bca
a6d45e95-8dc0-4932-83bf-ec53e265a16a_11_28,partially_supported,reused_old_verified,final_answer,D,False,/cs/student/project_msc/2025/rai/xinanx01/msc_thesis/main_system/isolated_workspaces/hourvideo_direct_api_eval300_v1/outputs/direct_v1_formal/direct_v1_2_3x16_r1_r3_eval300_formal_v1/route_artifacts/R1:a6d45e95-8dc0-4932-83bf-ec53e265a16a_11_28.json,dea8c1d5133e99620a36bdcb64f08b647e295813f70290ac2111a1f5009caacd
a6d45e95-8dc0-4932-83bf-ec53e265a16a_12_4,contradicted,reused_old_verified,final_answer,B,True,/cs/student/project_msc/2025/rai/xinanx01/msc_thesis/main_system/isolated_workspaces/hourvideo_direct_api_eval300_v1/outputs/direct_v1_formal/direct_v1_2_3x16_r1_r3_eval300_formal_v1/route_artifacts/R1:a6d45e95-8dc0-4932-83bf-ec53e265a16a_12_4.json,e21b9fcd01f4ec019dcc4184b077d7c57ea872ccdcb35f14a31f64ef27e2b407
a6d45e95-8dc0-4932-83bf-ec53e265a16a_17_10,unsupported,reused_old_verified,final_answer,C,False,/cs/student/project_msc/2025/rai/xinanx01/msc_thesis/main_system/isolated_workspaces/hourvideo_direct_api_eval300_v1/outputs/direct_v1_formal/direct_v1_2_3x16_r1_r3_eval300_formal_v1/route_artifacts/R1:a6d45e95-8dc0-4932-83bf-ec53e265a16a_17_10.json,7de7fbd0ca2a211ad2f2c8856c20a042e77b0128146bd86177a8820315e7740f
a6d45e95-8dc0-4932-83bf-ec53e265a16a_17_11,partially_supported,reused_old_verified,final_answer,A,True,/cs/student/project_msc/2025/rai/xinanx01/msc_thesis/main_system/isolated_workspaces/hourvideo_direct_api_eval300_v1/outputs/direct_v1_formal/direct_v1_2_3x16_r1_r3_eval300_formal_v1/route_artifacts/R1:a6d45e95-8dc0-4932-83bf-ec53e265a16a_17_11.json,0a805d375e04759eadd8e0f853bc129b6ba4679e3ee4be48cc75116b1ffc3dd8
a6d45e95-8dc0-4932-83bf-ec53e265a16a_17_12,supported,reused_old_verified,final_answer,D,False,/cs/student/project_msc/2025/rai/xinanx01/msc_thesis/main_system/isolated_workspaces/hourvideo_direct_api_eval300_v1/outputs/direct_v1_formal/direct_v1_2_3x16_r1_r3_eval300_formal_v1/route_artifacts/R1:a6d45e95-8dc0-4932-83bf-ec53e265a16a_17_12.json,de2cf1cfab0ad0bb54416aca8f48320285efb639e99518b27efd0afd55c1fbf4
a6d45e95-8dc0-4932-83bf-ec53e265a16a_17_2,supported,reused_old_verified,final_answer,B,False,/cs/student/project_msc/2025/rai/xinanx01/msc_thesis/main_system/isolated_workspaces/hourvideo_direct_api_eval300_v1/outputs/direct_v1_formal/direct_v1_2_3x16_r1_r3_eval300_formal_v1/route_artifacts/R1:a6d45e95-8dc0-4932-83bf-ec53e265a16a_17_2.json,ec2de7849b362fe4cd30eb8bd74b85297baad08f5f1f8ad4e50b454209b4f9be
a6d45e95-8dc0-4932-83bf-ec53e265a16a_17_21,unsupported,reused_old_verified,final_answer,D,False,/cs/student/project_msc/2025/rai/xinanx01/msc_thesis/main_system/isolated_workspaces/hourvideo_direct_api_eval300_v1/outputs/direct_v1_formal/direct_v1_2_3x16_r1_r3_eval300_formal_v1/route_artifacts/R1:a6d45e95-8dc0-4932-83bf-ec53e265a16a_17_21.json,1ee3d2402799cad1125fed37c82779ca83f5fff455beb287209c7a475790913f
a6d45e95-8dc0-4932-83bf-ec53e265a16a_17_25,partially_supported,reused_old_verified,final_answer,C,False,/cs/student/project_msc/2025/rai/xinanx01/msc_thesis/main_system/isolated_workspaces/hourvideo_direct_api_eval300_v1/outputs/direct_v1_formal/direct_v1_2_3x16_r1_r3_eval300_formal_v1/route_artifacts/R1:a6d45e95-8dc0-4932-83bf-ec53e265a16a_17_25.json,efaaafea6b6890d4a62f91b8f763c25fd78dede636b7613dc305d5e05cbfc276
a6d45e95-8dc0-4932-83bf-ec53e265a16a_17_3,unsupported,reused_old_verified,final_answer,B,False,/cs/student/project_msc/2025/rai/xinanx01/msc_thesis/main_system/isolated_workspaces/hourvideo_direct_api_eval300_v1/outputs/direct_v1_formal/direct_v1_2_3x16_r1_r3_eval300_formal_v1/route_artifacts/R1:a6d45e95-8dc0-4932-83bf-ec53e265a16a_17_3.json,ee5e92f3f678ea80f4f512d0cfc1eef554f1aab3e1457b855b3889b4cff1aaa7
a6d45e95-8dc0-4932-83bf-ec53e265a16a_18_5,partially_supported,reused_old_verified,final_answer,E,True,/cs/student/project_msc/2025/rai/xinanx01/msc_thesis/main_system/isolated_workspaces/hourvideo_direct_api_eval300_v1/outputs/direct_v1_formal/direct_v1_2_3x16_r1_r3_eval300_formal_v1/route_artifacts/R1:a6d45e95-8dc0-4932-83bf-ec53e265a16a_18_5.json,a7e6820985fab3120a0e4f06cb7180384c16f0f65900388e7ce4c8b1b4823efb
a6d45e95-8dc0-4932-83bf-ec53e265a16a_4_23,unsupported,reused_old_verified,final_answer,D,False,/cs/student/project_msc/2025/rai/xinanx01/msc_thesis/main_system/isolated_workspaces/hourvideo_direct_api_eval300_v1/outputs/direct_v1_formal/direct_v1_2_3x16_r1_r3_eval300_formal_v1/route_artifacts/R1:a6d45e95-8dc0-4932-83bf-ec53e265a16a_4_23.json,a7b6b598c80a1a38ff5adfb1eeab88636ffae95fe83d7745e9a065cecf2eeefe
a6d45e95-8dc0-4932-83bf-ec53e265a16a_4_6,partially_supported,reused_old_verified,final_answer,C,False,/cs/student/project_msc/2025/rai/xinanx01/msc_thesis/main_system/isolated_workspaces/hourvideo_direct_api_eval300_v1/outputs/direct_v1_formal/direct_v1_2_3x16_r1_r3_eval300_formal_v1/route_artifacts/R1:a6d45e95-8dc0-4932-83bf-ec53e265a16a_4_6.json,c3c393d7f704a531f1b253239753ddadca864d6a9545a8d7196988d75a0f5342
a6d45e95-8dc0-4932-83bf-ec53e265a16a_4_9,unsupported,reused_old_verified,final_answer,E,False,/cs/student/project_msc/2025/rai/xinanx01/msc_thesis/main_system/isolated_workspaces/hourvideo_direct_api_eval300_v1/outputs/direct_v1_formal/direct_v1_2_3x16_r1_r3_eval300_formal_v1/route_artifacts/R1:a6d45e95-8dc0-4932-83bf-ec53e265a16a_4_9.json,2baabd7a779764a4fdc69ad4d7067c717e523971d1aa213165b8d2b29d6a9b6d
a6d45e95-8dc0-4932-83bf-ec53e265a16a_5_26,supported,reused_old_verified,final_answer,D,True,/cs/student/project_msc/2025/rai/xinanx01/msc_thesis/main_system/isolated_workspaces/hourvideo_direct_api_eval300_v1/outputs/direct_v1_formal/direct_v1_2_3x16_r1_r3_eval300_formal_v1/route_artifacts/R1:a6d45e95-8dc0-4932-83bf-ec53e265a16a_5_26.json,90f9f5740c1104074546f33e0772942b8d653e8e131be67969a4f49d4be43788
a6d45e95-8dc0-4932-83bf-ec53e265a16a_6_24,unsupported,reused_old_verified,final_answer,D,False,/cs/student/project_msc/2025/rai/xinanx01/msc_thesis/main_system/isolated_workspaces/hourvideo_direct_api_eval300_v1/outputs/direct_v1_formal/direct_v1_2_3x16_r1_r3_eval300_formal_v1/route_artifacts/R1:a6d45e95-8dc0-4932-83bf-ec53e265a16a_6_24.json,6cb75242aea88b6c384e731692df00cebdea621957031b3c9416a319060441fb
a6d45e95-8dc0-4932-83bf-ec53e265a16a_7_16,partially_supported,reused_old_verified,final_answer,A,True,/cs/student/project_msc/2025/rai/xinanx01/msc_thesis/main_system/isolated_workspaces/hourvideo_direct_api_eval300_v1/outputs/direct_v1_formal/direct_v1_2_3x16_r1_r3_eval300_formal_v1/route_artifacts/R1:a6d45e95-8dc0-4932-83bf-ec53e265a16a_7_16.json,f469241ff49f30b8b87f793aca1a5c2526984c46037177dcdffed31a497d82d0
a6d45e95-8dc0-4932-83bf-ec53e265a16a_7_19,contradicted,reused_old_verified,final_answer,D,False,/cs/student/project_msc/2025/rai/xinanx01/msc_thesis/main_system/isolated_workspaces/hourvideo_direct_api_eval300_v1/outputs/direct_v1_formal/direct_v1_2_3x16_r1_r3_eval300_formal_v1/route_artifacts/R1:a6d45e95-8dc0-4932-83bf-ec53e265a16a_7_19.json,1340ecc7a221215bd3b56e0fca9cdfbdf8049ca72ac9bbd4fbd36834bc82edb9
a6d45e95-8dc0-4932-83bf-ec53e265a16a_7_20,partially_supported,reused_old_verified,final_answer,E,False,/cs/student/project_msc/2025/rai/xinanx01/msc_thesis/main_system/isolated_workspaces/hourvideo_direct_api_eval300_v1/outputs/direct_v1_formal/direct_v1_2_3x16_r1_r3_eval300_formal_v1/route_artifacts/R1:a6d45e95-8dc0-4932-83bf-ec53e265a16a_7_20.json,b632390c02c43d6b4f13a5e69e891d9917e15917f45b73d36dff448879842c5a
a6d45e95-8dc0-4932-83bf-ec53e265a16a_7_7,supported,reused_old_verified,final_answer,C,False,/cs/student/project_msc/2025/rai/xinanx01/msc_thesis/main_system/isolated_workspaces/hourvideo_direct_api_eval300_v1/outputs/direct_v1_formal/direct_v1_2_3x16_r1_r3_eval300_formal_v1/route_artifacts/R1:a6d45e95-8dc0-4932-83bf-ec53e265a16a_7_7.json,b9cf985d0d5f48c8d91e87227341d702116a148b04295155ae30ebe2b8c9f28a
a6d45e95-8dc0-4932-83bf-ec53e265a16a_8_1,contradicted,reused_old_verified,final_answer,E,False,/cs/student/project_msc/2025/rai/xinanx01/msc_thesis/main_system/isolated_workspaces/hourvideo_direct_api_eval300_v1/outputs/direct_v1_formal/direct_v1_2_3x16_r1_r3_eval300_formal_v1/route_artifacts/R1:a6d45e95-8dc0-4932-83bf-ec53e265a16a_8_1.json,7eabab8fc1310c83a11681f5055e9ede2fc6f4af1ff833160ac7c36722d4482d
a6d45e95-8dc0-4932-83bf-ec53e265a16a_8_18,unsupported,reused_old_verified,final_answer,D,False,/cs/student/project_msc/2025/rai/xinanx01/msc_thesis/main_system/isolated_workspaces/hourvideo_direct_api_eval300_v1/outputs/direct_v1_formal/direct_v1_2_3x16_r1_r3_eval300_formal_v1/route_artifacts/R1:a6d45e95-8dc0-4932-83bf-ec53e265a16a_8_18.json,4e1842de9b2469116ff3ff7f39d48888afabde4eb174088ca4b3fe956bbd3628
a6d45e95-8dc0-4932-83bf-ec53e265a16a_8_22,unsupported,reused_old_verified,final_answer,D,False,/cs/student/project_msc/2025/rai/xinanx01/msc_thesis/main_system/isolated_workspaces/hourvideo_direct_api_eval300_v1/outputs/direct_v1_formal/direct_v1_2_3x16_r1_r3_eval300_formal_v1/route_artifacts/R1:a6d45e95-8dc0-4932-83bf-ec53e265a16a_8_22.json,7acb1fdc115d5b3410a55f601f9d97b2794060dc622356481a8d49e8a7bb394f
a6d45e95-8dc0-4932-83bf-ec53e265a16a_8_27,unsupported,reused_old_verified,final_answer,B,False,/cs/student/project_msc/2025/rai/xinanx01/msc_thesis/main_system/isolated_workspaces/hourvideo_direct_api_eval300_v1/outputs/direct_v1_formal/direct_v1_2_3x16_r1_r3_eval300_formal_v1/route_artifacts/R1:a6d45e95-8dc0-4932-83bf-ec53e265a16a_8_27.json,a0e865a709087c07c1c8d4c8fa9e830952ff6761ef4c22949e5fe594dcb0052c
d3a0899e-2093-454c-9f65-30087883193a_11_17,supported,reused_old_verified,final_answer,A,True,/cs/student/project_msc/2025/rai/xinanx01/msc_thesis/main_system/isolated_workspaces/hourvideo_direct_api_eval300_v1/outputs/direct_v1_formal/direct_v1_2_3x16_r1_r3_eval300_formal_v1/route_artifacts/R1:d3a0899e-2093-454c-9f65-30087883193a_11_17.json,2f8c7d31fb17ec0ac27b6f9e3f770b28db680dce1a7d2f138b204f172551c7e7
d3a0899e-2093-454c-9f65-30087883193a_12_22,partially_supported,reused_old_verified,final_answer,C,False,/cs/student/project_msc/2025/rai/xinanx01/msc_thesis/main_system/isolated_workspaces/hourvideo_direct_api_eval300_v1/outputs/direct_v1_formal/direct_v1_2_3x16_r1_r3_eval300_formal_v1/route_artifacts/R1:d3a0899e-2093-454c-9f65-30087883193a_12_22.json,34930facbfc8dc43720010d170a23b1218bb74e08ff5b409cc8e81f810c03b40
d3a0899e-2093-454c-9f65-30087883193a_17_13,unsupported,reused_old_verified,final_answer,D,False,/cs/student/project_msc/2025/rai/xinanx01/msc_thesis/main_system/isolated_workspaces/hourvideo_direct_api_eval300_v1/outputs/direct_v1_formal/direct_v1_2_3x16_r1_r3_eval300_formal_v1/route_artifacts/R1:d3a0899e-2093-454c-9f65-30087883193a_17_13.json,bb593b4b55d7360121b48a8dc1405b314ea6c92965d7f86e5134ce13b4d1767b
d3a0899e-2093-454c-9f65-30087883193a_17_19,supported,reused_old_verified,final_answer,B,False,/cs/student/project_msc/2025/rai/xinanx01/msc_thesis/main_system/isolated_workspaces/hourvideo_direct_api_eval300_v1/outputs/direct_v1_formal/direct_v1_2_3x16_r1_r3_eval300_formal_v1/route_artifacts/R1:d3a0899e-2093-454c-9f65-30087883193a_17_19.json,f219ae5acd7eba461914748a3bd3698f8a2b4c77b6c8f818a17c74b949474e36
d3a0899e-2093-454c-9f65-30087883193a_17_2,unsupported,reused_old_verified,final_answer,B,True,/cs/student/project_msc/2025/rai/xinanx01/msc_thesis/main_system/isolated_workspaces/hourvideo_direct_api_eval300_v1/outputs/direct_v1_formal/direct_v1_2_3x16_r1_r3_eval300_formal_v1/route_artifacts/R1:d3a0899e-2093-454c-9f65-30087883193a_17_2.json,602f70666b782dc8b2d0815826ace683b16c4e499425b0952fafdd16fbf3288b
d3a0899e-2093-454c-9f65-30087883193a_17_20,unsupported,reused_old_verified,final_answer,E,True,/cs/student/project_msc/2025/rai/xinanx01/msc_thesis/main_system/isolated_workspaces/hourvideo_direct_api_eval300_v1/outputs/direct_v1_formal/direct_v1_2_3x16_r1_r3_eval300_formal_v1/route_artifacts/R1:d3a0899e-2093-454c-9f65-30087883193a_17_20.json,5dd2aae043622bbf49e25394e638a576303f10a06564c57a5b933e1cf2990e47
d3a0899e-2093-454c-9f65-30087883193a_17_28,partially_supported,reused_old_verified,final_answer,E,False,/cs/student/project_msc/2025/rai/xinanx01/msc_thesis/main_system/isolated_workspaces/hourvideo_direct_api_eval300_v1/outputs/direct_v1_formal/direct_v1_2_3x16_r1_r3_eval300_formal_v1/route_artifacts/R1:d3a0899e-2093-454c-9f65-30087883193a_17_28.json,d273a0db81cf6ba8502cd25aed480ffc90a1f0bb5b14f605d6e1e2c768da65b0
d3a0899e-2093-454c-9f65-30087883193a_17_35,contradicted,reused_old_verified,final_answer,A,False,/cs/student/project_msc/2025/rai/xinanx01/msc_thesis/main_system/isolated_workspaces/hourvideo_direct_api_eval300_v1/outputs/direct_v1_formal/direct_v1_2_3x16_r1_r3_eval300_formal_v1/route_artifacts/R1:d3a0899e-2093-454c-9f65-30087883193a_17_35.json,f477d024a8e82c84045933b90bdc176a2b51f017d73d8e2bd35b9ca9a74ec98b
d3a0899e-2093-454c-9f65-30087883193a_17_8,supported,reused_old_verified,final_answer,B,False,/cs/student/project_msc/2025/rai/xinanx01/msc_thesis/main_system/isolated_workspaces/hourvideo_direct_api_eval300_v1/outputs/direct_v1_formal/direct_v1_2_3x16_r1_r3_eval300_formal_v1/route_artifacts/R1:d3a0899e-2093-454c-9f65-30087883193a_17_8.json,443ba58869806fb32178c081d88bfc19273a95dc123d21644414fab7524880b1
d3a0899e-2093-454c-9f65-30087883193a_1_1,supported,reused_old_verified,final_answer,D,False,/cs/student/project_msc/2025/rai/xinanx01/msc_thesis/main_system/isolated_workspaces/hourvideo_direct_api_eval300_v1/outputs/direct_v1_formal/direct_v1_2_3x16_r1_r3_eval300_formal_v1/route_artifacts/R1:d3a0899e-2093-454c-9f65-30087883193a_1_1.json,86d40e778af9440ba5fb4a2745f373aa14cedc8d93d4f165131e1bde6f61e570
d3a0899e-2093-454c-9f65-30087883193a_22_14,partially_supported,reused_old_verified,final_answer,A,False,/cs/student/project_msc/2025/rai/xinanx01/msc_thesis/main_system/isolated_workspaces/hourvideo_direct_api_eval300_v1/outputs/direct_v1_formal/direct_v1_2_3x16_r1_r3_eval300_formal_v1/route_artifacts/R1:d3a0899e-2093-454c-9f65-30087883193a_22_14.json,a24fdd9161f2dcd29d8d996cbc4721fab4874643966e0f7e69db40e2ecde2059
d3a0899e-2093-454c-9f65-30087883193a_22_32,partially_supported,reused_old_verified,final_answer,A,True,/cs/student/project_msc/2025/rai/xinanx01/msc_thesis/main_system/isolated_workspaces/hourvideo_direct_api_eval300_v1/outputs/direct_v1_formal/direct_v1_2_3x16_r1_r3_eval300_formal_v1/route_artifacts/R1:d3a0899e-2093-454c-9f65-30087883193a_22_32.json,7327f6aa8fa343b498de89a3b334e3d34028a787707b9504513ded35e2c00568
d3a0899e-2093-454c-9f65-30087883193a_2_1,partially_supported,reused_old_verified,final_answer,E,False,/cs/student/project_msc/2025/rai/xinanx01/msc_thesis/main_system/isolated_workspaces/hourvideo_direct_api_eval300_v1/outputs/direct_v1_formal/direct_v1_2_3x16_r1_r3_eval300_formal_v1/route_artifacts/R1:d3a0899e-2093-454c-9f65-30087883193a_2_1.json,2ad6cd35bc98d9fdc605748de90e0f19ea6d2601087111ee4f6c072f049cc6cb
d3a0899e-2093-454c-9f65-30087883193a_4_10,partially_supported,reused_old_verified,final_answer,D,False,/cs/student/project_msc/2025/rai/xinanx01/msc_thesis/main_system/isolated_workspaces/hourvideo_direct_api_eval300_v1/outputs/direct_v1_formal/direct_v1_2_3x16_r1_r3_eval300_formal_v1/route_artifacts/R1:d3a0899e-2093-454c-9f65-30087883193a_4_10.json,67ab9edc92110ba6ece4c4797a8175ab1b700a4e2a2c50aafa48af3946432076
d3a0899e-2093-454c-9f65-30087883193a_4_33,partially_supported,reused_old_verified,final_answer,E,True,/cs/student/project_msc/2025/rai/xinanx01/msc_thesis/main_system/isolated_workspaces/hourvideo_direct_api_eval300_v1/outputs/direct_v1_formal/direct_v1_2_3x16_r1_r3_eval300_formal_v1/route_artifacts/R1:d3a0899e-2093-454c-9f65-30087883193a_4_33.json,9159a2bee094fa14f0f5184744c6bfb7019560c72d7f2d5167464d96f3aa4340
d3a0899e-2093-454c-9f65-30087883193a_4_7,contradicted,reused_old_verified,final_answer,C,False,/cs/student/project_msc/2025/rai/xinanx01/msc_thesis/main_system/isolated_workspaces/hourvideo_direct_api_eval300_v1/outputs/direct_v1_formal/direct_v1_2_3x16_r1_r3_eval300_formal_v1/route_artifacts/R1:d3a0899e-2093-454c-9f65-30087883193a_4_7.json,f5cf56ab01fed79aba69f8d0b62cbeaa578ea299f308477588cc8df486e96c91
d3a0899e-2093-454c-9f65-30087883193a_5_24,partially_supported,reused_old_verified,final_answer,C,False,/cs/student/project_msc/2025/rai/xinanx01/msc_thesis/main_system/isolated_workspaces/hourvideo_direct_api_eval300_v1/outputs/direct_v1_formal/direct_v1_2_3x16_r1_r3_eval300_formal_v1/route_artifacts/R1:d3a0899e-2093-454c-9f65-30087883193a_5_24.json,7a1e19909641ecce542ebdad9975fa79abb5ebb18211a1d2f78f1122c37ec21e
d3a0899e-2093-454c-9f65-30087883193a_7_11,partially_supported,reused_old_verified,final_answer,C,False,/cs/student/project_msc/2025/rai/xinanx01/msc_thesis/main_system/isolated_workspaces/hourvideo_direct_api_eval300_v1/outputs/direct_v1_formal/direct_v1_2_3x16_r1_r3_eval300_formal_v1/route_artifacts/R1:d3a0899e-2093-454c-9f65-30087883193a_7_11.json,8bf894a7b67a73aeba4b3f02b3c4660b29142900fd40cdf4063c9e347a757538
d3a0899e-2093-454c-9f65-30087883193a_7_26,unsupported,reused_old_verified,final_answer,B,False,/cs/student/project_msc/2025/rai/xinanx01/msc_thesis/main_system/isolated_workspaces/hourvideo_direct_api_eval300_v1/outputs/direct_v1_formal/direct_v1_2_3x16_r1_r3_eval300_formal_v1/route_artifacts/R1:d3a0899e-2093-454c-9f65-30087883193a_7_26.json,56f584872c1a1be8bfc4ccc76e768026634aed2758cacec3185a7b3f0a4d9d8d
d3a0899e-2093-454c-9f65-30087883193a_7_29,partially_supported,reused_old_verified,final_answer,E,False,/cs/student/project_msc/2025/rai/xinanx01/msc_thesis/main_system/isolated_workspaces/hourvideo_direct_api_eval300_v1/outputs/direct_v1_formal/direct_v1_2_3x16_r1_r3_eval300_formal_v1/route_artifacts/R1:d3a0899e-2093-454c-9f65-30087883193a_7_29.json,389ee7179937b44834c5ab3153ff0e1cdf80dc84a7c57e662bcbad3979e498ea
d3a0899e-2093-454c-9f65-30087883193a_7_9,unsupported,reused_old_verified,final_answer,A,True,/cs/student/project_msc/2025/rai/xinanx01/msc_thesis/main_system/isolated_workspaces/hourvideo_direct_api_eval300_v1/outputs/direct_v1_formal/direct_v1_2_3x16_r1_r3_eval300_formal_v1/route_artifacts/R1:d3a0899e-2093-454c-9f65-30087883193a_7_9.json,70ad7b4b0a1cf8fd6cced1e3d0a64225ea78cf46861f4f23af03a6a8fc3b4a3c
d3a0899e-2093-454c-9f65-30087883193a_8_16,contradicted,reused_old_verified,final_answer,D,True,/cs/student/project_msc/2025/rai/xinanx01/msc_thesis/main_system/isolated_workspaces/hourvideo_direct_api_eval300_v1/outputs/direct_v1_formal/direct_v1_2_3x16_r1_r3_eval300_formal_v1/route_artifacts/R1:d3a0899e-2093-454c-9f65-30087883193a_8_16.json,58087b6968b016bb71ff868e47f2fcd86951ba8bee120ca183cfe8ff916a67ee
d3a0899e-2093-454c-9f65-30087883193a_8_21,supported,reused_old_verified,final_answer,D,True,/cs/student/project_msc/2025/rai/xinanx01/msc_thesis/main_system/isolated_workspaces/hourvideo_direct_api_eval300_v1/outputs/direct_v1_formal/direct_v1_2_3x16_r1_r3_eval300_formal_v1/route_artifacts/R1:d3a0899e-2093-454c-9f65-30087883193a_8_21.json,9415adea180cc491e6d64a8032c8cbf5497ad3fc3bb56095b7bdec14b1bb3fa9
d3a0899e-2093-454c-9f65-30087883193a_8_3,partially_supported,reused_old_verified,final_answer,D,False,/cs/student/project_msc/2025/rai/xinanx01/msc_thesis/main_system/isolated_workspaces/hourvideo_direct_api_eval300_v1/outputs/direct_v1_formal/direct_v1_2_3x16_r1_r3_eval300_formal_v1/route_artifacts/R1:d3a0899e-2093-454c-9f65-30087883193a_8_3.json,5b4375978c7e2d4491ad38c060f846bd12655cad37392916a43445f2550b0160
d3a0899e-2093-454c-9f65-30087883193a_8_36,unsupported,reused_old_verified,final_answer,B,True,/cs/student/project_msc/2025/rai/xinanx01/msc_thesis/main_system/isolated_workspaces/hourvideo_direct_api_eval300_v1/outputs/direct_v1_formal/direct_v1_2_3x16_r1_r3_eval300_formal_v1/route_artifacts/R1:d3a0899e-2093-454c-9f65-30087883193a_8_36.json,5132e7a5c034c7101cc2d70531e3849d3bfd0f71a08bba76d64531c1e21deb20
db3f7933-dfa0-4678-9d4f-393b628ded45_11_2,supported,new_visual_only_review,final_answer,B,False,/cs/student/project_msc/2025/rai/xinanx01/direct_r1_visual_only_correction_v10_unified_network_recovery/runs/direct_r1_visual_only_correction_v10_unified_recovery_remaining_96/route_artifacts/R1VO10:db3f7933-dfa0-4678-9d4f-393b628ded45_11_2.json,9e32889196bce9d01e9e4fdba66890b61b124d7c24de4e035831ff19c4f8f5e2
db3f7933-dfa0-4678-9d4f-393b628ded45_12_15,contradicted,new_visual_only_review,final_answer,A,False,/cs/student/project_msc/2025/rai/xinanx01/direct_r1_visual_only_correction_v10_unified_network_recovery/runs/direct_r1_visual_only_correction_v10_unified_recovery_remaining_96/route_artifacts/R1VO10:db3f7933-dfa0-4678-9d4f-393b628ded45_12_15.json,7930842f4673f5b92019d8b9003decc125d2cb0ef12e318b713b9b72583d39f1
db3f7933-dfa0-4678-9d4f-393b628ded45_17_1,supported,new_visual_only_review,final_answer,D,True,/cs/student/project_msc/2025/rai/xinanx01/direct_r1_visual_only_correction_v10_unified_network_recovery/runs/direct_r1_visual_only_correction_v10_unified_recovery_remaining_96/route_artifacts/R1VO10:db3f7933-dfa0-4678-9d4f-393b628ded45_17_1.json,09887e2f78d379cf2a1824a6c4e1494fcbf971b081d5cb5bcfa63c5c5f13aff8
db3f7933-dfa0-4678-9d4f-393b628ded45_17_11,partially_supported,new_visual_only_review,final_answer,E,False,/cs/student/project_msc/2025/rai/xinanx01/direct_r1_visual_only_correction_v10_unified_network_recovery/runs/direct_r1_visual_only_correction_v10_unified_recovery_remaining_96/route_artifacts/R1VO10:db3f7933-dfa0-4678-9d4f-393b628ded45_17_11.json,69c60658952b25c7a2f7a42721a7a04c0f8c0d31918b7c54779dbb91d70e12ac
db3f7933-dfa0-4678-9d4f-393b628ded45_17_13,supported,new_visual_only_review,final_answer,E,True,/cs/student/project_msc/2025/rai/xinanx01/direct_r1_visual_only_correction_v10_unified_network_recovery/runs/direct_r1_visual_only_correction_v10_unified_recovery_remaining_96/route_artifacts/R1VO10:db3f7933-dfa0-4678-9d4f-393b628ded45_17_13.json,5ea5cb194f25aa49c9c015ccecc377a09d829e4b916a4a053c9154c0ef512773
db3f7933-dfa0-4678-9d4f-393b628ded45_17_29,supported,new_visual_only_review,final_answer,D,False,/cs/student/project_msc/2025/rai/xinanx01/direct_r1_visual_only_correction_v10_unified_network_recovery/runs/direct_r1_visual_only_correction_v10_unified_recovery_remaining_96/route_artifacts/R1VO10:db3f7933-dfa0-4678-9d4f-393b628ded45_17_29.json,1d6a340b1dc96e132092e4ec8a3ef0f5028b811ddbe7751aec6a3f7f25650c24
db3f7933-dfa0-4678-9d4f-393b628ded45_20_1,unsupported,new_visual_only_review,final_answer,A,True,/cs/student/project_msc/2025/rai/xinanx01/direct_r1_visual_only_correction_v10_unified_network_recovery/runs/direct_r1_visual_only_correction_v10_unified_recovery_remaining_96/route_artifacts/R1VO10:db3f7933-dfa0-4678-9d4f-393b628ded45_20_1.json,eabb84a9f26f56899f44df6cc6dbc3546eae59e7c4fd9ad7e29a3d14330d2f69
db3f7933-dfa0-4678-9d4f-393b628ded45_21_27,partially_supported,new_visual_only_review,final_answer,C,True,/cs/student/project_msc/2025/rai/xinanx01/direct_r1_visual_only_correction_v10_unified_network_recovery/runs/direct_r1_visual_only_correction_v10_unified_recovery_remaining_96/route_artifacts/R1VO10:db3f7933-dfa0-4678-9d4f-393b628ded45_21_27.json,0fc4570b0e314a4834d94a0d9ca9e46047106908acaf387d65c9b2a31566b079
db3f7933-dfa0-4678-9d4f-393b628ded45_22_12,partially_supported,new_visual_only_review,final_answer,E,False,/cs/student/project_msc/2025/rai/xinanx01/direct_r1_visual_only_correction_v9_network_recovery/runs/direct_r1_visual_only_correction_v9_recovery_remaining_148/route_artifacts/R1VO9:db3f7933-dfa0-4678-9d4f-393b628ded45_22_12.json,bbd5c2b0cade7784f6c70f68aeb27ec45d5912187a1cd344fe93f790fef92ee7
db3f7933-dfa0-4678-9d4f-393b628ded45_22_24,partially_supported,new_visual_only_review,final_answer,E,True,/cs/student/project_msc/2025/rai/xinanx01/direct_r1_visual_only_correction_v10_unified_network_recovery/runs/direct_r1_visual_only_correction_v10_unified_recovery_remaining_96/route_artifacts/R1VO10:db3f7933-dfa0-4678-9d4f-393b628ded45_22_24.json,b66bcfc28308770aacdb1974d3891768e31977c2044889028669daef4733a38e
db3f7933-dfa0-4678-9d4f-393b628ded45_22_5,partially_supported,new_visual_only_review,final_answer,D,False,/cs/student/project_msc/2025/rai/xinanx01/direct_r1_visual_only_correction_v10_unified_network_recovery/runs/direct_r1_visual_only_correction_v10_unified_recovery_remaining_96/route_artifacts/R1VO10:db3f7933-dfa0-4678-9d4f-393b628ded45_22_5.json,0f365a0185edac6bfdbebc8d63e9ae672049e2fcd465e6f4f3baf117e2842f0e
db3f7933-dfa0-4678-9d4f-393b628ded45_2_1,unsupported,new_visual_only_review,final_answer,D,False,/cs/student/project_msc/2025/rai/xinanx01/direct_r1_visual_only_correction_v10_unified_network_recovery/runs/direct_r1_visual_only_correction_v10_unified_recovery_remaining_96/route_artifacts/R1VO10:db3f7933-dfa0-4678-9d4f-393b628ded45_2_1.json,5a6760e2fe81209c3c53ae7fda243ae0cc2a048a380d00e329e55661b0176fcf
db3f7933-dfa0-4678-9d4f-393b628ded45_4_22,partially_supported,new_visual_only_review,final_answer,A,True,/cs/student/project_msc/2025/rai/xinanx01/direct_r1_visual_only_correction_v10_unified_network_recovery/runs/direct_r1_visual_only_correction_v10_unified_recovery_remaining_96/route_artifacts/R1VO10:db3f7933-dfa0-4678-9d4f-393b628ded45_4_22.json,c046bf858dd40731d3234cc95adc3c1c86c5f508e6a3f751f4ce238544259cc1
db3f7933-dfa0-4678-9d4f-393b628ded45_6_17,unsupported,new_visual_only_review,final_answer,A,False,/cs/student/project_msc/2025/rai/xinanx01/direct_r1_visual_only_correction_v10_unified_network_recovery/runs/direct_r1_visual_only_correction_v10_unified_recovery_remaining_96/route_artifacts/R1VO10:db3f7933-dfa0-4678-9d4f-393b628ded45_6_17.json,24e7ae1a95fb6c4139b6aba78d7b8e33bcc2a1466c2a63e9bdf76526b7f6a59f
db3f7933-dfa0-4678-9d4f-393b628ded45_6_25,unsupported,new_visual_only_review,final_answer,C,False,/cs/student/project_msc/2025/rai/xinanx01/direct_r1_visual_only_correction_v10_unified_network_recovery/runs/direct_r1_visual_only_correction_v10_unified_recovery_remaining_96/route_artifacts/R1VO10:db3f7933-dfa0-4678-9d4f-393b628ded45_6_25.json,ffb54a286aadab52ab468227d510556f4ae55d7dee0a1d94187480786bb2c66d
db3f7933-dfa0-4678-9d4f-393b628ded45_6_7,partially_supported,new_visual_only_review,final_answer,D,False,/cs/student/project_msc/2025/rai/xinanx01/direct_r1_visual_only_correction_v10_unified_network_recovery/runs/direct_r1_visual_only_correction_v10_unified_recovery_remaining_96/route_artifacts/R1VO10:db3f7933-dfa0-4678-9d4f-393b628ded45_6_7.json,0f697f13827d00bd24db9cae127a52deb937d807ab875e6452f9474665ae212d
db3f7933-dfa0-4678-9d4f-393b628ded45_7_10,supported,new_visual_only_review,final_answer,A,False,/cs/student/project_msc/2025/rai/xinanx01/direct_r1_visual_only_correction_v10_unified_network_recovery/runs/direct_r1_visual_only_correction_v10_unified_recovery_remaining_96/route_artifacts/R1VO10:db3f7933-dfa0-4678-9d4f-393b628ded45_7_10.json,408c3a2393cb9a1fb9db91d5c77f1300b10d561e548d3403be26fdc1be6ff7fc
db3f7933-dfa0-4678-9d4f-393b628ded45_7_14,supported,new_visual_only_review,final_answer,B,False,/cs/student/project_msc/2025/rai/xinanx01/direct_r1_visual_only_correction_v10_unified_network_recovery/runs/direct_r1_visual_only_correction_v10_unified_recovery_remaining_96/route_artifacts/R1VO10:db3f7933-dfa0-4678-9d4f-393b628ded45_7_14.json,394776512522be0e556737c2b69af85a03dc69bba7719f43ad5acf05e782669a
db3f7933-dfa0-4678-9d4f-393b628ded45_7_19,partially_supported,new_visual_only_review,final_answer,D,False,/cs/student/project_msc/2025/rai/xinanx01/direct_r1_visual_only_correction_v10_unified_network_recovery/runs/direct_r1_visual_only_correction_v10_unified_recovery_remaining_96/route_artifacts/R1VO10:db3f7933-dfa0-4678-9d4f-393b628ded45_7_19.json,ede815f3d557aafb6bfd7f9aee94b412d09e490e79680f8a651f6b35d2a3cd27
db3f7933-dfa0-4678-9d4f-393b628ded45_7_21,contradicted,new_visual_only_review,final_answer,C,False,/cs/student/project_msc/2025/rai/xinanx01/direct_r1_visual_only_correction_v9_network_recovery/runs/direct_r1_visual_only_correction_v9_recovery_remaining_148/route_artifacts/R1VO9:db3f7933-dfa0-4678-9d4f-393b628ded45_7_21.json,a362c44bdc189b0ce21a0421d090e5c5bf21431a79d3226b7081497ed57097a2
db3f7933-dfa0-4678-9d4f-393b628ded45_7_23,supported,new_visual_only_review,final_answer,B,False,/cs/student/project_msc/2025/rai/xinanx01/direct_r1_visual_only_correction_v10_unified_network_recovery/runs/direct_r1_visual_only_correction_v10_unified_recovery_remaining_96/route_artifacts/R1VO10:db3f7933-dfa0-4678-9d4f-393b628ded45_7_23.json,044a6f80a4a8642c1bb2149526c42baab27901447cbb7eb8a23f16c968a0bf94
db3f7933-dfa0-4678-9d4f-393b628ded45_7_28,unsupported,new_visual_only_review,final_answer,B,False,/cs/student/project_msc/2025/rai/xinanx01/direct_r1_visual_only_correction_v10_unified_network_recovery/runs/direct_r1_visual_only_correction_v10_unified_recovery_remaining_96/route_artifacts/R1VO10:db3f7933-dfa0-4678-9d4f-393b628ded45_7_28.json,d04945b88606fe09e3626de11897165caa584c4ff182d62946ef672bebf55298
db3f7933-dfa0-4678-9d4f-393b628ded45_7_6,supported,new_visual_only_review,final_answer,E,True,/cs/student/project_msc/2025/rai/xinanx01/direct_r1_visual_only_correction_v9_network_recovery/runs/direct_r1_visual_only_correction_v9_recovery_remaining_148/route_artifacts/R1VO9:db3f7933-dfa0-4678-9d4f-393b628ded45_7_6.json,d74d72bd2a9b05a90b33ef48bf2b56b67ad5c55ba45f638667a2f8506ad80ba1
db3f7933-dfa0-4678-9d4f-393b628ded45_7_8,unsupported,new_visual_only_review,final_answer,A,False,/cs/student/project_msc/2025/rai/xinanx01/direct_r1_visual_only_correction_v10_unified_network_recovery/runs/direct_r1_visual_only_correction_v10_unified_recovery_remaining_96/route_artifacts/R1VO10:db3f7933-dfa0-4678-9d4f-393b628ded45_7_8.json,84ce45a33c65aaf5e1814eab7cee04142e8dc7844703c81b4e44e5ffa58ac853
db3f7933-dfa0-4678-9d4f-393b628ded45_8_4,contradicted,new_visual_only_review,final_answer,E,True,/cs/student/project_msc/2025/rai/xinanx01/direct_r1_visual_only_correction_v9_network_recovery/runs/direct_r1_visual_only_correction_v9_recovery_remaining_148/route_artifacts/R1VO9:db3f7933-dfa0-4678-9d4f-393b628ded45_8_4.json,ebc77199d7ac441f7cf3109239e52f1d8a880da87f3f59280ff66beb63ba865b
