task_id,variant,question_id,image_count,serialized_request_bytes,estimated_input_tokens_low,estimated_input_tokens_base,estimated_input_tokens_high,reserved_output_tokens,estimated_high_total_with_output_reserve,assumed_context_window_tokens,estimated_high_margin_tokens,exact_token_count_verified,offline_capacity_screen
A:6fd90f8d-7a4d-425d-a812-3268db0b0342_8_31,A,6fd90f8d-7a4d-425d-a812-3268db0b0342_8_31,0,94571,34805.613,36904.633,39003.653,512,39515.653,200000,160484.347,False,estimated_pass
B:6fd90f8d-7a4d-425d-a812-3268db0b0342_8_31,B,6fd90f8d-7a4d-425d-a812-3268db0b0342_8_31,9,330294,5346.097,5906.383,6484.67,512,6996.67,200000,193003.33,False,estimated_pass
D:6fd90f8d-7a4d-425d-a812-3268db0b0342_8_31,D,6fd90f8d-7a4d-425d-a812-3268db0b0342_8_31,9,422879,39406.912,41759.873,44130.833,512,44642.833,200000,155357.16700000002,False,estimated_pass
A:6fd90f8d-7a4d-425d-a812-3268db0b0342_3_32,A,6fd90f8d-7a4d-425d-a812-3268db0b0342_3_32,0,94808,34867.914,36966.934,39065.954,512,39577.954,200000,160422.046,False,estimated_pass
B:6fd90f8d-7a4d-425d-a812-3268db0b0342_3_32,B,6fd90f8d-7a4d-425d-a812-3268db0b0342_3_32,14,813489,7966.72,8668.084,9397.449,512,9909.449,200000,190090.551,False,estimated_pass
D:6fd90f8d-7a4d-425d-a812-3268db0b0342_3_32,D,6fd90f8d-7a4d-425d-a812-3268db0b0342_3_32,14,906074,42027.534,44521.573,47043.613,512,47555.613,200000,152444.387,False,estimated_pass
A:6fd90f8d-7a4d-425d-a812-3268db0b0342_8_9,A,6fd90f8d-7a4d-425d-a812-3268db0b0342_8_9,0,94345,34746.204,36845.224,38944.243,512,39456.243,200000,160543.75699999998,False,estimated_pass
B:6fd90f8d-7a4d-425d-a812-3268db0b0342_8_9,B,6fd90f8d-7a4d-425d-a812-3268db0b0342_8_9,8,329580,4775.549,5307.62,5855.69,512,6367.69,200000,193632.31,False,estimated_pass
D:6fd90f8d-7a4d-425d-a812-3268db0b0342_8_9,D,6fd90f8d-7a4d-425d-a812-3268db0b0342_8_9,8,422165,38836.364,41161.109,43501.854,512,44013.854,200000,155986.146,False,estimated_pass
A:6fd90f8d-7a4d-425d-a812-3268db0b0342_15_2,A,6fd90f8d-7a4d-425d-a812-3268db0b0342_15_2,0,94403,34761.451,36860.47,38959.49,512,39471.49,200000,160528.51,False,estimated_pass
B:6fd90f8d-7a4d-425d-a812-3268db0b0342_15_2,B,6fd90f8d-7a4d-425d-a812-3268db0b0342_15_2,9,334869,5301.672,5861.958,6440.244,512,6952.244,200000,193047.756,False,estimated_pass
D:6fd90f8d-7a4d-425d-a812-3268db0b0342_15_2,D,6fd90f8d-7a4d-425d-a812-3268db0b0342_15_2,9,427454,39362.486,41715.447,44086.408,512,44598.408,200000,155401.592,False,estimated_pass
A:6fd90f8d-7a4d-425d-a812-3268db0b0342_17_25,A,6fd90f8d-7a4d-425d-a812-3268db0b0342_17_25,0,94156,34696.521,36795.541,38894.56,512,39406.56,200000,160593.44,False,estimated_pass
B:6fd90f8d-7a4d-425d-a812-3268db0b0342_17_25,B,6fd90f8d-7a4d-425d-a812-3268db0b0342_17_25,16,778142,8817.866,9575.662,10365.458,512,10877.458,200000,189122.542,False,estimated_pass
D:6fd90f8d-7a4d-425d-a812-3268db0b0342_17_25,D,6fd90f8d-7a4d-425d-a812-3268db0b0342_17_25,16,870727,42878.681,45429.151,48011.622,512,48523.622,200000,151476.378,False,estimated_pass
A:6fd90f8d-7a4d-425d-a812-3268db0b0342_16_3,A,6fd90f8d-7a4d-425d-a812-3268db0b0342_16_3,0,94421,34766.182,36865.202,38964.222,512,39476.222,200000,160523.778,False,estimated_pass
B:6fd90f8d-7a4d-425d-a812-3268db0b0342_16_3,B,6fd90f8d-7a4d-425d-a812-3268db0b0342_16_3,16,1060720,8886.739,9644.535,10434.331,512,10946.331,200000,189053.669,False,estimated_pass
D:6fd90f8d-7a4d-425d-a812-3268db0b0342_16_3,D,6fd90f8d-7a4d-425d-a812-3268db0b0342_16_3,16,1153305,42947.554,45498.024,48080.495,512,48592.495,200000,151407.505,False,estimated_pass
A:6fd90f8d-7a4d-425d-a812-3268db0b0342_17_36,A,6fd90f8d-7a4d-425d-a812-3268db0b0342_17_36,0,94254,34722.283,36821.302,38920.322,512,39432.322,200000,160567.678,False,estimated_pass
B:6fd90f8d-7a4d-425d-a812-3268db0b0342_17_36,B,6fd90f8d-7a4d-425d-a812-3268db0b0342_17_36,9,354468,5262.503,5822.79,6401.076,512,6913.076,200000,193086.924,False,estimated_pass
D:6fd90f8d-7a4d-425d-a812-3268db0b0342_17_36,D,6fd90f8d-7a4d-425d-a812-3268db0b0342_17_36,9,447053,39323.318,41676.279,44047.24,512,44559.24,200000,155440.76,False,estimated_pass
A:6fd90f8d-7a4d-425d-a812-3268db0b0342_18_16,A,6fd90f8d-7a4d-425d-a812-3268db0b0342_18_16,0,94207,34709.928,36808.947,38907.967,512,39419.967,200000,160580.033,False,estimated_pass
B:6fd90f8d-7a4d-425d-a812-3268db0b0342_18_16,B,6fd90f8d-7a4d-425d-a812-3268db0b0342_18_16,9,369123,5250.674,5810.96,6389.247,512,6901.247,200000,193098.753,False,estimated_pass
D:6fd90f8d-7a4d-425d-a812-3268db0b0342_18_16,D,6fd90f8d-7a4d-425d-a812-3268db0b0342_18_16,9,461708,39311.489,41664.45,44035.41,512,44547.41,200000,155452.59,False,estimated_pass
A:6fd90f8d-7a4d-425d-a812-3268db0b0342_7_27,A,6fd90f8d-7a4d-425d-a812-3268db0b0342_7_27,0,94436,34770.125,36869.145,38968.165,512,39480.165,200000,160519.835,False,estimated_pass
B:6fd90f8d-7a4d-425d-a812-3268db0b0342_7_27,B,6fd90f8d-7a4d-425d-a812-3268db0b0342_7_27,15,541017,8376.915,9106.495,9866.076,512,10378.076,200000,189621.924,False,estimated_pass
D:6fd90f8d-7a4d-425d-a812-3268db0b0342_7_27,D,6fd90f8d-7a4d-425d-a812-3268db0b0342_7_27,15,633602,42437.73,44959.984,47512.239,512,48024.239,200000,151975.761,False,estimated_pass
A:6fd90f8d-7a4d-425d-a812-3268db0b0342_13_2,A,6fd90f8d-7a4d-425d-a812-3268db0b0342_13_2,0,94552,34800.619,36899.638,38998.658,512,39510.658,200000,160489.342,False,estimated_pass
B:6fd90f8d-7a4d-425d-a812-3268db0b0342_13_2,B,6fd90f8d-7a4d-425d-a812-3268db0b0342_13_2,9,314970,5339.788,5900.074,6478.361,512,6990.361,200000,193009.639,False,estimated_pass
D:6fd90f8d-7a4d-425d-a812-3268db0b0342_13_2,D,6fd90f8d-7a4d-425d-a812-3268db0b0342_13_2,9,407555,39400.603,41753.564,44124.524,512,44636.524,200000,155363.476,False,estimated_pass
A:6fd90f8d-7a4d-425d-a812-3268db0b0342_14_5,A,6fd90f8d-7a4d-425d-a812-3268db0b0342_14_5,0,94825,34872.383,36971.403,39070.422,512,39582.422,200000,160417.578,False,estimated_pass
B:6fd90f8d-7a4d-425d-a812-3268db0b0342_14_5,B,6fd90f8d-7a4d-425d-a812-3268db0b0342_14_5,9,432356,5412.867,5973.153,6551.439,512,7063.439,200000,192936.561,False,estimated_pass
D:6fd90f8d-7a4d-425d-a812-3268db0b0342_14_5,D,6fd90f8d-7a4d-425d-a812-3268db0b0342_14_5,9,524941,39473.682,41826.642,44197.603,512,44709.603,200000,155290.397,False,estimated_pass
A:6fd90f8d-7a4d-425d-a812-3268db0b0342_8_10,A,6fd90f8d-7a4d-425d-a812-3268db0b0342_8_10,0,94566,34804.299,36903.319,39002.338,512,39514.338,200000,160485.662,False,estimated_pass
B:6fd90f8d-7a4d-425d-a812-3268db0b0342_8_10,B,6fd90f8d-7a4d-425d-a812-3268db0b0342_8_10,8,348698,4833.907,5365.978,5914.048,512,6426.048,200000,193573.952,False,estimated_pass
D:6fd90f8d-7a4d-425d-a812-3268db0b0342_8_10,D,6fd90f8d-7a4d-425d-a812-3268db0b0342_8_10,8,441283,38894.722,41219.467,43560.212,512,44072.212,200000,155927.788,False,estimated_pass
A:6fd90f8d-7a4d-425d-a812-3268db0b0342_17_5,A,6fd90f8d-7a4d-425d-a812-3268db0b0342_17_5,0,94581,34808.242,36907.262,39006.281,512,39518.281,200000,160481.71899999998,False,estimated_pass
B:6fd90f8d-7a4d-425d-a812-3268db0b0342_17_5,B,6fd90f8d-7a4d-425d-a812-3268db0b0342_17_5,9,434262,5348.2,5908.486,6486.773,512,6998.773,200000,193001.227,False,estimated_pass
D:6fd90f8d-7a4d-425d-a812-3268db0b0342_17_5,D,6fd90f8d-7a4d-425d-a812-3268db0b0342_17_5,9,526847,39409.015,41761.976,44132.936,512,44644.936,200000,155355.064,False,estimated_pass
A:6fd90f8d-7a4d-425d-a812-3268db0b0342_12_28,A,6fd90f8d-7a4d-425d-a812-3268db0b0342_12_28,0,94222,34713.871,36812.89,38911.91,512,39423.91,200000,160576.09,False,estimated_pass
B:6fd90f8d-7a4d-425d-a812-3268db0b0342_12_28,B,6fd90f8d-7a4d-425d-a812-3268db0b0342_12_28,15,844104,8324.077,9053.658,9813.238,512,10325.238,200000,189674.762,False,estimated_pass
D:6fd90f8d-7a4d-425d-a812-3268db0b0342_12_28,D,6fd90f8d-7a4d-425d-a812-3268db0b0342_12_28,15,936689,42384.892,44907.147,47459.402,512,47971.402,200000,152028.598,False,estimated_pass
A:6fd90f8d-7a4d-425d-a812-3268db0b0342_4_1,A,6fd90f8d-7a4d-425d-a812-3268db0b0342_4_1,0,94464,34777.486,36876.506,38975.525,512,39487.525,200000,160512.475,False,estimated_pass
B:6fd90f8d-7a4d-425d-a812-3268db0b0342_4_1,B,6fd90f8d-7a4d-425d-a812-3268db0b0342_4_1,9,356208,5318.233,5878.519,6456.805,512,6968.805,200000,193031.195,False,estimated_pass
D:6fd90f8d-7a4d-425d-a812-3268db0b0342_4_1,D,6fd90f8d-7a4d-425d-a812-3268db0b0342_4_1,9,448793,39379.047,41732.008,44102.969,512,44614.969,200000,155385.03100000002,False,estimated_pass
A:6fd90f8d-7a4d-425d-a812-3268db0b0342_6_8,A,6fd90f8d-7a4d-425d-a812-3268db0b0342_6_8,0,94345,34746.204,36845.224,38944.243,512,39456.243,200000,160543.75699999998,False,estimated_pass
B:6fd90f8d-7a4d-425d-a812-3268db0b0342_6_8,B,6fd90f8d-7a4d-425d-a812-3268db0b0342_6_8,6,206990,3750.643,4226.283,4713.922,512,5225.922,200000,194774.078,False,estimated_pass
D:6fd90f8d-7a4d-425d-a812-3268db0b0342_6_8,D,6fd90f8d-7a4d-425d-a812-3268db0b0342_6_8,6,299575,37811.458,40079.772,42360.086,512,42872.086,200000,157127.914,False,estimated_pass
A:6fd90f8d-7a4d-425d-a812-3268db0b0342_11_29,A,6fd90f8d-7a4d-425d-a812-3268db0b0342_11_29,0,94686,34835.844,36934.863,39033.883,512,39545.883,200000,160454.117,False,estimated_pass
B:6fd90f8d-7a4d-425d-a812-3268db0b0342_11_29,B,6fd90f8d-7a4d-425d-a812-3268db0b0342_11_29,7,255629,4352.999,4856.854,5374.709,512,5886.709,200000,194113.291,False,estimated_pass
D:6fd90f8d-7a4d-425d-a812-3268db0b0342_11_29,D,6fd90f8d-7a4d-425d-a812-3268db0b0342_11_29,7,348214,38413.814,40710.343,43020.872,512,43532.872,200000,156467.128,False,estimated_pass
A:6fd90f8d-7a4d-425d-a812-3268db0b0342_1_1,A,6fd90f8d-7a4d-425d-a812-3268db0b0342_1_1,0,94192,34705.984,36805.004,38904.024,512,39416.024,200000,160583.976,False,estimated_pass
B:6fd90f8d-7a4d-425d-a812-3268db0b0342_1_1,B,6fd90f8d-7a4d-425d-a812-3268db0b0342_1_1,15,608802,8316.191,9045.771,9805.352,512,10317.352,200000,189682.648,False,estimated_pass
D:6fd90f8d-7a4d-425d-a812-3268db0b0342_1_1,D,6fd90f8d-7a4d-425d-a812-3268db0b0342_1_1,15,701387,42377.006,44899.261,47451.515,512,47963.515,200000,152036.485,False,estimated_pass
A:6fd90f8d-7a4d-425d-a812-3268db0b0342_14_3,A,6fd90f8d-7a4d-425d-a812-3268db0b0342_14_3,0,94806,34867.389,36966.408,39065.428,512,39577.428,200000,160422.572,False,estimated_pass
B:6fd90f8d-7a4d-425d-a812-3268db0b0342_14_3,B,6fd90f8d-7a4d-425d-a812-3268db0b0342_14_3,16,643195,8985.316,9743.112,10532.908,512,11044.908,200000,188955.092,False,estimated_pass
D:6fd90f8d-7a4d-425d-a812-3268db0b0342_14_3,D,6fd90f8d-7a4d-425d-a812-3268db0b0342_14_3,16,735780,43046.131,45596.602,48179.072,512,48691.072,200000,151308.928,False,estimated_pass
A:6fd90f8d-7a4d-425d-a812-3268db0b0342_7_7,A,6fd90f8d-7a4d-425d-a812-3268db0b0342_7_7,0,94443,34771.966,36870.985,38970.005,512,39482.005,200000,160517.995,False,estimated_pass
B:6fd90f8d-7a4d-425d-a812-3268db0b0342_7_7,B,6fd90f8d-7a4d-425d-a812-3268db0b0342_7_7,9,354556,5311.924,5872.21,6450.496,512,6962.496,200000,193037.504,False,estimated_pass
D:6fd90f8d-7a4d-425d-a812-3268db0b0342_7_7,D,6fd90f8d-7a4d-425d-a812-3268db0b0342_7_7,9,447141,39372.738,41725.699,44096.66,512,44608.66,200000,155391.34,False,estimated_pass
A:6fd90f8d-7a4d-425d-a812-3268db0b0342_16_5,A,6fd90f8d-7a4d-425d-a812-3268db0b0342_16_5,0,94413,34764.079,36863.099,38962.119,512,39474.119,200000,160525.881,False,estimated_pass
B:6fd90f8d-7a4d-425d-a812-3268db0b0342_16_5,B,6fd90f8d-7a4d-425d-a812-3268db0b0342_16_5,9,364866,5305.089,5865.375,6443.661,512,6955.661,200000,193044.339,False,estimated_pass
D:6fd90f8d-7a4d-425d-a812-3268db0b0342_16_5,D,6fd90f8d-7a4d-425d-a812-3268db0b0342_16_5,9,457451,39365.904,41718.864,44089.825,512,44601.825,200000,155398.175,False,estimated_pass
A:6fd90f8d-7a4d-425d-a812-3268db0b0342_16_4,A,6fd90f8d-7a4d-425d-a812-3268db0b0342_16_4,0,94405,34761.976,36860.996,38960.016,512,39472.016,200000,160527.984,False,estimated_pass
B:6fd90f8d-7a4d-425d-a812-3268db0b0342_16_4,B,6fd90f8d-7a4d-425d-a812-3268db0b0342_16_4,15,656982,8370.869,9100.449,9860.029,512,10372.029,200000,189627.971,False,estimated_pass
D:6fd90f8d-7a4d-425d-a812-3268db0b0342_16_4,D,6fd90f8d-7a4d-425d-a812-3268db0b0342_16_4,15,749567,42431.683,44953.938,47506.193,512,48018.193,200000,151981.807,False,estimated_pass
A:6fd90f8d-7a4d-425d-a812-3268db0b0342_18_17,A,6fd90f8d-7a4d-425d-a812-3268db0b0342_18_17,0,94153,34695.732,36794.752,38893.772,512,39405.772,200000,160594.228,False,estimated_pass
B:6fd90f8d-7a4d-425d-a812-3268db0b0342_18_17,B,6fd90f8d-7a4d-425d-a812-3268db0b0342_18_17,6,362813,3703.063,4178.703,4666.342,512,5178.342,200000,194821.658,False,estimated_pass
D:6fd90f8d-7a4d-425d-a812-3268db0b0342_18_17,D,6fd90f8d-7a4d-425d-a812-3268db0b0342_18_17,6,455398,37763.878,40032.192,42312.505,512,42824.505,200000,157175.495,False,estimated_pass
A:6fd90f8d-7a4d-425d-a812-3268db0b0342_21_11,A,6fd90f8d-7a4d-425d-a812-3268db0b0342_21_11,0,95047,34930.741,37029.761,39128.78,512,39640.78,200000,160359.22,False,estimated_pass
B:6fd90f8d-7a4d-425d-a812-3268db0b0342_21_11,B,6fd90f8d-7a4d-425d-a812-3268db0b0342_21_11,8,335087,4959.298,5491.368,6039.439,512,6551.439,200000,193448.561,False,estimated_pass
D:6fd90f8d-7a4d-425d-a812-3268db0b0342_21_11,D,6fd90f8d-7a4d-425d-a812-3268db0b0342_21_11,8,427672,39020.112,41344.857,43685.602,512,44197.602,200000,155802.398,False,estimated_pass
A:6fd90f8d-7a4d-425d-a812-3268db0b0342_14_4,A,6fd90f8d-7a4d-425d-a812-3268db0b0342_14_4,0,94852,34879.481,36978.5,39077.52,512,39589.52,200000,160410.48,False,estimated_pass
B:6fd90f8d-7a4d-425d-a812-3268db0b0342_14_4,B,6fd90f8d-7a4d-425d-a812-3268db0b0342_14_4,15,567102,8486.533,9216.113,9975.694,512,10487.694,200000,189512.306,False,estimated_pass
D:6fd90f8d-7a4d-425d-a812-3268db0b0342_14_4,D,6fd90f8d-7a4d-425d-a812-3268db0b0342_14_4,15,659687,42547.348,45069.602,47621.857,512,48133.857,200000,151866.14299999998,False,estimated_pass
A:4572b198-2c1c-4920-bcf0-95fcebe12261_13_1,A,4572b198-2c1c-4920-bcf0-95fcebe12261_13_1,0,73271,26976.146,28664.665,30353.185,512,30865.185,200000,169134.815,False,estimated_pass
B:4572b198-2c1c-4920-bcf0-95fcebe12261_13_1,B,4572b198-2c1c-4920-bcf0-95fcebe12261_13_1,15,623190,8384.538,9114.119,9873.699,512,10385.699,200000,189614.301,False,estimated_pass
D:4572b198-2c1c-4920-bcf0-95fcebe12261_13_1,D,4572b198-2c1c-4920-bcf0-95fcebe12261_13_1,15,694589,34645.853,36757.608,38899.362,512,39411.362,200000,160588.638,False,estimated_pass
A:4572b198-2c1c-4920-bcf0-95fcebe12261_4_23,A,4572b198-2c1c-4920-bcf0-95fcebe12261_4_23,0,73576,27056.322,28744.842,30433.361,512,30945.361,200000,169054.639,False,estimated_pass
B:4572b198-2c1c-4920-bcf0-95fcebe12261_4_23,B,4572b198-2c1c-4920-bcf0-95fcebe12261_4_23,16,623306,8974.539,9732.335,10522.131,512,11034.131,200000,188965.869,False,estimated_pass
D:4572b198-2c1c-4920-bcf0-95fcebe12261_4_23,D,4572b198-2c1c-4920-bcf0-95fcebe12261_4_23,16,694705,35235.853,37375.824,39547.794,512,40059.794,200000,159940.206,False,estimated_pass
A:4572b198-2c1c-4920-bcf0-95fcebe12261_4_3,A,4572b198-2c1c-4920-bcf0-95fcebe12261_4_3,0,73531,27044.493,28733.012,30421.532,512,30933.532,200000,169066.468,False,estimated_pass
B:4572b198-2c1c-4920-bcf0-95fcebe12261_4_3,B,4572b198-2c1c-4920-bcf0-95fcebe12261_4_3,16,508442,8961.921,9719.717,10509.513,512,11021.513,200000,188978.487,False,estimated_pass
D:4572b198-2c1c-4920-bcf0-95fcebe12261_4_3,D,4572b198-2c1c-4920-bcf0-95fcebe12261_4_3,16,579841,35223.235,37363.206,39535.176,512,40047.176,200000,159952.824,False,estimated_pass
A:4572b198-2c1c-4920-bcf0-95fcebe12261_17_26,A,4572b198-2c1c-4920-bcf0-95fcebe12261_17_26,0,73028,26912.268,28600.787,30289.307,512,30801.307,200000,169198.693,False,estimated_pass
B:4572b198-2c1c-4920-bcf0-95fcebe12261_17_26,B,4572b198-2c1c-4920-bcf0-95fcebe12261_17_26,6,161431,3719.361,4195.001,4682.64,512,5194.64,200000,194805.36,False,estimated_pass
D:4572b198-2c1c-4920-bcf0-95fcebe12261_17_26,D,4572b198-2c1c-4920-bcf0-95fcebe12261_17_26,6,232830,29980.676,31838.49,33708.304,512,34220.304,200000,165779.696,False,estimated_pass
A:4572b198-2c1c-4920-bcf0-95fcebe12261_3_21,A,4572b198-2c1c-4920-bcf0-95fcebe12261_3_21,0,73851,27128.612,28817.132,30505.651,512,31017.651,200000,168982.349,False,estimated_pass
B:4572b198-2c1c-4920-bcf0-95fcebe12261_3_21,B,4572b198-2c1c-4920-bcf0-95fcebe12261_3_21,2,62730,1890.1,2252.877,2619.653,512,3131.653,200000,196868.347,False,estimated_pass
D:4572b198-2c1c-4920-bcf0-95fcebe12261_3_21,D,4572b198-2c1c-4920-bcf0-95fcebe12261_3_21,2,134129,28151.415,29896.366,31645.317,512,32157.317,200000,167842.683,False,estimated_pass
A:4572b198-2c1c-4920-bcf0-95fcebe12261_2_1,A,4572b198-2c1c-4920-bcf0-95fcebe12261_2_1,0,73363,27000.33,28688.85,30377.369,512,30889.369,200000,169110.631,False,estimated_pass
B:4572b198-2c1c-4920-bcf0-95fcebe12261_2_1,B,4572b198-2c1c-4920-bcf0-95fcebe12261_2_1,6,210076,3805.847,4281.486,4769.125,512,5281.125,200000,194718.875,False,estimated_pass
D:4572b198-2c1c-4920-bcf0-95fcebe12261_2_1,D,4572b198-2c1c-4920-bcf0-95fcebe12261_2_1,6,281475,30067.161,31924.975,33794.789,512,34306.789,200000,165693.211,False,estimated_pass
A:4572b198-2c1c-4920-bcf0-95fcebe12261_17_39,A,4572b198-2c1c-4920-bcf0-95fcebe12261_17_39,0,72961,26894.655,28583.175,30271.694,512,30783.694,200000,169216.306,False,estimated_pass
B:4572b198-2c1c-4920-bcf0-95fcebe12261_17_39,B,4572b198-2c1c-4920-bcf0-95fcebe12261_17_39,5,562231,3190.348,3637.771,4095.195,512,4607.195,200000,195392.805,False,estimated_pass
D:4572b198-2c1c-4920-bcf0-95fcebe12261_17_39,D,4572b198-2c1c-4920-bcf0-95fcebe12261_17_39,5,633630,29451.662,31281.26,33120.858,512,33632.858,200000,166367.142,False,estimated_pass
A:4572b198-2c1c-4920-bcf0-95fcebe12261_17_15,A,4572b198-2c1c-4920-bcf0-95fcebe12261_17_15,0,72956,26893.341,28581.86,30270.38,512,30782.38,200000,169217.62,False,estimated_pass
B:4572b198-2c1c-4920-bcf0-95fcebe12261_17_15,B,4572b198-2c1c-4920-bcf0-95fcebe12261_17_15,0,1557,632.026,938.371,1244.716,512,1756.716,200000,198243.284,False,estimated_pass
D:4572b198-2c1c-4920-bcf0-95fcebe12261_17_15,D,4572b198-2c1c-4920-bcf0-95fcebe12261_17_15,0,72956,26893.341,28581.86,30270.38,512,30782.38,200000,169217.62,False,estimated_pass
A:4572b198-2c1c-4920-bcf0-95fcebe12261_6_24,A,4572b198-2c1c-4920-bcf0-95fcebe12261_6_24,0,73110,26933.823,28622.343,30310.862,512,30822.862,200000,169177.138,False,estimated_pass
B:4572b198-2c1c-4920-bcf0-95fcebe12261_6_24,B,4572b198-2c1c-4920-bcf0-95fcebe12261_6_24,9,313662,5271.441,5831.727,6410.014,512,6922.014,200000,193077.986,False,estimated_pass
D:4572b198-2c1c-4920-bcf0-95fcebe12261_6_24,D,4572b198-2c1c-4920-bcf0-95fcebe12261_6_24,9,385061,31532.756,33475.217,35435.677,512,35947.677,200000,164052.323,False,estimated_pass
A:4572b198-2c1c-4920-bcf0-95fcebe12261_17_10,A,4572b198-2c1c-4920-bcf0-95fcebe12261_17_10,0,73087,26927.777,28616.297,30304.816,512,30816.816,200000,169183.184,False,estimated_pass
B:4572b198-2c1c-4920-bcf0-95fcebe12261_17_10,B,4572b198-2c1c-4920-bcf0-95fcebe12261_17_10,9,342207,5268.55,5828.836,6407.122,512,6919.122,200000,193080.878,False,estimated_pass
D:4572b198-2c1c-4920-bcf0-95fcebe12261_17_10,D,4572b198-2c1c-4920-bcf0-95fcebe12261_17_10,9,413606,31529.864,33472.325,35432.786,512,35944.786,200000,164055.214,False,estimated_pass
A:4572b198-2c1c-4920-bcf0-95fcebe12261_4_40,A,4572b198-2c1c-4920-bcf0-95fcebe12261_4_40,0,73577,27056.585,28745.105,30433.624,512,30945.624,200000,169054.376,False,estimated_pass
B:4572b198-2c1c-4920-bcf0-95fcebe12261_4_40,B,4572b198-2c1c-4920-bcf0-95fcebe12261_4_40,9,304862,5395.517,5955.804,6534.09,512,7046.09,200000,192953.91,False,estimated_pass
D:4572b198-2c1c-4920-bcf0-95fcebe12261_4_40,D,4572b198-2c1c-4920-bcf0-95fcebe12261_4_40,9,376261,31656.832,33599.293,35559.753,512,36071.753,200000,163928.247,False,estimated_pass
A:4572b198-2c1c-4920-bcf0-95fcebe12261_17_14,A,4572b198-2c1c-4920-bcf0-95fcebe12261_17_14,0,72993,26903.067,28591.587,30280.106,512,30792.106,200000,169207.894,False,estimated_pass
B:4572b198-2c1c-4920-bcf0-95fcebe12261_17_14,B,4572b198-2c1c-4920-bcf0-95fcebe12261_17_14,6,192148,3710.161,4185.8,4673.439,512,5185.439,200000,194814.561,False,estimated_pass
D:4572b198-2c1c-4920-bcf0-95fcebe12261_17_14,D,4572b198-2c1c-4920-bcf0-95fcebe12261_17_14,6,263547,29971.476,31829.289,33699.103,512,34211.103,200000,165788.897,False,estimated_pass
A:4572b198-2c1c-4920-bcf0-95fcebe12261_8_13,A,4572b198-2c1c-4920-bcf0-95fcebe12261_8_13,0,73243,26968.785,28657.305,30345.825,512,30857.825,200000,169142.175,False,estimated_pass
B:4572b198-2c1c-4920-bcf0-95fcebe12261_8_13,B,4572b198-2c1c-4920-bcf0-95fcebe12261_8_13,0,1844,707.471,1013.816,1320.161,512,1832.161,200000,198167.839,False,estimated_pass
D:4572b198-2c1c-4920-bcf0-95fcebe12261_8_13,D,4572b198-2c1c-4920-bcf0-95fcebe12261_8_13,0,73243,26968.785,28657.305,30345.825,512,30857.825,200000,169142.175,False,estimated_pass
A:4572b198-2c1c-4920-bcf0-95fcebe12261_17_29,A,4572b198-2c1c-4920-bcf0-95fcebe12261_17_29,0,74635,27334.705,29023.224,30711.744,512,31223.744,200000,168776.256,False,estimated_pass
B:4572b198-2c1c-4920-bcf0-95fcebe12261_17_29,B,4572b198-2c1c-4920-bcf0-95fcebe12261_17_29,14,811930,8231.959,8933.323,9662.688,512,10174.688,200000,189825.312,False,estimated_pass
D:4572b198-2c1c-4920-bcf0-95fcebe12261_17_29,D,4572b198-2c1c-4920-bcf0-95fcebe12261_17_29,14,883329,34493.273,36576.812,38688.351,512,39200.351,200000,160799.649,False,estimated_pass
A:4572b198-2c1c-4920-bcf0-95fcebe12261_7_5,A,4572b198-2c1c-4920-bcf0-95fcebe12261_7_5,0,73188,26954.327,28642.847,30331.367,512,30843.367,200000,169156.633,False,estimated_pass
B:4572b198-2c1c-4920-bcf0-95fcebe12261_7_5,B,4572b198-2c1c-4920-bcf0-95fcebe12261_7_5,9,387473,5294.311,5854.597,6432.884,512,6944.884,200000,193055.116,False,estimated_pass
D:4572b198-2c1c-4920-bcf0-95fcebe12261_7_5,D,4572b198-2c1c-4920-bcf0-95fcebe12261_7_5,9,458872,31555.626,33498.087,35458.547,512,35970.547,200000,164029.453,False,estimated_pass
A:4572b198-2c1c-4920-bcf0-95fcebe12261_15_1,A,4572b198-2c1c-4920-bcf0-95fcebe12261_15_1,0,73218,26962.214,28650.733,30339.253,512,30851.253,200000,169148.747,False,estimated_pass
B:4572b198-2c1c-4920-bcf0-95fcebe12261_15_1,B,4572b198-2c1c-4920-bcf0-95fcebe12261_15_1,16,575064,8882.533,9640.329,10430.125,512,10942.125,200000,189057.875,False,estimated_pass
D:4572b198-2c1c-4920-bcf0-95fcebe12261_15_1,D,4572b198-2c1c-4920-bcf0-95fcebe12261_15_1,16,646463,35143.848,37283.818,39455.789,512,39967.789,200000,160032.211,False,estimated_pass
A:4572b198-2c1c-4920-bcf0-95fcebe12261_6_7,A,4572b198-2c1c-4920-bcf0-95fcebe12261_6_7,0,73161,26947.23,28635.749,30324.269,512,30836.269,200000,169163.731,False,estimated_pass
B:4572b198-2c1c-4920-bcf0-95fcebe12261_6_7,B,4572b198-2c1c-4920-bcf0-95fcebe12261_6_7,15,459607,8355.359,9084.94,9844.52,512,10356.52,200000,189643.48,False,estimated_pass
D:4572b198-2c1c-4920-bcf0-95fcebe12261_6_7,D,4572b198-2c1c-4920-bcf0-95fcebe12261_6_7,15,531006,34616.674,36728.429,38870.184,512,39382.184,200000,160617.816,False,estimated_pass
A:4572b198-2c1c-4920-bcf0-95fcebe12261_17_25,A,4572b198-2c1c-4920-bcf0-95fcebe12261_17_25,0,72962,26894.918,28583.438,30271.957,512,30783.957,200000,169216.043,False,estimated_pass
B:4572b198-2c1c-4920-bcf0-95fcebe12261_17_25,B,4572b198-2c1c-4920-bcf0-95fcebe12261_17_25,6,225213,3702.012,4177.651,4665.29,512,5177.29,200000,194822.71,False,estimated_pass
D:4572b198-2c1c-4920-bcf0-95fcebe12261_17_25,D,4572b198-2c1c-4920-bcf0-95fcebe12261_17_25,6,296612,29963.327,31821.14,33690.954,512,34202.954,200000,165797.046,False,estimated_pass
A:4572b198-2c1c-4920-bcf0-95fcebe12261_5_11,A,4572b198-2c1c-4920-bcf0-95fcebe12261_5_11,0,73622,27068.414,28756.934,30445.454,512,30957.454,200000,169042.546,False,estimated_pass
B:4572b198-2c1c-4920-bcf0-95fcebe12261_5_11,B,4572b198-2c1c-4920-bcf0-95fcebe12261_5_11,8,275303,4897.259,5429.33,5977.401,512,6489.401,200000,193510.599,False,estimated_pass
D:4572b198-2c1c-4920-bcf0-95fcebe12261_5_11,D,4572b198-2c1c-4920-bcf0-95fcebe12261_5_11,8,346702,31158.574,33072.819,35003.064,512,35515.064,200000,164484.936,False,estimated_pass
A:4572b198-2c1c-4920-bcf0-95fcebe12261_7_32,A,4572b198-2c1c-4920-bcf0-95fcebe12261_7_32,0,73161,26947.23,28635.749,30324.269,512,30836.269,200000,169163.731,False,estimated_pass
B:4572b198-2c1c-4920-bcf0-95fcebe12261_7_32,B,4572b198-2c1c-4920-bcf0-95fcebe12261_7_32,8,260838,4776.075,5308.146,5856.216,512,6368.216,200000,193631.78399999999,False,estimated_pass
D:4572b198-2c1c-4920-bcf0-95fcebe12261_7_32,D,4572b198-2c1c-4920-bcf0-95fcebe12261_7_32,8,332237,31037.39,32951.635,34881.88,512,35393.88,200000,164606.12,False,estimated_pass
A:4572b198-2c1c-4920-bcf0-95fcebe12261_6_22,A,4572b198-2c1c-4920-bcf0-95fcebe12261_6_22,0,73269,26975.62,28664.14,30352.659,512,30864.659,200000,169135.34100000001,False,estimated_pass
B:4572b198-2c1c-4920-bcf0-95fcebe12261_6_22,B,4572b198-2c1c-4920-bcf0-95fcebe12261_6_22,15,510847,8382.698,9112.278,9871.859,512,10383.859,200000,189616.141,False,estimated_pass
D:4572b198-2c1c-4920-bcf0-95fcebe12261_6_22,D,4572b198-2c1c-4920-bcf0-95fcebe12261_6_22,15,582246,34644.013,36755.768,38897.522,512,39409.522,200000,160590.478,False,estimated_pass
A:4572b198-2c1c-4920-bcf0-95fcebe12261_17_17,A,4572b198-2c1c-4920-bcf0-95fcebe12261_17_17,0,72943,26889.923,28578.443,30266.963,512,30778.963,200000,169221.037,False,estimated_pass
B:4572b198-2c1c-4920-bcf0-95fcebe12261_17_17,B,4572b198-2c1c-4920-bcf0-95fcebe12261_17_17,1,107937,1140.01,1474.571,1811.132,512,2323.132,200000,197676.868,False,estimated_pass
D:4572b198-2c1c-4920-bcf0-95fcebe12261_17_17,D,4572b198-2c1c-4920-bcf0-95fcebe12261_17_17,1,179336,27401.325,29118.06,30836.795,512,31348.795,200000,168651.20500000002,False,estimated_pass
A:4572b198-2c1c-4920-bcf0-95fcebe12261_4_28,A,4572b198-2c1c-4920-bcf0-95fcebe12261_4_28,0,73201,26957.745,28646.264,30334.784,512,30846.784,200000,169153.21600000001,False,estimated_pass
B:4572b198-2c1c-4920-bcf0-95fcebe12261_4_28,B,4572b198-2c1c-4920-bcf0-95fcebe12261_4_28,7,234218,4275.451,4779.306,5297.161,512,5809.161,200000,194190.839,False,estimated_pass
D:4572b198-2c1c-4920-bcf0-95fcebe12261_4_28,D,4572b198-2c1c-4920-bcf0-95fcebe12261_4_28,7,305617,30536.766,32422.795,34322.825,512,34834.825,200000,165165.175,False,estimated_pass
A:4572b198-2c1c-4920-bcf0-95fcebe12261_8_34,A,4572b198-2c1c-4920-bcf0-95fcebe12261_8_34,0,73239,26967.734,28656.253,30344.773,512,30856.773,200000,169143.227,False,estimated_pass
B:4572b198-2c1c-4920-bcf0-95fcebe12261_8_34,B,4572b198-2c1c-4920-bcf0-95fcebe12261_8_34,3,241211,2240.623,2631.616,3028.608,512,3540.608,200000,196459.392,False,estimated_pass
D:4572b198-2c1c-4920-bcf0-95fcebe12261_8_34,D,4572b198-2c1c-4920-bcf0-95fcebe12261_8_34,3,312610,28501.938,30275.105,32054.271,512,32566.271,200000,167433.729,False,estimated_pass
A:4572b198-2c1c-4920-bcf0-95fcebe12261_4_20,A,4572b198-2c1c-4920-bcf0-95fcebe12261_4_20,0,73569,27054.482,28743.002,30431.521,512,30943.521,200000,169056.479,False,estimated_pass
B:4572b198-2c1c-4920-bcf0-95fcebe12261_4_20,B,4572b198-2c1c-4920-bcf0-95fcebe12261_4_20,15,489325,8459.983,9189.563,9949.143,512,10461.143,200000,189538.857,False,estimated_pass
D:4572b198-2c1c-4920-bcf0-95fcebe12261_4_20,D,4572b198-2c1c-4920-bcf0-95fcebe12261_4_20,15,560724,34721.297,36833.052,38974.807,512,39486.807,200000,160513.193,False,estimated_pass
A:71fbc5bf-7e2a-415d-86bc-3a948742e904_5_15,A,71fbc5bf-7e2a-415d-86bc-3a948742e904_5_15,0,96026,35516.515,37650.584,39784.654,512,40296.654,200000,159703.346,False,estimated_pass
B:71fbc5bf-7e2a-415d-86bc-3a948742e904_5_15,B,71fbc5bf-7e2a-415d-86bc-3a948742e904_5_15,9,446462,5392.363,5952.649,6530.935,512,7042.935,200000,192957.065,False,estimated_pass
D:71fbc5bf-7e2a-415d-86bc-3a948742e904_5_15,D,71fbc5bf-7e2a-415d-86bc-3a948742e904_5_15,9,540331,40119.128,42507.138,44913.149,512,45425.149,200000,154574.851,False,estimated_pass
A:71fbc5bf-7e2a-415d-86bc-3a948742e904_7_3,A,71fbc5bf-7e2a-415d-86bc-3a948742e904_7_3,0,95690,35428.189,37562.259,39696.329,512,40208.329,200000,159791.671,False,estimated_pass
B:71fbc5bf-7e2a-415d-86bc-3a948742e904_7_3,B,71fbc5bf-7e2a-415d-86bc-3a948742e904_7_3,9,465652,5302.46,5862.746,6441.033,512,6953.033,200000,193046.967,False,estimated_pass
D:71fbc5bf-7e2a-415d-86bc-3a948742e904_7_3,D,71fbc5bf-7e2a-415d-86bc-3a948742e904_7_3,9,559521,40029.225,42417.236,44823.246,512,45335.246,200000,154664.75400000002,False,estimated_pass
A:71fbc5bf-7e2a-415d-86bc-3a948742e904_4_26,A,71fbc5bf-7e2a-415d-86bc-3a948742e904_4_26,0,95924,35489.702,37623.771,39757.841,512,40269.841,200000,159730.15899999999,False,estimated_pass
B:71fbc5bf-7e2a-415d-86bc-3a948742e904_4_26,B,71fbc5bf-7e2a-415d-86bc-3a948742e904_4_26,9,461615,5364.235,5924.522,6502.808,512,7014.808,200000,192985.192,False,estimated_pass
D:71fbc5bf-7e2a-415d-86bc-3a948742e904_4_26,D,71fbc5bf-7e2a-415d-86bc-3a948742e904_4_26,9,555484,40091.0,42479.011,44885.022,512,45397.022,200000,154602.978,False,estimated_pass
A:71fbc5bf-7e2a-415d-86bc-3a948742e904_7_17,A,71fbc5bf-7e2a-415d-86bc-3a948742e904_7_17,0,95674,35423.983,37558.053,39692.123,512,40204.123,200000,159795.877,False,estimated_pass
B:71fbc5bf-7e2a-415d-86bc-3a948742e904_7_17,B,71fbc5bf-7e2a-415d-86bc-3a948742e904_7_17,9,482377,5298.517,5858.803,6437.09,512,6949.09,200000,193050.91,False,estimated_pass
D:71fbc5bf-7e2a-415d-86bc-3a948742e904_7_17,D,71fbc5bf-7e2a-415d-86bc-3a948742e904_7_17,9,576246,40025.282,42413.293,44819.303,512,45331.303,200000,154668.697,False,estimated_pass
A:71fbc5bf-7e2a-415d-86bc-3a948742e904_17_25,A,71fbc5bf-7e2a-415d-86bc-3a948742e904_17_25,0,95455,35366.414,37500.484,39634.553,512,40146.553,200000,159853.447,False,estimated_pass
B:71fbc5bf-7e2a-415d-86bc-3a948742e904_17_25,B,71fbc5bf-7e2a-415d-86bc-3a948742e904_17_25,9,389254,5241.999,5802.286,6380.572,512,6892.572,200000,193107.428,False,estimated_pass
D:71fbc5bf-7e2a-415d-86bc-3a948742e904_17_25,D,71fbc5bf-7e2a-415d-86bc-3a948742e904_17_25,9,483123,39968.764,42356.775,44762.786,512,45274.786,200000,154725.214,False,estimated_pass
A:71fbc5bf-7e2a-415d-86bc-3a948742e904_7_9,A,71fbc5bf-7e2a-415d-86bc-3a948742e904_7_9,0,95690,35428.189,37562.259,39696.329,512,40208.329,200000,159791.671,False,estimated_pass
B:71fbc5bf-7e2a-415d-86bc-3a948742e904_7_9,B,71fbc5bf-7e2a-415d-86bc-3a948742e904_7_9,15,687926,8369.817,9099.398,9858.978,512,10370.978,200000,189629.022,False,estimated_pass
D:71fbc5bf-7e2a-415d-86bc-3a948742e904_7_9,D,71fbc5bf-7e2a-415d-86bc-3a948742e904_7_9,15,781795,43096.582,45653.887,48241.192,512,48753.192,200000,151246.808,False,estimated_pass
A:71fbc5bf-7e2a-415d-86bc-3a948742e904_17_10,A,71fbc5bf-7e2a-415d-86bc-3a948742e904_17_10,0,95437,35361.682,37495.752,39629.822,512,40141.822,200000,159858.178,False,estimated_pass
B:71fbc5bf-7e2a-415d-86bc-3a948742e904_17_10,B,71fbc5bf-7e2a-415d-86bc-3a948742e904_17_10,3,135523,2169.122,2560.114,2957.106,512,3469.106,200000,196530.894,False,estimated_pass
D:71fbc5bf-7e2a-415d-86bc-3a948742e904_17_10,D,71fbc5bf-7e2a-415d-86bc-3a948742e904_17_10,3,229392,36895.887,39114.603,41339.32,512,41851.32,200000,158148.68,False,estimated_pass
A:71fbc5bf-7e2a-415d-86bc-3a948742e904_22_5,A,71fbc5bf-7e2a-415d-86bc-3a948742e904_22_5,0,96100,35535.967,37670.037,39804.107,512,40316.107,200000,159683.89299999998,False,estimated_pass
B:71fbc5bf-7e2a-415d-86bc-3a948742e904_22_5,B,71fbc5bf-7e2a-415d-86bc-3a948742e904_22_5,8,349649,4899.888,5431.959,5980.029,512,6492.029,200000,193507.971,False,estimated_pass
D:71fbc5bf-7e2a-415d-86bc-3a948742e904_22_5,D,71fbc5bf-7e2a-415d-86bc-3a948742e904_22_5,8,443518,39626.653,41986.448,44362.243,512,44874.243,200000,155125.75699999998,False,estimated_pass
A:71fbc5bf-7e2a-415d-86bc-3a948742e904_12_18,A,71fbc5bf-7e2a-415d-86bc-3a948742e904_12_18,0,95531,35386.392,37520.462,39654.532,512,40166.532,200000,159833.468,False,estimated_pass
B:71fbc5bf-7e2a-415d-86bc-3a948742e904_12_18,B,71fbc5bf-7e2a-415d-86bc-3a948742e904_12_18,7,338745,4239.438,4743.293,5261.148,512,5773.148,200000,194226.852,False,estimated_pass
D:71fbc5bf-7e2a-415d-86bc-3a948742e904_12_18,D,71fbc5bf-7e2a-415d-86bc-3a948742e904_12_18,7,432614,38966.202,41297.782,43643.361,512,44155.361,200000,155844.639,False,estimated_pass
A:71fbc5bf-7e2a-415d-86bc-3a948742e904_22_23,A,71fbc5bf-7e2a-415d-86bc-3a948742e904_22_23,0,96337,35598.268,37732.338,39866.407,512,40378.407,200000,159621.593,False,estimated_pass
B:71fbc5bf-7e2a-415d-86bc-3a948742e904_22_23,B,71fbc5bf-7e2a-415d-86bc-3a948742e904_22_23,9,394118,5472.276,6032.562,6610.849,512,7122.849,200000,192877.151,False,estimated_pass
D:71fbc5bf-7e2a-415d-86bc-3a948742e904_22_23,D,71fbc5bf-7e2a-415d-86bc-3a948742e904_22_23,9,487987,40199.041,42587.052,44993.062,512,45505.062,200000,154494.938,False,estimated_pass
A:71fbc5bf-7e2a-415d-86bc-3a948742e904_4_12,A,71fbc5bf-7e2a-415d-86bc-3a948742e904_4_12,0,95675,35424.246,37558.316,39692.385,512,40204.385,200000,159795.615,False,estimated_pass
B:71fbc5bf-7e2a-415d-86bc-3a948742e904_4_12,B,71fbc5bf-7e2a-415d-86bc-3a948742e904_4_12,9,437722,5298.78,5859.066,6437.353,512,6949.353,200000,193050.647,False,estimated_pass
D:71fbc5bf-7e2a-415d-86bc-3a948742e904_4_12,D,71fbc5bf-7e2a-415d-86bc-3a948742e904_4_12,9,531591,40025.545,42413.555,44819.566,512,45331.566,200000,154668.434,False,estimated_pass
A:71fbc5bf-7e2a-415d-86bc-3a948742e904_8_1,A,71fbc5bf-7e2a-415d-86bc-3a948742e904_8_1,0,95740,35441.333,37575.403,39709.472,512,40221.472,200000,159778.528,False,estimated_pass
B:71fbc5bf-7e2a-415d-86bc-3a948742e904_8_1,B,71fbc5bf-7e2a-415d-86bc-3a948742e904_8_1,6,261947,3782.451,4258.09,4745.73,512,5257.73,200000,194742.27,False,estimated_pass
D:71fbc5bf-7e2a-415d-86bc-3a948742e904_8_1,D,71fbc5bf-7e2a-415d-86bc-3a948742e904_8_1,6,355816,38509.216,40812.579,43127.943,512,43639.943,200000,156360.057,False,estimated_pass
A:71fbc5bf-7e2a-415d-86bc-3a948742e904_7_24,A,71fbc5bf-7e2a-415d-86bc-3a948742e904_7_24,0,95693,35428.978,37563.048,39697.117,512,40209.117,200000,159790.883,False,estimated_pass
B:71fbc5bf-7e2a-415d-86bc-3a948742e904_7_24,B,71fbc5bf-7e2a-415d-86bc-3a948742e904_7_24,16,746192,8881.482,9639.278,10429.074,512,10941.074,200000,189058.926,False,estimated_pass
D:71fbc5bf-7e2a-415d-86bc-3a948742e904_7_24,D,71fbc5bf-7e2a-415d-86bc-3a948742e904_7_24,16,840061,43608.246,46193.767,48811.287,512,49323.287,200000,150676.713,False,estimated_pass
A:71fbc5bf-7e2a-415d-86bc-3a948742e904_4_6,A,71fbc5bf-7e2a-415d-86bc-3a948742e904_4_6,0,95963,35499.954,37634.023,39768.093,512,40280.093,200000,159719.907,False,estimated_pass
B:71fbc5bf-7e2a-415d-86bc-3a948742e904_4_6,B,71fbc5bf-7e2a-415d-86bc-3a948742e904_4_6,9,430581,5375.276,5935.562,6513.849,512,7025.849,200000,192974.151,False,estimated_pass
D:71fbc5bf-7e2a-415d-86bc-3a948742e904_4_6,D,71fbc5bf-7e2a-415d-86bc-3a948742e904_4_6,9,524450,40102.041,42490.051,44896.062,512,45408.062,200000,154591.938,False,estimated_pass
A:71fbc5bf-7e2a-415d-86bc-3a948742e904_8_8,A,71fbc5bf-7e2a-415d-86bc-3a948742e904_8_8,0,95839,35467.357,37601.427,39735.497,512,40247.497,200000,159752.503,False,estimated_pass
B:71fbc5bf-7e2a-415d-86bc-3a948742e904_8_8,B,71fbc5bf-7e2a-415d-86bc-3a948742e904_8_8,8,416985,4830.49,5362.56,5910.631,512,6422.631,200000,193577.369,False,estimated_pass
D:71fbc5bf-7e2a-415d-86bc-3a948742e904_8_8,D,71fbc5bf-7e2a-415d-86bc-3a948742e904_8_8,8,510854,39557.254,41917.05,44292.845,512,44804.845,200000,155195.155,False,estimated_pass
A:71fbc5bf-7e2a-415d-86bc-3a948742e904_7_19,A,71fbc5bf-7e2a-415d-86bc-3a948742e904_7_19,0,95695,35429.504,37563.573,39697.643,512,40209.643,200000,159790.35700000002,False,estimated_pass
B:71fbc5bf-7e2a-415d-86bc-3a948742e904_7_19,B,71fbc5bf-7e2a-415d-86bc-3a948742e904_7_19,16,754550,8883.059,9640.855,10430.651,512,10942.651,200000,189057.349,False,estimated_pass
D:71fbc5bf-7e2a-415d-86bc-3a948742e904_7_19,D,71fbc5bf-7e2a-415d-86bc-3a948742e904_7_19,16,848419,43609.824,46195.344,48812.865,512,49324.865,200000,150675.135,False,estimated_pass
A:71fbc5bf-7e2a-415d-86bc-3a948742e904_7_2,A,71fbc5bf-7e2a-415d-86bc-3a948742e904_7_2,0,95666,35421.88,37555.95,39690.02,512,40202.02,200000,159797.98,False,estimated_pass
B:71fbc5bf-7e2a-415d-86bc-3a948742e904_7_2,B,71fbc5bf-7e2a-415d-86bc-3a948742e904_7_2,15,690744,8366.137,9095.717,9855.298,512,10367.298,200000,189632.702,False,estimated_pass
D:71fbc5bf-7e2a-415d-86bc-3a948742e904_7_2,D,71fbc5bf-7e2a-415d-86bc-3a948742e904_7_2,15,784613,43092.902,45650.207,48237.511,512,48749.511,200000,151250.489,False,estimated_pass
A:71fbc5bf-7e2a-415d-86bc-3a948742e904_7_11,A,71fbc5bf-7e2a-415d-86bc-3a948742e904_7_11,0,95688,35427.664,37561.733,39695.803,512,40207.803,200000,159792.197,False,estimated_pass
B:71fbc5bf-7e2a-415d-86bc-3a948742e904_7_11,B,71fbc5bf-7e2a-415d-86bc-3a948742e904_7_11,6,303885,3769.307,4244.947,4732.586,512,5244.586,200000,194755.414,False,estimated_pass
D:71fbc5bf-7e2a-415d-86bc-3a948742e904_7_11,D,71fbc5bf-7e2a-415d-86bc-3a948742e904_7_11,6,397754,38496.072,40799.436,43114.8,512,43626.8,200000,156373.2,False,estimated_pass
A:71fbc5bf-7e2a-415d-86bc-3a948742e904_4_22,A,71fbc5bf-7e2a-415d-86bc-3a948742e904_4_22,0,95943,35494.696,37628.766,39762.835,512,40274.835,200000,159725.165,False,estimated_pass
B:71fbc5bf-7e2a-415d-86bc-3a948742e904_4_22,B,71fbc5bf-7e2a-415d-86bc-3a948742e904_4_22,9,486756,5368.704,5928.99,6507.277,512,7019.277,200000,192980.723,False,estimated_pass
D:71fbc5bf-7e2a-415d-86bc-3a948742e904_4_22,D,71fbc5bf-7e2a-415d-86bc-3a948742e904_4_22,9,580625,40095.469,42483.48,44889.49,512,45401.49,200000,154598.51,False,estimated_pass
A:71fbc5bf-7e2a-415d-86bc-3a948742e904_22_4,A,71fbc5bf-7e2a-415d-86bc-3a948742e904_22_4,0,96097,35535.179,37669.248,39803.318,512,40315.318,200000,159684.682,False,estimated_pass
B:71fbc5bf-7e2a-415d-86bc-3a948742e904_22_4,B,71fbc5bf-7e2a-415d-86bc-3a948742e904_22_4,8,440454,4898.048,5430.119,5978.189,512,6490.189,200000,193509.811,False,estimated_pass
D:71fbc5bf-7e2a-415d-86bc-3a948742e904_22_4,D,71fbc5bf-7e2a-415d-86bc-3a948742e904_22_4,8,534323,39624.813,41984.608,44360.403,512,44872.403,200000,155127.597,False,estimated_pass
A:71fbc5bf-7e2a-415d-86bc-3a948742e904_6_14,A,71fbc5bf-7e2a-415d-86bc-3a948742e904_6_14,0,95778,35451.322,37585.392,39719.461,512,40231.461,200000,159768.539,False,estimated_pass
B:71fbc5bf-7e2a-415d-86bc-3a948742e904_6_14,B,71fbc5bf-7e2a-415d-86bc-3a948742e904_6_14,9,434759,5326.382,5886.668,6464.954,512,6976.954,200000,193023.046,False,estimated_pass
D:71fbc5bf-7e2a-415d-86bc-3a948742e904_6_14,D,71fbc5bf-7e2a-415d-86bc-3a948742e904_6_14,9,528628,40053.146,42441.157,44847.168,512,45359.168,200000,154640.832,False,estimated_pass
A:71fbc5bf-7e2a-415d-86bc-3a948742e904_3_7,A,71fbc5bf-7e2a-415d-86bc-3a948742e904_3_7,0,96286,35584.862,37718.931,39853.001,512,40365.001,200000,159634.999,False,estimated_pass
B:71fbc5bf-7e2a-415d-86bc-3a948742e904_3_7,B,71fbc5bf-7e2a-415d-86bc-3a948742e904_3_7,2,90439,1880.9,2243.676,2610.453,512,3122.453,200000,196877.547,False,estimated_pass
D:71fbc5bf-7e2a-415d-86bc-3a948742e904_3_7,D,71fbc5bf-7e2a-415d-86bc-3a948742e904_3_7,2,184308,36607.665,38798.165,40992.666,512,41504.666,200000,158495.334,False,estimated_pass
A:71fbc5bf-7e2a-415d-86bc-3a948742e904_8_20,A,71fbc5bf-7e2a-415d-86bc-3a948742e904_8_20,0,95889,35480.501,37614.571,39748.64,512,40260.64,200000,159739.36,False,estimated_pass
B:71fbc5bf-7e2a-415d-86bc-3a948742e904_8_20,B,71fbc5bf-7e2a-415d-86bc-3a948742e904_8_20,8,410834,4843.37,5375.441,5923.512,512,6435.512,200000,193564.488,False,estimated_pass
D:71fbc5bf-7e2a-415d-86bc-3a948742e904_8_20,D,71fbc5bf-7e2a-415d-86bc-3a948742e904_8_20,8,504703,39570.135,41929.93,44305.725,512,44817.725,200000,155182.275,False,estimated_pass
A:71fbc5bf-7e2a-415d-86bc-3a948742e904_5_27,A,71fbc5bf-7e2a-415d-86bc-3a948742e904_5_27,0,95925,35489.964,37624.034,39758.104,512,40270.104,200000,159729.896,False,estimated_pass
B:71fbc5bf-7e2a-415d-86bc-3a948742e904_5_27,B,71fbc5bf-7e2a-415d-86bc-3a948742e904_5_27,9,462381,5365.813,5926.099,6504.385,512,7016.385,200000,192983.615,False,estimated_pass
D:71fbc5bf-7e2a-415d-86bc-3a948742e904_5_27,D,71fbc5bf-7e2a-415d-86bc-3a948742e904_5_27,9,556250,40092.577,42480.588,44886.599,512,45398.599,200000,154601.401,False,estimated_pass
A:71fbc5bf-7e2a-415d-86bc-3a948742e904_17_13,A,71fbc5bf-7e2a-415d-86bc-3a948742e904_17_13,0,96523,35647.163,37781.232,39915.302,512,40427.302,200000,159572.698,False,estimated_pass
B:71fbc5bf-7e2a-415d-86bc-3a948742e904_17_13,B,71fbc5bf-7e2a-415d-86bc-3a948742e904_17_13,15,698980,8590.105,9319.685,10079.266,512,10591.266,200000,189408.734,False,estimated_pass
D:71fbc5bf-7e2a-415d-86bc-3a948742e904_17_13,D,71fbc5bf-7e2a-415d-86bc-3a948742e904_17_13,15,792849,43316.87,45874.174,48461.479,512,48973.479,200000,151026.521,False,estimated_pass
A:115774b6-534d-444f-b7aa-d1b834eb0ee7_6_4,A,115774b6-534d-444f-b7aa-d1b834eb0ee7_6_4,0,110495,40402.386,42796.056,45189.725,512,45701.725,200000,154298.275,False,estimated_pass
B:115774b6-534d-444f-b7aa-d1b834eb0ee7_6_4,B,115774b6-534d-444f-b7aa-d1b834eb0ee7_6_4,15,212872,8411.351,9140.932,9900.512,512,10412.512,200000,189587.488,False,estimated_pass
D:115774b6-534d-444f-b7aa-d1b834eb0ee7_6_4,D,115774b6-534d-444f-b7aa-d1b834eb0ee7_6_4,15,321387,48070.516,50887.421,53734.326,512,54246.326,200000,145753.674,False,estimated_pass
A:115774b6-534d-444f-b7aa-d1b834eb0ee7_17_12,A,115774b6-534d-444f-b7aa-d1b834eb0ee7_17_12,0,110801,40482.825,42876.495,45270.165,512,45782.165,200000,154217.835,False,estimated_pass
B:115774b6-534d-444f-b7aa-d1b834eb0ee7_17_12,B,115774b6-534d-444f-b7aa-d1b834eb0ee7_17_12,9,146109,5425.748,5986.034,6564.32,512,7076.32,200000,192923.68,False,estimated_pass
D:115774b6-534d-444f-b7aa-d1b834eb0ee7_17_12,D,115774b6-534d-444f-b7aa-d1b834eb0ee7_17_12,9,254624,45084.912,47732.523,50398.134,512,50910.134,200000,149089.866,False,estimated_pass
A:115774b6-534d-444f-b7aa-d1b834eb0ee7_3_23,A,115774b6-534d-444f-b7aa-d1b834eb0ee7_3_23,0,110752,40469.944,42863.614,45257.284,512,45769.284,200000,154230.71600000001,False,estimated_pass
B:115774b6-534d-444f-b7aa-d1b834eb0ee7_3_23,B,115774b6-534d-444f-b7aa-d1b834eb0ee7_3_23,5,84438,3367.787,3815.21,4272.634,512,4784.634,200000,195215.366,False,estimated_pass
D:115774b6-534d-444f-b7aa-d1b834eb0ee7_3_23,D,115774b6-534d-444f-b7aa-d1b834eb0ee7_3_23,5,192953,43026.952,45561.7,48106.448,512,48618.448,200000,151381.552,False,estimated_pass
A:115774b6-534d-444f-b7aa-d1b834eb0ee7_4_25,A,115774b6-534d-444f-b7aa-d1b834eb0ee7_4_25,0,110599,40429.725,42823.395,45217.064,512,45729.064,200000,154270.936,False,estimated_pass
B:115774b6-534d-444f-b7aa-d1b834eb0ee7_4_25,B,115774b6-534d-444f-b7aa-d1b834eb0ee7_4_25,12,195385,6906.589,7551.522,8220.455,512,8732.455,200000,191267.545,False,estimated_pass
D:115774b6-534d-444f-b7aa-d1b834eb0ee7_4_25,D,115774b6-534d-444f-b7aa-d1b834eb0ee7_4_25,12,303900,46565.753,49298.011,52054.269,512,52566.269,200000,147433.731,False,estimated_pass
A:115774b6-534d-444f-b7aa-d1b834eb0ee7_6_3,A,115774b6-534d-444f-b7aa-d1b834eb0ee7_6_3,0,110504,40404.752,42798.422,45192.091,512,45704.091,200000,154295.90899999999,False,estimated_pass
B:115774b6-534d-444f-b7aa-d1b834eb0ee7_6_3,B,115774b6-534d-444f-b7aa-d1b834eb0ee7_6_3,9,125952,5346.623,5906.909,6485.195,512,6997.195,200000,193002.805,False,estimated_pass
D:115774b6-534d-444f-b7aa-d1b834eb0ee7_6_3,D,115774b6-534d-444f-b7aa-d1b834eb0ee7_6_3,9,234467,45005.788,47653.398,50319.009,512,50831.009,200000,149168.991,False,estimated_pass
A:115774b6-534d-444f-b7aa-d1b834eb0ee7_8_13,A,115774b6-534d-444f-b7aa-d1b834eb0ee7_8_13,0,110371,40369.79,42763.459,45157.129,512,45669.129,200000,154330.87099999998,False,estimated_pass
B:115774b6-534d-444f-b7aa-d1b834eb0ee7_8_13,B,115774b6-534d-444f-b7aa-d1b834eb0ee7_8_13,6,76940,3777.456,4253.096,4740.735,512,5252.735,200000,194747.265,False,estimated_pass
D:115774b6-534d-444f-b7aa-d1b834eb0ee7_8_13,D,115774b6-534d-444f-b7aa-d1b834eb0ee7_8_13,6,185455,43436.621,45999.585,48574.549,512,49086.549,200000,150913.451,False,estimated_pass
A:115774b6-534d-444f-b7aa-d1b834eb0ee7_3_21,A,115774b6-534d-444f-b7aa-d1b834eb0ee7_3_21,0,110908,40510.953,42904.622,45298.292,512,45810.292,200000,154189.70799999998,False,estimated_pass
B:115774b6-534d-444f-b7aa-d1b834eb0ee7_3_21,B,115774b6-534d-444f-b7aa-d1b834eb0ee7_3_21,6,127903,3920.197,4395.836,4883.475,512,5395.475,200000,194604.525,False,estimated_pass
D:115774b6-534d-444f-b7aa-d1b834eb0ee7_3_21,D,115774b6-534d-444f-b7aa-d1b834eb0ee7_3_21,6,236418,43579.361,46142.325,48717.289,512,49229.289,200000,150770.711,False,estimated_pass
A:115774b6-534d-444f-b7aa-d1b834eb0ee7_5_5,A,115774b6-534d-444f-b7aa-d1b834eb0ee7_5_5,0,110707,40458.115,42851.785,45245.454,512,45757.454,200000,154242.546,False,estimated_pass
B:115774b6-534d-444f-b7aa-d1b834eb0ee7_5_5,B,115774b6-534d-444f-b7aa-d1b834eb0ee7_5_5,12,199516,6935.768,7580.701,8249.634,512,8761.634,200000,191238.366,False,estimated_pass
D:115774b6-534d-444f-b7aa-d1b834eb0ee7_5_5,D,115774b6-534d-444f-b7aa-d1b834eb0ee7_5_5,12,308031,46594.932,49327.19,52083.448,512,52595.448,200000,147404.552,False,estimated_pass
A:115774b6-534d-444f-b7aa-d1b834eb0ee7_1_1,A,115774b6-534d-444f-b7aa-d1b834eb0ee7_1_1,0,110569,40421.839,42815.508,45209.178,512,45721.178,200000,154278.822,False,estimated_pass
B:115774b6-534d-444f-b7aa-d1b834eb0ee7_1_1,B,115774b6-534d-444f-b7aa-d1b834eb0ee7_1_1,15,246682,8429.752,9159.333,9918.913,512,10430.913,200000,189569.087,False,estimated_pass
D:115774b6-534d-444f-b7aa-d1b834eb0ee7_1_1,D,115774b6-534d-444f-b7aa-d1b834eb0ee7_1_1,15,355197,48088.917,50905.822,53752.727,512,54264.727,200000,145735.273,False,estimated_pass
A:115774b6-534d-444f-b7aa-d1b834eb0ee7_12_27,A,115774b6-534d-444f-b7aa-d1b834eb0ee7_12_27,0,110145,40310.381,42704.05,45097.72,512,45609.72,200000,154390.28,False,estimated_pass
B:115774b6-534d-444f-b7aa-d1b834eb0ee7_12_27,B,115774b6-534d-444f-b7aa-d1b834eb0ee7_12_27,9,118364,5251.989,5812.275,6390.561,512,6902.561,200000,193097.439,False,estimated_pass
D:115774b6-534d-444f-b7aa-d1b834eb0ee7_12_27,D,115774b6-534d-444f-b7aa-d1b834eb0ee7_12_27,9,226879,44911.153,47558.764,50224.375,512,50736.375,200000,149263.625,False,estimated_pass
A:115774b6-534d-444f-b7aa-d1b834eb0ee7_6_24,A,115774b6-534d-444f-b7aa-d1b834eb0ee7_6_24,0,110395,40376.099,42769.768,45163.438,512,45675.438,200000,154324.562,False,estimated_pass
B:115774b6-534d-444f-b7aa-d1b834eb0ee7_6_24,B,115774b6-534d-444f-b7aa-d1b834eb0ee7_6_24,15,217928,8385.064,9114.644,9874.225,512,10386.225,200000,189613.775,False,estimated_pass
D:115774b6-534d-444f-b7aa-d1b834eb0ee7_6_24,D,115774b6-534d-444f-b7aa-d1b834eb0ee7_6_24,15,326443,48044.229,50861.133,53708.038,512,54220.038,200000,145779.962,False,estimated_pass
A:115774b6-534d-444f-b7aa-d1b834eb0ee7_8_8,A,115774b6-534d-444f-b7aa-d1b834eb0ee7_8_8,0,110570,40422.102,42815.771,45209.441,512,45721.441,200000,154278.559,False,estimated_pass
B:115774b6-534d-444f-b7aa-d1b834eb0ee7_8_8,B,115774b6-534d-444f-b7aa-d1b834eb0ee7_8_8,8,110581,4852.571,5384.642,5932.712,512,6444.712,200000,193555.288,False,estimated_pass
D:115774b6-534d-444f-b7aa-d1b834eb0ee7_8_8,D,115774b6-534d-444f-b7aa-d1b834eb0ee7_8_8,8,219096,44511.736,47131.131,49766.526,512,50278.526,200000,149721.474,False,estimated_pass
A:115774b6-534d-444f-b7aa-d1b834eb0ee7_7_22,A,115774b6-534d-444f-b7aa-d1b834eb0ee7_7_22,0,110367,40368.738,42762.408,45156.078,512,45668.078,200000,154331.922,False,estimated_pass
B:115774b6-534d-444f-b7aa-d1b834eb0ee7_7_22,B,115774b6-534d-444f-b7aa-d1b834eb0ee7_7_22,16,263227,8890.682,9648.478,10438.274,512,10950.274,200000,189049.726,False,estimated_pass
D:115774b6-534d-444f-b7aa-d1b834eb0ee7_7_22,D,115774b6-534d-444f-b7aa-d1b834eb0ee7_7_22,16,371742,48549.847,51394.967,54272.088,512,54784.088,200000,145215.912,False,estimated_pass
A:115774b6-534d-444f-b7aa-d1b834eb0ee7_8_26,A,115774b6-534d-444f-b7aa-d1b834eb0ee7_8_26,0,110395,40376.099,42769.768,45163.438,512,45675.438,200000,154324.562,False,estimated_pass
B:115774b6-534d-444f-b7aa-d1b834eb0ee7_8_26,B,115774b6-534d-444f-b7aa-d1b834eb0ee7_8_26,9,142854,5318.758,5879.045,6457.331,512,6969.331,200000,193030.669,False,estimated_pass
D:115774b6-534d-444f-b7aa-d1b834eb0ee7_8_26,D,115774b6-534d-444f-b7aa-d1b834eb0ee7_8_26,9,251369,44977.923,47625.534,50291.145,512,50803.145,200000,149196.855,False,estimated_pass
A:115774b6-534d-444f-b7aa-d1b834eb0ee7_6_2,A,115774b6-534d-444f-b7aa-d1b834eb0ee7_6_2,0,110505,40405.015,42798.684,45192.354,512,45704.354,200000,154295.646,False,estimated_pass
B:115774b6-534d-444f-b7aa-d1b834eb0ee7_6_2,B,115774b6-534d-444f-b7aa-d1b834eb0ee7_6_2,5,112544,3302.069,3749.492,4206.916,512,4718.916,200000,195281.084,False,estimated_pass
D:115774b6-534d-444f-b7aa-d1b834eb0ee7_6_2,D,115774b6-534d-444f-b7aa-d1b834eb0ee7_6_2,5,221059,42961.233,45495.981,48040.729,512,48552.729,200000,151447.271,False,estimated_pass
A:115774b6-534d-444f-b7aa-d1b834eb0ee7_17_14,A,115774b6-534d-444f-b7aa-d1b834eb0ee7_17_14,0,110152,40312.221,42705.89,45099.56,512,45611.56,200000,154388.44,False,estimated_pass
B:115774b6-534d-444f-b7aa-d1b834eb0ee7_17_14,B,115774b6-534d-444f-b7aa-d1b834eb0ee7_17_14,9,117812,5254.092,5814.378,6392.664,512,6904.664,200000,193095.336,False,estimated_pass
D:115774b6-534d-444f-b7aa-d1b834eb0ee7_17_14,D,115774b6-534d-444f-b7aa-d1b834eb0ee7_17_14,9,226327,44913.256,47560.867,50226.478,512,50738.478,200000,149261.522,False,estimated_pass
A:115774b6-534d-444f-b7aa-d1b834eb0ee7_5_29,A,115774b6-534d-444f-b7aa-d1b834eb0ee7_5_29,0,110902,40509.375,42903.045,45296.715,512,45808.715,200000,154191.285,False,estimated_pass
B:115774b6-534d-444f-b7aa-d1b834eb0ee7_5_29,B,115774b6-534d-444f-b7aa-d1b834eb0ee7_5_29,16,255059,9030.531,9788.327,10578.123,512,11090.123,200000,188909.877,False,estimated_pass
D:115774b6-534d-444f-b7aa-d1b834eb0ee7_5_29,D,115774b6-534d-444f-b7aa-d1b834eb0ee7_5_29,16,363574,48689.695,51534.816,54411.936,512,54923.936,200000,145076.064,False,estimated_pass
A:115774b6-534d-444f-b7aa-d1b834eb0ee7_17_7,A,115774b6-534d-444f-b7aa-d1b834eb0ee7_17_7,0,110087,40295.134,42688.804,45082.473,512,45594.473,200000,154405.527,False,estimated_pass
B:115774b6-534d-444f-b7aa-d1b834eb0ee7_17_7,B,115774b6-534d-444f-b7aa-d1b834eb0ee7_17_7,9,146853,5238.582,5798.868,6377.155,512,6889.155,200000,193110.845,False,estimated_pass
D:115774b6-534d-444f-b7aa-d1b834eb0ee7_17_7,D,115774b6-534d-444f-b7aa-d1b834eb0ee7_17_7,9,255368,44897.747,47545.357,50210.968,512,50722.968,200000,149277.032,False,estimated_pass
A:115774b6-534d-444f-b7aa-d1b834eb0ee7_2_2,A,115774b6-534d-444f-b7aa-d1b834eb0ee7_2_2,0,110538,40413.69,42807.359,45201.029,512,45713.029,200000,154286.971,False,estimated_pass
B:115774b6-534d-444f-b7aa-d1b834eb0ee7_2_2,B,115774b6-534d-444f-b7aa-d1b834eb0ee7_2_2,9,157105,5356.349,5916.635,6494.922,512,7006.922,200000,192993.078,False,estimated_pass
D:115774b6-534d-444f-b7aa-d1b834eb0ee7_2_2,D,115774b6-534d-444f-b7aa-d1b834eb0ee7_2_2,9,265620,45015.514,47663.125,50328.735,512,50840.735,200000,149159.265,False,estimated_pass
A:115774b6-534d-444f-b7aa-d1b834eb0ee7_4_1,A,115774b6-534d-444f-b7aa-d1b834eb0ee7_4_1,0,110351,40364.532,42758.202,45151.872,512,45663.872,200000,154336.128,False,estimated_pass
B:115774b6-534d-444f-b7aa-d1b834eb0ee7_4_1,B,115774b6-534d-444f-b7aa-d1b834eb0ee7_4_1,9,134708,5306.666,5866.952,6445.239,512,6957.239,200000,193042.761,False,estimated_pass
D:115774b6-534d-444f-b7aa-d1b834eb0ee7_4_1,D,115774b6-534d-444f-b7aa-d1b834eb0ee7_4_1,9,243223,44965.831,47613.442,50279.052,512,50791.052,200000,149208.948,False,estimated_pass
A:115774b6-534d-444f-b7aa-d1b834eb0ee7_7_10,A,115774b6-534d-444f-b7aa-d1b834eb0ee7_7_10,0,110372,40370.053,42763.722,45157.392,512,45669.392,200000,154330.608,False,estimated_pass
B:115774b6-534d-444f-b7aa-d1b834eb0ee7_7_10,B,115774b6-534d-444f-b7aa-d1b834eb0ee7_7_10,9,121491,5311.661,5871.947,6450.233,512,6962.233,200000,193037.767,False,estimated_pass
D:115774b6-534d-444f-b7aa-d1b834eb0ee7_7_10,D,115774b6-534d-444f-b7aa-d1b834eb0ee7_7_10,9,230006,44970.825,47618.436,50284.047,512,50796.047,200000,149203.953,False,estimated_pass
A:115774b6-534d-444f-b7aa-d1b834eb0ee7_1_3,A,115774b6-534d-444f-b7aa-d1b834eb0ee7_1_3,0,110807,40484.403,42878.072,45271.742,512,45783.742,200000,154216.258,False,estimated_pass
B:115774b6-534d-444f-b7aa-d1b834eb0ee7_1_3,B,115774b6-534d-444f-b7aa-d1b834eb0ee7_1_3,14,144743,7980.915,8682.279,9411.644,512,9923.644,200000,190076.356,False,estimated_pass
D:115774b6-534d-444f-b7aa-d1b834eb0ee7_1_3,D,115774b6-534d-444f-b7aa-d1b834eb0ee7_1_3,14,253258,47640.079,50428.769,53245.458,512,53757.458,200000,146242.54200000002,False,estimated_pass
A:115774b6-534d-444f-b7aa-d1b834eb0ee7_17_31,A,115774b6-534d-444f-b7aa-d1b834eb0ee7_17_31,0,110190,40322.21,42715.879,45109.549,512,45621.549,200000,154378.451,False,estimated_pass
B:115774b6-534d-444f-b7aa-d1b834eb0ee7_17_31,B,115774b6-534d-444f-b7aa-d1b834eb0ee7_17_31,15,256296,8333.541,9063.121,9822.701,512,10334.701,200000,189665.299,False,estimated_pass
D:115774b6-534d-444f-b7aa-d1b834eb0ee7_17_31,D,115774b6-534d-444f-b7aa-d1b834eb0ee7_17_31,15,364811,47992.706,50809.61,53656.515,512,54168.515,200000,145831.485,False,estimated_pass
A:115774b6-534d-444f-b7aa-d1b834eb0ee7_3_6,A,115774b6-534d-444f-b7aa-d1b834eb0ee7_3_6,0,110789,40479.671,42873.34,45267.01,512,45779.01,200000,154220.99,False,estimated_pass
B:115774b6-534d-444f-b7aa-d1b834eb0ee7_3_6,B,115774b6-534d-444f-b7aa-d1b834eb0ee7_3_6,1,21323,1331.907,1666.468,2003.029,512,2515.029,200000,197484.971,False,estimated_pass
D:115774b6-534d-444f-b7aa-d1b834eb0ee7_3_6,D,115774b6-534d-444f-b7aa-d1b834eb0ee7_3_6,1,129838,40991.072,43412.958,45836.843,512,46348.843,200000,153651.157,False,estimated_pass
A:115774b6-534d-444f-b7aa-d1b834eb0ee7_2_4,A,115774b6-534d-444f-b7aa-d1b834eb0ee7_2_4,0,110672,40448.915,42842.584,45236.254,512,45748.254,200000,154251.74599999998,False,estimated_pass
B:115774b6-534d-444f-b7aa-d1b834eb0ee7_2_4,B,115774b6-534d-444f-b7aa-d1b834eb0ee7_2_4,12,92696,6923.15,7568.083,8237.016,512,8749.016,200000,191250.984,False,estimated_pass
D:115774b6-534d-444f-b7aa-d1b834eb0ee7_2_4,D,115774b6-534d-444f-b7aa-d1b834eb0ee7_2_4,12,201211,46582.314,49314.572,52070.83,512,52582.83,200000,147417.16999999998,False,estimated_pass
A:7e512589-aa97-41e8-83d3-af2e83e4fd06_7_20,A,7e512589-aa97-41e8-83d3-af2e83e4fd06_7_20,0,92861,33777.412,35824.682,37871.951,512,38383.951,200000,161616.049,False,estimated_pass
B:7e512589-aa97-41e8-83d3-af2e83e4fd06_7_20,B,7e512589-aa97-41e8-83d3-af2e83e4fd06_7_20,3,493482,2234.052,2625.044,3022.036,512,3534.036,200000,196465.964,False,estimated_pass
D:7e512589-aa97-41e8-83d3-af2e83e4fd06_7_20,D,7e512589-aa97-41e8-83d3-af2e83e4fd06_7_20,3,584528,35311.616,37443.533,39581.45,512,40093.45,200000,159906.55,False,estimated_pass
A:7e512589-aa97-41e8-83d3-af2e83e4fd06_5_33,A,7e512589-aa97-41e8-83d3-af2e83e4fd06_5_33,0,93248,33879.144,35926.414,37973.683,512,38485.683,200000,161514.317,False,estimated_pass
B:7e512589-aa97-41e8-83d3-af2e83e4fd06_5_33,B,7e512589-aa97-41e8-83d3-af2e83e4fd06_5_33,9,1277641,5402.615,5962.901,6541.187,512,7053.187,200000,192946.813,False,estimated_pass
D:7e512589-aa97-41e8-83d3-af2e83e4fd06_5_33,D,7e512589-aa97-41e8-83d3-af2e83e4fd06_5_33,9,1368687,38480.18,40781.39,43100.601,512,43612.601,200000,156387.399,False,estimated_pass
A:7e512589-aa97-41e8-83d3-af2e83e4fd06_23_28,A,7e512589-aa97-41e8-83d3-af2e83e4fd06_23_28,0,93305,33894.128,35941.397,37988.667,512,38500.667,200000,161499.33299999998,False,estimated_pass
B:7e512589-aa97-41e8-83d3-af2e83e4fd06_23_28,B,7e512589-aa97-41e8-83d3-af2e83e4fd06_23_28,9,1355949,5418.387,5978.673,6556.96,512,7068.96,200000,192931.04,False,estimated_pass
D:7e512589-aa97-41e8-83d3-af2e83e4fd06_23_28,D,7e512589-aa97-41e8-83d3-af2e83e4fd06_23_28,9,1446995,38495.952,40797.163,43116.373,512,43628.373,200000,156371.627,False,estimated_pass
A:7e512589-aa97-41e8-83d3-af2e83e4fd06_22_8,A,7e512589-aa97-41e8-83d3-af2e83e4fd06_22_8,0,93205,33867.84,35915.11,37962.38,512,38474.38,200000,161525.62,False,estimated_pass
B:7e512589-aa97-41e8-83d3-af2e83e4fd06_22_8,B,7e512589-aa97-41e8-83d3-af2e83e4fd06_22_8,12,1763580,6925.253,7570.186,8239.119,512,8751.119,200000,191248.881,False,estimated_pass
D:7e512589-aa97-41e8-83d3-af2e83e4fd06_22_8,D,7e512589-aa97-41e8-83d3-af2e83e4fd06_22_8,12,1854626,40002.817,42388.675,44798.533,512,45310.533,200000,154689.467,False,estimated_pass
A:7e512589-aa97-41e8-83d3-af2e83e4fd06_7_22,A,7e512589-aa97-41e8-83d3-af2e83e4fd06_7_22,0,92836,33770.84,35818.11,37865.379,512,38377.379,200000,161622.62099999998,False,estimated_pass
B:7e512589-aa97-41e8-83d3-af2e83e4fd06_7_22,B,7e512589-aa97-41e8-83d3-af2e83e4fd06_7_22,9,1272375,5293.785,5854.072,6432.358,512,6944.358,200000,193055.642,False,estimated_pass
D:7e512589-aa97-41e8-83d3-af2e83e4fd06_7_22,D,7e512589-aa97-41e8-83d3-af2e83e4fd06_7_22,9,1363421,38371.35,40672.561,42991.772,512,43503.772,200000,156496.228,False,estimated_pass
A:7e512589-aa97-41e8-83d3-af2e83e4fd06_21_19,A,7e512589-aa97-41e8-83d3-af2e83e4fd06_21_19,0,93226,33873.361,35920.63,37967.9,512,38479.9,200000,161520.1,False,estimated_pass
B:7e512589-aa97-41e8-83d3-af2e83e4fd06_21_19,B,7e512589-aa97-41e8-83d3-af2e83e4fd06_21_19,9,1351077,5397.357,5957.644,6535.93,512,7047.93,200000,192952.07,False,estimated_pass
D:7e512589-aa97-41e8-83d3-af2e83e4fd06_21_19,D,7e512589-aa97-41e8-83d3-af2e83e4fd06_21_19,9,1442123,38474.922,40776.133,43095.344,512,43607.344,200000,156392.65600000002,False,estimated_pass
A:7e512589-aa97-41e8-83d3-af2e83e4fd06_17_16,A,7e512589-aa97-41e8-83d3-af2e83e4fd06_17_16,0,92644,33720.369,35767.638,37814.908,512,38326.908,200000,161673.092,False,estimated_pass
B:7e512589-aa97-41e8-83d3-af2e83e4fd06_17_16,B,7e512589-aa97-41e8-83d3-af2e83e4fd06_17_16,6,884412,3711.212,4186.852,4674.491,512,5186.491,200000,194813.509,False,estimated_pass
D:7e512589-aa97-41e8-83d3-af2e83e4fd06_17_16,D,7e512589-aa97-41e8-83d3-af2e83e4fd06_17_16,6,975458,36788.777,39005.341,41233.905,512,41745.905,200000,158254.095,False,estimated_pass
A:7e512589-aa97-41e8-83d3-af2e83e4fd06_4_5,A,7e512589-aa97-41e8-83d3-af2e83e4fd06_4_5,0,92893,33785.824,35833.094,37880.363,512,38392.363,200000,161607.637,False,estimated_pass
B:7e512589-aa97-41e8-83d3-af2e83e4fd06_4_5,B,7e512589-aa97-41e8-83d3-af2e83e4fd06_4_5,9,1379591,5309.558,5869.844,6448.13,512,6960.13,200000,193039.87,False,estimated_pass
D:7e512589-aa97-41e8-83d3-af2e83e4fd06_4_5,D,7e512589-aa97-41e8-83d3-af2e83e4fd06_4_5,9,1470637,38387.122,40688.333,43007.544,512,43519.544,200000,156480.456,False,estimated_pass
A:7e512589-aa97-41e8-83d3-af2e83e4fd06_17_10,A,7e512589-aa97-41e8-83d3-af2e83e4fd06_17_10,0,93740,34008.477,36055.747,38103.017,512,38615.017,200000,161384.983,False,estimated_pass
B:7e512589-aa97-41e8-83d3-af2e83e4fd06_17_10,B,7e512589-aa97-41e8-83d3-af2e83e4fd06_17_10,9,1316440,5531.686,6091.972,6670.258,512,7182.258,200000,192817.742,False,estimated_pass
D:7e512589-aa97-41e8-83d3-af2e83e4fd06_17_10,D,7e512589-aa97-41e8-83d3-af2e83e4fd06_17_10,9,1407486,38609.25,40910.461,43229.672,512,43741.672,200000,156258.328,False,estimated_pass
A:7e512589-aa97-41e8-83d3-af2e83e4fd06_7_23,A,7e512589-aa97-41e8-83d3-af2e83e4fd06_7_23,0,92985,33810.008,35857.278,37904.548,512,38416.548,200000,161583.452,False,estimated_pass
B:7e512589-aa97-41e8-83d3-af2e83e4fd06_7_23,B,7e512589-aa97-41e8-83d3-af2e83e4fd06_7_23,9,1332415,5333.742,5894.028,6472.315,512,6984.315,200000,193015.685,False,estimated_pass
D:7e512589-aa97-41e8-83d3-af2e83e4fd06_7_23,D,7e512589-aa97-41e8-83d3-af2e83e4fd06_7_23,9,1423461,38411.307,40712.518,43031.728,512,43543.728,200000,156456.272,False,estimated_pass
A:7e512589-aa97-41e8-83d3-af2e83e4fd06_6_7,A,7e512589-aa97-41e8-83d3-af2e83e4fd06_6_7,0,92786,33757.697,35804.966,37852.236,512,38364.236,200000,161635.764,False,estimated_pass
B:7e512589-aa97-41e8-83d3-af2e83e4fd06_6_7,B,7e512589-aa97-41e8-83d3-af2e83e4fd06_6_7,9,1363240,5279.327,5839.614,6417.9,512,6929.9,200000,193070.1,False,estimated_pass
D:7e512589-aa97-41e8-83d3-af2e83e4fd06_6_7,D,7e512589-aa97-41e8-83d3-af2e83e4fd06_6_7,9,1454286,38356.892,40658.103,42977.314,512,43489.314,200000,156510.686,False,estimated_pass
A:7e512589-aa97-41e8-83d3-af2e83e4fd06_8_12,A,7e512589-aa97-41e8-83d3-af2e83e4fd06_8_12,0,93237,33876.252,35923.522,37970.792,512,38482.792,200000,161517.20799999998,False,estimated_pass
B:7e512589-aa97-41e8-83d3-af2e83e4fd06_8_12,B,7e512589-aa97-41e8-83d3-af2e83e4fd06_8_12,9,1271656,5400.249,5960.535,6538.822,512,7050.822,200000,192949.178,False,estimated_pass
D:7e512589-aa97-41e8-83d3-af2e83e4fd06_8_12,D,7e512589-aa97-41e8-83d3-af2e83e4fd06_8_12,9,1362702,38477.814,40779.024,43098.235,512,43610.235,200000,156389.765,False,estimated_pass
A:7e512589-aa97-41e8-83d3-af2e83e4fd06_11_14,A,7e512589-aa97-41e8-83d3-af2e83e4fd06_11_14,0,92769,33753.228,35800.497,37847.767,512,38359.767,200000,161640.233,False,estimated_pass
B:7e512589-aa97-41e8-83d3-af2e83e4fd06_11_14,B,7e512589-aa97-41e8-83d3-af2e83e4fd06_11_14,9,1339406,5276.699,5836.985,6415.271,512,6927.271,200000,193072.729,False,estimated_pass
D:7e512589-aa97-41e8-83d3-af2e83e4fd06_11_14,D,7e512589-aa97-41e8-83d3-af2e83e4fd06_11_14,9,1430452,38354.263,40655.474,42974.685,512,43486.685,200000,156513.315,False,estimated_pass
A:7e512589-aa97-41e8-83d3-af2e83e4fd06_11_18,A,7e512589-aa97-41e8-83d3-af2e83e4fd06_11_18,0,92690,33732.461,35779.73,37827.0,512,38339.0,200000,161661.0,False,estimated_pass
B:7e512589-aa97-41e8-83d3-af2e83e4fd06_11_18,B,7e512589-aa97-41e8-83d3-af2e83e4fd06_11_18,12,1678837,6789.873,7434.806,8103.74,512,8615.74,200000,191384.26,False,estimated_pass
D:7e512589-aa97-41e8-83d3-af2e83e4fd06_11_18,D,7e512589-aa97-41e8-83d3-af2e83e4fd06_11_18,12,1769883,39867.438,42253.296,44663.153,512,45175.153,200000,154824.847,False,estimated_pass
A:7e512589-aa97-41e8-83d3-af2e83e4fd06_3_26,A,7e512589-aa97-41e8-83d3-af2e83e4fd06_3_26,0,93224,33872.835,35920.105,37967.374,512,38479.374,200000,161520.626,False,estimated_pass
B:7e512589-aa97-41e8-83d3-af2e83e4fd06_3_26,B,7e512589-aa97-41e8-83d3-af2e83e4fd06_3_26,7,991737,4375.08,4878.935,5396.79,512,5908.79,200000,194091.21,False,estimated_pass
D:7e512589-aa97-41e8-83d3-af2e83e4fd06_3_26,D,7e512589-aa97-41e8-83d3-af2e83e4fd06_3_26,7,1082783,37452.645,39697.424,41956.204,512,42468.204,200000,157531.796,False,estimated_pass
A:7e512589-aa97-41e8-83d3-af2e83e4fd06_17_34,A,7e512589-aa97-41e8-83d3-af2e83e4fd06_17_34,0,92638,33718.791,35766.061,37813.331,512,38325.331,200000,161674.669,False,estimated_pass
B:7e512589-aa97-41e8-83d3-af2e83e4fd06_17_34,B,7e512589-aa97-41e8-83d3-af2e83e4fd06_17_34,9,1265441,5243.839,5804.126,6382.412,512,6894.412,200000,193105.588,False,estimated_pass
D:7e512589-aa97-41e8-83d3-af2e83e4fd06_17_34,D,7e512589-aa97-41e8-83d3-af2e83e4fd06_17_34,9,1356487,38321.404,40622.615,42941.826,512,43453.826,200000,156546.174,False,estimated_pass
A:7e512589-aa97-41e8-83d3-af2e83e4fd06_11_24,A,7e512589-aa97-41e8-83d3-af2e83e4fd06_11_24,0,93269,33884.664,35931.934,37979.204,512,38491.204,200000,161508.796,False,estimated_pass
B:7e512589-aa97-41e8-83d3-af2e83e4fd06_11_24,B,7e512589-aa97-41e8-83d3-af2e83e4fd06_11_24,16,2183224,8988.734,9746.53,10536.326,512,11048.326,200000,188951.674,False,estimated_pass
D:7e512589-aa97-41e8-83d3-af2e83e4fd06_11_24,D,7e512589-aa97-41e8-83d3-af2e83e4fd06_11_24,16,2274270,42066.299,44565.019,47095.739,512,47607.739,200000,152392.261,False,estimated_pass
A:7e512589-aa97-41e8-83d3-af2e83e4fd06_6_15,A,7e512589-aa97-41e8-83d3-af2e83e4fd06_6_15,0,92763,33751.65,35798.92,37846.19,512,38358.19,200000,161641.81,False,estimated_pass
B:7e512589-aa97-41e8-83d3-af2e83e4fd06_6_15,B,7e512589-aa97-41e8-83d3-af2e83e4fd06_6_15,9,1237531,5274.859,5835.145,6413.431,512,6925.431,200000,193074.569,False,estimated_pass
D:7e512589-aa97-41e8-83d3-af2e83e4fd06_6_15,D,7e512589-aa97-41e8-83d3-af2e83e4fd06_6_15,9,1328577,38352.423,40653.634,42972.845,512,43484.845,200000,156515.155,False,estimated_pass
A:7e512589-aa97-41e8-83d3-af2e83e4fd06_4_3,A,7e512589-aa97-41e8-83d3-af2e83e4fd06_4_3,0,93101,33840.502,35887.771,37935.041,512,38447.041,200000,161552.959,False,estimated_pass
B:7e512589-aa97-41e8-83d3-af2e83e4fd06_4_3,B,7e512589-aa97-41e8-83d3-af2e83e4fd06_4_3,14,2106512,7921.243,8622.607,9351.972,512,9863.972,200000,190136.028,False,estimated_pass
D:7e512589-aa97-41e8-83d3-af2e83e4fd06_4_3,D,7e512589-aa97-41e8-83d3-af2e83e4fd06_4_3,14,2197558,40998.807,43441.096,45911.385,512,46423.385,200000,153576.615,False,estimated_pass
A:7e512589-aa97-41e8-83d3-af2e83e4fd06_6_27,A,7e512589-aa97-41e8-83d3-af2e83e4fd06_6_27,0,92801,33761.64,35808.909,37856.179,512,38368.179,200000,161631.821,False,estimated_pass
B:7e512589-aa97-41e8-83d3-af2e83e4fd06_6_27,B,7e512589-aa97-41e8-83d3-af2e83e4fd06_6_27,9,1351513,5285.899,5846.185,6424.472,512,6936.472,200000,193063.528,False,estimated_pass
D:7e512589-aa97-41e8-83d3-af2e83e4fd06_6_27,D,7e512589-aa97-41e8-83d3-af2e83e4fd06_6_27,9,1442559,38363.464,40664.675,42983.885,512,43495.885,200000,156504.115,False,estimated_pass
A:7e512589-aa97-41e8-83d3-af2e83e4fd06_7_4,A,7e512589-aa97-41e8-83d3-af2e83e4fd06_7_4,0,92954,33801.859,35849.129,37896.398,512,38408.398,200000,161591.602,False,estimated_pass
B:7e512589-aa97-41e8-83d3-af2e83e4fd06_7_4,B,7e512589-aa97-41e8-83d3-af2e83e4fd06_7_4,9,1392124,5325.593,5885.879,6464.166,512,6976.166,200000,193023.834,False,estimated_pass
D:7e512589-aa97-41e8-83d3-af2e83e4fd06_7_4,D,7e512589-aa97-41e8-83d3-af2e83e4fd06_7_4,9,1483170,38403.158,40704.368,43023.579,512,43535.579,200000,156464.421,False,estimated_pass
A:7e512589-aa97-41e8-83d3-af2e83e4fd06_17_30,A,7e512589-aa97-41e8-83d3-af2e83e4fd06_17_30,0,92663,33725.363,35772.633,37819.902,512,38331.902,200000,161668.098,False,estimated_pass
B:7e512589-aa97-41e8-83d3-af2e83e4fd06_17_30,B,7e512589-aa97-41e8-83d3-af2e83e4fd06_17_30,6,809448,3715.418,4191.058,4678.697,512,5190.697,200000,194809.303,False,estimated_pass
D:7e512589-aa97-41e8-83d3-af2e83e4fd06_17_30,D,7e512589-aa97-41e8-83d3-af2e83e4fd06_17_30,6,900494,36792.983,39009.547,41238.111,512,41750.111,200000,158249.889,False,estimated_pass
A:7e512589-aa97-41e8-83d3-af2e83e4fd06_22_11,A,7e512589-aa97-41e8-83d3-af2e83e4fd06_22_11,0,93354,33907.008,35954.278,38001.548,512,38513.548,200000,161486.452,False,estimated_pass
B:7e512589-aa97-41e8-83d3-af2e83e4fd06_22_11,B,7e512589-aa97-41e8-83d3-af2e83e4fd06_22_11,11,1704289,6453.282,7070.0,7708.718,512,8220.718,200000,191779.282,False,estimated_pass
D:7e512589-aa97-41e8-83d3-af2e83e4fd06_22_11,D,7e512589-aa97-41e8-83d3-af2e83e4fd06_22_11,11,1795335,39530.847,41888.489,44268.131,512,44780.131,200000,155219.869,False,estimated_pass
A:7e512589-aa97-41e8-83d3-af2e83e4fd06_3_21,A,7e512589-aa97-41e8-83d3-af2e83e4fd06_3_21,0,93256,33881.247,35928.517,37975.786,512,38487.786,200000,161512.214,False,estimated_pass
B:7e512589-aa97-41e8-83d3-af2e83e4fd06_3_21,B,7e512589-aa97-41e8-83d3-af2e83e4fd06_3_21,9,1196513,5405.769,5966.056,6544.342,512,7056.342,200000,192943.658,False,estimated_pass
D:7e512589-aa97-41e8-83d3-af2e83e4fd06_3_21,D,7e512589-aa97-41e8-83d3-af2e83e4fd06_3_21,9,1287559,38483.334,40784.545,43103.756,512,43615.756,200000,156384.244,False,estimated_pass
A:7e512589-aa97-41e8-83d3-af2e83e4fd06_17_2,A,7e512589-aa97-41e8-83d3-af2e83e4fd06_17_2,0,92634,33717.74,35765.009,37812.279,512,38324.279,200000,161675.721,False,estimated_pass
B:7e512589-aa97-41e8-83d3-af2e83e4fd06_17_2,B,7e512589-aa97-41e8-83d3-af2e83e4fd06_17_2,9,1216804,5239.371,5799.657,6377.943,512,6889.943,200000,193110.057,False,estimated_pass
D:7e512589-aa97-41e8-83d3-af2e83e4fd06_17_2,D,7e512589-aa97-41e8-83d3-af2e83e4fd06_17_2,9,1307850,38316.935,40618.146,42937.357,512,43449.357,200000,156550.64299999998,False,estimated_pass
A:d3a0899e-2093-454c-9f65-30087883193a_17_2,A,d3a0899e-2093-454c-9f65-30087883193a_17_2,0,91563,33545.222,35583.592,37621.962,512,38133.962,200000,161866.038,False,estimated_pass
B:d3a0899e-2093-454c-9f65-30087883193a_17_2,B,d3a0899e-2093-454c-9f65-30087883193a_17_2,9,630632,5239.371,5799.657,6377.943,512,6889.943,200000,193110.057,False,estimated_pass
D:d3a0899e-2093-454c-9f65-30087883193a_17_2,D,d3a0899e-2093-454c-9f65-30087883193a_17_2,9,720620,38147.835,40440.146,42750.457,512,43262.457,200000,156737.543,False,estimated_pass
A:d3a0899e-2093-454c-9f65-30087883193a_22_14,A,d3a0899e-2093-454c-9f65-30087883193a_22_14,0,92644,33829.388,35867.758,37906.128,512,38418.128,200000,161581.872,False,estimated_pass
B:d3a0899e-2093-454c-9f65-30087883193a_22_14,B,d3a0899e-2093-454c-9f65-30087883193a_22_14,15,986538,8590.631,9320.211,10079.791,512,10591.791,200000,189408.209,False,estimated_pass
D:d3a0899e-2093-454c-9f65-30087883193a_22_14,D,d3a0899e-2093-454c-9f65-30087883193a_22_14,15,1076526,41499.095,43960.7,46452.305,512,46964.305,200000,153035.695,False,estimated_pass
A:d3a0899e-2093-454c-9f65-30087883193a_22_32,A,d3a0899e-2093-454c-9f65-30087883193a_22_32,0,92230,33720.559,35758.928,37797.298,512,38309.298,200000,161690.702,False,estimated_pass
B:d3a0899e-2093-454c-9f65-30087883193a_22_32,B,d3a0899e-2093-454c-9f65-30087883193a_22_32,9,829670,5411.29,5971.576,6549.862,512,7061.862,200000,192938.138,False,estimated_pass
D:d3a0899e-2093-454c-9f65-30087883193a_22_32,D,d3a0899e-2093-454c-9f65-30087883193a_22_32,9,919658,38319.754,40612.065,42922.376,512,43434.376,200000,156565.624,False,estimated_pass
A:d3a0899e-2093-454c-9f65-30087883193a_7_11,A,d3a0899e-2093-454c-9f65-30087883193a_7_11,0,91780,33602.266,35640.636,37679.005,512,38191.005,200000,161808.995,False,estimated_pass
B:d3a0899e-2093-454c-9f65-30087883193a_7_11,B,d3a0899e-2093-454c-9f65-30087883193a_7_11,9,801773,5293.26,5853.546,6431.832,512,6943.832,200000,193056.168,False,estimated_pass
D:d3a0899e-2093-454c-9f65-30087883193a_7_11,D,d3a0899e-2093-454c-9f65-30087883193a_7_11,9,891761,38201.724,40494.035,42804.346,512,43316.346,200000,156683.654,False,estimated_pass
A:d3a0899e-2093-454c-9f65-30087883193a_1_1,A,d3a0899e-2093-454c-9f65-30087883193a_1_1,0,91656,33569.67,35608.039,37646.409,512,38158.409,200000,161841.59100000001,False,estimated_pass
B:d3a0899e-2093-454c-9f65-30087883193a_1_1,B,d3a0899e-2093-454c-9f65-30087883193a_1_1,9,834844,5261.452,5821.738,6400.025,512,6912.025,200000,193087.975,False,estimated_pass
D:d3a0899e-2093-454c-9f65-30087883193a_1_1,D,d3a0899e-2093-454c-9f65-30087883193a_1_1,9,924832,38169.917,40462.227,42772.538,512,43284.538,200000,156715.462,False,estimated_pass
A:d3a0899e-2093-454c-9f65-30087883193a_17_13,A,d3a0899e-2093-454c-9f65-30087883193a_17_13,0,91614,33558.629,35596.999,37635.368,512,38147.368,200000,161852.63199999998,False,estimated_pass
B:d3a0899e-2093-454c-9f65-30087883193a_17_13,B,d3a0899e-2093-454c-9f65-30087883193a_17_13,8,538319,4740.587,5272.658,5820.728,512,6332.728,200000,193667.272,False,estimated_pass
D:d3a0899e-2093-454c-9f65-30087883193a_17_13,D,d3a0899e-2093-454c-9f65-30087883193a_17_13,8,628307,37649.052,39913.147,42193.242,512,42705.242,200000,157294.758,False,estimated_pass
A:d3a0899e-2093-454c-9f65-30087883193a_17_28,A,d3a0899e-2093-454c-9f65-30087883193a_17_28,0,91616,33559.155,35597.524,37635.894,512,38147.894,200000,161852.106,False,estimated_pass
B:d3a0899e-2093-454c-9f65-30087883193a_17_28,B,d3a0899e-2093-454c-9f65-30087883193a_17_28,16,1342016,8833.113,9590.909,10380.705,512,10892.705,200000,189107.295,False,estimated_pass
D:d3a0899e-2093-454c-9f65-30087883193a_17_28,D,d3a0899e-2093-454c-9f65-30087883193a_17_28,16,1432004,41741.578,44231.398,46753.219,512,47265.219,200000,152734.78100000002,False,estimated_pass
A:d3a0899e-2093-454c-9f65-30087883193a_4_7,A,d3a0899e-2093-454c-9f65-30087883193a_4_7,0,92041,33670.876,35709.245,37747.615,512,38259.615,200000,161740.385,False,estimated_pass
B:d3a0899e-2093-454c-9f65-30087883193a_4_7,B,d3a0899e-2093-454c-9f65-30087883193a_4_7,15,1338465,8431.592,9161.173,9920.753,512,10432.753,200000,189567.247,False,estimated_pass
D:d3a0899e-2093-454c-9f65-30087883193a_4_7,D,d3a0899e-2093-454c-9f65-30087883193a_4_7,15,1428453,41340.057,43801.662,46293.267,512,46805.267,200000,153194.733,False,estimated_pass
A:d3a0899e-2093-454c-9f65-30087883193a_8_3,A,d3a0899e-2093-454c-9f65-30087883193a_8_3,0,92094,33684.808,35723.178,37761.547,512,38273.547,200000,161726.453,False,estimated_pass
B:d3a0899e-2093-454c-9f65-30087883193a_8_3,B,d3a0899e-2093-454c-9f65-30087883193a_8_3,9,483561,5377.379,5937.665,6515.952,512,7027.952,200000,192972.048,False,estimated_pass
D:d3a0899e-2093-454c-9f65-30087883193a_8_3,D,d3a0899e-2093-454c-9f65-30087883193a_8_3,9,573549,38285.844,40578.154,42888.465,512,43400.465,200000,156599.535,False,estimated_pass
A:d3a0899e-2093-454c-9f65-30087883193a_8_21,A,d3a0899e-2093-454c-9f65-30087883193a_8_21,0,92055,33674.556,35712.926,37751.295,512,38263.295,200000,161736.70500000002,False,estimated_pass
B:d3a0899e-2093-454c-9f65-30087883193a_8_21,B,d3a0899e-2093-454c-9f65-30087883193a_8_21,7,384383,4345.113,4848.968,5366.823,512,5878.823,200000,194121.177,False,estimated_pass
D:d3a0899e-2093-454c-9f65-30087883193a_8_21,D,d3a0899e-2093-454c-9f65-30087883193a_8_21,7,474371,37253.577,39489.457,41739.336,512,42251.336,200000,157748.664,False,estimated_pass
A:d3a0899e-2093-454c-9f65-30087883193a_5_24,A,d3a0899e-2093-454c-9f65-30087883193a_5_24,0,92429,33772.871,35811.24,37849.61,512,38361.61,200000,161638.39,False,estimated_pass
B:d3a0899e-2093-454c-9f65-30087883193a_5_24,B,d3a0899e-2093-454c-9f65-30087883193a_5_24,9,722281,5462.55,6022.836,6601.122,512,7113.122,200000,192886.878,False,estimated_pass
D:d3a0899e-2093-454c-9f65-30087883193a_5_24,D,d3a0899e-2093-454c-9f65-30087883193a_5_24,9,812269,38371.015,40663.325,42973.636,512,43485.636,200000,156514.364,False,estimated_pass
A:d3a0899e-2093-454c-9f65-30087883193a_7_9,A,d3a0899e-2093-454c-9f65-30087883193a_7_9,0,91799,33607.261,35645.63,37684.0,512,38196.0,200000,161804.0,False,estimated_pass
B:d3a0899e-2093-454c-9f65-30087883193a_7_9,B,d3a0899e-2093-454c-9f65-30087883193a_7_9,9,812804,5301.409,5861.695,6439.981,512,6951.981,200000,193048.019,False,estimated_pass
D:d3a0899e-2093-454c-9f65-30087883193a_7_9,D,d3a0899e-2093-454c-9f65-30087883193a_7_9,9,902792,38209.873,40502.184,42812.495,512,43324.495,200000,156675.505,False,estimated_pass
A:d3a0899e-2093-454c-9f65-30087883193a_17_19,A,d3a0899e-2093-454c-9f65-30087883193a_17_19,0,91595,33553.634,35592.004,37630.374,512,38142.374,200000,161857.626,False,estimated_pass
B:d3a0899e-2093-454c-9f65-30087883193a_17_19,B,d3a0899e-2093-454c-9f65-30087883193a_17_19,3,207790,2179.374,2570.366,2967.358,512,3479.358,200000,196520.642,False,estimated_pass
D:d3a0899e-2093-454c-9f65-30087883193a_17_19,D,d3a0899e-2093-454c-9f65-30087883193a_17_19,3,297778,35087.839,37210.855,39339.872,512,39851.872,200000,160148.128,False,estimated_pass
A:d3a0899e-2093-454c-9f65-30087883193a_7_26,A,d3a0899e-2093-454c-9f65-30087883193a_7_26,0,91862,33623.822,35662.191,37700.561,512,38212.561,200000,161787.439,False,estimated_pass
B:d3a0899e-2093-454c-9f65-30087883193a_7_26,B,d3a0899e-2093-454c-9f65-30087883193a_7_26,9,702269,5316.392,5876.679,6454.965,512,6966.965,200000,193033.035,False,estimated_pass
D:d3a0899e-2093-454c-9f65-30087883193a_7_26,D,d3a0899e-2093-454c-9f65-30087883193a_7_26,9,792257,38224.857,40517.168,42827.479,512,43339.479,200000,156660.521,False,estimated_pass
A:d3a0899e-2093-454c-9f65-30087883193a_11_17,A,d3a0899e-2093-454c-9f65-30087883193a_11_17,0,91679,33575.716,35614.085,37652.455,512,38164.455,200000,161835.54499999998,False,estimated_pass
B:d3a0899e-2093-454c-9f65-30087883193a_11_17,B,d3a0899e-2093-454c-9f65-30087883193a_11_17,12,1319646,6801.702,7446.636,8115.569,512,8627.569,200000,191372.431,False,estimated_pass
D:d3a0899e-2093-454c-9f65-30087883193a_11_17,D,d3a0899e-2093-454c-9f65-30087883193a_11_17,12,1409634,39710.167,42087.125,44488.083,512,45000.083,200000,154999.91700000002,False,estimated_pass
A:d3a0899e-2093-454c-9f65-30087883193a_17_20,A,d3a0899e-2093-454c-9f65-30087883193a_17_20,0,92060,33675.87,35714.24,37752.61,512,38264.61,200000,161735.39,False,estimated_pass
B:d3a0899e-2093-454c-9f65-30087883193a_17_20,B,d3a0899e-2093-454c-9f65-30087883193a_17_20,16,995847,8946.411,9704.207,10494.003,512,11006.003,200000,188993.997,False,estimated_pass
D:d3a0899e-2093-454c-9f65-30087883193a_17_20,D,d3a0899e-2093-454c-9f65-30087883193a_17_20,16,1085835,41854.876,44344.696,46866.517,512,47378.517,200000,152621.483,False,estimated_pass
A:d3a0899e-2093-454c-9f65-30087883193a_12_22,A,d3a0899e-2093-454c-9f65-30087883193a_12_22,0,91624,33561.258,35599.627,37637.997,512,38149.997,200000,161850.003,False,estimated_pass
B:d3a0899e-2093-454c-9f65-30087883193a_12_22,B,d3a0899e-2093-454c-9f65-30087883193a_12_22,6,364594,3721.202,4196.841,4684.48,512,5196.48,200000,194803.52,False,estimated_pass
D:d3a0899e-2093-454c-9f65-30087883193a_12_22,D,d3a0899e-2093-454c-9f65-30087883193a_12_22,6,454582,36629.666,38837.33,41056.994,512,41568.994,200000,158431.006,False,estimated_pass
A:d3a0899e-2093-454c-9f65-30087883193a_17_8,A,d3a0899e-2093-454c-9f65-30087883193a_17_8,0,91571,33547.325,35585.695,37624.065,512,38136.065,200000,161863.935,False,estimated_pass
B:d3a0899e-2093-454c-9f65-30087883193a_17_8,B,d3a0899e-2093-454c-9f65-30087883193a_17_8,3,114654,2173.065,2564.057,2961.049,512,3473.049,200000,196526.951,False,estimated_pass
D:d3a0899e-2093-454c-9f65-30087883193a_17_8,D,d3a0899e-2093-454c-9f65-30087883193a_17_8,3,204642,35081.53,37204.546,39333.563,512,39845.563,200000,160154.437,False,estimated_pass
A:d3a0899e-2093-454c-9f65-30087883193a_8_16,A,d3a0899e-2093-454c-9f65-30087883193a_8_16,0,91699,33580.973,35619.343,37657.712,512,38169.712,200000,161830.288,False,estimated_pass
B:d3a0899e-2093-454c-9f65-30087883193a_8_16,B,d3a0899e-2093-454c-9f65-30087883193a_8_16,8,632830,4763.457,5295.528,5843.598,512,6355.598,200000,193644.402,False,estimated_pass
D:d3a0899e-2093-454c-9f65-30087883193a_8_16,D,d3a0899e-2093-454c-9f65-30087883193a_8_16,8,722818,37671.922,39936.017,42216.112,512,42728.112,200000,157271.888,False,estimated_pass
A:d3a0899e-2093-454c-9f65-30087883193a_4_33,A,d3a0899e-2093-454c-9f65-30087883193a_4_33,0,92150,33699.529,35737.899,37776.268,512,38288.268,200000,161711.73200000002,False,estimated_pass
B:d3a0899e-2093-454c-9f65-30087883193a_4_33,B,d3a0899e-2093-454c-9f65-30087883193a_4_33,9,775319,5391.574,5951.86,6530.147,512,7042.147,200000,192957.853,False,estimated_pass
D:d3a0899e-2093-454c-9f65-30087883193a_4_33,D,d3a0899e-2093-454c-9f65-30087883193a_4_33,9,865307,38300.039,40592.35,42902.66,512,43414.66,200000,156585.34,False,estimated_pass
A:d3a0899e-2093-454c-9f65-30087883193a_7_29,A,d3a0899e-2093-454c-9f65-30087883193a_7_29,0,91882,33629.079,35667.449,37705.818,512,38217.818,200000,161782.182,False,estimated_pass
B:d3a0899e-2093-454c-9f65-30087883193a_7_29,B,d3a0899e-2093-454c-9f65-30087883193a_7_29,9,634940,5322.439,5882.725,6461.011,512,6973.011,200000,193026.989,False,estimated_pass
D:d3a0899e-2093-454c-9f65-30087883193a_7_29,D,d3a0899e-2093-454c-9f65-30087883193a_7_29,9,724928,38230.903,40523.214,42833.525,512,43345.525,200000,156654.475,False,estimated_pass
A:d3a0899e-2093-454c-9f65-30087883193a_2_1,A,d3a0899e-2093-454c-9f65-30087883193a_2_1,0,91774,33600.689,35639.058,37677.428,512,38189.428,200000,161810.572,False,estimated_pass
B:d3a0899e-2093-454c-9f65-30087883193a_2_1,B,d3a0899e-2093-454c-9f65-30087883193a_2_1,8,755892,4781.858,5313.929,5861.999,512,6373.999,200000,193626.001,False,estimated_pass
D:d3a0899e-2093-454c-9f65-30087883193a_2_1,D,d3a0899e-2093-454c-9f65-30087883193a_2_1,8,845880,37690.323,39954.418,42234.513,512,42746.513,200000,157253.487,False,estimated_pass
A:d3a0899e-2093-454c-9f65-30087883193a_4_10,A,d3a0899e-2093-454c-9f65-30087883193a_4_10,0,91833,33616.198,35654.568,37692.937,512,38204.937,200000,161795.063,False,estimated_pass
B:d3a0899e-2093-454c-9f65-30087883193a_4_10,B,d3a0899e-2093-454c-9f65-30087883193a_4_10,9,811891,5308.506,5868.793,6447.079,512,6959.079,200000,193040.921,False,estimated_pass
D:d3a0899e-2093-454c-9f65-30087883193a_4_10,D,d3a0899e-2093-454c-9f65-30087883193a_4_10,9,901879,38216.971,40509.282,42819.592,512,43331.592,200000,156668.408,False,estimated_pass
A:d3a0899e-2093-454c-9f65-30087883193a_17_35,A,d3a0899e-2093-454c-9f65-30087883193a_17_35,0,91545,33540.491,35578.86,37617.23,512,38129.23,200000,161870.77,False,estimated_pass
B:d3a0899e-2093-454c-9f65-30087883193a_17_35,B,d3a0899e-2093-454c-9f65-30087883193a_17_35,9,729046,5234.639,5794.925,6373.211,512,6885.211,200000,193114.789,False,estimated_pass
D:d3a0899e-2093-454c-9f65-30087883193a_17_35,D,d3a0899e-2093-454c-9f65-30087883193a_17_35,9,819034,38143.104,40435.414,42745.725,512,43257.725,200000,156742.275,False,estimated_pass
A:d3a0899e-2093-454c-9f65-30087883193a_8_36,A,d3a0899e-2093-454c-9f65-30087883193a_8_36,0,92059,33675.608,35713.977,37752.347,512,38264.347,200000,161735.653,False,estimated_pass
B:d3a0899e-2093-454c-9f65-30087883193a_8_36,B,d3a0899e-2093-454c-9f65-30087883193a_8_36,9,533844,5368.704,5928.99,6507.277,512,7019.277,200000,192980.723,False,estimated_pass
D:d3a0899e-2093-454c-9f65-30087883193a_8_36,D,d3a0899e-2093-454c-9f65-30087883193a_8_36,9,623832,38277.169,40569.48,42879.79,512,43391.79,200000,156608.21,False,estimated_pass
A:41a86310-2cc1-48f9-b5b5-6b495a95fbac_11_34,A,41a86310-2cc1-48f9-b5b5-6b495a95fbac_11_34,0,67976,25427.233,27030.053,28632.873,512,29144.873,200000,170855.127,False,estimated_pass
B:41a86310-2cc1-48f9-b5b5-6b495a95fbac_11_34,B,41a86310-2cc1-48f9-b5b5-6b495a95fbac_11_34,15,868704,8464.977,9194.558,9954.138,512,10466.138,200000,189533.862,False,estimated_pass
D:41a86310-2cc1-48f9-b5b5-6b495a95fbac_11_34,D,41a86310-2cc1-48f9-b5b5-6b495a95fbac_11_34,15,934506,33097.992,35124.047,37180.102,512,37692.102,200000,162307.898,False,estimated_pass
A:41a86310-2cc1-48f9-b5b5-6b495a95fbac_17_15,A,41a86310-2cc1-48f9-b5b5-6b495a95fbac_17_15,0,67406,25277.396,26880.215,28483.035,512,28995.035,200000,171004.965,False,estimated_pass
B:41a86310-2cc1-48f9-b5b5-6b495a95fbac_17_15,B,41a86310-2cc1-48f9-b5b5-6b495a95fbac_17_15,10,551130,5758.395,6346.897,6955.399,512,7467.399,200000,192532.601,False,estimated_pass
D:41a86310-2cc1-48f9-b5b5-6b495a95fbac_17_15,D,41a86310-2cc1-48f9-b5b5-6b495a95fbac_17_15,10,616932,30391.41,32276.387,34181.363,512,34693.363,200000,165306.637,False,estimated_pass
A:41a86310-2cc1-48f9-b5b5-6b495a95fbac_5_20,A,41a86310-2cc1-48f9-b5b5-6b495a95fbac_5_20,0,67939,25417.507,27020.327,28623.146,512,29135.146,200000,170864.854,False,estimated_pass
B:41a86310-2cc1-48f9-b5b5-6b495a95fbac_5_20,B,41a86310-2cc1-48f9-b5b5-6b495a95fbac_5_20,12,557730,6918.418,7563.351,8232.285,512,8744.285,200000,191255.715,False,estimated_pass
D:41a86310-2cc1-48f9-b5b5-6b495a95fbac_5_20,D,41a86310-2cc1-48f9-b5b5-6b495a95fbac_5_20,12,623532,31551.433,33492.841,35458.248,512,35970.248,200000,164029.752,False,estimated_pass
A:41a86310-2cc1-48f9-b5b5-6b495a95fbac_6_24,A,41a86310-2cc1-48f9-b5b5-6b495a95fbac_6_24,0,67804,25382.019,26984.839,28587.659,512,29099.659,200000,170900.34100000001,False,estimated_pass
B:41a86310-2cc1-48f9-b5b5-6b495a95fbac_6_24,B,41a86310-2cc1-48f9-b5b5-6b495a95fbac_6_24,15,883119,8418.449,9148.029,9907.609,512,10419.609,200000,189580.391,False,estimated_pass
D:41a86310-2cc1-48f9-b5b5-6b495a95fbac_6_24,D,41a86310-2cc1-48f9-b5b5-6b495a95fbac_6_24,15,948921,33051.464,35077.518,37133.573,512,37645.573,200000,162354.427,False,estimated_pass
A:41a86310-2cc1-48f9-b5b5-6b495a95fbac_11_19,A,41a86310-2cc1-48f9-b5b5-6b495a95fbac_11_19,0,67511,25304.997,26907.817,28510.637,512,29022.637,200000,170977.363,False,estimated_pass
B:41a86310-2cc1-48f9-b5b5-6b495a95fbac_11_19,B,41a86310-2cc1-48f9-b5b5-6b495a95fbac_11_19,15,756268,8341.953,9071.533,9831.113,512,10343.113,200000,189656.887,False,estimated_pass
D:41a86310-2cc1-48f9-b5b5-6b495a95fbac_11_19,D,41a86310-2cc1-48f9-b5b5-6b495a95fbac_11_19,15,822070,32974.967,35001.022,37057.077,512,37569.077,200000,162430.923,False,estimated_pass
A:41a86310-2cc1-48f9-b5b5-6b495a95fbac_8_11,A,41a86310-2cc1-48f9-b5b5-6b495a95fbac_8_11,0,67728,25362.041,26964.861,28567.68,512,29079.68,200000,170920.32,False,estimated_pass
B:41a86310-2cc1-48f9-b5b5-6b495a95fbac_8_11,B,41a86310-2cc1-48f9-b5b5-6b495a95fbac_8_11,9,450465,5330.062,5890.348,6468.634,512,6980.634,200000,193019.366,False,estimated_pass
D:41a86310-2cc1-48f9-b5b5-6b495a95fbac_8_11,D,41a86310-2cc1-48f9-b5b5-6b495a95fbac_8_11,9,516267,29963.077,31819.837,33694.598,512,34206.598,200000,165793.402,False,estimated_pass
A:41a86310-2cc1-48f9-b5b5-6b495a95fbac_6_32,A,41a86310-2cc1-48f9-b5b5-6b495a95fbac_6_32,0,67813,25384.385,26987.205,28590.024,512,29102.024,200000,170897.976,False,estimated_pass
B:41a86310-2cc1-48f9-b5b5-6b495a95fbac_6_32,B,41a86310-2cc1-48f9-b5b5-6b495a95fbac_6_32,9,509736,5352.932,5913.218,6491.504,512,7003.504,200000,192996.496,False,estimated_pass
D:41a86310-2cc1-48f9-b5b5-6b495a95fbac_6_32,D,41a86310-2cc1-48f9-b5b5-6b495a95fbac_6_32,9,575538,29985.947,31842.707,33717.468,512,34229.468,200000,165770.532,False,estimated_pass
A:41a86310-2cc1-48f9-b5b5-6b495a95fbac_17_2,A,41a86310-2cc1-48f9-b5b5-6b495a95fbac_17_2,0,67398,25275.293,26878.112,28480.932,512,28992.932,200000,171007.068,False,estimated_pass
B:41a86310-2cc1-48f9-b5b5-6b495a95fbac_17_2,B,41a86310-2cc1-48f9-b5b5-6b495a95fbac_17_2,3,207060,2175.694,2566.686,2963.678,512,3475.678,200000,196524.322,False,estimated_pass
D:41a86310-2cc1-48f9-b5b5-6b495a95fbac_17_2,D,41a86310-2cc1-48f9-b5b5-6b495a95fbac_17_2,3,272862,26808.709,28496.175,30189.642,512,30701.642,200000,169298.358,False,estimated_pass
A:41a86310-2cc1-48f9-b5b5-6b495a95fbac_8_22,A,41a86310-2cc1-48f9-b5b5-6b495a95fbac_8_22,0,68055,25448.0,27050.82,28653.64,512,29165.64,200000,170834.36,False,estimated_pass
B:41a86310-2cc1-48f9-b5b5-6b495a95fbac_8_22,B,41a86310-2cc1-48f9-b5b5-6b495a95fbac_8_22,9,299658,5415.496,5975.782,6554.068,512,7066.068,200000,192933.932,False,estimated_pass
D:41a86310-2cc1-48f9-b5b5-6b495a95fbac_8_22,D,41a86310-2cc1-48f9-b5b5-6b495a95fbac_8_22,9,365460,30048.51,31905.271,33780.032,512,34292.032,200000,165707.968,False,estimated_pass
A:41a86310-2cc1-48f9-b5b5-6b495a95fbac_17_33,A,41a86310-2cc1-48f9-b5b5-6b495a95fbac_17_33,0,67392,25273.716,26876.535,28479.355,512,28991.355,200000,171008.645,False,estimated_pass
B:41a86310-2cc1-48f9-b5b5-6b495a95fbac_17_33,B,41a86310-2cc1-48f9-b5b5-6b495a95fbac_17_33,15,948844,8310.408,9039.988,9799.569,512,10311.569,200000,189688.431,False,estimated_pass
D:41a86310-2cc1-48f9-b5b5-6b495a95fbac_17_33,D,41a86310-2cc1-48f9-b5b5-6b495a95fbac_17_33,15,1014646,32943.423,34969.477,37025.532,512,37537.532,200000,162462.468,False,estimated_pass
A:41a86310-2cc1-48f9-b5b5-6b495a95fbac_4_25,A,41a86310-2cc1-48f9-b5b5-6b495a95fbac_4_25,0,67631,25336.542,26939.362,28542.182,512,29054.182,200000,170945.818,False,estimated_pass
B:41a86310-2cc1-48f9-b5b5-6b495a95fbac_4_25,B,41a86310-2cc1-48f9-b5b5-6b495a95fbac_4_25,9,499674,5306.14,5866.427,6444.713,512,6956.713,200000,193043.287,False,estimated_pass
D:41a86310-2cc1-48f9-b5b5-6b495a95fbac_4_25,D,41a86310-2cc1-48f9-b5b5-6b495a95fbac_4_25,9,565476,29939.155,31795.916,33670.677,512,34182.677,200000,165817.323,False,estimated_pass
A:41a86310-2cc1-48f9-b5b5-6b495a95fbac_6_27,A,41a86310-2cc1-48f9-b5b5-6b495a95fbac_6_27,0,67810,25383.597,26986.416,28589.236,512,29101.236,200000,170898.764,False,estimated_pass
B:41a86310-2cc1-48f9-b5b5-6b495a95fbac_6_27,B,41a86310-2cc1-48f9-b5b5-6b495a95fbac_6_27,9,513090,5352.406,5912.692,6490.979,512,7002.979,200000,192997.021,False,estimated_pass
D:41a86310-2cc1-48f9-b5b5-6b495a95fbac_6_27,D,41a86310-2cc1-48f9-b5b5-6b495a95fbac_6_27,9,578892,29985.421,31842.182,33716.942,512,34228.942,200000,165771.058,False,estimated_pass
A:41a86310-2cc1-48f9-b5b5-6b495a95fbac_11_4,A,41a86310-2cc1-48f9-b5b5-6b495a95fbac_11_4,0,67548,25314.724,26917.543,28520.363,512,29032.363,200000,170967.637,False,estimated_pass
B:41a86310-2cc1-48f9-b5b5-6b495a95fbac_11_4,B,41a86310-2cc1-48f9-b5b5-6b495a95fbac_11_4,9,472131,5284.322,5844.608,6422.894,512,6934.894,200000,193065.106,False,estimated_pass
D:41a86310-2cc1-48f9-b5b5-6b495a95fbac_11_4,D,41a86310-2cc1-48f9-b5b5-6b495a95fbac_11_4,9,537933,29917.337,31774.097,33648.858,512,34160.858,200000,165839.142,False,estimated_pass
A:41a86310-2cc1-48f9-b5b5-6b495a95fbac_17_21,A,41a86310-2cc1-48f9-b5b5-6b495a95fbac_17_21,0,67359,25265.041,26867.86,28470.68,512,28982.68,200000,171017.32,False,estimated_pass
B:41a86310-2cc1-48f9-b5b5-6b495a95fbac_17_21,B,41a86310-2cc1-48f9-b5b5-6b495a95fbac_17_21,6,316436,3699.646,4175.285,4662.924,512,5174.924,200000,194825.076,False,estimated_pass
D:41a86310-2cc1-48f9-b5b5-6b495a95fbac_17_21,D,41a86310-2cc1-48f9-b5b5-6b495a95fbac_17_21,6,382238,28332.661,30104.774,31888.888,512,32400.888,200000,167599.112,False,estimated_pass
A:41a86310-2cc1-48f9-b5b5-6b495a95fbac_7_39,A,41a86310-2cc1-48f9-b5b5-6b495a95fbac_7_39,0,67645,25340.222,26943.042,28545.862,512,29057.862,200000,170942.138,False,estimated_pass
B:41a86310-2cc1-48f9-b5b5-6b495a95fbac_7_39,B,41a86310-2cc1-48f9-b5b5-6b495a95fbac_7_39,8,423821,4797.893,5329.964,5878.035,512,6390.035,200000,193609.965,False,estimated_pass
D:41a86310-2cc1-48f9-b5b5-6b495a95fbac_7_39,D,41a86310-2cc1-48f9-b5b5-6b495a95fbac_7_39,8,489623,29430.908,31259.453,33103.998,512,33615.998,200000,166384.002,False,estimated_pass
A:41a86310-2cc1-48f9-b5b5-6b495a95fbac_6_14,A,41a86310-2cc1-48f9-b5b5-6b495a95fbac_6_14,0,67810,25383.597,26986.416,28589.236,512,29101.236,200000,170898.764,False,estimated_pass
B:41a86310-2cc1-48f9-b5b5-6b495a95fbac_6_14,B,41a86310-2cc1-48f9-b5b5-6b495a95fbac_6_14,9,517634,5352.406,5912.692,6490.979,512,7002.979,200000,192997.021,False,estimated_pass
D:41a86310-2cc1-48f9-b5b5-6b495a95fbac_6_14,D,41a86310-2cc1-48f9-b5b5-6b495a95fbac_6_14,9,583436,29985.421,31842.182,33716.942,512,34228.942,200000,165771.058,False,estimated_pass
A:41a86310-2cc1-48f9-b5b5-6b495a95fbac_17_26,A,41a86310-2cc1-48f9-b5b5-6b495a95fbac_17_26,0,68480,25559.722,27162.541,28765.361,512,29277.361,200000,170722.639,False,estimated_pass
B:41a86310-2cc1-48f9-b5b5-6b495a95fbac_17_26,B,41a86310-2cc1-48f9-b5b5-6b495a95fbac_17_26,12,557719,7060.632,7705.566,8374.499,512,8886.499,200000,191113.501,False,estimated_pass
D:41a86310-2cc1-48f9-b5b5-6b495a95fbac_17_26,D,41a86310-2cc1-48f9-b5b5-6b495a95fbac_17_26,12,623521,31693.647,33635.055,35600.463,512,36112.463,200000,163887.537,False,estimated_pass
A:41a86310-2cc1-48f9-b5b5-6b495a95fbac_17_10,A,41a86310-2cc1-48f9-b5b5-6b495a95fbac_17_10,0,67372,25268.458,26871.278,28474.097,512,28986.097,200000,171013.903,False,estimated_pass
B:41a86310-2cc1-48f9-b5b5-6b495a95fbac_17_10,B,41a86310-2cc1-48f9-b5b5-6b495a95fbac_17_10,3,169299,2169.122,2560.114,2957.106,512,3469.106,200000,196530.894,False,estimated_pass
D:41a86310-2cc1-48f9-b5b5-6b495a95fbac_17_10,D,41a86310-2cc1-48f9-b5b5-6b495a95fbac_17_10,3,235101,26802.137,28489.603,30183.07,512,30695.07,200000,169304.93,False,estimated_pass
A:41a86310-2cc1-48f9-b5b5-6b495a95fbac_17_23,A,41a86310-2cc1-48f9-b5b5-6b495a95fbac_17_23,0,69287,25771.86,27374.68,28977.499,512,29489.499,200000,170510.501,False,estimated_pass
B:41a86310-2cc1-48f9-b5b5-6b495a95fbac_17_23,B,41a86310-2cc1-48f9-b5b5-6b495a95fbac_17_23,14,684806,8296.1,8997.464,9726.829,512,10238.829,200000,189761.171,False,estimated_pass
D:41a86310-2cc1-48f9-b5b5-6b495a95fbac_17_23,D,41a86310-2cc1-48f9-b5b5-6b495a95fbac_17_23,14,750608,32929.114,34926.953,36952.793,512,37464.793,200000,162535.207,False,estimated_pass
A:41a86310-2cc1-48f9-b5b5-6b495a95fbac_11_31,A,41a86310-2cc1-48f9-b5b5-6b495a95fbac_11_31,0,67567,25319.718,26922.538,28525.358,512,29037.358,200000,170962.642,False,estimated_pass
B:41a86310-2cc1-48f9-b5b5-6b495a95fbac_11_31,B,41a86310-2cc1-48f9-b5b5-6b495a95fbac_11_31,8,462145,4777.915,5309.986,5858.056,512,6370.056,200000,193629.944,False,estimated_pass
D:41a86310-2cc1-48f9-b5b5-6b495a95fbac_11_31,D,41a86310-2cc1-48f9-b5b5-6b495a95fbac_11_31,8,527947,29410.93,31239.475,33084.02,512,33596.02,200000,166403.98,False,estimated_pass
A:41a86310-2cc1-48f9-b5b5-6b495a95fbac_23_8,A,41a86310-2cc1-48f9-b5b5-6b495a95fbac_23_8,0,68394,25537.114,27139.934,28742.754,512,29254.754,200000,170745.24599999998,False,estimated_pass
B:41a86310-2cc1-48f9-b5b5-6b495a95fbac_23_8,B,41a86310-2cc1-48f9-b5b5-6b495a95fbac_23_8,9,254159,5504.084,6064.37,6642.656,512,7154.656,200000,192845.344,False,estimated_pass
D:41a86310-2cc1-48f9-b5b5-6b495a95fbac_23_8,D,41a86310-2cc1-48f9-b5b5-6b495a95fbac_23_8,9,319961,30137.099,31993.859,33868.62,512,34380.62,200000,165619.38,False,estimated_pass
A:41a86310-2cc1-48f9-b5b5-6b495a95fbac_7_17,A,41a86310-2cc1-48f9-b5b5-6b495a95fbac_7_17,0,67640,25338.908,26941.728,28544.547,512,29056.547,200000,170943.453,False,estimated_pass
B:41a86310-2cc1-48f9-b5b5-6b495a95fbac_7_17,B,41a86310-2cc1-48f9-b5b5-6b495a95fbac_7_17,9,473540,5307.718,5868.004,6446.29,512,6958.29,200000,193041.71,False,estimated_pass
D:41a86310-2cc1-48f9-b5b5-6b495a95fbac_7_17,D,41a86310-2cc1-48f9-b5b5-6b495a95fbac_7_17,9,539342,29940.732,31797.493,33672.254,512,34184.254,200000,165815.74599999998,False,estimated_pass
A:41a86310-2cc1-48f9-b5b5-6b495a95fbac_17_13,A,41a86310-2cc1-48f9-b5b5-6b495a95fbac_17_13,0,67447,25288.174,26890.993,28493.813,512,29005.813,200000,170994.187,False,estimated_pass
B:41a86310-2cc1-48f9-b5b5-6b495a95fbac_17_13,B,41a86310-2cc1-48f9-b5b5-6b495a95fbac_17_13,4,234297,2700.765,3119.972,3547.18,512,4059.18,200000,195940.82,False,estimated_pass
D:41a86310-2cc1-48f9-b5b5-6b495a95fbac_17_13,D,41a86310-2cc1-48f9-b5b5-6b495a95fbac_17_13,4,300099,27333.779,29049.462,30773.144,512,31285.144,200000,168714.856,False,estimated_pass
A:41a86310-2cc1-48f9-b5b5-6b495a95fbac_17_38,A,41a86310-2cc1-48f9-b5b5-6b495a95fbac_17_38,0,67429,25283.442,26886.262,28489.081,512,29001.081,200000,170998.919,False,estimated_pass
B:41a86310-2cc1-48f9-b5b5-6b495a95fbac_17_38,B,41a86310-2cc1-48f9-b5b5-6b495a95fbac_17_38,3,174906,2184.631,2575.624,2972.616,512,3484.616,200000,196515.384,False,estimated_pass
D:41a86310-2cc1-48f9-b5b5-6b495a95fbac_17_38,D,41a86310-2cc1-48f9-b5b5-6b495a95fbac_17_38,3,240708,26817.646,28505.113,30198.58,512,30710.58,200000,169289.41999999998,False,estimated_pass
A:41a86310-2cc1-48f9-b5b5-6b495a95fbac_11_1,A,41a86310-2cc1-48f9-b5b5-6b495a95fbac_11_1,0,67549,25314.987,26917.806,28520.626,512,29032.626,200000,170967.374,False,estimated_pass
B:41a86310-2cc1-48f9-b5b5-6b495a95fbac_11_1,B,41a86310-2cc1-48f9-b5b5-6b495a95fbac_11_1,5,276340,3238.979,3686.403,4143.826,512,4655.826,200000,195344.174,False,estimated_pass
D:41a86310-2cc1-48f9-b5b5-6b495a95fbac_11_1,D,41a86310-2cc1-48f9-b5b5-6b495a95fbac_11_1,5,342142,27871.994,29615.892,31369.79,512,31881.79,200000,168118.21,False,estimated_pass
A:db3f7933-dfa0-4678-9d4f-393b628ded45_7_21,A,db3f7933-dfa0-4678-9d4f-393b628ded45_7_21,0,44707,16615.625,17759.145,18902.665,512,19414.665,200000,180585.335,False,estimated_pass
B:db3f7933-dfa0-4678-9d4f-393b628ded45_7_21,B,db3f7933-dfa0-4678-9d4f-393b628ded45_7_21,9,294587,5309.558,5869.844,6448.13,512,6960.13,200000,193039.87,False,estimated_pass
D:db3f7933-dfa0-4678-9d4f-393b628ded45_7_21,D,db3f7933-dfa0-4678-9d4f-393b628ded45_7_21,9,337443,21215.872,22613.333,24028.794,512,24540.794,200000,175459.206,False,estimated_pass
A:db3f7933-dfa0-4678-9d4f-393b628ded45_22_12,A,db3f7933-dfa0-4678-9d4f-393b628ded45_22_12,0,45082,16714.203,17857.723,19001.242,512,19513.242,200000,180486.758,False,estimated_pass
B:db3f7933-dfa0-4678-9d4f-393b628ded45_22_12,B,db3f7933-dfa0-4678-9d4f-393b628ded45_22_12,5,245143,3363.844,3811.267,4268.691,512,4780.691,200000,195219.309,False,estimated_pass
D:db3f7933-dfa0-4678-9d4f-393b628ded45_22_12,D,db3f7933-dfa0-4678-9d4f-393b628ded45_22_12,5,287999,19270.159,20554.757,21849.355,512,22361.355,200000,177638.645,False,estimated_pass
A:db3f7933-dfa0-4678-9d4f-393b628ded45_7_6,A,db3f7933-dfa0-4678-9d4f-393b628ded45_7_6,0,44714,16617.466,17760.985,18904.505,512,19416.505,200000,180583.495,False,estimated_pass
B:db3f7933-dfa0-4678-9d4f-393b628ded45_7_6,B,db3f7933-dfa0-4678-9d4f-393b628ded45_7_6,8,276333,4799.996,5332.067,5880.138,512,6392.138,200000,193607.862,False,estimated_pass
D:db3f7933-dfa0-4678-9d4f-393b628ded45_7_6,D,db3f7933-dfa0-4678-9d4f-393b628ded45_7_6,8,319189,20706.311,22075.556,23460.801,512,23972.801,200000,176027.199,False,estimated_pass
A:db3f7933-dfa0-4678-9d4f-393b628ded45_8_4,A,db3f7933-dfa0-4678-9d4f-393b628ded45_8_4,0,44784,16635.867,17779.386,18922.906,512,19434.906,200000,180565.094,False,estimated_pass
B:db3f7933-dfa0-4678-9d4f-393b628ded45_8_4,B,db3f7933-dfa0-4678-9d4f-393b628ded45_8_4,7,297749,4307.785,4811.64,5329.495,512,5841.495,200000,194158.505,False,estimated_pass
D:db3f7933-dfa0-4678-9d4f-393b628ded45_8_4,D,db3f7933-dfa0-4678-9d4f-393b628ded45_8_4,7,340605,20214.099,21555.129,22910.158,512,23422.158,200000,176577.842,False,estimated_pass
A:db3f7933-dfa0-4678-9d4f-393b628ded45_7_14,A,db3f7933-dfa0-4678-9d4f-393b628ded45_7_14,0,44734,16622.723,17766.243,18909.762,512,19421.762,200000,180578.238,False,estimated_pass
B:db3f7933-dfa0-4678-9d4f-393b628ded45_7_14,B,db3f7933-dfa0-4678-9d4f-393b628ded45_7_14,15,534579,8383.75,9113.33,9872.91,512,10384.91,200000,189615.09,False,estimated_pass
D:db3f7933-dfa0-4678-9d4f-393b628ded45_7_14,D,db3f7933-dfa0-4678-9d4f-393b628ded45_7_14,15,577435,24290.064,25856.819,27453.574,512,27965.574,200000,172034.426,False,estimated_pass
A:db3f7933-dfa0-4678-9d4f-393b628ded45_7_8,A,db3f7933-dfa0-4678-9d4f-393b628ded45_7_8,0,44699,16613.522,17757.042,18900.562,512,19412.562,200000,180587.438,False,estimated_pass
B:db3f7933-dfa0-4678-9d4f-393b628ded45_7_8,B,db3f7933-dfa0-4678-9d4f-393b628ded45_7_8,15,544073,8373.76,9103.341,9862.921,512,10374.921,200000,189625.079,False,estimated_pass
D:db3f7933-dfa0-4678-9d4f-393b628ded45_7_8,D,db3f7933-dfa0-4678-9d4f-393b628ded45_7_8,15,586929,24280.075,25846.83,27443.585,512,27955.585,200000,172044.415,False,estimated_pass
A:db3f7933-dfa0-4678-9d4f-393b628ded45_6_17,A,db3f7933-dfa0-4678-9d4f-393b628ded45_6_17,0,44703,16614.574,17758.094,18901.613,512,19413.613,200000,180586.387,False,estimated_pass
B:db3f7933-dfa0-4678-9d4f-393b628ded45_6_17,B,db3f7933-dfa0-4678-9d4f-393b628ded45_6_17,14,481837,7863.673,8565.038,9294.403,512,9806.403,200000,190193.597,False,estimated_pass
D:db3f7933-dfa0-4678-9d4f-393b628ded45_6_17,D,db3f7933-dfa0-4678-9d4f-393b628ded45_6_17,14,524693,23769.988,25308.527,26875.066,512,27387.066,200000,172612.934,False,estimated_pass
A:db3f7933-dfa0-4678-9d4f-393b628ded45_17_1,A,db3f7933-dfa0-4678-9d4f-393b628ded45_17_1,0,44417,16539.392,17682.912,18826.432,512,19338.432,200000,180661.568,False,estimated_pass
B:db3f7933-dfa0-4678-9d4f-393b628ded45_17_1,B,db3f7933-dfa0-4678-9d4f-393b628ded45_17_1,11,520772,6258.493,6875.211,7513.929,512,8025.929,200000,191974.071,False,estimated_pass
D:db3f7933-dfa0-4678-9d4f-393b628ded45_17_1,D,db3f7933-dfa0-4678-9d4f-393b628ded45_17_1,11,563628,22164.808,23618.7,25094.592,512,25606.592,200000,174393.408,False,estimated_pass
A:db3f7933-dfa0-4678-9d4f-393b628ded45_2_1,A,db3f7933-dfa0-4678-9d4f-393b628ded45_2_1,0,44938,16676.349,17819.869,18963.388,512,19475.388,200000,180524.612,False,estimated_pass
B:db3f7933-dfa0-4678-9d4f-393b628ded45_2_1,B,db3f7933-dfa0-4678-9d4f-393b628ded45_2_1,8,287286,4859.143,5391.213,5939.284,512,6451.284,200000,193548.71600000001,False,estimated_pass
D:db3f7933-dfa0-4678-9d4f-393b628ded45_2_1,D,db3f7933-dfa0-4678-9d4f-393b628ded45_2_1,8,330142,20765.458,22134.703,23519.948,512,24031.948,200000,175968.052,False,estimated_pass
A:db3f7933-dfa0-4678-9d4f-393b628ded45_7_28,A,db3f7933-dfa0-4678-9d4f-393b628ded45_7_28,0,44684,16609.579,17753.099,18896.619,512,19408.619,200000,180591.381,False,estimated_pass
B:db3f7933-dfa0-4678-9d4f-393b628ded45_7_28,B,db3f7933-dfa0-4678-9d4f-393b628ded45_7_28,8,270252,4791.322,5323.392,5871.463,512,6383.463,200000,193616.537,False,estimated_pass
D:db3f7933-dfa0-4678-9d4f-393b628ded45_7_28,D,db3f7933-dfa0-4678-9d4f-393b628ded45_7_28,8,313108,20697.636,22066.881,23452.126,512,23964.126,200000,176035.874,False,estimated_pass
A:db3f7933-dfa0-4678-9d4f-393b628ded45_7_19,A,db3f7933-dfa0-4678-9d4f-393b628ded45_7_19,0,44733,16622.46,17765.98,18909.499,512,19421.499,200000,180578.501,False,estimated_pass
B:db3f7933-dfa0-4678-9d4f-393b628ded45_7_19,B,db3f7933-dfa0-4678-9d4f-393b628ded45_7_19,16,607710,8894.625,9652.421,10442.217,512,10954.217,200000,189045.783,False,estimated_pass
D:db3f7933-dfa0-4678-9d4f-393b628ded45_7_19,D,db3f7933-dfa0-4678-9d4f-393b628ded45_7_19,16,650566,24800.94,26395.91,28022.881,512,28534.881,200000,171465.119,False,estimated_pass
A:db3f7933-dfa0-4678-9d4f-393b628ded45_6_7,A,db3f7933-dfa0-4678-9d4f-393b628ded45_6_7,0,44776,16633.764,17777.283,18920.803,512,19432.803,200000,180567.197,False,estimated_pass
B:db3f7933-dfa0-4678-9d4f-393b628ded45_6_7,B,db3f7933-dfa0-4678-9d4f-393b628ded45_6_7,16,573381,8904.877,9662.673,10452.469,512,10964.469,200000,189035.531,False,estimated_pass
D:db3f7933-dfa0-4678-9d4f-393b628ded45_6_7,D,db3f7933-dfa0-4678-9d4f-393b628ded45_6_7,16,616237,24811.192,26406.162,28033.133,512,28545.133,200000,171454.867,False,estimated_pass
A:db3f7933-dfa0-4678-9d4f-393b628ded45_21_27,A,db3f7933-dfa0-4678-9d4f-393b628ded45_21_27,0,45256,16759.943,17903.462,19046.982,512,19558.982,200000,180441.018,False,estimated_pass
B:db3f7933-dfa0-4678-9d4f-393b628ded45_21_27,B,db3f7933-dfa0-4678-9d4f-393b628ded45_21_27,12,638100,6990.445,7635.379,8304.312,512,8816.312,200000,191183.688,False,estimated_pass
D:db3f7933-dfa0-4678-9d4f-393b628ded45_21_27,D,db3f7933-dfa0-4678-9d4f-393b628ded45_21_27,12,680956,22896.76,24378.868,25884.975,512,26396.975,200000,173603.025,False,estimated_pass
A:db3f7933-dfa0-4678-9d4f-393b628ded45_22_24,A,db3f7933-dfa0-4678-9d4f-393b628ded45_22_24,0,45035,16701.848,17845.367,18988.887,512,19500.887,200000,180499.113,False,estimated_pass
B:db3f7933-dfa0-4678-9d4f-393b628ded45_22_24,B,db3f7933-dfa0-4678-9d4f-393b628ded45_22_24,12,414883,6929.196,7574.129,8243.062,512,8755.062,200000,191244.938,False,estimated_pass
D:db3f7933-dfa0-4678-9d4f-393b628ded45_22_24,D,db3f7933-dfa0-4678-9d4f-393b628ded45_22_24,12,457739,22835.511,24317.618,25823.726,512,26335.726,200000,173664.274,False,estimated_pass
A:db3f7933-dfa0-4678-9d4f-393b628ded45_22_5,A,db3f7933-dfa0-4678-9d4f-393b628ded45_22_5,0,45088,16715.78,17859.3,19002.819,512,19514.819,200000,180485.181,False,estimated_pass
B:db3f7933-dfa0-4678-9d4f-393b628ded45_22_5,B,db3f7933-dfa0-4678-9d4f-393b628ded45_22_5,9,307816,5408.661,5968.947,6547.233,512,7059.233,200000,192940.767,False,estimated_pass
D:db3f7933-dfa0-4678-9d4f-393b628ded45_22_5,D,db3f7933-dfa0-4678-9d4f-393b628ded45_22_5,9,350672,21314.976,22712.436,24127.897,512,24639.897,200000,175360.103,False,estimated_pass
A:db3f7933-dfa0-4678-9d4f-393b628ded45_17_13,A,db3f7933-dfa0-4678-9d4f-393b628ded45_17_13,0,44416,16539.129,17682.649,18826.169,512,19338.169,200000,180661.831,False,estimated_pass
B:db3f7933-dfa0-4678-9d4f-393b628ded45_17_13,B,db3f7933-dfa0-4678-9d4f-393b628ded45_17_13,3,116616,2166.23,2557.223,2954.215,512,3466.215,200000,196533.785,False,estimated_pass
D:db3f7933-dfa0-4678-9d4f-393b628ded45_17_13,D,db3f7933-dfa0-4678-9d4f-393b628ded45_17_13,3,159472,18072.545,19300.712,20534.878,512,21046.878,200000,178953.122,False,estimated_pass
A:db3f7933-dfa0-4678-9d4f-393b628ded45_7_23,A,db3f7933-dfa0-4678-9d4f-393b628ded45_7_23,0,44711,16616.677,17760.197,18903.716,512,19415.716,200000,180584.28399999999,False,estimated_pass
B:db3f7933-dfa0-4678-9d4f-393b628ded45_7_23,B,db3f7933-dfa0-4678-9d4f-393b628ded45_7_23,12,424257,6843.499,7488.432,8157.366,512,8669.366,200000,191330.634,False,estimated_pass
D:db3f7933-dfa0-4678-9d4f-393b628ded45_7_23,D,db3f7933-dfa0-4678-9d4f-393b628ded45_7_23,12,467113,22749.814,24231.922,25738.029,512,26250.029,200000,173749.971,False,estimated_pass
A:db3f7933-dfa0-4678-9d4f-393b628ded45_7_10,A,db3f7933-dfa0-4678-9d4f-393b628ded45_7_10,0,44692,16611.682,17755.202,18898.722,512,19410.722,200000,180589.278,False,estimated_pass
B:db3f7933-dfa0-4678-9d4f-393b628ded45_7_10,B,db3f7933-dfa0-4678-9d4f-393b628ded45_7_10,6,200737,3771.41,4247.05,4734.689,512,5246.689,200000,194753.311,False,estimated_pass
D:db3f7933-dfa0-4678-9d4f-393b628ded45_7_10,D,db3f7933-dfa0-4678-9d4f-393b628ded45_7_10,6,243593,19677.725,20990.539,22315.352,512,22827.352,200000,177172.648,False,estimated_pass
A:db3f7933-dfa0-4678-9d4f-393b628ded45_6_25,A,db3f7933-dfa0-4678-9d4f-393b628ded45_6_25,0,44782,16635.341,17778.861,18922.38,512,19434.38,200000,180565.62,False,estimated_pass
B:db3f7933-dfa0-4678-9d4f-393b628ded45_6_25,B,db3f7933-dfa0-4678-9d4f-393b628ded45_6_25,16,499739,8906.455,9664.251,10454.047,512,10966.047,200000,189033.953,False,estimated_pass
D:db3f7933-dfa0-4678-9d4f-393b628ded45_6_25,D,db3f7933-dfa0-4678-9d4f-393b628ded45_6_25,16,542595,24812.769,26407.74,28034.71,512,28546.71,200000,171453.29,False,estimated_pass
A:db3f7933-dfa0-4678-9d4f-393b628ded45_4_22,A,db3f7933-dfa0-4678-9d4f-393b628ded45_4_22,0,44689,16610.894,17754.413,18897.933,512,19409.933,200000,180590.067,False,estimated_pass
B:db3f7933-dfa0-4678-9d4f-393b628ded45_4_22,B,db3f7933-dfa0-4678-9d4f-393b628ded45_4_22,3,128285,2237.995,2628.987,3025.979,512,3537.979,200000,196462.021,False,estimated_pass
D:db3f7933-dfa0-4678-9d4f-393b628ded45_4_22,D,db3f7933-dfa0-4678-9d4f-393b628ded45_4_22,3,171141,18144.309,19372.476,20606.643,512,21118.643,200000,178881.357,False,estimated_pass
A:db3f7933-dfa0-4678-9d4f-393b628ded45_17_29,A,db3f7933-dfa0-4678-9d4f-393b628ded45_17_29,0,44410,16537.552,17681.072,18824.591,512,19336.591,200000,180663.40899999999,False,estimated_pass
B:db3f7933-dfa0-4678-9d4f-393b628ded45_17_29,B,db3f7933-dfa0-4678-9d4f-393b628ded45_17_29,12,481325,6765.689,7410.622,8079.555,512,8591.555,200000,191408.445,False,estimated_pass
D:db3f7933-dfa0-4678-9d4f-393b628ded45_17_29,D,db3f7933-dfa0-4678-9d4f-393b628ded45_17_29,12,524181,22672.003,24154.111,25660.219,512,26172.219,200000,173827.781,False,estimated_pass
A:db3f7933-dfa0-4678-9d4f-393b628ded45_17_11,A,db3f7933-dfa0-4678-9d4f-393b628ded45_17_11,0,44676,16607.476,17750.996,18894.516,512,19406.516,200000,180593.484,False,estimated_pass
B:db3f7933-dfa0-4678-9d4f-393b628ded45_17_11,B,db3f7933-dfa0-4678-9d4f-393b628ded45_17_11,9,323027,5302.197,5862.484,6440.77,512,6952.77,200000,193047.23,False,estimated_pass
D:db3f7933-dfa0-4678-9d4f-393b628ded45_17_11,D,db3f7933-dfa0-4678-9d4f-393b628ded45_17_11,9,365883,21208.512,22605.973,24021.434,512,24533.434,200000,175466.566,False,estimated_pass
A:db3f7933-dfa0-4678-9d4f-393b628ded45_11_2,A,db3f7933-dfa0-4678-9d4f-393b628ded45_11_2,0,44522,16566.994,17710.514,18854.033,512,19366.033,200000,180633.967,False,estimated_pass
B:db3f7933-dfa0-4678-9d4f-393b628ded45_11_2,B,db3f7933-dfa0-4678-9d4f-393b628ded45_11_2,9,319491,5263.292,5823.578,6401.865,512,6913.865,200000,193086.135,False,estimated_pass
D:db3f7933-dfa0-4678-9d4f-393b628ded45_11_2,D,db3f7933-dfa0-4678-9d4f-393b628ded45_11_2,9,362347,21169.607,22567.068,23982.528,512,24494.528,200000,175505.472,False,estimated_pass
A:db3f7933-dfa0-4678-9d4f-393b628ded45_12_15,A,db3f7933-dfa0-4678-9d4f-393b628ded45_12_15,0,44457,16549.907,17693.427,18836.946,512,19348.946,200000,180651.054,False,estimated_pass
B:db3f7933-dfa0-4678-9d4f-393b628ded45_12_15,B,db3f7933-dfa0-4678-9d4f-393b628ded45_12_15,5,283359,3199.811,3647.235,4104.658,512,4616.658,200000,195383.342,False,estimated_pass
D:db3f7933-dfa0-4678-9d4f-393b628ded45_12_15,D,db3f7933-dfa0-4678-9d4f-393b628ded45_12_15,5,326215,19106.126,20390.724,21685.322,512,22197.322,200000,177802.678,False,estimated_pass
A:db3f7933-dfa0-4678-9d4f-393b628ded45_20_1,A,db3f7933-dfa0-4678-9d4f-393b628ded45_20_1,0,44721,16619.306,17762.825,18906.345,512,19418.345,200000,180581.655,False,estimated_pass
B:db3f7933-dfa0-4678-9d4f-393b628ded45_20_1,B,db3f7933-dfa0-4678-9d4f-393b628ded45_20_1,11,388227,6336.041,6952.758,7591.476,512,8103.476,200000,191896.524,False,estimated_pass
D:db3f7933-dfa0-4678-9d4f-393b628ded45_20_1,D,db3f7933-dfa0-4678-9d4f-393b628ded45_20_1,11,431083,22242.356,23696.248,25172.14,512,25684.14,200000,174315.86,False,estimated_pass
A:7ddbf8a2-5b3e-44cd-b9dc-db17ec06831b_6_7,A,7ddbf8a2-5b3e-44cd-b9dc-db17ec06831b_6_7,0,137553,51401.7,54377.92,57354.14,512,57866.14,200000,142133.86,False,estimated_pass
B:7ddbf8a2-5b3e-44cd-b9dc-db17ec06831b_6_7,B,7ddbf8a2-5b3e-44cd-b9dc-db17ec06831b_6_7,8,186202,4764.509,5296.579,5844.65,512,6356.65,200000,193643.35,False,estimated_pass
D:7ddbf8a2-5b3e-44cd-b9dc-db17ec06831b_6_7,D,7ddbf8a2-5b3e-44cd-b9dc-db17ec06831b_6_7,8,322038,55492.123,58694.068,61912.013,512,62424.013,200000,137575.987,False,estimated_pass
A:7ddbf8a2-5b3e-44cd-b9dc-db17ec06831b_11_17,A,7ddbf8a2-5b3e-44cd-b9dc-db17ec06831b_11_17,0,137580,51408.798,54385.018,57361.237,512,57873.237,200000,142126.763,False,estimated_pass
B:7ddbf8a2-5b3e-44cd-b9dc-db17ec06831b_11_17,B,7ddbf8a2-5b3e-44cd-b9dc-db17ec06831b_11_17,13,313993,7328.35,8001.499,8700.648,512,9212.648,200000,190787.352,False,estimated_pass
D:7ddbf8a2-5b3e-44cd-b9dc-db17ec06831b_11_17,D,7ddbf8a2-5b3e-44cd-b9dc-db17ec06831b_11_17,13,449829,58055.965,61398.989,64768.012,512,65280.012,200000,134719.988,False,estimated_pass
A:7ddbf8a2-5b3e-44cd-b9dc-db17ec06831b_17_15,A,7ddbf8a2-5b3e-44cd-b9dc-db17ec06831b_17_15,0,137460,51377.253,54353.473,57329.693,512,57841.693,200000,142158.307,False,estimated_pass
B:7ddbf8a2-5b3e-44cd-b9dc-db17ec06831b_17_15,B,7ddbf8a2-5b3e-44cd-b9dc-db17ec06831b_17_15,9,197300,5250.937,5811.223,6389.51,512,6901.51,200000,193098.49,False,estimated_pass
D:7ddbf8a2-5b3e-44cd-b9dc-db17ec06831b_17_15,D,7ddbf8a2-5b3e-44cd-b9dc-db17ec06831b_17_15,9,333136,55978.552,59208.713,62456.873,512,62968.873,200000,137031.127,False,estimated_pass
A:7ddbf8a2-5b3e-44cd-b9dc-db17ec06831b_7_11,A,7ddbf8a2-5b3e-44cd-b9dc-db17ec06831b_7_11,0,137686,51436.663,54412.882,57389.102,512,57901.102,200000,142098.898,False,estimated_pass
B:7ddbf8a2-5b3e-44cd-b9dc-db17ec06831b_7_11,B,7ddbf8a2-5b3e-44cd-b9dc-db17ec06831b_7_11,15,396118,8377.178,9106.758,9866.338,512,10378.338,200000,189621.662,False,estimated_pass
D:7ddbf8a2-5b3e-44cd-b9dc-db17ec06831b_7_11,D,7ddbf8a2-5b3e-44cd-b9dc-db17ec06831b_7_11,15,531954,59104.792,62504.247,65933.702,512,66445.702,200000,133554.298,False,estimated_pass
A:7ddbf8a2-5b3e-44cd-b9dc-db17ec06831b_4_19,A,7ddbf8a2-5b3e-44cd-b9dc-db17ec06831b_4_19,0,137849,51479.511,54455.731,57431.95,512,57943.95,200000,142056.05,False,estimated_pass
B:7ddbf8a2-5b3e-44cd-b9dc-db17ec06831b_4_19,B,7ddbf8a2-5b3e-44cd-b9dc-db17ec06831b_4_19,16,445385,8931.165,9688.961,10478.757,512,10990.757,200000,189009.243,False,estimated_pass
D:7ddbf8a2-5b3e-44cd-b9dc-db17ec06831b_4_19,D,7ddbf8a2-5b3e-44cd-b9dc-db17ec06831b_4_19,16,581221,59658.779,63086.45,66546.12,512,67058.12,200000,132941.88,False,estimated_pass
A:7ddbf8a2-5b3e-44cd-b9dc-db17ec06831b_8_13,A,7ddbf8a2-5b3e-44cd-b9dc-db17ec06831b_8_13,0,137751,51453.749,54429.969,57406.189,512,57918.189,200000,142081.811,False,estimated_pass
B:7ddbf8a2-5b3e-44cd-b9dc-db17ec06831b_8_13,B,7ddbf8a2-5b3e-44cd-b9dc-db17ec06831b_8_13,9,315117,5325.856,5886.142,6464.428,512,6976.428,200000,193023.572,False,estimated_pass
D:7ddbf8a2-5b3e-44cd-b9dc-db17ec06831b_8_13,D,7ddbf8a2-5b3e-44cd-b9dc-db17ec06831b_8_13,9,450953,56053.471,59283.631,62531.792,512,63043.792,200000,136956.20799999998,False,estimated_pass
A:7ddbf8a2-5b3e-44cd-b9dc-db17ec06831b_7_16,A,7ddbf8a2-5b3e-44cd-b9dc-db17ec06831b_7_16,0,137740,51450.858,54427.077,57403.297,512,57915.297,200000,142084.703,False,estimated_pass
B:7ddbf8a2-5b3e-44cd-b9dc-db17ec06831b_7_16,B,7ddbf8a2-5b3e-44cd-b9dc-db17ec06831b_7_16,16,358224,8902.511,9660.307,10450.103,512,10962.103,200000,189037.897,False,estimated_pass
D:7ddbf8a2-5b3e-44cd-b9dc-db17ec06831b_7_16,D,7ddbf8a2-5b3e-44cd-b9dc-db17ec06831b_7_16,16,494060,59630.126,63057.797,66517.467,512,67029.467,200000,132970.533,False,estimated_pass
A:7ddbf8a2-5b3e-44cd-b9dc-db17ec06831b_5_1,A,7ddbf8a2-5b3e-44cd-b9dc-db17ec06831b_5_1,0,137979,51513.684,54489.904,57466.124,512,57978.124,200000,142021.876,False,estimated_pass
B:7ddbf8a2-5b3e-44cd-b9dc-db17ec06831b_5_1,B,7ddbf8a2-5b3e-44cd-b9dc-db17ec06831b_5_1,12,324879,6922.887,7567.82,8236.753,512,8748.753,200000,191251.247,False,estimated_pass
D:7ddbf8a2-5b3e-44cd-b9dc-db17ec06831b_5_1,D,7ddbf8a2-5b3e-44cd-b9dc-db17ec06831b_5_1,12,460715,57650.502,60965.309,64304.117,512,64816.117,200000,135183.883,False,estimated_pass
A:7ddbf8a2-5b3e-44cd-b9dc-db17ec06831b_22_3,A,7ddbf8a2-5b3e-44cd-b9dc-db17ec06831b_22_3,0,138416,51628.56,54604.78,57580.999,512,58092.999,200000,141907.001,False,estimated_pass
B:7ddbf8a2-5b3e-44cd-b9dc-db17ec06831b_22_3,B,7ddbf8a2-5b3e-44cd-b9dc-db17ec06831b_22_3,9,290129,5502.507,6062.793,6641.079,512,7153.079,200000,192846.921,False,estimated_pass
D:7ddbf8a2-5b3e-44cd-b9dc-db17ec06831b_22_3,D,7ddbf8a2-5b3e-44cd-b9dc-db17ec06831b_22_3,9,425965,56230.121,59460.282,62708.443,512,63220.443,200000,136779.557,False,estimated_pass
A:7ddbf8a2-5b3e-44cd-b9dc-db17ec06831b_22_23,A,7ddbf8a2-5b3e-44cd-b9dc-db17ec06831b_22_23,0,138124,51551.801,54528.021,57504.24,512,58016.24,200000,141983.76,False,estimated_pass
B:7ddbf8a2-5b3e-44cd-b9dc-db17ec06831b_22_23,B,7ddbf8a2-5b3e-44cd-b9dc-db17ec06831b_22_23,3,111600,2356.55,2747.543,3144.535,512,3656.535,200000,196343.465,False,estimated_pass
D:7ddbf8a2-5b3e-44cd-b9dc-db17ec06831b_22_23,D,7ddbf8a2-5b3e-44cd-b9dc-db17ec06831b_22_23,3,247436,53084.165,56145.032,59211.899,512,59723.899,200000,140276.101,False,estimated_pass
A:7ddbf8a2-5b3e-44cd-b9dc-db17ec06831b_8_25,A,7ddbf8a2-5b3e-44cd-b9dc-db17ec06831b_8_25,0,137667,51431.668,54407.888,57384.107,512,57896.107,200000,142103.89299999998,False,estimated_pass
B:7ddbf8a2-5b3e-44cd-b9dc-db17ec06831b_8_25,B,7ddbf8a2-5b3e-44cd-b9dc-db17ec06831b_8_25,9,207199,5306.403,5866.69,6444.976,512,6956.976,200000,193043.024,False,estimated_pass
D:7ddbf8a2-5b3e-44cd-b9dc-db17ec06831b_8_25,D,7ddbf8a2-5b3e-44cd-b9dc-db17ec06831b_8_25,9,343035,56034.018,59264.179,62512.339,512,63024.339,200000,136975.661,False,estimated_pass
A:7ddbf8a2-5b3e-44cd-b9dc-db17ec06831b_5_22,A,7ddbf8a2-5b3e-44cd-b9dc-db17ec06831b_5_22,0,137789,51463.739,54439.958,57416.178,512,57928.178,200000,142071.822,False,estimated_pass
B:7ddbf8a2-5b3e-44cd-b9dc-db17ec06831b_5_22,B,7ddbf8a2-5b3e-44cd-b9dc-db17ec06831b_5_22,16,384045,8915.392,9673.188,10462.984,512,10974.984,200000,189025.016,False,estimated_pass
D:7ddbf8a2-5b3e-44cd-b9dc-db17ec06831b_5_22,D,7ddbf8a2-5b3e-44cd-b9dc-db17ec06831b_5_22,16,519881,59643.007,63070.677,66530.348,512,67042.348,200000,132957.652,False,estimated_pass
A:7ddbf8a2-5b3e-44cd-b9dc-db17ec06831b_6_8,A,7ddbf8a2-5b3e-44cd-b9dc-db17ec06831b_6_8,0,137571,51406.432,54382.652,57358.871,512,57870.871,200000,142129.12900000002,False,estimated_pass
B:7ddbf8a2-5b3e-44cd-b9dc-db17ec06831b_6_8,B,7ddbf8a2-5b3e-44cd-b9dc-db17ec06831b_6_8,14,335411,7836.86,8538.225,9267.59,512,9779.59,200000,190220.41,False,estimated_pass
D:7ddbf8a2-5b3e-44cd-b9dc-db17ec06831b_6_8,D,7ddbf8a2-5b3e-44cd-b9dc-db17ec06831b_6_8,14,471247,58564.475,61935.714,65334.953,512,65846.95300000001,200000,134153.047,False,estimated_pass
A:7ddbf8a2-5b3e-44cd-b9dc-db17ec06831b_7_5,A,7ddbf8a2-5b3e-44cd-b9dc-db17ec06831b_7_5,0,137677,51434.297,54410.516,57386.736,512,57898.736,200000,142101.264,False,estimated_pass
B:7ddbf8a2-5b3e-44cd-b9dc-db17ec06831b_7_5,B,7ddbf8a2-5b3e-44cd-b9dc-db17ec06831b_7_5,5,108229,3263.426,3710.85,4168.273,512,4680.273,200000,195319.727,False,estimated_pass
D:7ddbf8a2-5b3e-44cd-b9dc-db17ec06831b_7_5,D,7ddbf8a2-5b3e-44cd-b9dc-db17ec06831b_7_5,5,244065,53991.041,57108.339,60235.637,512,60747.637,200000,139252.363,False,estimated_pass
A:7ddbf8a2-5b3e-44cd-b9dc-db17ec06831b_4_2,A,7ddbf8a2-5b3e-44cd-b9dc-db17ec06831b_4_2,0,137717,51444.812,54421.031,57397.251,512,57909.251,200000,142090.749,False,estimated_pass
B:7ddbf8a2-5b3e-44cd-b9dc-db17ec06831b_4_2,B,7ddbf8a2-5b3e-44cd-b9dc-db17ec06831b_4_2,9,280937,5317.444,5877.73,6456.016,512,6968.016,200000,193031.984,False,estimated_pass
D:7ddbf8a2-5b3e-44cd-b9dc-db17ec06831b_4_2,D,7ddbf8a2-5b3e-44cd-b9dc-db17ec06831b_4_2,9,416773,56045.059,59275.219,62523.38,512,63035.38,200000,136964.62,False,estimated_pass
A:7ddbf8a2-5b3e-44cd-b9dc-db17ec06831b_4_24,A,7ddbf8a2-5b3e-44cd-b9dc-db17ec06831b_4_24,0,137720,51445.6,54421.82,57398.04,512,57910.04,200000,142089.96,False,estimated_pass
B:7ddbf8a2-5b3e-44cd-b9dc-db17ec06831b_4_24,B,7ddbf8a2-5b3e-44cd-b9dc-db17ec06831b_4_24,9,248168,5320.336,5880.622,6458.908,512,6970.908,200000,193029.092,False,estimated_pass
D:7ddbf8a2-5b3e-44cd-b9dc-db17ec06831b_4_24,D,7ddbf8a2-5b3e-44cd-b9dc-db17ec06831b_4_24,9,384004,56047.95,59278.111,62526.272,512,63038.272,200000,136961.728,False,estimated_pass
A:7ddbf8a2-5b3e-44cd-b9dc-db17ec06831b_11_14,A,7ddbf8a2-5b3e-44cd-b9dc-db17ec06831b_11_14,0,138306,51599.644,54575.864,57552.083,512,58064.083,200000,141935.91700000002,False,estimated_pass
B:7ddbf8a2-5b3e-44cd-b9dc-db17ec06831b_11_14,B,7ddbf8a2-5b3e-44cd-b9dc-db17ec06831b_11_14,16,338702,9054.452,9812.248,10602.044,512,11114.044,200000,188885.956,False,estimated_pass
D:7ddbf8a2-5b3e-44cd-b9dc-db17ec06831b_11_14,D,7ddbf8a2-5b3e-44cd-b9dc-db17ec06831b_11_14,16,474538,59782.067,63209.737,66669.408,512,67181.408,200000,132818.592,False,estimated_pass
A:7ddbf8a2-5b3e-44cd-b9dc-db17ec06831b_7_21,A,7ddbf8a2-5b3e-44cd-b9dc-db17ec06831b_7_21,0,137716,51444.549,54420.768,57396.988,512,57908.988,200000,142091.012,False,estimated_pass
B:7ddbf8a2-5b3e-44cd-b9dc-db17ec06831b_7_21,B,7ddbf8a2-5b3e-44cd-b9dc-db17ec06831b_7_21,15,368332,8385.064,9114.644,9874.225,512,10386.225,200000,189613.775,False,estimated_pass
D:7ddbf8a2-5b3e-44cd-b9dc-db17ec06831b_7_21,D,7ddbf8a2-5b3e-44cd-b9dc-db17ec06831b_7_21,15,504168,59112.679,62512.133,65941.588,512,66453.588,200000,133546.412,False,estimated_pass
A:7ddbf8a2-5b3e-44cd-b9dc-db17ec06831b_7_4,A,7ddbf8a2-5b3e-44cd-b9dc-db17ec06831b_7_4,0,137685,51436.4,54412.619,57388.839,512,57900.839,200000,142099.161,False,estimated_pass
B:7ddbf8a2-5b3e-44cd-b9dc-db17ec06831b_7_4,B,7ddbf8a2-5b3e-44cd-b9dc-db17ec06831b_7_4,16,414729,8889.105,9646.901,10436.697,512,10948.697,200000,189051.303,False,estimated_pass
D:7ddbf8a2-5b3e-44cd-b9dc-db17ec06831b_7_4,D,7ddbf8a2-5b3e-44cd-b9dc-db17ec06831b_7_4,16,550565,59616.72,63044.39,66504.061,512,67016.061,200000,132983.939,False,estimated_pass
A:7ddbf8a2-5b3e-44cd-b9dc-db17ec06831b_8_18,A,7ddbf8a2-5b3e-44cd-b9dc-db17ec06831b_8_18,0,137842,51477.671,54453.89,57430.11,512,57942.11,200000,142057.89,False,estimated_pass
B:7ddbf8a2-5b3e-44cd-b9dc-db17ec06831b_8_18,B,7ddbf8a2-5b3e-44cd-b9dc-db17ec06831b_8_18,9,251097,5350.04,5910.326,6488.613,512,7000.613,200000,192999.387,False,estimated_pass
D:7ddbf8a2-5b3e-44cd-b9dc-db17ec06831b_8_18,D,7ddbf8a2-5b3e-44cd-b9dc-db17ec06831b_8_18,9,386933,56077.655,59307.816,62555.976,512,63067.976,200000,136932.024,False,estimated_pass
A:7ddbf8a2-5b3e-44cd-b9dc-db17ec06831b_8_20,A,7ddbf8a2-5b3e-44cd-b9dc-db17ec06831b_8_20,0,137935,51502.118,54478.338,57454.557,512,57966.557,200000,142033.443,False,estimated_pass
B:7ddbf8a2-5b3e-44cd-b9dc-db17ec06831b_8_20,B,7ddbf8a2-5b3e-44cd-b9dc-db17ec06831b_8_20,9,248563,5374.75,5935.037,6513.323,512,7025.323,200000,192974.677,False,estimated_pass
D:7ddbf8a2-5b3e-44cd-b9dc-db17ec06831b_8_20,D,7ddbf8a2-5b3e-44cd-b9dc-db17ec06831b_8_20,9,384399,56102.365,59332.526,62580.686,512,63092.686,200000,136907.314,False,estimated_pass
A:7ddbf8a2-5b3e-44cd-b9dc-db17ec06831b_4_9,A,7ddbf8a2-5b3e-44cd-b9dc-db17ec06831b_4_9,0,137639,51424.308,54400.527,57376.747,512,57888.747,200000,142111.253,False,estimated_pass
B:7ddbf8a2-5b3e-44cd-b9dc-db17ec06831b_4_9,B,7ddbf8a2-5b3e-44cd-b9dc-db17ec06831b_4_9,9,354428,5297.203,5857.489,6435.775,512,6947.775,200000,193052.225,False,estimated_pass
D:7ddbf8a2-5b3e-44cd-b9dc-db17ec06831b_4_9,D,7ddbf8a2-5b3e-44cd-b9dc-db17ec06831b_4_9,9,490264,56024.817,59254.978,62503.139,512,63015.139,200000,136984.861,False,estimated_pass
A:7ddbf8a2-5b3e-44cd-b9dc-db17ec06831b_17_6,A,7ddbf8a2-5b3e-44cd-b9dc-db17ec06831b_17_6,0,137391,51359.115,54335.335,57311.554,512,57823.554,200000,142176.446,False,estimated_pass
B:7ddbf8a2-5b3e-44cd-b9dc-db17ec06831b_17_6,B,7ddbf8a2-5b3e-44cd-b9dc-db17ec06831b_17_6,9,174268,5234.113,5794.399,6372.686,512,6884.686,200000,193115.314,False,estimated_pass
D:7ddbf8a2-5b3e-44cd-b9dc-db17ec06831b_17_6,D,7ddbf8a2-5b3e-44cd-b9dc-db17ec06831b_17_6,9,310104,55961.728,59191.889,62440.049,512,62952.049,200000,137047.951,False,estimated_pass
A:7ddbf8a2-5b3e-44cd-b9dc-db17ec06831b_8_10,A,7ddbf8a2-5b3e-44cd-b9dc-db17ec06831b_8_10,0,137970,51511.319,54487.538,57463.758,512,57975.758,200000,142024.242,False,estimated_pass
B:7ddbf8a2-5b3e-44cd-b9dc-db17ec06831b_8_10,B,7ddbf8a2-5b3e-44cd-b9dc-db17ec06831b_8_10,9,258498,5383.951,5944.237,6522.523,512,7034.523,200000,192965.477,False,estimated_pass
D:7ddbf8a2-5b3e-44cd-b9dc-db17ec06831b_8_10,D,7ddbf8a2-5b3e-44cd-b9dc-db17ec06831b_8_10,9,394334,56111.566,59341.726,62589.887,512,63101.887,200000,136898.113,False,estimated_pass
A:7ddbf8a2-5b3e-44cd-b9dc-db17ec06831b_11_12,A,7ddbf8a2-5b3e-44cd-b9dc-db17ec06831b_11_12,0,137532,51396.18,54372.4,57348.619,512,57860.619,200000,142139.381,False,estimated_pass
B:7ddbf8a2-5b3e-44cd-b9dc-db17ec06831b_11_12,B,7ddbf8a2-5b3e-44cd-b9dc-db17ec06831b_11_12,8,162008,4759.777,5291.847,5839.918,512,6351.918,200000,193648.082,False,estimated_pass
D:7ddbf8a2-5b3e-44cd-b9dc-db17ec06831b_11_12,D,7ddbf8a2-5b3e-44cd-b9dc-db17ec06831b_11_12,8,297844,55487.392,58689.337,61907.282,512,62419.282,200000,137580.718,False,estimated_pass
A:819c8af7-851f-434f-ab32-318285bc54b1_17_29,A,819c8af7-851f-434f-ab32-318285bc54b1_17_29,0,48264,17463.172,18653.291,19843.411,512,20355.411,200000,179644.589,False,estimated_pass
B:819c8af7-851f-434f-ab32-318285bc54b1_17_29,B,819c8af7-851f-434f-ab32-318285bc54b1_17_29,6,369163,3738.288,4213.928,4701.567,512,5213.567,200000,194786.433,False,estimated_pass
D:819c8af7-851f-434f-ab32-318285bc54b1_17_29,D,819c8af7-851f-434f-ab32-318285bc54b1_17_29,6,415720,20530.003,21889.417,23260.83,512,23772.83,200000,176227.16999999998,False,estimated_pass
A:819c8af7-851f-434f-ab32-318285bc54b1_3_13,A,819c8af7-851f-434f-ab32-318285bc54b1_3_13,0,48852,17617.741,18807.861,19997.98,512,20509.98,200000,179490.02,False,estimated_pass
B:819c8af7-851f-434f-ab32-318285bc54b1_3_13,B,819c8af7-851f-434f-ab32-318285bc54b1_3_13,6,495373,3894.435,4370.074,4857.713,512,5369.713,200000,194630.287,False,estimated_pass
D:819c8af7-851f-434f-ab32-318285bc54b1_3_13,D,819c8af7-851f-434f-ab32-318285bc54b1_3_13,6,541930,20686.15,22045.563,23416.977,512,23928.977,200000,176071.023,False,estimated_pass
A:819c8af7-851f-434f-ab32-318285bc54b1_8_27,A,819c8af7-851f-434f-ab32-318285bc54b1_8_27,0,48651,17564.904,18755.023,19945.143,512,20457.143,200000,179542.857,False,estimated_pass
B:819c8af7-851f-434f-ab32-318285bc54b1_8_27,B,819c8af7-851f-434f-ab32-318285bc54b1_8_27,8,697974,4863.349,5395.419,5943.49,512,6455.49,200000,193544.51,False,estimated_pass
D:819c8af7-851f-434f-ab32-318285bc54b1_8_27,D,819c8af7-851f-434f-ab32-318285bc54b1_8_27,8,744531,21655.064,23070.909,24502.754,512,25014.754,200000,174985.24599999998,False,estimated_pass
A:819c8af7-851f-434f-ab32-318285bc54b1_4_30,A,819c8af7-851f-434f-ab32-318285bc54b1_4_30,0,48647,17563.852,18753.972,19944.091,512,20456.091,200000,179543.90899999999,False,estimated_pass
B:819c8af7-851f-434f-ab32-318285bc54b1_4_30,B,819c8af7-851f-434f-ab32-318285bc54b1_4_30,9,583041,5373.173,5933.459,6511.746,512,7023.746,200000,192976.254,False,estimated_pass
D:819c8af7-851f-434f-ab32-318285bc54b1_4_30,D,819c8af7-851f-434f-ab32-318285bc54b1_4_30,9,629598,22164.888,23608.949,25071.009,512,25583.009,200000,174416.991,False,estimated_pass
A:819c8af7-851f-434f-ab32-318285bc54b1_7_21,A,819c8af7-851f-434f-ab32-318285bc54b1_7_21,0,48541,17535.988,18726.107,19916.227,512,20428.227,200000,179571.773,False,estimated_pass
B:819c8af7-851f-434f-ab32-318285bc54b1_7_21,B,819c8af7-851f-434f-ab32-318285bc54b1_7_21,16,1233072,8923.541,9681.337,10471.133,512,10983.133,200000,189016.867,False,estimated_pass
D:819c8af7-851f-434f-ab32-318285bc54b1_7_21,D,819c8af7-851f-434f-ab32-318285bc54b1_7_21,16,1279629,25715.256,27356.826,29030.397,512,29542.397,200000,170457.603,False,estimated_pass
A:819c8af7-851f-434f-ab32-318285bc54b1_7_17,A,819c8af7-851f-434f-ab32-318285bc54b1_7_17,0,48571,17543.874,18733.993,19924.113,512,20436.113,200000,179563.887,False,estimated_pass
B:819c8af7-851f-434f-ab32-318285bc54b1_7_17,B,819c8af7-851f-434f-ab32-318285bc54b1_7_17,14,1075464,7910.728,8612.092,9341.457,512,9853.457,200000,190146.543,False,estimated_pass
D:819c8af7-851f-434f-ab32-318285bc54b1_7_17,D,819c8af7-851f-434f-ab32-318285bc54b1_7_17,14,1122021,24702.442,26287.581,27900.721,512,28412.721,200000,171587.279,False,estimated_pass
A:819c8af7-851f-434f-ab32-318285bc54b1_5_28,A,819c8af7-851f-434f-ab32-318285bc54b1_5_28,0,48452,17512.592,18702.712,19892.831,512,20404.831,200000,179595.169,False,estimated_pass
B:819c8af7-851f-434f-ab32-318285bc54b1_5_28,B,819c8af7-851f-434f-ab32-318285bc54b1_5_28,9,742755,5322.176,5882.462,6460.748,512,6972.748,200000,193027.252,False,estimated_pass
D:819c8af7-851f-434f-ab32-318285bc54b1_5_28,D,819c8af7-851f-434f-ab32-318285bc54b1_5_28,9,789312,22113.89,23557.951,25020.012,512,25532.012,200000,174467.988,False,estimated_pass
A:819c8af7-851f-434f-ab32-318285bc54b1_23_5,A,819c8af7-851f-434f-ab32-318285bc54b1_23_5,0,49058,17671.893,18862.013,20052.132,512,20564.132,200000,179435.868,False,estimated_pass
B:819c8af7-851f-434f-ab32-318285bc54b1_23_5,B,819c8af7-851f-434f-ab32-318285bc54b1_23_5,9,665964,5481.214,6041.5,6619.786,512,7131.786,200000,192868.214,False,estimated_pass
D:819c8af7-851f-434f-ab32-318285bc54b1_23_5,D,819c8af7-851f-434f-ab32-318285bc54b1_23_5,9,712521,22272.929,23716.989,25179.05,512,25691.05,200000,174308.95,False,estimated_pass
A:819c8af7-851f-434f-ab32-318285bc54b1_5_25,A,819c8af7-851f-434f-ab32-318285bc54b1_5_25,0,48680,17572.527,18762.647,19952.766,512,20464.766,200000,179535.234,False,estimated_pass
B:819c8af7-851f-434f-ab32-318285bc54b1_5_25,B,819c8af7-851f-434f-ab32-318285bc54b1_5_25,9,715619,5382.111,5942.397,6520.683,512,7032.683,200000,192967.317,False,estimated_pass
D:819c8af7-851f-434f-ab32-318285bc54b1_5_25,D,819c8af7-851f-434f-ab32-318285bc54b1_5_25,9,762176,22173.825,23617.886,25079.947,512,25591.947,200000,174408.053,False,estimated_pass
A:819c8af7-851f-434f-ab32-318285bc54b1_17_20,A,819c8af7-851f-434f-ab32-318285bc54b1_17_20,0,48173,17439.25,18629.37,19819.49,512,20331.49,200000,179668.51,False,estimated_pass
B:819c8af7-851f-434f-ab32-318285bc54b1_17_20,B,819c8af7-851f-434f-ab32-318285bc54b1_17_20,8,666920,4738.747,5270.818,5818.888,512,6330.888,200000,193669.112,False,estimated_pass
D:819c8af7-851f-434f-ab32-318285bc54b1_17_20,D,819c8af7-851f-434f-ab32-318285bc54b1_17_20,8,713477,21530.462,22946.307,24378.152,512,24890.152,200000,175109.848,False,estimated_pass
A:819c8af7-851f-434f-ab32-318285bc54b1_17_22,A,819c8af7-851f-434f-ab32-318285bc54b1_17_22,0,48128,17427.421,18617.541,19807.66,512,20319.66,200000,179680.34,False,estimated_pass
B:819c8af7-851f-434f-ab32-318285bc54b1_17_22,B,819c8af7-851f-434f-ab32-318285bc54b1_17_22,5,444000,3192.713,3640.137,4097.561,512,4609.561,200000,195390.439,False,estimated_pass
D:819c8af7-851f-434f-ab32-318285bc54b1_17_22,D,819c8af7-851f-434f-ab32-318285bc54b1_17_22,5,490557,19984.428,21315.626,22656.824,512,23168.824,200000,176831.176,False,estimated_pass
A:819c8af7-851f-434f-ab32-318285bc54b1_5_11,A,819c8af7-851f-434f-ab32-318285bc54b1_5_11,0,48723,17583.83,18773.95,19964.07,512,20476.07,200000,179523.93,False,estimated_pass
B:819c8af7-851f-434f-ab32-318285bc54b1_5_11,B,819c8af7-851f-434f-ab32-318285bc54b1_5_11,8,431876,4880.698,5412.769,5960.84,512,6472.84,200000,193527.16,False,estimated_pass
D:819c8af7-851f-434f-ab32-318285bc54b1_5_11,D,819c8af7-851f-434f-ab32-318285bc54b1_5_11,8,478433,21672.413,23088.258,24520.103,512,25032.103,200000,174967.897,False,estimated_pass
A:819c8af7-851f-434f-ab32-318285bc54b1_4_4,A,819c8af7-851f-434f-ab32-318285bc54b1_4_4,0,48446,17511.015,18701.134,19891.254,512,20403.254,200000,179596.74599999998,False,estimated_pass
B:819c8af7-851f-434f-ab32-318285bc54b1_4_4,B,819c8af7-851f-434f-ab32-318285bc54b1_4_4,9,501164,5319.284,5879.57,6457.857,512,6969.857,200000,193030.143,False,estimated_pass
D:819c8af7-851f-434f-ab32-318285bc54b1_4_4,D,819c8af7-851f-434f-ab32-318285bc54b1_4_4,9,547721,22110.999,23555.06,25017.12,512,25529.12,200000,174470.88,False,estimated_pass
A:819c8af7-851f-434f-ab32-318285bc54b1_8_1,A,819c8af7-851f-434f-ab32-318285bc54b1_8_1,0,48547,17537.565,18727.684,19917.804,512,20429.804,200000,179570.196,False,estimated_pass
B:819c8af7-851f-434f-ab32-318285bc54b1_8_1,B,819c8af7-851f-434f-ab32-318285bc54b1_8_1,9,657949,5346.886,5907.172,6485.458,512,6997.458,200000,193002.542,False,estimated_pass
D:819c8af7-851f-434f-ab32-318285bc54b1_8_1,D,819c8af7-851f-434f-ab32-318285bc54b1_8_1,9,704506,22138.6,23582.661,25044.722,512,25556.722,200000,174443.278,False,estimated_pass
A:819c8af7-851f-434f-ab32-318285bc54b1_18_6,A,819c8af7-851f-434f-ab32-318285bc54b1_18_6,0,48170,17438.462,18628.581,19818.701,512,20330.701,200000,179669.299,False,estimated_pass
B:819c8af7-851f-434f-ab32-318285bc54b1_18_6,B,819c8af7-851f-434f-ab32-318285bc54b1_18_6,15,1102828,8315.665,9045.246,9804.826,512,10316.826,200000,189683.174,False,estimated_pass
D:819c8af7-851f-434f-ab32-318285bc54b1_18_6,D,819c8af7-851f-434f-ab32-318285bc54b1_18_6,15,1149385,25107.38,26720.735,28364.09,512,28876.09,200000,171123.91,False,estimated_pass
A:819c8af7-851f-434f-ab32-318285bc54b1_4_19,A,819c8af7-851f-434f-ab32-318285bc54b1_4_19,0,48591,17549.131,18739.251,19929.371,512,20441.371,200000,179558.62900000002,False,estimated_pass
B:819c8af7-851f-434f-ab32-318285bc54b1_4_19,B,819c8af7-851f-434f-ab32-318285bc54b1_4_19,12,689849,6890.816,7535.75,8204.683,512,8716.683,200000,191283.317,False,estimated_pass
D:819c8af7-851f-434f-ab32-318285bc54b1_4_19,D,819c8af7-851f-434f-ab32-318285bc54b1_4_19,12,736406,23682.531,25211.239,26763.947,512,27275.947,200000,172724.053,False,estimated_pass
A:819c8af7-851f-434f-ab32-318285bc54b1_4_23,A,819c8af7-851f-434f-ab32-318285bc54b1_4_23,0,48393,17497.082,18687.202,19877.322,512,20389.322,200000,179610.678,False,estimated_pass
B:819c8af7-851f-434f-ab32-318285bc54b1_4_23,B,819c8af7-851f-434f-ab32-318285bc54b1_4_23,9,626535,5306.403,5866.69,6444.976,512,6956.976,200000,193043.024,False,estimated_pass
D:819c8af7-851f-434f-ab32-318285bc54b1_4_23,D,819c8af7-851f-434f-ab32-318285bc54b1_4_23,9,673092,22098.118,23542.179,25004.239,512,25516.239,200000,174483.761,False,estimated_pass
A:819c8af7-851f-434f-ab32-318285bc54b1_12_7,A,819c8af7-851f-434f-ab32-318285bc54b1_12_7,0,48207,17448.188,18638.308,19828.427,512,20340.427,200000,179659.573,False,estimated_pass
B:819c8af7-851f-434f-ab32-318285bc54b1_12_7,B,819c8af7-851f-434f-ab32-318285bc54b1_12_7,8,664969,4746.37,5278.441,5826.512,512,6338.512,200000,193661.488,False,estimated_pass
D:819c8af7-851f-434f-ab32-318285bc54b1_12_7,D,819c8af7-851f-434f-ab32-318285bc54b1_12_7,8,711526,21538.085,22953.93,24385.775,512,24897.775,200000,175102.225,False,estimated_pass
A:819c8af7-851f-434f-ab32-318285bc54b1_4_10,A,819c8af7-851f-434f-ab32-318285bc54b1_4_10,0,48424,17505.231,18695.351,19885.471,512,20397.471,200000,179602.529,False,estimated_pass
B:819c8af7-851f-434f-ab32-318285bc54b1_4_10,B,819c8af7-851f-434f-ab32-318285bc54b1_4_10,9,506618,5313.501,5873.787,6452.073,512,6964.073,200000,193035.927,False,estimated_pass
D:819c8af7-851f-434f-ab32-318285bc54b1_4_10,D,819c8af7-851f-434f-ab32-318285bc54b1_4_10,9,553175,22105.216,23549.276,25011.337,512,25523.337,200000,174476.663,False,estimated_pass
A:819c8af7-851f-434f-ab32-318285bc54b1_11_14,A,819c8af7-851f-434f-ab32-318285bc54b1_11_14,0,48435,17508.123,18698.243,19888.362,512,20400.362,200000,179599.638,False,estimated_pass
B:819c8af7-851f-434f-ab32-318285bc54b1_11_14,B,819c8af7-851f-434f-ab32-318285bc54b1_11_14,9,672345,5317.444,5877.73,6456.016,512,6968.016,200000,193031.984,False,estimated_pass
D:819c8af7-851f-434f-ab32-318285bc54b1_11_14,D,819c8af7-851f-434f-ab32-318285bc54b1_11_14,9,718902,22109.159,23553.219,25015.28,512,25527.28,200000,174472.72,False,estimated_pass
A:819c8af7-851f-434f-ab32-318285bc54b1_3_12,A,819c8af7-851f-434f-ab32-318285bc54b1_3_12,0,48786,17600.392,18790.511,19980.631,512,20492.631,200000,179507.369,False,estimated_pass
B:819c8af7-851f-434f-ab32-318285bc54b1_3_12,B,819c8af7-851f-434f-ab32-318285bc54b1_3_12,6,577687,3877.085,4352.725,4840.364,512,5352.364,200000,194647.636,False,estimated_pass
D:819c8af7-851f-434f-ab32-318285bc54b1_3_12,D,819c8af7-851f-434f-ab32-318285bc54b1_3_12,6,624244,20668.8,22028.214,23399.627,512,23911.627,200000,176088.373,False,estimated_pass
A:819c8af7-851f-434f-ab32-318285bc54b1_11_24,A,819c8af7-851f-434f-ab32-318285bc54b1_11_24,0,48312,17475.79,18665.909,19856.029,512,20368.029,200000,179631.971,False,estimated_pass
B:819c8af7-851f-434f-ab32-318285bc54b1_11_24,B,819c8af7-851f-434f-ab32-318285bc54b1_11_24,9,507207,5284.322,5844.608,6422.894,512,6934.894,200000,193065.106,False,estimated_pass
D:819c8af7-851f-434f-ab32-318285bc54b1_11_24,D,819c8af7-851f-434f-ab32-318285bc54b1_11_24,9,553764,22076.037,23520.097,24982.158,512,25494.158,200000,174505.842,False,estimated_pass
A:819c8af7-851f-434f-ab32-318285bc54b1_4_2,A,819c8af7-851f-434f-ab32-318285bc54b1_4_2,0,48357,17487.619,18677.739,19867.858,512,20379.858,200000,179620.142,False,estimated_pass
B:819c8af7-851f-434f-ab32-318285bc54b1_4_2,B,819c8af7-851f-434f-ab32-318285bc54b1_4_2,5,305557,3251.86,3699.283,4156.707,512,4668.707,200000,195331.293,False,estimated_pass
D:819c8af7-851f-434f-ab32-318285bc54b1_4_2,D,819c8af7-851f-434f-ab32-318285bc54b1_4_2,5,352114,20043.575,21374.773,22715.971,512,23227.971,200000,176772.029,False,estimated_pass
A:819c8af7-851f-434f-ab32-318285bc54b1_17_26,A,819c8af7-851f-434f-ab32-318285bc54b1_17_26,0,48115,17424.004,18614.123,19804.243,512,20316.243,200000,179683.757,False,estimated_pass
B:819c8af7-851f-434f-ab32-318285bc54b1_17_26,B,819c8af7-851f-434f-ab32-318285bc54b1_17_26,8,439853,4721.135,5253.205,5801.276,512,6313.276,200000,193686.724,False,estimated_pass
D:819c8af7-851f-434f-ab32-318285bc54b1_17_26,D,819c8af7-851f-434f-ab32-318285bc54b1_17_26,8,486410,21512.849,22928.694,24360.539,512,24872.539,200000,175127.461,False,estimated_pass
A:819c8af7-851f-434f-ab32-318285bc54b1_11_3,A,819c8af7-851f-434f-ab32-318285bc54b1_11_3,0,48277,17466.589,18656.709,19846.828,512,20358.828,200000,179641.172,False,estimated_pass
B:819c8af7-851f-434f-ab32-318285bc54b1_11_3,B,819c8af7-851f-434f-ab32-318285bc54b1_11_3,3,297743,2209.079,2600.071,2997.063,512,3509.063,200000,196490.937,False,estimated_pass
D:819c8af7-851f-434f-ab32-318285bc54b1_11_3,D,819c8af7-851f-434f-ab32-318285bc54b1_11_3,3,344300,19000.793,20275.56,21556.327,512,22068.327,200000,177931.673,False,estimated_pass
A:70f2a750-f403-41b8-aabb-480eb3ab4ed4_4_27,A,70f2a750-f403-41b8-aabb-480eb3ab4ed4_4_27,0,45102,16621.989,17766.259,18910.529,512,19422.529,200000,180577.471,False,estimated_pass
B:70f2a750-f403-41b8-aabb-480eb3ab4ed4_4_27,B,70f2a750-f403-41b8-aabb-480eb3ab4ed4_4_27,9,520157,5301.672,5861.958,6440.244,512,6952.244,200000,193047.756,False,estimated_pass
D:70f2a750-f403-41b8-aabb-480eb3ab4ed4_4_27,D,70f2a750-f403-41b8-aabb-480eb3ab4ed4_4_27,9,563438,21222.236,22620.447,24036.658,512,24548.658,200000,175451.342,False,estimated_pass
A:70f2a750-f403-41b8-aabb-480eb3ab4ed4_22_12,A,70f2a750-f403-41b8-aabb-480eb3ab4ed4_22_12,0,45587,16749.483,17893.752,19038.022,512,19550.022,200000,180449.978,False,estimated_pass
B:70f2a750-f403-41b8-aabb-480eb3ab4ed4_22_12,B,70f2a750-f403-41b8-aabb-480eb3ab4ed4_22_12,12,632508,6963.106,7608.04,8276.973,512,8788.973,200000,191211.027,False,estimated_pass
D:70f2a750-f403-41b8-aabb-480eb3ab4ed4_22_12,D,70f2a750-f403-41b8-aabb-480eb3ab4ed4_22_12,12,675789,22883.671,24366.529,25873.387,512,26385.387,200000,173614.613,False,estimated_pass
A:70f2a750-f403-41b8-aabb-480eb3ab4ed4_17_13,A,70f2a750-f403-41b8-aabb-480eb3ab4ed4_17_13,0,44823,16548.648,17692.917,18837.187,512,19349.187,200000,180650.813,False,estimated_pass
B:70f2a750-f403-41b8-aabb-480eb3ab4ed4_17_13,B,70f2a750-f403-41b8-aabb-480eb3ab4ed4_17_13,10,582948,5739.994,6328.496,6936.998,512,7448.998,200000,192551.002,False,estimated_pass
D:70f2a750-f403-41b8-aabb-480eb3ab4ed4_17_13,D,70f2a750-f403-41b8-aabb-480eb3ab4ed4_17_13,10,626229,21660.559,23086.985,24533.412,512,25045.412,200000,174954.588,False,estimated_pass
A:70f2a750-f403-41b8-aabb-480eb3ab4ed4_7_4,A,70f2a750-f403-41b8-aabb-480eb3ab4ed4_7_4,0,45080,16616.206,17760.476,18904.745,512,19416.745,200000,180583.255,False,estimated_pass
B:70f2a750-f403-41b8-aabb-480eb3ab4ed4_7_4,B,70f2a750-f403-41b8-aabb-480eb3ab4ed4_7_4,3,177768,2229.32,2620.312,3017.304,512,3529.304,200000,196470.696,False,estimated_pass
D:70f2a750-f403-41b8-aabb-480eb3ab4ed4_7_4,D,70f2a750-f403-41b8-aabb-480eb3ab4ed4_7_4,3,221049,18149.885,19378.801,20613.718,512,21125.718,200000,178874.282,False,estimated_pass
A:70f2a750-f403-41b8-aabb-480eb3ab4ed4_17_31,A,70f2a750-f403-41b8-aabb-480eb3ab4ed4_17_31,0,44851,16556.008,17700.278,18844.547,512,19356.547,200000,180643.453,False,estimated_pass
B:70f2a750-f403-41b8-aabb-480eb3ab4ed4_17_31,B,70f2a750-f403-41b8-aabb-480eb3ab4ed4_17_31,8,463740,4725.078,5257.148,5805.219,512,6317.219,200000,193682.781,False,estimated_pass
D:70f2a750-f403-41b8-aabb-480eb3ab4ed4_17_31,D,70f2a750-f403-41b8-aabb-480eb3ab4ed4_17_31,8,507021,20645.642,22015.637,23401.632,512,23913.632,200000,176086.368,False,estimated_pass
A:70f2a750-f403-41b8-aabb-480eb3ab4ed4_11_23,A,70f2a750-f403-41b8-aabb-480eb3ab4ed4_11_23,0,45041,16605.954,17750.224,18894.493,512,19406.493,200000,180593.507,False,estimated_pass
B:70f2a750-f403-41b8-aabb-480eb3ab4ed4_11_23,B,70f2a750-f403-41b8-aabb-480eb3ab4ed4_11_23,9,520466,5287.214,5847.5,6425.786,512,6937.786,200000,193062.214,False,estimated_pass
D:70f2a750-f403-41b8-aabb-480eb3ab4ed4_11_23,D,70f2a750-f403-41b8-aabb-480eb3ab4ed4_11_23,9,563747,21207.778,22605.989,24022.2,512,24534.2,200000,175465.8,False,estimated_pass
A:70f2a750-f403-41b8-aabb-480eb3ab4ed4_4_6,A,70f2a750-f403-41b8-aabb-480eb3ab4ed4_4_6,0,45038,16605.165,17749.435,18893.705,512,19405.705,200000,180594.29499999998,False,estimated_pass
B:70f2a750-f403-41b8-aabb-480eb3ab4ed4_4_6,B,70f2a750-f403-41b8-aabb-480eb3ab4ed4_4_6,8,462792,4774.498,5306.568,5854.639,512,6366.639,200000,193633.361,False,estimated_pass
D:70f2a750-f403-41b8-aabb-480eb3ab4ed4_4_6,D,70f2a750-f403-41b8-aabb-480eb3ab4ed4_4_6,8,506073,20695.062,22065.058,23451.053,512,23963.053,200000,176036.947,False,estimated_pass
A:70f2a750-f403-41b8-aabb-480eb3ab4ed4_7_5,A,70f2a750-f403-41b8-aabb-480eb3ab4ed4_7_5,0,45145,16633.293,17777.562,18921.832,512,19433.832,200000,180566.168,False,estimated_pass
B:70f2a750-f403-41b8-aabb-480eb3ab4ed4_7_5,B,70f2a750-f403-41b8-aabb-480eb3ab4ed4_7_5,13,729272,7358.581,8031.73,8730.879,512,9242.879,200000,190757.12099999998,False,estimated_pass
D:70f2a750-f403-41b8-aabb-480eb3ab4ed4_7_5,D,70f2a750-f403-41b8-aabb-480eb3ab4ed4_7_5,13,772553,23279.146,24790.219,26327.292,512,26839.292,200000,173160.70799999998,False,estimated_pass
A:70f2a750-f403-41b8-aabb-480eb3ab4ed4_8_2,A,70f2a750-f403-41b8-aabb-480eb3ab4ed4_8_2,0,45075,16614.892,17759.161,18903.431,512,19415.431,200000,180584.569,False,estimated_pass
B:70f2a750-f403-41b8-aabb-480eb3ab4ed4_8_2,B,70f2a750-f403-41b8-aabb-480eb3ab4ed4_8_2,3,174831,2228.006,2618.998,3015.99,512,3527.99,200000,196472.01,False,estimated_pass
D:70f2a750-f403-41b8-aabb-480eb3ab4ed4_8_2,D,70f2a750-f403-41b8-aabb-480eb3ab4ed4_8_2,3,218112,18148.57,19377.487,20612.404,512,21124.404,200000,178875.596,False,estimated_pass
A:70f2a750-f403-41b8-aabb-480eb3ab4ed4_22_10,A,70f2a750-f403-41b8-aabb-480eb3ab4ed4_22_10,0,45776,16799.166,17943.435,19087.705,512,19599.705,200000,180400.29499999998,False,estimated_pass
B:70f2a750-f403-41b8-aabb-480eb3ab4ed4_22_10,B,70f2a750-f403-41b8-aabb-480eb3ab4ed4_22_10,9,484148,5479.111,6039.397,6617.683,512,7129.683,200000,192870.317,False,estimated_pass
D:70f2a750-f403-41b8-aabb-480eb3ab4ed4_22_10,D,70f2a750-f403-41b8-aabb-480eb3ab4ed4_22_10,9,527429,21399.676,22797.886,24214.097,512,24726.097,200000,175273.903,False,estimated_pass
A:70f2a750-f403-41b8-aabb-480eb3ab4ed4_17_14,A,70f2a750-f403-41b8-aabb-480eb3ab4ed4_17_14,0,44832,16551.014,17695.283,18839.553,512,19351.553,200000,180648.447,False,estimated_pass
B:70f2a750-f403-41b8-aabb-480eb3ab4ed4_17_14,B,70f2a750-f403-41b8-aabb-480eb3ab4ed4_17_14,9,528362,5231.484,5791.771,6370.057,512,6882.057,200000,193117.943,False,estimated_pass
D:70f2a750-f403-41b8-aabb-480eb3ab4ed4_17_14,D,70f2a750-f403-41b8-aabb-480eb3ab4ed4_17_14,9,571643,21152.049,22550.26,23966.471,512,24478.471,200000,175521.529,False,estimated_pass
A:70f2a750-f403-41b8-aabb-480eb3ab4ed4_17_8,A,70f2a750-f403-41b8-aabb-480eb3ab4ed4_17_8,0,44837,16552.328,17696.598,18840.867,512,19352.867,200000,180647.133,False,estimated_pass
B:70f2a750-f403-41b8-aabb-480eb3ab4ed4_17_8,B,70f2a750-f403-41b8-aabb-480eb3ab4ed4_17_8,9,551221,5232.273,5792.559,6370.846,512,6882.846,200000,193117.154,False,estimated_pass
D:70f2a750-f403-41b8-aabb-480eb3ab4ed4_17_8,D,70f2a750-f403-41b8-aabb-480eb3ab4ed4_17_8,9,594502,21152.838,22551.049,23967.259,512,24479.259,200000,175520.741,False,estimated_pass
A:70f2a750-f403-41b8-aabb-480eb3ab4ed4_4_20,A,70f2a750-f403-41b8-aabb-480eb3ab4ed4_4_20,0,45288,16670.884,17815.153,18959.423,512,19471.423,200000,180528.577,False,estimated_pass
B:70f2a750-f403-41b8-aabb-480eb3ab4ed4_4_20,B,70f2a750-f403-41b8-aabb-480eb3ab4ed4_4_20,16,881979,8928.536,9686.332,10476.128,512,10988.128,200000,189011.872,False,estimated_pass
D:70f2a750-f403-41b8-aabb-480eb3ab4ed4_4_20,D,70f2a750-f403-41b8-aabb-480eb3ab4ed4_4_20,16,925260,24849.101,26444.821,28072.542,512,28584.542,200000,171415.45799999998,False,estimated_pass
A:70f2a750-f403-41b8-aabb-480eb3ab4ed4_7_28,A,70f2a750-f403-41b8-aabb-480eb3ab4ed4_7_28,0,45123,16627.51,17771.779,18916.049,512,19428.049,200000,180571.951,False,estimated_pass
B:70f2a750-f403-41b8-aabb-480eb3ab4ed4_7_28,B,70f2a750-f403-41b8-aabb-480eb3ab4ed4_7_28,9,498366,5307.192,5867.478,6445.764,512,6957.764,200000,193042.236,False,estimated_pass
D:70f2a750-f403-41b8-aabb-480eb3ab4ed4_7_28,D,70f2a750-f403-41b8-aabb-480eb3ab4ed4_7_28,9,541647,21227.757,22625.967,24042.178,512,24554.178,200000,175445.822,False,estimated_pass
A:70f2a750-f403-41b8-aabb-480eb3ab4ed4_4_11,A,70f2a750-f403-41b8-aabb-480eb3ab4ed4_4_11,0,45058,16610.423,17754.692,18898.962,512,19410.962,200000,180589.038,False,estimated_pass
B:70f2a750-f403-41b8-aabb-480eb3ab4ed4_4_11,B,70f2a750-f403-41b8-aabb-480eb3ab4ed4_4_11,8,465811,4779.492,5311.563,5859.634,512,6371.634,200000,193628.366,False,estimated_pass
D:70f2a750-f403-41b8-aabb-480eb3ab4ed4_4_11,D,70f2a750-f403-41b8-aabb-480eb3ab4ed4_4_11,8,509092,20700.057,22070.052,23456.047,512,23968.047,200000,176031.953,False,estimated_pass
A:70f2a750-f403-41b8-aabb-480eb3ab4ed4_12_17,A,70f2a750-f403-41b8-aabb-480eb3ab4ed4_12_17,0,44904,16569.94,17714.21,18858.48,512,19370.48,200000,180629.52,False,estimated_pass
B:70f2a750-f403-41b8-aabb-480eb3ab4ed4_12_17,B,70f2a750-f403-41b8-aabb-480eb3ab4ed4_12_17,9,446464,5251.989,5812.275,6390.561,512,6902.561,200000,193097.439,False,estimated_pass
D:70f2a750-f403-41b8-aabb-480eb3ab4ed4_12_17,D,70f2a750-f403-41b8-aabb-480eb3ab4ed4_12_17,9,489745,21172.553,22570.764,23986.975,512,24498.975,200000,175501.025,False,estimated_pass
A:70f2a750-f403-41b8-aabb-480eb3ab4ed4_17_30,A,70f2a750-f403-41b8-aabb-480eb3ab4ed4_17_30,0,44823,16548.648,17692.917,18837.187,512,19349.187,200000,180650.813,False,estimated_pass
B:70f2a750-f403-41b8-aabb-480eb3ab4ed4_17_30,B,70f2a750-f403-41b8-aabb-480eb3ab4ed4_17_30,7,366228,4206.579,4710.434,5228.288,512,5740.288,200000,194259.712,False,estimated_pass
D:70f2a750-f403-41b8-aabb-480eb3ab4ed4_17_30,D,70f2a750-f403-41b8-aabb-480eb3ab4ed4_17_30,7,409509,20127.143,21468.923,22824.702,512,23336.702,200000,176663.298,False,estimated_pass
A:70f2a750-f403-41b8-aabb-480eb3ab4ed4_7_29,A,70f2a750-f403-41b8-aabb-480eb3ab4ed4_7_29,0,45106,16623.041,17767.31,18911.58,512,19423.58,200000,180576.41999999998,False,estimated_pass
B:70f2a750-f403-41b8-aabb-480eb3ab4ed4_7_29,B,70f2a750-f403-41b8-aabb-480eb3ab4ed4_7_29,3,154869,2234.84,2625.832,3022.825,512,3534.825,200000,196465.175,False,estimated_pass
D:70f2a750-f403-41b8-aabb-480eb3ab4ed4_7_29,D,70f2a750-f403-41b8-aabb-480eb3ab4ed4_7_29,3,198150,18155.405,19384.322,20619.238,512,21131.238,200000,178868.762,False,estimated_pass
A:70f2a750-f403-41b8-aabb-480eb3ab4ed4_11_7,A,70f2a750-f403-41b8-aabb-480eb3ab4ed4_11_7,0,44930,16576.775,17721.045,18865.314,512,19377.314,200000,180622.686,False,estimated_pass
B:70f2a750-f403-41b8-aabb-480eb3ab4ed4_11_7,B,70f2a750-f403-41b8-aabb-480eb3ab4ed4_11_7,4,213245,2701.816,3121.024,3548.232,512,4060.232,200000,195939.768,False,estimated_pass
D:70f2a750-f403-41b8-aabb-480eb3ab4ed4_11_7,D,70f2a750-f403-41b8-aabb-480eb3ab4ed4_11_7,4,256526,18622.381,19879.513,21144.646,512,21656.646,200000,178343.354,False,estimated_pass
A:70f2a750-f403-41b8-aabb-480eb3ab4ed4_21_26,A,70f2a750-f403-41b8-aabb-480eb3ab4ed4_21_26,0,45810,16808.103,17952.373,19096.643,512,19608.643,200000,180391.357,False,estimated_pass
B:70f2a750-f403-41b8-aabb-480eb3ab4ed4_21_26,B,70f2a750-f403-41b8-aabb-480eb3ab4ed4_21_26,9,517571,5488.311,6048.598,6626.884,512,7138.884,200000,192861.116,False,estimated_pass
D:70f2a750-f403-41b8-aabb-480eb3ab4ed4_21_26,D,70f2a750-f403-41b8-aabb-480eb3ab4ed4_21_26,9,560852,21408.876,22807.087,24223.298,512,24735.298,200000,175264.702,False,estimated_pass
A:70f2a750-f403-41b8-aabb-480eb3ab4ed4_17_16,A,70f2a750-f403-41b8-aabb-480eb3ab4ed4_17_16,0,45645,16764.729,17908.999,19053.269,512,19565.269,200000,180434.731,False,estimated_pass
B:70f2a750-f403-41b8-aabb-480eb3ab4ed4_17_16,B,70f2a750-f403-41b8-aabb-480eb3ab4ed4_17_16,15,907441,8512.557,9242.138,10001.718,512,10513.718,200000,189486.282,False,estimated_pass
D:70f2a750-f403-41b8-aabb-480eb3ab4ed4_17_16,D,70f2a750-f403-41b8-aabb-480eb3ab4ed4_17_16,15,950722,24433.122,26000.627,27598.132,512,28110.132,200000,171889.868,False,estimated_pass
A:70f2a750-f403-41b8-aabb-480eb3ab4ed4_17_9,A,70f2a750-f403-41b8-aabb-480eb3ab4ed4_17_9,0,44897,16568.1,17712.37,18856.64,512,19368.64,200000,180631.36,False,estimated_pass
B:70f2a750-f403-41b8-aabb-480eb3ab4ed4_17_9,B,70f2a750-f403-41b8-aabb-480eb3ab4ed4_17_9,3,196354,2181.477,2572.469,2969.461,512,3481.461,200000,196518.539,False,estimated_pass
D:70f2a750-f403-41b8-aabb-480eb3ab4ed4_17_9,D,70f2a750-f403-41b8-aabb-480eb3ab4ed4_17_9,3,239635,18102.042,19330.958,20565.875,512,21077.875,200000,178922.125,False,estimated_pass
A:70f2a750-f403-41b8-aabb-480eb3ab4ed4_4_15,A,70f2a750-f403-41b8-aabb-480eb3ab4ed4_4_15,0,45251,16661.157,17805.427,18949.697,512,19461.697,200000,180538.303,False,estimated_pass
B:70f2a750-f403-41b8-aabb-480eb3ab4ed4_4_15,B,70f2a750-f403-41b8-aabb-480eb3ab4ed4_4_15,15,891608,8408.197,9137.777,9897.357,512,10409.357,200000,189590.643,False,estimated_pass
D:70f2a750-f403-41b8-aabb-480eb3ab4ed4_4_15,D,70f2a750-f403-41b8-aabb-480eb3ab4ed4_4_15,15,934889,24328.761,25896.266,27493.771,512,28005.771,200000,171994.229,False,estimated_pass
A:70f2a750-f403-41b8-aabb-480eb3ab4ed4_5_19,A,70f2a750-f403-41b8-aabb-480eb3ab4ed4_5_19,0,45593,16751.06,17895.33,19039.599,512,19551.599,200000,180448.401,False,estimated_pass
B:70f2a750-f403-41b8-aabb-480eb3ab4ed4_5_19,B,70f2a750-f403-41b8-aabb-480eb3ab4ed4_5_19,15,924153,8498.888,9228.468,9988.049,512,10500.049,200000,189499.951,False,estimated_pass
D:70f2a750-f403-41b8-aabb-480eb3ab4ed4_5_19,D,70f2a750-f403-41b8-aabb-480eb3ab4ed4_5_19,15,967434,24419.453,25986.957,27584.462,512,28096.462,200000,171903.538,False,estimated_pass
A:70f2a750-f403-41b8-aabb-480eb3ab4ed4_6_32,A,70f2a750-f403-41b8-aabb-480eb3ab4ed4_6_32,0,45035,16604.377,17748.646,18892.916,512,19404.916,200000,180595.084,False,estimated_pass
B:70f2a750-f403-41b8-aabb-480eb3ab4ed4_6_32,B,70f2a750-f403-41b8-aabb-480eb3ab4ed4_6_32,10,616877,5795.986,6384.488,6992.99,512,7504.99,200000,192495.01,False,estimated_pass
D:70f2a750-f403-41b8-aabb-480eb3ab4ed4_6_32,D,70f2a750-f403-41b8-aabb-480eb3ab4ed4_6_32,10,660158,21716.551,23142.977,24589.404,512,25101.404,200000,174898.596,False,estimated_pass
A:a6d45e95-8dc0-4932-83bf-ec53e265a16a_8_1,A,a6d45e95-8dc0-4932-83bf-ec53e265a16a_8_1,0,45402,17179.456,18350.576,19521.696,512,20033.696,200000,179966.304,False,estimated_pass
B:a6d45e95-8dc0-4932-83bf-ec53e265a16a_8_1,B,a6d45e95-8dc0-4932-83bf-ec53e265a16a_8_1,9,407443,6843.808,7482.741,8139.675,512,8651.675,200000,191348.325,False,estimated_pass
D:a6d45e95-8dc0-4932-83bf-ec53e265a16a_8_1,D,a6d45e95-8dc0-4932-83bf-ec53e265a16a_8_1,9,450844,23274.523,24778.231,26299.938,512,26811.938,200000,173188.062,False,estimated_pass
A:a6d45e95-8dc0-4932-83bf-ec53e265a16a_17_21,A,a6d45e95-8dc0-4932-83bf-ec53e265a16a_17_21,0,44950,17060.638,18231.757,19402.877,512,19914.877,200000,180085.123,False,estimated_pass
B:a6d45e95-8dc0-4932-83bf-ec53e265a16a_17_21,B,a6d45e95-8dc0-4932-83bf-ec53e265a16a_17_21,7,214200,5370.91,5935.935,6514.96,512,7026.96,200000,192973.04,False,estimated_pass
D:a6d45e95-8dc0-4932-83bf-ec53e265a16a_17_21,D,a6d45e95-8dc0-4932-83bf-ec53e265a16a_17_21,7,257601,21801.625,23231.424,24675.223,512,25187.223,200000,174812.777,False,estimated_pass
A:a6d45e95-8dc0-4932-83bf-ec53e265a16a_7_7,A,a6d45e95-8dc0-4932-83bf-ec53e265a16a_7_7,0,45229,17133.979,18305.099,19476.219,512,19988.219,200000,180011.781,False,estimated_pass
B:a6d45e95-8dc0-4932-83bf-ec53e265a16a_7_7,B,a6d45e95-8dc0-4932-83bf-ec53e265a16a_7_7,4,159704,3413.001,3867.163,4329.325,512,4841.325,200000,195158.675,False,estimated_pass
D:a6d45e95-8dc0-4932-83bf-ec53e265a16a_7_7,D,a6d45e95-8dc0-4932-83bf-ec53e265a16a_7_7,4,203105,19843.716,21162.652,22489.589,512,23001.589,200000,176998.411,False,estimated_pass
A:a6d45e95-8dc0-4932-83bf-ec53e265a16a_11_28,A,a6d45e95-8dc0-4932-83bf-ec53e265a16a_11_28,0,45105,17101.383,18272.503,19443.622,512,19955.622,200000,180044.378,False,estimated_pass
B:a6d45e95-8dc0-4932-83bf-ec53e265a16a_11_28,B,a6d45e95-8dc0-4932-83bf-ec53e265a16a_11_28,6,210952,4734.747,5262.818,5802.888,512,6314.888,200000,193685.112,False,estimated_pass
D:a6d45e95-8dc0-4932-83bf-ec53e265a16a_11_28,D,a6d45e95-8dc0-4932-83bf-ec53e265a16a_11_28,6,254353,21165.462,22558.307,23963.152,512,24475.152,200000,175524.848,False,estimated_pass
A:a6d45e95-8dc0-4932-83bf-ec53e265a16a_11_15,A,a6d45e95-8dc0-4932-83bf-ec53e265a16a_11_15,0,45114,17103.749,18274.869,19445.988,512,19957.988,200000,180042.012,False,estimated_pass
B:a6d45e95-8dc0-4932-83bf-ec53e265a16a_11_15,B,a6d45e95-8dc0-4932-83bf-ec53e265a16a_11_15,3,83974,2704.811,3122.019,3545.226,512,4057.226,200000,195942.774,False,estimated_pass
D:a6d45e95-8dc0-4932-83bf-ec53e265a16a_11_15,D,a6d45e95-8dc0-4932-83bf-ec53e265a16a_11_15,3,127375,19135.525,20417.508,21705.49,512,22217.49,200000,177782.51,False,estimated_pass
A:a6d45e95-8dc0-4932-83bf-ec53e265a16a_17_10,A,a6d45e95-8dc0-4932-83bf-ec53e265a16a_17_10,0,44974,17066.947,18238.066,19409.186,512,19921.186,200000,180078.814,False,estimated_pass
B:a6d45e95-8dc0-4932-83bf-ec53e265a16a_17_10,B,a6d45e95-8dc0-4932-83bf-ec53e265a16a_17_10,5,212169,4023.139,4514.256,5015.372,512,5527.372,200000,194472.628,False,estimated_pass
D:a6d45e95-8dc0-4932-83bf-ec53e265a16a_17_10,D,a6d45e95-8dc0-4932-83bf-ec53e265a16a_17_10,5,255570,20453.854,21809.745,23175.636,512,23687.636,200000,176312.364,False,estimated_pass
A:a6d45e95-8dc0-4932-83bf-ec53e265a16a_6_24,A,a6d45e95-8dc0-4932-83bf-ec53e265a16a_6_24,0,45130,17107.955,18279.075,19450.194,512,19962.194,200000,180037.806,False,estimated_pass
B:a6d45e95-8dc0-4932-83bf-ec53e265a16a_6_24,B,a6d45e95-8dc0-4932-83bf-ec53e265a16a_6_24,9,358414,6774.147,7413.08,8070.013,512,8582.012999999999,200000,191417.987,False,estimated_pass
D:a6d45e95-8dc0-4932-83bf-ec53e265a16a_6_24,D,a6d45e95-8dc0-4932-83bf-ec53e265a16a_6_24,9,401815,23204.861,24708.569,26230.277,512,26742.277,200000,173257.723,False,estimated_pass
A:a6d45e95-8dc0-4932-83bf-ec53e265a16a_8_18,A,a6d45e95-8dc0-4932-83bf-ec53e265a16a_8_18,0,45145,17111.898,18283.018,19454.137,512,19966.137,200000,180033.863,False,estimated_pass
B:a6d45e95-8dc0-4932-83bf-ec53e265a16a_8_18,B,a6d45e95-8dc0-4932-83bf-ec53e265a16a_8_18,3,111145,2712.96,3130.168,3553.376,512,4065.376,200000,195934.624,False,estimated_pass
D:a6d45e95-8dc0-4932-83bf-ec53e265a16a_8_18,D,a6d45e95-8dc0-4932-83bf-ec53e265a16a_8_18,3,154546,19143.674,20425.657,21713.639,512,22225.639,200000,177774.361,False,estimated_pass
A:a6d45e95-8dc0-4932-83bf-ec53e265a16a_7_20,A,a6d45e95-8dc0-4932-83bf-ec53e265a16a_7_20,0,45254,17140.551,18311.671,19482.79,512,19994.79,200000,180005.21,False,estimated_pass
B:a6d45e95-8dc0-4932-83bf-ec53e265a16a_7_20,B,a6d45e95-8dc0-4932-83bf-ec53e265a16a_7_20,6,208078,4774.178,5302.249,5842.319,512,6354.319,200000,193645.681,False,estimated_pass
D:a6d45e95-8dc0-4932-83bf-ec53e265a16a_7_20,D,a6d45e95-8dc0-4932-83bf-ec53e265a16a_7_20,6,251479,21204.893,22597.738,24002.583,512,24514.583,200000,175485.41700000002,False,estimated_pass
A:a6d45e95-8dc0-4932-83bf-ec53e265a16a_8_27,A,a6d45e95-8dc0-4932-83bf-ec53e265a16a_8_27,0,45206,17127.933,18299.053,19470.173,512,19982.173,200000,180017.827,False,estimated_pass
B:a6d45e95-8dc0-4932-83bf-ec53e265a16a_8_27,B,a6d45e95-8dc0-4932-83bf-ec53e265a16a_8_27,3,166556,2728.469,3145.677,3568.885,512,4080.885,200000,195919.115,False,estimated_pass
D:a6d45e95-8dc0-4932-83bf-ec53e265a16a_8_27,D,a6d45e95-8dc0-4932-83bf-ec53e265a16a_8_27,3,209957,19159.184,20441.166,21729.149,512,22241.149,200000,177758.851,False,estimated_pass
A:a6d45e95-8dc0-4932-83bf-ec53e265a16a_4_9,A,a6d45e95-8dc0-4932-83bf-ec53e265a16a_4_9,0,45231,17134.505,18305.625,19476.744,512,19988.744,200000,180011.256,False,estimated_pass
B:a6d45e95-8dc0-4932-83bf-ec53e265a16a_4_9,B,a6d45e95-8dc0-4932-83bf-ec53e265a16a_4_9,9,270128,6799.908,7438.842,8095.775,512,8607.775,200000,191392.225,False,estimated_pass
D:a6d45e95-8dc0-4932-83bf-ec53e265a16a_4_9,D,a6d45e95-8dc0-4932-83bf-ec53e265a16a_4_9,9,313529,23230.623,24734.331,26256.039,512,26768.039,200000,173231.961,False,estimated_pass
A:a6d45e95-8dc0-4932-83bf-ec53e265a16a_17_11,A,a6d45e95-8dc0-4932-83bf-ec53e265a16a_17_11,0,45254,17140.551,18311.671,19482.79,512,19994.79,200000,180005.21,False,estimated_pass
B:a6d45e95-8dc0-4932-83bf-ec53e265a16a_17_11,B,a6d45e95-8dc0-4932-83bf-ec53e265a16a_17_11,9,359631,6804.903,7443.836,8100.77,512,8612.77,200000,191387.23,False,estimated_pass
D:a6d45e95-8dc0-4932-83bf-ec53e265a16a_17_11,D,a6d45e95-8dc0-4932-83bf-ec53e265a16a_17_11,9,403032,23235.618,24739.325,26261.033,512,26773.033,200000,173226.967,False,estimated_pass
A:a6d45e95-8dc0-4932-83bf-ec53e265a16a_4_6,A,a6d45e95-8dc0-4932-83bf-ec53e265a16a_4_6,0,45530,17213.104,18384.224,19555.343,512,20067.343,200000,179932.657,False,estimated_pass
B:a6d45e95-8dc0-4932-83bf-ec53e265a16a_4_6,B,a6d45e95-8dc0-4932-83bf-ec53e265a16a_4_6,12,517278,8909.758,9659.554,10433.35,512,10945.35,200000,189054.65,False,estimated_pass
D:a6d45e95-8dc0-4932-83bf-ec53e265a16a_4_6,D,a6d45e95-8dc0-4932-83bf-ec53e265a16a_4_6,12,560679,25340.473,26955.043,28593.614,512,29105.614,200000,170894.386,False,estimated_pass
A:a6d45e95-8dc0-4932-83bf-ec53e265a16a_17_12,A,a6d45e95-8dc0-4932-83bf-ec53e265a16a_17_12,0,44967,17065.107,18236.226,19407.346,512,19919.346,200000,180080.654,False,estimated_pass
B:a6d45e95-8dc0-4932-83bf-ec53e265a16a_17_12,B,a6d45e95-8dc0-4932-83bf-ec53e265a16a_17_12,9,458586,6728.933,7367.866,8024.799,512,8536.798999999999,200000,191463.201,False,estimated_pass
D:a6d45e95-8dc0-4932-83bf-ec53e265a16a_17_12,D,a6d45e95-8dc0-4932-83bf-ec53e265a16a_17_12,9,501987,23159.647,24663.355,26185.063,512,26697.063,200000,173302.937,False,estimated_pass
A:a6d45e95-8dc0-4932-83bf-ec53e265a16a_11_14,A,a6d45e95-8dc0-4932-83bf-ec53e265a16a_11_14,0,45412,17182.085,18353.205,19524.324,512,20036.324,200000,179963.676,False,estimated_pass
B:a6d45e95-8dc0-4932-83bf-ec53e265a16a_11_14,B,a6d45e95-8dc0-4932-83bf-ec53e265a16a_11_14,9,458322,6845.648,7484.582,8141.515,512,8653.515,200000,191346.485,False,estimated_pass
D:a6d45e95-8dc0-4932-83bf-ec53e265a16a_11_14,D,a6d45e95-8dc0-4932-83bf-ec53e265a16a_11_14,9,501723,23276.363,24780.071,26301.779,512,26813.779,200000,173186.221,False,estimated_pass
A:a6d45e95-8dc0-4932-83bf-ec53e265a16a_17_25,A,a6d45e95-8dc0-4932-83bf-ec53e265a16a_17_25,0,46670,17512.78,18683.899,19855.019,512,20367.019,200000,179632.981,False,estimated_pass
B:a6d45e95-8dc0-4932-83bf-ec53e265a16a_17_25,B,a6d45e95-8dc0-4932-83bf-ec53e265a16a_17_25,15,612072,11240.421,12101.08,12991.739,512,13503.739,200000,186496.261,False,estimated_pass
D:a6d45e95-8dc0-4932-83bf-ec53e265a16a_17_25,D,a6d45e95-8dc0-4932-83bf-ec53e265a16a_17_25,15,655473,27671.136,29396.569,31152.002,512,31664.002,200000,168335.998,False,estimated_pass
A:a6d45e95-8dc0-4932-83bf-ec53e265a16a_7_19,A,a6d45e95-8dc0-4932-83bf-ec53e265a16a_7_19,0,45254,17140.551,18311.671,19482.79,512,19994.79,200000,180005.21,False,estimated_pass
B:a6d45e95-8dc0-4932-83bf-ec53e265a16a_7_19,B,a6d45e95-8dc0-4932-83bf-ec53e265a16a_7_19,14,550210,10191.547,11015.252,11866.956,512,12378.956,200000,187621.044,False,estimated_pass
D:a6d45e95-8dc0-4932-83bf-ec53e265a16a_7_19,D,a6d45e95-8dc0-4932-83bf-ec53e265a16a_7_19,14,593611,26622.262,28310.741,30027.22,512,30539.22,200000,169460.78,False,estimated_pass
A:a6d45e95-8dc0-4932-83bf-ec53e265a16a_5_26,A,a6d45e95-8dc0-4932-83bf-ec53e265a16a_5_26,0,45396,17177.879,18348.999,19520.118,512,20032.118,200000,179967.882,False,estimated_pass
B:a6d45e95-8dc0-4932-83bf-ec53e265a16a_5_26,B,a6d45e95-8dc0-4932-83bf-ec53e265a16a_5_26,9,484505,6841.179,7480.113,8137.046,512,8649.046,200000,191350.954,False,estimated_pass
D:a6d45e95-8dc0-4932-83bf-ec53e265a16a_5_26,D,a6d45e95-8dc0-4932-83bf-ec53e265a16a_5_26,9,527906,23271.894,24775.602,26297.31,512,26809.31,200000,173190.69,False,estimated_pass
A:a6d45e95-8dc0-4932-83bf-ec53e265a16a_4_23,A,a6d45e95-8dc0-4932-83bf-ec53e265a16a_4_23,0,45575,17224.933,18396.053,19567.173,512,20079.173,200000,179920.827,False,estimated_pass
B:a6d45e95-8dc0-4932-83bf-ec53e265a16a_4_23,B,a6d45e95-8dc0-4932-83bf-ec53e265a16a_4_23,9,376581,6889.548,7528.481,8185.415,512,8697.415,200000,191302.585,False,estimated_pass
D:a6d45e95-8dc0-4932-83bf-ec53e265a16a_4_23,D,a6d45e95-8dc0-4932-83bf-ec53e265a16a_4_23,9,419982,23320.263,24823.971,26345.678,512,26857.678,200000,173142.322,False,estimated_pass
A:a6d45e95-8dc0-4932-83bf-ec53e265a16a_8_22,A,a6d45e95-8dc0-4932-83bf-ec53e265a16a_8_22,0,45417,17183.4,18354.519,19525.639,512,20037.639,200000,179962.361,False,estimated_pass
B:a6d45e95-8dc0-4932-83bf-ec53e265a16a_8_22,B,a6d45e95-8dc0-4932-83bf-ec53e265a16a_8_22,7,311025,5493.146,6058.171,6637.196,512,7149.196,200000,192850.804,False,estimated_pass
D:a6d45e95-8dc0-4932-83bf-ec53e265a16a_8_22,D,a6d45e95-8dc0-4932-83bf-ec53e265a16a_8_22,7,354426,21923.861,23353.66,24797.459,512,25309.459,200000,174690.541,False,estimated_pass
A:a6d45e95-8dc0-4932-83bf-ec53e265a16a_7_16,A,a6d45e95-8dc0-4932-83bf-ec53e265a16a_7_16,0,45246,17138.448,18309.568,19480.687,512,19992.687,200000,180007.313,False,estimated_pass
B:a6d45e95-8dc0-4932-83bf-ec53e265a16a_7_16,B,a6d45e95-8dc0-4932-83bf-ec53e265a16a_7_16,15,542609,10862.147,11722.806,12613.464,512,13125.464,200000,186874.536,False,estimated_pass
D:a6d45e95-8dc0-4932-83bf-ec53e265a16a_7_16,D,a6d45e95-8dc0-4932-83bf-ec53e265a16a_7_16,15,586010,27292.862,29018.295,30773.728,512,31285.728,200000,168714.272,False,estimated_pass
A:a6d45e95-8dc0-4932-83bf-ec53e265a16a_17_3,A,a6d45e95-8dc0-4932-83bf-ec53e265a16a_17_3,0,45183,17121.887,18293.007,19464.126,512,19976.126,200000,180023.874,False,estimated_pass
B:a6d45e95-8dc0-4932-83bf-ec53e265a16a_17_3,B,a6d45e95-8dc0-4932-83bf-ec53e265a16a_17_3,16,564473,11528.803,12426.416,13356.029,512,13868.029,200000,186131.971,False,estimated_pass
D:a6d45e95-8dc0-4932-83bf-ec53e265a16a_17_3,D,a6d45e95-8dc0-4932-83bf-ec53e265a16a_17_3,16,607874,27959.518,29721.905,31516.293,512,32028.293,200000,167971.707,False,estimated_pass
A:a6d45e95-8dc0-4932-83bf-ec53e265a16a_12_4,A,a6d45e95-8dc0-4932-83bf-ec53e265a16a_12_4,0,45049,17086.662,18257.782,19428.901,512,19940.901,200000,180059.099,False,estimated_pass
B:a6d45e95-8dc0-4932-83bf-ec53e265a16a_12_4,B,a6d45e95-8dc0-4932-83bf-ec53e265a16a_12_4,3,109845,2687.724,3104.932,3528.14,512,4040.14,200000,195959.86,False,estimated_pass
D:a6d45e95-8dc0-4932-83bf-ec53e265a16a_12_4,D,a6d45e95-8dc0-4932-83bf-ec53e265a16a_12_4,3,153246,19118.439,20400.421,21688.403,512,22200.403,200000,177799.597,False,estimated_pass
A:a6d45e95-8dc0-4932-83bf-ec53e265a16a_18_5,A,a6d45e95-8dc0-4932-83bf-ec53e265a16a_18_5,0,45034,17082.719,18253.839,19424.958,512,19936.958,200000,180063.04200000002,False,estimated_pass
B:a6d45e95-8dc0-4932-83bf-ec53e265a16a_18_5,B,a6d45e95-8dc0-4932-83bf-ec53e265a16a_18_5,9,387303,6746.019,7384.953,8041.886,512,8553.886,200000,191446.114,False,estimated_pass
D:a6d45e95-8dc0-4932-83bf-ec53e265a16a_18_5,D,a6d45e95-8dc0-4932-83bf-ec53e265a16a_18_5,9,430704,23176.734,24680.442,26202.15,512,26714.15,200000,173285.85,False,estimated_pass
A:a6d45e95-8dc0-4932-83bf-ec53e265a16a_17_2,A,a6d45e95-8dc0-4932-83bf-ec53e265a16a_17_2,0,44987,17070.364,18241.484,19412.603,512,19924.603,200000,180075.397,False,estimated_pass
B:a6d45e95-8dc0-4932-83bf-ec53e265a16a_17_2,B,a6d45e95-8dc0-4932-83bf-ec53e265a16a_17_2,6,214708,4704.254,5232.324,5772.395,512,6284.395,200000,193715.605,False,estimated_pass
D:a6d45e95-8dc0-4932-83bf-ec53e265a16a_17_2,D,a6d45e95-8dc0-4932-83bf-ec53e265a16a_17_2,6,258109,21134.968,22527.814,23932.659,512,24444.659,200000,175555.34100000001,False,estimated_pass
