question_id,video_id,question_type,gold,A_task_id,A_prediction,A_correct,A_state,A_result_class,A_failure_category,A_input_tokens,A_output_tokens,A_cache_creation_tokens,A_cache_read_tokens,A_cost_usd,A_api_latency_sec,A_route_wall_sec,A_image_count,A_map_present,B_task_id,B_prediction,B_correct,B_state,B_result_class,B_failure_category,B_input_tokens,B_output_tokens,B_cache_creation_tokens,B_cache_read_tokens,B_cost_usd,B_api_latency_sec,B_route_wall_sec,B_image_count,B_map_present,D_task_id,D_prediction,D_correct,D_state,D_result_class,D_failure_category,D_input_tokens,D_output_tokens,D_cache_creation_tokens,D_cache_read_tokens,D_cost_usd,D_api_latency_sec,D_route_wall_sec,D_image_count,D_map_present
6fd90f8d-7a4d-425d-a812-3268db0b0342_8_31,6fd90f8d-7a4d-425d-a812-3268db0b0342,reasoning/temporal/duration,E,A:6fd90f8d-7a4d-425d-a812-3268db0b0342_8_31,C,False,terminal_success,valid_answer,,36263,106,0,0,0.036793,2.145529503002763,2.159845,0,True,B:6fd90f8d-7a4d-425d-a812-3268db0b0342_8_31,C,False,terminal_success,valid_answer,,5841,102,0,0,0.006351,1.9247635410865769,1.941852,9,False,D:6fd90f8d-7a4d-425d-a812-3268db0b0342_8_31,C,False,terminal_success,valid_answer,,41083,98,0,0,0.041573,2.0311274649575353,2.044654,9,True
6fd90f8d-7a4d-425d-a812-3268db0b0342_3_32,6fd90f8d-7a4d-425d-a812-3268db0b0342,reasoning/predictive,E,A:6fd90f8d-7a4d-425d-a812-3268db0b0342_3_32,E,True,terminal_success,valid_answer,,36328,167,0,0,0.037163,2.6758024870650843,2.689362,0,True,B:6fd90f8d-7a4d-425d-a812-3268db0b0342_3_32,E,True,terminal_success,valid_answer,,8590,93,0,0,0.009055,2.117867831955664,2.132115,14,False,D:6fd90f8d-7a4d-425d-a812-3268db0b0342_3_32,E,True,terminal_success,valid_answer,,43832,171,0,0,0.044687000000000004,3.24344499502331,3.255397,14,True
6fd90f8d-7a4d-425d-a812-3268db0b0342_8_9,6fd90f8d-7a4d-425d-a812-3268db0b0342,reasoning/temporal/duration,A,A:6fd90f8d-7a4d-425d-a812-3268db0b0342_8_9,D,False,terminal_success,valid_answer,,36226,124,0,0,0.036846000000000004,2.1805526620009914,2.192115,0,True,B:6fd90f8d-7a4d-425d-a812-3268db0b0342_8_9,D,False,terminal_success,valid_answer,,5268,114,0,0,0.005838,1.8611352710286155,1.873516,8,False,D:6fd90f8d-7a4d-425d-a812-3268db0b0342_8_9,D,False,terminal_success,valid_answer,,40510,113,0,0,0.041075,2.518175104050897,2.531653,8,True
6fd90f8d-7a4d-425d-a812-3268db0b0342_15_2,6fd90f8d-7a4d-425d-a812-3268db0b0342,navigation/room_to_room_image,D,A:6fd90f8d-7a4d-425d-a812-3268db0b0342_15_2,A,False,terminal_success,valid_answer,,36351,98,0,0,0.036841,1.7548634599661455,1.766151,0,True,B:6fd90f8d-7a4d-425d-a812-3268db0b0342_15_2,C,False,terminal_success,valid_answer,,5927,88,0,0,0.006367,1.672539404942654,1.684401,9,False,D:6fd90f8d-7a4d-425d-a812-3268db0b0342_15_2,C,False,terminal_success,valid_answer,,41169,107,0,0,0.041704,2.4528695810586214,2.46507,9,True
6fd90f8d-7a4d-425d-a812-3268db0b0342_17_25,6fd90f8d-7a4d-425d-a812-3268db0b0342,perception/information_retrieval/factual_recall,D,A:6fd90f8d-7a4d-425d-a812-3268db0b0342_17_25,E,False,terminal_success,valid_answer,,36192,102,0,0,0.036702,1.7185636590002105,1.731752,0,True,B:6fd90f8d-7a4d-425d-a812-3268db0b0342_17_25,B,False,terminal_success,valid_answer,,9525,93,0,0,0.00999,1.9920837479876354,2.005428,16,False,D:6fd90f8d-7a4d-425d-a812-3268db0b0342_17_25,B,False,terminal_success,valid_answer,,44767,96,0,0,0.045247,2.281143298954703,2.29434,16,True
6fd90f8d-7a4d-425d-a812-3268db0b0342_16_3,6fd90f8d-7a4d-425d-a812-3268db0b0342,navigation/object_retrieval_image,C,A:6fd90f8d-7a4d-425d-a812-3268db0b0342_16_3,A,False,terminal_success,valid_answer,,36356,91,0,0,0.036810999999999997,1.3198418520623818,1.331861,0,True,B:6fd90f8d-7a4d-425d-a812-3268db0b0342_16_3,D,False,terminal_success,valid_answer,,9688,115,0,0,0.010263000000000001,1.8380201139952987,1.850486,16,False,D:6fd90f8d-7a4d-425d-a812-3268db0b0342_16_3,A,False,terminal_success,valid_answer,,44930,96,0,0,0.04541,2.391053404076956,2.404232,16,True
6fd90f8d-7a4d-425d-a812-3268db0b0342_17_36,6fd90f8d-7a4d-425d-a812-3268db0b0342,perception/information_retrieval/factual_recall,C,A:6fd90f8d-7a4d-425d-a812-3268db0b0342_17_36,C,True,terminal_success,valid_answer,,36208,114,0,0,0.036778,1.9211720060557127,1.934523,0,True,B:6fd90f8d-7a4d-425d-a812-3268db0b0342_17_36,E,False,terminal_success,valid_answer,,5784,99,0,0,0.006279,1.837213989929296,1.851082,9,False,D:6fd90f8d-7a4d-425d-a812-3268db0b0342_17_36,C,True,terminal_success,valid_answer,,41026,129,0,0,0.041671,2.30484982393682,2.31865,9,True
6fd90f8d-7a4d-425d-a812-3268db0b0342_18_16,6fd90f8d-7a4d-425d-a812-3268db0b0342,perception/tracking,D,A:6fd90f8d-7a4d-425d-a812-3268db0b0342_18_16,D,True,terminal_success,valid_answer,,36218,149,0,0,0.036963,2.2453072529751807,2.258978,0,True,B:6fd90f8d-7a4d-425d-a812-3268db0b0342_18_16,D,True,terminal_success,valid_answer,,5796,104,0,0,0.0063159999999999996,1.97703219903633,1.990757,9,False,D:6fd90f8d-7a4d-425d-a812-3268db0b0342_18_16,D,True,terminal_success,valid_answer,,41038,125,0,0,0.041663,2.3644288680516183,2.377941,9,True
6fd90f8d-7a4d-425d-a812-3268db0b0342_7_27,6fd90f8d-7a4d-425d-a812-3268db0b0342,reasoning/spatial/relationship,A,A:6fd90f8d-7a4d-425d-a812-3268db0b0342_7_27,D,False,terminal_success,valid_answer,,36254,131,0,0,0.036909000000000004,2.188305294024758,2.201562,0,True,B:6fd90f8d-7a4d-425d-a812-3268db0b0342_7_27,D,False,terminal_success,valid_answer,,9041,86,0,0,0.009471,1.7700432679848745,1.783915,15,False,D:6fd90f8d-7a4d-425d-a812-3268db0b0342_7_27,D,False,terminal_success,valid_answer,,44283,90,0,0,0.044733,2.0362115040188655,2.047842,15,True
6fd90f8d-7a4d-425d-a812-3268db0b0342_13_2,6fd90f8d-7a4d-425d-a812-3268db0b0342,navigation/room_to_room,A,A:6fd90f8d-7a4d-425d-a812-3268db0b0342_13_2,B,False,terminal_success,valid_answer,,36275,122,0,0,0.036885,1.9322400640230626,1.945675,0,True,B:6fd90f8d-7a4d-425d-a812-3268db0b0342_13_2,C,False,terminal_success,valid_answer,,5851,93,0,0,0.006316,1.886095087043941,1.899782,9,False,D:6fd90f8d-7a4d-425d-a812-3268db0b0342_13_2,C,False,terminal_success,valid_answer,,41093,100,0,0,0.041593,2.446457474026829,2.461865,9,True
6fd90f8d-7a4d-425d-a812-3268db0b0342_14_5,6fd90f8d-7a4d-425d-a812-3268db0b0342,navigation/object_retrieval,E,A:6fd90f8d-7a4d-425d-a812-3268db0b0342_14_5,A,False,terminal_success,valid_answer,,36347,111,0,0,0.036902,1.6528712490107864,1.666019,0,True,B:6fd90f8d-7a4d-425d-a812-3268db0b0342_14_5,C,False,terminal_success,valid_answer,,5926,102,0,0,0.006436,1.6142053060466424,1.626843,9,False,D:6fd90f8d-7a4d-425d-a812-3268db0b0342_14_5,C,False,terminal_success,valid_answer,,41168,143,0,0,0.041883000000000004,2.612080442951992,2.625984,9,True
6fd90f8d-7a4d-425d-a812-3268db0b0342_8_10,6fd90f8d-7a4d-425d-a812-3268db0b0342,reasoning/temporal/duration,C,A:6fd90f8d-7a4d-425d-a812-3268db0b0342_8_10,D,False,terminal_success,valid_answer,,36263,103,0,0,0.036778,1.8043308320920914,1.81792,0,True,B:6fd90f8d-7a4d-425d-a812-3268db0b0342_8_10,D,False,terminal_success,valid_answer,,5306,102,0,0,0.005816,1.9611735680373386,1.97435,8,False,D:6fd90f8d-7a4d-425d-a812-3268db0b0342_8_10,D,False,terminal_success,valid_answer,,40548,98,0,0,0.041038,1.691908500972204,1.704778,8,True
6fd90f8d-7a4d-425d-a812-3268db0b0342_17_5,6fd90f8d-7a4d-425d-a812-3268db0b0342,perception/information_retrieval/factual_recall,A,A:6fd90f8d-7a4d-425d-a812-3268db0b0342_17_5,A,True,terminal_success,valid_answer,,36326,128,0,0,0.036966,1.8404490069951862,1.852913,0,True,B:6fd90f8d-7a4d-425d-a812-3268db0b0342_17_5,C,False,terminal_success,valid_answer,,5904,129,0,0,0.006549,2.3730638390406966,2.388307,9,False,D:6fd90f8d-7a4d-425d-a812-3268db0b0342_17_5,A,True,terminal_success,valid_answer,,41146,145,0,0,0.041871000000000005,2.6241269529564306,2.63838,9,True
6fd90f8d-7a4d-425d-a812-3268db0b0342_12_28,6fd90f8d-7a4d-425d-a812-3268db0b0342,perception/information_retrieval/temporal_distance,A,A:6fd90f8d-7a4d-425d-a812-3268db0b0342_12_28,C,False,terminal_success,valid_answer,,36212,99,0,0,0.036707000000000004,1.8145238539436832,1.828596,0,True,B:6fd90f8d-7a4d-425d-a812-3268db0b0342_12_28,C,False,terminal_success,valid_answer,,9010,124,0,0,0.009630000000000001,2.43792933691293,2.451501,15,False,D:6fd90f8d-7a4d-425d-a812-3268db0b0342_12_28,C,False,terminal_success,valid_answer,,44252,119,0,0,0.044847,2.7363880429184064,2.751022,15,True
6fd90f8d-7a4d-425d-a812-3268db0b0342_4_1,6fd90f8d-7a4d-425d-a812-3268db0b0342,reasoning/temporal/frequency,C,A:6fd90f8d-7a4d-425d-a812-3268db0b0342_4_1,D,False,terminal_success,valid_answer,,36254,154,0,0,0.037024,3.204563762061298,3.217978,0,True,B:6fd90f8d-7a4d-425d-a812-3268db0b0342_4_1,E,False,terminal_success,valid_answer,,5832,114,0,0,0.006402000000000001,1.7104455860098824,1.723474,9,False,D:6fd90f8d-7a4d-425d-a812-3268db0b0342_4_1,D,False,terminal_success,valid_answer,,41074,118,0,0,0.041664,1.9981007180176675,2.012736,9,True
6fd90f8d-7a4d-425d-a812-3268db0b0342_6_8,6fd90f8d-7a4d-425d-a812-3268db0b0342,reasoning/spatial/proximity,B,A:6fd90f8d-7a4d-425d-a812-3268db0b0342_6_8,A,False,terminal_success,valid_answer,,36242,98,0,0,0.036732,1.5039880400290713,1.519177,0,True,B:6fd90f8d-7a4d-425d-a812-3268db0b0342_6_8,E,False,terminal_success,valid_answer,,4210,94,0,0,0.00468,1.7973670330829918,1.814149,6,False,D:6fd90f8d-7a4d-425d-a812-3268db0b0342_6_8,E,False,terminal_success,valid_answer,,39452,115,0,0,0.040027,2.1309517279732972,2.143848,6,True
6fd90f8d-7a4d-425d-a812-3268db0b0342_11_29,6fd90f8d-7a4d-425d-a812-3268db0b0342,perception/information_retrieval/sequence_recall,A,A:6fd90f8d-7a4d-425d-a812-3268db0b0342_11_29,A,True,terminal_success,valid_answer,,36370,137,0,0,0.037055,2.2402838220587,2.254057,0,True,B:6fd90f8d-7a4d-425d-a812-3268db0b0342_11_29,B,False,terminal_success,valid_answer,,4873,140,0,0,0.005573,2.4524399819783866,2.465824,7,False,D:6fd90f8d-7a4d-425d-a812-3268db0b0342_11_29,A,True,terminal_success,valid_answer,,40115,157,0,0,0.0409,2.8433340459596366,2.857875,7,True
6fd90f8d-7a4d-425d-a812-3268db0b0342_1_1,6fd90f8d-7a4d-425d-a812-3268db0b0342,reasoning/causal,B,A:6fd90f8d-7a4d-425d-a812-3268db0b0342_1_1,C,False,terminal_success,valid_answer,,36200,150,0,0,0.036950000000000004,1.9166347780264914,1.929986,0,True,B:6fd90f8d-7a4d-425d-a812-3268db0b0342_1_1,A,False,terminal_success,valid_answer,,8998,100,0,0,0.009498000000000001,1.6775003179209307,1.690784,15,False,D:6fd90f8d-7a4d-425d-a812-3268db0b0342_1_1,C,False,terminal_success,valid_answer,,44240,111,0,0,0.044795,2.010868902085349,2.024765,15,True
6fd90f8d-7a4d-425d-a812-3268db0b0342_14_3,6fd90f8d-7a4d-425d-a812-3268db0b0342,navigation/object_retrieval,C,A:6fd90f8d-7a4d-425d-a812-3268db0b0342_14_3,A,False,terminal_success,valid_answer,,36340,100,0,0,0.03684,2.0169310090132058,2.032555,0,True,B:6fd90f8d-7a4d-425d-a812-3268db0b0342_14_3,A,False,terminal_success,valid_answer,,9664,106,0,0,0.010194,1.9355813700240105,1.951394,16,False,D:6fd90f8d-7a4d-425d-a812-3268db0b0342_14_3,A,False,terminal_success,valid_answer,,44906,105,0,0,0.045431,2.4164126900723204,2.431053,16,True
6fd90f8d-7a4d-425d-a812-3268db0b0342_7_7,6fd90f8d-7a4d-425d-a812-3268db0b0342,reasoning/spatial/relationship,B,A:6fd90f8d-7a4d-425d-a812-3268db0b0342_7_7,A,False,terminal_success,valid_answer,,36253,113,0,0,0.036818000000000004,1.907413701992482,1.920299,0,True,B:6fd90f8d-7a4d-425d-a812-3268db0b0342_7_7,B,True,terminal_success,valid_answer,,5829,82,0,0,0.006239,1.615471497992985,1.628775,9,False,D:6fd90f8d-7a4d-425d-a812-3268db0b0342_7_7,B,True,terminal_success,valid_answer,,41071,86,0,0,0.041501,1.915160286007449,1.928642,9,True
6fd90f8d-7a4d-425d-a812-3268db0b0342_16_5,6fd90f8d-7a4d-425d-a812-3268db0b0342,navigation/object_retrieval_image,E,A:6fd90f8d-7a4d-425d-a812-3268db0b0342_16_5,E,True,terminal_success,valid_answer,,36352,147,0,0,0.037087,2.4188027139753103,2.432121,0,True,B:6fd90f8d-7a4d-425d-a812-3268db0b0342_16_5,C,False,terminal_success,valid_answer,,5931,104,0,0,0.006450999999999999,1.9068828040035442,1.919857,9,False,D:6fd90f8d-7a4d-425d-a812-3268db0b0342_16_5,E,True,terminal_success,valid_answer,,41173,87,0,0,0.041608,2.192566543002613,2.20605,9,True
6fd90f8d-7a4d-425d-a812-3268db0b0342_16_4,6fd90f8d-7a4d-425d-a812-3268db0b0342,navigation/object_retrieval_image,B,A:6fd90f8d-7a4d-425d-a812-3268db0b0342_16_4,A,False,terminal_success,valid_answer,,36350,100,0,0,0.03685,1.7628797510406002,1.776583,0,True,B:6fd90f8d-7a4d-425d-a812-3268db0b0342_16_4,D,False,terminal_success,valid_answer,,9143,96,0,0,0.009623,1.9700183289824054,1.982909,15,False,D:6fd90f8d-7a4d-425d-a812-3268db0b0342_16_4,B,True,terminal_success,valid_answer,,44385,135,0,0,0.04506,2.4334770010318607,2.447546,15,True
6fd90f8d-7a4d-425d-a812-3268db0b0342_18_17,6fd90f8d-7a4d-425d-a812-3268db0b0342,perception/tracking,E,A:6fd90f8d-7a4d-425d-a812-3268db0b0342_18_17,E,True,terminal_success,valid_answer,,36207,114,0,0,0.036777000000000004,1.9478100349660963,1.96273,0,True,B:6fd90f8d-7a4d-425d-a812-3268db0b0342_18_17,B,False,terminal_success,valid_answer,,4180,110,0,0,0.00473,1.8835491059580818,1.897526,6,False,D:6fd90f8d-7a4d-425d-a812-3268db0b0342_18_17,E,True,terminal_success,valid_answer,,39422,102,0,0,0.039931999999999995,2.0112942629493773,2.034199,6,True
6fd90f8d-7a4d-425d-a812-3268db0b0342_21_11,6fd90f8d-7a4d-425d-a812-3268db0b0342,summarization/temporal_sequencing,A,A:6fd90f8d-7a4d-425d-a812-3268db0b0342_21_11,B,False,terminal_success,valid_answer,,36350,165,0,0,0.037175,2.6014445549808443,2.615283,0,True,B:6fd90f8d-7a4d-425d-a812-3268db0b0342_21_11,D,False,terminal_success,valid_answer,,5390,129,0,0,0.0060349999999999996,2.010310896905139,2.023818,8,False,D:6fd90f8d-7a4d-425d-a812-3268db0b0342_21_11,B,False,terminal_success,valid_answer,,40632,153,0,0,0.041397,2.695697095943615,2.709698,8,True
6fd90f8d-7a4d-425d-a812-3268db0b0342_14_4,6fd90f8d-7a4d-425d-a812-3268db0b0342,navigation/object_retrieval,D,A:6fd90f8d-7a4d-425d-a812-3268db0b0342_14_4,A,False,terminal_success,valid_answer,,36345,159,0,0,0.03714,2.329972580075264,2.345635,0,True,B:6fd90f8d-7a4d-425d-a812-3268db0b0342_14_4,C,False,terminal_success,valid_answer,,9133,112,0,0,0.009693,2.210164781077765,2.224685,15,False,D:6fd90f8d-7a4d-425d-a812-3268db0b0342_14_4,C,False,terminal_success,valid_answer,,44375,121,0,0,0.04498,2.4842932290630415,2.499051,15,True
4572b198-2c1c-4920-bcf0-95fcebe12261_13_1,4572b198-2c1c-4920-bcf0-95fcebe12261,navigation/room_to_room,D,A:4572b198-2c1c-4920-bcf0-95fcebe12261_13_1,C,False,terminal_success,valid_answer,,28039,91,0,0,0.028494000000000002,1.8791978020453826,1.892076,0,True,B:4572b198-2c1c-4920-bcf0-95fcebe12261_13_1,E,False,terminal_success,valid_answer,,9044,110,0,0,0.009594,1.9799920259974897,1.993274,15,False,D:4572b198-2c1c-4920-bcf0-95fcebe12261_13_1,A,False,terminal_success,valid_answer,,36076,111,0,0,0.036631,2.105545522994362,2.120222,15,True
4572b198-2c1c-4920-bcf0-95fcebe12261_4_23,4572b198-2c1c-4920-bcf0-95fcebe12261,reasoning/temporal/frequency,E,A:4572b198-2c1c-4920-bcf0-95fcebe12261_4_23,B,False,terminal_success,valid_answer,,28093,117,0,0,0.028678,1.9331857090583071,1.950733,0,True,B:4572b198-2c1c-4920-bcf0-95fcebe12261_4_23,D,False,terminal_success,valid_answer,,9628,113,0,0,0.010192999999999999,1.8329113719519228,1.84669,16,False,D:4572b198-2c1c-4920-bcf0-95fcebe12261_4_23,B,False,terminal_success,valid_answer,,36660,142,0,0,0.03737,3.445380962919444,3.460679,16,True
4572b198-2c1c-4920-bcf0-95fcebe12261_4_3,4572b198-2c1c-4920-bcf0-95fcebe12261,reasoning/temporal/frequency,C,A:4572b198-2c1c-4920-bcf0-95fcebe12261_4_3,E,False,terminal_success,valid_answer,,28082,136,0,0,0.028762,2.267169140977785,2.28083,0,True,B:4572b198-2c1c-4920-bcf0-95fcebe12261_4_3,B,False,terminal_success,valid_answer,,9615,105,0,0,0.01014,2.2614112419541925,2.275096,16,False,D:4572b198-2c1c-4920-bcf0-95fcebe12261_4_3,E,False,terminal_success,valid_answer,,36647,112,0,0,0.037207,2.4700910380342975,2.484963,16,True
4572b198-2c1c-4920-bcf0-95fcebe12261_17_26,4572b198-2c1c-4920-bcf0-95fcebe12261,perception/information_retrieval/factual_recall,B,A:4572b198-2c1c-4920-bcf0-95fcebe12261_17_26,B,True,terminal_success,valid_answer,,27999,107,0,0,0.028534,1.8300728879403323,1.844299,0,True,B:4572b198-2c1c-4920-bcf0-95fcebe12261_17_26,B,True,terminal_success,valid_answer,,4183,119,0,0,0.004778,2.0434598400024697,2.057459,6,False,D:4572b198-2c1c-4920-bcf0-95fcebe12261_17_26,B,True,terminal_success,valid_answer,,31215,123,0,0,0.03183,2.4518416229402646,2.466031,6,True
4572b198-2c1c-4920-bcf0-95fcebe12261_3_21,4572b198-2c1c-4920-bcf0-95fcebe12261,reasoning/predictive,A,A:4572b198-2c1c-4920-bcf0-95fcebe12261_3_21,B,False,terminal_success,valid_answer,,28156,133,0,0,0.028821,1.9882711959071457,2.002956,0,True,B:4572b198-2c1c-4920-bcf0-95fcebe12261_3_21,E,False,terminal_success,valid_answer,,2196,107,0,0,0.002731,1.7856963090598583,1.799751,2,False,D:4572b198-2c1c-4920-bcf0-95fcebe12261_3_21,B,False,terminal_success,valid_answer,,29228,112,0,0,0.029788000000000002,2.0837286700261757,2.097369,2,True
4572b198-2c1c-4920-bcf0-95fcebe12261_2_1,4572b198-2c1c-4920-bcf0-95fcebe12261,reasoning/counterfactual,E,A:4572b198-2c1c-4920-bcf0-95fcebe12261_2_1,D,False,terminal_success,valid_answer,,28052,103,0,0,0.028567000000000002,1.664961959933862,1.677915,0,True,B:4572b198-2c1c-4920-bcf0-95fcebe12261_2_1,D,False,terminal_success,valid_answer,,4230,101,0,0,0.0047350000000000005,1.402740107034333,1.419593,6,False,D:4572b198-2c1c-4920-bcf0-95fcebe12261_2_1,D,False,terminal_success,valid_answer,,31262,105,0,0,0.031786999999999996,2.1220754079986364,2.136903,6,True
4572b198-2c1c-4920-bcf0-95fcebe12261_17_39,4572b198-2c1c-4920-bcf0-95fcebe12261,perception/information_retrieval/factual_recall,D,A:4572b198-2c1c-4920-bcf0-95fcebe12261_17_39,B,False,terminal_success,valid_answer,,27982,119,0,0,0.028576999999999998,2.0180473800282925,2.034224,0,True,B:4572b198-2c1c-4920-bcf0-95fcebe12261_17_39,A,False,terminal_success,valid_answer,,3630,92,0,0,0.00409,1.7617862150073051,1.775752,5,False,D:4572b198-2c1c-4920-bcf0-95fcebe12261_17_39,B,False,terminal_success,valid_answer,,30662,122,0,0,0.031272,2.397017378010787,2.411695,5,True
4572b198-2c1c-4920-bcf0-95fcebe12261_17_15,4572b198-2c1c-4920-bcf0-95fcebe12261,perception/information_retrieval/factual_recall,B,A:4572b198-2c1c-4920-bcf0-95fcebe12261_17_15,E,False,terminal_success,valid_answer,,27976,93,0,0,0.028441,1.5186264460207894,1.535587,0,True,B:4572b198-2c1c-4920-bcf0-95fcebe12261_17_15,C,False,terminal_success,valid_answer,,944,97,0,0,0.001429,1.4934203659649938,1.508536,0,False,D:4572b198-2c1c-4920-bcf0-95fcebe12261_17_15,E,False,terminal_success,valid_answer,,27976,93,0,0,0.028441,1.461252945009619,1.478274,0,True
4572b198-2c1c-4920-bcf0-95fcebe12261_6_24,4572b198-2c1c-4920-bcf0-95fcebe12261,reasoning/spatial/proximity,B,A:4572b198-2c1c-4920-bcf0-95fcebe12261_6_24,D,False,terminal_success,valid_answer,,28016,106,0,0,0.028546,1.941769699100405,1.957814,0,True,B:4572b198-2c1c-4920-bcf0-95fcebe12261_6_24,A,False,terminal_success,valid_answer,,5799,123,0,0,0.006414,2.124841188080609,2.140799,9,False,D:4572b198-2c1c-4920-bcf0-95fcebe12261_6_24,A,False,terminal_success,valid_answer,,32831,95,0,0,0.033306,1.9289137430023402,1.943896,9,True
4572b198-2c1c-4920-bcf0-95fcebe12261_17_10,4572b198-2c1c-4920-bcf0-95fcebe12261,perception/information_retrieval/factual_recall,B,A:4572b198-2c1c-4920-bcf0-95fcebe12261_17_10,B,True,terminal_success,valid_answer,,28009,107,0,0,0.028544,1.5748405540362,1.588954,0,True,B:4572b198-2c1c-4920-bcf0-95fcebe12261_17_10,B,True,terminal_success,valid_answer,,5799,125,0,0,0.006424,1.8783488479675725,1.89349,9,False,D:4572b198-2c1c-4920-bcf0-95fcebe12261_17_10,B,True,terminal_success,valid_answer,,32831,99,0,0,0.033326,2.0761705599725246,2.094278,9,True
4572b198-2c1c-4920-bcf0-95fcebe12261_4_40,4572b198-2c1c-4920-bcf0-95fcebe12261,reasoning/temporal/frequency,A,A:4572b198-2c1c-4920-bcf0-95fcebe12261_4_40,A,True,terminal_success,valid_answer,,28093,112,0,0,0.028653,1.9325153259560466,1.947099,0,True,B:4572b198-2c1c-4920-bcf0-95fcebe12261_4_40,C,False,terminal_success,valid_answer,,5879,110,0,0,0.006429,2.0337620680220425,2.049491,9,False,D:4572b198-2c1c-4920-bcf0-95fcebe12261_4_40,A,True,terminal_success,valid_answer,,32911,125,0,0,0.033536,2.933383852010593,2.950114,9,True
4572b198-2c1c-4920-bcf0-95fcebe12261_17_14,4572b198-2c1c-4920-bcf0-95fcebe12261,perception/information_retrieval/factual_recall,E,A:4572b198-2c1c-4920-bcf0-95fcebe12261_17_14,B,False,terminal_success,valid_answer,,27984,102,0,0,0.028494,1.7338097899919376,1.749136,0,True,B:4572b198-2c1c-4920-bcf0-95fcebe12261_17_14,B,False,terminal_success,valid_answer,,4168,97,0,0,0.004653,1.6004322880180553,1.615709,6,False,D:4572b198-2c1c-4920-bcf0-95fcebe12261_17_14,B,False,terminal_success,valid_answer,,31200,95,0,0,0.031675,1.8595368129899725,1.874961,6,True
4572b198-2c1c-4920-bcf0-95fcebe12261_8_13,4572b198-2c1c-4920-bcf0-95fcebe12261,reasoning/temporal/duration,E,A:4572b198-2c1c-4920-bcf0-95fcebe12261_8_13,E,True,terminal_success,valid_answer,,28024,145,0,0,0.028749,2.558386991964653,2.574567,0,True,B:4572b198-2c1c-4920-bcf0-95fcebe12261_8_13,E,True,terminal_success,valid_answer,,992,109,0,0,0.0015370000000000002,1.4968072948977351,1.512937,0,False,D:4572b198-2c1c-4920-bcf0-95fcebe12261_8_13,E,True,terminal_success,valid_answer,,28024,145,0,0,0.028749,2.540944649023004,2.557345,0,True
4572b198-2c1c-4920-bcf0-95fcebe12261_17_29,4572b198-2c1c-4920-bcf0-95fcebe12261,perception/information_retrieval/factual_recall,A,A:4572b198-2c1c-4920-bcf0-95fcebe12261_17_29,C,False,terminal_success,valid_answer,,28672,164,0,0,0.029492,2.374060294008814,2.390487,0,True,B:4572b198-2c1c-4920-bcf0-95fcebe12261_17_29,C,False,terminal_success,valid_answer,,9140,142,0,0,0.009850000000000001,2.616836203960702,2.632618,14,False,D:4572b198-2c1c-4920-bcf0-95fcebe12261_17_29,C,False,terminal_success,valid_answer,,36172,136,0,0,0.036852,2.739201952004805,2.756961,14,True
4572b198-2c1c-4920-bcf0-95fcebe12261_7_5,4572b198-2c1c-4920-bcf0-95fcebe12261,reasoning/spatial/relationship,C,A:4572b198-2c1c-4920-bcf0-95fcebe12261_7_5,C,True,terminal_success,valid_answer,,28026,114,0,0,0.028596,1.9336502479854971,1.952522,0,True,B:4572b198-2c1c-4920-bcf0-95fcebe12261_7_5,C,True,terminal_success,valid_answer,,5815,97,0,0,0.0063,1.8866463650483638,1.903701,9,False,D:4572b198-2c1c-4920-bcf0-95fcebe12261_7_5,C,True,terminal_success,valid_answer,,32847,105,0,0,0.033372,2.0976636110572144,2.113867,9,True
4572b198-2c1c-4920-bcf0-95fcebe12261_15_1,4572b198-2c1c-4920-bcf0-95fcebe12261,navigation/room_to_room_image,C,A:4572b198-2c1c-4920-bcf0-95fcebe12261_15_1,D,False,terminal_success,valid_answer,,28126,148,0,0,0.028866000000000003,2.3113463260233402,2.328073,0,True,B:4572b198-2c1c-4920-bcf0-95fcebe12261_15_1,C,True,terminal_success,valid_answer,,9667,117,0,0,0.010252,1.8536912490380928,1.871964,16,False,D:4572b198-2c1c-4920-bcf0-95fcebe12261_15_1,D,False,terminal_success,valid_answer,,36699,93,0,0,0.037164,1.854359062970616,1.869842,16,True
4572b198-2c1c-4920-bcf0-95fcebe12261_6_7,4572b198-2c1c-4920-bcf0-95fcebe12261,reasoning/spatial/proximity,B,A:4572b198-2c1c-4920-bcf0-95fcebe12261_6_7,A,False,terminal_success,valid_answer,,28033,125,0,0,0.028658,2.0289349489612505,2.045337,0,True,B:4572b198-2c1c-4920-bcf0-95fcebe12261_6_7,D,False,terminal_success,valid_answer,,9037,100,0,0,0.009537,1.8713833780493587,1.885902,15,False,D:4572b198-2c1c-4920-bcf0-95fcebe12261_6_7,D,False,terminal_success,valid_answer,,36069,105,0,0,0.036593999999999995,2.1193293809192255,2.135317,15,True
4572b198-2c1c-4920-bcf0-95fcebe12261_17_25,4572b198-2c1c-4920-bcf0-95fcebe12261,perception/information_retrieval/factual_recall,E,A:4572b198-2c1c-4920-bcf0-95fcebe12261_17_25,E,True,terminal_success,valid_answer,,27983,95,0,0,0.028458,1.7572951160836965,1.772328,0,True,B:4572b198-2c1c-4920-bcf0-95fcebe12261_17_25,E,True,terminal_success,valid_answer,,4167,95,0,0,0.004641999999999999,1.8266968980897218,1.842117,6,False,D:4572b198-2c1c-4920-bcf0-95fcebe12261_17_25,E,True,terminal_success,valid_answer,,31199,106,0,0,0.031729,2.0622068810043857,2.077393,6,True
4572b198-2c1c-4920-bcf0-95fcebe12261_5_11,4572b198-2c1c-4920-bcf0-95fcebe12261,reasoning/temporal/prerequisites,A,A:4572b198-2c1c-4920-bcf0-95fcebe12261_5_11,D,False,terminal_success,valid_answer,,28153,156,0,0,0.028933,2.507709581987001,2.523814,0,True,B:4572b198-2c1c-4920-bcf0-95fcebe12261_5_11,B,False,terminal_success,valid_answer,,5407,146,0,0,0.006137,1.7402441970771179,1.754181,8,False,D:4572b198-2c1c-4920-bcf0-95fcebe12261_5_11,D,False,terminal_success,valid_answer,,32439,170,0,0,0.033289,3.0744686719262972,3.090585,8,True
4572b198-2c1c-4920-bcf0-95fcebe12261_7_32,4572b198-2c1c-4920-bcf0-95fcebe12261,reasoning/spatial/relationship,C,A:4572b198-2c1c-4920-bcf0-95fcebe12261_7_32,B,False,terminal_success,valid_answer,,28032,109,0,0,0.028577,1.8717220589751378,1.888377,0,True,B:4572b198-2c1c-4920-bcf0-95fcebe12261_7_32,C,True,terminal_success,valid_answer,,5286,94,0,0,0.005756,1.8101723509607837,1.826305,8,False,D:4572b198-2c1c-4920-bcf0-95fcebe12261_7_32,C,True,terminal_success,valid_answer,,32318,102,0,0,0.032827999999999996,2.004167687962763,2.019714,8,True
4572b198-2c1c-4920-bcf0-95fcebe12261_6_22,4572b198-2c1c-4920-bcf0-95fcebe12261,reasoning/spatial/proximity,C,A:4572b198-2c1c-4920-bcf0-95fcebe12261_6_22,C,True,terminal_success,valid_answer,,28048,119,0,0,0.028643000000000002,1.930732264998369,1.947394,0,True,B:4572b198-2c1c-4920-bcf0-95fcebe12261_6_22,C,True,terminal_success,valid_answer,,9051,112,0,0,0.009611,2.311297781066969,2.326994,15,False,D:4572b198-2c1c-4920-bcf0-95fcebe12261_6_22,C,True,terminal_success,valid_answer,,36083,97,0,0,0.036567999999999996,2.285703824018128,2.305192,15,True
4572b198-2c1c-4920-bcf0-95fcebe12261_17_17,4572b198-2c1c-4920-bcf0-95fcebe12261,perception/information_retrieval/factual_recall,E,A:4572b198-2c1c-4920-bcf0-95fcebe12261_17_17,A,False,terminal_success,valid_answer,,27980,91,0,0,0.028435000000000002,1.525152779999189,1.54194,0,True,B:4572b198-2c1c-4920-bcf0-95fcebe12261_17_17,D,False,terminal_success,valid_answer,,1484,79,0,0,0.001879,1.4886883579893038,1.504821,1,False,D:4572b198-2c1c-4920-bcf0-95fcebe12261_17_17,A,False,terminal_success,valid_answer,,28516,113,0,0,0.029081,2.261996289016679,2.279498,1,True
4572b198-2c1c-4920-bcf0-95fcebe12261_4_28,4572b198-2c1c-4920-bcf0-95fcebe12261,reasoning/temporal/frequency,C,A:4572b198-2c1c-4920-bcf0-95fcebe12261_4_28,C,True,terminal_success,valid_answer,,28021,134,0,0,0.028691,1.9854694510577247,2.003512,0,True,B:4572b198-2c1c-4920-bcf0-95fcebe12261_4_28,C,True,terminal_success,valid_answer,,4738,107,0,0,0.005273,2.074105784064159,2.092468,7,False,D:4572b198-2c1c-4920-bcf0-95fcebe12261_4_28,C,True,terminal_success,valid_answer,,31770,114,0,0,0.03234,1.9584813779219985,1.976509,7,True
4572b198-2c1c-4920-bcf0-95fcebe12261_8_34,4572b198-2c1c-4920-bcf0-95fcebe12261,reasoning/temporal/duration,E,A:4572b198-2c1c-4920-bcf0-95fcebe12261_8_34,E,True,terminal_success,valid_answer,,28026,143,0,0,0.028741,2.619995292974636,2.637403,0,True,B:4572b198-2c1c-4920-bcf0-95fcebe12261_8_34,E,True,terminal_success,valid_answer,,2602,124,0,0,0.003222,1.9060971710132435,1.923466,3,False,D:4572b198-2c1c-4920-bcf0-95fcebe12261_8_34,E,True,terminal_success,valid_answer,,29634,120,0,0,0.030234,2.336876727989875,2.355574,3,True
4572b198-2c1c-4920-bcf0-95fcebe12261_4_20,4572b198-2c1c-4920-bcf0-95fcebe12261,reasoning/temporal/frequency,E,A:4572b198-2c1c-4920-bcf0-95fcebe12261_4_20,B,False,terminal_success,valid_answer,,28091,134,0,0,0.028761000000000002,1.8501362119568512,1.8685,0,True,B:4572b198-2c1c-4920-bcf0-95fcebe12261_4_20,D,False,terminal_success,valid_answer,,9087,134,0,0,0.009757,2.399349982966669,2.415845,15,False,D:4572b198-2c1c-4920-bcf0-95fcebe12261_4_20,B,False,terminal_success,valid_answer,,36119,127,0,0,0.036753999999999995,2.339530011988245,2.359126,15,True
71fbc5bf-7e2a-415d-86bc-3a948742e904_5_15,71fbc5bf-7e2a-415d-86bc-3a948742e904,reasoning/temporal/prerequisites,E,A:71fbc5bf-7e2a-415d-86bc-3a948742e904_5_15,E,True,terminal_success,valid_answer,,37012,116,0,0,0.037592,2.0753617209848017,2.092416,0,True,B:71fbc5bf-7e2a-415d-86bc-3a948742e904_5_15,C,False,terminal_success,valid_answer,,5893,112,0,0,0.0064529999999999995,1.9288907530717552,1.947602,9,False,D:71fbc5bf-7e2a-415d-86bc-3a948742e904_5_15,E,True,terminal_success,valid_answer,,41836,111,0,0,0.042391,2.459685410023667,2.476901,9,True
71fbc5bf-7e2a-415d-86bc-3a948742e904_7_3,71fbc5bf-7e2a-415d-86bc-3a948742e904,reasoning/spatial/relationship,A,A:71fbc5bf-7e2a-415d-86bc-3a948742e904_7_3,E,False,terminal_success,valid_answer,,36937,133,0,0,0.037602,2.5034910440444946,2.51952,0,True,B:71fbc5bf-7e2a-415d-86bc-3a948742e904_7_3,E,False,terminal_success,valid_answer,,5814,89,0,0,0.006259,1.8362222070572898,1.853809,9,False,D:71fbc5bf-7e2a-415d-86bc-3a948742e904_7_3,E,False,terminal_success,valid_answer,,41757,103,0,0,0.042272000000000004,1.7071581609779969,1.724503,9,True
71fbc5bf-7e2a-415d-86bc-3a948742e904_4_26,71fbc5bf-7e2a-415d-86bc-3a948742e904,reasoning/temporal/frequency,D,A:71fbc5bf-7e2a-415d-86bc-3a948742e904_4_26,D,True,terminal_success,valid_answer,,36981,179,0,0,0.037876,2.455312935053371,2.472031,0,True,B:71fbc5bf-7e2a-415d-86bc-3a948742e904_4_26,D,True,terminal_success,valid_answer,,5858,114,0,0,0.0064280000000000006,2.086099523003213,2.103599,9,False,D:71fbc5bf-7e2a-415d-86bc-3a948742e904_4_26,D,True,terminal_success,valid_answer,,41801,158,0,0,0.042591,2.9926887759938836,3.009278,9,True
71fbc5bf-7e2a-415d-86bc-3a948742e904_7_17,71fbc5bf-7e2a-415d-86bc-3a948742e904,reasoning/spatial/relationship,A,A:71fbc5bf-7e2a-415d-86bc-3a948742e904_7_17,B,False,terminal_success,valid_answer,,36938,109,0,0,0.037482999999999995,1.823387271957472,1.839887,0,True,B:71fbc5bf-7e2a-415d-86bc-3a948742e904_7_17,E,False,terminal_success,valid_answer,,5816,102,0,0,0.006326,2.0444324200507253,2.060512,9,False,D:71fbc5bf-7e2a-415d-86bc-3a948742e904_7_17,B,False,terminal_success,valid_answer,,41759,89,0,0,0.042204,1.9548798319883645,1.97153,9,True
71fbc5bf-7e2a-415d-86bc-3a948742e904_17_25,71fbc5bf-7e2a-415d-86bc-3a948742e904,perception/information_retrieval/factual_recall,D,A:71fbc5bf-7e2a-415d-86bc-3a948742e904_17_25,D,True,terminal_success,valid_answer,,36902,120,0,0,0.037502,2.0459373940248042,2.06216,0,True,B:71fbc5bf-7e2a-415d-86bc-3a948742e904_17_25,D,True,terminal_success,valid_answer,,5782,98,0,0,0.006272,1.72623738006223,1.743292,9,False,D:71fbc5bf-7e2a-415d-86bc-3a948742e904_17_25,D,True,terminal_success,valid_answer,,41725,114,0,0,0.042295,2.4223726300988346,2.438474,9,True
71fbc5bf-7e2a-415d-86bc-3a948742e904_7_9,71fbc5bf-7e2a-415d-86bc-3a948742e904,reasoning/spatial/relationship,A,A:71fbc5bf-7e2a-415d-86bc-3a948742e904_7_9,C,False,terminal_success,valid_answer,,36945,117,0,0,0.03753,1.9115315310191363,1.933357,0,True,B:71fbc5bf-7e2a-415d-86bc-3a948742e904_7_9,C,False,terminal_success,valid_answer,,9036,98,0,0,0.009526,1.970641806954518,1.987106,15,False,D:71fbc5bf-7e2a-415d-86bc-3a948742e904_7_9,C,False,terminal_success,valid_answer,,44979,125,0,0,0.045604,2.7459643890615553,2.762914,15,True
71fbc5bf-7e2a-415d-86bc-3a948742e904_17_10,71fbc5bf-7e2a-415d-86bc-3a948742e904,perception/information_retrieval/factual_recall,D,A:71fbc5bf-7e2a-415d-86bc-3a948742e904_17_10,A,False,terminal_success,valid_answer,,36895,173,0,0,0.037759999999999995,2.889184998930432,2.909283,0,True,B:71fbc5bf-7e2a-415d-86bc-3a948742e904_17_10,A,False,terminal_success,valid_answer,,2560,89,0,0,0.0030050000000000003,1.5702061370247975,1.587987,3,False,D:71fbc5bf-7e2a-415d-86bc-3a948742e904_17_10,A,False,terminal_success,valid_answer,,38503,104,0,0,0.039023,2.038375017931685,2.055444,3,True
71fbc5bf-7e2a-415d-86bc-3a948742e904_22_5,71fbc5bf-7e2a-415d-86bc-3a948742e904,summarization/key_events_objects,B,A:71fbc5bf-7e2a-415d-86bc-3a948742e904_22_5,A,False,terminal_success,valid_answer,,37022,113,0,0,0.037587,2.300718695973046,2.318204,0,True,B:71fbc5bf-7e2a-415d-86bc-3a948742e904_22_5,C,False,terminal_success,valid_answer,,5365,126,0,0,0.005995,2.5475514240097255,2.567492,8,False,D:71fbc5bf-7e2a-415d-86bc-3a948742e904_22_5,A,False,terminal_success,valid_answer,,41308,105,0,0,0.041832999999999995,2.081844286993146,2.100329,8,True
71fbc5bf-7e2a-415d-86bc-3a948742e904_12_18,71fbc5bf-7e2a-415d-86bc-3a948742e904,perception/information_retrieval/temporal_distance,A,A:71fbc5bf-7e2a-415d-86bc-3a948742e904_12_18,A,True,terminal_success,valid_answer,,36916,143,0,0,0.037631,2.480704025947489,2.497253,0,True,B:71fbc5bf-7e2a-415d-86bc-3a948742e904_12_18,D,False,terminal_success,valid_answer,,4725,132,0,0,0.005385,2.5149066080339253,2.531519,7,False,D:71fbc5bf-7e2a-415d-86bc-3a948742e904_12_18,D,False,terminal_success,valid_answer,,40668,123,0,0,0.041283,2.337944620056078,2.357057,7,True
71fbc5bf-7e2a-415d-86bc-3a948742e904_22_23,71fbc5bf-7e2a-415d-86bc-3a948742e904,summarization/key_events_objects,A,A:71fbc5bf-7e2a-415d-86bc-3a948742e904_22_23,A,True,terminal_success,valid_answer,,37048,110,0,0,0.037598,1.8158564349869266,1.834262,0,True,B:71fbc5bf-7e2a-415d-86bc-3a948742e904_22_23,C,False,terminal_success,valid_answer,,5924,109,0,0,0.006469,2.1065153550589457,2.123432,9,False,D:71fbc5bf-7e2a-415d-86bc-3a948742e904_22_23,C,False,terminal_success,valid_answer,,41867,116,0,0,0.042447,2.347137431963347,2.364665,9,True
71fbc5bf-7e2a-415d-86bc-3a948742e904_4_12,71fbc5bf-7e2a-415d-86bc-3a948742e904,reasoning/temporal/frequency,A,A:71fbc5bf-7e2a-415d-86bc-3a948742e904_4_12,C,False,terminal_success,valid_answer,,36942,128,0,0,0.037582000000000004,2.171760577009991,2.188457,0,True,B:71fbc5bf-7e2a-415d-86bc-3a948742e904_4_12,C,False,terminal_success,valid_answer,,5819,117,0,0,0.006404,2.059246712946333,2.079489,9,False,D:71fbc5bf-7e2a-415d-86bc-3a948742e904_4_12,C,False,terminal_success,valid_answer,,41762,124,0,0,0.042382,2.45382039307151,2.474053,9,True
71fbc5bf-7e2a-415d-86bc-3a948742e904_8_1,71fbc5bf-7e2a-415d-86bc-3a948742e904,reasoning/temporal/duration,E,A:71fbc5bf-7e2a-415d-86bc-3a948742e904_8_1,E,True,terminal_success,valid_answer,,36946,118,0,0,0.037536,2.1008689139271155,2.119279,0,True,B:71fbc5bf-7e2a-415d-86bc-3a948742e904_8_1,E,True,terminal_success,valid_answer,,4217,108,0,0,0.004757,2.04187168891076,2.058878,6,False,D:71fbc5bf-7e2a-415d-86bc-3a948742e904_8_1,E,True,terminal_success,valid_answer,,40160,114,0,0,0.04073,2.3751003879588097,2.393904,6,True
71fbc5bf-7e2a-415d-86bc-3a948742e904_7_24,71fbc5bf-7e2a-415d-86bc-3a948742e904,reasoning/spatial/relationship,B,A:71fbc5bf-7e2a-415d-86bc-3a948742e904_7_24,A,False,terminal_success,valid_answer,,36947,122,0,0,0.037557,2.2196431470802054,2.239303,0,True,B:71fbc5bf-7e2a-415d-86bc-3a948742e904_7_24,C,False,terminal_success,valid_answer,,9572,81,0,0,0.009977,1.7751090599922463,1.794335,16,False,D:71fbc5bf-7e2a-415d-86bc-3a948742e904_7_24,B,True,terminal_success,valid_answer,,45515,95,0,0,0.04599,2.230371262994595,2.248148,16,True
71fbc5bf-7e2a-415d-86bc-3a948742e904_4_6,71fbc5bf-7e2a-415d-86bc-3a948742e904,reasoning/temporal/frequency,D,A:71fbc5bf-7e2a-415d-86bc-3a948742e904_4_6,A,False,terminal_success,valid_answer,,36991,99,0,0,0.037486000000000005,1.832520297029987,1.850233,0,True,B:71fbc5bf-7e2a-415d-86bc-3a948742e904_4_6,B,False,terminal_success,valid_answer,,5870,114,0,0,0.00644,2.125712855020538,2.144245,9,False,D:71fbc5bf-7e2a-415d-86bc-3a948742e904_4_6,A,False,terminal_success,valid_answer,,41813,99,0,0,0.042308000000000005,2.107489251997322,2.125992,9,True
71fbc5bf-7e2a-415d-86bc-3a948742e904_8_8,71fbc5bf-7e2a-415d-86bc-3a948742e904,reasoning/temporal/duration,D,A:71fbc5bf-7e2a-415d-86bc-3a948742e904_8_8,D,True,terminal_success,valid_answer,,36970,156,0,0,0.037750000000000006,2.5712851900607347,2.590166,0,True,B:71fbc5bf-7e2a-415d-86bc-3a948742e904_8_8,D,True,terminal_success,valid_answer,,5312,93,0,0,0.005777,1.8813076739897951,1.900543,8,False,D:71fbc5bf-7e2a-415d-86bc-3a948742e904_8_8,D,True,terminal_success,valid_answer,,41255,116,0,0,0.041835,2.4437337709823623,2.462332,8,True
71fbc5bf-7e2a-415d-86bc-3a948742e904_7_19,71fbc5bf-7e2a-415d-86bc-3a948742e904,reasoning/spatial/relationship,E,A:71fbc5bf-7e2a-415d-86bc-3a948742e904_7_19,B,False,terminal_success,valid_answer,,36942,136,0,0,0.037622,2.4452465660870075,2.465088,0,True,B:71fbc5bf-7e2a-415d-86bc-3a948742e904_7_19,B,False,terminal_success,valid_answer,,9570,91,0,0,0.010025000000000001,1.915225283941254,1.935502,16,False,D:71fbc5bf-7e2a-415d-86bc-3a948742e904_7_19,B,False,terminal_success,valid_answer,,45513,91,0,0,0.045967999999999995,1.809272059937939,1.829216,16,True
71fbc5bf-7e2a-415d-86bc-3a948742e904_7_2,71fbc5bf-7e2a-415d-86bc-3a948742e904,reasoning/spatial/relationship,A,A:71fbc5bf-7e2a-415d-86bc-3a948742e904_7_2,B,False,terminal_success,valid_answer,,36944,148,0,0,0.037683999999999995,2.421988922986202,2.439112,0,True,B:71fbc5bf-7e2a-415d-86bc-3a948742e904_7_2,A,True,terminal_success,valid_answer,,9041,85,0,0,0.009466,1.7115582940168679,1.729872,15,False,D:71fbc5bf-7e2a-415d-86bc-3a948742e904_7_2,B,False,terminal_success,valid_answer,,44984,100,0,0,0.045484000000000004,2.8613743491005152,2.898693,15,True
71fbc5bf-7e2a-415d-86bc-3a948742e904_7_11,71fbc5bf-7e2a-415d-86bc-3a948742e904,reasoning/spatial/relationship,E,A:71fbc5bf-7e2a-415d-86bc-3a948742e904_7_11,D,False,terminal_success,valid_answer,,36944,100,0,0,0.037444,1.7214559350395575,1.739134,0,True,B:71fbc5bf-7e2a-415d-86bc-3a948742e904_7_11,B,False,terminal_success,valid_answer,,4217,92,0,0,0.004677000000000001,1.8808100359747186,1.89867,6,False,D:71fbc5bf-7e2a-415d-86bc-3a948742e904_7_11,B,False,terminal_success,valid_answer,,40160,126,0,0,0.04079,2.5907598530175164,2.625238,6,True
71fbc5bf-7e2a-415d-86bc-3a948742e904_4_22,71fbc5bf-7e2a-415d-86bc-3a948742e904,reasoning/temporal/frequency,A,A:71fbc5bf-7e2a-415d-86bc-3a948742e904_4_22,A,True,terminal_success,valid_answer,,36989,132,0,0,0.037649,2.129940323997289,2.146896,0,True,B:71fbc5bf-7e2a-415d-86bc-3a948742e904_4_22,C,False,terminal_success,valid_answer,,5864,109,0,0,0.006409000000000001,2.1823762899730355,2.200991,9,False,D:71fbc5bf-7e2a-415d-86bc-3a948742e904_4_22,C,False,terminal_success,valid_answer,,41807,124,0,0,0.042427,2.547399053000845,2.565557,9,True
71fbc5bf-7e2a-415d-86bc-3a948742e904_22_4,71fbc5bf-7e2a-415d-86bc-3a948742e904,summarization/key_events_objects,D,A:71fbc5bf-7e2a-415d-86bc-3a948742e904_22_4,D,True,terminal_success,valid_answer,,37027,128,0,0,0.037667,2.0482592859771103,2.066607,0,True,B:71fbc5bf-7e2a-415d-86bc-3a948742e904_22_4,D,True,terminal_success,valid_answer,,5367,153,0,0,0.006132,2.6165215579094365,2.633449,8,False,D:71fbc5bf-7e2a-415d-86bc-3a948742e904_22_4,D,True,terminal_success,valid_answer,,41310,115,0,0,0.041885,2.009463964961469,2.028072,8,True
71fbc5bf-7e2a-415d-86bc-3a948742e904_6_14,71fbc5bf-7e2a-415d-86bc-3a948742e904,reasoning/spatial/proximity,C,A:71fbc5bf-7e2a-415d-86bc-3a948742e904_6_14,C,True,terminal_success,valid_answer,,36973,118,0,0,0.037563,2.031819505034946,2.049822,0,True,B:71fbc5bf-7e2a-415d-86bc-3a948742e904_6_14,B,False,terminal_success,valid_answer,,5851,103,0,0,0.006366,2.0504299770109355,2.069447,9,False,D:71fbc5bf-7e2a-415d-86bc-3a948742e904_6_14,B,False,terminal_success,valid_answer,,41794,119,0,0,0.042388999999999996,2.5352427900070325,2.554868,9,True
71fbc5bf-7e2a-415d-86bc-3a948742e904_3_7,71fbc5bf-7e2a-415d-86bc-3a948742e904,reasoning/predictive,C,A:71fbc5bf-7e2a-415d-86bc-3a948742e904_3_7,C,True,terminal_success,valid_answer,,37070,142,0,0,0.03778,2.379884753958322,2.398793,0,True,B:71fbc5bf-7e2a-415d-86bc-3a948742e904_3_7,D,False,terminal_success,valid_answer,,2199,102,0,0,0.002709,1.6865430049365386,1.704026,2,False,D:71fbc5bf-7e2a-415d-86bc-3a948742e904_3_7,D,False,terminal_success,valid_answer,,38142,133,0,0,0.038807,2.4929668069817126,2.511082,2,True
71fbc5bf-7e2a-415d-86bc-3a948742e904_8_20,71fbc5bf-7e2a-415d-86bc-3a948742e904,reasoning/temporal/duration,D,A:71fbc5bf-7e2a-415d-86bc-3a948742e904_8_20,E,False,terminal_success,valid_answer,,36976,121,0,0,0.037581,1.940908670076169,1.95858,0,True,B:71fbc5bf-7e2a-415d-86bc-3a948742e904_8_20,E,False,terminal_success,valid_answer,,5317,119,0,0,0.005912,2.336556294001639,2.355178,8,False,D:71fbc5bf-7e2a-415d-86bc-3a948742e904_8_20,D,True,terminal_success,valid_answer,,41260,132,0,0,0.04192,2.453306460985914,2.471817,8,True
71fbc5bf-7e2a-415d-86bc-3a948742e904_5_27,71fbc5bf-7e2a-415d-86bc-3a948742e904,reasoning/temporal/prerequisites,A,A:71fbc5bf-7e2a-415d-86bc-3a948742e904_5_27,A,True,terminal_success,valid_answer,,37014,126,0,0,0.037644,2.0225223699817434,2.041689,0,True,B:71fbc5bf-7e2a-415d-86bc-3a948742e904_5_27,A,True,terminal_success,valid_answer,,5895,93,0,0,0.00636,1.5864702390972525,1.603883,9,False,D:71fbc5bf-7e2a-415d-86bc-3a948742e904_5_27,A,True,terminal_success,valid_answer,,41838,131,0,0,0.042493,2.7784973939415067,2.796826,9,True
71fbc5bf-7e2a-415d-86bc-3a948742e904_17_13,71fbc5bf-7e2a-415d-86bc-3a948742e904,perception/information_retrieval/factual_recall,A,A:71fbc5bf-7e2a-415d-86bc-3a948742e904_17_13,C,False,terminal_success,valid_answer,,37220,202,0,0,0.03823,2.8718725899234414,2.892583,0,True,B:71fbc5bf-7e2a-415d-86bc-3a948742e904_17_13,B,False,terminal_success,valid_answer,,9312,152,0,0,0.010072000000000001,2.431184933986515,2.449437,15,False,D:71fbc5bf-7e2a-415d-86bc-3a948742e904_17_13,D,False,terminal_success,valid_answer,,45255,140,0,0,0.045954999999999996,2.9314589839195833,2.950209,15,True
115774b6-534d-444f-b7aa-d1b834eb0ee7_6_4,115774b6-534d-444f-b7aa-d1b834eb0ee7,reasoning/spatial/proximity,D,A:115774b6-534d-444f-b7aa-d1b834eb0ee7_6_4,C,False,terminal_success,valid_answer,,42173,113,0,0,0.042738000000000005,2.0817969479830936,2.101126,0,True,B:115774b6-534d-444f-b7aa-d1b834eb0ee7_6_4,C,False,terminal_success,valid_answer,,9069,98,0,0,0.009559000000000002,2.0736557439668104,2.092706,15,False,D:115774b6-534d-444f-b7aa-d1b834eb0ee7_6_4,C,False,terminal_success,valid_answer,,50204,97,0,0,0.050689,2.0218882859917358,2.040982,15,True
115774b6-534d-444f-b7aa-d1b834eb0ee7_17_12,115774b6-534d-444f-b7aa-d1b834eb0ee7,perception/information_retrieval/factual_recall,A,A:115774b6-534d-444f-b7aa-d1b834eb0ee7_17_12,E,False,terminal_success,valid_answer,,42373,130,0,0,0.043023,2.1741972339805216,2.193729,0,True,B:115774b6-534d-444f-b7aa-d1b834eb0ee7_17_12,A,True,terminal_success,valid_answer,,6060,115,0,0,0.006635,1.967930682003498,1.988042,9,False,D:115774b6-534d-444f-b7aa-d1b834eb0ee7_17_12,E,False,terminal_success,valid_answer,,47195,141,0,0,0.0479,3.1514405050547794,3.171808,9,True
115774b6-534d-444f-b7aa-d1b834eb0ee7_3_23,115774b6-534d-444f-b7aa-d1b834eb0ee7,reasoning/predictive,D,A:115774b6-534d-444f-b7aa-d1b834eb0ee7_3_23,D,True,terminal_success,valid_answer,,42220,124,0,0,0.04284,2.0805548649514094,2.100895,0,True,B:115774b6-534d-444f-b7aa-d1b834eb0ee7_3_23,E,False,terminal_success,valid_answer,,3765,94,0,0,0.004235,1.566095183021389,1.58479,5,False,D:115774b6-534d-444f-b7aa-d1b834eb0ee7_3_23,D,True,terminal_success,valid_answer,,44900,130,0,0,0.04555,2.229665355058387,2.250241,5,True
115774b6-534d-444f-b7aa-d1b834eb0ee7_4_25,115774b6-534d-444f-b7aa-d1b834eb0ee7,reasoning/temporal/frequency,D,A:115774b6-534d-444f-b7aa-d1b834eb0ee7_4_25,C,False,terminal_success,valid_answer,,42175,110,0,0,0.042725,1.7217087890021503,1.740563,0,True,B:115774b6-534d-444f-b7aa-d1b834eb0ee7_4_25,D,True,terminal_success,valid_answer,,7469,138,0,0,0.008159,2.40648654603865,2.42544,12,False,D:115774b6-534d-444f-b7aa-d1b834eb0ee7_4_25,D,True,terminal_success,valid_answer,,48604,137,0,0,0.049289,2.439543633023277,2.459151,12,True
115774b6-534d-444f-b7aa-d1b834eb0ee7_6_3,115774b6-534d-444f-b7aa-d1b834eb0ee7,reasoning/spatial/proximity,A,A:115774b6-534d-444f-b7aa-d1b834eb0ee7_6_3,B,False,terminal_success,valid_answer,,42177,119,0,0,0.042772,2.0325686190044507,2.051323,0,True,B:115774b6-534d-444f-b7aa-d1b834eb0ee7_6_3,E,False,terminal_success,valid_answer,,5861,119,0,0,0.006456,2.164364616968669,2.182507,9,False,D:115774b6-534d-444f-b7aa-d1b834eb0ee7_6_3,B,False,terminal_success,valid_answer,,46996,146,0,0,0.047726000000000005,2.8687155980151147,2.887845,9,True
115774b6-534d-444f-b7aa-d1b834eb0ee7_8_13,115774b6-534d-444f-b7aa-d1b834eb0ee7,reasoning/temporal/duration,C,A:115774b6-534d-444f-b7aa-d1b834eb0ee7_8_13,C,True,terminal_success,valid_answer,,42134,110,0,0,0.042684,2.101093612029217,2.119216,0,True,B:115774b6-534d-444f-b7aa-d1b834eb0ee7_8_13,A,False,terminal_success,valid_answer,,4210,105,0,0,0.0047350000000000005,1.885687991976738,1.904915,6,False,D:115774b6-534d-444f-b7aa-d1b834eb0ee7_8_13,A,False,terminal_success,valid_answer,,45345,109,0,0,0.04589,2.345756515976973,2.363511,6,True
115774b6-534d-444f-b7aa-d1b834eb0ee7_3_21,115774b6-534d-444f-b7aa-d1b834eb0ee7,reasoning/predictive,B,A:115774b6-534d-444f-b7aa-d1b834eb0ee7_3_21,B,True,terminal_success,valid_answer,,42277,138,0,0,0.042967000000000005,2.321896782028489,2.340589,0,True,B:115774b6-534d-444f-b7aa-d1b834eb0ee7_3_21,D,False,terminal_success,valid_answer,,4358,109,0,0,0.004903,1.7460884449537843,1.763721,6,False,D:115774b6-534d-444f-b7aa-d1b834eb0ee7_3_21,B,True,terminal_success,valid_answer,,45493,143,0,0,0.046208,2.6090882279677317,2.627381,6,True
115774b6-534d-444f-b7aa-d1b834eb0ee7_5_5,115774b6-534d-444f-b7aa-d1b834eb0ee7,reasoning/temporal/prerequisites,E,A:115774b6-534d-444f-b7aa-d1b834eb0ee7_5_5,B,False,terminal_success,valid_answer,,42236,130,0,0,0.042886,1.9205116690136492,1.945028,0,True,B:115774b6-534d-444f-b7aa-d1b834eb0ee7_5_5,B,False,terminal_success,valid_answer,,7533,98,0,0,0.008022999999999999,1.7360612420598045,1.754148,12,False,D:115774b6-534d-444f-b7aa-d1b834eb0ee7_5_5,B,False,terminal_success,valid_answer,,48668,123,0,0,0.049283,1.9673741010483354,1.986561,12,True
115774b6-534d-444f-b7aa-d1b834eb0ee7_1_1,115774b6-534d-444f-b7aa-d1b834eb0ee7,reasoning/causal,A,A:115774b6-534d-444f-b7aa-d1b834eb0ee7_1_1,D,False,terminal_success,valid_answer,,42195,135,0,0,0.042870000000000005,2.7454927059588954,2.763615,0,True,B:115774b6-534d-444f-b7aa-d1b834eb0ee7_1_1,C,False,terminal_success,valid_answer,,9085,116,0,0,0.009665,1.989401675062254,2.00913,15,False,D:115774b6-534d-444f-b7aa-d1b834eb0ee7_1_1,D,False,terminal_success,valid_answer,,50220,143,0,0,0.050935,3.27411584102083,3.292712,15,True
115774b6-534d-444f-b7aa-d1b834eb0ee7_12_27,115774b6-534d-444f-b7aa-d1b834eb0ee7,perception/information_retrieval/temporal_distance,C,A:115774b6-534d-444f-b7aa-d1b834eb0ee7_12_27,A,False,terminal_success,valid_answer,,42105,124,0,0,0.042725,2.2734404400689527,2.292515,0,True,B:115774b6-534d-444f-b7aa-d1b834eb0ee7_12_27,A,False,terminal_success,valid_answer,,5787,115,0,0,0.006362,2.023372046998702,2.0419,9,False,D:115774b6-534d-444f-b7aa-d1b834eb0ee7_12_27,A,False,terminal_success,valid_answer,,46922,145,0,0,0.047646999999999995,2.568205952993594,2.587633,9,True
115774b6-534d-444f-b7aa-d1b834eb0ee7_6_24,115774b6-534d-444f-b7aa-d1b834eb0ee7,reasoning/spatial/proximity,B,A:115774b6-534d-444f-b7aa-d1b834eb0ee7_6_24,C,False,terminal_success,valid_answer,,42157,129,0,0,0.042802,2.2311876070452854,2.248676,0,True,B:115774b6-534d-444f-b7aa-d1b834eb0ee7_6_24,C,False,terminal_success,valid_answer,,9054,93,0,0,0.009519,1.8705998390214518,1.889399,15,False,D:115774b6-534d-444f-b7aa-d1b834eb0ee7_6_24,C,False,terminal_success,valid_answer,,50189,107,0,0,0.050724,2.043424201081507,2.061589,15,True
115774b6-534d-444f-b7aa-d1b834eb0ee7_8_8,115774b6-534d-444f-b7aa-d1b834eb0ee7,reasoning/temporal/duration,B,A:115774b6-534d-444f-b7aa-d1b834eb0ee7_8_8,D,False,terminal_success,valid_answer,,42179,111,0,0,0.042734,1.765042882063426,1.783542,0,True,B:115774b6-534d-444f-b7aa-d1b834eb0ee7_8_8,D,False,terminal_success,valid_answer,,5327,117,0,0,0.005912000000000001,2.1289668150711805,2.147563,8,False,D:115774b6-534d-444f-b7aa-d1b834eb0ee7_8_8,D,False,terminal_success,valid_answer,,46462,116,0,0,0.047042,2.778226012014784,2.796683,8,True
115774b6-534d-444f-b7aa-d1b834eb0ee7_7_22,115774b6-534d-444f-b7aa-d1b834eb0ee7,reasoning/spatial/relationship,D,A:115774b6-534d-444f-b7aa-d1b834eb0ee7_7_22,C,False,terminal_success,valid_answer,,42138,145,0,0,0.042863,2.2669178780633956,2.285263,0,True,B:115774b6-534d-444f-b7aa-d1b834eb0ee7_7_22,E,False,terminal_success,valid_answer,,9574,98,0,0,0.010064,1.5692959040170535,1.587821,16,False,D:115774b6-534d-444f-b7aa-d1b834eb0ee7_7_22,E,False,terminal_success,valid_answer,,50709,126,0,0,0.051338999999999996,2.7371076489798725,2.756915,16,True
115774b6-534d-444f-b7aa-d1b834eb0ee7_8_26,115774b6-534d-444f-b7aa-d1b834eb0ee7,reasoning/temporal/duration,E,A:115774b6-534d-444f-b7aa-d1b834eb0ee7_8_26,E,True,terminal_success,valid_answer,,42145,112,0,0,0.042705,2.060106079909019,2.078259,0,True,B:115774b6-534d-444f-b7aa-d1b834eb0ee7_8_26,E,True,terminal_success,valid_answer,,5831,127,0,0,0.006466,2.3511159470072016,2.369499,9,False,D:115774b6-534d-444f-b7aa-d1b834eb0ee7_8_26,C,False,terminal_success,valid_answer,,46966,95,0,0,0.047441000000000004,2.196190324961208,2.214522,9,True
115774b6-534d-444f-b7aa-d1b834eb0ee7_6_2,115774b6-534d-444f-b7aa-d1b834eb0ee7,reasoning/spatial/proximity,A,A:115774b6-534d-444f-b7aa-d1b834eb0ee7_6_2,E,False,terminal_success,valid_answer,,42167,135,0,0,0.042842000000000005,2.487634025979787,2.517345,0,True,B:115774b6-534d-444f-b7aa-d1b834eb0ee7_6_2,B,False,terminal_success,valid_answer,,3709,105,0,0,0.004234,1.936689576948993,1.954368,5,False,D:115774b6-534d-444f-b7aa-d1b834eb0ee7_6_2,E,False,terminal_success,valid_answer,,44844,132,0,0,0.045504,2.211550320032984,2.230914,5,True
115774b6-534d-444f-b7aa-d1b834eb0ee7_17_14,115774b6-534d-444f-b7aa-d1b834eb0ee7,perception/information_retrieval/factual_recall,D,A:115774b6-534d-444f-b7aa-d1b834eb0ee7_17_14,A,False,terminal_success,valid_answer,,42097,110,0,0,0.042647000000000004,1.762054507038556,1.780108,0,True,B:115774b6-534d-444f-b7aa-d1b834eb0ee7_17_14,B,False,terminal_success,valid_answer,,5780,97,0,0,0.006265000000000001,1.6518157770624384,1.670251,9,False,D:115774b6-534d-444f-b7aa-d1b834eb0ee7_17_14,B,False,terminal_success,valid_answer,,46915,107,0,0,0.04745,1.6234436900122091,1.642049,9,True
115774b6-534d-444f-b7aa-d1b834eb0ee7_5_29,115774b6-534d-444f-b7aa-d1b834eb0ee7,reasoning/temporal/prerequisites,A,A:115774b6-534d-444f-b7aa-d1b834eb0ee7_5_29,B,False,terminal_success,valid_answer,,42269,132,0,0,0.042929,2.1488251489354298,2.168027,0,True,B:115774b6-534d-444f-b7aa-d1b834eb0ee7_5_29,A,True,terminal_success,valid_answer,,9702,100,0,0,0.010202000000000001,1.843240836984478,1.861575,16,False,D:115774b6-534d-444f-b7aa-d1b834eb0ee7_5_29,B,False,terminal_success,valid_answer,,50837,122,0,0,0.051447,2.6400231190491468,2.658122,16,True
115774b6-534d-444f-b7aa-d1b834eb0ee7_17_7,115774b6-534d-444f-b7aa-d1b834eb0ee7,perception/information_retrieval/factual_recall,C,A:115774b6-534d-444f-b7aa-d1b834eb0ee7_17_7,C,True,terminal_success,valid_answer,,42084,113,0,0,0.042649000000000006,1.6514627159340307,1.670545,0,True,B:115774b6-534d-444f-b7aa-d1b834eb0ee7_17_7,C,True,terminal_success,valid_answer,,5773,89,0,0,0.0062180000000000004,1.5171948720235378,1.536791,9,False,D:115774b6-534d-444f-b7aa-d1b834eb0ee7_17_7,C,True,terminal_success,valid_answer,,46908,114,0,0,0.047478,2.2779256579233333,2.296148,9,True
115774b6-534d-444f-b7aa-d1b834eb0ee7_2_2,115774b6-534d-444f-b7aa-d1b834eb0ee7,reasoning/counterfactual,D,A:115774b6-534d-444f-b7aa-d1b834eb0ee7_2_2,E,False,terminal_success,valid_answer,,42172,96,0,0,0.042652,1.6034896960482001,1.624599,0,True,B:115774b6-534d-444f-b7aa-d1b834eb0ee7_2_2,E,False,terminal_success,valid_answer,,5858,99,0,0,0.006353,1.8607790160458535,1.879406,9,False,D:115774b6-534d-444f-b7aa-d1b834eb0ee7_2_2,E,False,terminal_success,valid_answer,,46993,105,0,0,0.047518,2.166732388897799,2.186116,9,True
115774b6-534d-444f-b7aa-d1b834eb0ee7_4_1,115774b6-534d-444f-b7aa-d1b834eb0ee7,reasoning/temporal/frequency,C,A:115774b6-534d-444f-b7aa-d1b834eb0ee7_4_1,B,False,terminal_success,valid_answer,,42133,132,0,0,0.042793,2.1787460919003934,2.200373,0,True,B:115774b6-534d-444f-b7aa-d1b834eb0ee7_4_1,C,True,terminal_success,valid_answer,,5818,107,0,0,0.006353,1.94792420999147,1.969316,9,False,D:115774b6-534d-444f-b7aa-d1b834eb0ee7_4_1,B,False,terminal_success,valid_answer,,46953,127,0,0,0.047588,2.118263716925867,2.139254,9,True
115774b6-534d-444f-b7aa-d1b834eb0ee7_7_10,115774b6-534d-444f-b7aa-d1b834eb0ee7,reasoning/spatial/relationship,A,A:115774b6-534d-444f-b7aa-d1b834eb0ee7_7_10,E,False,terminal_success,valid_answer,,42148,106,0,0,0.042678,1.5730920920614153,1.593175,0,True,B:115774b6-534d-444f-b7aa-d1b834eb0ee7_7_10,C,False,terminal_success,valid_answer,,5831,115,0,0,0.006406,2.4584727820474654,2.478895,9,False,D:115774b6-534d-444f-b7aa-d1b834eb0ee7_7_10,D,False,terminal_success,valid_answer,,46966,114,0,0,0.047536,4.225509695941582,4.247438,9,True
115774b6-534d-444f-b7aa-d1b834eb0ee7_1_3,115774b6-534d-444f-b7aa-d1b834eb0ee7,reasoning/causal,B,A:115774b6-534d-444f-b7aa-d1b834eb0ee7_1_3,B,True,terminal_success,valid_answer,,42235,140,0,0,0.042935,2.4141117399558425,2.434492,0,True,B:115774b6-534d-444f-b7aa-d1b834eb0ee7_1_3,C,False,terminal_success,valid_answer,,8590,108,0,0,0.009130000000000001,1.9705301319481805,1.990074,14,False,D:115774b6-534d-444f-b7aa-d1b834eb0ee7_1_3,B,True,terminal_success,valid_answer,,49725,140,0,0,0.050425,2.9413316919235513,2.961842,14,True
115774b6-534d-444f-b7aa-d1b834eb0ee7_17_31,115774b6-534d-444f-b7aa-d1b834eb0ee7,perception/information_retrieval/factual_recall,C,A:115774b6-534d-444f-b7aa-d1b834eb0ee7_17_31,C,True,terminal_success,valid_answer,,42112,107,0,0,0.042647,1.76217700203415,1.782692,0,True,B:115774b6-534d-444f-b7aa-d1b834eb0ee7_17_31,B,False,terminal_success,valid_answer,,9015,92,0,0,0.009475,1.8324976570438594,1.853414,15,False,D:115774b6-534d-444f-b7aa-d1b834eb0ee7_17_31,B,False,terminal_success,valid_answer,,50150,112,0,0,0.05071,2.4319707369431853,2.451272,15,True
115774b6-534d-444f-b7aa-d1b834eb0ee7_3_6,115774b6-534d-444f-b7aa-d1b834eb0ee7,reasoning/predictive,C,A:115774b6-534d-444f-b7aa-d1b834eb0ee7_3_6,E,False,terminal_success,valid_answer,,42247,121,0,0,0.042852,2.0910080379107967,2.11115,0,True,B:115774b6-534d-444f-b7aa-d1b834eb0ee7_3_6,E,False,terminal_success,valid_answer,,1648,112,0,0,0.002208,1.5359520280035213,1.55618,1,False,D:115774b6-534d-444f-b7aa-d1b834eb0ee7_3_6,E,False,terminal_success,valid_answer,,42783,129,0,0,0.043428,2.0774980450514704,2.099656,1,True
115774b6-534d-444f-b7aa-d1b834eb0ee7_2_4,115774b6-534d-444f-b7aa-d1b834eb0ee7,reasoning/counterfactual,E,A:115774b6-534d-444f-b7aa-d1b834eb0ee7_2_4,C,False,terminal_success,valid_answer,,42206,99,0,0,0.042701,1.7647600829368457,1.784896,0,True,B:115774b6-534d-444f-b7aa-d1b834eb0ee7_2_4,D,False,terminal_success,valid_answer,,7491,108,0,0,0.008031,1.9274854559917003,1.948937,12,False,D:115774b6-534d-444f-b7aa-d1b834eb0ee7_2_4,C,False,terminal_success,valid_answer,,48626,98,0,0,0.049116,1.886005569016561,1.906693,12,True
7e512589-aa97-41e8-83d3-af2e83e4fd06_7_20,7e512589-aa97-41e8-83d3-af2e83e4fd06,reasoning/spatial/relationship,E,A:7e512589-aa97-41e8-83d3-af2e83e4fd06_7_20,E,True,terminal_success,valid_answer,,35212,130,0,0,0.035862,2.348375166999176,2.370001,0,True,B:7e512589-aa97-41e8-83d3-af2e83e4fd06_7_20,C,False,terminal_success,valid_answer,,2613,89,0,0,0.003058,1.797881526988931,1.818699,3,False,D:7e512589-aa97-41e8-83d3-af2e83e4fd06_7_20,C,False,terminal_success,valid_answer,,36820,96,0,0,0.0373,1.961347567033954,1.981128,3,True
7e512589-aa97-41e8-83d3-af2e83e4fd06_5_33,7e512589-aa97-41e8-83d3-af2e83e4fd06,reasoning/temporal/prerequisites,C,A:7e512589-aa97-41e8-83d3-af2e83e4fd06_5_33,D,False,terminal_success,valid_answer,,35304,128,0,0,0.035944000000000004,2.1415446259779856,2.162434,0,True,B:7e512589-aa97-41e8-83d3-af2e83e4fd06_5_33,E,False,terminal_success,valid_answer,,5918,132,0,0,0.006578,2.3249775380827487,2.346918,9,False,D:7e512589-aa97-41e8-83d3-af2e83e4fd06_5_33,E,False,terminal_success,valid_answer,,40125,122,0,0,0.040735,3.52997792896349,3.551191,9,True
7e512589-aa97-41e8-83d3-af2e83e4fd06_23_28,7e512589-aa97-41e8-83d3-af2e83e4fd06,summarization/compare_and_contrast,A,A:7e512589-aa97-41e8-83d3-af2e83e4fd06_23_28,B,False,terminal_success,valid_answer,,35304,151,0,0,0.036059,2.3615243050735444,2.382165,0,True,B:7e512589-aa97-41e8-83d3-af2e83e4fd06_23_28,A,True,terminal_success,valid_answer,,5918,112,0,0,0.006477999999999999,2.2709284259472042,2.291837,9,False,D:7e512589-aa97-41e8-83d3-af2e83e4fd06_23_28,A,True,terminal_success,valid_answer,,40125,105,0,0,0.04065,2.32689055101946,2.354476,9,True
7e512589-aa97-41e8-83d3-af2e83e4fd06_22_8,7e512589-aa97-41e8-83d3-af2e83e4fd06,summarization/key_events_objects,E,A:7e512589-aa97-41e8-83d3-af2e83e4fd06_22_8,E,True,terminal_success,valid_answer,,35282,141,0,0,0.035987,2.7760975629789755,2.794956,0,True,B:7e512589-aa97-41e8-83d3-af2e83e4fd06_22_8,E,True,terminal_success,valid_answer,,7500,94,0,0,0.00797,1.4926502109738067,1.512722,12,False,D:7e512589-aa97-41e8-83d3-af2e83e4fd06_22_8,E,True,terminal_success,valid_answer,,41707,136,0,0,0.042387,2.6764762200182304,2.69611,12,True
7e512589-aa97-41e8-83d3-af2e83e4fd06_7_22,7e512589-aa97-41e8-83d3-af2e83e4fd06,reasoning/spatial/relationship,D,A:7e512589-aa97-41e8-83d3-af2e83e4fd06_7_22,B,False,terminal_success,valid_answer,,35201,147,0,0,0.035936,2.500480836024508,2.519761,0,True,B:7e512589-aa97-41e8-83d3-af2e83e4fd06_7_22,C,False,terminal_success,valid_answer,,5810,86,0,0,0.00624,1.9581540040671825,1.978897,9,False,D:7e512589-aa97-41e8-83d3-af2e83e4fd06_7_22,C,False,terminal_success,valid_answer,,40017,95,0,0,0.040492,2.5760185960680246,2.597855,9,True
7e512589-aa97-41e8-83d3-af2e83e4fd06_21_19,7e512589-aa97-41e8-83d3-af2e83e4fd06,summarization/temporal_sequencing,C,A:7e512589-aa97-41e8-83d3-af2e83e4fd06_21_19,C,True,terminal_success,valid_answer,,35289,141,0,0,0.035994,2.0596744989743456,2.080109,0,True,B:7e512589-aa97-41e8-83d3-af2e83e4fd06_21_19,C,True,terminal_success,valid_answer,,5902,91,0,0,0.006357,2.1681019089883193,2.189226,9,False,D:7e512589-aa97-41e8-83d3-af2e83e4fd06_21_19,C,True,terminal_success,valid_answer,,40109,139,0,0,0.040804,2.9843806959688663,3.011102,9,True
7e512589-aa97-41e8-83d3-af2e83e4fd06_17_16,7e512589-aa97-41e8-83d3-af2e83e4fd06,perception/information_retrieval/factual_recall,C,A:7e512589-aa97-41e8-83d3-af2e83e4fd06_17_16,D,False,terminal_success,valid_answer,,35167,161,0,0,0.035972,2.492022354970686,2.513239,0,True,B:7e512589-aa97-41e8-83d3-af2e83e4fd06_17_16,B,False,terminal_success,valid_answer,,4176,122,0,0,0.004786,3.5873549070674926,3.608593,6,False,D:7e512589-aa97-41e8-83d3-af2e83e4fd06_17_16,D,False,terminal_success,valid_answer,,38383,190,0,0,0.039333,3.2969599249772727,3.318695,6,True
7e512589-aa97-41e8-83d3-af2e83e4fd06_4_5,7e512589-aa97-41e8-83d3-af2e83e4fd06,reasoning/temporal/frequency,B,A:7e512589-aa97-41e8-83d3-af2e83e4fd06_4_5,A,False,terminal_success,valid_answer,,35214,124,0,0,0.035834000000000005,2.0106128400657326,2.032269,0,True,B:7e512589-aa97-41e8-83d3-af2e83e4fd06_4_5,C,False,terminal_success,valid_answer,,5826,107,0,0,0.0063609999999999995,2.300019984948449,2.322038,9,False,D:7e512589-aa97-41e8-83d3-af2e83e4fd06_4_5,A,False,terminal_success,valid_answer,,40033,109,0,0,0.040577999999999996,2.243242276017554,2.264755,9,True
7e512589-aa97-41e8-83d3-af2e83e4fd06_17_10,7e512589-aa97-41e8-83d3-af2e83e4fd06,perception/information_retrieval/factual_recall,A,A:7e512589-aa97-41e8-83d3-af2e83e4fd06_17_10,A,True,terminal_success,valid_answer,,35584,141,0,0,0.036288999999999995,2.132704352028668,2.153757,0,True,B:7e512589-aa97-41e8-83d3-af2e83e4fd06_17_10,B,False,terminal_success,valid_answer,,6196,173,0,0,0.0070610000000000004,2.2246677670627832,2.246536,9,False,D:7e512589-aa97-41e8-83d3-af2e83e4fd06_17_10,A,True,terminal_success,valid_answer,,40403,176,0,0,0.041283,3.381615023012273,3.403505,9,True
7e512589-aa97-41e8-83d3-af2e83e4fd06_7_23,7e512589-aa97-41e8-83d3-af2e83e4fd06,reasoning/spatial/relationship,C,A:7e512589-aa97-41e8-83d3-af2e83e4fd06_7_23,A,False,terminal_success,valid_answer,,35219,107,0,0,0.035754,1.8646502159535885,1.886105,0,True,B:7e512589-aa97-41e8-83d3-af2e83e4fd06_7_23,A,False,terminal_success,valid_answer,,5831,82,0,0,0.006241,1.9009692640975118,1.923674,9,False,D:7e512589-aa97-41e8-83d3-af2e83e4fd06_7_23,A,False,terminal_success,valid_answer,,40038,89,0,0,0.040483,2.0060362960211933,2.029652,9,True
7e512589-aa97-41e8-83d3-af2e83e4fd06_6_7,7e512589-aa97-41e8-83d3-af2e83e4fd06,reasoning/spatial/proximity,A,A:7e512589-aa97-41e8-83d3-af2e83e4fd06_6_7,B,False,terminal_success,valid_answer,,35187,99,0,0,0.035682000000000005,1.7246067400556058,1.746445,0,True,B:7e512589-aa97-41e8-83d3-af2e83e4fd06_6_7,B,False,terminal_success,valid_answer,,5795,86,0,0,0.006225,2.0004770670784637,2.022009,9,False,D:7e512589-aa97-41e8-83d3-af2e83e4fd06_6_7,B,False,terminal_success,valid_answer,,40002,78,0,0,0.040392000000000004,2.2615796680329368,2.281718,9,True
7e512589-aa97-41e8-83d3-af2e83e4fd06_8_12,7e512589-aa97-41e8-83d3-af2e83e4fd06,reasoning/temporal/duration,D,A:7e512589-aa97-41e8-83d3-af2e83e4fd06_8_12,D,True,terminal_success,valid_answer,,35276,131,0,0,0.035931000000000005,2.1512080440297723,2.172761,0,True,B:7e512589-aa97-41e8-83d3-af2e83e4fd06_8_12,D,True,terminal_success,valid_answer,,5890,123,0,0,0.006505,2.1073631240287796,2.129118,9,False,D:7e512589-aa97-41e8-83d3-af2e83e4fd06_8_12,D,True,terminal_success,valid_answer,,40097,138,0,0,0.040787000000000004,3.0982174299424514,3.120915,9,True
7e512589-aa97-41e8-83d3-af2e83e4fd06_11_14,7e512589-aa97-41e8-83d3-af2e83e4fd06,perception/information_retrieval/sequence_recall,B,A:7e512589-aa97-41e8-83d3-af2e83e4fd06_11_14,B,True,terminal_success,valid_answer,,35192,124,0,0,0.035812000000000004,2.1851484660292044,2.209978,0,True,B:7e512589-aa97-41e8-83d3-af2e83e4fd06_11_14,C,False,terminal_success,valid_answer,,5803,107,0,0,0.006338,2.209394116071053,2.232895,9,False,D:7e512589-aa97-41e8-83d3-af2e83e4fd06_11_14,B,True,terminal_success,valid_answer,,40010,130,0,0,0.040659999999999995,3.0410670870915055,3.064598,9,True
7e512589-aa97-41e8-83d3-af2e83e4fd06_11_18,7e512589-aa97-41e8-83d3-af2e83e4fd06,perception/information_retrieval/sequence_recall,A,A:7e512589-aa97-41e8-83d3-af2e83e4fd06_11_18,A,True,terminal_success,valid_answer,,35170,94,0,0,0.03564,1.6126214020187035,1.632287,0,True,B:7e512589-aa97-41e8-83d3-af2e83e4fd06_11_18,A,True,terminal_success,valid_answer,,7388,95,0,0,0.007863,1.7654333909740672,1.786792,12,False,D:7e512589-aa97-41e8-83d3-af2e83e4fd06_11_18,A,True,terminal_success,valid_answer,,41595,104,0,0,0.042115,2.606631909031421,2.628595,12,True
7e512589-aa97-41e8-83d3-af2e83e4fd06_3_26,7e512589-aa97-41e8-83d3-af2e83e4fd06,reasoning/predictive,C,A:7e512589-aa97-41e8-83d3-af2e83e4fd06_3_26,D,False,terminal_success,valid_answer,,35285,124,0,0,0.035905,1.6004426800645888,1.620602,0,True,B:7e512589-aa97-41e8-83d3-af2e83e4fd06_3_26,E,False,terminal_success,valid_answer,,4830,123,0,0,0.005445,1.9940813309513032,2.015396,7,False,D:7e512589-aa97-41e8-83d3-af2e83e4fd06_3_26,D,False,terminal_success,valid_answer,,39037,121,0,0,0.039642000000000004,2.3301202399889007,2.351141,7,True
7e512589-aa97-41e8-83d3-af2e83e4fd06_17_34,7e512589-aa97-41e8-83d3-af2e83e4fd06,perception/information_retrieval/factual_recall,E,A:7e512589-aa97-41e8-83d3-af2e83e4fd06_17_34,D,False,terminal_success,valid_answer,,35155,111,0,0,0.03571,3.7454238838981837,3.767241,0,True,B:7e512589-aa97-41e8-83d3-af2e83e4fd06_17_34,E,True,terminal_success,valid_answer,,5772,104,0,0,0.006292,2.194391299970448,2.215606,9,False,D:7e512589-aa97-41e8-83d3-af2e83e4fd06_17_34,D,False,terminal_success,valid_answer,,39979,107,0,0,0.040514,2.5972213310888037,2.618225,9,True
7e512589-aa97-41e8-83d3-af2e83e4fd06_11_24,7e512589-aa97-41e8-83d3-af2e83e4fd06,perception/information_retrieval/sequence_recall,C,A:7e512589-aa97-41e8-83d3-af2e83e4fd06_11_24,A,False,terminal_success,valid_answer,,35333,116,0,0,0.035913,1.9039356600260362,1.925879,0,True,B:7e512589-aa97-41e8-83d3-af2e83e4fd06_11_24,D,False,terminal_success,valid_answer,,9699,107,0,0,0.010234,2.1973633230663836,2.219826,16,False,D:7e512589-aa97-41e8-83d3-af2e83e4fd06_11_24,D,False,terminal_success,valid_answer,,43906,111,0,0,0.044461,2.637210145010613,2.658732,16,True
7e512589-aa97-41e8-83d3-af2e83e4fd06_6_15,7e512589-aa97-41e8-83d3-af2e83e4fd06,reasoning/spatial/proximity,C,A:7e512589-aa97-41e8-83d3-af2e83e4fd06_6_15,E,False,terminal_success,valid_answer,,35181,124,0,0,0.035801,1.9642500820336863,1.985725,0,True,B:7e512589-aa97-41e8-83d3-af2e83e4fd06_6_15,C,True,terminal_success,valid_answer,,5793,110,0,0,0.0063430000000000005,1.742214899044484,1.763804,9,False,D:7e512589-aa97-41e8-83d3-af2e83e4fd06_6_15,E,False,terminal_success,valid_answer,,40000,99,0,0,0.040495,2.0231635249219835,2.045866,9,True
7e512589-aa97-41e8-83d3-af2e83e4fd06_4_3,7e512589-aa97-41e8-83d3-af2e83e4fd06,reasoning/temporal/frequency,D,A:7e512589-aa97-41e8-83d3-af2e83e4fd06_4_3,A,False,terminal_success,valid_answer,,35247,109,0,0,0.035792,1.826090649003163,1.849246,0,True,B:7e512589-aa97-41e8-83d3-af2e83e4fd06_4_3,D,True,terminal_success,valid_answer,,8539,139,0,0,0.009234,2.351441908045672,2.372707,14,False,D:7e512589-aa97-41e8-83d3-af2e83e4fd06_4_3,A,False,terminal_success,valid_answer,,42746,121,0,0,0.043351,2.633041142951697,2.656247,14,True
7e512589-aa97-41e8-83d3-af2e83e4fd06_6_27,7e512589-aa97-41e8-83d3-af2e83e4fd06,reasoning/spatial/proximity,C,A:7e512589-aa97-41e8-83d3-af2e83e4fd06_6_27,B,False,terminal_success,valid_answer,,35184,133,0,0,0.035849,2.248346036998555,2.270172,0,True,B:7e512589-aa97-41e8-83d3-af2e83e4fd06_6_27,D,False,terminal_success,valid_answer,,5798,87,0,0,0.006233,1.9004198149777949,1.921386,9,False,D:7e512589-aa97-41e8-83d3-af2e83e4fd06_6_27,B,False,terminal_success,valid_answer,,40005,103,0,0,0.04052,2.6087988190120086,2.630766,9,True
7e512589-aa97-41e8-83d3-af2e83e4fd06_7_4,7e512589-aa97-41e8-83d3-af2e83e4fd06,reasoning/spatial/relationship,A,A:7e512589-aa97-41e8-83d3-af2e83e4fd06_7_4,B,False,terminal_success,valid_answer,,35212,106,0,0,0.035742,1.8706606309860945,1.892116,0,True,B:7e512589-aa97-41e8-83d3-af2e83e4fd06_7_4,B,False,terminal_success,valid_answer,,5825,89,0,0,0.00627,1.5864150970010087,1.607722,9,False,D:7e512589-aa97-41e8-83d3-af2e83e4fd06_7_4,B,False,terminal_success,valid_answer,,40032,116,0,0,0.040611999999999995,2.646928042988293,2.668693,9,True
7e512589-aa97-41e8-83d3-af2e83e4fd06_17_30,7e512589-aa97-41e8-83d3-af2e83e4fd06,perception/information_retrieval/factual_recall,B,A:7e512589-aa97-41e8-83d3-af2e83e4fd06_17_30,C,False,terminal_success,valid_answer,,35165,142,0,0,0.035875000000000004,2.322819259017706,2.343828,0,True,B:7e512589-aa97-41e8-83d3-af2e83e4fd06_17_30,C,False,terminal_success,valid_answer,,4171,99,0,0,0.004666,2.1497033960185945,2.170667,6,False,D:7e512589-aa97-41e8-83d3-af2e83e4fd06_17_30,C,False,terminal_success,valid_answer,,38378,129,0,0,0.039023,2.3093268719967455,2.331225,6,True
7e512589-aa97-41e8-83d3-af2e83e4fd06_22_11,7e512589-aa97-41e8-83d3-af2e83e4fd06,summarization/key_events_objects,C,A:7e512589-aa97-41e8-83d3-af2e83e4fd06_22_11,D,False,terminal_success,valid_answer,,35318,135,0,0,0.035993000000000004,2.3078958860132843,2.421287,0,True,B:7e512589-aa97-41e8-83d3-af2e83e4fd06_22_11,E,False,terminal_success,valid_answer,,7001,100,0,0,0.007501000000000001,2.0358329359441996,2.058551,11,False,D:7e512589-aa97-41e8-83d3-af2e83e4fd06_22_11,D,False,terminal_success,valid_answer,,41208,116,0,0,0.041788,2.630270075984299,2.653098,11,True
7e512589-aa97-41e8-83d3-af2e83e4fd06_3_21,7e512589-aa97-41e8-83d3-af2e83e4fd06,reasoning/predictive,E,A:7e512589-aa97-41e8-83d3-af2e83e4fd06_3_21,E,True,terminal_success,valid_answer,,35294,141,0,0,0.035998999999999996,1.9611204710090533,1.983997,0,True,B:7e512589-aa97-41e8-83d3-af2e83e4fd06_3_21,B,False,terminal_success,valid_answer,,5909,97,0,0,0.006394,1.9241185720311478,1.946227,9,False,D:7e512589-aa97-41e8-83d3-af2e83e4fd06_3_21,E,True,terminal_success,valid_answer,,40116,150,0,0,0.040866,2.548807024024427,2.572001,9,True
7e512589-aa97-41e8-83d3-af2e83e4fd06_17_2,7e512589-aa97-41e8-83d3-af2e83e4fd06,perception/information_retrieval/factual_recall,D,A:7e512589-aa97-41e8-83d3-af2e83e4fd06_17_2,D,True,terminal_success,valid_answer,,35154,126,0,0,0.035783999999999996,1.9451913270168006,1.968398,0,True,B:7e512589-aa97-41e8-83d3-af2e83e4fd06_17_2,D,True,terminal_success,valid_answer,,5765,81,0,0,0.00617,1.4466760799987242,1.468891,9,False,D:7e512589-aa97-41e8-83d3-af2e83e4fd06_17_2,D,True,terminal_success,valid_answer,,39972,98,0,0,0.040462,3.9866396380821243,4.01083,9,True
d3a0899e-2093-454c-9f65-30087883193a_17_2,d3a0899e-2093-454c-9f65-30087883193a,perception/information_retrieval/factual_recall,B,A:d3a0899e-2093-454c-9f65-30087883193a_17_2,B,True,terminal_success,valid_answer,,34982,116,0,0,0.035561999999999996,2.2413872650358826,2.265172,0,True,B:d3a0899e-2093-454c-9f65-30087883193a_17_2,B,True,terminal_success,valid_answer,,5777,90,0,0,0.006227,1.9251532889902592,1.947354,9,False,D:d3a0899e-2093-454c-9f65-30087883193a_17_2,B,True,terminal_success,valid_answer,,39806,102,0,0,0.040316000000000005,2.6301557020051405,2.653542,9,True
d3a0899e-2093-454c-9f65-30087883193a_22_14,d3a0899e-2093-454c-9f65-30087883193a,summarization/key_events_objects,B,A:d3a0899e-2093-454c-9f65-30087883193a_22_14,B,True,terminal_success,valid_answer,,35176,135,0,0,0.035851,5.063186777057126,5.085858,0,True,B:d3a0899e-2093-454c-9f65-30087883193a_22_14,B,True,terminal_success,valid_answer,,9183,118,0,0,0.009773,2.5241548779886216,2.545881,15,False,D:d3a0899e-2093-454c-9f65-30087883193a_22_14,B,True,terminal_success,valid_answer,,43212,103,0,0,0.043727,2.427867132006213,2.450391,15,True
d3a0899e-2093-454c-9f65-30087883193a_22_32,d3a0899e-2093-454c-9f65-30087883193a,summarization/key_events_objects,A,A:d3a0899e-2093-454c-9f65-30087883193a_22_32,B,False,terminal_success,valid_answer,,35108,114,0,0,0.035678,2.131604050984606,2.154208,0,True,B:d3a0899e-2093-454c-9f65-30087883193a_22_32,A,True,terminal_success,valid_answer,,5894,97,0,0,0.006379,1.9787749270908535,2.001681,9,False,D:d3a0899e-2093-454c-9f65-30087883193a_22_32,B,False,terminal_success,valid_answer,,39923,120,0,0,0.040523,2.2046021259156987,2.228777,9,True
d3a0899e-2093-454c-9f65-30087883193a_7_11,d3a0899e-2093-454c-9f65-30087883193a,reasoning/spatial/relationship,E,A:d3a0899e-2093-454c-9f65-30087883193a_7_11,C,False,terminal_success,valid_answer,,35029,151,0,0,0.035783999999999996,3.507264510029927,3.529284,0,True,B:d3a0899e-2093-454c-9f65-30087883193a_7_11,C,False,terminal_success,valid_answer,,5815,100,0,0,0.006314999999999999,1.9698804729850963,1.992897,9,False,D:d3a0899e-2093-454c-9f65-30087883193a_7_11,C,False,terminal_success,valid_answer,,39844,127,0,0,0.040478999999999994,2.4296893370337784,2.452078,9,True
d3a0899e-2093-454c-9f65-30087883193a_1_1,d3a0899e-2093-454c-9f65-30087883193a,reasoning/causal,E,A:d3a0899e-2093-454c-9f65-30087883193a_1_1,B,False,terminal_success,valid_answer,,35006,143,0,0,0.035721,2.5108617990044877,2.533173,0,True,B:d3a0899e-2093-454c-9f65-30087883193a_1_1,E,True,terminal_success,valid_answer,,5792,112,0,0,0.006352,2.391482050064951,2.413789,9,False,D:d3a0899e-2093-454c-9f65-30087883193a_1_1,B,False,terminal_success,valid_answer,,39821,170,0,0,0.040671,3.2107365569099784,3.233806,9,True
d3a0899e-2093-454c-9f65-30087883193a_17_13,d3a0899e-2093-454c-9f65-30087883193a,perception/information_retrieval/factual_recall,C,A:d3a0899e-2093-454c-9f65-30087883193a_17_13,B,False,terminal_success,valid_answer,,35005,116,0,0,0.035585,1.8789048281032592,1.902104,0,True,B:d3a0899e-2093-454c-9f65-30087883193a_17_13,D,False,terminal_success,valid_answer,,5262,114,0,0,0.005832,1.8916106930701062,1.915966,8,False,D:d3a0899e-2093-454c-9f65-30087883193a_17_13,B,False,terminal_success,valid_answer,,39291,110,0,0,0.039841,1.9865429509663954,2.010936,8,True
d3a0899e-2093-454c-9f65-30087883193a_17_28,d3a0899e-2093-454c-9f65-30087883193a,perception/information_retrieval/factual_recall,A,A:d3a0899e-2093-454c-9f65-30087883193a_17_28,D,False,terminal_success,valid_answer,,34993,131,0,0,0.035648000000000006,2.0721692900406197,2.095129,0,True,B:d3a0899e-2093-454c-9f65-30087883193a_17_28,B,False,terminal_success,valid_answer,,9540,112,0,0,0.0101,2.50036580406595,2.523257,16,False,D:d3a0899e-2093-454c-9f65-30087883193a_17_28,E,False,terminal_success,valid_answer,,43569,118,0,0,0.044159,2.5717730240430683,2.59979,16,True
d3a0899e-2093-454c-9f65-30087883193a_4_7,d3a0899e-2093-454c-9f65-30087883193a,reasoning/temporal/frequency,A,A:d3a0899e-2093-454c-9f65-30087883193a_4_7,C,False,terminal_success,valid_answer,,35065,117,0,0,0.03565,2.1530163909774274,2.176126,0,True,B:d3a0899e-2093-454c-9f65-30087883193a_4_7,A,True,terminal_success,valid_answer,,9069,114,0,0,0.009639,2.4067042900715023,2.432425,15,False,D:d3a0899e-2093-454c-9f65-30087883193a_4_7,A,True,terminal_success,valid_answer,,43098,117,0,0,0.043683,2.964437516988255,2.986352,15,True
d3a0899e-2093-454c-9f65-30087883193a_8_3,d3a0899e-2093-454c-9f65-30087883193a,reasoning/temporal/duration,C,A:d3a0899e-2093-454c-9f65-30087883193a_8_3,D,False,terminal_success,valid_answer,,35079,154,0,0,0.035849,2.3390147360041738,2.362097,0,True,B:d3a0899e-2093-454c-9f65-30087883193a_8_3,D,False,terminal_success,valid_answer,,5871,107,0,0,0.006406,1.884029860026203,1.908595,9,False,D:d3a0899e-2093-454c-9f65-30087883193a_8_3,D,False,terminal_success,valid_answer,,39900,107,0,0,0.040435,2.204710235935636,2.227297,9,True
d3a0899e-2093-454c-9f65-30087883193a_8_21,d3a0899e-2093-454c-9f65-30087883193a,reasoning/temporal/duration,D,A:d3a0899e-2093-454c-9f65-30087883193a_8_21,D,True,terminal_success,valid_answer,,35069,116,0,0,0.035649,1.982108070049435,2.005938,0,True,B:d3a0899e-2093-454c-9f65-30087883193a_8_21,D,True,terminal_success,valid_answer,,4791,106,0,0,0.005321,2.0176886779954657,2.040408,7,False,D:d3a0899e-2093-454c-9f65-30087883193a_8_21,D,True,terminal_success,valid_answer,,38820,110,0,0,0.03937,1.9332362449495122,1.958533,7,True
d3a0899e-2093-454c-9f65-30087883193a_5_24,d3a0899e-2093-454c-9f65-30087883193a,reasoning/temporal/prerequisites,B,A:d3a0899e-2093-454c-9f65-30087883193a_5_24,A,False,terminal_success,valid_answer,,35158,108,0,0,0.035698,1.9970333060482517,2.021198,0,True,B:d3a0899e-2093-454c-9f65-30087883193a_5_24,C,False,terminal_success,valid_answer,,5944,124,0,0,0.0065639999999999995,2.2854617369594052,2.309812,9,False,D:d3a0899e-2093-454c-9f65-30087883193a_5_24,C,False,terminal_success,valid_answer,,39973,147,0,0,0.040708,2.5655450490303338,2.589583,9,True
d3a0899e-2093-454c-9f65-30087883193a_7_9,d3a0899e-2093-454c-9f65-30087883193a,reasoning/spatial/relationship,A,A:d3a0899e-2093-454c-9f65-30087883193a_7_9,A,True,terminal_success,valid_answer,,35031,125,0,0,0.035656,1.839345091022551,1.863514,0,True,B:d3a0899e-2093-454c-9f65-30087883193a_7_9,A,True,terminal_success,valid_answer,,5826,94,0,0,0.0062959999999999995,2.019211253966205,2.042568,9,False,D:d3a0899e-2093-454c-9f65-30087883193a_7_9,A,True,terminal_success,valid_answer,,39855,103,0,0,0.04037,2.360235739964992,2.382613,9,True
d3a0899e-2093-454c-9f65-30087883193a_17_19,d3a0899e-2093-454c-9f65-30087883193a,perception/information_retrieval/factual_recall,E,A:d3a0899e-2093-454c-9f65-30087883193a_17_19,C,False,terminal_success,valid_answer,,34988,98,0,0,0.035477999999999996,1.656571544939652,1.679507,0,True,B:d3a0899e-2093-454c-9f65-30087883193a_17_19,B,False,terminal_success,valid_answer,,2567,95,0,0,0.003042,1.658967887982726,1.682666,3,False,D:d3a0899e-2093-454c-9f65-30087883193a_17_19,B,False,terminal_success,valid_answer,,36596,91,0,0,0.037050999999999994,1.9027629260672256,1.928993,3,True
d3a0899e-2093-454c-9f65-30087883193a_7_26,d3a0899e-2093-454c-9f65-30087883193a,reasoning/spatial/relationship,A,A:d3a0899e-2093-454c-9f65-30087883193a_7_26,D,False,terminal_success,valid_answer,,35047,129,0,0,0.035692,2.168965401011519,2.192005,0,True,B:d3a0899e-2093-454c-9f65-30087883193a_7_26,D,False,terminal_success,valid_answer,,5839,90,0,0,0.0062889999999999995,1.501206626999192,1.525793,9,False,D:d3a0899e-2093-454c-9f65-30087883193a_7_26,D,False,terminal_success,valid_answer,,39868,90,0,0,0.040318,1.8967718250351027,1.920206,9,True
d3a0899e-2093-454c-9f65-30087883193a_11_17,d3a0899e-2093-454c-9f65-30087883193a,perception/information_retrieval/sequence_recall,A,A:d3a0899e-2093-454c-9f65-30087883193a_11_17,D,False,terminal_success,valid_answer,,35010,126,0,0,0.03564,1.8308092330116779,1.85329,0,True,B:d3a0899e-2093-454c-9f65-30087883193a_11_17,A,True,terminal_success,valid_answer,,7404,110,0,0,0.007954,1.9152854048879817,1.937811,12,False,D:d3a0899e-2093-454c-9f65-30087883193a_11_17,D,False,terminal_success,valid_answer,,41433,126,0,0,0.042062999999999996,3.0427291420055553,3.065105,12,True
d3a0899e-2093-454c-9f65-30087883193a_17_20,d3a0899e-2093-454c-9f65-30087883193a,perception/information_retrieval/factual_recall,E,A:d3a0899e-2093-454c-9f65-30087883193a_17_20,E,True,terminal_success,valid_answer,,35153,158,0,0,0.035942999999999996,2.090432359953411,2.113763,0,True,B:d3a0899e-2093-454c-9f65-30087883193a_17_20,E,True,terminal_success,valid_answer,,9693,151,0,0,0.010448,1.865970280021429,1.888752,16,False,D:d3a0899e-2093-454c-9f65-30087883193a_17_20,E,True,terminal_success,valid_answer,,43722,142,0,0,0.044432,4.617886121966876,4.640576,16,True
d3a0899e-2093-454c-9f65-30087883193a_12_22,d3a0899e-2093-454c-9f65-30087883193a,perception/information_retrieval/temporal_distance,A,A:d3a0899e-2093-454c-9f65-30087883193a_12_22,C,False,terminal_success,valid_answer,,34997,111,0,0,0.035552,1.8569960610475391,1.878865,0,True,B:d3a0899e-2093-454c-9f65-30087883193a_12_22,B,False,terminal_success,valid_answer,,4184,175,0,0,0.005059,2.9475978889968246,2.969696,6,False,D:d3a0899e-2093-454c-9f65-30087883193a_12_22,C,False,terminal_success,valid_answer,,38213,158,0,0,0.039002999999999996,2.8189101009629667,2.840761,6,True
d3a0899e-2093-454c-9f65-30087883193a_17_8,d3a0899e-2093-454c-9f65-30087883193a,perception/information_retrieval/factual_recall,A,A:d3a0899e-2093-454c-9f65-30087883193a_17_8,B,False,terminal_success,valid_answer,,34986,145,0,0,0.03571100000000001,2.5133346520597115,2.535857,0,True,B:d3a0899e-2093-454c-9f65-30087883193a_17_8,A,True,terminal_success,valid_answer,,2565,86,0,0,0.002995,1.4573776329634711,1.482432,3,False,D:d3a0899e-2093-454c-9f65-30087883193a_17_8,A,True,terminal_success,valid_answer,,36594,121,0,0,0.037199,2.2157449810765684,2.239795,3,True
d3a0899e-2093-454c-9f65-30087883193a_8_16,d3a0899e-2093-454c-9f65-30087883193a,reasoning/temporal/duration,D,A:d3a0899e-2093-454c-9f65-30087883193a_8_16,D,True,terminal_success,valid_answer,,35006,120,0,0,0.035606000000000006,2.0710277380421758,2.095384,0,True,B:d3a0899e-2093-454c-9f65-30087883193a_8_16,D,True,terminal_success,valid_answer,,5264,104,0,0,0.005783999999999999,2.181971281999722,2.204858,8,False,D:d3a0899e-2093-454c-9f65-30087883193a_8_16,D,True,terminal_success,valid_answer,,39293,127,0,0,0.039928,2.5473305170889944,2.570658,8,True
d3a0899e-2093-454c-9f65-30087883193a_4_33,d3a0899e-2093-454c-9f65-30087883193a,reasoning/temporal/frequency,E,A:d3a0899e-2093-454c-9f65-30087883193a_4_33,E,True,terminal_success,valid_answer,,35080,141,0,0,0.035785,2.3993476269533858,2.422598,0,True,B:d3a0899e-2093-454c-9f65-30087883193a_4_33,E,True,terminal_success,valid_answer,,5868,99,0,0,0.006363,1.914405768038705,1.937261,9,False,D:d3a0899e-2093-454c-9f65-30087883193a_4_33,E,True,terminal_success,valid_answer,,39897,119,0,0,0.040492,2.3939815929625183,2.416991,9,True
d3a0899e-2093-454c-9f65-30087883193a_7_29,d3a0899e-2093-454c-9f65-30087883193a,reasoning/spatial/relationship,B,A:d3a0899e-2093-454c-9f65-30087883193a_7_29,E,False,terminal_success,valid_answer,,35045,128,0,0,0.035685,2.3372251329710707,2.360224,0,True,B:d3a0899e-2093-454c-9f65-30087883193a_7_29,E,False,terminal_success,valid_answer,,5837,114,0,0,0.006407,2.26019633107353,2.283442,9,False,D:d3a0899e-2093-454c-9f65-30087883193a_7_29,E,False,terminal_success,valid_answer,,39866,103,0,0,0.040381,2.2664053230546415,2.288383,9,True
d3a0899e-2093-454c-9f65-30087883193a_2_1,d3a0899e-2093-454c-9f65-30087883193a,reasoning/counterfactual,B,A:d3a0899e-2093-454c-9f65-30087883193a_2_1,B,True,terminal_success,valid_answer,,35024,116,0,0,0.035604,2.0632286539766937,2.085987,0,True,B:d3a0899e-2093-454c-9f65-30087883193a_2_1,B,True,terminal_success,valid_answer,,5279,108,0,0,0.0058189999999999995,1.8521384400082752,1.87507,8,False,D:d3a0899e-2093-454c-9f65-30087883193a_2_1,B,True,terminal_success,valid_answer,,39308,110,0,0,0.039858000000000005,2.380977127002552,2.404189,8,True
d3a0899e-2093-454c-9f65-30087883193a_4_10,d3a0899e-2093-454c-9f65-30087883193a,reasoning/temporal/frequency,A,A:d3a0899e-2093-454c-9f65-30087883193a_4_10,A,True,terminal_success,valid_answer,,35030,140,0,0,0.03573,2.3774323359830305,2.399484,0,True,B:d3a0899e-2093-454c-9f65-30087883193a_4_10,A,True,terminal_success,valid_answer,,5818,119,0,0,0.006413,2.425602988922037,2.44885,9,False,D:d3a0899e-2093-454c-9f65-30087883193a_4_10,A,True,terminal_success,valid_answer,,39847,137,0,0,0.040532,2.693157198955305,2.716415,9,True
d3a0899e-2093-454c-9f65-30087883193a_17_35,d3a0899e-2093-454c-9f65-30087883193a,perception/information_retrieval/factual_recall,B,A:d3a0899e-2093-454c-9f65-30087883193a_17_35,B,True,terminal_success,valid_answer,,34980,122,0,0,0.03559,2.173194453935139,2.196393,0,True,B:d3a0899e-2093-454c-9f65-30087883193a_17_35,B,True,terminal_success,valid_answer,,5775,99,0,0,0.0062699999999999995,1.720138506963849,1.744158,9,False,D:d3a0899e-2093-454c-9f65-30087883193a_17_35,B,True,terminal_success,valid_answer,,39804,106,0,0,0.040334,2.232225198065862,2.256269,9,True
d3a0899e-2093-454c-9f65-30087883193a_8_36,d3a0899e-2093-454c-9f65-30087883193a,reasoning/temporal/duration,B,A:d3a0899e-2093-454c-9f65-30087883193a_8_36,E,False,terminal_success,valid_answer,,35067,123,0,0,0.035682,2.0945835600141436,2.117936,0,True,B:d3a0899e-2093-454c-9f65-30087883193a_8_36,B,True,terminal_success,valid_answer,,5859,108,0,0,0.006398999999999999,2.1759057820308954,2.198976,9,False,D:d3a0899e-2093-454c-9f65-30087883193a_8_36,E,False,terminal_success,valid_answer,,39888,140,0,0,0.040588,2.5883836740395054,2.612554,9,True
41a86310-2cc1-48f9-b5b5-6b495a95fbac_11_34,41a86310-2cc1-48f9-b5b5-6b495a95fbac,perception/information_retrieval/sequence_recall,A,A:41a86310-2cc1-48f9-b5b5-6b495a95fbac_11_34,B,False,terminal_success,valid_answer,,26447,137,0,0,0.027132,2.2312492709606886,2.253572,0,True,B:41a86310-2cc1-48f9-b5b5-6b495a95fbac_11_34,B,False,terminal_success,valid_answer,,9168,122,0,0,0.009778,2.275277208071202,2.298993,15,False,D:41a86310-2cc1-48f9-b5b5-6b495a95fbac_11_34,B,False,terminal_success,valid_answer,,34486,132,0,0,0.035146000000000004,2.83478388201911,2.858514,15,True
41a86310-2cc1-48f9-b5b5-6b495a95fbac_17_15,41a86310-2cc1-48f9-b5b5-6b495a95fbac,perception/information_retrieval/factual_recall,B,A:41a86310-2cc1-48f9-b5b5-6b495a95fbac_17_15,B,True,terminal_success,valid_answer,,26269,119,0,0,0.026864,1.7113745328970253,1.734075,0,True,B:41a86310-2cc1-48f9-b5b5-6b495a95fbac_17_15,E,False,terminal_success,valid_answer,,6311,93,0,0,0.006776,1.9139782160054892,1.937206,10,False,D:41a86310-2cc1-48f9-b5b5-6b495a95fbac_17_15,E,False,terminal_success,valid_answer,,31629,106,0,0,0.032159,1.795041827019304,1.818879,10,True
41a86310-2cc1-48f9-b5b5-6b495a95fbac_5_20,41a86310-2cc1-48f9-b5b5-6b495a95fbac,reasoning/temporal/prerequisites,D,A:41a86310-2cc1-48f9-b5b5-6b495a95fbac_5_20,D,True,terminal_success,valid_answer,,26389,114,0,0,0.026959,1.963378801010549,1.988152,0,True,B:41a86310-2cc1-48f9-b5b5-6b495a95fbac_5_20,D,True,terminal_success,valid_answer,,7496,107,0,0,0.008031,1.9613556070253253,1.990103,12,False,D:41a86310-2cc1-48f9-b5b5-6b495a95fbac_5_20,D,True,terminal_success,valid_answer,,32814,119,0,0,0.033409,2.403633984969929,2.430467,12,True
41a86310-2cc1-48f9-b5b5-6b495a95fbac_6_24,41a86310-2cc1-48f9-b5b5-6b495a95fbac,reasoning/spatial/proximity,A,A:41a86310-2cc1-48f9-b5b5-6b495a95fbac_6_24,C,False,terminal_success,valid_answer,,26348,148,0,0,0.027088,2.3570995510090142,2.382783,0,True,B:41a86310-2cc1-48f9-b5b5-6b495a95fbac_6_24,C,False,terminal_success,valid_answer,,9064,105,0,0,0.009588999999999999,2.0352143340278417,2.061753,15,False,D:41a86310-2cc1-48f9-b5b5-6b495a95fbac_6_24,C,False,terminal_success,valid_answer,,34382,112,0,0,0.034942,2.307170668966137,2.333309,15,True
41a86310-2cc1-48f9-b5b5-6b495a95fbac_11_19,41a86310-2cc1-48f9-b5b5-6b495a95fbac,perception/information_retrieval/sequence_recall,D,A:41a86310-2cc1-48f9-b5b5-6b495a95fbac_11_19,C,False,terminal_success,valid_answer,,26292,120,0,0,0.026892,2.1160176150733605,2.141796,0,True,B:41a86310-2cc1-48f9-b5b5-6b495a95fbac_11_19,D,True,terminal_success,valid_answer,,9010,101,0,0,0.009515000000000001,2.26003673102241,2.286368,15,False,D:41a86310-2cc1-48f9-b5b5-6b495a95fbac_11_19,C,False,terminal_success,valid_answer,,34328,160,0,0,0.035128,3.2228310769423842,3.248563,15,True
41a86310-2cc1-48f9-b5b5-6b495a95fbac_8_11,41a86310-2cc1-48f9-b5b5-6b495a95fbac,reasoning/temporal/duration,C,A:41a86310-2cc1-48f9-b5b5-6b495a95fbac_8_11,E,False,terminal_success,valid_answer,,26325,118,0,0,0.026915,1.96161482995376,1.988226,0,True,B:41a86310-2cc1-48f9-b5b5-6b495a95fbac_8_11,E,False,terminal_success,valid_answer,,5825,116,0,0,0.006405,2.214623686973937,2.240193,9,False,D:41a86310-2cc1-48f9-b5b5-6b495a95fbac_8_11,C,True,terminal_success,valid_answer,,31143,118,0,0,0.031733,3.1341596089769155,3.160739,9,True
41a86310-2cc1-48f9-b5b5-6b495a95fbac_6_32,41a86310-2cc1-48f9-b5b5-6b495a95fbac,reasoning/spatial/proximity,D,A:41a86310-2cc1-48f9-b5b5-6b495a95fbac_6_32,A,False,terminal_success,valid_answer,,26350,99,0,0,0.026844999999999997,1.740698612993583,1.767129,0,True,B:41a86310-2cc1-48f9-b5b5-6b495a95fbac_6_32,A,False,terminal_success,valid_answer,,5852,106,0,0,0.0063820000000000005,2.0536878150887787,2.079186,9,False,D:41a86310-2cc1-48f9-b5b5-6b495a95fbac_6_32,A,False,terminal_success,valid_answer,,31170,96,0,0,0.03165,2.077394259045832,2.103051,9,True
41a86310-2cc1-48f9-b5b5-6b495a95fbac_17_2,41a86310-2cc1-48f9-b5b5-6b495a95fbac,perception/information_retrieval/factual_recall,E,A:41a86310-2cc1-48f9-b5b5-6b495a95fbac_17_2,E,True,terminal_success,valid_answer,,26269,110,0,0,0.026819,1.8210180019959807,1.846266,0,True,B:41a86310-2cc1-48f9-b5b5-6b495a95fbac_17_2,E,True,terminal_success,valid_answer,,2556,92,0,0,0.003016,1.6056002019904554,1.635244,3,False,D:41a86310-2cc1-48f9-b5b5-6b495a95fbac_17_2,E,True,terminal_success,valid_answer,,27874,112,0,0,0.028434,2.068438205984421,2.093906,3,True
41a86310-2cc1-48f9-b5b5-6b495a95fbac_8_22,41a86310-2cc1-48f9-b5b5-6b495a95fbac,reasoning/temporal/duration,C,A:41a86310-2cc1-48f9-b5b5-6b495a95fbac_8_22,E,False,terminal_success,valid_answer,,26382,131,0,0,0.027037,3.490570320049301,3.519199,0,True,B:41a86310-2cc1-48f9-b5b5-6b495a95fbac_8_22,E,False,terminal_success,valid_answer,,5884,102,0,0,0.006394,1.9966137600131333,2.021762,9,False,D:41a86310-2cc1-48f9-b5b5-6b495a95fbac_8_22,C,True,terminal_success,valid_answer,,31202,121,0,0,0.031807,2.4110207250341773,2.441416,9,True
41a86310-2cc1-48f9-b5b5-6b495a95fbac_17_33,41a86310-2cc1-48f9-b5b5-6b495a95fbac,perception/information_retrieval/factual_recall,D,A:41a86310-2cc1-48f9-b5b5-6b495a95fbac_17_33,E,False,terminal_success,valid_answer,,26268,115,0,0,0.026843,1.7808857660274953,1.806535,0,True,B:41a86310-2cc1-48f9-b5b5-6b495a95fbac_17_33,D,True,terminal_success,valid_answer,,8985,96,0,0,0.009465,2.037841610959731,2.062853,15,False,D:41a86310-2cc1-48f9-b5b5-6b495a95fbac_17_33,E,False,terminal_success,valid_answer,,34303,118,0,0,0.034893,2.499525240971707,2.525669,15,True
41a86310-2cc1-48f9-b5b5-6b495a95fbac_4_25,41a86310-2cc1-48f9-b5b5-6b495a95fbac,reasoning/temporal/frequency,E,A:41a86310-2cc1-48f9-b5b5-6b495a95fbac_4_25,C,False,terminal_success,valid_answer,,26319,131,0,0,0.026973999999999998,1.9745518859708682,2.001028,0,True,B:41a86310-2cc1-48f9-b5b5-6b495a95fbac_4_25,C,False,terminal_success,valid_answer,,5825,92,0,0,0.006285000000000001,1.4762359999585897,1.501771,9,False,D:41a86310-2cc1-48f9-b5b5-6b495a95fbac_4_25,C,False,terminal_success,valid_answer,,31143,139,0,0,0.031838,2.5594967759680003,2.5854,9,True
41a86310-2cc1-48f9-b5b5-6b495a95fbac_6_27,41a86310-2cc1-48f9-b5b5-6b495a95fbac,reasoning/spatial/proximity,C,A:41a86310-2cc1-48f9-b5b5-6b495a95fbac_6_27,C,True,terminal_success,valid_answer,,26350,124,0,0,0.026969999999999997,1.7569270019885153,1.781819,0,True,B:41a86310-2cc1-48f9-b5b5-6b495a95fbac_6_27,B,False,terminal_success,valid_answer,,5853,103,0,0,0.0063679999999999995,1.5005988189950585,1.525942,9,False,D:41a86310-2cc1-48f9-b5b5-6b495a95fbac_6_27,E,False,terminal_success,valid_answer,,31171,101,0,0,0.031676,2.0047951439628378,2.030051,9,True
41a86310-2cc1-48f9-b5b5-6b495a95fbac_11_4,41a86310-2cc1-48f9-b5b5-6b495a95fbac,perception/information_retrieval/sequence_recall,A,A:41a86310-2cc1-48f9-b5b5-6b495a95fbac_11_4,D,False,terminal_success,valid_answer,,26305,128,0,0,0.026945,2.085667734965682,2.109772,0,True,B:41a86310-2cc1-48f9-b5b5-6b495a95fbac_11_4,A,True,terminal_success,valid_answer,,5811,101,0,0,0.006316,1.5927347319666296,1.617563,9,False,D:41a86310-2cc1-48f9-b5b5-6b495a95fbac_11_4,D,False,terminal_success,valid_answer,,31129,190,0,0,0.032079,3.1381712700240314,3.163543,9,True
41a86310-2cc1-48f9-b5b5-6b495a95fbac_17_21,41a86310-2cc1-48f9-b5b5-6b495a95fbac,perception/information_retrieval/factual_recall,A,A:41a86310-2cc1-48f9-b5b5-6b495a95fbac_17_21,B,False,terminal_success,valid_answer,,26262,100,0,0,0.026762,1.5876271689776331,1.615321,0,True,B:41a86310-2cc1-48f9-b5b5-6b495a95fbac_17_21,D,False,terminal_success,valid_answer,,4157,98,0,0,0.004647,2.0682757209287956,2.094876,6,False,D:41a86310-2cc1-48f9-b5b5-6b495a95fbac_17_21,B,False,terminal_success,valid_answer,,29475,118,0,0,0.030065,1.800975873018615,1.860335,6,True
41a86310-2cc1-48f9-b5b5-6b495a95fbac_7_39,41a86310-2cc1-48f9-b5b5-6b495a95fbac,reasoning/spatial/relationship,A,A:41a86310-2cc1-48f9-b5b5-6b495a95fbac_7_39,D,False,terminal_success,valid_answer,,26310,124,0,0,0.02693,2.0202079890295863,2.045969,0,True,B:41a86310-2cc1-48f9-b5b5-6b495a95fbac_7_39,D,False,terminal_success,valid_answer,,5278,104,0,0,0.005797999999999999,1.622551876003854,1.649567,8,False,D:41a86310-2cc1-48f9-b5b5-6b495a95fbac_7_39,D,False,terminal_success,valid_answer,,30596,93,0,0,0.031061000000000002,1.7975581149803475,1.824038,8,True
41a86310-2cc1-48f9-b5b5-6b495a95fbac_6_14,41a86310-2cc1-48f9-b5b5-6b495a95fbac,reasoning/spatial/proximity,A,A:41a86310-2cc1-48f9-b5b5-6b495a95fbac_6_14,C,False,terminal_success,valid_answer,,26348,110,0,0,0.026898,1.8434157279552892,1.870711,0,True,B:41a86310-2cc1-48f9-b5b5-6b495a95fbac_6_14,E,False,terminal_success,valid_answer,,5851,98,0,0,0.006341,1.905241871951148,1.932529,9,False,D:41a86310-2cc1-48f9-b5b5-6b495a95fbac_6_14,C,False,terminal_success,valid_answer,,31169,112,0,0,0.031729,2.264180980040692,2.291102,9,True
41a86310-2cc1-48f9-b5b5-6b495a95fbac_17_26,41a86310-2cc1-48f9-b5b5-6b495a95fbac,perception/information_retrieval/factual_recall,A,A:41a86310-2cc1-48f9-b5b5-6b495a95fbac_17_26,A,True,terminal_success,valid_answer,,26561,143,0,0,0.027276,2.331929480074905,2.357962,0,True,B:41a86310-2cc1-48f9-b5b5-6b495a95fbac_17_26,A,True,terminal_success,valid_answer,,7668,113,0,0,0.008233,2.1857608549762517,2.212641,12,False,D:41a86310-2cc1-48f9-b5b5-6b495a95fbac_17_26,A,True,terminal_success,valid_answer,,32986,104,0,0,0.033506,2.2306916770758107,2.255109,12,True
41a86310-2cc1-48f9-b5b5-6b495a95fbac_17_10,41a86310-2cc1-48f9-b5b5-6b495a95fbac,perception/information_retrieval/factual_recall,E,A:41a86310-2cc1-48f9-b5b5-6b495a95fbac_17_10,E,True,terminal_success,valid_answer,,26271,102,0,0,0.026781,1.4947949540801346,1.520914,0,True,B:41a86310-2cc1-48f9-b5b5-6b495a95fbac_17_10,C,False,terminal_success,valid_answer,,2559,80,0,0,0.0029590000000000003,1.3077418770408258,1.334936,3,False,D:41a86310-2cc1-48f9-b5b5-6b495a95fbac_17_10,E,True,terminal_success,valid_answer,,27877,100,0,0,0.028377,1.836461617029272,1.862071,3,True
41a86310-2cc1-48f9-b5b5-6b495a95fbac_17_23,41a86310-2cc1-48f9-b5b5-6b495a95fbac,perception/information_retrieval/factual_recall,A,A:41a86310-2cc1-48f9-b5b5-6b495a95fbac_17_23,A,True,terminal_success,valid_answer,,26820,138,0,0,0.02751,2.413873398094438,2.440894,0,True,B:41a86310-2cc1-48f9-b5b5-6b495a95fbac_17_23,A,True,terminal_success,valid_answer,,8999,144,0,0,0.009719,2.4743457989534363,2.500452,14,False,D:41a86310-2cc1-48f9-b5b5-6b495a95fbac_17_23,A,True,terminal_success,valid_answer,,34317,136,0,0,0.034997,2.7214332099538296,2.752351,14,True
41a86310-2cc1-48f9-b5b5-6b495a95fbac_11_31,41a86310-2cc1-48f9-b5b5-6b495a95fbac,perception/information_retrieval/sequence_recall,E,A:41a86310-2cc1-48f9-b5b5-6b495a95fbac_11_31,B,False,terminal_success,valid_answer,,26306,106,0,0,0.026836,1.6725516490405425,1.699597,0,True,B:41a86310-2cc1-48f9-b5b5-6b495a95fbac_11_31,B,False,terminal_success,valid_answer,,5276,97,0,0,0.0057610000000000005,1.839571757009253,1.866449,8,False,D:41a86310-2cc1-48f9-b5b5-6b495a95fbac_11_31,B,False,terminal_success,valid_answer,,30594,122,0,0,0.031204,2.82656821096316,2.852391,8,True
41a86310-2cc1-48f9-b5b5-6b495a95fbac_23_8,41a86310-2cc1-48f9-b5b5-6b495a95fbac,summarization/compare_and_contrast,B,A:41a86310-2cc1-48f9-b5b5-6b495a95fbac_23_8,A,False,terminal_success,valid_answer,,26437,118,0,0,0.027027,1.9742148810764775,1.999132,0,True,B:41a86310-2cc1-48f9-b5b5-6b495a95fbac_23_8,A,False,terminal_success,valid_answer,,5937,160,0,0,0.006737,2.663770926068537,2.690107,9,False,D:41a86310-2cc1-48f9-b5b5-6b495a95fbac_23_8,A,False,terminal_success,valid_answer,,31255,109,0,0,0.031799999999999995,2.264111569034867,2.290091,9,True
41a86310-2cc1-48f9-b5b5-6b495a95fbac_7_17,41a86310-2cc1-48f9-b5b5-6b495a95fbac,reasoning/spatial/relationship,E,A:41a86310-2cc1-48f9-b5b5-6b495a95fbac_7_17,C,False,terminal_success,valid_answer,,26313,104,0,0,0.026833,1.7222737630363554,1.753441,0,True,B:41a86310-2cc1-48f9-b5b5-6b495a95fbac_7_17,C,False,terminal_success,valid_answer,,5816,111,0,0,0.006371,1.9113950689788908,1.938069,9,False,D:41a86310-2cc1-48f9-b5b5-6b495a95fbac_7_17,C,False,terminal_success,valid_answer,,31134,94,0,0,0.031604,1.8557648400310427,1.882507,9,True
41a86310-2cc1-48f9-b5b5-6b495a95fbac_17_13,41a86310-2cc1-48f9-b5b5-6b495a95fbac,perception/information_retrieval/factual_recall,C,A:41a86310-2cc1-48f9-b5b5-6b495a95fbac_17_13,B,False,terminal_success,valid_answer,,26282,111,0,0,0.026837,1.8009628399740905,1.826314,0,True,B:41a86310-2cc1-48f9-b5b5-6b495a95fbac_17_13,B,False,terminal_success,valid_answer,,3108,86,0,0,0.003538,1.5539880350697786,1.579989,4,False,D:41a86310-2cc1-48f9-b5b5-6b495a95fbac_17_13,B,False,terminal_success,valid_answer,,28426,117,0,0,0.029011,2.1695978339994326,2.197527,4,True
41a86310-2cc1-48f9-b5b5-6b495a95fbac_17_38,41a86310-2cc1-48f9-b5b5-6b495a95fbac,perception/information_retrieval/factual_recall,C,A:41a86310-2cc1-48f9-b5b5-6b495a95fbac_17_38,A,False,terminal_success,valid_answer,,26278,137,0,0,0.026963,2.0858076710719615,2.112473,0,True,B:41a86310-2cc1-48f9-b5b5-6b495a95fbac_17_38,A,False,terminal_success,valid_answer,,2568,94,0,0,0.003038,1.4165239030262455,1.444001,3,False,D:41a86310-2cc1-48f9-b5b5-6b495a95fbac_17_38,A,False,terminal_success,valid_answer,,27886,154,0,0,0.028656,3.9909545009722933,4.018694,3,True
41a86310-2cc1-48f9-b5b5-6b495a95fbac_11_1,41a86310-2cc1-48f9-b5b5-6b495a95fbac,perception/information_retrieval/sequence_recall,D,A:41a86310-2cc1-48f9-b5b5-6b495a95fbac_11_1,E,False,terminal_success,valid_answer,,26301,107,0,0,0.026836000000000002,1.6379141819197685,1.664917,0,True,B:41a86310-2cc1-48f9-b5b5-6b495a95fbac_11_1,B,False,terminal_success,valid_answer,,3663,99,0,0,0.004158,1.4763280040351674,1.504639,5,False,D:41a86310-2cc1-48f9-b5b5-6b495a95fbac_11_1,B,False,terminal_success,valid_answer,,28981,131,0,0,0.029636,2.930951768066734,2.95858,5,True
db3f7933-dfa0-4678-9d4f-393b628ded45_7_21,db3f7933-dfa0-4678-9d4f-393b628ded45,reasoning/spatial/relationship,B,A:db3f7933-dfa0-4678-9d4f-393b628ded45_7_21,C,False,terminal_success,valid_answer,,17134,133,0,0,0.017799,4.3852694620145485,4.415425,0,True,B:db3f7933-dfa0-4678-9d4f-393b628ded45_7_21,C,False,terminal_success,valid_answer,,5819,100,0,0,0.006319,1.981358092976734,2.008532,9,False,D:db3f7933-dfa0-4678-9d4f-393b628ded45_7_21,A,False,terminal_success,valid_answer,,21951,85,0,0,0.022375999999999997,1.7883565239608288,1.815367,9,True
db3f7933-dfa0-4678-9d4f-393b628ded45_22_12,db3f7933-dfa0-4678-9d4f-393b628ded45,summarization/key_events_objects,D,A:db3f7933-dfa0-4678-9d4f-393b628ded45_22_12,D,True,terminal_success,valid_answer,,17209,142,0,0,0.017918999999999997,2.187593724927865,2.214335,0,True,B:db3f7933-dfa0-4678-9d4f-393b628ded45_22_12,D,True,terminal_success,valid_answer,,3755,114,0,0,0.004325,2.144221628084779,2.175364,5,False,D:db3f7933-dfa0-4678-9d4f-393b628ded45_22_12,D,True,terminal_success,valid_answer,,19887,121,0,0,0.020492,2.080247279955074,2.108289,5,True
db3f7933-dfa0-4678-9d4f-393b628ded45_7_6,db3f7933-dfa0-4678-9d4f-393b628ded45,reasoning/spatial/relationship,E,A:db3f7933-dfa0-4678-9d4f-393b628ded45_7_6,E,True,terminal_success,valid_answer,,17135,130,0,0,0.017785000000000002,2.1774630470899865,2.205665,0,True,B:db3f7933-dfa0-4678-9d4f-393b628ded45_7_6,C,False,terminal_success,valid_answer,,5284,99,0,0,0.005778999999999999,1.5551649080589414,1.583132,8,False,D:db3f7933-dfa0-4678-9d4f-393b628ded45_7_6,E,True,terminal_success,valid_answer,,21416,96,0,0,0.021896000000000002,1.6952982309740037,1.725688,8,True
db3f7933-dfa0-4678-9d4f-393b628ded45_8_4,db3f7933-dfa0-4678-9d4f-393b628ded45,reasoning/temporal/duration,E,A:db3f7933-dfa0-4678-9d4f-393b628ded45_8_4,E,True,terminal_success,valid_answer,,17132,181,0,0,0.018037,2.7106926849810407,2.738452,0,True,B:db3f7933-dfa0-4678-9d4f-393b628ded45_8_4,C,False,terminal_success,valid_answer,,4749,103,0,0,0.005264,1.2468484699493274,1.27448,7,False,D:db3f7933-dfa0-4678-9d4f-393b628ded45_8_4,E,True,terminal_success,valid_answer,,20881,109,0,0,0.021426,2.5169841619208455,2.543106,7,True
db3f7933-dfa0-4678-9d4f-393b628ded45_7_14,db3f7933-dfa0-4678-9d4f-393b628ded45,reasoning/spatial/relationship,C,A:db3f7933-dfa0-4678-9d4f-393b628ded45_7_14,E,False,terminal_success,valid_answer,,17149,121,0,0,0.017754000000000002,1.9787589549086988,2.005848,0,True,B:db3f7933-dfa0-4678-9d4f-393b628ded45_7_14,B,False,terminal_success,valid_answer,,9045,104,0,0,0.009564999999999999,1.9071930079953745,1.935162,15,False,D:db3f7933-dfa0-4678-9d4f-393b628ded45_7_14,A,False,terminal_success,valid_answer,,25177,95,0,0,0.025652,1.9864052619086578,2.013264,15,True
db3f7933-dfa0-4678-9d4f-393b628ded45_7_8,db3f7933-dfa0-4678-9d4f-393b628ded45,reasoning/spatial/relationship,D,A:db3f7933-dfa0-4678-9d4f-393b628ded45_7_8,A,False,terminal_success,valid_answer,,17130,123,0,0,0.017745,1.8536016290308908,1.880848,0,True,B:db3f7933-dfa0-4678-9d4f-393b628ded45_7_8,A,False,terminal_success,valid_answer,,9023,95,0,0,0.009498,1.645604963065125,1.673588,15,False,D:db3f7933-dfa0-4678-9d4f-393b628ded45_7_8,A,False,terminal_success,valid_answer,,25155,99,0,0,0.02565,2.872535428032279,2.900654,15,True
db3f7933-dfa0-4678-9d4f-393b628ded45_6_17,db3f7933-dfa0-4678-9d4f-393b628ded45,reasoning/spatial/proximity,D,A:db3f7933-dfa0-4678-9d4f-393b628ded45_6_17,A,False,terminal_success,valid_answer,,17150,132,0,0,0.01781,1.8765636489260942,1.903501,0,True,B:db3f7933-dfa0-4678-9d4f-393b628ded45_6_17,A,False,terminal_success,valid_answer,,8510,110,0,0,0.00906,2.0810554130002856,2.109856,14,False,D:db3f7933-dfa0-4678-9d4f-393b628ded45_6_17,A,False,terminal_success,valid_answer,,24642,100,0,0,0.025142,2.121504210983403,2.150073,14,True
db3f7933-dfa0-4678-9d4f-393b628ded45_17_1,db3f7933-dfa0-4678-9d4f-393b628ded45,perception/information_retrieval/factual_recall,D,A:db3f7933-dfa0-4678-9d4f-393b628ded45_17_1,D,True,terminal_success,valid_answer,,17077,101,0,0,0.017581999999999997,1.742677893023938,1.769564,0,True,B:db3f7933-dfa0-4678-9d4f-393b628ded45_17_1,D,True,terminal_success,valid_answer,,6841,98,0,0,0.007331,4.389545924030244,4.416861,11,False,D:db3f7933-dfa0-4678-9d4f-393b628ded45_17_1,D,True,terminal_success,valid_answer,,22973,89,0,0,0.023418,2.0824326060246676,2.110594,11,True
db3f7933-dfa0-4678-9d4f-393b628ded45_2_1,db3f7933-dfa0-4678-9d4f-393b628ded45,reasoning/counterfactual,E,A:db3f7933-dfa0-4678-9d4f-393b628ded45_2_1,A,False,terminal_success,valid_answer,,17185,121,0,0,0.01779,1.8097990889800712,1.839394,0,True,B:db3f7933-dfa0-4678-9d4f-393b628ded45_2_1,A,False,terminal_success,valid_answer,,5333,112,0,0,0.005893,1.628303092904389,1.656769,8,False,D:db3f7933-dfa0-4678-9d4f-393b628ded45_2_1,A,False,terminal_success,valid_answer,,21465,111,0,0,0.02202,1.7990151500562206,1.828133,8,True
db3f7933-dfa0-4678-9d4f-393b628ded45_7_28,db3f7933-dfa0-4678-9d4f-393b628ded45,reasoning/spatial/relationship,C,A:db3f7933-dfa0-4678-9d4f-393b628ded45_7_28,E,False,terminal_success,valid_answer,,17138,90,0,0,0.017588,1.4253503780346364,1.451892,0,True,B:db3f7933-dfa0-4678-9d4f-393b628ded45_7_28,C,True,terminal_success,valid_answer,,5286,117,0,0,0.0058709999999999995,1.9441563229775056,1.972187,8,False,D:db3f7933-dfa0-4678-9d4f-393b628ded45_7_28,C,True,terminal_success,valid_answer,,21418,87,0,0,0.021853,1.7655180239817128,1.793222,8,True
db3f7933-dfa0-4678-9d4f-393b628ded45_7_19,db3f7933-dfa0-4678-9d4f-393b628ded45,reasoning/spatial/relationship,E,A:db3f7933-dfa0-4678-9d4f-393b628ded45_7_19,D,False,terminal_success,valid_answer,,17140,107,0,0,0.017675,1.5456353310728446,1.574048,0,True,B:db3f7933-dfa0-4678-9d4f-393b628ded45_7_19,D,False,terminal_success,valid_answer,,9571,91,0,0,0.010026,2.0526028780732304,2.081754,16,False,D:db3f7933-dfa0-4678-9d4f-393b628ded45_7_19,D,False,terminal_success,valid_answer,,25703,91,0,0,0.026158,2.089579915977083,2.117373,16,True
db3f7933-dfa0-4678-9d4f-393b628ded45_6_7,db3f7933-dfa0-4678-9d4f-393b628ded45,reasoning/spatial/proximity,C,A:db3f7933-dfa0-4678-9d4f-393b628ded45_6_7,D,False,terminal_success,valid_answer,,17150,143,0,0,0.017865,2.119661459000781,2.147194,0,True,B:db3f7933-dfa0-4678-9d4f-393b628ded45_6_7,D,False,terminal_success,valid_answer,,9579,112,0,0,0.010139,2.169420354999602,2.196512,16,False,D:db3f7933-dfa0-4678-9d4f-393b628ded45_6_7,D,False,terminal_success,valid_answer,,25711,98,0,0,0.026201000000000002,1.9598602880723774,1.989326,16,True
db3f7933-dfa0-4678-9d4f-393b628ded45_21_27,db3f7933-dfa0-4678-9d4f-393b628ded45,summarization/temporal_sequencing,C,A:db3f7933-dfa0-4678-9d4f-393b628ded45_21_27,B,False,terminal_success,valid_answer,,17257,146,0,0,0.017987000000000003,2.409349893918261,2.438099,0,True,B:db3f7933-dfa0-4678-9d4f-393b628ded45_21_27,C,True,terminal_success,valid_answer,,7557,122,0,0,0.008167,2.173723547020927,2.206826,12,False,D:db3f7933-dfa0-4678-9d4f-393b628ded45_21_27,B,False,terminal_success,valid_answer,,23689,129,0,0,0.024334,2.567909078905359,2.595801,12,True
db3f7933-dfa0-4678-9d4f-393b628ded45_22_24,db3f7933-dfa0-4678-9d4f-393b628ded45,summarization/key_events_objects,E,A:db3f7933-dfa0-4678-9d4f-393b628ded45_22_24,E,True,terminal_success,valid_answer,,17207,142,0,0,0.017917,2.1548226649174467,2.183005,0,True,B:db3f7933-dfa0-4678-9d4f-393b628ded45_22_24,B,False,terminal_success,valid_answer,,7497,96,0,0,0.007977,1.308090041973628,1.338069,12,False,D:db3f7933-dfa0-4678-9d4f-393b628ded45_22_24,B,False,terminal_success,valid_answer,,23629,160,0,0,0.024429,2.414141646004282,2.442164,12,True
db3f7933-dfa0-4678-9d4f-393b628ded45_22_5,db3f7933-dfa0-4678-9d4f-393b628ded45,summarization/key_events_objects,B,A:db3f7933-dfa0-4678-9d4f-393b628ded45_22_5,D,False,terminal_success,valid_answer,,17232,142,0,0,0.017942,2.227681295014918,2.257905,0,True,B:db3f7933-dfa0-4678-9d4f-393b628ded45_22_5,C,False,terminal_success,valid_answer,,5915,132,0,0,0.006575,2.116101571940817,2.145477,9,False,D:db3f7933-dfa0-4678-9d4f-393b628ded45_22_5,D,False,terminal_success,valid_answer,,22047,126,0,0,0.022677,2.78121279401239,2.809681,9,True
db3f7933-dfa0-4678-9d4f-393b628ded45_17_13,db3f7933-dfa0-4678-9d4f-393b628ded45,perception/information_retrieval/factual_recall,E,A:db3f7933-dfa0-4678-9d4f-393b628ded45_17_13,E,True,terminal_success,valid_answer,,17081,106,0,0,0.017610999999999998,1.7072737739654258,1.735439,0,True,B:db3f7933-dfa0-4678-9d4f-393b628ded45_17_13,E,True,terminal_success,valid_answer,,2554,83,0,0,0.002969,1.5514179470483214,1.581345,3,False,D:db3f7933-dfa0-4678-9d4f-393b628ded45_17_13,E,True,terminal_success,valid_answer,,18686,91,0,0,0.019141000000000002,1.5202242330415174,1.548659,3,True
db3f7933-dfa0-4678-9d4f-393b628ded45_7_23,db3f7933-dfa0-4678-9d4f-393b628ded45,reasoning/spatial/relationship,E,A:db3f7933-dfa0-4678-9d4f-393b628ded45_7_23,E,True,terminal_success,valid_answer,,17137,129,0,0,0.017782,1.8378368660341948,1.864605,0,True,B:db3f7933-dfa0-4678-9d4f-393b628ded45_7_23,C,False,terminal_success,valid_answer,,7427,108,0,0,0.007967,2.1485814680345356,2.175702,12,False,D:db3f7933-dfa0-4678-9d4f-393b628ded45_7_23,B,False,terminal_success,valid_answer,,23559,89,0,0,0.024004,1.6806693460093811,1.708181,12,True
db3f7933-dfa0-4678-9d4f-393b628ded45_7_10,db3f7933-dfa0-4678-9d4f-393b628ded45,reasoning/spatial/relationship,D,A:db3f7933-dfa0-4678-9d4f-393b628ded45_7_10,A,False,terminal_success,valid_answer,,17128,95,0,0,0.017603,1.6840952020138502,1.712136,0,True,B:db3f7933-dfa0-4678-9d4f-393b628ded45_7_10,E,False,terminal_success,valid_answer,,4206,116,0,0,0.0047859999999999995,1.8389921829802915,1.868356,6,False,D:db3f7933-dfa0-4678-9d4f-393b628ded45_7_10,B,False,terminal_success,valid_answer,,20338,103,0,0,0.020853,2.0477342220256105,2.076751,6,True
db3f7933-dfa0-4678-9d4f-393b628ded45_6_25,db3f7933-dfa0-4678-9d4f-393b628ded45,reasoning/spatial/proximity,D,A:db3f7933-dfa0-4678-9d4f-393b628ded45_6_25,C,False,terminal_success,valid_answer,,17150,117,0,0,0.017734999999999997,1.6692666889866814,1.69745,0,True,B:db3f7933-dfa0-4678-9d4f-393b628ded45_6_25,A,False,terminal_success,valid_answer,,9580,103,0,0,0.010095,2.19939390104264,2.22818,16,False,D:db3f7933-dfa0-4678-9d4f-393b628ded45_6_25,C,False,terminal_success,valid_answer,,25712,112,0,0,0.026272,1.7994743039598688,1.826934,16,True
db3f7933-dfa0-4678-9d4f-393b628ded45_4_22,db3f7933-dfa0-4678-9d4f-393b628ded45,reasoning/temporal/frequency,A,A:db3f7933-dfa0-4678-9d4f-393b628ded45_4_22,A,True,terminal_success,valid_answer,,17137,151,0,0,0.017891999999999998,2.479841456981376,2.5083,0,True,B:db3f7933-dfa0-4678-9d4f-393b628ded45_4_22,A,True,terminal_success,valid_answer,,2611,116,0,0,0.0031910000000000003,1.897135908016935,1.925327,3,False,D:db3f7933-dfa0-4678-9d4f-393b628ded45_4_22,A,True,terminal_success,valid_answer,,18743,143,0,0,0.019458,2.4735588579205796,2.501556,3,True
db3f7933-dfa0-4678-9d4f-393b628ded45_17_29,db3f7933-dfa0-4678-9d4f-393b628ded45,perception/information_retrieval/factual_recall,B,A:db3f7933-dfa0-4678-9d4f-393b628ded45_17_29,E,False,terminal_success,valid_answer,,17082,119,0,0,0.017677,1.903645220096223,1.933386,0,True,B:db3f7933-dfa0-4678-9d4f-393b628ded45_17_29,B,True,terminal_success,valid_answer,,7373,87,0,0,0.007808,1.979552317992784,2.008159,12,False,D:db3f7933-dfa0-4678-9d4f-393b628ded45_17_29,E,False,terminal_success,valid_answer,,23505,137,0,0,0.024190000000000003,2.6582692080410197,2.686761,12,True
db3f7933-dfa0-4678-9d4f-393b628ded45_17_11,db3f7933-dfa0-4678-9d4f-393b628ded45,perception/information_retrieval/factual_recall,A,A:db3f7933-dfa0-4678-9d4f-393b628ded45_17_11,B,False,terminal_success,valid_answer,,17189,163,0,0,0.018004,2.275775089045055,2.303989,0,True,B:db3f7933-dfa0-4678-9d4f-393b628ded45_17_11,B,False,terminal_success,valid_answer,,5877,117,0,0,0.006462000000000001,2.3337404429912567,2.361482,9,False,D:db3f7933-dfa0-4678-9d4f-393b628ded45_17_11,B,False,terminal_success,valid_answer,,22009,154,0,0,0.022779,2.7495956160128117,2.778574,9,True
db3f7933-dfa0-4678-9d4f-393b628ded45_11_2,db3f7933-dfa0-4678-9d4f-393b628ded45,perception/information_retrieval/sequence_recall,E,A:db3f7933-dfa0-4678-9d4f-393b628ded45_11_2,D,False,terminal_success,valid_answer,,17105,116,0,0,0.017685,1.8937187229748815,1.921606,0,True,B:db3f7933-dfa0-4678-9d4f-393b628ded45_11_2,D,False,terminal_success,valid_answer,,5797,105,0,0,0.006322,1.9449550989083946,1.972989,9,False,D:db3f7933-dfa0-4678-9d4f-393b628ded45_11_2,D,False,terminal_success,valid_answer,,21929,135,0,0,0.022604,2.522102050948888,2.550093,9,True
db3f7933-dfa0-4678-9d4f-393b628ded45_12_15,db3f7933-dfa0-4678-9d4f-393b628ded45,perception/information_retrieval/temporal_distance,E,A:db3f7933-dfa0-4678-9d4f-393b628ded45_12_15,A,False,terminal_success,valid_answer,,17095,125,0,0,0.01772,1.9183943489333615,1.950423,0,True,B:db3f7933-dfa0-4678-9d4f-393b628ded45_12_15,B,False,terminal_success,valid_answer,,3640,104,0,0,0.00416,2.097192551009357,2.124741,5,False,D:db3f7933-dfa0-4678-9d4f-393b628ded45_12_15,B,False,terminal_success,valid_answer,,19772,109,0,0,0.020317,2.036015870049596,2.064598,5,True
db3f7933-dfa0-4678-9d4f-393b628ded45_20_1,db3f7933-dfa0-4678-9d4f-393b628ded45,reasoning/spatial/layout,A,A:db3f7933-dfa0-4678-9d4f-393b628ded45_20_1,A,True,terminal_success,valid_answer,,17248,106,0,0,0.017778,1.809921726002358,1.839246,0,True,B:db3f7933-dfa0-4678-9d4f-393b628ded45_20_1,D,False,terminal_success,valid_answer,,7005,107,0,0,0.00754,1.7619369929889217,1.791119,11,False,D:db3f7933-dfa0-4678-9d4f-393b628ded45_20_1,D,False,terminal_success,valid_answer,,23137,117,0,0,0.023722,2.3259741740766913,2.354301,11,True
7ddbf8a2-5b3e-44cd-b9dc-db17ec06831b_6_7,7ddbf8a2-5b3e-44cd-b9dc-db17ec06831b,reasoning/spatial/proximity,A,A:7ddbf8a2-5b3e-44cd-b9dc-db17ec06831b_6_7,E,False,terminal_success,valid_answer,,53776,113,0,0,0.054341,2.07568548200652,2.106527,0,True,B:7ddbf8a2-5b3e-44cd-b9dc-db17ec06831b_6_7,E,False,terminal_success,valid_answer,,5275,113,0,0,0.00584,1.7503222500672564,1.778419,8,False,D:7ddbf8a2-5b3e-44cd-b9dc-db17ec06831b_6_7,E,False,terminal_success,valid_answer,,58061,87,0,0,0.058496,2.1675059580011293,2.196876,8,True
7ddbf8a2-5b3e-44cd-b9dc-db17ec06831b_11_17,7ddbf8a2-5b3e-44cd-b9dc-db17ec06831b,perception/information_retrieval/sequence_recall,B,A:7ddbf8a2-5b3e-44cd-b9dc-db17ec06831b_11_17,D,False,terminal_success,valid_answer,,53780,120,0,0,0.054380000000000005,2.0600311890011653,2.089847,0,True,B:7ddbf8a2-5b3e-44cd-b9dc-db17ec06831b_11_17,B,True,terminal_success,valid_answer,,7958,124,0,0,0.008578,2.2860556020168588,2.316795,13,False,D:7ddbf8a2-5b3e-44cd-b9dc-db17ec06831b_11_17,D,False,terminal_success,valid_answer,,60744,121,0,0,0.061349,2.626071493024938,2.655223,13,True
7ddbf8a2-5b3e-44cd-b9dc-db17ec06831b_17_15,7ddbf8a2-5b3e-44cd-b9dc-db17ec06831b,perception/information_retrieval/factual_recall,C,A:7ddbf8a2-5b3e-44cd-b9dc-db17ec06831b_17_15,A,False,terminal_success,valid_answer,,53762,84,0,0,0.054181999999999994,1.481830467004329,1.510114,0,True,B:7ddbf8a2-5b3e-44cd-b9dc-db17ec06831b_17_15,A,False,terminal_success,valid_answer,,5796,103,0,0,0.006311,2.30231056897901,2.330258,9,False,D:7ddbf8a2-5b3e-44cd-b9dc-db17ec06831b_17_15,A,False,terminal_success,valid_answer,,58582,93,0,0,0.059047,2.2167694109957665,2.244986,9,True
7ddbf8a2-5b3e-44cd-b9dc-db17ec06831b_7_11,7ddbf8a2-5b3e-44cd-b9dc-db17ec06831b,reasoning/spatial/relationship,B,A:7ddbf8a2-5b3e-44cd-b9dc-db17ec06831b_7_11,E,False,terminal_success,valid_answer,,53792,135,0,0,0.054467,2.202421571011655,2.229562,0,True,B:7ddbf8a2-5b3e-44cd-b9dc-db17ec06831b_7_11,C,False,terminal_success,valid_answer,,9037,99,0,0,0.009532,2.718774220906198,2.745718,15,False,D:7ddbf8a2-5b3e-44cd-b9dc-db17ec06831b_7_11,E,False,terminal_success,valid_answer,,61823,147,0,0,0.062558,3.240373675012961,3.269601,15,True
7ddbf8a2-5b3e-44cd-b9dc-db17ec06831b_4_19,7ddbf8a2-5b3e-44cd-b9dc-db17ec06831b,reasoning/temporal/frequency,C,A:7ddbf8a2-5b3e-44cd-b9dc-db17ec06831b_4_19,B,False,terminal_success,valid_answer,,53825,111,0,0,0.05438,2.0240462250076234,2.051363,0,True,B:7ddbf8a2-5b3e-44cd-b9dc-db17ec06831b_4_19,B,False,terminal_success,valid_answer,,9605,113,0,0,0.01017,2.266609843936749,2.295377,16,False,D:7ddbf8a2-5b3e-44cd-b9dc-db17ec06831b_4_19,B,False,terminal_success,valid_answer,,62391,107,0,0,0.062926,2.542511721025221,2.571931,16,True
7ddbf8a2-5b3e-44cd-b9dc-db17ec06831b_8_13,7ddbf8a2-5b3e-44cd-b9dc-db17ec06831b,reasoning/temporal/duration,A,A:7ddbf8a2-5b3e-44cd-b9dc-db17ec06831b_8_13,A,True,terminal_success,valid_answer,,53808,138,0,0,0.054498000000000005,2.56191440904513,2.589483,0,True,B:7ddbf8a2-5b3e-44cd-b9dc-db17ec06831b_8_13,D,False,terminal_success,valid_answer,,5840,113,0,0,0.006404999999999999,1.519274319987744,1.547518,9,False,D:7ddbf8a2-5b3e-44cd-b9dc-db17ec06831b_8_13,D,False,terminal_success,valid_answer,,58626,156,0,0,0.059406,2.94781523803249,2.976104,9,True
7ddbf8a2-5b3e-44cd-b9dc-db17ec06831b_7_16,7ddbf8a2-5b3e-44cd-b9dc-db17ec06831b,reasoning/spatial/relationship,C,A:7ddbf8a2-5b3e-44cd-b9dc-db17ec06831b_7_16,D,False,terminal_success,valid_answer,,53799,118,0,0,0.054389,2.235797500004992,2.277691,0,True,B:7ddbf8a2-5b3e-44cd-b9dc-db17ec06831b_7_16,E,False,terminal_success,valid_answer,,9581,108,0,0,0.010121,2.2239201050251722,2.253104,16,False,D:7ddbf8a2-5b3e-44cd-b9dc-db17ec06831b_7_16,E,False,terminal_success,valid_answer,,62367,113,0,0,0.062932,2.5939610799541697,2.623633,16,True
7ddbf8a2-5b3e-44cd-b9dc-db17ec06831b_5_1,7ddbf8a2-5b3e-44cd-b9dc-db17ec06831b,reasoning/temporal/prerequisites,B,A:7ddbf8a2-5b3e-44cd-b9dc-db17ec06831b_5_1,E,False,terminal_success,valid_answer,,53884,119,0,0,0.054479,1.8684390230337158,1.896984,0,True,B:7ddbf8a2-5b3e-44cd-b9dc-db17ec06831b_5_1,E,False,terminal_success,valid_answer,,7530,115,0,0,0.008105000000000001,2.059077420970425,2.087665,12,False,D:7ddbf8a2-5b3e-44cd-b9dc-db17ec06831b_5_1,E,False,terminal_success,valid_answer,,60316,119,0,0,0.060911,2.5547777749598026,2.584243,12,True
7ddbf8a2-5b3e-44cd-b9dc-db17ec06831b_22_3,7ddbf8a2-5b3e-44cd-b9dc-db17ec06831b,summarization/key_events_objects,D,A:7ddbf8a2-5b3e-44cd-b9dc-db17ec06831b_22_3,D,True,terminal_success,valid_answer,,53926,112,0,0,0.054486,1.6592698770109564,1.687055,0,True,B:7ddbf8a2-5b3e-44cd-b9dc-db17ec06831b_22_3,C,False,terminal_success,valid_answer,,5961,118,0,0,0.006551,1.8026422440307215,1.833722,9,False,D:7ddbf8a2-5b3e-44cd-b9dc-db17ec06831b_22_3,D,True,terminal_success,valid_answer,,58747,114,0,0,0.059317,2.455267608980648,2.486831,9,True
7ddbf8a2-5b3e-44cd-b9dc-db17ec06831b_22_23,7ddbf8a2-5b3e-44cd-b9dc-db17ec06831b,summarization/key_events_objects,C,A:7ddbf8a2-5b3e-44cd-b9dc-db17ec06831b_22_23,C,True,terminal_success,valid_answer,,53877,132,0,0,0.054537,2.1299994729924947,2.158232,0,True,B:7ddbf8a2-5b3e-44cd-b9dc-db17ec06831b_22_23,C,True,terminal_success,valid_answer,,2696,125,0,0,0.003321,2.008518082089722,2.036096,3,False,D:7ddbf8a2-5b3e-44cd-b9dc-db17ec06831b_22_23,C,True,terminal_success,valid_answer,,55482,116,0,0,0.056061999999999994,2.105688024079427,2.134677,3,True
7ddbf8a2-5b3e-44cd-b9dc-db17ec06831b_8_25,7ddbf8a2-5b3e-44cd-b9dc-db17ec06831b,reasoning/temporal/duration,E,A:7ddbf8a2-5b3e-44cd-b9dc-db17ec06831b_8_25,A,False,terminal_success,valid_answer,,53771,108,0,0,0.054311,1.851267873076722,1.878935,0,True,B:7ddbf8a2-5b3e-44cd-b9dc-db17ec06831b_8_25,D,False,terminal_success,valid_answer,,5808,99,0,0,0.006303,2.4117788550211117,2.44013,9,False,D:7ddbf8a2-5b3e-44cd-b9dc-db17ec06831b_8_25,A,False,terminal_success,valid_answer,,58594,125,0,0,0.059219,3.2242696390021592,3.252648,9,True
7ddbf8a2-5b3e-44cd-b9dc-db17ec06831b_5_22,7ddbf8a2-5b3e-44cd-b9dc-db17ec06831b,reasoning/temporal/prerequisites,A,A:7ddbf8a2-5b3e-44cd-b9dc-db17ec06831b_5_22,C,False,terminal_success,valid_answer,,53836,121,0,0,0.054441,1.8130928019527346,1.843226,0,True,B:7ddbf8a2-5b3e-44cd-b9dc-db17ec06831b_5_22,A,True,terminal_success,valid_answer,,9616,91,0,0,0.010071,1.783644445007667,1.813738,16,False,D:7ddbf8a2-5b3e-44cd-b9dc-db17ec06831b_5_22,C,False,terminal_success,valid_answer,,62402,146,0,0,0.063132,3.097668707021512,3.127833,16,True
7ddbf8a2-5b3e-44cd-b9dc-db17ec06831b_6_8,7ddbf8a2-5b3e-44cd-b9dc-db17ec06831b,reasoning/spatial/proximity,E,A:7ddbf8a2-5b3e-44cd-b9dc-db17ec06831b_6_8,C,False,terminal_success,valid_answer,,53778,112,0,0,0.054338,1.927442749030888,1.95616,0,True,B:7ddbf8a2-5b3e-44cd-b9dc-db17ec06831b_6_8,C,False,terminal_success,valid_answer,,8491,125,0,0,0.009116,2.1915868939831853,2.21968,14,False,D:7ddbf8a2-5b3e-44cd-b9dc-db17ec06831b_6_8,A,False,terminal_success,valid_answer,,61277,98,0,0,0.061766999999999996,2.4404264430049807,2.504339,14,True
7ddbf8a2-5b3e-44cd-b9dc-db17ec06831b_7_5,7ddbf8a2-5b3e-44cd-b9dc-db17ec06831b,reasoning/spatial/relationship,D,A:7ddbf8a2-5b3e-44cd-b9dc-db17ec06831b_7_5,E,False,terminal_success,valid_answer,,53791,95,0,0,0.054266,1.6087685780366883,1.63727,0,True,B:7ddbf8a2-5b3e-44cd-b9dc-db17ec06831b_7_5,E,False,terminal_success,valid_answer,,3684,101,0,0,0.004189,1.5138160050846636,1.542716,5,False,D:7ddbf8a2-5b3e-44cd-b9dc-db17ec06831b_7_5,E,False,terminal_success,valid_answer,,56470,113,0,0,0.057035,2.2380756438942626,2.266806,5,True
7ddbf8a2-5b3e-44cd-b9dc-db17ec06831b_4_2,7ddbf8a2-5b3e-44cd-b9dc-db17ec06831b,reasoning/temporal/frequency,D,A:7ddbf8a2-5b3e-44cd-b9dc-db17ec06831b_4_2,C,False,terminal_success,valid_answer,,53815,103,0,0,0.05433,1.4791062219301239,1.508313,0,True,B:7ddbf8a2-5b3e-44cd-b9dc-db17ec06831b_4_2,E,False,terminal_success,valid_answer,,5844,108,0,0,0.006384,1.7846238010097295,1.815424,9,False,D:7ddbf8a2-5b3e-44cd-b9dc-db17ec06831b_4_2,D,True,terminal_success,valid_answer,,58630,110,0,0,0.05918,2.3904231410706416,2.419401,9,True
7ddbf8a2-5b3e-44cd-b9dc-db17ec06831b_4_24,7ddbf8a2-5b3e-44cd-b9dc-db17ec06831b,reasoning/temporal/frequency,B,A:7ddbf8a2-5b3e-44cd-b9dc-db17ec06831b_4_24,E,False,terminal_success,valid_answer,,53806,99,0,0,0.054301,1.9757771840086207,2.007289,0,True,B:7ddbf8a2-5b3e-44cd-b9dc-db17ec06831b_4_24,B,True,terminal_success,valid_answer,,5843,122,0,0,0.006453,2.0843118249904364,2.114661,9,False,D:7ddbf8a2-5b3e-44cd-b9dc-db17ec06831b_4_24,E,False,terminal_success,valid_answer,,58629,96,0,0,0.059109,2.0952570780646056,2.12509,9,True
7ddbf8a2-5b3e-44cd-b9dc-db17ec06831b_11_14,7ddbf8a2-5b3e-44cd-b9dc-db17ec06831b,perception/information_retrieval/sequence_recall,E,A:7ddbf8a2-5b3e-44cd-b9dc-db17ec06831b_11_14,A,False,terminal_success,valid_answer,,54057,139,0,0,0.054752,2.2395449089817703,2.27135,0,True,B:7ddbf8a2-5b3e-44cd-b9dc-db17ec06831b_11_14,A,False,terminal_success,valid_answer,,9847,161,0,0,0.010652,2.7907771059544757,2.822975,16,False,D:7ddbf8a2-5b3e-44cd-b9dc-db17ec06831b_11_14,A,False,terminal_success,valid_answer,,62633,154,0,0,0.063403,3.223663615062833,3.255603,16,True
7ddbf8a2-5b3e-44cd-b9dc-db17ec06831b_7_21,7ddbf8a2-5b3e-44cd-b9dc-db17ec06831b,reasoning/spatial/relationship,E,A:7ddbf8a2-5b3e-44cd-b9dc-db17ec06831b_7_21,E,True,terminal_success,valid_answer,,53799,128,0,0,0.054439,2.1330538110341877,2.163822,0,True,B:7ddbf8a2-5b3e-44cd-b9dc-db17ec06831b_7_21,B,False,terminal_success,valid_answer,,9045,99,0,0,0.00954,1.908515585004352,1.939795,15,False,D:7ddbf8a2-5b3e-44cd-b9dc-db17ec06831b_7_21,B,False,terminal_success,valid_answer,,61831,91,0,0,0.062285999999999994,1.8108718510484323,1.841147,15,True
7ddbf8a2-5b3e-44cd-b9dc-db17ec06831b_7_4,7ddbf8a2-5b3e-44cd-b9dc-db17ec06831b,reasoning/spatial/relationship,D,A:7ddbf8a2-5b3e-44cd-b9dc-db17ec06831b_7_4,C,False,terminal_success,valid_answer,,53787,116,0,0,0.054367,2.248707392020151,2.283015,0,True,B:7ddbf8a2-5b3e-44cd-b9dc-db17ec06831b_7_4,D,True,terminal_success,valid_answer,,9572,90,0,0,0.010022000000000001,1.5936359909828752,1.624405,16,False,D:7ddbf8a2-5b3e-44cd-b9dc-db17ec06831b_7_4,D,True,terminal_success,valid_answer,,62358,100,0,0,0.062858,2.557318340986967,2.587114,16,True
7ddbf8a2-5b3e-44cd-b9dc-db17ec06831b_8_18,7ddbf8a2-5b3e-44cd-b9dc-db17ec06831b,reasoning/temporal/duration,A,A:7ddbf8a2-5b3e-44cd-b9dc-db17ec06831b_8_18,C,False,terminal_success,valid_answer,,53815,149,0,0,0.054560000000000004,2.545916368952021,2.577612,0,True,B:7ddbf8a2-5b3e-44cd-b9dc-db17ec06831b_8_18,D,False,terminal_success,valid_answer,,5847,125,0,0,0.0064719999999999995,2.847838178044185,2.877284,9,False,D:7ddbf8a2-5b3e-44cd-b9dc-db17ec06831b_8_18,C,False,terminal_success,valid_answer,,58633,116,0,0,0.059212999999999995,2.2458729159552604,2.277774,9,True
7ddbf8a2-5b3e-44cd-b9dc-db17ec06831b_8_20,7ddbf8a2-5b3e-44cd-b9dc-db17ec06831b,reasoning/temporal/duration,A,A:7ddbf8a2-5b3e-44cd-b9dc-db17ec06831b_8_20,D,False,terminal_success,valid_answer,,53838,95,0,0,0.054313,1.6997215029550716,1.729381,0,True,B:7ddbf8a2-5b3e-44cd-b9dc-db17ec06831b_8_20,B,False,terminal_success,valid_answer,,5871,118,0,0,0.006461000000000001,2.1642238759668544,2.195517,9,False,D:7ddbf8a2-5b3e-44cd-b9dc-db17ec06831b_8_20,D,False,terminal_success,valid_answer,,58657,98,0,0,0.059147,1.5903419599635527,1.621888,9,True
7ddbf8a2-5b3e-44cd-b9dc-db17ec06831b_4_9,7ddbf8a2-5b3e-44cd-b9dc-db17ec06831b,reasoning/temporal/frequency,C,A:7ddbf8a2-5b3e-44cd-b9dc-db17ec06831b_4_9,D,False,terminal_success,valid_answer,,53789,97,0,0,0.054273999999999996,1.770062980009243,1.802523,0,True,B:7ddbf8a2-5b3e-44cd-b9dc-db17ec06831b_4_9,D,False,terminal_success,valid_answer,,5821,93,0,0,0.006286,1.9488151780096814,1.982483,9,False,D:7ddbf8a2-5b3e-44cd-b9dc-db17ec06831b_4_9,D,False,terminal_success,valid_answer,,58607,139,0,0,0.059302,3.2328818949172273,3.271231,9,True
7ddbf8a2-5b3e-44cd-b9dc-db17ec06831b_17_6,7ddbf8a2-5b3e-44cd-b9dc-db17ec06831b,perception/information_retrieval/factual_recall,E,A:7ddbf8a2-5b3e-44cd-b9dc-db17ec06831b_17_6,D,False,terminal_success,valid_answer,,53733,120,0,0,0.054333000000000006,2.027461212943308,2.05925,0,True,B:7ddbf8a2-5b3e-44cd-b9dc-db17ec06831b_17_6,E,True,terminal_success,valid_answer,,5771,101,0,0,0.006276,1.8967289789579809,1.929008,9,False,D:7ddbf8a2-5b3e-44cd-b9dc-db17ec06831b_17_6,D,False,terminal_success,valid_answer,,58557,111,0,0,0.059112,2.279726298060268,2.312482,9,True
7ddbf8a2-5b3e-44cd-b9dc-db17ec06831b_8_10,7ddbf8a2-5b3e-44cd-b9dc-db17ec06831b,reasoning/temporal/duration,E,A:7ddbf8a2-5b3e-44cd-b9dc-db17ec06831b_8_10,E,True,terminal_success,valid_answer,,53842,210,0,0,0.054892,3.236742443055846,3.269469,0,True,B:7ddbf8a2-5b3e-44cd-b9dc-db17ec06831b_8_10,B,False,terminal_success,valid_answer,,5875,126,0,0,0.006505,2.2776198521023616,2.308688,9,False,D:7ddbf8a2-5b3e-44cd-b9dc-db17ec06831b_8_10,E,True,terminal_success,valid_answer,,58661,143,0,0,0.059376,2.367031931062229,2.400093,9,True
7ddbf8a2-5b3e-44cd-b9dc-db17ec06831b_11_12,7ddbf8a2-5b3e-44cd-b9dc-db17ec06831b,perception/information_retrieval/sequence_recall,D,A:7ddbf8a2-5b3e-44cd-b9dc-db17ec06831b_11_12,C,False,terminal_success,valid_answer,,53767,146,0,0,0.054497000000000004,2.4709289439488202,2.503335,0,True,B:7ddbf8a2-5b3e-44cd-b9dc-db17ec06831b_11_12,D,True,terminal_success,valid_answer,,5269,101,0,0,0.0057740000000000005,1.3939980280119926,1.426629,8,False,D:7ddbf8a2-5b3e-44cd-b9dc-db17ec06831b_11_12,C,False,terminal_success,valid_answer,,58055,163,0,0,0.058870000000000006,2.970785705023445,3.014378,8,True
819c8af7-851f-434f-ab32-318285bc54b1_17_29,819c8af7-851f-434f-ab32-318285bc54b1,perception/information_retrieval/factual_recall,D,A:819c8af7-851f-434f-ab32-318285bc54b1_17_29,D,True,terminal_success,valid_answer,,18034,111,0,0,0.018589,1.958212852012366,1.988241,0,True,B:819c8af7-851f-434f-ab32-318285bc54b1_17_29,E,False,terminal_success,valid_answer,,4183,128,0,0,0.004823,2.0826822640374303,2.118681,6,False,D:819c8af7-851f-434f-ab32-318285bc54b1_17_29,D,True,terminal_success,valid_answer,,21247,126,0,0,0.021876999999999997,2.46348699205555,2.494466,6,True
819c8af7-851f-434f-ab32-318285bc54b1_3_13,819c8af7-851f-434f-ab32-318285bc54b1,reasoning/predictive,D,A:819c8af7-851f-434f-ab32-318285bc54b1_3_13,E,False,terminal_success,valid_answer,,18162,129,0,0,0.018807,2.0170156770618632,2.049095,0,True,B:819c8af7-851f-434f-ab32-318285bc54b1_3_13,D,True,terminal_success,valid_answer,,4314,103,0,0,0.004829,1.523069372982718,1.554916,6,False,D:819c8af7-851f-434f-ab32-318285bc54b1_3_13,D,True,terminal_success,valid_answer,,21378,203,0,0,0.022393,3.8377413710113615,3.870438,6,True
819c8af7-851f-434f-ab32-318285bc54b1_8_27,819c8af7-851f-434f-ab32-318285bc54b1,reasoning/temporal/duration,D,A:819c8af7-851f-434f-ab32-318285bc54b1_8_27,D,True,terminal_success,valid_answer,,18102,495,0,0,0.020577,6.252375992015004,6.284841,0,True,B:819c8af7-851f-434f-ab32-318285bc54b1_8_27,D,True,terminal_success,valid_answer,,5323,106,0,0,0.005853,1.90621506201569,1.93745,8,False,D:819c8af7-851f-434f-ab32-318285bc54b1_8_27,D,True,terminal_success,valid_answer,,22387,167,0,0,0.023222,4.539909952902235,4.574325,8,True
819c8af7-851f-434f-ab32-318285bc54b1_4_30,819c8af7-851f-434f-ab32-318285bc54b1,reasoning/temporal/frequency,E,A:819c8af7-851f-434f-ab32-318285bc54b1_4_30,B,False,terminal_success,valid_answer,,18112,157,0,0,0.018897,2.198739420971833,2.229622,0,True,B:819c8af7-851f-434f-ab32-318285bc54b1_4_30,E,True,terminal_success,valid_answer,,5866,118,0,0,0.006456,2.360257630003616,2.39239,9,False,D:819c8af7-851f-434f-ab32-318285bc54b1_4_30,E,True,terminal_success,valid_answer,,22930,107,0,0,0.023465,2.2434478979557753,2.273358,9,True
819c8af7-851f-434f-ab32-318285bc54b1_7_21,819c8af7-851f-434f-ab32-318285bc54b1,reasoning/spatial/relationship,E,A:819c8af7-851f-434f-ab32-318285bc54b1_7_21,A,False,terminal_success,valid_answer,,18082,117,0,0,0.018667,1.930125851999037,1.962781,0,True,B:819c8af7-851f-434f-ab32-318285bc54b1_7_21,E,True,terminal_success,valid_answer,,9586,108,0,0,0.010126000000000001,3.041758095030673,3.073523,16,False,D:819c8af7-851f-434f-ab32-318285bc54b1_7_21,B,False,terminal_success,valid_answer,,26650,102,0,0,0.02716,2.2583819029387087,2.289078,16,True
819c8af7-851f-434f-ab32-318285bc54b1_7_17,819c8af7-851f-434f-ab32-318285bc54b1,reasoning/spatial/relationship,D,A:819c8af7-851f-434f-ab32-318285bc54b1_7_17,C,False,terminal_success,valid_answer,,18086,131,0,0,0.018741,2.249642602982931,2.282135,0,True,B:819c8af7-851f-434f-ab32-318285bc54b1_7_17,C,False,terminal_success,valid_answer,,8523,107,0,0,0.009058,2.1666335499612615,2.199754,14,False,D:819c8af7-851f-434f-ab32-318285bc54b1_7_17,C,False,terminal_success,valid_answer,,25587,114,0,0,0.026157,2.9587051150156185,2.991777,14,True
819c8af7-851f-434f-ab32-318285bc54b1_5_28,819c8af7-851f-434f-ab32-318285bc54b1,reasoning/temporal/prerequisites,B,A:819c8af7-851f-434f-ab32-318285bc54b1_5_28,D,False,terminal_success,valid_answer,,18084,113,0,0,0.018649,1.7002437449991703,1.733591,0,True,B:819c8af7-851f-434f-ab32-318285bc54b1_5_28,B,True,terminal_success,valid_answer,,5839,103,0,0,0.006353999999999999,1.8941294050309807,1.926582,9,False,D:819c8af7-851f-434f-ab32-318285bc54b1_5_28,D,False,terminal_success,valid_answer,,22903,146,0,0,0.023633,2.450846361927688,2.482784,9,True
819c8af7-851f-434f-ab32-318285bc54b1_23_5,819c8af7-851f-434f-ab32-318285bc54b1,summarization/compare_and_contrast,D,A:819c8af7-851f-434f-ab32-318285bc54b1_23_5,D,True,terminal_success,valid_answer,,18158,182,0,0,0.019068,13.249214880983345,13.282476,0,True,B:819c8af7-851f-434f-ab32-318285bc54b1_23_5,B,False,terminal_success,valid_answer,,5913,113,0,0,0.006477999999999999,2.305202831979841,2.336896,9,False,D:819c8af7-851f-434f-ab32-318285bc54b1_23_5,D,True,terminal_success,valid_answer,,22977,124,0,0,0.023597,2.395581541932188,2.427936,9,True
819c8af7-851f-434f-ab32-318285bc54b1_5_25,819c8af7-851f-434f-ab32-318285bc54b1,reasoning/temporal/prerequisites,D,A:819c8af7-851f-434f-ab32-318285bc54b1_5_25,D,True,terminal_success,valid_answer,,18124,148,0,0,0.018864000000000002,2.091300908010453,2.121924,0,True,B:819c8af7-851f-434f-ab32-318285bc54b1_5_25,D,True,terminal_success,valid_answer,,5880,92,0,0,0.00634,1.8186366490554065,1.849362,9,False,D:819c8af7-851f-434f-ab32-318285bc54b1_5_25,D,True,terminal_success,valid_answer,,22944,181,0,0,0.023849,2.9323136300081387,2.963807,9,True
819c8af7-851f-434f-ab32-318285bc54b1_17_20,819c8af7-851f-434f-ab32-318285bc54b1,perception/information_retrieval/factual_recall,C,A:819c8af7-851f-434f-ab32-318285bc54b1_17_20,C,True,terminal_success,valid_answer,,18023,124,0,0,0.018643,2.326578672043979,2.357968,0,True,B:819c8af7-851f-434f-ab32-318285bc54b1_17_20,C,True,terminal_success,valid_answer,,5247,92,0,0,0.005707,1.3837082030950114,1.414214,8,False,D:819c8af7-851f-434f-ab32-318285bc54b1_17_20,C,True,terminal_success,valid_answer,,22311,106,0,0,0.022841,2.304238334065303,2.334003,8,True
819c8af7-851f-434f-ab32-318285bc54b1_17_22,819c8af7-851f-434f-ab32-318285bc54b1,perception/information_retrieval/factual_recall,D,A:819c8af7-851f-434f-ab32-318285bc54b1_17_22,C,False,terminal_success,valid_answer,,18018,109,0,0,0.018563,1.814879197976552,1.845739,0,True,B:819c8af7-851f-434f-ab32-318285bc54b1_17_22,D,True,terminal_success,valid_answer,,3634,106,0,0,0.004164,2.0421688829082996,2.075365,5,False,D:819c8af7-851f-434f-ab32-318285bc54b1_17_22,C,False,terminal_success,valid_answer,,20698,120,0,0,0.021298,2.421667666058056,2.459949,5,True
819c8af7-851f-434f-ab32-318285bc54b1_5_11,819c8af7-851f-434f-ab32-318285bc54b1,reasoning/temporal/prerequisites,E,A:819c8af7-851f-434f-ab32-318285bc54b1_5_11,E,True,terminal_success,valid_answer,,18142,171,0,0,0.018997,2.322788967983797,2.354874,0,True,B:819c8af7-851f-434f-ab32-318285bc54b1_5_11,E,True,terminal_success,valid_answer,,5358,100,0,0,0.005858,1.9023220860399306,1.933393,8,False,D:819c8af7-851f-434f-ab32-318285bc54b1_5_11,E,True,terminal_success,valid_answer,,22422,179,0,0,0.023317,2.8432074390584603,2.875458,8,True
819c8af7-851f-434f-ab32-318285bc54b1_4_4,819c8af7-851f-434f-ab32-318285bc54b1,reasoning/temporal/frequency,A,A:819c8af7-851f-434f-ab32-318285bc54b1_4_4,D,False,terminal_success,valid_answer,,18072,117,0,0,0.018657,2.0776870360132307,2.109361,0,True,B:819c8af7-851f-434f-ab32-318285bc54b1_4_4,A,True,terminal_success,valid_answer,,5823,133,0,0,0.006488,2.8171458509750664,2.850999,9,False,D:819c8af7-851f-434f-ab32-318285bc54b1_4_4,D,False,terminal_success,valid_answer,,22887,105,0,0,0.023412000000000002,2.2202750699361786,2.25165,9,True
819c8af7-851f-434f-ab32-318285bc54b1_8_1,819c8af7-851f-434f-ab32-318285bc54b1,reasoning/temporal/duration,E,A:819c8af7-851f-434f-ab32-318285bc54b1_8_1,E,True,terminal_success,valid_answer,,18079,137,0,0,0.018764000000000003,2.101603899965994,2.134738,0,True,B:819c8af7-851f-434f-ab32-318285bc54b1_8_1,E,True,terminal_success,valid_answer,,5834,101,0,0,0.006339,4.221791545976885,4.252785,9,False,D:819c8af7-851f-434f-ab32-318285bc54b1_8_1,E,True,terminal_success,valid_answer,,22898,146,0,0,0.023628000000000003,2.8409544470487162,2.873165,9,True
819c8af7-851f-434f-ab32-318285bc54b1_18_6,819c8af7-851f-434f-ab32-318285bc54b1,perception/tracking,A,A:819c8af7-851f-434f-ab32-318285bc54b1_18_6,B,False,terminal_success,valid_answer,,18035,114,0,0,0.018605,2.2923784980084747,2.323997,0,True,B:819c8af7-851f-434f-ab32-318285bc54b1_18_6,E,False,terminal_success,valid_answer,,9005,129,0,0,0.00965,2.4926858260296285,2.526029,15,False,D:819c8af7-851f-434f-ab32-318285bc54b1_18_6,B,False,terminal_success,valid_answer,,26069,132,0,0,0.026729,2.965680739027448,2.995634,15,True
819c8af7-851f-434f-ab32-318285bc54b1_4_19,819c8af7-851f-434f-ab32-318285bc54b1,reasoning/temporal/frequency,D,A:819c8af7-851f-434f-ab32-318285bc54b1_4_19,C,False,terminal_success,valid_answer,,18101,124,0,0,0.018720999999999998,2.203840770991519,2.23713,0,True,B:819c8af7-851f-434f-ab32-318285bc54b1_4_19,D,True,terminal_success,valid_answer,,7457,139,0,0,0.008152,2.3465050410013646,2.378138,12,False,D:819c8af7-851f-434f-ab32-318285bc54b1_4_19,C,False,terminal_success,valid_answer,,24521,115,0,0,0.025096,2.5858690129825845,2.620342,12,True
819c8af7-851f-434f-ab32-318285bc54b1_4_23,819c8af7-851f-434f-ab32-318285bc54b1,reasoning/temporal/frequency,D,A:819c8af7-851f-434f-ab32-318285bc54b1_4_23,B,False,terminal_success,valid_answer,,18072,118,0,0,0.018662,1.7080309119774029,1.741413,0,True,B:819c8af7-851f-434f-ab32-318285bc54b1_4_23,C,False,terminal_success,valid_answer,,5826,104,0,0,0.006345999999999999,2.070173496962525,2.102889,9,False,D:819c8af7-851f-434f-ab32-318285bc54b1_4_23,B,False,terminal_success,valid_answer,,22890,128,0,0,0.023530000000000002,2.3975158920511603,2.430412,9,True
819c8af7-851f-434f-ab32-318285bc54b1_12_7,819c8af7-851f-434f-ab32-318285bc54b1,perception/information_retrieval/temporal_distance,E,A:819c8af7-851f-434f-ab32-318285bc54b1_12_7,A,False,terminal_success,valid_answer,,18036,164,0,0,0.018856,2.6491361319785938,2.68211,0,True,B:819c8af7-851f-434f-ab32-318285bc54b1_12_7,B,False,terminal_success,valid_answer,,5255,98,0,0,0.005745,1.9503986409399658,1.982777,8,False,D:819c8af7-851f-434f-ab32-318285bc54b1_12_7,B,False,terminal_success,valid_answer,,22319,117,0,0,0.022903999999999997,2.216313348035328,2.249002,8,True
819c8af7-851f-434f-ab32-318285bc54b1_4_10,819c8af7-851f-434f-ab32-318285bc54b1,reasoning/temporal/frequency,E,A:819c8af7-851f-434f-ab32-318285bc54b1_4_10,B,False,terminal_success,valid_answer,,18071,131,0,0,0.018726,1.8740213559940457,1.908011,0,True,B:819c8af7-851f-434f-ab32-318285bc54b1_4_10,B,False,terminal_success,valid_answer,,5822,111,0,0,0.006377,1.5469385830219835,1.57875,9,False,D:819c8af7-851f-434f-ab32-318285bc54b1_4_10,B,False,terminal_success,valid_answer,,22886,121,0,0,0.023491,2.306661067996174,2.339619,9,True
819c8af7-851f-434f-ab32-318285bc54b1_11_14,819c8af7-851f-434f-ab32-318285bc54b1,perception/information_retrieval/sequence_recall,D,A:819c8af7-851f-434f-ab32-318285bc54b1_11_14,A,False,terminal_success,valid_answer,,18113,141,0,0,0.018818,2.3110843179747462,2.343447,0,True,B:819c8af7-851f-434f-ab32-318285bc54b1_11_14,C,False,terminal_success,valid_answer,,5867,108,0,0,0.0064069999999999995,1.6061906630638987,1.642157,9,False,D:819c8af7-851f-434f-ab32-318285bc54b1_11_14,C,False,terminal_success,valid_answer,,22931,146,0,0,0.023661,3.675910555990413,3.707392,9,True
819c8af7-851f-434f-ab32-318285bc54b1_3_12,819c8af7-851f-434f-ab32-318285bc54b1,reasoning/predictive,E,A:819c8af7-851f-434f-ab32-318285bc54b1_3_12,A,False,terminal_success,valid_answer,,18131,130,0,0,0.018781000000000003,1.9880610520485789,2.024839,0,True,B:819c8af7-851f-434f-ab32-318285bc54b1_3_12,E,True,terminal_success,valid_answer,,4283,86,0,0,0.004713,1.5804360460024327,1.648947,6,False,D:819c8af7-851f-434f-ab32-318285bc54b1_3_12,A,False,terminal_success,valid_answer,,21347,125,0,0,0.021972000000000002,2.6333407489582896,2.665669,6,True
819c8af7-851f-434f-ab32-318285bc54b1_11_24,819c8af7-851f-434f-ab32-318285bc54b1,perception/information_retrieval/sequence_recall,C,A:819c8af7-851f-434f-ab32-318285bc54b1_11_24,C,True,terminal_success,valid_answer,,18053,140,0,0,0.018753,2.156199741992168,2.186909,0,True,B:819c8af7-851f-434f-ab32-318285bc54b1_11_24,B,False,terminal_success,valid_answer,,5804,97,0,0,0.006289,1.9224310719873756,1.954193,9,False,D:819c8af7-851f-434f-ab32-318285bc54b1_11_24,C,True,terminal_success,valid_answer,,22868,132,0,0,0.023528,2.4787822470534593,2.51187,9,True
819c8af7-851f-434f-ab32-318285bc54b1_4_2,819c8af7-851f-434f-ab32-318285bc54b1,reasoning/temporal/frequency,D,A:819c8af7-851f-434f-ab32-318285bc54b1_4_2,D,True,terminal_success,valid_answer,,18059,123,0,0,0.018674,1.7004181790398434,1.733847,0,True,B:819c8af7-851f-434f-ab32-318285bc54b1_4_2,D,True,terminal_success,valid_answer,,3671,103,0,0,0.004186,1.9723350530257449,2.004577,5,False,D:819c8af7-851f-434f-ab32-318285bc54b1_4_2,D,True,terminal_success,valid_answer,,20735,102,0,0,0.021245,2.0483970959903672,2.082185,5,True
819c8af7-851f-434f-ab32-318285bc54b1_17_26,819c8af7-851f-434f-ab32-318285bc54b1,perception/information_retrieval/factual_recall,D,A:819c8af7-851f-434f-ab32-318285bc54b1_17_26,C,False,terminal_success,valid_answer,,18009,144,0,0,0.018729,2.1450144209666178,2.177633,0,True,B:819c8af7-851f-434f-ab32-318285bc54b1_17_26,D,True,terminal_success,valid_answer,,5225,129,0,0,0.005869999999999999,1.8041495580691844,1.837696,8,False,D:819c8af7-851f-434f-ab32-318285bc54b1_17_26,D,True,terminal_success,valid_answer,,22289,119,0,0,0.022884,1.8030219379579648,1.835647,8,True
819c8af7-851f-434f-ab32-318285bc54b1_11_3,819c8af7-851f-434f-ab32-318285bc54b1,perception/information_retrieval/sequence_recall,D,A:819c8af7-851f-434f-ab32-318285bc54b1_11_3,D,True,terminal_success,valid_answer,,18049,106,0,0,0.018579,1.585946258972399,1.61853,0,True,B:819c8af7-851f-434f-ab32-318285bc54b1_11_3,D,True,terminal_success,valid_answer,,2593,109,0,0,0.0031379999999999997,1.6488704499788582,1.681981,3,False,D:819c8af7-851f-434f-ab32-318285bc54b1_11_3,D,True,terminal_success,valid_answer,,19657,123,0,0,0.020272000000000002,2.1319924439303577,2.163404,3,True
70f2a750-f403-41b8-aabb-480eb3ab4ed4_4_27,70f2a750-f403-41b8-aabb-480eb3ab4ed4,reasoning/temporal/frequency,E,A:70f2a750-f403-41b8-aabb-480eb3ab4ed4_4_27,A,False,terminal_success,valid_answer,,17141,156,0,0,0.017921,2.396161908050999,2.430782,0,True,B:70f2a750-f403-41b8-aabb-480eb3ab4ed4_4_27,A,False,terminal_success,valid_answer,,5811,130,0,0,0.006461,2.050672948011197,2.091766,9,False,D:70f2a750-f403-41b8-aabb-480eb3ab4ed4_4_27,A,False,terminal_success,valid_answer,,21958,135,0,0,0.022632999999999997,2.660885868011974,2.694738,9,True
70f2a750-f403-41b8-aabb-480eb3ab4ed4_22_12,70f2a750-f403-41b8-aabb-480eb3ab4ed4,summarization/key_events_objects,D,A:70f2a750-f403-41b8-aabb-480eb3ab4ed4_22_12,A,False,terminal_success,valid_answer,,17299,166,0,0,0.018129,2.6962100819218904,2.727596,0,True,B:70f2a750-f403-41b8-aabb-480eb3ab4ed4_22_12,D,True,terminal_success,valid_answer,,7576,112,0,0,0.008136000000000001,1.9774467899696901,2.010205,12,False,D:70f2a750-f403-41b8-aabb-480eb3ab4ed4_22_12,D,True,terminal_success,valid_answer,,23723,129,0,0,0.024368,2.411560000036843,2.445348,12,True
70f2a750-f403-41b8-aabb-480eb3ab4ed4_17_13,70f2a750-f403-41b8-aabb-480eb3ab4ed4,perception/information_retrieval/factual_recall,B,A:70f2a750-f403-41b8-aabb-480eb3ab4ed4_17_13,C,False,terminal_success,valid_answer,,17088,106,0,0,0.017617999999999998,1.764108229894191,1.797297,0,True,B:70f2a750-f403-41b8-aabb-480eb3ab4ed4_17_13,C,False,terminal_success,valid_answer,,6294,90,0,0,0.006744,1.651517546037212,1.684919,10,False,D:70f2a750-f403-41b8-aabb-480eb3ab4ed4_17_13,C,False,terminal_success,valid_answer,,22441,110,0,0,0.022990999999999998,2.365047233994119,2.400209,10,True
70f2a750-f403-41b8-aabb-480eb3ab4ed4_7_4,70f2a750-f403-41b8-aabb-480eb3ab4ed4,reasoning/spatial/relationship,D,A:70f2a750-f403-41b8-aabb-480eb3ab4ed4_7_4,E,False,terminal_success,valid_answer,,17147,107,0,0,0.017682,1.7845773809822276,1.81978,0,True,B:70f2a750-f403-41b8-aabb-480eb3ab4ed4_7_4,E,False,terminal_success,valid_answer,,2606,114,0,0,0.003176,1.888661217992194,1.922693,3,False,D:70f2a750-f403-41b8-aabb-480eb3ab4ed4_7_4,E,False,terminal_success,valid_answer,,18753,107,0,0,0.019288,2.0681463880464435,2.103308,3,True
70f2a750-f403-41b8-aabb-480eb3ab4ed4_17_31,70f2a750-f403-41b8-aabb-480eb3ab4ed4,perception/information_retrieval/factual_recall,C,A:70f2a750-f403-41b8-aabb-480eb3ab4ed4_17_31,A,False,terminal_success,valid_answer,,17104,120,0,0,0.017704,1.8660230160458013,1.899125,0,True,B:70f2a750-f403-41b8-aabb-480eb3ab4ed4_17_31,B,False,terminal_success,valid_answer,,5239,132,0,0,0.005899,2.3731909319758415,2.410573,8,False,D:70f2a750-f403-41b8-aabb-480eb3ab4ed4_17_31,D,False,terminal_success,valid_answer,,21386,118,0,0,0.021976,2.156882885028608,2.193151,8,True
70f2a750-f403-41b8-aabb-480eb3ab4ed4_11_23,70f2a750-f403-41b8-aabb-480eb3ab4ed4,perception/information_retrieval/sequence_recall,E,A:70f2a750-f403-41b8-aabb-480eb3ab4ed4_11_23,C,False,terminal_success,valid_answer,,17141,134,0,0,0.017811,2.1531982730375603,2.187928,0,True,B:70f2a750-f403-41b8-aabb-480eb3ab4ed4_11_23,C,False,terminal_success,valid_answer,,5815,116,0,0,0.006395,1.9241759669966996,1.959316,9,False,D:70f2a750-f403-41b8-aabb-480eb3ab4ed4_11_23,C,False,terminal_success,valid_answer,,21962,142,0,0,0.022671999999999998,2.3404278840171173,2.374533,9,True
70f2a750-f403-41b8-aabb-480eb3ab4ed4_4_6,70f2a750-f403-41b8-aabb-480eb3ab4ed4,reasoning/temporal/frequency,C,A:70f2a750-f403-41b8-aabb-480eb3ab4ed4_4_6,C,True,terminal_success,valid_answer,,17131,159,0,0,0.017926,2.470524527016096,2.505318,0,True,B:70f2a750-f403-41b8-aabb-480eb3ab4ed4_4_6,E,False,terminal_success,valid_answer,,5267,102,0,0,0.005777,1.3917569239856675,1.424793,8,False,D:70f2a750-f403-41b8-aabb-480eb3ab4ed4_4_6,C,True,terminal_success,valid_answer,,21414,141,0,0,0.022119,2.7099535879679024,2.744547,8,True
70f2a750-f403-41b8-aabb-480eb3ab4ed4_7_5,70f2a750-f403-41b8-aabb-480eb3ab4ed4,reasoning/spatial/relationship,E,A:70f2a750-f403-41b8-aabb-480eb3ab4ed4_7_5,C,False,terminal_success,valid_answer,,17160,120,0,0,0.01776,1.5881953510688618,1.621519,0,True,B:70f2a750-f403-41b8-aabb-480eb3ab4ed4_7_5,E,True,terminal_success,valid_answer,,7972,98,0,0,0.008462,1.9592586639337242,1.993435,13,False,D:70f2a750-f403-41b8-aabb-480eb3ab4ed4_7_5,C,False,terminal_success,valid_answer,,24119,101,0,0,0.024624,2.0411018959712237,2.076689,13,True
70f2a750-f403-41b8-aabb-480eb3ab4ed4_8_2,70f2a750-f403-41b8-aabb-480eb3ab4ed4,reasoning/temporal/duration,B,A:70f2a750-f403-41b8-aabb-480eb3ab4ed4_8_2,E,False,terminal_success,valid_answer,,17136,111,0,0,0.017691,1.8941104599507526,1.928819,0,True,B:70f2a750-f403-41b8-aabb-480eb3ab4ed4_8_2,A,False,terminal_success,valid_answer,,2595,107,0,0,0.00313,1.7694041759241372,1.803266,3,False,D:70f2a750-f403-41b8-aabb-480eb3ab4ed4_8_2,E,False,terminal_success,valid_answer,,18742,115,0,0,0.019317,1.9820861180778593,2.015265,3,True
70f2a750-f403-41b8-aabb-480eb3ab4ed4_22_10,70f2a750-f403-41b8-aabb-480eb3ab4ed4,summarization/key_events_objects,D,A:70f2a750-f403-41b8-aabb-480eb3ab4ed4_22_10,D,True,terminal_success,valid_answer,,17273,118,0,0,0.017863,1.7881531389430165,1.822451,0,True,B:70f2a750-f403-41b8-aabb-480eb3ab4ed4_22_10,D,True,terminal_success,valid_answer,,5944,114,0,0,0.006514,2.2791054690023884,2.313354,9,False,D:70f2a750-f403-41b8-aabb-480eb3ab4ed4_22_10,D,True,terminal_success,valid_answer,,22091,128,0,0,0.022731,2.28827535698656,2.322514,9,True
70f2a750-f403-41b8-aabb-480eb3ab4ed4_17_14,70f2a750-f403-41b8-aabb-480eb3ab4ed4,perception/information_retrieval/factual_recall,C,A:70f2a750-f403-41b8-aabb-480eb3ab4ed4_17_14,D,False,terminal_success,valid_answer,,17092,123,0,0,0.017707,1.7839662049664184,1.81763,0,True,B:70f2a750-f403-41b8-aabb-480eb3ab4ed4_17_14,C,True,terminal_success,valid_answer,,5763,82,0,0,0.006173,1.6868860030081123,1.720002,9,False,D:70f2a750-f403-41b8-aabb-480eb3ab4ed4_17_14,C,True,terminal_success,valid_answer,,21910,99,0,0,0.022404999999999998,1.9674347250256687,2.001468,9,True
70f2a750-f403-41b8-aabb-480eb3ab4ed4_17_8,70f2a750-f403-41b8-aabb-480eb3ab4ed4,perception/information_retrieval/factual_recall,C,A:70f2a750-f403-41b8-aabb-480eb3ab4ed4_17_8,C,True,terminal_success,valid_answer,,17099,103,0,0,0.017614,1.8251574638998136,1.858685,0,True,B:70f2a750-f403-41b8-aabb-480eb3ab4ed4_17_8,B,False,terminal_success,valid_answer,,5768,89,0,0,0.006213,1.814432646962814,1.847695,9,False,D:70f2a750-f403-41b8-aabb-480eb3ab4ed4_17_8,D,False,terminal_success,valid_answer,,21915,102,0,0,0.022425,1.5761221599532291,1.609384,9,True
70f2a750-f403-41b8-aabb-480eb3ab4ed4_4_20,70f2a750-f403-41b8-aabb-480eb3ab4ed4,reasoning/temporal/frequency,A,A:70f2a750-f403-41b8-aabb-480eb3ab4ed4_4_20,C,False,terminal_success,valid_answer,,17166,184,0,0,0.018086,2.580983321997337,2.614492,0,True,B:70f2a750-f403-41b8-aabb-480eb3ab4ed4_4_20,C,False,terminal_success,valid_answer,,9583,101,0,0,0.010088,1.6995580210350454,1.73347,16,False,D:70f2a750-f403-41b8-aabb-480eb3ab4ed4_4_20,C,False,terminal_success,valid_answer,,25730,106,0,0,0.02626,1.9033243620069697,1.93672,16,True
70f2a750-f403-41b8-aabb-480eb3ab4ed4_7_28,70f2a750-f403-41b8-aabb-480eb3ab4ed4,reasoning/spatial/relationship,E,A:70f2a750-f403-41b8-aabb-480eb3ab4ed4_7_28,B,False,terminal_success,valid_answer,,17147,134,0,0,0.017817,2.2047730709891766,2.239806,0,True,B:70f2a750-f403-41b8-aabb-480eb3ab4ed4_7_28,B,False,terminal_success,valid_answer,,5818,112,0,0,0.006378,2.239045439986512,2.273619,9,False,D:70f2a750-f403-41b8-aabb-480eb3ab4ed4_7_28,A,False,terminal_success,valid_answer,,21965,90,0,0,0.022414999999999997,1.9262873589759693,1.960491,9,True
70f2a750-f403-41b8-aabb-480eb3ab4ed4_4_11,70f2a750-f403-41b8-aabb-480eb3ab4ed4,reasoning/temporal/frequency,C,A:70f2a750-f403-41b8-aabb-480eb3ab4ed4_4_11,D,False,terminal_success,valid_answer,,17131,136,0,0,0.017811,1.9375628150301054,1.971522,0,True,B:70f2a750-f403-41b8-aabb-480eb3ab4ed4_4_11,D,False,terminal_success,valid_answer,,5267,89,0,0,0.005712,1.8556690260302275,1.889413,8,False,D:70f2a750-f403-41b8-aabb-480eb3ab4ed4_4_11,C,True,terminal_success,valid_answer,,21414,146,0,0,0.022144,2.7769284279784188,2.810428,8,True
70f2a750-f403-41b8-aabb-480eb3ab4ed4_12_17,70f2a750-f403-41b8-aabb-480eb3ab4ed4,perception/information_retrieval/temporal_distance,E,A:70f2a750-f403-41b8-aabb-480eb3ab4ed4_12_17,C,False,terminal_success,valid_answer,,17116,133,0,0,0.017780999999999998,2.0486342899966985,2.08343,0,True,B:70f2a750-f403-41b8-aabb-480eb3ab4ed4_12_17,C,False,terminal_success,valid_answer,,5793,110,0,0,0.0063430000000000005,1.9427707439754158,1.977608,9,False,D:70f2a750-f403-41b8-aabb-480eb3ab4ed4_12_17,C,False,terminal_success,valid_answer,,21940,138,0,0,0.02263,2.6798212659778073,2.71501,9,True
70f2a750-f403-41b8-aabb-480eb3ab4ed4_17_30,70f2a750-f403-41b8-aabb-480eb3ab4ed4,perception/information_retrieval/factual_recall,E,A:70f2a750-f403-41b8-aabb-480eb3ab4ed4_17_30,D,False,terminal_success,valid_answer,,17090,118,0,0,0.01768,1.7497836669208482,1.784697,0,True,B:70f2a750-f403-41b8-aabb-480eb3ab4ed4_17_30,D,False,terminal_success,valid_answer,,4692,108,0,0,0.005232,1.9069470710819587,1.9412,7,False,D:70f2a750-f403-41b8-aabb-480eb3ab4ed4_17_30,D,False,terminal_success,valid_answer,,20839,116,0,0,0.021419,2.262974126962945,2.307171,7,True
70f2a750-f403-41b8-aabb-480eb3ab4ed4_7_29,70f2a750-f403-41b8-aabb-480eb3ab4ed4,reasoning/spatial/relationship,C,A:70f2a750-f403-41b8-aabb-480eb3ab4ed4_7_29,A,False,terminal_success,valid_answer,,17146,119,0,0,0.017741,1.9890371330548078,2.055835,0,True,B:70f2a750-f403-41b8-aabb-480eb3ab4ed4_7_29,A,False,terminal_success,valid_answer,,2604,89,0,0,0.003049,1.1622964589623734,1.19646,3,False,D:70f2a750-f403-41b8-aabb-480eb3ab4ed4_7_29,A,False,terminal_success,valid_answer,,18751,90,0,0,0.019201,1.3170380640076473,1.352303,3,True
70f2a750-f403-41b8-aabb-480eb3ab4ed4_11_7,70f2a750-f403-41b8-aabb-480eb3ab4ed4,perception/information_retrieval/sequence_recall,B,A:70f2a750-f403-41b8-aabb-480eb3ab4ed4_11_7,E,False,terminal_success,valid_answer,,17118,124,0,0,0.017738,1.9551319979364052,1.989246,0,True,B:70f2a750-f403-41b8-aabb-480eb3ab4ed4_11_7,E,False,terminal_success,valid_answer,,3115,96,0,0,0.003595,1.7699397680116817,1.804632,4,False,D:70f2a750-f403-41b8-aabb-480eb3ab4ed4_11_7,E,False,terminal_success,valid_answer,,19262,108,0,0,0.019802,1.9785746450070292,2.013691,4,True
70f2a750-f403-41b8-aabb-480eb3ab4ed4_21_26,70f2a750-f403-41b8-aabb-480eb3ab4ed4,summarization/temporal_sequencing,E,A:70f2a750-f403-41b8-aabb-480eb3ab4ed4_21_26,E,True,terminal_success,valid_answer,,17283,161,0,0,0.018088,4.542752203997225,4.577184,0,True,B:70f2a750-f403-41b8-aabb-480eb3ab4ed4_21_26,E,True,terminal_success,valid_answer,,5954,139,0,0,0.006649,1.637006912031211,1.67352,9,False,D:70f2a750-f403-41b8-aabb-480eb3ab4ed4_21_26,E,True,terminal_success,valid_answer,,22101,171,0,0,0.022956,3.0704957540147007,3.104647,9,True
70f2a750-f403-41b8-aabb-480eb3ab4ed4_17_16,70f2a750-f403-41b8-aabb-480eb3ab4ed4,perception/information_retrieval/factual_recall,D,A:70f2a750-f403-41b8-aabb-480eb3ab4ed4_17_16,D,True,terminal_success,valid_answer,,17329,174,0,0,0.018199,2.4157039580168203,2.45498,0,True,B:70f2a750-f403-41b8-aabb-480eb3ab4ed4_17_16,D,True,terminal_success,valid_answer,,9214,127,0,0,0.009849,1.7356264590052888,1.774091,15,False,D:70f2a750-f403-41b8-aabb-480eb3ab4ed4_17_16,D,True,terminal_success,valid_answer,,25361,136,0,0,0.026041,3.489984815940261,3.525509,15,True
70f2a750-f403-41b8-aabb-480eb3ab4ed4_17_9,70f2a750-f403-41b8-aabb-480eb3ab4ed4,perception/information_retrieval/factual_recall,B,A:70f2a750-f403-41b8-aabb-480eb3ab4ed4_17_9,E,False,terminal_success,valid_answer,,17106,146,0,0,0.017836,2.2965606509242207,2.331619,0,True,B:70f2a750-f403-41b8-aabb-480eb3ab4ed4_17_9,E,False,terminal_success,valid_answer,,2566,97,0,0,0.0030510000000000003,1.8100218420149758,1.845419,3,False,D:70f2a750-f403-41b8-aabb-480eb3ab4ed4_17_9,B,True,terminal_success,valid_answer,,18713,109,0,0,0.019258,1.421880410052836,1.456003,3,True
70f2a750-f403-41b8-aabb-480eb3ab4ed4_4_15,70f2a750-f403-41b8-aabb-480eb3ab4ed4,reasoning/temporal/frequency,C,A:70f2a750-f403-41b8-aabb-480eb3ab4ed4_4_15,E,False,terminal_success,valid_answer,,17160,135,0,0,0.017835,2.0680879639694467,2.103395,0,True,B:70f2a750-f403-41b8-aabb-480eb3ab4ed4_4_15,E,False,terminal_success,valid_answer,,9042,99,0,0,0.009537,1.599137643002905,1.634629,15,False,D:70f2a750-f403-41b8-aabb-480eb3ab4ed4_4_15,E,False,terminal_success,valid_answer,,25189,100,0,0,0.025689,2.4476554789580405,2.484684,15,True
70f2a750-f403-41b8-aabb-480eb3ab4ed4_5_19,70f2a750-f403-41b8-aabb-480eb3ab4ed4,reasoning/temporal/prerequisites,D,A:70f2a750-f403-41b8-aabb-480eb3ab4ed4_5_19,B,False,terminal_success,valid_answer,,17282,137,0,0,0.017967,2.231323312036693,2.265303,0,True,B:70f2a750-f403-41b8-aabb-480eb3ab4ed4_5_19,D,True,terminal_success,valid_answer,,9166,133,0,0,0.009831000000000001,2.55127622699365,2.585893,15,False,D:70f2a750-f403-41b8-aabb-480eb3ab4ed4_5_19,D,True,terminal_success,valid_answer,,25313,135,0,0,0.025987999999999997,2.662804921041243,2.697575,15,True
70f2a750-f403-41b8-aabb-480eb3ab4ed4_6_32,70f2a750-f403-41b8-aabb-480eb3ab4ed4,reasoning/spatial/proximity,E,A:70f2a750-f403-41b8-aabb-480eb3ab4ed4_6_32,C,False,terminal_success,valid_answer,,17130,134,0,0,0.0178,1.7318478679517284,1.767977,0,True,B:70f2a750-f403-41b8-aabb-480eb3ab4ed4_6_32,D,False,terminal_success,valid_answer,,6337,88,0,0,0.006777,1.6973317209631205,1.731859,10,False,D:70f2a750-f403-41b8-aabb-480eb3ab4ed4_6_32,C,False,terminal_success,valid_answer,,22484,119,0,0,0.023079000000000002,2.353078870102763,2.389534,10,True
a6d45e95-8dc0-4932-83bf-ec53e265a16a_8_1,a6d45e95-8dc0-4932-83bf-ec53e265a16a,reasoning/temporal/duration,A,A:a6d45e95-8dc0-4932-83bf-ec53e265a16a_8_1,C,False,terminal_success,valid_answer,,17708,208,0,0,0.018748,3.0744698870694265,3.109932,0,True,B:a6d45e95-8dc0-4932-83bf-ec53e265a16a_8_1,E,False,terminal_success,valid_answer,,7462,93,0,0,0.007927,2.0965287040453404,2.131597,9,False,D:a6d45e95-8dc0-4932-83bf-ec53e265a16a_8_1,E,False,terminal_success,valid_answer,,24146,173,0,0,0.025011000000000002,3.3241952030221,3.359567,9,True
a6d45e95-8dc0-4932-83bf-ec53e265a16a_17_21,a6d45e95-8dc0-4932-83bf-ec53e265a16a,perception/information_retrieval/factual_recall,E,A:a6d45e95-8dc0-4932-83bf-ec53e265a16a_17_21,D,False,terminal_success,valid_answer,,17628,143,0,0,0.018343,2.352969433995895,2.390413,0,True,B:a6d45e95-8dc0-4932-83bf-ec53e265a16a_17_21,D,False,terminal_success,valid_answer,,5952,115,0,0,0.006527,2.1337676220573485,2.169583,7,False,D:a6d45e95-8dc0-4932-83bf-ec53e265a16a_17_21,D,False,terminal_success,valid_answer,,22636,128,0,0,0.023276,2.1145001800032333,2.153461,7,True
a6d45e95-8dc0-4932-83bf-ec53e265a16a_7_7,a6d45e95-8dc0-4932-83bf-ec53e265a16a,reasoning/spatial/relationship,A,A:a6d45e95-8dc0-4932-83bf-ec53e265a16a_7_7,C,False,terminal_success,valid_answer,,17689,114,0,0,0.018259,1.6832928829826415,1.721564,0,True,B:a6d45e95-8dc0-4932-83bf-ec53e265a16a_7_7,C,False,terminal_success,valid_answer,,3869,88,0,0,0.004309,1.1052154849749058,1.141484,4,False,D:a6d45e95-8dc0-4932-83bf-ec53e265a16a_7_7,C,False,terminal_success,valid_answer,,20553,89,0,0,0.020998,1.80004788399674,1.837931,4,True
a6d45e95-8dc0-4932-83bf-ec53e265a16a_11_28,a6d45e95-8dc0-4932-83bf-ec53e265a16a,perception/information_retrieval/sequence_recall,B,A:a6d45e95-8dc0-4932-83bf-ec53e265a16a_11_28,B,True,terminal_success,valid_answer,,17661,120,0,0,0.018261,1.639810062944889,1.678419,0,True,B:a6d45e95-8dc0-4932-83bf-ec53e265a16a_11_28,A,False,terminal_success,valid_answer,,5271,104,0,0,0.005790999999999999,1.9306633559754118,1.966805,6,False,D:a6d45e95-8dc0-4932-83bf-ec53e265a16a_11_28,A,False,terminal_success,valid_answer,,21955,108,0,0,0.022494999999999998,2.3535727079724893,2.390664,6,True
a6d45e95-8dc0-4932-83bf-ec53e265a16a_11_15,a6d45e95-8dc0-4932-83bf-ec53e265a16a,perception/information_retrieval/sequence_recall,C,A:a6d45e95-8dc0-4932-83bf-ec53e265a16a_11_15,A,False,terminal_success,valid_answer,,17667,126,0,0,0.018296999999999997,2.03697460598778,2.074317,0,True,B:a6d45e95-8dc0-4932-83bf-ec53e265a16a_11_15,C,True,terminal_success,valid_answer,,3129,112,0,0,0.0036889999999999996,1.958465468022041,1.995108,3,False,D:a6d45e95-8dc0-4932-83bf-ec53e265a16a_11_15,A,False,terminal_success,valid_answer,,19813,140,0,0,0.020513,2.465305329998955,2.499591,3,True
a6d45e95-8dc0-4932-83bf-ec53e265a16a_17_10,a6d45e95-8dc0-4932-83bf-ec53e265a16a,perception/information_retrieval/factual_recall,E,A:a6d45e95-8dc0-4932-83bf-ec53e265a16a_17_10,E,True,terminal_success,valid_answer,,17629,104,0,0,0.018149,1.7008863799273968,1.737967,0,True,B:a6d45e95-8dc0-4932-83bf-ec53e265a16a_17_10,B,False,terminal_success,valid_answer,,4524,106,0,0,0.005054,1.785138131934218,1.819618,5,False,D:a6d45e95-8dc0-4932-83bf-ec53e265a16a_17_10,E,True,terminal_success,valid_answer,,21208,108,0,0,0.021748,1.6670444710180163,1.702999,5,True
a6d45e95-8dc0-4932-83bf-ec53e265a16a_6_24,a6d45e95-8dc0-4932-83bf-ec53e265a16a,reasoning/spatial/proximity,A,A:a6d45e95-8dc0-4932-83bf-ec53e265a16a_6_24,D,False,terminal_success,valid_answer,,17669,100,0,0,0.018169,1.6769305149791762,1.712713,0,True,B:a6d45e95-8dc0-4932-83bf-ec53e265a16a_6_24,A,True,terminal_success,valid_answer,,7429,81,0,0,0.007834,1.5527482189936563,1.621516,9,False,D:a6d45e95-8dc0-4932-83bf-ec53e265a16a_6_24,D,False,terminal_success,valid_answer,,24113,87,0,0,0.024548,1.56540810293518,1.60164,9,True
a6d45e95-8dc0-4932-83bf-ec53e265a16a_8_18,a6d45e95-8dc0-4932-83bf-ec53e265a16a,reasoning/temporal/duration,A,A:a6d45e95-8dc0-4932-83bf-ec53e265a16a_8_18,C,False,terminal_success,valid_answer,,17651,134,0,0,0.018321,2.050730193965137,2.087041,0,True,B:a6d45e95-8dc0-4932-83bf-ec53e265a16a_8_18,C,False,terminal_success,valid_answer,,3113,96,0,0,0.003593,1.769776239991188,1.806923,3,False,D:a6d45e95-8dc0-4932-83bf-ec53e265a16a_8_18,C,False,terminal_success,valid_answer,,19797,156,0,0,0.020576999999999998,2.438581097056158,2.473526,3,True
a6d45e95-8dc0-4932-83bf-ec53e265a16a_7_20,a6d45e95-8dc0-4932-83bf-ec53e265a16a,reasoning/spatial/relationship,A,A:a6d45e95-8dc0-4932-83bf-ec53e265a16a_7_20,E,False,terminal_success,valid_answer,,17688,140,0,0,0.018387999999999998,2.0389656230108812,2.075152,0,True,B:a6d45e95-8dc0-4932-83bf-ec53e265a16a_7_20,E,False,terminal_success,valid_answer,,5299,112,0,0,0.005859,1.656987957074307,1.694972,6,False,D:a6d45e95-8dc0-4932-83bf-ec53e265a16a_7_20,E,False,terminal_success,valid_answer,,21983,88,0,0,0.022423,1.7757677560439333,1.810632,6,True
a6d45e95-8dc0-4932-83bf-ec53e265a16a_8_27,a6d45e95-8dc0-4932-83bf-ec53e265a16a,reasoning/temporal/duration,D,A:a6d45e95-8dc0-4932-83bf-ec53e265a16a_8_27,B,False,terminal_success,valid_answer,,17681,109,0,0,0.018226,1.9028517720289528,1.938002,0,True,B:a6d45e95-8dc0-4932-83bf-ec53e265a16a_8_27,B,False,terminal_success,valid_answer,,3142,97,0,0,0.003627,1.733496295986697,1.770002,3,False,D:a6d45e95-8dc0-4932-83bf-ec53e265a16a_8_27,D,True,terminal_success,valid_answer,,19826,110,0,0,0.020376,2.094024659949355,2.130039,3,True
a6d45e95-8dc0-4932-83bf-ec53e265a16a_4_9,a6d45e95-8dc0-4932-83bf-ec53e265a16a,reasoning/temporal/frequency,A,A:a6d45e95-8dc0-4932-83bf-ec53e265a16a_4_9,E,False,terminal_success,valid_answer,,17683,101,0,0,0.018188,1.770898257032968,1.806863,0,True,B:a6d45e95-8dc0-4932-83bf-ec53e265a16a_4_9,B,False,terminal_success,valid_answer,,7440,108,0,0,0.007980000000000001,1.9410291629610583,1.9758,9,False,D:a6d45e95-8dc0-4932-83bf-ec53e265a16a_4_9,B,False,terminal_success,valid_answer,,24124,119,0,0,0.024718999999999998,2.494689092040062,2.531424,9,True
a6d45e95-8dc0-4932-83bf-ec53e265a16a_17_11,a6d45e95-8dc0-4932-83bf-ec53e265a16a,perception/information_retrieval/factual_recall,A,A:a6d45e95-8dc0-4932-83bf-ec53e265a16a_17_11,A,True,terminal_success,valid_answer,,17705,147,0,0,0.018439999999999998,2.109744864050299,2.14575,0,True,B:a6d45e95-8dc0-4932-83bf-ec53e265a16a_17_11,A,True,terminal_success,valid_answer,,7459,115,0,0,0.008034,2.0860656020231545,2.121696,9,False,D:a6d45e95-8dc0-4932-83bf-ec53e265a16a_17_11,C,False,terminal_success,valid_answer,,24143,138,0,0,0.024833,2.064845668966882,2.100828,9,True
a6d45e95-8dc0-4932-83bf-ec53e265a16a_4_6,a6d45e95-8dc0-4932-83bf-ec53e265a16a,reasoning/temporal/frequency,A,A:a6d45e95-8dc0-4932-83bf-ec53e265a16a_4_6,C,False,terminal_success,valid_answer,,17735,142,0,0,0.018445,1.8314103248994797,1.868504,0,True,B:a6d45e95-8dc0-4932-83bf-ec53e265a16a_4_6,C,False,terminal_success,valid_answer,,9636,104,0,0,0.010156,1.6906624869443476,1.725963,12,False,D:a6d45e95-8dc0-4932-83bf-ec53e265a16a_4_6,C,False,terminal_success,valid_answer,,26320,116,0,0,0.0269,2.312434484018013,2.351883,12,True
a6d45e95-8dc0-4932-83bf-ec53e265a16a_17_12,a6d45e95-8dc0-4932-83bf-ec53e265a16a,perception/information_retrieval/factual_recall,B,A:a6d45e95-8dc0-4932-83bf-ec53e265a16a_17_12,D,False,terminal_success,valid_answer,,17632,107,0,0,0.018167,1.7463665179675445,1.782099,0,True,B:a6d45e95-8dc0-4932-83bf-ec53e265a16a_17_12,D,False,terminal_success,valid_answer,,7383,101,0,0,0.007888,2.0595362349413335,2.09604,9,False,D:a6d45e95-8dc0-4932-83bf-ec53e265a16a_17_12,D,False,terminal_success,valid_answer,,24067,106,0,0,0.024597,1.9003859349759296,1.937141,9,True
a6d45e95-8dc0-4932-83bf-ec53e265a16a_11_14,a6d45e95-8dc0-4932-83bf-ec53e265a16a,perception/information_retrieval/sequence_recall,E,A:a6d45e95-8dc0-4932-83bf-ec53e265a16a_11_14,A,False,terminal_success,valid_answer,,17787,200,0,0,0.018787,3.106026106979698,3.142901,0,True,B:a6d45e95-8dc0-4932-83bf-ec53e265a16a_11_14,E,True,terminal_success,valid_answer,,7538,110,0,0,0.008088,2.2422435330227017,2.278174,9,False,D:a6d45e95-8dc0-4932-83bf-ec53e265a16a_11_14,A,False,terminal_success,valid_answer,,24222,166,0,0,0.025052,3.3385574410203844,3.374863,9,True
a6d45e95-8dc0-4932-83bf-ec53e265a16a_17_25,a6d45e95-8dc0-4932-83bf-ec53e265a16a,perception/information_retrieval/factual_recall,A,A:a6d45e95-8dc0-4932-83bf-ec53e265a16a_17_25,D,False,terminal_success,valid_answer,,18307,167,0,0,0.019142,2.4608129820553586,2.497748,0,True,B:a6d45e95-8dc0-4932-83bf-ec53e265a16a_17_25,E,False,terminal_success,valid_answer,,12352,121,0,0,0.012957,2.2651503330562264,2.30241,15,False,D:a6d45e95-8dc0-4932-83bf-ec53e265a16a_17_25,E,False,terminal_success,valid_answer,,29036,127,0,0,0.029671,2.095928918919526,2.133614,15,True
a6d45e95-8dc0-4932-83bf-ec53e265a16a_7_19,a6d45e95-8dc0-4932-83bf-ec53e265a16a,reasoning/spatial/relationship,C,A:a6d45e95-8dc0-4932-83bf-ec53e265a16a_7_19,D,False,terminal_success,valid_answer,,17688,115,0,0,0.018262999999999998,1.7180203270399943,1.755055,0,True,B:a6d45e95-8dc0-4932-83bf-ec53e265a16a_7_19,D,False,terminal_success,valid_answer,,11019,84,0,0,0.011439,1.6813046819297597,1.717993,14,False,D:a6d45e95-8dc0-4932-83bf-ec53e265a16a_7_19,C,True,terminal_success,valid_answer,,27703,94,0,0,0.028173,2.073703086003661,2.11078,14,True
a6d45e95-8dc0-4932-83bf-ec53e265a16a_5_26,a6d45e95-8dc0-4932-83bf-ec53e265a16a,reasoning/temporal/prerequisites,D,A:a6d45e95-8dc0-4932-83bf-ec53e265a16a_5_26,D,True,terminal_success,valid_answer,,17720,135,0,0,0.018394999999999998,2.1358272850047797,2.173482,0,True,B:a6d45e95-8dc0-4932-83bf-ec53e265a16a_5_26,D,True,terminal_success,valid_answer,,7471,117,0,0,0.008056,1.9289694109465927,1.968152,9,False,D:a6d45e95-8dc0-4932-83bf-ec53e265a16a_5_26,D,True,terminal_success,valid_answer,,24155,162,0,0,0.024965,3.103518515941687,3.140149,9,True
a6d45e95-8dc0-4932-83bf-ec53e265a16a_4_23,a6d45e95-8dc0-4932-83bf-ec53e265a16a,reasoning/temporal/frequency,E,A:a6d45e95-8dc0-4932-83bf-ec53e265a16a_4_23,E,True,terminal_success,valid_answer,,17741,154,0,0,0.018511,2.127287501003593,2.166104,0,True,B:a6d45e95-8dc0-4932-83bf-ec53e265a16a_4_23,B,False,terminal_success,valid_answer,,7495,104,0,0,0.008015,1.988110322970897,2.025806,9,False,D:a6d45e95-8dc0-4932-83bf-ec53e265a16a_4_23,E,True,terminal_success,valid_answer,,24179,118,0,0,0.024769,2.1562480400316417,2.192979,9,True
a6d45e95-8dc0-4932-83bf-ec53e265a16a_8_22,a6d45e95-8dc0-4932-83bf-ec53e265a16a,reasoning/temporal/duration,A,A:a6d45e95-8dc0-4932-83bf-ec53e265a16a_8_22,D,False,terminal_success,valid_answer,,17712,100,0,0,0.018212,1.7708573410054669,1.807976,0,True,B:a6d45e95-8dc0-4932-83bf-ec53e265a16a_8_22,D,False,terminal_success,valid_answer,,6035,101,0,0,0.006540000000000001,1.7840682849055156,1.821122,7,False,D:a6d45e95-8dc0-4932-83bf-ec53e265a16a_8_22,D,False,terminal_success,valid_answer,,22719,114,0,0,0.023289,2.2062045889906585,2.243561,7,True
a6d45e95-8dc0-4932-83bf-ec53e265a16a_7_16,a6d45e95-8dc0-4932-83bf-ec53e265a16a,reasoning/spatial/relationship,A,A:a6d45e95-8dc0-4932-83bf-ec53e265a16a_7_16,A,True,terminal_success,valid_answer,,17705,119,0,0,0.018299999999999997,2.0628008929779753,2.10095,0,True,B:a6d45e95-8dc0-4932-83bf-ec53e265a16a_7_16,A,True,terminal_success,valid_answer,,11746,98,0,0,0.012236,2.1256032759556547,2.163619,15,False,D:a6d45e95-8dc0-4932-83bf-ec53e265a16a_7_16,A,True,terminal_success,valid_answer,,28430,88,0,0,0.02887,1.5907352881040424,1.650784,15,True
a6d45e95-8dc0-4932-83bf-ec53e265a16a_17_3,a6d45e95-8dc0-4932-83bf-ec53e265a16a,perception/information_retrieval/factual_recall,A,A:a6d45e95-8dc0-4932-83bf-ec53e265a16a_17_3,B,False,terminal_success,valid_answer,,17723,152,0,0,0.018483,2.7659675780450925,2.805178,0,True,B:a6d45e95-8dc0-4932-83bf-ec53e265a16a_17_3,B,False,terminal_success,valid_answer,,12490,111,0,0,0.013045,1.948682905989699,1.985557,16,False,D:a6d45e95-8dc0-4932-83bf-ec53e265a16a_17_3,B,False,terminal_success,valid_answer,,29174,103,0,0,0.029689,1.8298290420789272,1.867624,16,True
a6d45e95-8dc0-4932-83bf-ec53e265a16a_12_4,a6d45e95-8dc0-4932-83bf-ec53e265a16a,perception/information_retrieval/temporal_distance,B,A:a6d45e95-8dc0-4932-83bf-ec53e265a16a_12_4,B,True,terminal_success,valid_answer,,17650,194,0,0,0.018619999999999998,2.625693906098604,2.664115,0,True,B:a6d45e95-8dc0-4932-83bf-ec53e265a16a_12_4,B,True,terminal_success,valid_answer,,3112,135,0,0,0.0037870000000000004,2.2353544989600778,2.271244,3,False,D:a6d45e95-8dc0-4932-83bf-ec53e265a16a_12_4,B,True,terminal_success,valid_answer,,19796,171,0,0,0.020651000000000003,2.8972698770230636,2.933359,3,True
a6d45e95-8dc0-4932-83bf-ec53e265a16a_18_5,a6d45e95-8dc0-4932-83bf-ec53e265a16a,perception/tracking,E,A:a6d45e95-8dc0-4932-83bf-ec53e265a16a_18_5,C,False,terminal_success,valid_answer,,17665,112,0,0,0.018225,1.9653409420279786,2.002019,0,True,B:a6d45e95-8dc0-4932-83bf-ec53e265a16a_18_5,D,False,terminal_success,valid_answer,,7418,117,0,0,0.008003,2.048287760000676,2.084246,9,False,D:a6d45e95-8dc0-4932-83bf-ec53e265a16a_18_5,C,False,terminal_success,valid_answer,,24102,103,0,0,0.024617,2.1616258580470458,2.19956,9,True
a6d45e95-8dc0-4932-83bf-ec53e265a16a_17_2,a6d45e95-8dc0-4932-83bf-ec53e265a16a,perception/information_retrieval/factual_recall,E,A:a6d45e95-8dc0-4932-83bf-ec53e265a16a_17_2,E,True,terminal_success,valid_answer,,17641,96,0,0,0.018121,1.5536738500231877,1.590037,0,True,B:a6d45e95-8dc0-4932-83bf-ec53e265a16a_17_2,E,True,terminal_success,valid_answer,,5253,95,0,0,0.005728,3.1893366971053183,3.227525,6,False,D:a6d45e95-8dc0-4932-83bf-ec53e265a16a_17_2,E,True,terminal_success,valid_answer,,21937,111,0,0,0.022492,1.8965860740281641,1.934072,6,True
