audit_id,question_id,task_id,arm,sample_role,original_abd_label,correction_label,sol_label,final_label,selected_review_version,source_record_id,source_file,source_sha256
E0001,4572b198-2c1c-4920-bcf0-95fcebe12261_17_14,B:4572b198-2c1c-4920-bcf0-95fcebe12261_17_14,B,not_in_correction,supported,,,supported,original_abd,E0001,outputs/abd_eval300_evidence_audit_v1/scored_evidence_audit_blinded.jsonl,c44d08c95c22bc5f82fc5b97107d366b561ff0b617207e57a2899ec91a265c38
E0002,7ddbf8a2-5b3e-44cd-b9dc-db17ec06831b_7_5,D:7ddbf8a2-5b3e-44cd-b9dc-db17ec06831b_7_5,D,not_in_correction,partially_supported,,,partially_supported,original_abd,E0002,outputs/abd_eval300_evidence_audit_v1/scored_evidence_audit_blinded.jsonl,c44d08c95c22bc5f82fc5b97107d366b561ff0b617207e57a2899ec91a265c38
E0003,819c8af7-851f-434f-ab32-318285bc54b1_11_14,D:819c8af7-851f-434f-ab32-318285bc54b1_11_14,D,not_in_correction,supported,,,supported,original_abd,E0003,outputs/abd_eval300_evidence_audit_v1/scored_evidence_audit_blinded.jsonl,c44d08c95c22bc5f82fc5b97107d366b561ff0b617207e57a2899ec91a265c38
E0004,41a86310-2cc1-48f9-b5b5-6b495a95fbac_7_39,D:41a86310-2cc1-48f9-b5b5-6b495a95fbac_7_39,D,not_in_correction,supported,,,supported,original_abd,E0004,outputs/abd_eval300_evidence_audit_v1/scored_evidence_audit_blinded.jsonl,c44d08c95c22bc5f82fc5b97107d366b561ff0b617207e57a2899ec91a265c38
E0005,a6d45e95-8dc0-4932-83bf-ec53e265a16a_8_27,A:a6d45e95-8dc0-4932-83bf-ec53e265a16a_8_27,A,not_in_correction,contradicted,,,contradicted,original_abd,E0005,outputs/abd_eval300_evidence_audit_v1/scored_evidence_audit_blinded.jsonl,c44d08c95c22bc5f82fc5b97107d366b561ff0b617207e57a2899ec91a265c38
E0006,7e512589-aa97-41e8-83d3-af2e83e4fd06_6_15,A:7e512589-aa97-41e8-83d3-af2e83e4fd06_6_15,A,not_in_correction,unsupported,,,unsupported,original_abd,E0006,outputs/abd_eval300_evidence_audit_v1/scored_evidence_audit_blinded.jsonl,c44d08c95c22bc5f82fc5b97107d366b561ff0b617207e57a2899ec91a265c38
E0007,a6d45e95-8dc0-4932-83bf-ec53e265a16a_7_19,B:a6d45e95-8dc0-4932-83bf-ec53e265a16a_7_19,B,not_in_correction,supported,,,supported,original_abd,E0007,outputs/abd_eval300_evidence_audit_v1/scored_evidence_audit_blinded.jsonl,c44d08c95c22bc5f82fc5b97107d366b561ff0b617207e57a2899ec91a265c38
E0008,115774b6-534d-444f-b7aa-d1b834eb0ee7_3_21,A:115774b6-534d-444f-b7aa-d1b834eb0ee7_3_21,A,control,partially_supported,unsupported,unsupported,unsupported,sol_independent_review,S67993FF47BA4,outputs/abd_eval300_disagreement_independent_review_v1/blinded_reviewer_output/blinded_reviews.jsonl,75fdab627ddf165f75133f026d0a6e605e6b838bdcb58912e752a67a0783557f
E0009,7e512589-aa97-41e8-83d3-af2e83e4fd06_8_12,D:7e512589-aa97-41e8-83d3-af2e83e4fd06_8_12,D,not_in_correction,supported,,,supported,original_abd,E0009,outputs/abd_eval300_evidence_audit_v1/scored_evidence_audit_blinded.jsonl,c44d08c95c22bc5f82fc5b97107d366b561ff0b617207e57a2899ec91a265c38
E0010,7ddbf8a2-5b3e-44cd-b9dc-db17ec06831b_17_6,D:7ddbf8a2-5b3e-44cd-b9dc-db17ec06831b_17_6,D,not_in_correction,supported,,,supported,original_abd,E0010,outputs/abd_eval300_evidence_audit_v1/scored_evidence_audit_blinded.jsonl,c44d08c95c22bc5f82fc5b97107d366b561ff0b617207e57a2899ec91a265c38
E0011,6fd90f8d-7a4d-425d-a812-3268db0b0342_17_5,B:6fd90f8d-7a4d-425d-a812-3268db0b0342_17_5,B,not_in_correction,partially_supported,,,partially_supported,original_abd,E0011,outputs/abd_eval300_evidence_audit_v1/scored_evidence_audit_blinded.jsonl,c44d08c95c22bc5f82fc5b97107d366b561ff0b617207e57a2899ec91a265c38
E0012,a6d45e95-8dc0-4932-83bf-ec53e265a16a_17_21,B:a6d45e95-8dc0-4932-83bf-ec53e265a16a_17_21,B,not_in_correction,supported,,,supported,original_abd,E0012,outputs/abd_eval300_evidence_audit_v1/scored_evidence_audit_blinded.jsonl,c44d08c95c22bc5f82fc5b97107d366b561ff0b617207e57a2899ec91a265c38
E0013,819c8af7-851f-434f-ab32-318285bc54b1_3_12,A:819c8af7-851f-434f-ab32-318285bc54b1_3_12,A,not_in_correction,partially_supported,,,partially_supported,original_abd,E0013,outputs/abd_eval300_evidence_audit_v1/scored_evidence_audit_blinded.jsonl,c44d08c95c22bc5f82fc5b97107d366b561ff0b617207e57a2899ec91a265c38
E0014,70f2a750-f403-41b8-aabb-480eb3ab4ed4_17_31,A:70f2a750-f403-41b8-aabb-480eb3ab4ed4_17_31,A,not_in_correction,unsupported,,,unsupported,original_abd,E0014,outputs/abd_eval300_evidence_audit_v1/scored_evidence_audit_blinded.jsonl,c44d08c95c22bc5f82fc5b97107d366b561ff0b617207e57a2899ec91a265c38
E0015,115774b6-534d-444f-b7aa-d1b834eb0ee7_8_26,A:115774b6-534d-444f-b7aa-d1b834eb0ee7_8_26,A,not_in_correction,unsupported,,,unsupported,original_abd,E0015,outputs/abd_eval300_evidence_audit_v1/scored_evidence_audit_blinded.jsonl,c44d08c95c22bc5f82fc5b97107d366b561ff0b617207e57a2899ec91a265c38
E0016,6fd90f8d-7a4d-425d-a812-3268db0b0342_8_31,A:6fd90f8d-7a4d-425d-a812-3268db0b0342_8_31,A,not_in_correction,supported,,,supported,original_abd,E0016,outputs/abd_eval300_evidence_audit_v1/scored_evidence_audit_blinded.jsonl,c44d08c95c22bc5f82fc5b97107d366b561ff0b617207e57a2899ec91a265c38
E0017,71fbc5bf-7e2a-415d-86bc-3a948742e904_4_26,D:71fbc5bf-7e2a-415d-86bc-3a948742e904_4_26,D,not_in_correction,partially_supported,,,partially_supported,original_abd,E0017,outputs/abd_eval300_evidence_audit_v1/scored_evidence_audit_blinded.jsonl,c44d08c95c22bc5f82fc5b97107d366b561ff0b617207e57a2899ec91a265c38
E0018,6fd90f8d-7a4d-425d-a812-3268db0b0342_18_16,D:6fd90f8d-7a4d-425d-a812-3268db0b0342_18_16,D,not_in_correction,supported,,,supported,original_abd,E0018,outputs/abd_eval300_evidence_audit_v1/scored_evidence_audit_blinded.jsonl,c44d08c95c22bc5f82fc5b97107d366b561ff0b617207e57a2899ec91a265c38
E0019,70f2a750-f403-41b8-aabb-480eb3ab4ed4_17_14,D:70f2a750-f403-41b8-aabb-480eb3ab4ed4_17_14,D,not_in_correction,supported,,,supported,original_abd,E0019,outputs/abd_eval300_evidence_audit_v1/scored_evidence_audit_blinded.jsonl,c44d08c95c22bc5f82fc5b97107d366b561ff0b617207e57a2899ec91a265c38
E0020,115774b6-534d-444f-b7aa-d1b834eb0ee7_8_13,D:115774b6-534d-444f-b7aa-d1b834eb0ee7_8_13,D,not_in_correction,unsupported,,,unsupported,original_abd,E0020,outputs/abd_eval300_evidence_audit_v1/scored_evidence_audit_blinded.jsonl,c44d08c95c22bc5f82fc5b97107d366b561ff0b617207e57a2899ec91a265c38
E0021,7ddbf8a2-5b3e-44cd-b9dc-db17ec06831b_8_18,D:7ddbf8a2-5b3e-44cd-b9dc-db17ec06831b_8_18,D,control,supported,contradicted,partially_supported,partially_supported,sol_independent_review,S2D563A813DD3,outputs/abd_eval300_disagreement_independent_review_v1/blinded_reviewer_output/blinded_reviews.jsonl,75fdab627ddf165f75133f026d0a6e605e6b838bdcb58912e752a67a0783557f
E0022,db3f7933-dfa0-4678-9d4f-393b628ded45_8_4,B:db3f7933-dfa0-4678-9d4f-393b628ded45_8_4,B,not_in_correction,partially_supported,,,partially_supported,original_abd,E0022,outputs/abd_eval300_evidence_audit_v1/scored_evidence_audit_blinded.jsonl,c44d08c95c22bc5f82fc5b97107d366b561ff0b617207e57a2899ec91a265c38
E0023,70f2a750-f403-41b8-aabb-480eb3ab4ed4_17_31,D:70f2a750-f403-41b8-aabb-480eb3ab4ed4_17_31,D,control,unsupported,contradicted,contradicted,contradicted,sol_independent_review,S14AEA4F0D8C8,outputs/abd_eval300_disagreement_independent_review_v1/blinded_reviewer_output/blinded_reviews.jsonl,75fdab627ddf165f75133f026d0a6e605e6b838bdcb58912e752a67a0783557f
E0024,71fbc5bf-7e2a-415d-86bc-3a948742e904_7_24,A:71fbc5bf-7e2a-415d-86bc-3a948742e904_7_24,A,not_in_correction,partially_supported,,,partially_supported,original_abd,E0024,outputs/abd_eval300_evidence_audit_v1/scored_evidence_audit_blinded.jsonl,c44d08c95c22bc5f82fc5b97107d366b561ff0b617207e57a2899ec91a265c38
E0025,115774b6-534d-444f-b7aa-d1b834eb0ee7_17_31,D:115774b6-534d-444f-b7aa-d1b834eb0ee7_17_31,D,not_in_correction,supported,,,supported,original_abd,E0025,outputs/abd_eval300_evidence_audit_v1/scored_evidence_audit_blinded.jsonl,c44d08c95c22bc5f82fc5b97107d366b561ff0b617207e57a2899ec91a265c38
E0026,819c8af7-851f-434f-ab32-318285bc54b1_5_25,B:819c8af7-851f-434f-ab32-318285bc54b1_5_25,B,not_in_correction,partially_supported,,,partially_supported,original_abd,E0026,outputs/abd_eval300_evidence_audit_v1/scored_evidence_audit_blinded.jsonl,c44d08c95c22bc5f82fc5b97107d366b561ff0b617207e57a2899ec91a265c38
E0027,db3f7933-dfa0-4678-9d4f-393b628ded45_22_5,D:db3f7933-dfa0-4678-9d4f-393b628ded45_22_5,D,not_in_correction,supported,,,supported,original_abd,E0027,outputs/abd_eval300_evidence_audit_v1/scored_evidence_audit_blinded.jsonl,c44d08c95c22bc5f82fc5b97107d366b561ff0b617207e57a2899ec91a265c38
E0028,a6d45e95-8dc0-4932-83bf-ec53e265a16a_7_16,A:a6d45e95-8dc0-4932-83bf-ec53e265a16a_7_16,A,not_in_correction,partially_supported,,,partially_supported,original_abd,E0028,outputs/abd_eval300_evidence_audit_v1/scored_evidence_audit_blinded.jsonl,c44d08c95c22bc5f82fc5b97107d366b561ff0b617207e57a2899ec91a265c38
E0029,db3f7933-dfa0-4678-9d4f-393b628ded45_7_8,A:db3f7933-dfa0-4678-9d4f-393b628ded45_7_8,A,not_in_correction,partially_supported,,,partially_supported,original_abd,E0029,outputs/abd_eval300_evidence_audit_v1/scored_evidence_audit_blinded.jsonl,c44d08c95c22bc5f82fc5b97107d366b561ff0b617207e57a2899ec91a265c38
E0030,70f2a750-f403-41b8-aabb-480eb3ab4ed4_7_4,D:70f2a750-f403-41b8-aabb-480eb3ab4ed4_7_4,D,not_in_correction,supported,,,supported,original_abd,E0030,outputs/abd_eval300_evidence_audit_v1/scored_evidence_audit_blinded.jsonl,c44d08c95c22bc5f82fc5b97107d366b561ff0b617207e57a2899ec91a265c38
E0031,819c8af7-851f-434f-ab32-318285bc54b1_11_3,B:819c8af7-851f-434f-ab32-318285bc54b1_11_3,B,not_in_correction,partially_supported,,,partially_supported,original_abd,E0031,outputs/abd_eval300_evidence_audit_v1/scored_evidence_audit_blinded.jsonl,c44d08c95c22bc5f82fc5b97107d366b561ff0b617207e57a2899ec91a265c38
E0032,819c8af7-851f-434f-ab32-318285bc54b1_12_7,D:819c8af7-851f-434f-ab32-318285bc54b1_12_7,D,not_in_correction,supported,,,supported,original_abd,E0032,outputs/abd_eval300_evidence_audit_v1/scored_evidence_audit_blinded.jsonl,c44d08c95c22bc5f82fc5b97107d366b561ff0b617207e57a2899ec91a265c38
E0033,d3a0899e-2093-454c-9f65-30087883193a_17_2,A:d3a0899e-2093-454c-9f65-30087883193a_17_2,A,target,unreviewable,partially_supported,,partially_supported,correction,E0033,outputs/abd_eval300_evidence_audit_correction_validation_v1/extracted/corrected_blinded_reviews.jsonl,3ab37d3b323018ba063688790112639cb0053de4a0d1fb0407da2f012d35c991
E0034,41a86310-2cc1-48f9-b5b5-6b495a95fbac_17_2,B:41a86310-2cc1-48f9-b5b5-6b495a95fbac_17_2,B,not_in_correction,supported,,,supported,original_abd,E0034,outputs/abd_eval300_evidence_audit_v1/scored_evidence_audit_blinded.jsonl,c44d08c95c22bc5f82fc5b97107d366b561ff0b617207e57a2899ec91a265c38
E0035,d3a0899e-2093-454c-9f65-30087883193a_17_8,A:d3a0899e-2093-454c-9f65-30087883193a_17_8,A,not_in_correction,partially_supported,,,partially_supported,original_abd,E0035,outputs/abd_eval300_evidence_audit_v1/scored_evidence_audit_blinded.jsonl,c44d08c95c22bc5f82fc5b97107d366b561ff0b617207e57a2899ec91a265c38
E0036,d3a0899e-2093-454c-9f65-30087883193a_12_22,A:d3a0899e-2093-454c-9f65-30087883193a_12_22,A,not_in_correction,supported,,,supported,original_abd,E0036,outputs/abd_eval300_evidence_audit_v1/scored_evidence_audit_blinded.jsonl,c44d08c95c22bc5f82fc5b97107d366b561ff0b617207e57a2899ec91a265c38
E0037,a6d45e95-8dc0-4932-83bf-ec53e265a16a_17_2,D:a6d45e95-8dc0-4932-83bf-ec53e265a16a_17_2,D,not_in_correction,partially_supported,,,partially_supported,original_abd,E0037,outputs/abd_eval300_evidence_audit_v1/scored_evidence_audit_blinded.jsonl,c44d08c95c22bc5f82fc5b97107d366b561ff0b617207e57a2899ec91a265c38
E0038,4572b198-2c1c-4920-bcf0-95fcebe12261_17_25,A:4572b198-2c1c-4920-bcf0-95fcebe12261_17_25,A,not_in_correction,supported,,,supported,original_abd,E0038,outputs/abd_eval300_evidence_audit_v1/scored_evidence_audit_blinded.jsonl,c44d08c95c22bc5f82fc5b97107d366b561ff0b617207e57a2899ec91a265c38
E0039,41a86310-2cc1-48f9-b5b5-6b495a95fbac_17_21,B:41a86310-2cc1-48f9-b5b5-6b495a95fbac_17_21,B,not_in_correction,partially_supported,,,partially_supported,original_abd,E0039,outputs/abd_eval300_evidence_audit_v1/scored_evidence_audit_blinded.jsonl,c44d08c95c22bc5f82fc5b97107d366b561ff0b617207e57a2899ec91a265c38
E0040,7e512589-aa97-41e8-83d3-af2e83e4fd06_17_16,D:7e512589-aa97-41e8-83d3-af2e83e4fd06_17_16,D,not_in_correction,supported,,,supported,original_abd,E0040,outputs/abd_eval300_evidence_audit_v1/scored_evidence_audit_blinded.jsonl,c44d08c95c22bc5f82fc5b97107d366b561ff0b617207e57a2899ec91a265c38
E0041,115774b6-534d-444f-b7aa-d1b834eb0ee7_8_13,B:115774b6-534d-444f-b7aa-d1b834eb0ee7_8_13,B,not_in_correction,supported,,,supported,original_abd,E0041,outputs/abd_eval300_evidence_audit_v1/scored_evidence_audit_blinded.jsonl,c44d08c95c22bc5f82fc5b97107d366b561ff0b617207e57a2899ec91a265c38
E0042,71fbc5bf-7e2a-415d-86bc-3a948742e904_22_4,B:71fbc5bf-7e2a-415d-86bc-3a948742e904_22_4,B,not_in_correction,supported,,,supported,original_abd,E0042,outputs/abd_eval300_evidence_audit_v1/scored_evidence_audit_blinded.jsonl,c44d08c95c22bc5f82fc5b97107d366b561ff0b617207e57a2899ec91a265c38
E0043,70f2a750-f403-41b8-aabb-480eb3ab4ed4_7_5,A:70f2a750-f403-41b8-aabb-480eb3ab4ed4_7_5,A,not_in_correction,partially_supported,,,partially_supported,original_abd,E0043,outputs/abd_eval300_evidence_audit_v1/scored_evidence_audit_blinded.jsonl,c44d08c95c22bc5f82fc5b97107d366b561ff0b617207e57a2899ec91a265c38
E0044,7ddbf8a2-5b3e-44cd-b9dc-db17ec06831b_6_7,D:7ddbf8a2-5b3e-44cd-b9dc-db17ec06831b_6_7,D,not_in_correction,supported,,,supported,original_abd,E0044,outputs/abd_eval300_evidence_audit_v1/scored_evidence_audit_blinded.jsonl,c44d08c95c22bc5f82fc5b97107d366b561ff0b617207e57a2899ec91a265c38
E0045,70f2a750-f403-41b8-aabb-480eb3ab4ed4_12_17,D:70f2a750-f403-41b8-aabb-480eb3ab4ed4_12_17,D,not_in_correction,partially_supported,,,partially_supported,original_abd,E0045,outputs/abd_eval300_evidence_audit_v1/scored_evidence_audit_blinded.jsonl,c44d08c95c22bc5f82fc5b97107d366b561ff0b617207e57a2899ec91a265c38
E0046,115774b6-534d-444f-b7aa-d1b834eb0ee7_2_2,D:115774b6-534d-444f-b7aa-d1b834eb0ee7_2_2,D,target,unreviewable,unsupported,,unsupported,correction,E0046,outputs/abd_eval300_evidence_audit_correction_validation_v1/extracted/corrected_blinded_reviews.jsonl,3ab37d3b323018ba063688790112639cb0053de4a0d1fb0407da2f012d35c991
E0047,7e512589-aa97-41e8-83d3-af2e83e4fd06_7_20,A:7e512589-aa97-41e8-83d3-af2e83e4fd06_7_20,A,not_in_correction,partially_supported,,,partially_supported,original_abd,E0047,outputs/abd_eval300_evidence_audit_v1/scored_evidence_audit_blinded.jsonl,c44d08c95c22bc5f82fc5b97107d366b561ff0b617207e57a2899ec91a265c38
E0048,7e512589-aa97-41e8-83d3-af2e83e4fd06_3_21,A:7e512589-aa97-41e8-83d3-af2e83e4fd06_3_21,A,not_in_correction,partially_supported,,,partially_supported,original_abd,E0048,outputs/abd_eval300_evidence_audit_v1/scored_evidence_audit_blinded.jsonl,c44d08c95c22bc5f82fc5b97107d366b561ff0b617207e57a2899ec91a265c38
E0049,819c8af7-851f-434f-ab32-318285bc54b1_8_27,D:819c8af7-851f-434f-ab32-318285bc54b1_8_27,D,not_in_correction,partially_supported,,,partially_supported,original_abd,E0049,outputs/abd_eval300_evidence_audit_v1/scored_evidence_audit_blinded.jsonl,c44d08c95c22bc5f82fc5b97107d366b561ff0b617207e57a2899ec91a265c38
E0050,71fbc5bf-7e2a-415d-86bc-3a948742e904_6_14,A:71fbc5bf-7e2a-415d-86bc-3a948742e904_6_14,A,not_in_correction,partially_supported,,,partially_supported,original_abd,E0050,outputs/abd_eval300_evidence_audit_v1/scored_evidence_audit_blinded.jsonl,c44d08c95c22bc5f82fc5b97107d366b561ff0b617207e57a2899ec91a265c38
E0051,7ddbf8a2-5b3e-44cd-b9dc-db17ec06831b_22_23,B:7ddbf8a2-5b3e-44cd-b9dc-db17ec06831b_22_23,B,not_in_correction,supported,,,supported,original_abd,E0051,outputs/abd_eval300_evidence_audit_v1/scored_evidence_audit_blinded.jsonl,c44d08c95c22bc5f82fc5b97107d366b561ff0b617207e57a2899ec91a265c38
E0052,7e512589-aa97-41e8-83d3-af2e83e4fd06_17_34,A:7e512589-aa97-41e8-83d3-af2e83e4fd06_17_34,A,not_in_correction,partially_supported,,,partially_supported,original_abd,E0052,outputs/abd_eval300_evidence_audit_v1/scored_evidence_audit_blinded.jsonl,c44d08c95c22bc5f82fc5b97107d366b561ff0b617207e57a2899ec91a265c38
E0053,4572b198-2c1c-4920-bcf0-95fcebe12261_17_29,D:4572b198-2c1c-4920-bcf0-95fcebe12261_17_29,D,not_in_correction,partially_supported,,,partially_supported,original_abd,E0053,outputs/abd_eval300_evidence_audit_v1/scored_evidence_audit_blinded.jsonl,c44d08c95c22bc5f82fc5b97107d366b561ff0b617207e57a2899ec91a265c38
E0054,7e512589-aa97-41e8-83d3-af2e83e4fd06_11_18,D:7e512589-aa97-41e8-83d3-af2e83e4fd06_11_18,D,not_in_correction,partially_supported,,,partially_supported,original_abd,E0054,outputs/abd_eval300_evidence_audit_v1/scored_evidence_audit_blinded.jsonl,c44d08c95c22bc5f82fc5b97107d366b561ff0b617207e57a2899ec91a265c38
E0055,71fbc5bf-7e2a-415d-86bc-3a948742e904_17_25,B:71fbc5bf-7e2a-415d-86bc-3a948742e904_17_25,B,not_in_correction,supported,,,supported,original_abd,E0055,outputs/abd_eval300_evidence_audit_v1/scored_evidence_audit_blinded.jsonl,c44d08c95c22bc5f82fc5b97107d366b561ff0b617207e57a2899ec91a265c38
E0056,41a86310-2cc1-48f9-b5b5-6b495a95fbac_17_38,A:41a86310-2cc1-48f9-b5b5-6b495a95fbac_17_38,A,target,unreviewable,supported,,supported,correction,E0056,outputs/abd_eval300_evidence_audit_correction_validation_v1/extracted/corrected_blinded_reviews.jsonl,3ab37d3b323018ba063688790112639cb0053de4a0d1fb0407da2f012d35c991
E0057,70f2a750-f403-41b8-aabb-480eb3ab4ed4_4_15,B:70f2a750-f403-41b8-aabb-480eb3ab4ed4_4_15,B,not_in_correction,partially_supported,,,partially_supported,original_abd,E0057,outputs/abd_eval300_evidence_audit_v1/scored_evidence_audit_blinded.jsonl,c44d08c95c22bc5f82fc5b97107d366b561ff0b617207e57a2899ec91a265c38
E0058,41a86310-2cc1-48f9-b5b5-6b495a95fbac_11_31,B:41a86310-2cc1-48f9-b5b5-6b495a95fbac_11_31,B,not_in_correction,supported,,,supported,original_abd,E0058,outputs/abd_eval300_evidence_audit_v1/scored_evidence_audit_blinded.jsonl,c44d08c95c22bc5f82fc5b97107d366b561ff0b617207e57a2899ec91a265c38
E0059,6fd90f8d-7a4d-425d-a812-3268db0b0342_8_9,A:6fd90f8d-7a4d-425d-a812-3268db0b0342_8_9,A,not_in_correction,partially_supported,,,partially_supported,original_abd,E0059,outputs/abd_eval300_evidence_audit_v1/scored_evidence_audit_blinded.jsonl,c44d08c95c22bc5f82fc5b97107d366b561ff0b617207e57a2899ec91a265c38
E0060,41a86310-2cc1-48f9-b5b5-6b495a95fbac_23_8,A:41a86310-2cc1-48f9-b5b5-6b495a95fbac_23_8,A,not_in_correction,partially_supported,,,partially_supported,original_abd,E0060,outputs/abd_eval300_evidence_audit_v1/scored_evidence_audit_blinded.jsonl,c44d08c95c22bc5f82fc5b97107d366b561ff0b617207e57a2899ec91a265c38
E0061,db3f7933-dfa0-4678-9d4f-393b628ded45_11_2,D:db3f7933-dfa0-4678-9d4f-393b628ded45_11_2,D,control,supported,contradicted,partially_supported,partially_supported,sol_independent_review,SBEF1E46DB527,outputs/abd_eval300_disagreement_independent_review_v1/blinded_reviewer_output/blinded_reviews.jsonl,75fdab627ddf165f75133f026d0a6e605e6b838bdcb58912e752a67a0783557f
E0062,7ddbf8a2-5b3e-44cd-b9dc-db17ec06831b_4_2,B:7ddbf8a2-5b3e-44cd-b9dc-db17ec06831b_4_2,B,not_in_correction,partially_supported,,,partially_supported,original_abd,E0062,outputs/abd_eval300_evidence_audit_v1/scored_evidence_audit_blinded.jsonl,c44d08c95c22bc5f82fc5b97107d366b561ff0b617207e57a2899ec91a265c38
E0063,4572b198-2c1c-4920-bcf0-95fcebe12261_4_40,B:4572b198-2c1c-4920-bcf0-95fcebe12261_4_40,B,not_in_correction,partially_supported,,,partially_supported,original_abd,E0063,outputs/abd_eval300_evidence_audit_v1/scored_evidence_audit_blinded.jsonl,c44d08c95c22bc5f82fc5b97107d366b561ff0b617207e57a2899ec91a265c38
E0064,d3a0899e-2093-454c-9f65-30087883193a_17_20,A:d3a0899e-2093-454c-9f65-30087883193a_17_20,A,target,unreviewable,unsupported,,unsupported,correction,E0064,outputs/abd_eval300_evidence_audit_correction_validation_v1/extracted/corrected_blinded_reviews.jsonl,3ab37d3b323018ba063688790112639cb0053de4a0d1fb0407da2f012d35c991
E0065,4572b198-2c1c-4920-bcf0-95fcebe12261_17_10,B:4572b198-2c1c-4920-bcf0-95fcebe12261_17_10,B,not_in_correction,supported,,,supported,original_abd,E0065,outputs/abd_eval300_evidence_audit_v1/scored_evidence_audit_blinded.jsonl,c44d08c95c22bc5f82fc5b97107d366b561ff0b617207e57a2899ec91a265c38
E0066,db3f7933-dfa0-4678-9d4f-393b628ded45_22_24,A:db3f7933-dfa0-4678-9d4f-393b628ded45_22_24,A,not_in_correction,partially_supported,,,partially_supported,original_abd,E0066,outputs/abd_eval300_evidence_audit_v1/scored_evidence_audit_blinded.jsonl,c44d08c95c22bc5f82fc5b97107d366b561ff0b617207e57a2899ec91a265c38
E0067,7e512589-aa97-41e8-83d3-af2e83e4fd06_3_21,B:7e512589-aa97-41e8-83d3-af2e83e4fd06_3_21,B,not_in_correction,partially_supported,,,partially_supported,original_abd,E0067,outputs/abd_eval300_evidence_audit_v1/scored_evidence_audit_blinded.jsonl,c44d08c95c22bc5f82fc5b97107d366b561ff0b617207e57a2899ec91a265c38
E0068,115774b6-534d-444f-b7aa-d1b834eb0ee7_1_1,D:115774b6-534d-444f-b7aa-d1b834eb0ee7_1_1,D,not_in_correction,partially_supported,,,partially_supported,original_abd,E0068,outputs/abd_eval300_evidence_audit_v1/scored_evidence_audit_blinded.jsonl,c44d08c95c22bc5f82fc5b97107d366b561ff0b617207e57a2899ec91a265c38
E0069,6fd90f8d-7a4d-425d-a812-3268db0b0342_8_10,B:6fd90f8d-7a4d-425d-a812-3268db0b0342_8_10,B,not_in_correction,partially_supported,,,partially_supported,original_abd,E0069,outputs/abd_eval300_evidence_audit_v1/scored_evidence_audit_blinded.jsonl,c44d08c95c22bc5f82fc5b97107d366b561ff0b617207e57a2899ec91a265c38
E0070,7ddbf8a2-5b3e-44cd-b9dc-db17ec06831b_17_15,D:7ddbf8a2-5b3e-44cd-b9dc-db17ec06831b_17_15,D,not_in_correction,supported,,,supported,original_abd,E0070,outputs/abd_eval300_evidence_audit_v1/scored_evidence_audit_blinded.jsonl,c44d08c95c22bc5f82fc5b97107d366b561ff0b617207e57a2899ec91a265c38
E0071,819c8af7-851f-434f-ab32-318285bc54b1_17_29,D:819c8af7-851f-434f-ab32-318285bc54b1_17_29,D,not_in_correction,partially_supported,,,partially_supported,original_abd,E0071,outputs/abd_eval300_evidence_audit_v1/scored_evidence_audit_blinded.jsonl,c44d08c95c22bc5f82fc5b97107d366b561ff0b617207e57a2899ec91a265c38
E0072,71fbc5bf-7e2a-415d-86bc-3a948742e904_4_12,A:71fbc5bf-7e2a-415d-86bc-3a948742e904_4_12,A,control,partially_supported,unsupported,supported,supported,sol_independent_review,S8A3DF3CCABF0,outputs/abd_eval300_disagreement_independent_review_v1/blinded_reviewer_output/blinded_reviews.jsonl,75fdab627ddf165f75133f026d0a6e605e6b838bdcb58912e752a67a0783557f
E0073,70f2a750-f403-41b8-aabb-480eb3ab4ed4_5_19,D:70f2a750-f403-41b8-aabb-480eb3ab4ed4_5_19,D,not_in_correction,partially_supported,,,partially_supported,original_abd,E0073,outputs/abd_eval300_evidence_audit_v1/scored_evidence_audit_blinded.jsonl,c44d08c95c22bc5f82fc5b97107d366b561ff0b617207e57a2899ec91a265c38
E0074,41a86310-2cc1-48f9-b5b5-6b495a95fbac_6_32,A:41a86310-2cc1-48f9-b5b5-6b495a95fbac_6_32,A,not_in_correction,partially_supported,,,partially_supported,original_abd,E0074,outputs/abd_eval300_evidence_audit_v1/scored_evidence_audit_blinded.jsonl,c44d08c95c22bc5f82fc5b97107d366b561ff0b617207e57a2899ec91a265c38
E0075,7e512589-aa97-41e8-83d3-af2e83e4fd06_23_28,A:7e512589-aa97-41e8-83d3-af2e83e4fd06_23_28,A,not_in_correction,partially_supported,,,partially_supported,original_abd,E0075,outputs/abd_eval300_evidence_audit_v1/scored_evidence_audit_blinded.jsonl,c44d08c95c22bc5f82fc5b97107d366b561ff0b617207e57a2899ec91a265c38
E0076,819c8af7-851f-434f-ab32-318285bc54b1_8_1,B:819c8af7-851f-434f-ab32-318285bc54b1_8_1,B,not_in_correction,partially_supported,,,partially_supported,original_abd,E0076,outputs/abd_eval300_evidence_audit_v1/scored_evidence_audit_blinded.jsonl,c44d08c95c22bc5f82fc5b97107d366b561ff0b617207e57a2899ec91a265c38
E0077,115774b6-534d-444f-b7aa-d1b834eb0ee7_17_12,B:115774b6-534d-444f-b7aa-d1b834eb0ee7_17_12,B,control,partially_supported,unsupported,unsupported,unsupported,sol_independent_review,SFF39D54377D0,outputs/abd_eval300_disagreement_independent_review_v1/blinded_reviewer_output/blinded_reviews.jsonl,75fdab627ddf165f75133f026d0a6e605e6b838bdcb58912e752a67a0783557f
E0078,7e512589-aa97-41e8-83d3-af2e83e4fd06_6_7,B:7e512589-aa97-41e8-83d3-af2e83e4fd06_6_7,B,not_in_correction,partially_supported,,,partially_supported,original_abd,E0078,outputs/abd_eval300_evidence_audit_v1/scored_evidence_audit_blinded.jsonl,c44d08c95c22bc5f82fc5b97107d366b561ff0b617207e57a2899ec91a265c38
E0079,41a86310-2cc1-48f9-b5b5-6b495a95fbac_17_2,D:41a86310-2cc1-48f9-b5b5-6b495a95fbac_17_2,D,not_in_correction,partially_supported,,,partially_supported,original_abd,E0079,outputs/abd_eval300_evidence_audit_v1/scored_evidence_audit_blinded.jsonl,c44d08c95c22bc5f82fc5b97107d366b561ff0b617207e57a2899ec91a265c38
E0080,41a86310-2cc1-48f9-b5b5-6b495a95fbac_23_8,B:41a86310-2cc1-48f9-b5b5-6b495a95fbac_23_8,B,not_in_correction,partially_supported,,,partially_supported,original_abd,E0080,outputs/abd_eval300_evidence_audit_v1/scored_evidence_audit_blinded.jsonl,c44d08c95c22bc5f82fc5b97107d366b561ff0b617207e57a2899ec91a265c38
E0081,db3f7933-dfa0-4678-9d4f-393b628ded45_7_6,D:db3f7933-dfa0-4678-9d4f-393b628ded45_7_6,D,not_in_correction,partially_supported,,,partially_supported,original_abd,E0081,outputs/abd_eval300_evidence_audit_v1/scored_evidence_audit_blinded.jsonl,c44d08c95c22bc5f82fc5b97107d366b561ff0b617207e57a2899ec91a265c38
E0082,70f2a750-f403-41b8-aabb-480eb3ab4ed4_4_15,A:70f2a750-f403-41b8-aabb-480eb3ab4ed4_4_15,A,not_in_correction,partially_supported,,,partially_supported,original_abd,E0082,outputs/abd_eval300_evidence_audit_v1/scored_evidence_audit_blinded.jsonl,c44d08c95c22bc5f82fc5b97107d366b561ff0b617207e57a2899ec91a265c38
E0083,4572b198-2c1c-4920-bcf0-95fcebe12261_5_11,A:4572b198-2c1c-4920-bcf0-95fcebe12261_5_11,A,not_in_correction,partially_supported,,,partially_supported,original_abd,E0083,outputs/abd_eval300_evidence_audit_v1/scored_evidence_audit_blinded.jsonl,c44d08c95c22bc5f82fc5b97107d366b561ff0b617207e57a2899ec91a265c38
E0084,115774b6-534d-444f-b7aa-d1b834eb0ee7_8_8,D:115774b6-534d-444f-b7aa-d1b834eb0ee7_8_8,D,not_in_correction,partially_supported,,,partially_supported,original_abd,E0084,outputs/abd_eval300_evidence_audit_v1/scored_evidence_audit_blinded.jsonl,c44d08c95c22bc5f82fc5b97107d366b561ff0b617207e57a2899ec91a265c38
E0085,a6d45e95-8dc0-4932-83bf-ec53e265a16a_8_1,B:a6d45e95-8dc0-4932-83bf-ec53e265a16a_8_1,B,not_in_correction,partially_supported,,,partially_supported,original_abd,E0085,outputs/abd_eval300_evidence_audit_v1/scored_evidence_audit_blinded.jsonl,c44d08c95c22bc5f82fc5b97107d366b561ff0b617207e57a2899ec91a265c38
E0086,7e512589-aa97-41e8-83d3-af2e83e4fd06_11_14,A:7e512589-aa97-41e8-83d3-af2e83e4fd06_11_14,A,not_in_correction,partially_supported,,,partially_supported,original_abd,E0086,outputs/abd_eval300_evidence_audit_v1/scored_evidence_audit_blinded.jsonl,c44d08c95c22bc5f82fc5b97107d366b561ff0b617207e57a2899ec91a265c38
E0087,41a86310-2cc1-48f9-b5b5-6b495a95fbac_17_26,A:41a86310-2cc1-48f9-b5b5-6b495a95fbac_17_26,A,not_in_correction,partially_supported,,,partially_supported,original_abd,E0087,outputs/abd_eval300_evidence_audit_v1/scored_evidence_audit_blinded.jsonl,c44d08c95c22bc5f82fc5b97107d366b561ff0b617207e57a2899ec91a265c38
E0088,a6d45e95-8dc0-4932-83bf-ec53e265a16a_17_2,B:a6d45e95-8dc0-4932-83bf-ec53e265a16a_17_2,B,not_in_correction,partially_supported,,,partially_supported,original_abd,E0088,outputs/abd_eval300_evidence_audit_v1/scored_evidence_audit_blinded.jsonl,c44d08c95c22bc5f82fc5b97107d366b561ff0b617207e57a2899ec91a265c38
E0089,a6d45e95-8dc0-4932-83bf-ec53e265a16a_4_9,A:a6d45e95-8dc0-4932-83bf-ec53e265a16a_4_9,A,not_in_correction,partially_supported,,,partially_supported,original_abd,E0089,outputs/abd_eval300_evidence_audit_v1/scored_evidence_audit_blinded.jsonl,c44d08c95c22bc5f82fc5b97107d366b561ff0b617207e57a2899ec91a265c38
E0090,6fd90f8d-7a4d-425d-a812-3268db0b0342_14_3,A:6fd90f8d-7a4d-425d-a812-3268db0b0342_14_3,A,not_in_correction,unsupported,,,unsupported,original_abd,E0090,outputs/abd_eval300_evidence_audit_v1/scored_evidence_audit_blinded.jsonl,c44d08c95c22bc5f82fc5b97107d366b561ff0b617207e57a2899ec91a265c38
E0091,70f2a750-f403-41b8-aabb-480eb3ab4ed4_7_5,D:70f2a750-f403-41b8-aabb-480eb3ab4ed4_7_5,D,not_in_correction,supported,,,supported,original_abd,E0091,outputs/abd_eval300_evidence_audit_v1/scored_evidence_audit_blinded.jsonl,c44d08c95c22bc5f82fc5b97107d366b561ff0b617207e57a2899ec91a265c38
E0092,71fbc5bf-7e2a-415d-86bc-3a948742e904_4_26,A:71fbc5bf-7e2a-415d-86bc-3a948742e904_4_26,A,target,unreviewable,unsupported,,unsupported,correction,E0092,outputs/abd_eval300_evidence_audit_correction_validation_v1/extracted/corrected_blinded_reviews.jsonl,3ab37d3b323018ba063688790112639cb0053de4a0d1fb0407da2f012d35c991
E0093,db3f7933-dfa0-4678-9d4f-393b628ded45_8_4,A:db3f7933-dfa0-4678-9d4f-393b628ded45_8_4,A,target,unreviewable,partially_supported,,partially_supported,correction,E0093,outputs/abd_eval300_evidence_audit_correction_validation_v1/extracted/corrected_blinded_reviews.jsonl,3ab37d3b323018ba063688790112639cb0053de4a0d1fb0407da2f012d35c991
E0094,d3a0899e-2093-454c-9f65-30087883193a_7_9,D:d3a0899e-2093-454c-9f65-30087883193a_7_9,D,not_in_correction,supported,,,supported,original_abd,E0094,outputs/abd_eval300_evidence_audit_v1/scored_evidence_audit_blinded.jsonl,c44d08c95c22bc5f82fc5b97107d366b561ff0b617207e57a2899ec91a265c38
E0095,7ddbf8a2-5b3e-44cd-b9dc-db17ec06831b_4_24,A:7ddbf8a2-5b3e-44cd-b9dc-db17ec06831b_4_24,A,not_in_correction,unsupported,,,unsupported,original_abd,E0095,outputs/abd_eval300_evidence_audit_v1/scored_evidence_audit_blinded.jsonl,c44d08c95c22bc5f82fc5b97107d366b561ff0b617207e57a2899ec91a265c38
E0096,70f2a750-f403-41b8-aabb-480eb3ab4ed4_7_28,D:70f2a750-f403-41b8-aabb-480eb3ab4ed4_7_28,D,not_in_correction,supported,,,supported,original_abd,E0096,outputs/abd_eval300_evidence_audit_v1/scored_evidence_audit_blinded.jsonl,c44d08c95c22bc5f82fc5b97107d366b561ff0b617207e57a2899ec91a265c38
E0097,819c8af7-851f-434f-ab32-318285bc54b1_17_29,A:819c8af7-851f-434f-ab32-318285bc54b1_17_29,A,target,unreviewable,partially_supported,,partially_supported,correction,E0097,outputs/abd_eval300_evidence_audit_correction_validation_v1/extracted/corrected_blinded_reviews.jsonl,3ab37d3b323018ba063688790112639cb0053de4a0d1fb0407da2f012d35c991
E0098,7ddbf8a2-5b3e-44cd-b9dc-db17ec06831b_5_22,A:7ddbf8a2-5b3e-44cd-b9dc-db17ec06831b_5_22,A,target,unreviewable,unsupported,,unsupported,correction,E0098,outputs/abd_eval300_evidence_audit_correction_validation_v1/extracted/corrected_blinded_reviews.jsonl,3ab37d3b323018ba063688790112639cb0053de4a0d1fb0407da2f012d35c991
E0099,a6d45e95-8dc0-4932-83bf-ec53e265a16a_12_4,A:a6d45e95-8dc0-4932-83bf-ec53e265a16a_12_4,A,not_in_correction,partially_supported,,,partially_supported,original_abd,E0099,outputs/abd_eval300_evidence_audit_v1/scored_evidence_audit_blinded.jsonl,c44d08c95c22bc5f82fc5b97107d366b561ff0b617207e57a2899ec91a265c38
E0100,7ddbf8a2-5b3e-44cd-b9dc-db17ec06831b_17_6,B:7ddbf8a2-5b3e-44cd-b9dc-db17ec06831b_17_6,B,not_in_correction,supported,,,supported,original_abd,E0100,outputs/abd_eval300_evidence_audit_v1/scored_evidence_audit_blinded.jsonl,c44d08c95c22bc5f82fc5b97107d366b561ff0b617207e57a2899ec91a265c38
E0101,7ddbf8a2-5b3e-44cd-b9dc-db17ec06831b_5_1,B:7ddbf8a2-5b3e-44cd-b9dc-db17ec06831b_5_1,B,target,unreviewable,partially_supported,,partially_supported,correction,E0101,outputs/abd_eval300_evidence_audit_correction_validation_v1/extracted/corrected_blinded_reviews.jsonl,3ab37d3b323018ba063688790112639cb0053de4a0d1fb0407da2f012d35c991
E0102,4572b198-2c1c-4920-bcf0-95fcebe12261_7_5,B:4572b198-2c1c-4920-bcf0-95fcebe12261_7_5,B,target,unreviewable,unsupported,,unsupported,correction,E0102,outputs/abd_eval300_evidence_audit_correction_validation_v1/extracted/corrected_blinded_reviews.jsonl,3ab37d3b323018ba063688790112639cb0053de4a0d1fb0407da2f012d35c991
E0103,d3a0899e-2093-454c-9f65-30087883193a_17_19,A:d3a0899e-2093-454c-9f65-30087883193a_17_19,A,target,unreviewable,partially_supported,,partially_supported,correction,E0103,outputs/abd_eval300_evidence_audit_correction_validation_v1/extracted/corrected_blinded_reviews.jsonl,3ab37d3b323018ba063688790112639cb0053de4a0d1fb0407da2f012d35c991
E0104,7e512589-aa97-41e8-83d3-af2e83e4fd06_6_27,B:7e512589-aa97-41e8-83d3-af2e83e4fd06_6_27,B,not_in_correction,partially_supported,,,partially_supported,original_abd,E0104,outputs/abd_eval300_evidence_audit_v1/scored_evidence_audit_blinded.jsonl,c44d08c95c22bc5f82fc5b97107d366b561ff0b617207e57a2899ec91a265c38
E0105,a6d45e95-8dc0-4932-83bf-ec53e265a16a_17_25,A:a6d45e95-8dc0-4932-83bf-ec53e265a16a_17_25,A,not_in_correction,partially_supported,,,partially_supported,original_abd,E0105,outputs/abd_eval300_evidence_audit_v1/scored_evidence_audit_blinded.jsonl,c44d08c95c22bc5f82fc5b97107d366b561ff0b617207e57a2899ec91a265c38
E0106,70f2a750-f403-41b8-aabb-480eb3ab4ed4_11_23,A:70f2a750-f403-41b8-aabb-480eb3ab4ed4_11_23,A,target,unreviewable,contradicted,,contradicted,correction,E0106,outputs/abd_eval300_evidence_audit_correction_validation_v1/extracted/corrected_blinded_reviews.jsonl,3ab37d3b323018ba063688790112639cb0053de4a0d1fb0407da2f012d35c991
E0107,819c8af7-851f-434f-ab32-318285bc54b1_5_28,B:819c8af7-851f-434f-ab32-318285bc54b1_5_28,B,target,unreviewable,supported,,supported,correction,E0107,outputs/abd_eval300_evidence_audit_correction_validation_v1/extracted/corrected_blinded_reviews.jsonl,3ab37d3b323018ba063688790112639cb0053de4a0d1fb0407da2f012d35c991
E0108,6fd90f8d-7a4d-425d-a812-3268db0b0342_16_3,D:6fd90f8d-7a4d-425d-a812-3268db0b0342_16_3,D,not_in_correction,partially_supported,,,partially_supported,original_abd,E0108,outputs/abd_eval300_evidence_audit_v1/scored_evidence_audit_blinded.jsonl,c44d08c95c22bc5f82fc5b97107d366b561ff0b617207e57a2899ec91a265c38
E0109,7ddbf8a2-5b3e-44cd-b9dc-db17ec06831b_4_19,B:7ddbf8a2-5b3e-44cd-b9dc-db17ec06831b_4_19,B,not_in_correction,partially_supported,,,partially_supported,original_abd,E0109,outputs/abd_eval300_evidence_audit_v1/scored_evidence_audit_blinded.jsonl,c44d08c95c22bc5f82fc5b97107d366b561ff0b617207e57a2899ec91a265c38
E0110,db3f7933-dfa0-4678-9d4f-393b628ded45_17_13,D:db3f7933-dfa0-4678-9d4f-393b628ded45_17_13,D,not_in_correction,supported,,,supported,original_abd,E0110,outputs/abd_eval300_evidence_audit_v1/scored_evidence_audit_blinded.jsonl,c44d08c95c22bc5f82fc5b97107d366b561ff0b617207e57a2899ec91a265c38
E0111,7ddbf8a2-5b3e-44cd-b9dc-db17ec06831b_7_11,B:7ddbf8a2-5b3e-44cd-b9dc-db17ec06831b_7_11,B,not_in_correction,partially_supported,,,partially_supported,original_abd,E0111,outputs/abd_eval300_evidence_audit_v1/scored_evidence_audit_blinded.jsonl,c44d08c95c22bc5f82fc5b97107d366b561ff0b617207e57a2899ec91a265c38
E0112,a6d45e95-8dc0-4932-83bf-ec53e265a16a_5_26,D:a6d45e95-8dc0-4932-83bf-ec53e265a16a_5_26,D,control,supported,contradicted,partially_supported,partially_supported,sol_independent_review,S6850B02920E0,outputs/abd_eval300_disagreement_independent_review_v1/blinded_reviewer_output/blinded_reviews.jsonl,75fdab627ddf165f75133f026d0a6e605e6b838bdcb58912e752a67a0783557f
E0113,6fd90f8d-7a4d-425d-a812-3268db0b0342_15_2,D:6fd90f8d-7a4d-425d-a812-3268db0b0342_15_2,D,control,supported,unsupported,unsupported,unsupported,sol_independent_review,S6F15F6A54C43,outputs/abd_eval300_disagreement_independent_review_v1/blinded_reviewer_output/blinded_reviews.jsonl,75fdab627ddf165f75133f026d0a6e605e6b838bdcb58912e752a67a0783557f
E0114,7ddbf8a2-5b3e-44cd-b9dc-db17ec06831b_8_13,B:7ddbf8a2-5b3e-44cd-b9dc-db17ec06831b_8_13,B,control,partially_supported,unsupported,unsupported,unsupported,sol_independent_review,SD71024338BBB,outputs/abd_eval300_disagreement_independent_review_v1/blinded_reviewer_output/blinded_reviews.jsonl,75fdab627ddf165f75133f026d0a6e605e6b838bdcb58912e752a67a0783557f
E0115,41a86310-2cc1-48f9-b5b5-6b495a95fbac_6_14,B:41a86310-2cc1-48f9-b5b5-6b495a95fbac_6_14,B,target,unreviewable,partially_supported,,partially_supported,correction,E0115,outputs/abd_eval300_evidence_audit_correction_validation_v1/extracted/corrected_blinded_reviews.jsonl,3ab37d3b323018ba063688790112639cb0053de4a0d1fb0407da2f012d35c991
E0116,4572b198-2c1c-4920-bcf0-95fcebe12261_17_26,B:4572b198-2c1c-4920-bcf0-95fcebe12261_17_26,B,target,unreviewable,unsupported,,unsupported,correction,E0116,outputs/abd_eval300_evidence_audit_correction_validation_v1/extracted/corrected_blinded_reviews.jsonl,3ab37d3b323018ba063688790112639cb0053de4a0d1fb0407da2f012d35c991
E0117,7ddbf8a2-5b3e-44cd-b9dc-db17ec06831b_11_17,A:7ddbf8a2-5b3e-44cd-b9dc-db17ec06831b_11_17,A,target,unreviewable,unsupported,,unsupported,correction,E0117,outputs/abd_eval300_evidence_audit_correction_validation_v1/extracted/corrected_blinded_reviews.jsonl,3ab37d3b323018ba063688790112639cb0053de4a0d1fb0407da2f012d35c991
E0118,70f2a750-f403-41b8-aabb-480eb3ab4ed4_4_11,B:70f2a750-f403-41b8-aabb-480eb3ab4ed4_4_11,B,not_in_correction,partially_supported,,,partially_supported,original_abd,E0118,outputs/abd_eval300_evidence_audit_v1/scored_evidence_audit_blinded.jsonl,c44d08c95c22bc5f82fc5b97107d366b561ff0b617207e57a2899ec91a265c38
E0119,7e512589-aa97-41e8-83d3-af2e83e4fd06_5_33,D:7e512589-aa97-41e8-83d3-af2e83e4fd06_5_33,D,not_in_correction,partially_supported,,,partially_supported,original_abd,E0119,outputs/abd_eval300_evidence_audit_v1/scored_evidence_audit_blinded.jsonl,c44d08c95c22bc5f82fc5b97107d366b561ff0b617207e57a2899ec91a265c38
E0120,7e512589-aa97-41e8-83d3-af2e83e4fd06_17_16,A:7e512589-aa97-41e8-83d3-af2e83e4fd06_17_16,A,not_in_correction,partially_supported,,,partially_supported,original_abd,E0120,outputs/abd_eval300_evidence_audit_v1/scored_evidence_audit_blinded.jsonl,c44d08c95c22bc5f82fc5b97107d366b561ff0b617207e57a2899ec91a265c38
E0121,4572b198-2c1c-4920-bcf0-95fcebe12261_4_3,B:4572b198-2c1c-4920-bcf0-95fcebe12261_4_3,B,not_in_correction,partially_supported,,,partially_supported,original_abd,E0121,outputs/abd_eval300_evidence_audit_v1/scored_evidence_audit_blinded.jsonl,c44d08c95c22bc5f82fc5b97107d366b561ff0b617207e57a2899ec91a265c38
E0122,70f2a750-f403-41b8-aabb-480eb3ab4ed4_17_8,B:70f2a750-f403-41b8-aabb-480eb3ab4ed4_17_8,B,control,supported,unsupported,partially_supported,partially_supported,sol_independent_review,S8427C422C116,outputs/abd_eval300_disagreement_independent_review_v1/blinded_reviewer_output/blinded_reviews.jsonl,75fdab627ddf165f75133f026d0a6e605e6b838bdcb58912e752a67a0783557f
E0123,db3f7933-dfa0-4678-9d4f-393b628ded45_7_10,D:db3f7933-dfa0-4678-9d4f-393b628ded45_7_10,D,not_in_correction,partially_supported,,,partially_supported,original_abd,E0123,outputs/abd_eval300_evidence_audit_v1/scored_evidence_audit_blinded.jsonl,c44d08c95c22bc5f82fc5b97107d366b561ff0b617207e57a2899ec91a265c38
E0124,7e512589-aa97-41e8-83d3-af2e83e4fd06_21_19,A:7e512589-aa97-41e8-83d3-af2e83e4fd06_21_19,A,not_in_correction,partially_supported,,,partially_supported,original_abd,E0124,outputs/abd_eval300_evidence_audit_v1/scored_evidence_audit_blinded.jsonl,c44d08c95c22bc5f82fc5b97107d366b561ff0b617207e57a2899ec91a265c38
E0125,115774b6-534d-444f-b7aa-d1b834eb0ee7_6_3,B:115774b6-534d-444f-b7aa-d1b834eb0ee7_6_3,B,not_in_correction,partially_supported,,,partially_supported,original_abd,E0125,outputs/abd_eval300_evidence_audit_v1/scored_evidence_audit_blinded.jsonl,c44d08c95c22bc5f82fc5b97107d366b561ff0b617207e57a2899ec91a265c38
E0126,41a86310-2cc1-48f9-b5b5-6b495a95fbac_6_24,A:41a86310-2cc1-48f9-b5b5-6b495a95fbac_6_24,A,not_in_correction,partially_supported,,,partially_supported,original_abd,E0126,outputs/abd_eval300_evidence_audit_v1/scored_evidence_audit_blinded.jsonl,c44d08c95c22bc5f82fc5b97107d366b561ff0b617207e57a2899ec91a265c38
E0127,41a86310-2cc1-48f9-b5b5-6b495a95fbac_7_17,D:41a86310-2cc1-48f9-b5b5-6b495a95fbac_7_17,D,not_in_correction,partially_supported,,,partially_supported,original_abd,E0127,outputs/abd_eval300_evidence_audit_v1/scored_evidence_audit_blinded.jsonl,c44d08c95c22bc5f82fc5b97107d366b561ff0b617207e57a2899ec91a265c38
E0128,41a86310-2cc1-48f9-b5b5-6b495a95fbac_11_1,A:41a86310-2cc1-48f9-b5b5-6b495a95fbac_11_1,A,not_in_correction,partially_supported,,,partially_supported,original_abd,E0128,outputs/abd_eval300_evidence_audit_v1/scored_evidence_audit_blinded.jsonl,c44d08c95c22bc5f82fc5b97107d366b561ff0b617207e57a2899ec91a265c38
E0129,7ddbf8a2-5b3e-44cd-b9dc-db17ec06831b_4_9,A:7ddbf8a2-5b3e-44cd-b9dc-db17ec06831b_4_9,A,not_in_correction,partially_supported,,,partially_supported,original_abd,E0129,outputs/abd_eval300_evidence_audit_v1/scored_evidence_audit_blinded.jsonl,c44d08c95c22bc5f82fc5b97107d366b561ff0b617207e57a2899ec91a265c38
E0130,d3a0899e-2093-454c-9f65-30087883193a_4_7,B:d3a0899e-2093-454c-9f65-30087883193a_4_7,B,not_in_correction,partially_supported,,,partially_supported,original_abd,E0130,outputs/abd_eval300_evidence_audit_v1/scored_evidence_audit_blinded.jsonl,c44d08c95c22bc5f82fc5b97107d366b561ff0b617207e57a2899ec91a265c38
E0131,819c8af7-851f-434f-ab32-318285bc54b1_17_26,A:819c8af7-851f-434f-ab32-318285bc54b1_17_26,A,not_in_correction,partially_supported,,,partially_supported,original_abd,E0131,outputs/abd_eval300_evidence_audit_v1/scored_evidence_audit_blinded.jsonl,c44d08c95c22bc5f82fc5b97107d366b561ff0b617207e57a2899ec91a265c38
E0132,db3f7933-dfa0-4678-9d4f-393b628ded45_2_1,D:db3f7933-dfa0-4678-9d4f-393b628ded45_2_1,D,not_in_correction,partially_supported,,,partially_supported,original_abd,E0132,outputs/abd_eval300_evidence_audit_v1/scored_evidence_audit_blinded.jsonl,c44d08c95c22bc5f82fc5b97107d366b561ff0b617207e57a2899ec91a265c38
E0133,4572b198-2c1c-4920-bcf0-95fcebe12261_4_40,A:4572b198-2c1c-4920-bcf0-95fcebe12261_4_40,A,not_in_correction,partially_supported,,,partially_supported,original_abd,E0133,outputs/abd_eval300_evidence_audit_v1/scored_evidence_audit_blinded.jsonl,c44d08c95c22bc5f82fc5b97107d366b561ff0b617207e57a2899ec91a265c38
E0134,819c8af7-851f-434f-ab32-318285bc54b1_8_27,B:819c8af7-851f-434f-ab32-318285bc54b1_8_27,B,target,unreviewable,partially_supported,,partially_supported,correction,E0134,outputs/abd_eval300_evidence_audit_correction_validation_v1/extracted/corrected_blinded_reviews.jsonl,3ab37d3b323018ba063688790112639cb0053de4a0d1fb0407da2f012d35c991
E0135,41a86310-2cc1-48f9-b5b5-6b495a95fbac_11_31,A:41a86310-2cc1-48f9-b5b5-6b495a95fbac_11_31,A,target,unreviewable,contradicted,,contradicted,correction,E0135,outputs/abd_eval300_evidence_audit_correction_validation_v1/extracted/corrected_blinded_reviews.jsonl,3ab37d3b323018ba063688790112639cb0053de4a0d1fb0407da2f012d35c991
E0136,41a86310-2cc1-48f9-b5b5-6b495a95fbac_17_33,B:41a86310-2cc1-48f9-b5b5-6b495a95fbac_17_33,B,not_in_correction,supported,,,supported,original_abd,E0136,outputs/abd_eval300_evidence_audit_v1/scored_evidence_audit_blinded.jsonl,c44d08c95c22bc5f82fc5b97107d366b561ff0b617207e57a2899ec91a265c38
E0137,d3a0899e-2093-454c-9f65-30087883193a_7_29,A:d3a0899e-2093-454c-9f65-30087883193a_7_29,A,not_in_correction,partially_supported,,,partially_supported,original_abd,E0137,outputs/abd_eval300_evidence_audit_v1/scored_evidence_audit_blinded.jsonl,c44d08c95c22bc5f82fc5b97107d366b561ff0b617207e57a2899ec91a265c38
E0138,db3f7933-dfa0-4678-9d4f-393b628ded45_2_1,B:db3f7933-dfa0-4678-9d4f-393b628ded45_2_1,B,not_in_correction,partially_supported,,,partially_supported,original_abd,E0138,outputs/abd_eval300_evidence_audit_v1/scored_evidence_audit_blinded.jsonl,c44d08c95c22bc5f82fc5b97107d366b561ff0b617207e57a2899ec91a265c38
E0139,7e512589-aa97-41e8-83d3-af2e83e4fd06_6_27,A:7e512589-aa97-41e8-83d3-af2e83e4fd06_6_27,A,not_in_correction,partially_supported,,,partially_supported,original_abd,E0139,outputs/abd_eval300_evidence_audit_v1/scored_evidence_audit_blinded.jsonl,c44d08c95c22bc5f82fc5b97107d366b561ff0b617207e57a2899ec91a265c38
E0140,a6d45e95-8dc0-4932-83bf-ec53e265a16a_8_22,A:a6d45e95-8dc0-4932-83bf-ec53e265a16a_8_22,A,not_in_correction,partially_supported,,,partially_supported,original_abd,E0140,outputs/abd_eval300_evidence_audit_v1/scored_evidence_audit_blinded.jsonl,c44d08c95c22bc5f82fc5b97107d366b561ff0b617207e57a2899ec91a265c38
E0141,6fd90f8d-7a4d-425d-a812-3268db0b0342_18_17,A:6fd90f8d-7a4d-425d-a812-3268db0b0342_18_17,A,not_in_correction,partially_supported,,,partially_supported,original_abd,E0141,outputs/abd_eval300_evidence_audit_v1/scored_evidence_audit_blinded.jsonl,c44d08c95c22bc5f82fc5b97107d366b561ff0b617207e57a2899ec91a265c38
E0142,71fbc5bf-7e2a-415d-86bc-3a948742e904_4_26,B:71fbc5bf-7e2a-415d-86bc-3a948742e904_4_26,B,not_in_correction,supported,,,supported,original_abd,E0142,outputs/abd_eval300_evidence_audit_v1/scored_evidence_audit_blinded.jsonl,c44d08c95c22bc5f82fc5b97107d366b561ff0b617207e57a2899ec91a265c38
E0143,db3f7933-dfa0-4678-9d4f-393b628ded45_22_12,B:db3f7933-dfa0-4678-9d4f-393b628ded45_22_12,B,not_in_correction,supported,,,supported,original_abd,E0143,outputs/abd_eval300_evidence_audit_v1/scored_evidence_audit_blinded.jsonl,c44d08c95c22bc5f82fc5b97107d366b561ff0b617207e57a2899ec91a265c38
E0144,115774b6-534d-444f-b7aa-d1b834eb0ee7_17_14,A:115774b6-534d-444f-b7aa-d1b834eb0ee7_17_14,A,target,unreviewable,unsupported,,unsupported,correction,E0144,outputs/abd_eval300_evidence_audit_correction_validation_v1/extracted/corrected_blinded_reviews.jsonl,3ab37d3b323018ba063688790112639cb0053de4a0d1fb0407da2f012d35c991
E0145,6fd90f8d-7a4d-425d-a812-3268db0b0342_14_3,B:6fd90f8d-7a4d-425d-a812-3268db0b0342_14_3,B,not_in_correction,partially_supported,,,partially_supported,original_abd,E0145,outputs/abd_eval300_evidence_audit_v1/scored_evidence_audit_blinded.jsonl,c44d08c95c22bc5f82fc5b97107d366b561ff0b617207e57a2899ec91a265c38
E0146,d3a0899e-2093-454c-9f65-30087883193a_1_1,B:d3a0899e-2093-454c-9f65-30087883193a_1_1,B,not_in_correction,partially_supported,,,partially_supported,original_abd,E0146,outputs/abd_eval300_evidence_audit_v1/scored_evidence_audit_blinded.jsonl,c44d08c95c22bc5f82fc5b97107d366b561ff0b617207e57a2899ec91a265c38
E0147,4572b198-2c1c-4920-bcf0-95fcebe12261_17_17,D:4572b198-2c1c-4920-bcf0-95fcebe12261_17_17,D,not_in_correction,supported,,,supported,original_abd,E0147,outputs/abd_eval300_evidence_audit_v1/scored_evidence_audit_blinded.jsonl,c44d08c95c22bc5f82fc5b97107d366b561ff0b617207e57a2899ec91a265c38
E0148,819c8af7-851f-434f-ab32-318285bc54b1_4_4,D:819c8af7-851f-434f-ab32-318285bc54b1_4_4,D,not_in_correction,partially_supported,,,partially_supported,original_abd,E0148,outputs/abd_eval300_evidence_audit_v1/scored_evidence_audit_blinded.jsonl,c44d08c95c22bc5f82fc5b97107d366b561ff0b617207e57a2899ec91a265c38
E0149,71fbc5bf-7e2a-415d-86bc-3a948742e904_5_27,B:71fbc5bf-7e2a-415d-86bc-3a948742e904_5_27,B,not_in_correction,partially_supported,,,partially_supported,original_abd,E0149,outputs/abd_eval300_evidence_audit_v1/scored_evidence_audit_blinded.jsonl,c44d08c95c22bc5f82fc5b97107d366b561ff0b617207e57a2899ec91a265c38
E0150,7e512589-aa97-41e8-83d3-af2e83e4fd06_22_11,D:7e512589-aa97-41e8-83d3-af2e83e4fd06_22_11,D,control,supported,supported,,supported,correction,E0150,outputs/abd_eval300_evidence_audit_correction_validation_v1/extracted/corrected_blinded_reviews.jsonl,3ab37d3b323018ba063688790112639cb0053de4a0d1fb0407da2f012d35c991
E0151,41a86310-2cc1-48f9-b5b5-6b495a95fbac_6_32,B:41a86310-2cc1-48f9-b5b5-6b495a95fbac_6_32,B,not_in_correction,partially_supported,,,partially_supported,original_abd,E0151,outputs/abd_eval300_evidence_audit_v1/scored_evidence_audit_blinded.jsonl,c44d08c95c22bc5f82fc5b97107d366b561ff0b617207e57a2899ec91a265c38
E0152,71fbc5bf-7e2a-415d-86bc-3a948742e904_7_11,A:71fbc5bf-7e2a-415d-86bc-3a948742e904_7_11,A,control,unsupported,unsupported,,unsupported,correction,E0152,outputs/abd_eval300_evidence_audit_correction_validation_v1/extracted/corrected_blinded_reviews.jsonl,3ab37d3b323018ba063688790112639cb0053de4a0d1fb0407da2f012d35c991
E0153,4572b198-2c1c-4920-bcf0-95fcebe12261_4_23,D:4572b198-2c1c-4920-bcf0-95fcebe12261_4_23,D,not_in_correction,partially_supported,,,partially_supported,original_abd,E0153,outputs/abd_eval300_evidence_audit_v1/scored_evidence_audit_blinded.jsonl,c44d08c95c22bc5f82fc5b97107d366b561ff0b617207e57a2899ec91a265c38
E0154,819c8af7-851f-434f-ab32-318285bc54b1_11_3,D:819c8af7-851f-434f-ab32-318285bc54b1_11_3,D,not_in_correction,supported,,,supported,original_abd,E0154,outputs/abd_eval300_evidence_audit_v1/scored_evidence_audit_blinded.jsonl,c44d08c95c22bc5f82fc5b97107d366b561ff0b617207e57a2899ec91a265c38
E0155,d3a0899e-2093-454c-9f65-30087883193a_11_17,D:d3a0899e-2093-454c-9f65-30087883193a_11_17,D,not_in_correction,partially_supported,,,partially_supported,original_abd,E0155,outputs/abd_eval300_evidence_audit_v1/scored_evidence_audit_blinded.jsonl,c44d08c95c22bc5f82fc5b97107d366b561ff0b617207e57a2899ec91a265c38
E0156,d3a0899e-2093-454c-9f65-30087883193a_17_35,D:d3a0899e-2093-454c-9f65-30087883193a_17_35,D,not_in_correction,supported,,,supported,original_abd,E0156,outputs/abd_eval300_evidence_audit_v1/scored_evidence_audit_blinded.jsonl,c44d08c95c22bc5f82fc5b97107d366b561ff0b617207e57a2899ec91a265c38
E0157,a6d45e95-8dc0-4932-83bf-ec53e265a16a_17_10,D:a6d45e95-8dc0-4932-83bf-ec53e265a16a_17_10,D,not_in_correction,partially_supported,,,partially_supported,original_abd,E0157,outputs/abd_eval300_evidence_audit_v1/scored_evidence_audit_blinded.jsonl,c44d08c95c22bc5f82fc5b97107d366b561ff0b617207e57a2899ec91a265c38
E0158,d3a0899e-2093-454c-9f65-30087883193a_8_21,B:d3a0899e-2093-454c-9f65-30087883193a_8_21,B,not_in_correction,partially_supported,,,partially_supported,original_abd,E0158,outputs/abd_eval300_evidence_audit_v1/scored_evidence_audit_blinded.jsonl,c44d08c95c22bc5f82fc5b97107d366b561ff0b617207e57a2899ec91a265c38
E0159,a6d45e95-8dc0-4932-83bf-ec53e265a16a_17_2,A:a6d45e95-8dc0-4932-83bf-ec53e265a16a_17_2,A,not_in_correction,unsupported,,,unsupported,original_abd,E0159,outputs/abd_eval300_evidence_audit_v1/scored_evidence_audit_blinded.jsonl,c44d08c95c22bc5f82fc5b97107d366b561ff0b617207e57a2899ec91a265c38
E0160,70f2a750-f403-41b8-aabb-480eb3ab4ed4_17_16,D:70f2a750-f403-41b8-aabb-480eb3ab4ed4_17_16,D,not_in_correction,partially_supported,,,partially_supported,original_abd,E0160,outputs/abd_eval300_evidence_audit_v1/scored_evidence_audit_blinded.jsonl,c44d08c95c22bc5f82fc5b97107d366b561ff0b617207e57a2899ec91a265c38
E0161,70f2a750-f403-41b8-aabb-480eb3ab4ed4_17_31,B:70f2a750-f403-41b8-aabb-480eb3ab4ed4_17_31,B,not_in_correction,partially_supported,,,partially_supported,original_abd,E0161,outputs/abd_eval300_evidence_audit_v1/scored_evidence_audit_blinded.jsonl,c44d08c95c22bc5f82fc5b97107d366b561ff0b617207e57a2899ec91a265c38
E0162,70f2a750-f403-41b8-aabb-480eb3ab4ed4_4_27,A:70f2a750-f403-41b8-aabb-480eb3ab4ed4_4_27,A,not_in_correction,partially_supported,,,partially_supported,original_abd,E0162,outputs/abd_eval300_evidence_audit_v1/scored_evidence_audit_blinded.jsonl,c44d08c95c22bc5f82fc5b97107d366b561ff0b617207e57a2899ec91a265c38
E0163,a6d45e95-8dc0-4932-83bf-ec53e265a16a_11_14,B:a6d45e95-8dc0-4932-83bf-ec53e265a16a_11_14,B,not_in_correction,partially_supported,,,partially_supported,original_abd,E0163,outputs/abd_eval300_evidence_audit_v1/scored_evidence_audit_blinded.jsonl,c44d08c95c22bc5f82fc5b97107d366b561ff0b617207e57a2899ec91a265c38
E0164,4572b198-2c1c-4920-bcf0-95fcebe12261_13_1,B:4572b198-2c1c-4920-bcf0-95fcebe12261_13_1,B,not_in_correction,supported,,,supported,original_abd,E0164,outputs/abd_eval300_evidence_audit_v1/scored_evidence_audit_blinded.jsonl,c44d08c95c22bc5f82fc5b97107d366b561ff0b617207e57a2899ec91a265c38
E0165,115774b6-534d-444f-b7aa-d1b834eb0ee7_6_4,D:115774b6-534d-444f-b7aa-d1b834eb0ee7_6_4,D,not_in_correction,partially_supported,,,partially_supported,original_abd,E0165,outputs/abd_eval300_evidence_audit_v1/scored_evidence_audit_blinded.jsonl,c44d08c95c22bc5f82fc5b97107d366b561ff0b617207e57a2899ec91a265c38
E0166,70f2a750-f403-41b8-aabb-480eb3ab4ed4_7_5,B:70f2a750-f403-41b8-aabb-480eb3ab4ed4_7_5,B,not_in_correction,partially_supported,,,partially_supported,original_abd,E0166,outputs/abd_eval300_evidence_audit_v1/scored_evidence_audit_blinded.jsonl,c44d08c95c22bc5f82fc5b97107d366b561ff0b617207e57a2899ec91a265c38
E0167,7e512589-aa97-41e8-83d3-af2e83e4fd06_17_2,D:7e512589-aa97-41e8-83d3-af2e83e4fd06_17_2,D,not_in_correction,supported,,,supported,original_abd,E0167,outputs/abd_eval300_evidence_audit_v1/scored_evidence_audit_blinded.jsonl,c44d08c95c22bc5f82fc5b97107d366b561ff0b617207e57a2899ec91a265c38
E0168,115774b6-534d-444f-b7aa-d1b834eb0ee7_3_23,D:115774b6-534d-444f-b7aa-d1b834eb0ee7_3_23,D,not_in_correction,supported,,,supported,original_abd,E0168,outputs/abd_eval300_evidence_audit_v1/scored_evidence_audit_blinded.jsonl,c44d08c95c22bc5f82fc5b97107d366b561ff0b617207e57a2899ec91a265c38
E0169,41a86310-2cc1-48f9-b5b5-6b495a95fbac_7_39,B:41a86310-2cc1-48f9-b5b5-6b495a95fbac_7_39,B,not_in_correction,partially_supported,,,partially_supported,original_abd,E0169,outputs/abd_eval300_evidence_audit_v1/scored_evidence_audit_blinded.jsonl,c44d08c95c22bc5f82fc5b97107d366b561ff0b617207e57a2899ec91a265c38
E0170,4572b198-2c1c-4920-bcf0-95fcebe12261_4_20,A:4572b198-2c1c-4920-bcf0-95fcebe12261_4_20,A,not_in_correction,partially_supported,,,partially_supported,original_abd,E0170,outputs/abd_eval300_evidence_audit_v1/scored_evidence_audit_blinded.jsonl,c44d08c95c22bc5f82fc5b97107d366b561ff0b617207e57a2899ec91a265c38
E0171,6fd90f8d-7a4d-425d-a812-3268db0b0342_7_7,B:6fd90f8d-7a4d-425d-a812-3268db0b0342_7_7,B,not_in_correction,supported,,,supported,original_abd,E0171,outputs/abd_eval300_evidence_audit_v1/scored_evidence_audit_blinded.jsonl,c44d08c95c22bc5f82fc5b97107d366b561ff0b617207e57a2899ec91a265c38
E0172,819c8af7-851f-434f-ab32-318285bc54b1_5_11,B:819c8af7-851f-434f-ab32-318285bc54b1_5_11,B,not_in_correction,supported,,,supported,original_abd,E0172,outputs/abd_eval300_evidence_audit_v1/scored_evidence_audit_blinded.jsonl,c44d08c95c22bc5f82fc5b97107d366b561ff0b617207e57a2899ec91a265c38
E0173,71fbc5bf-7e2a-415d-86bc-3a948742e904_7_3,D:71fbc5bf-7e2a-415d-86bc-3a948742e904_7_3,D,not_in_correction,supported,,,supported,original_abd,E0173,outputs/abd_eval300_evidence_audit_v1/scored_evidence_audit_blinded.jsonl,c44d08c95c22bc5f82fc5b97107d366b561ff0b617207e57a2899ec91a265c38
E0174,7e512589-aa97-41e8-83d3-af2e83e4fd06_8_12,B:7e512589-aa97-41e8-83d3-af2e83e4fd06_8_12,B,not_in_correction,supported,,,supported,original_abd,E0174,outputs/abd_eval300_evidence_audit_v1/scored_evidence_audit_blinded.jsonl,c44d08c95c22bc5f82fc5b97107d366b561ff0b617207e57a2899ec91a265c38
E0175,db3f7933-dfa0-4678-9d4f-393b628ded45_7_23,B:db3f7933-dfa0-4678-9d4f-393b628ded45_7_23,B,not_in_correction,supported,,,supported,original_abd,E0175,outputs/abd_eval300_evidence_audit_v1/scored_evidence_audit_blinded.jsonl,c44d08c95c22bc5f82fc5b97107d366b561ff0b617207e57a2899ec91a265c38
E0176,4572b198-2c1c-4920-bcf0-95fcebe12261_8_34,D:4572b198-2c1c-4920-bcf0-95fcebe12261_8_34,D,not_in_correction,partially_supported,,,partially_supported,original_abd,E0176,outputs/abd_eval300_evidence_audit_v1/scored_evidence_audit_blinded.jsonl,c44d08c95c22bc5f82fc5b97107d366b561ff0b617207e57a2899ec91a265c38
E0177,70f2a750-f403-41b8-aabb-480eb3ab4ed4_4_6,A:70f2a750-f403-41b8-aabb-480eb3ab4ed4_4_6,A,not_in_correction,unsupported,,,unsupported,original_abd,E0177,outputs/abd_eval300_evidence_audit_v1/scored_evidence_audit_blinded.jsonl,c44d08c95c22bc5f82fc5b97107d366b561ff0b617207e57a2899ec91a265c38
E0178,a6d45e95-8dc0-4932-83bf-ec53e265a16a_11_14,D:a6d45e95-8dc0-4932-83bf-ec53e265a16a_11_14,D,not_in_correction,partially_supported,,,partially_supported,original_abd,E0178,outputs/abd_eval300_evidence_audit_v1/scored_evidence_audit_blinded.jsonl,c44d08c95c22bc5f82fc5b97107d366b561ff0b617207e57a2899ec91a265c38
E0179,d3a0899e-2093-454c-9f65-30087883193a_17_2,B:d3a0899e-2093-454c-9f65-30087883193a_17_2,B,not_in_correction,partially_supported,,,partially_supported,original_abd,E0179,outputs/abd_eval300_evidence_audit_v1/scored_evidence_audit_blinded.jsonl,c44d08c95c22bc5f82fc5b97107d366b561ff0b617207e57a2899ec91a265c38
E0180,d3a0899e-2093-454c-9f65-30087883193a_17_2,D:d3a0899e-2093-454c-9f65-30087883193a_17_2,D,not_in_correction,partially_supported,,,partially_supported,original_abd,E0180,outputs/abd_eval300_evidence_audit_v1/scored_evidence_audit_blinded.jsonl,c44d08c95c22bc5f82fc5b97107d366b561ff0b617207e57a2899ec91a265c38
E0181,819c8af7-851f-434f-ab32-318285bc54b1_18_6,A:819c8af7-851f-434f-ab32-318285bc54b1_18_6,A,target,unreviewable,partially_supported,,partially_supported,correction,E0181,outputs/abd_eval300_evidence_audit_correction_validation_v1/extracted/corrected_blinded_reviews.jsonl,3ab37d3b323018ba063688790112639cb0053de4a0d1fb0407da2f012d35c991
E0182,d3a0899e-2093-454c-9f65-30087883193a_8_3,B:d3a0899e-2093-454c-9f65-30087883193a_8_3,B,not_in_correction,partially_supported,,,partially_supported,original_abd,E0182,outputs/abd_eval300_evidence_audit_v1/scored_evidence_audit_blinded.jsonl,c44d08c95c22bc5f82fc5b97107d366b561ff0b617207e57a2899ec91a265c38
E0183,4572b198-2c1c-4920-bcf0-95fcebe12261_6_24,B:4572b198-2c1c-4920-bcf0-95fcebe12261_6_24,B,not_in_correction,supported,,,supported,original_abd,E0183,outputs/abd_eval300_evidence_audit_v1/scored_evidence_audit_blinded.jsonl,c44d08c95c22bc5f82fc5b97107d366b561ff0b617207e57a2899ec91a265c38
E0184,71fbc5bf-7e2a-415d-86bc-3a948742e904_7_2,D:71fbc5bf-7e2a-415d-86bc-3a948742e904_7_2,D,not_in_correction,unsupported,,,unsupported,original_abd,E0184,outputs/abd_eval300_evidence_audit_v1/scored_evidence_audit_blinded.jsonl,c44d08c95c22bc5f82fc5b97107d366b561ff0b617207e57a2899ec91a265c38
E0185,a6d45e95-8dc0-4932-83bf-ec53e265a16a_17_21,A:a6d45e95-8dc0-4932-83bf-ec53e265a16a_17_21,A,not_in_correction,partially_supported,,,partially_supported,original_abd,E0185,outputs/abd_eval300_evidence_audit_v1/scored_evidence_audit_blinded.jsonl,c44d08c95c22bc5f82fc5b97107d366b561ff0b617207e57a2899ec91a265c38
E0186,115774b6-534d-444f-b7aa-d1b834eb0ee7_6_2,D:115774b6-534d-444f-b7aa-d1b834eb0ee7_6_2,D,not_in_correction,unsupported,,,unsupported,original_abd,E0186,outputs/abd_eval300_evidence_audit_v1/scored_evidence_audit_blinded.jsonl,c44d08c95c22bc5f82fc5b97107d366b561ff0b617207e57a2899ec91a265c38
E0187,7e512589-aa97-41e8-83d3-af2e83e4fd06_6_15,B:7e512589-aa97-41e8-83d3-af2e83e4fd06_6_15,B,not_in_correction,unsupported,,,unsupported,original_abd,E0187,outputs/abd_eval300_evidence_audit_v1/scored_evidence_audit_blinded.jsonl,c44d08c95c22bc5f82fc5b97107d366b561ff0b617207e57a2899ec91a265c38
E0188,db3f7933-dfa0-4678-9d4f-393b628ded45_7_10,B:db3f7933-dfa0-4678-9d4f-393b628ded45_7_10,B,not_in_correction,unsupported,,,unsupported,original_abd,E0188,outputs/abd_eval300_evidence_audit_v1/scored_evidence_audit_blinded.jsonl,c44d08c95c22bc5f82fc5b97107d366b561ff0b617207e57a2899ec91a265c38
E0189,115774b6-534d-444f-b7aa-d1b834eb0ee7_1_1,A:115774b6-534d-444f-b7aa-d1b834eb0ee7_1_1,A,not_in_correction,unsupported,,,unsupported,original_abd,E0189,outputs/abd_eval300_evidence_audit_v1/scored_evidence_audit_blinded.jsonl,c44d08c95c22bc5f82fc5b97107d366b561ff0b617207e57a2899ec91a265c38
E0190,4572b198-2c1c-4920-bcf0-95fcebe12261_7_32,D:4572b198-2c1c-4920-bcf0-95fcebe12261_7_32,D,not_in_correction,supported,,,supported,original_abd,E0190,outputs/abd_eval300_evidence_audit_v1/scored_evidence_audit_blinded.jsonl,c44d08c95c22bc5f82fc5b97107d366b561ff0b617207e57a2899ec91a265c38
E0191,41a86310-2cc1-48f9-b5b5-6b495a95fbac_17_15,B:41a86310-2cc1-48f9-b5b5-6b495a95fbac_17_15,B,not_in_correction,partially_supported,,,partially_supported,original_abd,E0191,outputs/abd_eval300_evidence_audit_v1/scored_evidence_audit_blinded.jsonl,c44d08c95c22bc5f82fc5b97107d366b561ff0b617207e57a2899ec91a265c38
E0192,6fd90f8d-7a4d-425d-a812-3268db0b0342_13_2,A:6fd90f8d-7a4d-425d-a812-3268db0b0342_13_2,A,not_in_correction,partially_supported,,,partially_supported,original_abd,E0192,outputs/abd_eval300_evidence_audit_v1/scored_evidence_audit_blinded.jsonl,c44d08c95c22bc5f82fc5b97107d366b561ff0b617207e57a2899ec91a265c38
E0193,a6d45e95-8dc0-4932-83bf-ec53e265a16a_17_10,B:a6d45e95-8dc0-4932-83bf-ec53e265a16a_17_10,B,not_in_correction,partially_supported,,,partially_supported,original_abd,E0193,outputs/abd_eval300_evidence_audit_v1/scored_evidence_audit_blinded.jsonl,c44d08c95c22bc5f82fc5b97107d366b561ff0b617207e57a2899ec91a265c38
E0194,db3f7933-dfa0-4678-9d4f-393b628ded45_7_14,B:db3f7933-dfa0-4678-9d4f-393b628ded45_7_14,B,not_in_correction,contradicted,,,contradicted,original_abd,E0194,outputs/abd_eval300_evidence_audit_v1/scored_evidence_audit_blinded.jsonl,c44d08c95c22bc5f82fc5b97107d366b561ff0b617207e57a2899ec91a265c38
E0195,7ddbf8a2-5b3e-44cd-b9dc-db17ec06831b_11_14,A:7ddbf8a2-5b3e-44cd-b9dc-db17ec06831b_11_14,A,not_in_correction,contradicted,,,contradicted,original_abd,E0195,outputs/abd_eval300_evidence_audit_v1/scored_evidence_audit_blinded.jsonl,c44d08c95c22bc5f82fc5b97107d366b561ff0b617207e57a2899ec91a265c38
E0196,115774b6-534d-444f-b7aa-d1b834eb0ee7_6_2,A:115774b6-534d-444f-b7aa-d1b834eb0ee7_6_2,A,control,unsupported,unsupported,,unsupported,correction,E0196,outputs/abd_eval300_evidence_audit_correction_validation_v1/extracted/corrected_blinded_reviews.jsonl,3ab37d3b323018ba063688790112639cb0053de4a0d1fb0407da2f012d35c991
E0197,819c8af7-851f-434f-ab32-318285bc54b1_8_27,A:819c8af7-851f-434f-ab32-318285bc54b1_8_27,A,not_in_correction,contradicted,,,contradicted,original_abd,E0197,outputs/abd_eval300_evidence_audit_v1/scored_evidence_audit_blinded.jsonl,c44d08c95c22bc5f82fc5b97107d366b561ff0b617207e57a2899ec91a265c38
E0198,41a86310-2cc1-48f9-b5b5-6b495a95fbac_17_33,D:41a86310-2cc1-48f9-b5b5-6b495a95fbac_17_33,D,not_in_correction,supported,,,supported,original_abd,E0198,outputs/abd_eval300_evidence_audit_v1/scored_evidence_audit_blinded.jsonl,c44d08c95c22bc5f82fc5b97107d366b561ff0b617207e57a2899ec91a265c38
E0199,7e512589-aa97-41e8-83d3-af2e83e4fd06_6_27,D:7e512589-aa97-41e8-83d3-af2e83e4fd06_6_27,D,not_in_correction,unsupported,,,unsupported,original_abd,E0199,outputs/abd_eval300_evidence_audit_v1/scored_evidence_audit_blinded.jsonl,c44d08c95c22bc5f82fc5b97107d366b561ff0b617207e57a2899ec91a265c38
E0200,7e512589-aa97-41e8-83d3-af2e83e4fd06_11_18,B:7e512589-aa97-41e8-83d3-af2e83e4fd06_11_18,B,not_in_correction,supported,,,supported,original_abd,E0200,outputs/abd_eval300_evidence_audit_v1/scored_evidence_audit_blinded.jsonl,c44d08c95c22bc5f82fc5b97107d366b561ff0b617207e57a2899ec91a265c38
E0201,70f2a750-f403-41b8-aabb-480eb3ab4ed4_17_13,B:70f2a750-f403-41b8-aabb-480eb3ab4ed4_17_13,B,control,unsupported,unsupported,,unsupported,correction,E0201,outputs/abd_eval300_evidence_audit_correction_validation_v1/extracted/corrected_blinded_reviews.jsonl,3ab37d3b323018ba063688790112639cb0053de4a0d1fb0407da2f012d35c991
E0202,db3f7933-dfa0-4678-9d4f-393b628ded45_7_28,B:db3f7933-dfa0-4678-9d4f-393b628ded45_7_28,B,not_in_correction,supported,,,supported,original_abd,E0202,outputs/abd_eval300_evidence_audit_v1/scored_evidence_audit_blinded.jsonl,c44d08c95c22bc5f82fc5b97107d366b561ff0b617207e57a2899ec91a265c38
E0203,819c8af7-851f-434f-ab32-318285bc54b1_4_30,B:819c8af7-851f-434f-ab32-318285bc54b1_4_30,B,not_in_correction,partially_supported,,,partially_supported,original_abd,E0203,outputs/abd_eval300_evidence_audit_v1/scored_evidence_audit_blinded.jsonl,c44d08c95c22bc5f82fc5b97107d366b561ff0b617207e57a2899ec91a265c38
E0204,7ddbf8a2-5b3e-44cd-b9dc-db17ec06831b_22_3,B:7ddbf8a2-5b3e-44cd-b9dc-db17ec06831b_22_3,B,not_in_correction,partially_supported,,,partially_supported,original_abd,E0204,outputs/abd_eval300_evidence_audit_v1/scored_evidence_audit_blinded.jsonl,c44d08c95c22bc5f82fc5b97107d366b561ff0b617207e57a2899ec91a265c38
E0205,71fbc5bf-7e2a-415d-86bc-3a948742e904_4_12,D:71fbc5bf-7e2a-415d-86bc-3a948742e904_4_12,D,not_in_correction,contradicted,,,contradicted,original_abd,E0205,outputs/abd_eval300_evidence_audit_v1/scored_evidence_audit_blinded.jsonl,c44d08c95c22bc5f82fc5b97107d366b561ff0b617207e57a2899ec91a265c38
E0206,db3f7933-dfa0-4678-9d4f-393b628ded45_6_17,D:db3f7933-dfa0-4678-9d4f-393b628ded45_6_17,D,not_in_correction,contradicted,,,contradicted,original_abd,E0206,outputs/abd_eval300_evidence_audit_v1/scored_evidence_audit_blinded.jsonl,c44d08c95c22bc5f82fc5b97107d366b561ff0b617207e57a2899ec91a265c38
E0207,115774b6-534d-444f-b7aa-d1b834eb0ee7_17_12,D:115774b6-534d-444f-b7aa-d1b834eb0ee7_17_12,D,not_in_correction,partially_supported,,,partially_supported,original_abd,E0207,outputs/abd_eval300_evidence_audit_v1/scored_evidence_audit_blinded.jsonl,c44d08c95c22bc5f82fc5b97107d366b561ff0b617207e57a2899ec91a265c38
E0208,d3a0899e-2093-454c-9f65-30087883193a_12_22,B:d3a0899e-2093-454c-9f65-30087883193a_12_22,B,not_in_correction,contradicted,,,contradicted,original_abd,E0208,outputs/abd_eval300_evidence_audit_v1/scored_evidence_audit_blinded.jsonl,c44d08c95c22bc5f82fc5b97107d366b561ff0b617207e57a2899ec91a265c38
E0209,71fbc5bf-7e2a-415d-86bc-3a948742e904_7_11,D:71fbc5bf-7e2a-415d-86bc-3a948742e904_7_11,D,not_in_correction,supported,,,supported,original_abd,E0209,outputs/abd_eval300_evidence_audit_v1/scored_evidence_audit_blinded.jsonl,c44d08c95c22bc5f82fc5b97107d366b561ff0b617207e57a2899ec91a265c38
E0210,6fd90f8d-7a4d-425d-a812-3268db0b0342_14_4,A:6fd90f8d-7a4d-425d-a812-3268db0b0342_14_4,A,not_in_correction,partially_supported,,,partially_supported,original_abd,E0210,outputs/abd_eval300_evidence_audit_v1/scored_evidence_audit_blinded.jsonl,c44d08c95c22bc5f82fc5b97107d366b561ff0b617207e57a2899ec91a265c38
E0211,819c8af7-851f-434f-ab32-318285bc54b1_17_22,A:819c8af7-851f-434f-ab32-318285bc54b1_17_22,A,not_in_correction,supported,,,supported,original_abd,E0211,outputs/abd_eval300_evidence_audit_v1/scored_evidence_audit_blinded.jsonl,c44d08c95c22bc5f82fc5b97107d366b561ff0b617207e57a2899ec91a265c38
E0212,6fd90f8d-7a4d-425d-a812-3268db0b0342_15_2,B:6fd90f8d-7a4d-425d-a812-3268db0b0342_15_2,B,not_in_correction,unsupported,,,unsupported,original_abd,E0212,outputs/abd_eval300_evidence_audit_v1/scored_evidence_audit_blinded.jsonl,c44d08c95c22bc5f82fc5b97107d366b561ff0b617207e57a2899ec91a265c38
E0213,819c8af7-851f-434f-ab32-318285bc54b1_7_17,A:819c8af7-851f-434f-ab32-318285bc54b1_7_17,A,control,unsupported,unsupported,,unsupported,correction,E0213,outputs/abd_eval300_evidence_audit_correction_validation_v1/extracted/corrected_blinded_reviews.jsonl,3ab37d3b323018ba063688790112639cb0053de4a0d1fb0407da2f012d35c991
E0214,70f2a750-f403-41b8-aabb-480eb3ab4ed4_21_26,A:70f2a750-f403-41b8-aabb-480eb3ab4ed4_21_26,A,not_in_correction,supported,,,supported,original_abd,E0214,outputs/abd_eval300_evidence_audit_v1/scored_evidence_audit_blinded.jsonl,c44d08c95c22bc5f82fc5b97107d366b561ff0b617207e57a2899ec91a265c38
E0215,115774b6-534d-444f-b7aa-d1b834eb0ee7_5_29,D:115774b6-534d-444f-b7aa-d1b834eb0ee7_5_29,D,not_in_correction,partially_supported,,,partially_supported,original_abd,E0215,outputs/abd_eval300_evidence_audit_v1/scored_evidence_audit_blinded.jsonl,c44d08c95c22bc5f82fc5b97107d366b561ff0b617207e57a2899ec91a265c38
E0216,115774b6-534d-444f-b7aa-d1b834eb0ee7_2_4,B:115774b6-534d-444f-b7aa-d1b834eb0ee7_2_4,B,not_in_correction,unsupported,,,unsupported,original_abd,E0216,outputs/abd_eval300_evidence_audit_v1/scored_evidence_audit_blinded.jsonl,c44d08c95c22bc5f82fc5b97107d366b561ff0b617207e57a2899ec91a265c38
E0217,115774b6-534d-444f-b7aa-d1b834eb0ee7_8_26,B:115774b6-534d-444f-b7aa-d1b834eb0ee7_8_26,B,not_in_correction,unsupported,,,unsupported,original_abd,E0217,outputs/abd_eval300_evidence_audit_v1/scored_evidence_audit_blinded.jsonl,c44d08c95c22bc5f82fc5b97107d366b561ff0b617207e57a2899ec91a265c38
E0218,819c8af7-851f-434f-ab32-318285bc54b1_12_7,B:819c8af7-851f-434f-ab32-318285bc54b1_12_7,B,not_in_correction,supported,,,supported,original_abd,E0218,outputs/abd_eval300_evidence_audit_v1/scored_evidence_audit_blinded.jsonl,c44d08c95c22bc5f82fc5b97107d366b561ff0b617207e57a2899ec91a265c38
E0219,115774b6-534d-444f-b7aa-d1b834eb0ee7_7_10,A:115774b6-534d-444f-b7aa-d1b834eb0ee7_7_10,A,not_in_correction,unsupported,,,unsupported,original_abd,E0219,outputs/abd_eval300_evidence_audit_v1/scored_evidence_audit_blinded.jsonl,c44d08c95c22bc5f82fc5b97107d366b561ff0b617207e57a2899ec91a265c38
E0220,6fd90f8d-7a4d-425d-a812-3268db0b0342_18_16,B:6fd90f8d-7a4d-425d-a812-3268db0b0342_18_16,B,not_in_correction,partially_supported,,,partially_supported,original_abd,E0220,outputs/abd_eval300_evidence_audit_v1/scored_evidence_audit_blinded.jsonl,c44d08c95c22bc5f82fc5b97107d366b561ff0b617207e57a2899ec91a265c38
E0221,a6d45e95-8dc0-4932-83bf-ec53e265a16a_4_23,D:a6d45e95-8dc0-4932-83bf-ec53e265a16a_4_23,D,not_in_correction,unsupported,,,unsupported,original_abd,E0221,outputs/abd_eval300_evidence_audit_v1/scored_evidence_audit_blinded.jsonl,c44d08c95c22bc5f82fc5b97107d366b561ff0b617207e57a2899ec91a265c38
E0222,4572b198-2c1c-4920-bcf0-95fcebe12261_8_34,A:4572b198-2c1c-4920-bcf0-95fcebe12261_8_34,A,not_in_correction,contradicted,,,contradicted,original_abd,E0222,outputs/abd_eval300_evidence_audit_v1/scored_evidence_audit_blinded.jsonl,c44d08c95c22bc5f82fc5b97107d366b561ff0b617207e57a2899ec91a265c38
E0223,115774b6-534d-444f-b7aa-d1b834eb0ee7_8_13,A:115774b6-534d-444f-b7aa-d1b834eb0ee7_8_13,A,not_in_correction,unsupported,,,unsupported,original_abd,E0223,outputs/abd_eval300_evidence_audit_v1/scored_evidence_audit_blinded.jsonl,c44d08c95c22bc5f82fc5b97107d366b561ff0b617207e57a2899ec91a265c38
E0224,41a86310-2cc1-48f9-b5b5-6b495a95fbac_17_23,D:41a86310-2cc1-48f9-b5b5-6b495a95fbac_17_23,D,not_in_correction,partially_supported,,,partially_supported,original_abd,E0224,outputs/abd_eval300_evidence_audit_v1/scored_evidence_audit_blinded.jsonl,c44d08c95c22bc5f82fc5b97107d366b561ff0b617207e57a2899ec91a265c38
E0225,7e512589-aa97-41e8-83d3-af2e83e4fd06_4_5,D:7e512589-aa97-41e8-83d3-af2e83e4fd06_4_5,D,not_in_correction,partially_supported,,,partially_supported,original_abd,E0225,outputs/abd_eval300_evidence_audit_v1/scored_evidence_audit_blinded.jsonl,c44d08c95c22bc5f82fc5b97107d366b561ff0b617207e57a2899ec91a265c38
E0226,70f2a750-f403-41b8-aabb-480eb3ab4ed4_7_29,D:70f2a750-f403-41b8-aabb-480eb3ab4ed4_7_29,D,not_in_correction,supported,,,supported,original_abd,E0226,outputs/abd_eval300_evidence_audit_v1/scored_evidence_audit_blinded.jsonl,c44d08c95c22bc5f82fc5b97107d366b561ff0b617207e57a2899ec91a265c38
E0227,41a86310-2cc1-48f9-b5b5-6b495a95fbac_23_8,D:41a86310-2cc1-48f9-b5b5-6b495a95fbac_23_8,D,control,contradicted,contradicted,,contradicted,correction,E0227,outputs/abd_eval300_evidence_audit_correction_validation_v1/extracted/corrected_blinded_reviews.jsonl,3ab37d3b323018ba063688790112639cb0053de4a0d1fb0407da2f012d35c991
E0228,71fbc5bf-7e2a-415d-86bc-3a948742e904_8_8,A:71fbc5bf-7e2a-415d-86bc-3a948742e904_8_8,A,not_in_correction,supported,,,supported,original_abd,E0228,outputs/abd_eval300_evidence_audit_v1/scored_evidence_audit_blinded.jsonl,c44d08c95c22bc5f82fc5b97107d366b561ff0b617207e57a2899ec91a265c38
E0229,7ddbf8a2-5b3e-44cd-b9dc-db17ec06831b_8_10,A:7ddbf8a2-5b3e-44cd-b9dc-db17ec06831b_8_10,A,control,contradicted,contradicted,,contradicted,correction,E0229,outputs/abd_eval300_evidence_audit_correction_validation_v1/extracted/corrected_blinded_reviews.jsonl,3ab37d3b323018ba063688790112639cb0053de4a0d1fb0407da2f012d35c991
E0230,6fd90f8d-7a4d-425d-a812-3268db0b0342_12_28,B:6fd90f8d-7a4d-425d-a812-3268db0b0342_12_28,B,not_in_correction,unsupported,,,unsupported,original_abd,E0230,outputs/abd_eval300_evidence_audit_v1/scored_evidence_audit_blinded.jsonl,c44d08c95c22bc5f82fc5b97107d366b561ff0b617207e57a2899ec91a265c38
E0231,41a86310-2cc1-48f9-b5b5-6b495a95fbac_5_20,A:41a86310-2cc1-48f9-b5b5-6b495a95fbac_5_20,A,not_in_correction,contradicted,,,contradicted,original_abd,E0231,outputs/abd_eval300_evidence_audit_v1/scored_evidence_audit_blinded.jsonl,c44d08c95c22bc5f82fc5b97107d366b561ff0b617207e57a2899ec91a265c38
E0232,7ddbf8a2-5b3e-44cd-b9dc-db17ec06831b_17_15,A:7ddbf8a2-5b3e-44cd-b9dc-db17ec06831b_17_15,A,not_in_correction,unsupported,,,unsupported,original_abd,E0232,outputs/abd_eval300_evidence_audit_v1/scored_evidence_audit_blinded.jsonl,c44d08c95c22bc5f82fc5b97107d366b561ff0b617207e57a2899ec91a265c38
E0233,115774b6-534d-444f-b7aa-d1b834eb0ee7_3_21,D:115774b6-534d-444f-b7aa-d1b834eb0ee7_3_21,D,not_in_correction,contradicted,,,contradicted,original_abd,E0233,outputs/abd_eval300_evidence_audit_v1/scored_evidence_audit_blinded.jsonl,c44d08c95c22bc5f82fc5b97107d366b561ff0b617207e57a2899ec91a265c38
E0234,d3a0899e-2093-454c-9f65-30087883193a_5_24,B:d3a0899e-2093-454c-9f65-30087883193a_5_24,B,not_in_correction,partially_supported,,,partially_supported,original_abd,E0234,outputs/abd_eval300_evidence_audit_v1/scored_evidence_audit_blinded.jsonl,c44d08c95c22bc5f82fc5b97107d366b561ff0b617207e57a2899ec91a265c38
E0235,7e512589-aa97-41e8-83d3-af2e83e4fd06_3_26,B:7e512589-aa97-41e8-83d3-af2e83e4fd06_3_26,B,not_in_correction,unsupported,,,unsupported,original_abd,E0235,outputs/abd_eval300_evidence_audit_v1/scored_evidence_audit_blinded.jsonl,c44d08c95c22bc5f82fc5b97107d366b561ff0b617207e57a2899ec91a265c38
E0236,70f2a750-f403-41b8-aabb-480eb3ab4ed4_4_15,D:70f2a750-f403-41b8-aabb-480eb3ab4ed4_4_15,D,not_in_correction,supported,,,supported,original_abd,E0236,outputs/abd_eval300_evidence_audit_v1/scored_evidence_audit_blinded.jsonl,c44d08c95c22bc5f82fc5b97107d366b561ff0b617207e57a2899ec91a265c38
E0237,db3f7933-dfa0-4678-9d4f-393b628ded45_22_5,B:db3f7933-dfa0-4678-9d4f-393b628ded45_22_5,B,not_in_correction,partially_supported,,,partially_supported,original_abd,E0237,outputs/abd_eval300_evidence_audit_v1/scored_evidence_audit_blinded.jsonl,c44d08c95c22bc5f82fc5b97107d366b561ff0b617207e57a2899ec91a265c38
E0238,4572b198-2c1c-4920-bcf0-95fcebe12261_17_15,D:4572b198-2c1c-4920-bcf0-95fcebe12261_17_15,D,not_in_correction,unsupported,,,unsupported,original_abd,E0238,outputs/abd_eval300_evidence_audit_v1/scored_evidence_audit_blinded.jsonl,c44d08c95c22bc5f82fc5b97107d366b561ff0b617207e57a2899ec91a265c38
E0239,71fbc5bf-7e2a-415d-86bc-3a948742e904_4_22,A:71fbc5bf-7e2a-415d-86bc-3a948742e904_4_22,A,not_in_correction,supported,,,supported,original_abd,E0239,outputs/abd_eval300_evidence_audit_v1/scored_evidence_audit_blinded.jsonl,c44d08c95c22bc5f82fc5b97107d366b561ff0b617207e57a2899ec91a265c38
E0240,db3f7933-dfa0-4678-9d4f-393b628ded45_7_23,D:db3f7933-dfa0-4678-9d4f-393b628ded45_7_23,D,not_in_correction,supported,,,supported,original_abd,E0240,outputs/abd_eval300_evidence_audit_v1/scored_evidence_audit_blinded.jsonl,c44d08c95c22bc5f82fc5b97107d366b561ff0b617207e57a2899ec91a265c38
E0241,71fbc5bf-7e2a-415d-86bc-3a948742e904_8_1,D:71fbc5bf-7e2a-415d-86bc-3a948742e904_8_1,D,not_in_correction,supported,,,supported,original_abd,E0241,outputs/abd_eval300_evidence_audit_v1/scored_evidence_audit_blinded.jsonl,c44d08c95c22bc5f82fc5b97107d366b561ff0b617207e57a2899ec91a265c38
E0242,4572b198-2c1c-4920-bcf0-95fcebe12261_17_39,A:4572b198-2c1c-4920-bcf0-95fcebe12261_17_39,A,not_in_correction,unsupported,,,unsupported,original_abd,E0242,outputs/abd_eval300_evidence_audit_v1/scored_evidence_audit_blinded.jsonl,c44d08c95c22bc5f82fc5b97107d366b561ff0b617207e57a2899ec91a265c38
E0243,71fbc5bf-7e2a-415d-86bc-3a948742e904_8_20,D:71fbc5bf-7e2a-415d-86bc-3a948742e904_8_20,D,not_in_correction,supported,,,supported,original_abd,E0243,outputs/abd_eval300_evidence_audit_v1/scored_evidence_audit_blinded.jsonl,c44d08c95c22bc5f82fc5b97107d366b561ff0b617207e57a2899ec91a265c38
E0244,4572b198-2c1c-4920-bcf0-95fcebe12261_4_23,B:4572b198-2c1c-4920-bcf0-95fcebe12261_4_23,B,not_in_correction,contradicted,,,contradicted,original_abd,E0244,outputs/abd_eval300_evidence_audit_v1/scored_evidence_audit_blinded.jsonl,c44d08c95c22bc5f82fc5b97107d366b561ff0b617207e57a2899ec91a265c38
E0245,71fbc5bf-7e2a-415d-86bc-3a948742e904_4_12,B:71fbc5bf-7e2a-415d-86bc-3a948742e904_4_12,B,not_in_correction,supported,,,supported,original_abd,E0245,outputs/abd_eval300_evidence_audit_v1/scored_evidence_audit_blinded.jsonl,c44d08c95c22bc5f82fc5b97107d366b561ff0b617207e57a2899ec91a265c38
E0246,41a86310-2cc1-48f9-b5b5-6b495a95fbac_7_17,A:41a86310-2cc1-48f9-b5b5-6b495a95fbac_7_17,A,not_in_correction,unsupported,,,unsupported,original_abd,E0246,outputs/abd_eval300_evidence_audit_v1/scored_evidence_audit_blinded.jsonl,c44d08c95c22bc5f82fc5b97107d366b561ff0b617207e57a2899ec91a265c38
E0247,7ddbf8a2-5b3e-44cd-b9dc-db17ec06831b_4_9,D:7ddbf8a2-5b3e-44cd-b9dc-db17ec06831b_4_9,D,not_in_correction,supported,,,supported,original_abd,E0247,outputs/abd_eval300_evidence_audit_v1/scored_evidence_audit_blinded.jsonl,c44d08c95c22bc5f82fc5b97107d366b561ff0b617207e57a2899ec91a265c38
E0248,41a86310-2cc1-48f9-b5b5-6b495a95fbac_11_4,B:41a86310-2cc1-48f9-b5b5-6b495a95fbac_11_4,B,not_in_correction,partially_supported,,,partially_supported,original_abd,E0248,outputs/abd_eval300_evidence_audit_v1/scored_evidence_audit_blinded.jsonl,c44d08c95c22bc5f82fc5b97107d366b561ff0b617207e57a2899ec91a265c38
E0249,db3f7933-dfa0-4678-9d4f-393b628ded45_11_2,A:db3f7933-dfa0-4678-9d4f-393b628ded45_11_2,A,not_in_correction,contradicted,,,contradicted,original_abd,E0249,outputs/abd_eval300_evidence_audit_v1/scored_evidence_audit_blinded.jsonl,c44d08c95c22bc5f82fc5b97107d366b561ff0b617207e57a2899ec91a265c38
E0250,70f2a750-f403-41b8-aabb-480eb3ab4ed4_7_4,B:70f2a750-f403-41b8-aabb-480eb3ab4ed4_7_4,B,not_in_correction,supported,,,supported,original_abd,E0250,outputs/abd_eval300_evidence_audit_v1/scored_evidence_audit_blinded.jsonl,c44d08c95c22bc5f82fc5b97107d366b561ff0b617207e57a2899ec91a265c38
E0251,7e512589-aa97-41e8-83d3-af2e83e4fd06_7_20,D:7e512589-aa97-41e8-83d3-af2e83e4fd06_7_20,D,not_in_correction,unsupported,,,unsupported,original_abd,E0251,outputs/abd_eval300_evidence_audit_v1/scored_evidence_audit_blinded.jsonl,c44d08c95c22bc5f82fc5b97107d366b561ff0b617207e57a2899ec91a265c38
E0252,a6d45e95-8dc0-4932-83bf-ec53e265a16a_8_27,D:a6d45e95-8dc0-4932-83bf-ec53e265a16a_8_27,D,not_in_correction,unsupported,,,unsupported,original_abd,E0252,outputs/abd_eval300_evidence_audit_v1/scored_evidence_audit_blinded.jsonl,c44d08c95c22bc5f82fc5b97107d366b561ff0b617207e57a2899ec91a265c38
E0253,7ddbf8a2-5b3e-44cd-b9dc-db17ec06831b_5_22,B:7ddbf8a2-5b3e-44cd-b9dc-db17ec06831b_5_22,B,not_in_correction,partially_supported,,,partially_supported,original_abd,E0253,outputs/abd_eval300_evidence_audit_v1/scored_evidence_audit_blinded.jsonl,c44d08c95c22bc5f82fc5b97107d366b561ff0b617207e57a2899ec91a265c38
E0254,7ddbf8a2-5b3e-44cd-b9dc-db17ec06831b_7_4,B:7ddbf8a2-5b3e-44cd-b9dc-db17ec06831b_7_4,B,not_in_correction,unsupported,,,unsupported,original_abd,E0254,outputs/abd_eval300_evidence_audit_v1/scored_evidence_audit_blinded.jsonl,c44d08c95c22bc5f82fc5b97107d366b561ff0b617207e57a2899ec91a265c38
E0255,a6d45e95-8dc0-4932-83bf-ec53e265a16a_8_18,A:a6d45e95-8dc0-4932-83bf-ec53e265a16a_8_18,A,not_in_correction,supported,,,supported,original_abd,E0255,outputs/abd_eval300_evidence_audit_v1/scored_evidence_audit_blinded.jsonl,c44d08c95c22bc5f82fc5b97107d366b561ff0b617207e57a2899ec91a265c38
E0256,71fbc5bf-7e2a-415d-86bc-3a948742e904_17_25,A:71fbc5bf-7e2a-415d-86bc-3a948742e904_17_25,A,not_in_correction,partially_supported,,,partially_supported,original_abd,E0256,outputs/abd_eval300_evidence_audit_v1/scored_evidence_audit_blinded.jsonl,c44d08c95c22bc5f82fc5b97107d366b561ff0b617207e57a2899ec91a265c38
E0257,71fbc5bf-7e2a-415d-86bc-3a948742e904_5_27,A:71fbc5bf-7e2a-415d-86bc-3a948742e904_5_27,A,not_in_correction,supported,,,supported,original_abd,E0257,outputs/abd_eval300_evidence_audit_v1/scored_evidence_audit_blinded.jsonl,c44d08c95c22bc5f82fc5b97107d366b561ff0b617207e57a2899ec91a265c38
E0258,41a86310-2cc1-48f9-b5b5-6b495a95fbac_11_4,A:41a86310-2cc1-48f9-b5b5-6b495a95fbac_11_4,A,not_in_correction,contradicted,,,contradicted,original_abd,E0258,outputs/abd_eval300_evidence_audit_v1/scored_evidence_audit_blinded.jsonl,c44d08c95c22bc5f82fc5b97107d366b561ff0b617207e57a2899ec91a265c38
E0259,7ddbf8a2-5b3e-44cd-b9dc-db17ec06831b_6_7,A:7ddbf8a2-5b3e-44cd-b9dc-db17ec06831b_6_7,A,not_in_correction,unsupported,,,unsupported,original_abd,E0259,outputs/abd_eval300_evidence_audit_v1/scored_evidence_audit_blinded.jsonl,c44d08c95c22bc5f82fc5b97107d366b561ff0b617207e57a2899ec91a265c38
E0260,71fbc5bf-7e2a-415d-86bc-3a948742e904_3_7,A:71fbc5bf-7e2a-415d-86bc-3a948742e904_3_7,A,not_in_correction,unsupported,,,unsupported,original_abd,E0260,outputs/abd_eval300_evidence_audit_v1/scored_evidence_audit_blinded.jsonl,c44d08c95c22bc5f82fc5b97107d366b561ff0b617207e57a2899ec91a265c38
E0261,71fbc5bf-7e2a-415d-86bc-3a948742e904_22_23,B:71fbc5bf-7e2a-415d-86bc-3a948742e904_22_23,B,not_in_correction,partially_supported,,,partially_supported,original_abd,E0261,outputs/abd_eval300_evidence_audit_v1/scored_evidence_audit_blinded.jsonl,c44d08c95c22bc5f82fc5b97107d366b561ff0b617207e57a2899ec91a265c38
E0262,db3f7933-dfa0-4678-9d4f-393b628ded45_4_22,A:db3f7933-dfa0-4678-9d4f-393b628ded45_4_22,A,not_in_correction,supported,,,supported,original_abd,E0262,outputs/abd_eval300_evidence_audit_v1/scored_evidence_audit_blinded.jsonl,c44d08c95c22bc5f82fc5b97107d366b561ff0b617207e57a2899ec91a265c38
E0263,7ddbf8a2-5b3e-44cd-b9dc-db17ec06831b_8_20,D:7ddbf8a2-5b3e-44cd-b9dc-db17ec06831b_8_20,D,not_in_correction,contradicted,,,contradicted,original_abd,E0263,outputs/abd_eval300_evidence_audit_v1/scored_evidence_audit_blinded.jsonl,c44d08c95c22bc5f82fc5b97107d366b561ff0b617207e57a2899ec91a265c38
E0264,41a86310-2cc1-48f9-b5b5-6b495a95fbac_17_15,D:41a86310-2cc1-48f9-b5b5-6b495a95fbac_17_15,D,not_in_correction,contradicted,,,contradicted,original_abd,E0264,outputs/abd_eval300_evidence_audit_v1/scored_evidence_audit_blinded.jsonl,c44d08c95c22bc5f82fc5b97107d366b561ff0b617207e57a2899ec91a265c38
E0265,d3a0899e-2093-454c-9f65-30087883193a_8_36,D:d3a0899e-2093-454c-9f65-30087883193a_8_36,D,not_in_correction,supported,,,supported,original_abd,E0265,outputs/abd_eval300_evidence_audit_v1/scored_evidence_audit_blinded.jsonl,c44d08c95c22bc5f82fc5b97107d366b561ff0b617207e57a2899ec91a265c38
E0266,d3a0899e-2093-454c-9f65-30087883193a_5_24,D:d3a0899e-2093-454c-9f65-30087883193a_5_24,D,not_in_correction,partially_supported,,,partially_supported,original_abd,E0266,outputs/abd_eval300_evidence_audit_v1/scored_evidence_audit_blinded.jsonl,c44d08c95c22bc5f82fc5b97107d366b561ff0b617207e57a2899ec91a265c38
E0267,7ddbf8a2-5b3e-44cd-b9dc-db17ec06831b_22_3,D:7ddbf8a2-5b3e-44cd-b9dc-db17ec06831b_22_3,D,not_in_correction,supported,,,supported,original_abd,E0267,outputs/abd_eval300_evidence_audit_v1/scored_evidence_audit_blinded.jsonl,c44d08c95c22bc5f82fc5b97107d366b561ff0b617207e57a2899ec91a265c38
E0268,7ddbf8a2-5b3e-44cd-b9dc-db17ec06831b_11_14,B:7ddbf8a2-5b3e-44cd-b9dc-db17ec06831b_11_14,B,not_in_correction,contradicted,,,contradicted,original_abd,E0268,outputs/abd_eval300_evidence_audit_v1/scored_evidence_audit_blinded.jsonl,c44d08c95c22bc5f82fc5b97107d366b561ff0b617207e57a2899ec91a265c38
E0269,7e512589-aa97-41e8-83d3-af2e83e4fd06_3_26,D:7e512589-aa97-41e8-83d3-af2e83e4fd06_3_26,D,control,supported,partially_supported,partially_supported,partially_supported,sol_independent_review,SB9E2AE336E2A,outputs/abd_eval300_disagreement_independent_review_v1/blinded_reviewer_output/blinded_reviews.jsonl,75fdab627ddf165f75133f026d0a6e605e6b838bdcb58912e752a67a0783557f
E0270,a6d45e95-8dc0-4932-83bf-ec53e265a16a_6_24,B:a6d45e95-8dc0-4932-83bf-ec53e265a16a_6_24,B,not_in_correction,unsupported,,,unsupported,original_abd,E0270,outputs/abd_eval300_evidence_audit_v1/scored_evidence_audit_blinded.jsonl,c44d08c95c22bc5f82fc5b97107d366b561ff0b617207e57a2899ec91a265c38
E0271,d3a0899e-2093-454c-9f65-30087883193a_4_10,A:d3a0899e-2093-454c-9f65-30087883193a_4_10,A,not_in_correction,unsupported,,,unsupported,original_abd,E0271,outputs/abd_eval300_evidence_audit_v1/scored_evidence_audit_blinded.jsonl,c44d08c95c22bc5f82fc5b97107d366b561ff0b617207e57a2899ec91a265c38
E0272,115774b6-534d-444f-b7aa-d1b834eb0ee7_12_27,B:115774b6-534d-444f-b7aa-d1b834eb0ee7_12_27,B,not_in_correction,contradicted,,,contradicted,original_abd,E0272,outputs/abd_eval300_evidence_audit_v1/scored_evidence_audit_blinded.jsonl,c44d08c95c22bc5f82fc5b97107d366b561ff0b617207e57a2899ec91a265c38
E0273,71fbc5bf-7e2a-415d-86bc-3a948742e904_3_7,B:71fbc5bf-7e2a-415d-86bc-3a948742e904_3_7,B,not_in_correction,unsupported,,,unsupported,original_abd,E0273,outputs/abd_eval300_evidence_audit_v1/scored_evidence_audit_blinded.jsonl,c44d08c95c22bc5f82fc5b97107d366b561ff0b617207e57a2899ec91a265c38
E0274,6fd90f8d-7a4d-425d-a812-3268db0b0342_7_27,D:6fd90f8d-7a4d-425d-a812-3268db0b0342_7_27,D,not_in_correction,contradicted,,,contradicted,original_abd,E0274,outputs/abd_eval300_evidence_audit_v1/scored_evidence_audit_blinded.jsonl,c44d08c95c22bc5f82fc5b97107d366b561ff0b617207e57a2899ec91a265c38
E0275,819c8af7-851f-434f-ab32-318285bc54b1_17_26,B:819c8af7-851f-434f-ab32-318285bc54b1_17_26,B,not_in_correction,supported,,,supported,original_abd,E0275,outputs/abd_eval300_evidence_audit_v1/scored_evidence_audit_blinded.jsonl,c44d08c95c22bc5f82fc5b97107d366b561ff0b617207e57a2899ec91a265c38
E0276,d3a0899e-2093-454c-9f65-30087883193a_7_26,D:d3a0899e-2093-454c-9f65-30087883193a_7_26,D,not_in_correction,contradicted,,,contradicted,original_abd,E0276,outputs/abd_eval300_evidence_audit_v1/scored_evidence_audit_blinded.jsonl,c44d08c95c22bc5f82fc5b97107d366b561ff0b617207e57a2899ec91a265c38
E0277,115774b6-534d-444f-b7aa-d1b834eb0ee7_6_24,A:115774b6-534d-444f-b7aa-d1b834eb0ee7_6_24,A,not_in_correction,unsupported,,,unsupported,original_abd,E0277,outputs/abd_eval300_evidence_audit_v1/scored_evidence_audit_blinded.jsonl,c44d08c95c22bc5f82fc5b97107d366b561ff0b617207e57a2899ec91a265c38
E0278,a6d45e95-8dc0-4932-83bf-ec53e265a16a_6_24,D:a6d45e95-8dc0-4932-83bf-ec53e265a16a_6_24,D,not_in_correction,contradicted,,,contradicted,original_abd,E0278,outputs/abd_eval300_evidence_audit_v1/scored_evidence_audit_blinded.jsonl,c44d08c95c22bc5f82fc5b97107d366b561ff0b617207e57a2899ec91a265c38
E0279,db3f7933-dfa0-4678-9d4f-393b628ded45_7_8,D:db3f7933-dfa0-4678-9d4f-393b628ded45_7_8,D,not_in_correction,supported,,,supported,original_abd,E0279,outputs/abd_eval300_evidence_audit_v1/scored_evidence_audit_blinded.jsonl,c44d08c95c22bc5f82fc5b97107d366b561ff0b617207e57a2899ec91a265c38
E0280,4572b198-2c1c-4920-bcf0-95fcebe12261_6_24,A:4572b198-2c1c-4920-bcf0-95fcebe12261_6_24,A,not_in_correction,unsupported,,,unsupported,original_abd,E0280,outputs/abd_eval300_evidence_audit_v1/scored_evidence_audit_blinded.jsonl,c44d08c95c22bc5f82fc5b97107d366b561ff0b617207e57a2899ec91a265c38
E0281,7e512589-aa97-41e8-83d3-af2e83e4fd06_4_5,B:7e512589-aa97-41e8-83d3-af2e83e4fd06_4_5,B,not_in_correction,unsupported,,,unsupported,original_abd,E0281,outputs/abd_eval300_evidence_audit_v1/scored_evidence_audit_blinded.jsonl,c44d08c95c22bc5f82fc5b97107d366b561ff0b617207e57a2899ec91a265c38
E0282,819c8af7-851f-434f-ab32-318285bc54b1_3_13,B:819c8af7-851f-434f-ab32-318285bc54b1_3_13,B,not_in_correction,contradicted,,,contradicted,original_abd,E0282,outputs/abd_eval300_evidence_audit_v1/scored_evidence_audit_blinded.jsonl,c44d08c95c22bc5f82fc5b97107d366b561ff0b617207e57a2899ec91a265c38
E0283,70f2a750-f403-41b8-aabb-480eb3ab4ed4_17_9,B:70f2a750-f403-41b8-aabb-480eb3ab4ed4_17_9,B,not_in_correction,unsupported,,,unsupported,original_abd,E0283,outputs/abd_eval300_evidence_audit_v1/scored_evidence_audit_blinded.jsonl,c44d08c95c22bc5f82fc5b97107d366b561ff0b617207e57a2899ec91a265c38
E0284,819c8af7-851f-434f-ab32-318285bc54b1_3_13,D:819c8af7-851f-434f-ab32-318285bc54b1_3_13,D,not_in_correction,contradicted,,,contradicted,original_abd,E0284,outputs/abd_eval300_evidence_audit_v1/scored_evidence_audit_blinded.jsonl,c44d08c95c22bc5f82fc5b97107d366b561ff0b617207e57a2899ec91a265c38
E0285,db3f7933-dfa0-4678-9d4f-393b628ded45_4_22,D:db3f7933-dfa0-4678-9d4f-393b628ded45_4_22,D,not_in_correction,supported,,,supported,original_abd,E0285,outputs/abd_eval300_evidence_audit_v1/scored_evidence_audit_blinded.jsonl,c44d08c95c22bc5f82fc5b97107d366b561ff0b617207e57a2899ec91a265c38
E0286,a6d45e95-8dc0-4932-83bf-ec53e265a16a_17_10,A:a6d45e95-8dc0-4932-83bf-ec53e265a16a_17_10,A,not_in_correction,contradicted,,,contradicted,original_abd,E0286,outputs/abd_eval300_evidence_audit_v1/scored_evidence_audit_blinded.jsonl,c44d08c95c22bc5f82fc5b97107d366b561ff0b617207e57a2899ec91a265c38
E0287,71fbc5bf-7e2a-415d-86bc-3a948742e904_7_9,B:71fbc5bf-7e2a-415d-86bc-3a948742e904_7_9,B,not_in_correction,supported,,,supported,original_abd,E0287,outputs/abd_eval300_evidence_audit_v1/scored_evidence_audit_blinded.jsonl,c44d08c95c22bc5f82fc5b97107d366b561ff0b617207e57a2899ec91a265c38
E0288,115774b6-534d-444f-b7aa-d1b834eb0ee7_2_4,D:115774b6-534d-444f-b7aa-d1b834eb0ee7_2_4,D,control,unsupported,unsupported,,unsupported,correction,E0288,outputs/abd_eval300_evidence_audit_correction_validation_v1/extracted/corrected_blinded_reviews.jsonl,3ab37d3b323018ba063688790112639cb0053de4a0d1fb0407da2f012d35c991
E0289,71fbc5bf-7e2a-415d-86bc-3a948742e904_8_8,B:71fbc5bf-7e2a-415d-86bc-3a948742e904_8_8,B,control,unsupported,partially_supported,unsupported,unsupported,sol_independent_review,SC26591B3A1BE,outputs/abd_eval300_disagreement_independent_review_v1/blinded_reviewer_output/blinded_reviews.jsonl,75fdab627ddf165f75133f026d0a6e605e6b838bdcb58912e752a67a0783557f
E0290,70f2a750-f403-41b8-aabb-480eb3ab4ed4_17_30,B:70f2a750-f403-41b8-aabb-480eb3ab4ed4_17_30,B,not_in_correction,supported,,,supported,original_abd,E0290,outputs/abd_eval300_evidence_audit_v1/scored_evidence_audit_blinded.jsonl,c44d08c95c22bc5f82fc5b97107d366b561ff0b617207e57a2899ec91a265c38
E0291,a6d45e95-8dc0-4932-83bf-ec53e265a16a_8_18,D:a6d45e95-8dc0-4932-83bf-ec53e265a16a_8_18,D,not_in_correction,contradicted,,,contradicted,original_abd,E0291,outputs/abd_eval300_evidence_audit_v1/scored_evidence_audit_blinded.jsonl,c44d08c95c22bc5f82fc5b97107d366b561ff0b617207e57a2899ec91a265c38
E0292,4572b198-2c1c-4920-bcf0-95fcebe12261_17_14,A:4572b198-2c1c-4920-bcf0-95fcebe12261_17_14,A,not_in_correction,supported,,,supported,original_abd,E0292,outputs/abd_eval300_evidence_audit_v1/scored_evidence_audit_blinded.jsonl,c44d08c95c22bc5f82fc5b97107d366b561ff0b617207e57a2899ec91a265c38
E0293,7e512589-aa97-41e8-83d3-af2e83e4fd06_7_4,A:7e512589-aa97-41e8-83d3-af2e83e4fd06_7_4,A,not_in_correction,unsupported,,,unsupported,original_abd,E0293,outputs/abd_eval300_evidence_audit_v1/scored_evidence_audit_blinded.jsonl,c44d08c95c22bc5f82fc5b97107d366b561ff0b617207e57a2899ec91a265c38
E0294,db3f7933-dfa0-4678-9d4f-393b628ded45_17_11,A:db3f7933-dfa0-4678-9d4f-393b628ded45_17_11,A,not_in_correction,unsupported,,,unsupported,original_abd,E0294,outputs/abd_eval300_evidence_audit_v1/scored_evidence_audit_blinded.jsonl,c44d08c95c22bc5f82fc5b97107d366b561ff0b617207e57a2899ec91a265c38
E0295,4572b198-2c1c-4920-bcf0-95fcebe12261_8_13,A:4572b198-2c1c-4920-bcf0-95fcebe12261_8_13,A,not_in_correction,contradicted,,,contradicted,original_abd,E0295,outputs/abd_eval300_evidence_audit_v1/scored_evidence_audit_blinded.jsonl,c44d08c95c22bc5f82fc5b97107d366b561ff0b617207e57a2899ec91a265c38
E0296,41a86310-2cc1-48f9-b5b5-6b495a95fbac_17_10,D:41a86310-2cc1-48f9-b5b5-6b495a95fbac_17_10,D,not_in_correction,supported,,,supported,original_abd,E0296,outputs/abd_eval300_evidence_audit_v1/scored_evidence_audit_blinded.jsonl,c44d08c95c22bc5f82fc5b97107d366b561ff0b617207e57a2899ec91a265c38
E0297,70f2a750-f403-41b8-aabb-480eb3ab4ed4_22_12,B:70f2a750-f403-41b8-aabb-480eb3ab4ed4_22_12,B,not_in_correction,partially_supported,,,partially_supported,original_abd,E0297,outputs/abd_eval300_evidence_audit_v1/scored_evidence_audit_blinded.jsonl,c44d08c95c22bc5f82fc5b97107d366b561ff0b617207e57a2899ec91a265c38
E0298,71fbc5bf-7e2a-415d-86bc-3a948742e904_6_14,D:71fbc5bf-7e2a-415d-86bc-3a948742e904_6_14,D,not_in_correction,contradicted,,,contradicted,original_abd,E0298,outputs/abd_eval300_evidence_audit_v1/scored_evidence_audit_blinded.jsonl,c44d08c95c22bc5f82fc5b97107d366b561ff0b617207e57a2899ec91a265c38
E0299,70f2a750-f403-41b8-aabb-480eb3ab4ed4_4_27,D:70f2a750-f403-41b8-aabb-480eb3ab4ed4_4_27,D,not_in_correction,supported,,,supported,original_abd,E0299,outputs/abd_eval300_evidence_audit_v1/scored_evidence_audit_blinded.jsonl,c44d08c95c22bc5f82fc5b97107d366b561ff0b617207e57a2899ec91a265c38
E0300,115774b6-534d-444f-b7aa-d1b834eb0ee7_1_3,D:115774b6-534d-444f-b7aa-d1b834eb0ee7_1_3,D,not_in_correction,partially_supported,,,partially_supported,original_abd,E0300,outputs/abd_eval300_evidence_audit_v1/scored_evidence_audit_blinded.jsonl,c44d08c95c22bc5f82fc5b97107d366b561ff0b617207e57a2899ec91a265c38
E0301,71fbc5bf-7e2a-415d-86bc-3a948742e904_12_18,D:71fbc5bf-7e2a-415d-86bc-3a948742e904_12_18,D,not_in_correction,partially_supported,,,partially_supported,original_abd,E0301,outputs/abd_eval300_evidence_audit_v1/scored_evidence_audit_blinded.jsonl,c44d08c95c22bc5f82fc5b97107d366b561ff0b617207e57a2899ec91a265c38
E0302,d3a0899e-2093-454c-9f65-30087883193a_4_33,D:d3a0899e-2093-454c-9f65-30087883193a_4_33,D,not_in_correction,supported,,,supported,original_abd,E0302,outputs/abd_eval300_evidence_audit_v1/scored_evidence_audit_blinded.jsonl,c44d08c95c22bc5f82fc5b97107d366b561ff0b617207e57a2899ec91a265c38
E0303,a6d45e95-8dc0-4932-83bf-ec53e265a16a_12_4,D:a6d45e95-8dc0-4932-83bf-ec53e265a16a_12_4,D,not_in_correction,partially_supported,,,partially_supported,original_abd,E0303,outputs/abd_eval300_evidence_audit_v1/scored_evidence_audit_blinded.jsonl,c44d08c95c22bc5f82fc5b97107d366b561ff0b617207e57a2899ec91a265c38
E0304,71fbc5bf-7e2a-415d-86bc-3a948742e904_22_4,D:71fbc5bf-7e2a-415d-86bc-3a948742e904_22_4,D,not_in_correction,supported,,,supported,original_abd,E0304,outputs/abd_eval300_evidence_audit_v1/scored_evidence_audit_blinded.jsonl,c44d08c95c22bc5f82fc5b97107d366b561ff0b617207e57a2899ec91a265c38
E0305,a6d45e95-8dc0-4932-83bf-ec53e265a16a_11_28,D:a6d45e95-8dc0-4932-83bf-ec53e265a16a_11_28,D,not_in_correction,supported,,,supported,original_abd,E0305,outputs/abd_eval300_evidence_audit_v1/scored_evidence_audit_blinded.jsonl,c44d08c95c22bc5f82fc5b97107d366b561ff0b617207e57a2899ec91a265c38
E0306,7e512589-aa97-41e8-83d3-af2e83e4fd06_5_33,B:7e512589-aa97-41e8-83d3-af2e83e4fd06_5_33,B,target,unreviewable,partially_supported,,partially_supported,correction,E0306,outputs/abd_eval300_evidence_audit_correction_validation_v1/extracted/corrected_blinded_reviews.jsonl,3ab37d3b323018ba063688790112639cb0053de4a0d1fb0407da2f012d35c991
E0307,a6d45e95-8dc0-4932-83bf-ec53e265a16a_17_3,A:a6d45e95-8dc0-4932-83bf-ec53e265a16a_17_3,A,target,unreviewable,unsupported,,unsupported,correction,E0307,outputs/abd_eval300_evidence_audit_correction_validation_v1/extracted/corrected_blinded_reviews.jsonl,3ab37d3b323018ba063688790112639cb0053de4a0d1fb0407da2f012d35c991
E0308,70f2a750-f403-41b8-aabb-480eb3ab4ed4_4_6,D:70f2a750-f403-41b8-aabb-480eb3ab4ed4_4_6,D,not_in_correction,contradicted,,,contradicted,original_abd,E0308,outputs/abd_eval300_evidence_audit_v1/scored_evidence_audit_blinded.jsonl,c44d08c95c22bc5f82fc5b97107d366b561ff0b617207e57a2899ec91a265c38
E0309,70f2a750-f403-41b8-aabb-480eb3ab4ed4_4_20,A:70f2a750-f403-41b8-aabb-480eb3ab4ed4_4_20,A,target,unreviewable,contradicted,,contradicted,correction,E0309,outputs/abd_eval300_evidence_audit_correction_validation_v1/extracted/corrected_blinded_reviews.jsonl,3ab37d3b323018ba063688790112639cb0053de4a0d1fb0407da2f012d35c991
E0310,7ddbf8a2-5b3e-44cd-b9dc-db17ec06831b_7_11,D:7ddbf8a2-5b3e-44cd-b9dc-db17ec06831b_7_11,D,not_in_correction,partially_supported,,,partially_supported,original_abd,E0310,outputs/abd_eval300_evidence_audit_v1/scored_evidence_audit_blinded.jsonl,c44d08c95c22bc5f82fc5b97107d366b561ff0b617207e57a2899ec91a265c38
E0311,7ddbf8a2-5b3e-44cd-b9dc-db17ec06831b_4_19,D:7ddbf8a2-5b3e-44cd-b9dc-db17ec06831b_4_19,D,control,partially_supported,supported,contradicted,contradicted,sol_independent_review,S4D60FA9142C1,outputs/abd_eval300_disagreement_independent_review_v1/blinded_reviewer_output/blinded_reviews.jsonl,75fdab627ddf165f75133f026d0a6e605e6b838bdcb58912e752a67a0783557f
E0312,7ddbf8a2-5b3e-44cd-b9dc-db17ec06831b_4_2,A:7ddbf8a2-5b3e-44cd-b9dc-db17ec06831b_4_2,A,target,unreviewable,partially_supported,,partially_supported,correction,E0312,outputs/abd_eval300_evidence_audit_correction_validation_v1/extracted/corrected_blinded_reviews.jsonl,3ab37d3b323018ba063688790112639cb0053de4a0d1fb0407da2f012d35c991
E0313,115774b6-534d-444f-b7aa-d1b834eb0ee7_2_4,A:115774b6-534d-444f-b7aa-d1b834eb0ee7_2_4,A,target,unreviewable,unsupported,,unsupported,correction,E0313,outputs/abd_eval300_evidence_audit_correction_validation_v1/extracted/corrected_blinded_reviews.jsonl,3ab37d3b323018ba063688790112639cb0053de4a0d1fb0407da2f012d35c991
E0314,819c8af7-851f-434f-ab32-318285bc54b1_11_24,D:819c8af7-851f-434f-ab32-318285bc54b1_11_24,D,not_in_correction,supported,,,supported,original_abd,E0314,outputs/abd_eval300_evidence_audit_v1/scored_evidence_audit_blinded.jsonl,c44d08c95c22bc5f82fc5b97107d366b561ff0b617207e57a2899ec91a265c38
E0315,70f2a750-f403-41b8-aabb-480eb3ab4ed4_6_32,B:70f2a750-f403-41b8-aabb-480eb3ab4ed4_6_32,B,target,unreviewable,unsupported,,unsupported,correction,E0315,outputs/abd_eval300_evidence_audit_correction_validation_v1/extracted/corrected_blinded_reviews.jsonl,3ab37d3b323018ba063688790112639cb0053de4a0d1fb0407da2f012d35c991
E0316,71fbc5bf-7e2a-415d-86bc-3a948742e904_4_22,D:71fbc5bf-7e2a-415d-86bc-3a948742e904_4_22,D,not_in_correction,supported,,,supported,original_abd,E0316,outputs/abd_eval300_evidence_audit_v1/scored_evidence_audit_blinded.jsonl,c44d08c95c22bc5f82fc5b97107d366b561ff0b617207e57a2899ec91a265c38
E0317,7ddbf8a2-5b3e-44cd-b9dc-db17ec06831b_4_24,B:7ddbf8a2-5b3e-44cd-b9dc-db17ec06831b_4_24,B,target,unreviewable,contradicted,,contradicted,correction,E0317,outputs/abd_eval300_evidence_audit_correction_validation_v1/extracted/corrected_blinded_reviews.jsonl,3ab37d3b323018ba063688790112639cb0053de4a0d1fb0407da2f012d35c991
E0318,115774b6-534d-444f-b7aa-d1b834eb0ee7_17_7,D:115774b6-534d-444f-b7aa-d1b834eb0ee7_17_7,D,not_in_correction,supported,,,supported,original_abd,E0318,outputs/abd_eval300_evidence_audit_v1/scored_evidence_audit_blinded.jsonl,c44d08c95c22bc5f82fc5b97107d366b561ff0b617207e57a2899ec91a265c38
E0319,71fbc5bf-7e2a-415d-86bc-3a948742e904_4_22,B:71fbc5bf-7e2a-415d-86bc-3a948742e904_4_22,B,target,unreviewable,partially_supported,,partially_supported,correction,E0319,outputs/abd_eval300_evidence_audit_correction_validation_v1/extracted/corrected_blinded_reviews.jsonl,3ab37d3b323018ba063688790112639cb0053de4a0d1fb0407da2f012d35c991
E0320,4572b198-2c1c-4920-bcf0-95fcebe12261_17_15,B:4572b198-2c1c-4920-bcf0-95fcebe12261_17_15,B,target,unreviewable,unsupported,,unsupported,correction,E0320,outputs/abd_eval300_evidence_audit_correction_validation_v1/extracted/corrected_blinded_reviews.jsonl,3ab37d3b323018ba063688790112639cb0053de4a0d1fb0407da2f012d35c991
E0321,4572b198-2c1c-4920-bcf0-95fcebe12261_17_29,B:4572b198-2c1c-4920-bcf0-95fcebe12261_17_29,B,target,unreviewable,unsupported,,unsupported,correction,E0321,outputs/abd_eval300_evidence_audit_correction_validation_v1/extracted/corrected_blinded_reviews.jsonl,3ab37d3b323018ba063688790112639cb0053de4a0d1fb0407da2f012d35c991
E0322,71fbc5bf-7e2a-415d-86bc-3a948742e904_7_24,D:71fbc5bf-7e2a-415d-86bc-3a948742e904_7_24,D,not_in_correction,supported,,,supported,original_abd,E0322,outputs/abd_eval300_evidence_audit_v1/scored_evidence_audit_blinded.jsonl,c44d08c95c22bc5f82fc5b97107d366b561ff0b617207e57a2899ec91a265c38
E0323,41a86310-2cc1-48f9-b5b5-6b495a95fbac_7_17,B:41a86310-2cc1-48f9-b5b5-6b495a95fbac_7_17,B,target,unreviewable,partially_supported,,partially_supported,correction,E0323,outputs/abd_eval300_evidence_audit_correction_validation_v1/extracted/corrected_blinded_reviews.jsonl,3ab37d3b323018ba063688790112639cb0053de4a0d1fb0407da2f012d35c991
E0324,7ddbf8a2-5b3e-44cd-b9dc-db17ec06831b_22_23,A:7ddbf8a2-5b3e-44cd-b9dc-db17ec06831b_22_23,A,target,unreviewable,contradicted,,contradicted,correction,E0324,outputs/abd_eval300_evidence_audit_correction_validation_v1/extracted/corrected_blinded_reviews.jsonl,3ab37d3b323018ba063688790112639cb0053de4a0d1fb0407da2f012d35c991
E0325,115774b6-534d-444f-b7aa-d1b834eb0ee7_17_14,D:115774b6-534d-444f-b7aa-d1b834eb0ee7_17_14,D,not_in_correction,partially_supported,,,partially_supported,original_abd,E0325,outputs/abd_eval300_evidence_audit_v1/scored_evidence_audit_blinded.jsonl,c44d08c95c22bc5f82fc5b97107d366b561ff0b617207e57a2899ec91a265c38
E0326,d3a0899e-2093-454c-9f65-30087883193a_22_14,D:d3a0899e-2093-454c-9f65-30087883193a_22_14,D,not_in_correction,partially_supported,,,partially_supported,original_abd,E0326,outputs/abd_eval300_evidence_audit_v1/scored_evidence_audit_blinded.jsonl,c44d08c95c22bc5f82fc5b97107d366b561ff0b617207e57a2899ec91a265c38
E0327,7e512589-aa97-41e8-83d3-af2e83e4fd06_17_10,A:7e512589-aa97-41e8-83d3-af2e83e4fd06_17_10,A,target,unreviewable,contradicted,,contradicted,correction,E0327,outputs/abd_eval300_evidence_audit_correction_validation_v1/extracted/corrected_blinded_reviews.jsonl,3ab37d3b323018ba063688790112639cb0053de4a0d1fb0407da2f012d35c991
E0328,71fbc5bf-7e2a-415d-86bc-3a948742e904_12_18,B:71fbc5bf-7e2a-415d-86bc-3a948742e904_12_18,B,target,unreviewable,contradicted,,contradicted,correction,E0328,outputs/abd_eval300_evidence_audit_correction_validation_v1/extracted/corrected_blinded_reviews.jsonl,3ab37d3b323018ba063688790112639cb0053de4a0d1fb0407da2f012d35c991
E0329,4572b198-2c1c-4920-bcf0-95fcebe12261_17_26,D:4572b198-2c1c-4920-bcf0-95fcebe12261_17_26,D,not_in_correction,partially_supported,,,partially_supported,original_abd,E0329,outputs/abd_eval300_evidence_audit_v1/scored_evidence_audit_blinded.jsonl,c44d08c95c22bc5f82fc5b97107d366b561ff0b617207e57a2899ec91a265c38
E0330,a6d45e95-8dc0-4932-83bf-ec53e265a16a_7_7,D:a6d45e95-8dc0-4932-83bf-ec53e265a16a_7_7,D,control,partially_supported,contradicted,supported,supported,sol_independent_review,SF8016D001022,outputs/abd_eval300_disagreement_independent_review_v1/blinded_reviewer_output/blinded_reviews.jsonl,75fdab627ddf165f75133f026d0a6e605e6b838bdcb58912e752a67a0783557f
E0331,4572b198-2c1c-4920-bcf0-95fcebe12261_17_25,D:4572b198-2c1c-4920-bcf0-95fcebe12261_17_25,D,not_in_correction,partially_supported,,,partially_supported,original_abd,E0331,outputs/abd_eval300_evidence_audit_v1/scored_evidence_audit_blinded.jsonl,c44d08c95c22bc5f82fc5b97107d366b561ff0b617207e57a2899ec91a265c38
E0332,819c8af7-851f-434f-ab32-318285bc54b1_4_2,A:819c8af7-851f-434f-ab32-318285bc54b1_4_2,A,target,unreviewable,supported,,supported,correction,E0332,outputs/abd_eval300_evidence_audit_correction_validation_v1/extracted/corrected_blinded_reviews.jsonl,3ab37d3b323018ba063688790112639cb0053de4a0d1fb0407da2f012d35c991
E0333,819c8af7-851f-434f-ab32-318285bc54b1_7_21,D:819c8af7-851f-434f-ab32-318285bc54b1_7_21,D,not_in_correction,partially_supported,,,partially_supported,original_abd,E0333,outputs/abd_eval300_evidence_audit_v1/scored_evidence_audit_blinded.jsonl,c44d08c95c22bc5f82fc5b97107d366b561ff0b617207e57a2899ec91a265c38
E0334,115774b6-534d-444f-b7aa-d1b834eb0ee7_4_25,B:115774b6-534d-444f-b7aa-d1b834eb0ee7_4_25,B,target,unreviewable,partially_supported,,partially_supported,correction,E0334,outputs/abd_eval300_evidence_audit_correction_validation_v1/extracted/corrected_blinded_reviews.jsonl,3ab37d3b323018ba063688790112639cb0053de4a0d1fb0407da2f012d35c991
E0335,d3a0899e-2093-454c-9f65-30087883193a_8_16,D:d3a0899e-2093-454c-9f65-30087883193a_8_16,D,not_in_correction,partially_supported,,,partially_supported,original_abd,E0335,outputs/abd_eval300_evidence_audit_v1/scored_evidence_audit_blinded.jsonl,c44d08c95c22bc5f82fc5b97107d366b561ff0b617207e57a2899ec91a265c38
E0336,819c8af7-851f-434f-ab32-318285bc54b1_4_23,D:819c8af7-851f-434f-ab32-318285bc54b1_4_23,D,not_in_correction,partially_supported,,,partially_supported,original_abd,E0336,outputs/abd_eval300_evidence_audit_v1/scored_evidence_audit_blinded.jsonl,c44d08c95c22bc5f82fc5b97107d366b561ff0b617207e57a2899ec91a265c38
E0337,db3f7933-dfa0-4678-9d4f-393b628ded45_12_15,D:db3f7933-dfa0-4678-9d4f-393b628ded45_12_15,D,not_in_correction,partially_supported,,,partially_supported,original_abd,E0337,outputs/abd_eval300_evidence_audit_v1/scored_evidence_audit_blinded.jsonl,c44d08c95c22bc5f82fc5b97107d366b561ff0b617207e57a2899ec91a265c38
E0338,6fd90f8d-7a4d-425d-a812-3268db0b0342_16_4,A:6fd90f8d-7a4d-425d-a812-3268db0b0342_16_4,A,target,unreviewable,unsupported,,unsupported,correction,E0338,outputs/abd_eval300_evidence_audit_correction_validation_v1/extracted/corrected_blinded_reviews.jsonl,3ab37d3b323018ba063688790112639cb0053de4a0d1fb0407da2f012d35c991
E0339,a6d45e95-8dc0-4932-83bf-ec53e265a16a_17_3,D:a6d45e95-8dc0-4932-83bf-ec53e265a16a_17_3,D,control,partially_supported,unsupported,unsupported,unsupported,sol_independent_review,SE588598A2005,outputs/abd_eval300_disagreement_independent_review_v1/blinded_reviewer_output/blinded_reviews.jsonl,75fdab627ddf165f75133f026d0a6e605e6b838bdcb58912e752a67a0783557f
E0340,d3a0899e-2093-454c-9f65-30087883193a_8_36,A:d3a0899e-2093-454c-9f65-30087883193a_8_36,A,target,unreviewable,unsupported,,unsupported,correction,E0340,outputs/abd_eval300_evidence_audit_correction_validation_v1/extracted/corrected_blinded_reviews.jsonl,3ab37d3b323018ba063688790112639cb0053de4a0d1fb0407da2f012d35c991
E0341,db3f7933-dfa0-4678-9d4f-393b628ded45_7_19,D:db3f7933-dfa0-4678-9d4f-393b628ded45_7_19,D,not_in_correction,partially_supported,,,partially_supported,original_abd,E0341,outputs/abd_eval300_evidence_audit_v1/scored_evidence_audit_blinded.jsonl,c44d08c95c22bc5f82fc5b97107d366b561ff0b617207e57a2899ec91a265c38
E0342,db3f7933-dfa0-4678-9d4f-393b628ded45_17_13,B:db3f7933-dfa0-4678-9d4f-393b628ded45_17_13,B,target,unreviewable,supported,,supported,correction,E0342,outputs/abd_eval300_evidence_audit_correction_validation_v1/extracted/corrected_blinded_reviews.jsonl,3ab37d3b323018ba063688790112639cb0053de4a0d1fb0407da2f012d35c991
E0343,819c8af7-851f-434f-ab32-318285bc54b1_4_4,B:819c8af7-851f-434f-ab32-318285bc54b1_4_4,B,target,unreviewable,unsupported,,unsupported,correction,E0343,outputs/abd_eval300_evidence_audit_correction_validation_v1/extracted/corrected_blinded_reviews.jsonl,3ab37d3b323018ba063688790112639cb0053de4a0d1fb0407da2f012d35c991
E0344,a6d45e95-8dc0-4932-83bf-ec53e265a16a_18_5,B:a6d45e95-8dc0-4932-83bf-ec53e265a16a_18_5,B,target,unreviewable,unsupported,,unsupported,correction,E0344,outputs/abd_eval300_evidence_audit_correction_validation_v1/extracted/corrected_blinded_reviews.jsonl,3ab37d3b323018ba063688790112639cb0053de4a0d1fb0407da2f012d35c991
E0345,115774b6-534d-444f-b7aa-d1b834eb0ee7_4_1,A:115774b6-534d-444f-b7aa-d1b834eb0ee7_4_1,A,target,unreviewable,partially_supported,,partially_supported,correction,E0345,outputs/abd_eval300_evidence_audit_correction_validation_v1/extracted/corrected_blinded_reviews.jsonl,3ab37d3b323018ba063688790112639cb0053de4a0d1fb0407da2f012d35c991
E0346,6fd90f8d-7a4d-425d-a812-3268db0b0342_4_1,B:6fd90f8d-7a4d-425d-a812-3268db0b0342_4_1,B,target,unreviewable,unsupported,,unsupported,correction,E0346,outputs/abd_eval300_evidence_audit_correction_validation_v1/extracted/corrected_blinded_reviews.jsonl,3ab37d3b323018ba063688790112639cb0053de4a0d1fb0407da2f012d35c991
E0347,4572b198-2c1c-4920-bcf0-95fcebe12261_6_22,A:4572b198-2c1c-4920-bcf0-95fcebe12261_6_22,A,target,unreviewable,unsupported,,unsupported,correction,E0347,outputs/abd_eval300_evidence_audit_correction_validation_v1/extracted/corrected_blinded_reviews.jsonl,3ab37d3b323018ba063688790112639cb0053de4a0d1fb0407da2f012d35c991
E0348,a6d45e95-8dc0-4932-83bf-ec53e265a16a_8_18,B:a6d45e95-8dc0-4932-83bf-ec53e265a16a_8_18,B,target,unreviewable,unsupported,,unsupported,correction,E0348,outputs/abd_eval300_evidence_audit_correction_validation_v1/extracted/corrected_blinded_reviews.jsonl,3ab37d3b323018ba063688790112639cb0053de4a0d1fb0407da2f012d35c991
E0349,115774b6-534d-444f-b7aa-d1b834eb0ee7_6_3,D:115774b6-534d-444f-b7aa-d1b834eb0ee7_6_3,D,not_in_correction,partially_supported,,,partially_supported,original_abd,E0349,outputs/abd_eval300_evidence_audit_v1/scored_evidence_audit_blinded.jsonl,c44d08c95c22bc5f82fc5b97107d366b561ff0b617207e57a2899ec91a265c38
E0350,7ddbf8a2-5b3e-44cd-b9dc-db17ec06831b_5_1,A:7ddbf8a2-5b3e-44cd-b9dc-db17ec06831b_5_1,A,target,unreviewable,partially_supported,,partially_supported,correction,E0350,outputs/abd_eval300_evidence_audit_correction_validation_v1/extracted/corrected_blinded_reviews.jsonl,3ab37d3b323018ba063688790112639cb0053de4a0d1fb0407da2f012d35c991
E0351,7ddbf8a2-5b3e-44cd-b9dc-db17ec06831b_11_14,D:7ddbf8a2-5b3e-44cd-b9dc-db17ec06831b_11_14,D,control,partially_supported,contradicted,contradicted,contradicted,sol_independent_review,S9408E456F79E,outputs/abd_eval300_disagreement_independent_review_v1/blinded_reviewer_output/blinded_reviews.jsonl,75fdab627ddf165f75133f026d0a6e605e6b838bdcb58912e752a67a0783557f
E0352,db3f7933-dfa0-4678-9d4f-393b628ded45_17_29,D:db3f7933-dfa0-4678-9d4f-393b628ded45_17_29,D,not_in_correction,partially_supported,,,partially_supported,original_abd,E0352,outputs/abd_eval300_evidence_audit_v1/scored_evidence_audit_blinded.jsonl,c44d08c95c22bc5f82fc5b97107d366b561ff0b617207e57a2899ec91a265c38
E0353,6fd90f8d-7a4d-425d-a812-3268db0b0342_14_5,D:6fd90f8d-7a4d-425d-a812-3268db0b0342_14_5,D,not_in_correction,partially_supported,,,partially_supported,original_abd,E0353,outputs/abd_eval300_evidence_audit_v1/scored_evidence_audit_blinded.jsonl,c44d08c95c22bc5f82fc5b97107d366b561ff0b617207e57a2899ec91a265c38
E0354,d3a0899e-2093-454c-9f65-30087883193a_11_17,B:d3a0899e-2093-454c-9f65-30087883193a_11_17,B,target,unreviewable,unsupported,,unsupported,correction,E0354,outputs/abd_eval300_evidence_audit_correction_validation_v1/extracted/corrected_blinded_reviews.jsonl,3ab37d3b323018ba063688790112639cb0053de4a0d1fb0407da2f012d35c991
E0355,115774b6-534d-444f-b7aa-d1b834eb0ee7_7_22,B:115774b6-534d-444f-b7aa-d1b834eb0ee7_7_22,B,target,unreviewable,unsupported,,unsupported,correction,E0355,outputs/abd_eval300_evidence_audit_correction_validation_v1/extracted/corrected_blinded_reviews.jsonl,3ab37d3b323018ba063688790112639cb0053de4a0d1fb0407da2f012d35c991
E0356,6fd90f8d-7a4d-425d-a812-3268db0b0342_16_5,B:6fd90f8d-7a4d-425d-a812-3268db0b0342_16_5,B,target,unreviewable,unsupported,,unsupported,correction,E0356,outputs/abd_eval300_evidence_audit_correction_validation_v1/extracted/corrected_blinded_reviews.jsonl,3ab37d3b323018ba063688790112639cb0053de4a0d1fb0407da2f012d35c991
E0357,7ddbf8a2-5b3e-44cd-b9dc-db17ec06831b_7_16,A:7ddbf8a2-5b3e-44cd-b9dc-db17ec06831b_7_16,A,target,unreviewable,unsupported,,unsupported,correction,E0357,outputs/abd_eval300_evidence_audit_correction_validation_v1/extracted/corrected_blinded_reviews.jsonl,3ab37d3b323018ba063688790112639cb0053de4a0d1fb0407da2f012d35c991
E0358,41a86310-2cc1-48f9-b5b5-6b495a95fbac_17_38,B:41a86310-2cc1-48f9-b5b5-6b495a95fbac_17_38,B,target,unreviewable,supported,,supported,correction,E0358,outputs/abd_eval300_evidence_audit_correction_validation_v1/extracted/corrected_blinded_reviews.jsonl,3ab37d3b323018ba063688790112639cb0053de4a0d1fb0407da2f012d35c991
E0359,db3f7933-dfa0-4678-9d4f-393b628ded45_12_15,A:db3f7933-dfa0-4678-9d4f-393b628ded45_12_15,A,target,unreviewable,contradicted,,contradicted,correction,E0359,outputs/abd_eval300_evidence_audit_correction_validation_v1/extracted/corrected_blinded_reviews.jsonl,3ab37d3b323018ba063688790112639cb0053de4a0d1fb0407da2f012d35c991
E0360,6fd90f8d-7a4d-425d-a812-3268db0b0342_12_28,D:6fd90f8d-7a4d-425d-a812-3268db0b0342_12_28,D,not_in_correction,partially_supported,,,partially_supported,original_abd,E0360,outputs/abd_eval300_evidence_audit_v1/scored_evidence_audit_blinded.jsonl,c44d08c95c22bc5f82fc5b97107d366b561ff0b617207e57a2899ec91a265c38
E0361,7e512589-aa97-41e8-83d3-af2e83e4fd06_11_24,B:7e512589-aa97-41e8-83d3-af2e83e4fd06_11_24,B,target,unreviewable,unsupported,,unsupported,correction,E0361,outputs/abd_eval300_evidence_audit_correction_validation_v1/extracted/corrected_blinded_reviews.jsonl,3ab37d3b323018ba063688790112639cb0053de4a0d1fb0407da2f012d35c991
E0362,7ddbf8a2-5b3e-44cd-b9dc-db17ec06831b_11_17,B:7ddbf8a2-5b3e-44cd-b9dc-db17ec06831b_11_17,B,target,unreviewable,contradicted,,contradicted,correction,E0362,outputs/abd_eval300_evidence_audit_correction_validation_v1/extracted/corrected_blinded_reviews.jsonl,3ab37d3b323018ba063688790112639cb0053de4a0d1fb0407da2f012d35c991
E0363,a6d45e95-8dc0-4932-83bf-ec53e265a16a_17_11,D:a6d45e95-8dc0-4932-83bf-ec53e265a16a_17_11,D,not_in_correction,partially_supported,,,partially_supported,original_abd,E0363,outputs/abd_eval300_evidence_audit_v1/scored_evidence_audit_blinded.jsonl,c44d08c95c22bc5f82fc5b97107d366b561ff0b617207e57a2899ec91a265c38
E0364,7e512589-aa97-41e8-83d3-af2e83e4fd06_22_8,D:7e512589-aa97-41e8-83d3-af2e83e4fd06_22_8,D,not_in_correction,partially_supported,,,partially_supported,original_abd,E0364,outputs/abd_eval300_evidence_audit_v1/scored_evidence_audit_blinded.jsonl,c44d08c95c22bc5f82fc5b97107d366b561ff0b617207e57a2899ec91a265c38
E0365,819c8af7-851f-434f-ab32-318285bc54b1_3_12,D:819c8af7-851f-434f-ab32-318285bc54b1_3_12,D,not_in_correction,partially_supported,,,partially_supported,original_abd,E0365,outputs/abd_eval300_evidence_audit_v1/scored_evidence_audit_blinded.jsonl,c44d08c95c22bc5f82fc5b97107d366b561ff0b617207e57a2899ec91a265c38
E0366,6fd90f8d-7a4d-425d-a812-3268db0b0342_8_31,D:6fd90f8d-7a4d-425d-a812-3268db0b0342_8_31,D,not_in_correction,partially_supported,,,partially_supported,original_abd,E0366,outputs/abd_eval300_evidence_audit_v1/scored_evidence_audit_blinded.jsonl,c44d08c95c22bc5f82fc5b97107d366b561ff0b617207e57a2899ec91a265c38
E0367,6fd90f8d-7a4d-425d-a812-3268db0b0342_14_5,B:6fd90f8d-7a4d-425d-a812-3268db0b0342_14_5,B,target,unreviewable,unsupported,,unsupported,correction,E0367,outputs/abd_eval300_evidence_audit_correction_validation_v1/extracted/corrected_blinded_reviews.jsonl,3ab37d3b323018ba063688790112639cb0053de4a0d1fb0407da2f012d35c991
E0368,db3f7933-dfa0-4678-9d4f-393b628ded45_21_27,D:db3f7933-dfa0-4678-9d4f-393b628ded45_21_27,D,not_in_correction,partially_supported,,,partially_supported,original_abd,E0368,outputs/abd_eval300_evidence_audit_v1/scored_evidence_audit_blinded.jsonl,c44d08c95c22bc5f82fc5b97107d366b561ff0b617207e57a2899ec91a265c38
E0369,4572b198-2c1c-4920-bcf0-95fcebe12261_4_40,D:4572b198-2c1c-4920-bcf0-95fcebe12261_4_40,D,not_in_correction,partially_supported,,,partially_supported,original_abd,E0369,outputs/abd_eval300_evidence_audit_v1/scored_evidence_audit_blinded.jsonl,c44d08c95c22bc5f82fc5b97107d366b561ff0b617207e57a2899ec91a265c38
E0370,7e512589-aa97-41e8-83d3-af2e83e4fd06_17_34,D:7e512589-aa97-41e8-83d3-af2e83e4fd06_17_34,D,not_in_correction,partially_supported,,,partially_supported,original_abd,E0370,outputs/abd_eval300_evidence_audit_v1/scored_evidence_audit_blinded.jsonl,c44d08c95c22bc5f82fc5b97107d366b561ff0b617207e57a2899ec91a265c38
E0371,d3a0899e-2093-454c-9f65-30087883193a_7_11,B:d3a0899e-2093-454c-9f65-30087883193a_7_11,B,target,unreviewable,unsupported,,unsupported,correction,E0371,outputs/abd_eval300_evidence_audit_correction_validation_v1/extracted/corrected_blinded_reviews.jsonl,3ab37d3b323018ba063688790112639cb0053de4a0d1fb0407da2f012d35c991
E0372,a6d45e95-8dc0-4932-83bf-ec53e265a16a_5_26,B:a6d45e95-8dc0-4932-83bf-ec53e265a16a_5_26,B,target,unreviewable,contradicted,,contradicted,correction,E0372,outputs/abd_eval300_evidence_audit_correction_validation_v1/extracted/corrected_blinded_reviews.jsonl,3ab37d3b323018ba063688790112639cb0053de4a0d1fb0407da2f012d35c991
E0373,4572b198-2c1c-4920-bcf0-95fcebe12261_6_7,A:4572b198-2c1c-4920-bcf0-95fcebe12261_6_7,A,target,unreviewable,contradicted,,contradicted,correction,E0373,outputs/abd_eval300_evidence_audit_correction_validation_v1/extracted/corrected_blinded_reviews.jsonl,3ab37d3b323018ba063688790112639cb0053de4a0d1fb0407da2f012d35c991
E0374,115774b6-534d-444f-b7aa-d1b834eb0ee7_5_29,A:115774b6-534d-444f-b7aa-d1b834eb0ee7_5_29,A,target,unreviewable,unsupported,,unsupported,correction,E0374,outputs/abd_eval300_evidence_audit_correction_validation_v1/extracted/corrected_blinded_reviews.jsonl,3ab37d3b323018ba063688790112639cb0053de4a0d1fb0407da2f012d35c991
E0375,d3a0899e-2093-454c-9f65-30087883193a_4_7,A:d3a0899e-2093-454c-9f65-30087883193a_4_7,A,target,unreviewable,contradicted,,contradicted,correction,E0375,outputs/abd_eval300_evidence_audit_correction_validation_v1/extracted/corrected_blinded_reviews.jsonl,3ab37d3b323018ba063688790112639cb0053de4a0d1fb0407da2f012d35c991
E0376,d3a0899e-2093-454c-9f65-30087883193a_17_8,B:d3a0899e-2093-454c-9f65-30087883193a_17_8,B,target,unreviewable,supported,,supported,correction,E0376,outputs/abd_eval300_evidence_audit_correction_validation_v1/extracted/corrected_blinded_reviews.jsonl,3ab37d3b323018ba063688790112639cb0053de4a0d1fb0407da2f012d35c991
E0377,7e512589-aa97-41e8-83d3-af2e83e4fd06_17_2,A:7e512589-aa97-41e8-83d3-af2e83e4fd06_17_2,A,target,unreviewable,unsupported,,unsupported,correction,E0377,outputs/abd_eval300_evidence_audit_correction_validation_v1/extracted/corrected_blinded_reviews.jsonl,3ab37d3b323018ba063688790112639cb0053de4a0d1fb0407da2f012d35c991
E0378,70f2a750-f403-41b8-aabb-480eb3ab4ed4_17_14,B:70f2a750-f403-41b8-aabb-480eb3ab4ed4_17_14,B,target,unreviewable,partially_supported,,partially_supported,correction,E0378,outputs/abd_eval300_evidence_audit_correction_validation_v1/extracted/corrected_blinded_reviews.jsonl,3ab37d3b323018ba063688790112639cb0053de4a0d1fb0407da2f012d35c991
E0379,7ddbf8a2-5b3e-44cd-b9dc-db17ec06831b_8_20,B:7ddbf8a2-5b3e-44cd-b9dc-db17ec06831b_8_20,B,target,unreviewable,contradicted,,contradicted,correction,E0379,outputs/abd_eval300_evidence_audit_correction_validation_v1/extracted/corrected_blinded_reviews.jsonl,3ab37d3b323018ba063688790112639cb0053de4a0d1fb0407da2f012d35c991
E0380,6fd90f8d-7a4d-425d-a812-3268db0b0342_8_10,A:6fd90f8d-7a4d-425d-a812-3268db0b0342_8_10,A,target,unreviewable,supported,,supported,correction,E0380,outputs/abd_eval300_evidence_audit_correction_validation_v1/extracted/corrected_blinded_reviews.jsonl,3ab37d3b323018ba063688790112639cb0053de4a0d1fb0407da2f012d35c991
E0381,819c8af7-851f-434f-ab32-318285bc54b1_17_20,A:819c8af7-851f-434f-ab32-318285bc54b1_17_20,A,target,unreviewable,unsupported,,unsupported,correction,E0381,outputs/abd_eval300_evidence_audit_correction_validation_v1/extracted/corrected_blinded_reviews.jsonl,3ab37d3b323018ba063688790112639cb0053de4a0d1fb0407da2f012d35c991
E0382,d3a0899e-2093-454c-9f65-30087883193a_5_24,A:d3a0899e-2093-454c-9f65-30087883193a_5_24,A,target,unreviewable,unsupported,,unsupported,correction,E0382,outputs/abd_eval300_evidence_audit_correction_validation_v1/extracted/corrected_blinded_reviews.jsonl,3ab37d3b323018ba063688790112639cb0053de4a0d1fb0407da2f012d35c991
E0383,a6d45e95-8dc0-4932-83bf-ec53e265a16a_7_7,A:a6d45e95-8dc0-4932-83bf-ec53e265a16a_7_7,A,target,unreviewable,contradicted,,contradicted,correction,E0383,outputs/abd_eval300_evidence_audit_correction_validation_v1/extracted/corrected_blinded_reviews.jsonl,3ab37d3b323018ba063688790112639cb0053de4a0d1fb0407da2f012d35c991
E0384,6fd90f8d-7a4d-425d-a812-3268db0b0342_1_1,B:6fd90f8d-7a4d-425d-a812-3268db0b0342_1_1,B,target,unreviewable,contradicted,,contradicted,correction,E0384,outputs/abd_eval300_evidence_audit_correction_validation_v1/extracted/corrected_blinded_reviews.jsonl,3ab37d3b323018ba063688790112639cb0053de4a0d1fb0407da2f012d35c991
E0385,115774b6-534d-444f-b7aa-d1b834eb0ee7_4_1,B:115774b6-534d-444f-b7aa-d1b834eb0ee7_4_1,B,target,unreviewable,partially_supported,,partially_supported,correction,E0385,outputs/abd_eval300_evidence_audit_correction_validation_v1/extracted/corrected_blinded_reviews.jsonl,3ab37d3b323018ba063688790112639cb0053de4a0d1fb0407da2f012d35c991
E0386,71fbc5bf-7e2a-415d-86bc-3a948742e904_6_14,B:71fbc5bf-7e2a-415d-86bc-3a948742e904_6_14,B,target,unreviewable,unsupported,,unsupported,correction,E0386,outputs/abd_eval300_evidence_audit_correction_validation_v1/extracted/corrected_blinded_reviews.jsonl,3ab37d3b323018ba063688790112639cb0053de4a0d1fb0407da2f012d35c991
E0387,4572b198-2c1c-4920-bcf0-95fcebe12261_15_1,D:4572b198-2c1c-4920-bcf0-95fcebe12261_15_1,D,not_in_correction,partially_supported,,,partially_supported,original_abd,E0387,outputs/abd_eval300_evidence_audit_v1/scored_evidence_audit_blinded.jsonl,c44d08c95c22bc5f82fc5b97107d366b561ff0b617207e57a2899ec91a265c38
E0388,4572b198-2c1c-4920-bcf0-95fcebe12261_17_17,B:4572b198-2c1c-4920-bcf0-95fcebe12261_17_17,B,target,unreviewable,partially_supported,,partially_supported,correction,E0388,outputs/abd_eval300_evidence_audit_correction_validation_v1/extracted/corrected_blinded_reviews.jsonl,3ab37d3b323018ba063688790112639cb0053de4a0d1fb0407da2f012d35c991
E0389,4572b198-2c1c-4920-bcf0-95fcebe12261_17_39,B:4572b198-2c1c-4920-bcf0-95fcebe12261_17_39,B,target,unreviewable,unsupported,,unsupported,correction,E0389,outputs/abd_eval300_evidence_audit_correction_validation_v1/extracted/corrected_blinded_reviews.jsonl,3ab37d3b323018ba063688790112639cb0053de4a0d1fb0407da2f012d35c991
E0390,7e512589-aa97-41e8-83d3-af2e83e4fd06_3_26,A:7e512589-aa97-41e8-83d3-af2e83e4fd06_3_26,A,target,unreviewable,partially_supported,,partially_supported,correction,E0390,outputs/abd_eval300_evidence_audit_correction_validation_v1/extracted/corrected_blinded_reviews.jsonl,3ab37d3b323018ba063688790112639cb0053de4a0d1fb0407da2f012d35c991
E0391,41a86310-2cc1-48f9-b5b5-6b495a95fbac_17_13,A:41a86310-2cc1-48f9-b5b5-6b495a95fbac_17_13,A,target,unreviewable,partially_supported,,partially_supported,correction,E0391,outputs/abd_eval300_evidence_audit_correction_validation_v1/extracted/corrected_blinded_reviews.jsonl,3ab37d3b323018ba063688790112639cb0053de4a0d1fb0407da2f012d35c991
E0392,7ddbf8a2-5b3e-44cd-b9dc-db17ec06831b_7_4,D:7ddbf8a2-5b3e-44cd-b9dc-db17ec06831b_7_4,D,not_in_correction,partially_supported,,,partially_supported,original_abd,E0392,outputs/abd_eval300_evidence_audit_v1/scored_evidence_audit_blinded.jsonl,c44d08c95c22bc5f82fc5b97107d366b561ff0b617207e57a2899ec91a265c38
E0393,7e512589-aa97-41e8-83d3-af2e83e4fd06_3_21,D:7e512589-aa97-41e8-83d3-af2e83e4fd06_3_21,D,not_in_correction,partially_supported,,,partially_supported,original_abd,E0393,outputs/abd_eval300_evidence_audit_v1/scored_evidence_audit_blinded.jsonl,c44d08c95c22bc5f82fc5b97107d366b561ff0b617207e57a2899ec91a265c38
E0394,7ddbf8a2-5b3e-44cd-b9dc-db17ec06831b_11_17,D:7ddbf8a2-5b3e-44cd-b9dc-db17ec06831b_11_17,D,control,partially_supported,contradicted,contradicted,contradicted,sol_independent_review,SB7D69729E17C,outputs/abd_eval300_disagreement_independent_review_v1/blinded_reviewer_output/blinded_reviews.jsonl,75fdab627ddf165f75133f026d0a6e605e6b838bdcb58912e752a67a0783557f
E0395,4572b198-2c1c-4920-bcf0-95fcebe12261_6_22,D:4572b198-2c1c-4920-bcf0-95fcebe12261_6_22,D,not_in_correction,supported,,,supported,original_abd,E0395,outputs/abd_eval300_evidence_audit_v1/scored_evidence_audit_blinded.jsonl,c44d08c95c22bc5f82fc5b97107d366b561ff0b617207e57a2899ec91a265c38
E0396,41a86310-2cc1-48f9-b5b5-6b495a95fbac_8_11,B:41a86310-2cc1-48f9-b5b5-6b495a95fbac_8_11,B,target,unreviewable,partially_supported,,partially_supported,correction,E0396,outputs/abd_eval300_evidence_audit_correction_validation_v1/extracted/corrected_blinded_reviews.jsonl,3ab37d3b323018ba063688790112639cb0053de4a0d1fb0407da2f012d35c991
E0397,41a86310-2cc1-48f9-b5b5-6b495a95fbac_6_24,D:41a86310-2cc1-48f9-b5b5-6b495a95fbac_6_24,D,not_in_correction,partially_supported,,,partially_supported,original_abd,E0397,outputs/abd_eval300_evidence_audit_v1/scored_evidence_audit_blinded.jsonl,c44d08c95c22bc5f82fc5b97107d366b561ff0b617207e57a2899ec91a265c38
E0398,819c8af7-851f-434f-ab32-318285bc54b1_8_1,A:819c8af7-851f-434f-ab32-318285bc54b1_8_1,A,target,unreviewable,contradicted,,contradicted,correction,E0398,outputs/abd_eval300_evidence_audit_correction_validation_v1/extracted/corrected_blinded_reviews.jsonl,3ab37d3b323018ba063688790112639cb0053de4a0d1fb0407da2f012d35c991
E0399,a6d45e95-8dc0-4932-83bf-ec53e265a16a_8_22,D:a6d45e95-8dc0-4932-83bf-ec53e265a16a_8_22,D,not_in_correction,partially_supported,,,partially_supported,original_abd,E0399,outputs/abd_eval300_evidence_audit_v1/scored_evidence_audit_blinded.jsonl,c44d08c95c22bc5f82fc5b97107d366b561ff0b617207e57a2899ec91a265c38
E0400,70f2a750-f403-41b8-aabb-480eb3ab4ed4_17_30,D:70f2a750-f403-41b8-aabb-480eb3ab4ed4_17_30,D,control,partially_supported,unsupported,partially_supported,partially_supported,sol_independent_review,S71A5A798CFAA,outputs/abd_eval300_disagreement_independent_review_v1/blinded_reviewer_output/blinded_reviews.jsonl,75fdab627ddf165f75133f026d0a6e605e6b838bdcb58912e752a67a0783557f
E0401,d3a0899e-2093-454c-9f65-30087883193a_7_9,A:d3a0899e-2093-454c-9f65-30087883193a_7_9,A,target,unreviewable,partially_supported,,partially_supported,correction,E0401,outputs/abd_eval300_evidence_audit_correction_validation_v1/extracted/corrected_blinded_reviews.jsonl,3ab37d3b323018ba063688790112639cb0053de4a0d1fb0407da2f012d35c991
E0402,a6d45e95-8dc0-4932-83bf-ec53e265a16a_4_6,D:a6d45e95-8dc0-4932-83bf-ec53e265a16a_4_6,D,not_in_correction,partially_supported,,,partially_supported,original_abd,E0402,outputs/abd_eval300_evidence_audit_v1/scored_evidence_audit_blinded.jsonl,c44d08c95c22bc5f82fc5b97107d366b561ff0b617207e57a2899ec91a265c38
E0403,819c8af7-851f-434f-ab32-318285bc54b1_4_19,A:819c8af7-851f-434f-ab32-318285bc54b1_4_19,A,target,unreviewable,contradicted,,contradicted,correction,E0403,outputs/abd_eval300_evidence_audit_correction_validation_v1/extracted/corrected_blinded_reviews.jsonl,3ab37d3b323018ba063688790112639cb0053de4a0d1fb0407da2f012d35c991
E0404,70f2a750-f403-41b8-aabb-480eb3ab4ed4_6_32,A:70f2a750-f403-41b8-aabb-480eb3ab4ed4_6_32,A,target,unreviewable,partially_supported,,partially_supported,correction,E0404,outputs/abd_eval300_evidence_audit_correction_validation_v1/extracted/corrected_blinded_reviews.jsonl,3ab37d3b323018ba063688790112639cb0053de4a0d1fb0407da2f012d35c991
E0405,6fd90f8d-7a4d-425d-a812-3268db0b0342_8_31,B:6fd90f8d-7a4d-425d-a812-3268db0b0342_8_31,B,target,unreviewable,unsupported,,unsupported,correction,E0405,outputs/abd_eval300_evidence_audit_correction_validation_v1/extracted/corrected_blinded_reviews.jsonl,3ab37d3b323018ba063688790112639cb0053de4a0d1fb0407da2f012d35c991
E0406,d3a0899e-2093-454c-9f65-30087883193a_8_21,D:d3a0899e-2093-454c-9f65-30087883193a_8_21,D,not_in_correction,partially_supported,,,partially_supported,original_abd,E0406,outputs/abd_eval300_evidence_audit_v1/scored_evidence_audit_blinded.jsonl,c44d08c95c22bc5f82fc5b97107d366b561ff0b617207e57a2899ec91a265c38
E0407,71fbc5bf-7e2a-415d-86bc-3a948742e904_22_5,B:71fbc5bf-7e2a-415d-86bc-3a948742e904_22_5,B,target,unreviewable,partially_supported,,partially_supported,correction,E0407,outputs/abd_eval300_evidence_audit_correction_validation_v1/extracted/corrected_blinded_reviews.jsonl,3ab37d3b323018ba063688790112639cb0053de4a0d1fb0407da2f012d35c991
E0408,d3a0899e-2093-454c-9f65-30087883193a_17_13,B:d3a0899e-2093-454c-9f65-30087883193a_17_13,B,target,unreviewable,unsupported,,unsupported,correction,E0408,outputs/abd_eval300_evidence_audit_correction_validation_v1/extracted/corrected_blinded_reviews.jsonl,3ab37d3b323018ba063688790112639cb0053de4a0d1fb0407da2f012d35c991
E0409,7ddbf8a2-5b3e-44cd-b9dc-db17ec06831b_6_7,B:7ddbf8a2-5b3e-44cd-b9dc-db17ec06831b_6_7,B,target,unreviewable,unsupported,,unsupported,correction,E0409,outputs/abd_eval300_evidence_audit_correction_validation_v1/extracted/corrected_blinded_reviews.jsonl,3ab37d3b323018ba063688790112639cb0053de4a0d1fb0407da2f012d35c991
E0410,6fd90f8d-7a4d-425d-a812-3268db0b0342_17_5,D:6fd90f8d-7a4d-425d-a812-3268db0b0342_17_5,D,not_in_correction,partially_supported,,,partially_supported,original_abd,E0410,outputs/abd_eval300_evidence_audit_v1/scored_evidence_audit_blinded.jsonl,c44d08c95c22bc5f82fc5b97107d366b561ff0b617207e57a2899ec91a265c38
E0411,d3a0899e-2093-454c-9f65-30087883193a_17_35,B:d3a0899e-2093-454c-9f65-30087883193a_17_35,B,target,unreviewable,supported,,supported,correction,E0411,outputs/abd_eval300_evidence_audit_correction_validation_v1/extracted/corrected_blinded_reviews.jsonl,3ab37d3b323018ba063688790112639cb0053de4a0d1fb0407da2f012d35c991
E0412,db3f7933-dfa0-4678-9d4f-393b628ded45_20_1,A:db3f7933-dfa0-4678-9d4f-393b628ded45_20_1,A,target,unreviewable,unsupported,,unsupported,correction,E0412,outputs/abd_eval300_evidence_audit_correction_validation_v1/extracted/corrected_blinded_reviews.jsonl,3ab37d3b323018ba063688790112639cb0053de4a0d1fb0407da2f012d35c991
E0413,819c8af7-851f-434f-ab32-318285bc54b1_5_25,D:819c8af7-851f-434f-ab32-318285bc54b1_5_25,D,not_in_correction,supported,,,supported,original_abd,E0413,outputs/abd_eval300_evidence_audit_v1/scored_evidence_audit_blinded.jsonl,c44d08c95c22bc5f82fc5b97107d366b561ff0b617207e57a2899ec91a265c38
E0414,6fd90f8d-7a4d-425d-a812-3268db0b0342_18_16,A:6fd90f8d-7a4d-425d-a812-3268db0b0342_18_16,A,not_in_correction,supported,,,supported,original_abd,E0414,outputs/abd_eval300_evidence_audit_v1/scored_evidence_audit_blinded.jsonl,c44d08c95c22bc5f82fc5b97107d366b561ff0b617207e57a2899ec91a265c38
E0415,71fbc5bf-7e2a-415d-86bc-3a948742e904_4_6,A:71fbc5bf-7e2a-415d-86bc-3a948742e904_4_6,A,not_in_correction,supported,,,supported,original_abd,E0415,outputs/abd_eval300_evidence_audit_v1/scored_evidence_audit_blinded.jsonl,c44d08c95c22bc5f82fc5b97107d366b561ff0b617207e57a2899ec91a265c38
E0416,7ddbf8a2-5b3e-44cd-b9dc-db17ec06831b_7_21,B:7ddbf8a2-5b3e-44cd-b9dc-db17ec06831b_7_21,B,not_in_correction,supported,,,supported,original_abd,E0416,outputs/abd_eval300_evidence_audit_v1/scored_evidence_audit_blinded.jsonl,c44d08c95c22bc5f82fc5b97107d366b561ff0b617207e57a2899ec91a265c38
E0417,115774b6-534d-444f-b7aa-d1b834eb0ee7_6_24,D:115774b6-534d-444f-b7aa-d1b834eb0ee7_6_24,D,not_in_correction,supported,,,supported,original_abd,E0417,outputs/abd_eval300_evidence_audit_v1/scored_evidence_audit_blinded.jsonl,c44d08c95c22bc5f82fc5b97107d366b561ff0b617207e57a2899ec91a265c38
E0418,d3a0899e-2093-454c-9f65-30087883193a_7_29,B:d3a0899e-2093-454c-9f65-30087883193a_7_29,B,not_in_correction,partially_supported,,,partially_supported,original_abd,E0418,outputs/abd_eval300_evidence_audit_v1/scored_evidence_audit_blinded.jsonl,c44d08c95c22bc5f82fc5b97107d366b561ff0b617207e57a2899ec91a265c38
E0419,70f2a750-f403-41b8-aabb-480eb3ab4ed4_12_17,A:70f2a750-f403-41b8-aabb-480eb3ab4ed4_12_17,A,not_in_correction,supported,,,supported,original_abd,E0419,outputs/abd_eval300_evidence_audit_v1/scored_evidence_audit_blinded.jsonl,c44d08c95c22bc5f82fc5b97107d366b561ff0b617207e57a2899ec91a265c38
E0420,7ddbf8a2-5b3e-44cd-b9dc-db17ec06831b_7_16,B:7ddbf8a2-5b3e-44cd-b9dc-db17ec06831b_7_16,B,not_in_correction,partially_supported,,,partially_supported,original_abd,E0420,outputs/abd_eval300_evidence_audit_v1/scored_evidence_audit_blinded.jsonl,c44d08c95c22bc5f82fc5b97107d366b561ff0b617207e57a2899ec91a265c38
E0421,6fd90f8d-7a4d-425d-a812-3268db0b0342_17_25,B:6fd90f8d-7a4d-425d-a812-3268db0b0342_17_25,B,not_in_correction,partially_supported,,,partially_supported,original_abd,E0421,outputs/abd_eval300_evidence_audit_v1/scored_evidence_audit_blinded.jsonl,c44d08c95c22bc5f82fc5b97107d366b561ff0b617207e57a2899ec91a265c38
E0422,70f2a750-f403-41b8-aabb-480eb3ab4ed4_12_17,B:70f2a750-f403-41b8-aabb-480eb3ab4ed4_12_17,B,not_in_correction,partially_supported,,,partially_supported,original_abd,E0422,outputs/abd_eval300_evidence_audit_v1/scored_evidence_audit_blinded.jsonl,c44d08c95c22bc5f82fc5b97107d366b561ff0b617207e57a2899ec91a265c38
E0423,db3f7933-dfa0-4678-9d4f-393b628ded45_7_21,D:db3f7933-dfa0-4678-9d4f-393b628ded45_7_21,D,not_in_correction,unsupported,,,unsupported,original_abd,E0423,outputs/abd_eval300_evidence_audit_v1/scored_evidence_audit_blinded.jsonl,c44d08c95c22bc5f82fc5b97107d366b561ff0b617207e57a2899ec91a265c38
E0424,115774b6-534d-444f-b7aa-d1b834eb0ee7_6_4,A:115774b6-534d-444f-b7aa-d1b834eb0ee7_6_4,A,not_in_correction,supported,,,supported,original_abd,E0424,outputs/abd_eval300_evidence_audit_v1/scored_evidence_audit_blinded.jsonl,c44d08c95c22bc5f82fc5b97107d366b561ff0b617207e57a2899ec91a265c38
E0425,db3f7933-dfa0-4678-9d4f-393b628ded45_17_1,B:db3f7933-dfa0-4678-9d4f-393b628ded45_17_1,B,not_in_correction,partially_supported,,,partially_supported,original_abd,E0425,outputs/abd_eval300_evidence_audit_v1/scored_evidence_audit_blinded.jsonl,c44d08c95c22bc5f82fc5b97107d366b561ff0b617207e57a2899ec91a265c38
E0426,115774b6-534d-444f-b7aa-d1b834eb0ee7_4_1,D:115774b6-534d-444f-b7aa-d1b834eb0ee7_4_1,D,not_in_correction,partially_supported,,,partially_supported,original_abd,E0426,outputs/abd_eval300_evidence_audit_v1/scored_evidence_audit_blinded.jsonl,c44d08c95c22bc5f82fc5b97107d366b561ff0b617207e57a2899ec91a265c38
E0427,6fd90f8d-7a4d-425d-a812-3268db0b0342_7_7,D:6fd90f8d-7a4d-425d-a812-3268db0b0342_7_7,D,not_in_correction,partially_supported,,,partially_supported,original_abd,E0427,outputs/abd_eval300_evidence_audit_v1/scored_evidence_audit_blinded.jsonl,c44d08c95c22bc5f82fc5b97107d366b561ff0b617207e57a2899ec91a265c38
E0428,6fd90f8d-7a4d-425d-a812-3268db0b0342_16_4,D:6fd90f8d-7a4d-425d-a812-3268db0b0342_16_4,D,not_in_correction,partially_supported,,,partially_supported,original_abd,E0428,outputs/abd_eval300_evidence_audit_v1/scored_evidence_audit_blinded.jsonl,c44d08c95c22bc5f82fc5b97107d366b561ff0b617207e57a2899ec91a265c38
E0429,4572b198-2c1c-4920-bcf0-95fcebe12261_4_3,D:4572b198-2c1c-4920-bcf0-95fcebe12261_4_3,D,control,supported,supported,,supported,correction,E0429,outputs/abd_eval300_evidence_audit_correction_validation_v1/extracted/corrected_blinded_reviews.jsonl,3ab37d3b323018ba063688790112639cb0053de4a0d1fb0407da2f012d35c991
E0430,819c8af7-851f-434f-ab32-318285bc54b1_23_5,A:819c8af7-851f-434f-ab32-318285bc54b1_23_5,A,not_in_correction,supported,,,supported,original_abd,E0430,outputs/abd_eval300_evidence_audit_v1/scored_evidence_audit_blinded.jsonl,c44d08c95c22bc5f82fc5b97107d366b561ff0b617207e57a2899ec91a265c38
E0431,d3a0899e-2093-454c-9f65-30087883193a_7_26,B:d3a0899e-2093-454c-9f65-30087883193a_7_26,B,not_in_correction,partially_supported,,,partially_supported,original_abd,E0431,outputs/abd_eval300_evidence_audit_v1/scored_evidence_audit_blinded.jsonl,c44d08c95c22bc5f82fc5b97107d366b561ff0b617207e57a2899ec91a265c38
E0432,7e512589-aa97-41e8-83d3-af2e83e4fd06_4_3,B:7e512589-aa97-41e8-83d3-af2e83e4fd06_4_3,B,not_in_correction,partially_supported,,,partially_supported,original_abd,E0432,outputs/abd_eval300_evidence_audit_v1/scored_evidence_audit_blinded.jsonl,c44d08c95c22bc5f82fc5b97107d366b561ff0b617207e57a2899ec91a265c38
E0433,819c8af7-851f-434f-ab32-318285bc54b1_5_11,A:819c8af7-851f-434f-ab32-318285bc54b1_5_11,A,not_in_correction,supported,,,supported,original_abd,E0433,outputs/abd_eval300_evidence_audit_v1/scored_evidence_audit_blinded.jsonl,c44d08c95c22bc5f82fc5b97107d366b561ff0b617207e57a2899ec91a265c38
E0434,70f2a750-f403-41b8-aabb-480eb3ab4ed4_6_32,D:70f2a750-f403-41b8-aabb-480eb3ab4ed4_6_32,D,not_in_correction,partially_supported,,,partially_supported,original_abd,E0434,outputs/abd_eval300_evidence_audit_v1/scored_evidence_audit_blinded.jsonl,c44d08c95c22bc5f82fc5b97107d366b561ff0b617207e57a2899ec91a265c38
E0435,d3a0899e-2093-454c-9f65-30087883193a_4_33,A:d3a0899e-2093-454c-9f65-30087883193a_4_33,A,not_in_correction,supported,,,supported,original_abd,E0435,outputs/abd_eval300_evidence_audit_v1/scored_evidence_audit_blinded.jsonl,c44d08c95c22bc5f82fc5b97107d366b561ff0b617207e57a2899ec91a265c38
E0436,71fbc5bf-7e2a-415d-86bc-3a948742e904_7_2,B:71fbc5bf-7e2a-415d-86bc-3a948742e904_7_2,B,not_in_correction,partially_supported,,,partially_supported,original_abd,E0436,outputs/abd_eval300_evidence_audit_v1/scored_evidence_audit_blinded.jsonl,c44d08c95c22bc5f82fc5b97107d366b561ff0b617207e57a2899ec91a265c38
E0437,4572b198-2c1c-4920-bcf0-95fcebe12261_2_1,B:4572b198-2c1c-4920-bcf0-95fcebe12261_2_1,B,not_in_correction,partially_supported,,,partially_supported,original_abd,E0437,outputs/abd_eval300_evidence_audit_v1/scored_evidence_audit_blinded.jsonl,c44d08c95c22bc5f82fc5b97107d366b561ff0b617207e57a2899ec91a265c38
E0438,6fd90f8d-7a4d-425d-a812-3268db0b0342_16_3,A:6fd90f8d-7a4d-425d-a812-3268db0b0342_16_3,A,not_in_correction,unsupported,,,unsupported,original_abd,E0438,outputs/abd_eval300_evidence_audit_v1/scored_evidence_audit_blinded.jsonl,c44d08c95c22bc5f82fc5b97107d366b561ff0b617207e57a2899ec91a265c38
E0439,d3a0899e-2093-454c-9f65-30087883193a_8_3,D:d3a0899e-2093-454c-9f65-30087883193a_8_3,D,not_in_correction,supported,,,supported,original_abd,E0439,outputs/abd_eval300_evidence_audit_v1/scored_evidence_audit_blinded.jsonl,c44d08c95c22bc5f82fc5b97107d366b561ff0b617207e57a2899ec91a265c38
E0440,db3f7933-dfa0-4678-9d4f-393b628ded45_17_1,A:db3f7933-dfa0-4678-9d4f-393b628ded45_17_1,A,control,unsupported,partially_supported,unsupported,unsupported,sol_independent_review,SFBB4CD655E3C,outputs/abd_eval300_disagreement_independent_review_v1/blinded_reviewer_output/blinded_reviews.jsonl,75fdab627ddf165f75133f026d0a6e605e6b838bdcb58912e752a67a0783557f
E0441,115774b6-534d-444f-b7aa-d1b834eb0ee7_17_12,A:115774b6-534d-444f-b7aa-d1b834eb0ee7_17_12,A,not_in_correction,supported,,,supported,original_abd,E0441,outputs/abd_eval300_evidence_audit_v1/scored_evidence_audit_blinded.jsonl,c44d08c95c22bc5f82fc5b97107d366b561ff0b617207e57a2899ec91a265c38
E0442,71fbc5bf-7e2a-415d-86bc-3a948742e904_8_8,D:71fbc5bf-7e2a-415d-86bc-3a948742e904_8_8,D,not_in_correction,supported,,,supported,original_abd,E0442,outputs/abd_eval300_evidence_audit_v1/scored_evidence_audit_blinded.jsonl,c44d08c95c22bc5f82fc5b97107d366b561ff0b617207e57a2899ec91a265c38
E0443,819c8af7-851f-434f-ab32-318285bc54b1_18_6,B:819c8af7-851f-434f-ab32-318285bc54b1_18_6,B,not_in_correction,partially_supported,,,partially_supported,original_abd,E0443,outputs/abd_eval300_evidence_audit_v1/scored_evidence_audit_blinded.jsonl,c44d08c95c22bc5f82fc5b97107d366b561ff0b617207e57a2899ec91a265c38
E0444,70f2a750-f403-41b8-aabb-480eb3ab4ed4_8_2,A:70f2a750-f403-41b8-aabb-480eb3ab4ed4_8_2,A,not_in_correction,unsupported,,,unsupported,original_abd,E0444,outputs/abd_eval300_evidence_audit_v1/scored_evidence_audit_blinded.jsonl,c44d08c95c22bc5f82fc5b97107d366b561ff0b617207e57a2899ec91a265c38
E0445,819c8af7-851f-434f-ab32-318285bc54b1_5_28,D:819c8af7-851f-434f-ab32-318285bc54b1_5_28,D,not_in_correction,supported,,,supported,original_abd,E0445,outputs/abd_eval300_evidence_audit_v1/scored_evidence_audit_blinded.jsonl,c44d08c95c22bc5f82fc5b97107d366b561ff0b617207e57a2899ec91a265c38
E0446,db3f7933-dfa0-4678-9d4f-393b628ded45_6_7,A:db3f7933-dfa0-4678-9d4f-393b628ded45_6_7,A,not_in_correction,unsupported,,,unsupported,original_abd,E0446,outputs/abd_eval300_evidence_audit_v1/scored_evidence_audit_blinded.jsonl,c44d08c95c22bc5f82fc5b97107d366b561ff0b617207e57a2899ec91a265c38
E0447,db3f7933-dfa0-4678-9d4f-393b628ded45_22_12,D:db3f7933-dfa0-4678-9d4f-393b628ded45_22_12,D,not_in_correction,supported,,,supported,original_abd,E0447,outputs/abd_eval300_evidence_audit_v1/scored_evidence_audit_blinded.jsonl,c44d08c95c22bc5f82fc5b97107d366b561ff0b617207e57a2899ec91a265c38
E0448,d3a0899e-2093-454c-9f65-30087883193a_8_21,A:d3a0899e-2093-454c-9f65-30087883193a_8_21,A,control,supported,partially_supported,supported,supported,sol_independent_review,S0D4FF3DAF2E6,outputs/abd_eval300_disagreement_independent_review_v1/blinded_reviewer_output/blinded_reviews.jsonl,75fdab627ddf165f75133f026d0a6e605e6b838bdcb58912e752a67a0783557f
E0449,70f2a750-f403-41b8-aabb-480eb3ab4ed4_11_7,B:70f2a750-f403-41b8-aabb-480eb3ab4ed4_11_7,B,not_in_correction,partially_supported,,,partially_supported,original_abd,E0449,outputs/abd_eval300_evidence_audit_v1/scored_evidence_audit_blinded.jsonl,c44d08c95c22bc5f82fc5b97107d366b561ff0b617207e57a2899ec91a265c38
E0450,4572b198-2c1c-4920-bcf0-95fcebe12261_4_28,D:4572b198-2c1c-4920-bcf0-95fcebe12261_4_28,D,not_in_correction,supported,,,supported,original_abd,E0450,outputs/abd_eval300_evidence_audit_v1/scored_evidence_audit_blinded.jsonl,c44d08c95c22bc5f82fc5b97107d366b561ff0b617207e57a2899ec91a265c38
E0451,a6d45e95-8dc0-4932-83bf-ec53e265a16a_11_28,A:a6d45e95-8dc0-4932-83bf-ec53e265a16a_11_28,A,not_in_correction,partially_supported,,,partially_supported,original_abd,E0451,outputs/abd_eval300_evidence_audit_v1/scored_evidence_audit_blinded.jsonl,c44d08c95c22bc5f82fc5b97107d366b561ff0b617207e57a2899ec91a265c38
E0452,71fbc5bf-7e2a-415d-86bc-3a948742e904_7_9,D:71fbc5bf-7e2a-415d-86bc-3a948742e904_7_9,D,not_in_correction,partially_supported,,,partially_supported,original_abd,E0452,outputs/abd_eval300_evidence_audit_v1/scored_evidence_audit_blinded.jsonl,c44d08c95c22bc5f82fc5b97107d366b561ff0b617207e57a2899ec91a265c38
E0453,d3a0899e-2093-454c-9f65-30087883193a_17_13,A:d3a0899e-2093-454c-9f65-30087883193a_17_13,A,not_in_correction,unsupported,,,unsupported,original_abd,E0453,outputs/abd_eval300_evidence_audit_v1/scored_evidence_audit_blinded.jsonl,c44d08c95c22bc5f82fc5b97107d366b561ff0b617207e57a2899ec91a265c38
E0454,7e512589-aa97-41e8-83d3-af2e83e4fd06_17_30,D:7e512589-aa97-41e8-83d3-af2e83e4fd06_17_30,D,not_in_correction,supported,,,supported,original_abd,E0454,outputs/abd_eval300_evidence_audit_v1/scored_evidence_audit_blinded.jsonl,c44d08c95c22bc5f82fc5b97107d366b561ff0b617207e57a2899ec91a265c38
E0455,4572b198-2c1c-4920-bcf0-95fcebe12261_5_11,D:4572b198-2c1c-4920-bcf0-95fcebe12261_5_11,D,not_in_correction,partially_supported,,,partially_supported,original_abd,E0455,outputs/abd_eval300_evidence_audit_v1/scored_evidence_audit_blinded.jsonl,c44d08c95c22bc5f82fc5b97107d366b561ff0b617207e57a2899ec91a265c38
E0456,db3f7933-dfa0-4678-9d4f-393b628ded45_17_29,B:db3f7933-dfa0-4678-9d4f-393b628ded45_17_29,B,not_in_correction,partially_supported,,,partially_supported,original_abd,E0456,outputs/abd_eval300_evidence_audit_v1/scored_evidence_audit_blinded.jsonl,c44d08c95c22bc5f82fc5b97107d366b561ff0b617207e57a2899ec91a265c38
E0457,4572b198-2c1c-4920-bcf0-95fcebe12261_6_24,D:4572b198-2c1c-4920-bcf0-95fcebe12261_6_24,D,not_in_correction,supported,,,supported,original_abd,E0457,outputs/abd_eval300_evidence_audit_v1/scored_evidence_audit_blinded.jsonl,c44d08c95c22bc5f82fc5b97107d366b561ff0b617207e57a2899ec91a265c38
E0458,4572b198-2c1c-4920-bcf0-95fcebe12261_17_29,A:4572b198-2c1c-4920-bcf0-95fcebe12261_17_29,A,not_in_correction,partially_supported,,,partially_supported,original_abd,E0458,outputs/abd_eval300_evidence_audit_v1/scored_evidence_audit_blinded.jsonl,c44d08c95c22bc5f82fc5b97107d366b561ff0b617207e57a2899ec91a265c38
E0459,7e512589-aa97-41e8-83d3-af2e83e4fd06_5_33,A:7e512589-aa97-41e8-83d3-af2e83e4fd06_5_33,A,not_in_correction,partially_supported,,,partially_supported,original_abd,E0459,outputs/abd_eval300_evidence_audit_v1/scored_evidence_audit_blinded.jsonl,c44d08c95c22bc5f82fc5b97107d366b561ff0b617207e57a2899ec91a265c38
E0460,6fd90f8d-7a4d-425d-a812-3268db0b0342_11_29,B:6fd90f8d-7a4d-425d-a812-3268db0b0342_11_29,B,control,unsupported,contradicted,contradicted,contradicted,sol_independent_review,SF08C86EB0AC9,outputs/abd_eval300_disagreement_independent_review_v1/blinded_reviewer_output/blinded_reviews.jsonl,75fdab627ddf165f75133f026d0a6e605e6b838bdcb58912e752a67a0783557f
E0461,7e512589-aa97-41e8-83d3-af2e83e4fd06_6_7,D:7e512589-aa97-41e8-83d3-af2e83e4fd06_6_7,D,not_in_correction,contradicted,,,contradicted,original_abd,E0461,outputs/abd_eval300_evidence_audit_v1/scored_evidence_audit_blinded.jsonl,c44d08c95c22bc5f82fc5b97107d366b561ff0b617207e57a2899ec91a265c38
E0462,70f2a750-f403-41b8-aabb-480eb3ab4ed4_21_26,D:70f2a750-f403-41b8-aabb-480eb3ab4ed4_21_26,D,not_in_correction,supported,,,supported,original_abd,E0462,outputs/abd_eval300_evidence_audit_v1/scored_evidence_audit_blinded.jsonl,c44d08c95c22bc5f82fc5b97107d366b561ff0b617207e57a2899ec91a265c38
E0463,a6d45e95-8dc0-4932-83bf-ec53e265a16a_12_4,B:a6d45e95-8dc0-4932-83bf-ec53e265a16a_12_4,B,not_in_correction,unsupported,,,unsupported,original_abd,E0463,outputs/abd_eval300_evidence_audit_v1/scored_evidence_audit_blinded.jsonl,c44d08c95c22bc5f82fc5b97107d366b561ff0b617207e57a2899ec91a265c38
E0464,41a86310-2cc1-48f9-b5b5-6b495a95fbac_17_2,A:41a86310-2cc1-48f9-b5b5-6b495a95fbac_17_2,A,not_in_correction,partially_supported,,,partially_supported,original_abd,E0464,outputs/abd_eval300_evidence_audit_v1/scored_evidence_audit_blinded.jsonl,c44d08c95c22bc5f82fc5b97107d366b561ff0b617207e57a2899ec91a265c38
E0465,7ddbf8a2-5b3e-44cd-b9dc-db17ec06831b_6_8,A:7ddbf8a2-5b3e-44cd-b9dc-db17ec06831b_6_8,A,not_in_correction,unsupported,,,unsupported,original_abd,E0465,outputs/abd_eval300_evidence_audit_v1/scored_evidence_audit_blinded.jsonl,c44d08c95c22bc5f82fc5b97107d366b561ff0b617207e57a2899ec91a265c38
E0466,41a86310-2cc1-48f9-b5b5-6b495a95fbac_17_26,D:41a86310-2cc1-48f9-b5b5-6b495a95fbac_17_26,D,control,contradicted,contradicted,,contradicted,correction,E0466,outputs/abd_eval300_evidence_audit_correction_validation_v1/extracted/corrected_blinded_reviews.jsonl,3ab37d3b323018ba063688790112639cb0053de4a0d1fb0407da2f012d35c991
E0467,41a86310-2cc1-48f9-b5b5-6b495a95fbac_4_25,D:41a86310-2cc1-48f9-b5b5-6b495a95fbac_4_25,D,not_in_correction,partially_supported,,,partially_supported,original_abd,E0467,outputs/abd_eval300_evidence_audit_v1/scored_evidence_audit_blinded.jsonl,c44d08c95c22bc5f82fc5b97107d366b561ff0b617207e57a2899ec91a265c38
E0468,115774b6-534d-444f-b7aa-d1b834eb0ee7_8_26,D:115774b6-534d-444f-b7aa-d1b834eb0ee7_8_26,D,not_in_correction,partially_supported,,,partially_supported,original_abd,E0468,outputs/abd_eval300_evidence_audit_v1/scored_evidence_audit_blinded.jsonl,c44d08c95c22bc5f82fc5b97107d366b561ff0b617207e57a2899ec91a265c38
E0469,41a86310-2cc1-48f9-b5b5-6b495a95fbac_6_32,D:41a86310-2cc1-48f9-b5b5-6b495a95fbac_6_32,D,not_in_correction,supported,,,supported,original_abd,E0469,outputs/abd_eval300_evidence_audit_v1/scored_evidence_audit_blinded.jsonl,c44d08c95c22bc5f82fc5b97107d366b561ff0b617207e57a2899ec91a265c38
E0470,70f2a750-f403-41b8-aabb-480eb3ab4ed4_11_7,D:70f2a750-f403-41b8-aabb-480eb3ab4ed4_11_7,D,not_in_correction,partially_supported,,,partially_supported,original_abd,E0470,outputs/abd_eval300_evidence_audit_v1/scored_evidence_audit_blinded.jsonl,c44d08c95c22bc5f82fc5b97107d366b561ff0b617207e57a2899ec91a265c38
E0471,db3f7933-dfa0-4678-9d4f-393b628ded45_7_28,D:db3f7933-dfa0-4678-9d4f-393b628ded45_7_28,D,not_in_correction,supported,,,supported,original_abd,E0471,outputs/abd_eval300_evidence_audit_v1/scored_evidence_audit_blinded.jsonl,c44d08c95c22bc5f82fc5b97107d366b561ff0b617207e57a2899ec91a265c38
E0472,6fd90f8d-7a4d-425d-a812-3268db0b0342_15_2,A:6fd90f8d-7a4d-425d-a812-3268db0b0342_15_2,A,not_in_correction,unsupported,,,unsupported,original_abd,E0472,outputs/abd_eval300_evidence_audit_v1/scored_evidence_audit_blinded.jsonl,c44d08c95c22bc5f82fc5b97107d366b561ff0b617207e57a2899ec91a265c38
E0473,a6d45e95-8dc0-4932-83bf-ec53e265a16a_8_27,B:a6d45e95-8dc0-4932-83bf-ec53e265a16a_8_27,B,not_in_correction,unsupported,,,unsupported,original_abd,E0473,outputs/abd_eval300_evidence_audit_v1/scored_evidence_audit_blinded.jsonl,c44d08c95c22bc5f82fc5b97107d366b561ff0b617207e57a2899ec91a265c38
E0474,41a86310-2cc1-48f9-b5b5-6b495a95fbac_11_19,B:41a86310-2cc1-48f9-b5b5-6b495a95fbac_11_19,B,not_in_correction,supported,,,supported,original_abd,E0474,outputs/abd_eval300_evidence_audit_v1/scored_evidence_audit_blinded.jsonl,c44d08c95c22bc5f82fc5b97107d366b561ff0b617207e57a2899ec91a265c38
E0475,7e512589-aa97-41e8-83d3-af2e83e4fd06_11_24,D:7e512589-aa97-41e8-83d3-af2e83e4fd06_11_24,D,not_in_correction,unsupported,,,unsupported,original_abd,E0475,outputs/abd_eval300_evidence_audit_v1/scored_evidence_audit_blinded.jsonl,c44d08c95c22bc5f82fc5b97107d366b561ff0b617207e57a2899ec91a265c38
E0476,71fbc5bf-7e2a-415d-86bc-3a948742e904_17_25,D:71fbc5bf-7e2a-415d-86bc-3a948742e904_17_25,D,not_in_correction,partially_supported,,,partially_supported,original_abd,E0476,outputs/abd_eval300_evidence_audit_v1/scored_evidence_audit_blinded.jsonl,c44d08c95c22bc5f82fc5b97107d366b561ff0b617207e57a2899ec91a265c38
E0477,7e512589-aa97-41e8-83d3-af2e83e4fd06_17_30,A:7e512589-aa97-41e8-83d3-af2e83e4fd06_17_30,A,not_in_correction,partially_supported,,,partially_supported,original_abd,E0477,outputs/abd_eval300_evidence_audit_v1/scored_evidence_audit_blinded.jsonl,c44d08c95c22bc5f82fc5b97107d366b561ff0b617207e57a2899ec91a265c38
E0478,d3a0899e-2093-454c-9f65-30087883193a_8_16,A:d3a0899e-2093-454c-9f65-30087883193a_8_16,A,not_in_correction,unsupported,,,unsupported,original_abd,E0478,outputs/abd_eval300_evidence_audit_v1/scored_evidence_audit_blinded.jsonl,c44d08c95c22bc5f82fc5b97107d366b561ff0b617207e57a2899ec91a265c38
E0479,db3f7933-dfa0-4678-9d4f-393b628ded45_22_24,D:db3f7933-dfa0-4678-9d4f-393b628ded45_22_24,D,not_in_correction,partially_supported,,,partially_supported,original_abd,E0479,outputs/abd_eval300_evidence_audit_v1/scored_evidence_audit_blinded.jsonl,c44d08c95c22bc5f82fc5b97107d366b561ff0b617207e57a2899ec91a265c38
E0480,7ddbf8a2-5b3e-44cd-b9dc-db17ec06831b_8_25,B:7ddbf8a2-5b3e-44cd-b9dc-db17ec06831b_8_25,B,not_in_correction,unsupported,,,unsupported,original_abd,E0480,outputs/abd_eval300_evidence_audit_v1/scored_evidence_audit_blinded.jsonl,c44d08c95c22bc5f82fc5b97107d366b561ff0b617207e57a2899ec91a265c38
E0481,7ddbf8a2-5b3e-44cd-b9dc-db17ec06831b_8_10,B:7ddbf8a2-5b3e-44cd-b9dc-db17ec06831b_8_10,B,not_in_correction,unsupported,,,unsupported,original_abd,E0481,outputs/abd_eval300_evidence_audit_v1/scored_evidence_audit_blinded.jsonl,c44d08c95c22bc5f82fc5b97107d366b561ff0b617207e57a2899ec91a265c38
E0482,819c8af7-851f-434f-ab32-318285bc54b1_4_4,A:819c8af7-851f-434f-ab32-318285bc54b1_4_4,A,not_in_correction,partially_supported,,,partially_supported,original_abd,E0482,outputs/abd_eval300_evidence_audit_v1/scored_evidence_audit_blinded.jsonl,c44d08c95c22bc5f82fc5b97107d366b561ff0b617207e57a2899ec91a265c38
E0483,d3a0899e-2093-454c-9f65-30087883193a_7_11,A:d3a0899e-2093-454c-9f65-30087883193a_7_11,A,not_in_correction,partially_supported,,,partially_supported,original_abd,E0483,outputs/abd_eval300_evidence_audit_v1/scored_evidence_audit_blinded.jsonl,c44d08c95c22bc5f82fc5b97107d366b561ff0b617207e57a2899ec91a265c38
E0484,7ddbf8a2-5b3e-44cd-b9dc-db17ec06831b_22_23,D:7ddbf8a2-5b3e-44cd-b9dc-db17ec06831b_22_23,D,not_in_correction,supported,,,supported,original_abd,E0484,outputs/abd_eval300_evidence_audit_v1/scored_evidence_audit_blinded.jsonl,c44d08c95c22bc5f82fc5b97107d366b561ff0b617207e57a2899ec91a265c38
E0485,d3a0899e-2093-454c-9f65-30087883193a_4_10,B:d3a0899e-2093-454c-9f65-30087883193a_4_10,B,not_in_correction,partially_supported,,,partially_supported,original_abd,E0485,outputs/abd_eval300_evidence_audit_v1/scored_evidence_audit_blinded.jsonl,c44d08c95c22bc5f82fc5b97107d366b561ff0b617207e57a2899ec91a265c38
E0486,4572b198-2c1c-4920-bcf0-95fcebe12261_6_22,B:4572b198-2c1c-4920-bcf0-95fcebe12261_6_22,B,not_in_correction,partially_supported,,,partially_supported,original_abd,E0486,outputs/abd_eval300_evidence_audit_v1/scored_evidence_audit_blinded.jsonl,c44d08c95c22bc5f82fc5b97107d366b561ff0b617207e57a2899ec91a265c38
E0487,4572b198-2c1c-4920-bcf0-95fcebe12261_13_1,A:4572b198-2c1c-4920-bcf0-95fcebe12261_13_1,A,not_in_correction,unsupported,,,unsupported,original_abd,E0487,outputs/abd_eval300_evidence_audit_v1/scored_evidence_audit_blinded.jsonl,c44d08c95c22bc5f82fc5b97107d366b561ff0b617207e57a2899ec91a265c38
E0488,115774b6-534d-444f-b7aa-d1b834eb0ee7_3_21,B:115774b6-534d-444f-b7aa-d1b834eb0ee7_3_21,B,not_in_correction,partially_supported,,,partially_supported,original_abd,E0488,outputs/abd_eval300_evidence_audit_v1/scored_evidence_audit_blinded.jsonl,c44d08c95c22bc5f82fc5b97107d366b561ff0b617207e57a2899ec91a265c38
E0489,41a86310-2cc1-48f9-b5b5-6b495a95fbac_17_26,B:41a86310-2cc1-48f9-b5b5-6b495a95fbac_17_26,B,control,partially_supported,unsupported,unsupported,unsupported,sol_independent_review,SD74FBFCDBBE4,outputs/abd_eval300_disagreement_independent_review_v1/blinded_reviewer_output/blinded_reviews.jsonl,75fdab627ddf165f75133f026d0a6e605e6b838bdcb58912e752a67a0783557f
E0490,4572b198-2c1c-4920-bcf0-95fcebe12261_6_7,B:4572b198-2c1c-4920-bcf0-95fcebe12261_6_7,B,not_in_correction,partially_supported,,,partially_supported,original_abd,E0490,outputs/abd_eval300_evidence_audit_v1/scored_evidence_audit_blinded.jsonl,c44d08c95c22bc5f82fc5b97107d366b561ff0b617207e57a2899ec91a265c38
E0491,4572b198-2c1c-4920-bcf0-95fcebe12261_4_20,D:4572b198-2c1c-4920-bcf0-95fcebe12261_4_20,D,not_in_correction,supported,,,supported,original_abd,E0491,outputs/abd_eval300_evidence_audit_v1/scored_evidence_audit_blinded.jsonl,c44d08c95c22bc5f82fc5b97107d366b561ff0b617207e57a2899ec91a265c38
E0492,115774b6-534d-444f-b7aa-d1b834eb0ee7_12_27,A:115774b6-534d-444f-b7aa-d1b834eb0ee7_12_27,A,not_in_correction,unsupported,,,unsupported,original_abd,E0492,outputs/abd_eval300_evidence_audit_v1/scored_evidence_audit_blinded.jsonl,c44d08c95c22bc5f82fc5b97107d366b561ff0b617207e57a2899ec91a265c38
E0493,115774b6-534d-444f-b7aa-d1b834eb0ee7_6_4,B:115774b6-534d-444f-b7aa-d1b834eb0ee7_6_4,B,not_in_correction,unsupported,,,unsupported,original_abd,E0493,outputs/abd_eval300_evidence_audit_v1/scored_evidence_audit_blinded.jsonl,c44d08c95c22bc5f82fc5b97107d366b561ff0b617207e57a2899ec91a265c38
E0494,71fbc5bf-7e2a-415d-86bc-3a948742e904_8_1,B:71fbc5bf-7e2a-415d-86bc-3a948742e904_8_1,B,not_in_correction,unsupported,,,unsupported,original_abd,E0494,outputs/abd_eval300_evidence_audit_v1/scored_evidence_audit_blinded.jsonl,c44d08c95c22bc5f82fc5b97107d366b561ff0b617207e57a2899ec91a265c38
E0495,7ddbf8a2-5b3e-44cd-b9dc-db17ec06831b_4_9,B:7ddbf8a2-5b3e-44cd-b9dc-db17ec06831b_4_9,B,not_in_correction,supported,,,supported,original_abd,E0495,outputs/abd_eval300_evidence_audit_v1/scored_evidence_audit_blinded.jsonl,c44d08c95c22bc5f82fc5b97107d366b561ff0b617207e57a2899ec91a265c38
E0496,70f2a750-f403-41b8-aabb-480eb3ab4ed4_7_29,B:70f2a750-f403-41b8-aabb-480eb3ab4ed4_7_29,B,not_in_correction,supported,,,supported,original_abd,E0496,outputs/abd_eval300_evidence_audit_v1/scored_evidence_audit_blinded.jsonl,c44d08c95c22bc5f82fc5b97107d366b561ff0b617207e57a2899ec91a265c38
E0497,7ddbf8a2-5b3e-44cd-b9dc-db17ec06831b_8_13,A:7ddbf8a2-5b3e-44cd-b9dc-db17ec06831b_8_13,A,not_in_correction,unsupported,,,unsupported,original_abd,E0497,outputs/abd_eval300_evidence_audit_v1/scored_evidence_audit_blinded.jsonl,c44d08c95c22bc5f82fc5b97107d366b561ff0b617207e57a2899ec91a265c38
E0498,819c8af7-851f-434f-ab32-318285bc54b1_11_3,A:819c8af7-851f-434f-ab32-318285bc54b1_11_3,A,not_in_correction,partially_supported,,,partially_supported,original_abd,E0498,outputs/abd_eval300_evidence_audit_v1/scored_evidence_audit_blinded.jsonl,c44d08c95c22bc5f82fc5b97107d366b561ff0b617207e57a2899ec91a265c38
E0499,7e512589-aa97-41e8-83d3-af2e83e4fd06_11_14,D:7e512589-aa97-41e8-83d3-af2e83e4fd06_11_14,D,not_in_correction,unsupported,,,unsupported,original_abd,E0499,outputs/abd_eval300_evidence_audit_v1/scored_evidence_audit_blinded.jsonl,c44d08c95c22bc5f82fc5b97107d366b561ff0b617207e57a2899ec91a265c38
E0500,71fbc5bf-7e2a-415d-86bc-3a948742e904_3_7,D:71fbc5bf-7e2a-415d-86bc-3a948742e904_3_7,D,not_in_correction,unsupported,,,unsupported,original_abd,E0500,outputs/abd_eval300_evidence_audit_v1/scored_evidence_audit_blinded.jsonl,c44d08c95c22bc5f82fc5b97107d366b561ff0b617207e57a2899ec91a265c38
E0501,71fbc5bf-7e2a-415d-86bc-3a948742e904_5_15,B:71fbc5bf-7e2a-415d-86bc-3a948742e904_5_15,B,not_in_correction,supported,,,supported,original_abd,E0501,outputs/abd_eval300_evidence_audit_v1/scored_evidence_audit_blinded.jsonl,c44d08c95c22bc5f82fc5b97107d366b561ff0b617207e57a2899ec91a265c38
E0502,4572b198-2c1c-4920-bcf0-95fcebe12261_4_23,A:4572b198-2c1c-4920-bcf0-95fcebe12261_4_23,A,not_in_correction,partially_supported,,,partially_supported,original_abd,E0502,outputs/abd_eval300_evidence_audit_v1/scored_evidence_audit_blinded.jsonl,c44d08c95c22bc5f82fc5b97107d366b561ff0b617207e57a2899ec91a265c38
E0503,d3a0899e-2093-454c-9f65-30087883193a_17_28,A:d3a0899e-2093-454c-9f65-30087883193a_17_28,A,not_in_correction,unsupported,,,unsupported,original_abd,E0503,outputs/abd_eval300_evidence_audit_v1/scored_evidence_audit_blinded.jsonl,c44d08c95c22bc5f82fc5b97107d366b561ff0b617207e57a2899ec91a265c38
E0504,a6d45e95-8dc0-4932-83bf-ec53e265a16a_4_6,A:a6d45e95-8dc0-4932-83bf-ec53e265a16a_4_6,A,not_in_correction,partially_supported,,,partially_supported,original_abd,E0504,outputs/abd_eval300_evidence_audit_v1/scored_evidence_audit_blinded.jsonl,c44d08c95c22bc5f82fc5b97107d366b561ff0b617207e57a2899ec91a265c38
E0505,70f2a750-f403-41b8-aabb-480eb3ab4ed4_4_20,B:70f2a750-f403-41b8-aabb-480eb3ab4ed4_4_20,B,control,unsupported,unsupported,,unsupported,correction,E0505,outputs/abd_eval300_evidence_audit_correction_validation_v1/extracted/corrected_blinded_reviews.jsonl,3ab37d3b323018ba063688790112639cb0053de4a0d1fb0407da2f012d35c991
E0506,db3f7933-dfa0-4678-9d4f-393b628ded45_7_6,A:db3f7933-dfa0-4678-9d4f-393b628ded45_7_6,A,not_in_correction,unsupported,,,unsupported,original_abd,E0506,outputs/abd_eval300_evidence_audit_v1/scored_evidence_audit_blinded.jsonl,c44d08c95c22bc5f82fc5b97107d366b561ff0b617207e57a2899ec91a265c38
E0507,71fbc5bf-7e2a-415d-86bc-3a948742e904_7_24,B:71fbc5bf-7e2a-415d-86bc-3a948742e904_7_24,B,not_in_correction,unsupported,,,unsupported,original_abd,E0507,outputs/abd_eval300_evidence_audit_v1/scored_evidence_audit_blinded.jsonl,c44d08c95c22bc5f82fc5b97107d366b561ff0b617207e57a2899ec91a265c38
E0508,819c8af7-851f-434f-ab32-318285bc54b1_23_5,B:819c8af7-851f-434f-ab32-318285bc54b1_23_5,B,not_in_correction,partially_supported,,,partially_supported,original_abd,E0508,outputs/abd_eval300_evidence_audit_v1/scored_evidence_audit_blinded.jsonl,c44d08c95c22bc5f82fc5b97107d366b561ff0b617207e57a2899ec91a265c38
E0509,41a86310-2cc1-48f9-b5b5-6b495a95fbac_17_10,B:41a86310-2cc1-48f9-b5b5-6b495a95fbac_17_10,B,not_in_correction,unsupported,,,unsupported,original_abd,E0509,outputs/abd_eval300_evidence_audit_v1/scored_evidence_audit_blinded.jsonl,c44d08c95c22bc5f82fc5b97107d366b561ff0b617207e57a2899ec91a265c38
E0510,4572b198-2c1c-4920-bcf0-95fcebe12261_7_32,B:4572b198-2c1c-4920-bcf0-95fcebe12261_7_32,B,not_in_correction,supported,,,supported,original_abd,E0510,outputs/abd_eval300_evidence_audit_v1/scored_evidence_audit_blinded.jsonl,c44d08c95c22bc5f82fc5b97107d366b561ff0b617207e57a2899ec91a265c38
E0511,d3a0899e-2093-454c-9f65-30087883193a_1_1,D:d3a0899e-2093-454c-9f65-30087883193a_1_1,D,not_in_correction,unsupported,,,unsupported,original_abd,E0511,outputs/abd_eval300_evidence_audit_v1/scored_evidence_audit_blinded.jsonl,c44d08c95c22bc5f82fc5b97107d366b561ff0b617207e57a2899ec91a265c38
E0512,4572b198-2c1c-4920-bcf0-95fcebe12261_4_20,B:4572b198-2c1c-4920-bcf0-95fcebe12261_4_20,B,not_in_correction,supported,,,supported,original_abd,E0512,outputs/abd_eval300_evidence_audit_v1/scored_evidence_audit_blinded.jsonl,c44d08c95c22bc5f82fc5b97107d366b561ff0b617207e57a2899ec91a265c38
E0513,819c8af7-851f-434f-ab32-318285bc54b1_17_20,B:819c8af7-851f-434f-ab32-318285bc54b1_17_20,B,not_in_correction,partially_supported,,,partially_supported,original_abd,E0513,outputs/abd_eval300_evidence_audit_v1/scored_evidence_audit_blinded.jsonl,c44d08c95c22bc5f82fc5b97107d366b561ff0b617207e57a2899ec91a265c38
E0514,db3f7933-dfa0-4678-9d4f-393b628ded45_20_1,B:db3f7933-dfa0-4678-9d4f-393b628ded45_20_1,B,control,unsupported,unsupported,,unsupported,correction,E0514,outputs/abd_eval300_evidence_audit_correction_validation_v1/extracted/corrected_blinded_reviews.jsonl,3ab37d3b323018ba063688790112639cb0053de4a0d1fb0407da2f012d35c991
E0515,819c8af7-851f-434f-ab32-318285bc54b1_7_17,B:819c8af7-851f-434f-ab32-318285bc54b1_7_17,B,not_in_correction,supported,,,supported,original_abd,E0515,outputs/abd_eval300_evidence_audit_v1/scored_evidence_audit_blinded.jsonl,c44d08c95c22bc5f82fc5b97107d366b561ff0b617207e57a2899ec91a265c38
E0516,7ddbf8a2-5b3e-44cd-b9dc-db17ec06831b_8_13,D:7ddbf8a2-5b3e-44cd-b9dc-db17ec06831b_8_13,D,not_in_correction,partially_supported,,,partially_supported,original_abd,E0516,outputs/abd_eval300_evidence_audit_v1/scored_evidence_audit_blinded.jsonl,c44d08c95c22bc5f82fc5b97107d366b561ff0b617207e57a2899ec91a265c38
E0517,6fd90f8d-7a4d-425d-a812-3268db0b0342_18_17,B:6fd90f8d-7a4d-425d-a812-3268db0b0342_18_17,B,not_in_correction,supported,,,supported,original_abd,E0517,outputs/abd_eval300_evidence_audit_v1/scored_evidence_audit_blinded.jsonl,c44d08c95c22bc5f82fc5b97107d366b561ff0b617207e57a2899ec91a265c38
E0518,41a86310-2cc1-48f9-b5b5-6b495a95fbac_11_34,D:41a86310-2cc1-48f9-b5b5-6b495a95fbac_11_34,D,not_in_correction,supported,,,supported,original_abd,E0518,outputs/abd_eval300_evidence_audit_v1/scored_evidence_audit_blinded.jsonl,c44d08c95c22bc5f82fc5b97107d366b561ff0b617207e57a2899ec91a265c38
E0519,d3a0899e-2093-454c-9f65-30087883193a_2_1,D:d3a0899e-2093-454c-9f65-30087883193a_2_1,D,not_in_correction,partially_supported,,,partially_supported,original_abd,E0519,outputs/abd_eval300_evidence_audit_v1/scored_evidence_audit_blinded.jsonl,c44d08c95c22bc5f82fc5b97107d366b561ff0b617207e57a2899ec91a265c38
E0520,4572b198-2c1c-4920-bcf0-95fcebe12261_7_32,A:4572b198-2c1c-4920-bcf0-95fcebe12261_7_32,A,not_in_correction,unsupported,,,unsupported,original_abd,E0520,outputs/abd_eval300_evidence_audit_v1/scored_evidence_audit_blinded.jsonl,c44d08c95c22bc5f82fc5b97107d366b561ff0b617207e57a2899ec91a265c38
E0521,db3f7933-dfa0-4678-9d4f-393b628ded45_17_11,D:db3f7933-dfa0-4678-9d4f-393b628ded45_17_11,D,not_in_correction,partially_supported,,,partially_supported,original_abd,E0521,outputs/abd_eval300_evidence_audit_v1/scored_evidence_audit_blinded.jsonl,c44d08c95c22bc5f82fc5b97107d366b561ff0b617207e57a2899ec91a265c38
E0522,7e512589-aa97-41e8-83d3-af2e83e4fd06_4_5,A:7e512589-aa97-41e8-83d3-af2e83e4fd06_4_5,A,not_in_correction,partially_supported,,,partially_supported,original_abd,E0522,outputs/abd_eval300_evidence_audit_v1/scored_evidence_audit_blinded.jsonl,c44d08c95c22bc5f82fc5b97107d366b561ff0b617207e57a2899ec91a265c38
E0523,70f2a750-f403-41b8-aabb-480eb3ab4ed4_21_26,B:70f2a750-f403-41b8-aabb-480eb3ab4ed4_21_26,B,not_in_correction,partially_supported,,,partially_supported,original_abd,E0523,outputs/abd_eval300_evidence_audit_v1/scored_evidence_audit_blinded.jsonl,c44d08c95c22bc5f82fc5b97107d366b561ff0b617207e57a2899ec91a265c38
E0524,819c8af7-851f-434f-ab32-318285bc54b1_18_6,D:819c8af7-851f-434f-ab32-318285bc54b1_18_6,D,control,partially_supported,partially_supported,,partially_supported,correction,E0524,outputs/abd_eval300_evidence_audit_correction_validation_v1/extracted/corrected_blinded_reviews.jsonl,3ab37d3b323018ba063688790112639cb0053de4a0d1fb0407da2f012d35c991
E0525,41a86310-2cc1-48f9-b5b5-6b495a95fbac_11_19,A:41a86310-2cc1-48f9-b5b5-6b495a95fbac_11_19,A,not_in_correction,unsupported,,,unsupported,original_abd,E0525,outputs/abd_eval300_evidence_audit_v1/scored_evidence_audit_blinded.jsonl,c44d08c95c22bc5f82fc5b97107d366b561ff0b617207e57a2899ec91a265c38
E0526,7ddbf8a2-5b3e-44cd-b9dc-db17ec06831b_7_16,D:7ddbf8a2-5b3e-44cd-b9dc-db17ec06831b_7_16,D,not_in_correction,unsupported,,,unsupported,original_abd,E0526,outputs/abd_eval300_evidence_audit_v1/scored_evidence_audit_blinded.jsonl,c44d08c95c22bc5f82fc5b97107d366b561ff0b617207e57a2899ec91a265c38
E0527,41a86310-2cc1-48f9-b5b5-6b495a95fbac_5_20,D:41a86310-2cc1-48f9-b5b5-6b495a95fbac_5_20,D,not_in_correction,contradicted,,,contradicted,original_abd,E0527,outputs/abd_eval300_evidence_audit_v1/scored_evidence_audit_blinded.jsonl,c44d08c95c22bc5f82fc5b97107d366b561ff0b617207e57a2899ec91a265c38
E0528,115774b6-534d-444f-b7aa-d1b834eb0ee7_3_6,A:115774b6-534d-444f-b7aa-d1b834eb0ee7_3_6,A,not_in_correction,partially_supported,,,partially_supported,original_abd,E0528,outputs/abd_eval300_evidence_audit_v1/scored_evidence_audit_blinded.jsonl,c44d08c95c22bc5f82fc5b97107d366b561ff0b617207e57a2899ec91a265c38
E0529,d3a0899e-2093-454c-9f65-30087883193a_1_1,A:d3a0899e-2093-454c-9f65-30087883193a_1_1,A,not_in_correction,unsupported,,,unsupported,original_abd,E0529,outputs/abd_eval300_evidence_audit_v1/scored_evidence_audit_blinded.jsonl,c44d08c95c22bc5f82fc5b97107d366b561ff0b617207e57a2899ec91a265c38
E0530,70f2a750-f403-41b8-aabb-480eb3ab4ed4_7_28,B:70f2a750-f403-41b8-aabb-480eb3ab4ed4_7_28,B,not_in_correction,supported,,,supported,original_abd,E0530,outputs/abd_eval300_evidence_audit_v1/scored_evidence_audit_blinded.jsonl,c44d08c95c22bc5f82fc5b97107d366b561ff0b617207e57a2899ec91a265c38
E0531,7e512589-aa97-41e8-83d3-af2e83e4fd06_22_11,B:7e512589-aa97-41e8-83d3-af2e83e4fd06_22_11,B,not_in_correction,partially_supported,,,partially_supported,original_abd,E0531,outputs/abd_eval300_evidence_audit_v1/scored_evidence_audit_blinded.jsonl,c44d08c95c22bc5f82fc5b97107d366b561ff0b617207e57a2899ec91a265c38
E0532,7e512589-aa97-41e8-83d3-af2e83e4fd06_8_12,A:7e512589-aa97-41e8-83d3-af2e83e4fd06_8_12,A,control,unsupported,contradicted,contradicted,contradicted,sol_independent_review,S7FBC8E9CAE14,outputs/abd_eval300_disagreement_independent_review_v1/blinded_reviewer_output/blinded_reviews.jsonl,75fdab627ddf165f75133f026d0a6e605e6b838bdcb58912e752a67a0783557f
E0533,d3a0899e-2093-454c-9f65-30087883193a_22_32,D:d3a0899e-2093-454c-9f65-30087883193a_22_32,D,not_in_correction,supported,,,supported,original_abd,E0533,outputs/abd_eval300_evidence_audit_v1/scored_evidence_audit_blinded.jsonl,c44d08c95c22bc5f82fc5b97107d366b561ff0b617207e57a2899ec91a265c38
E0534,115774b6-534d-444f-b7aa-d1b834eb0ee7_6_24,B:115774b6-534d-444f-b7aa-d1b834eb0ee7_6_24,B,not_in_correction,unsupported,,,unsupported,original_abd,E0534,outputs/abd_eval300_evidence_audit_v1/scored_evidence_audit_blinded.jsonl,c44d08c95c22bc5f82fc5b97107d366b561ff0b617207e57a2899ec91a265c38
E0535,71fbc5bf-7e2a-415d-86bc-3a948742e904_17_10,B:71fbc5bf-7e2a-415d-86bc-3a948742e904_17_10,B,not_in_correction,contradicted,,,contradicted,original_abd,E0535,outputs/abd_eval300_evidence_audit_v1/scored_evidence_audit_blinded.jsonl,c44d08c95c22bc5f82fc5b97107d366b561ff0b617207e57a2899ec91a265c38
E0536,d3a0899e-2093-454c-9f65-30087883193a_17_19,B:d3a0899e-2093-454c-9f65-30087883193a_17_19,B,not_in_correction,contradicted,,,contradicted,original_abd,E0536,outputs/abd_eval300_evidence_audit_v1/scored_evidence_audit_blinded.jsonl,c44d08c95c22bc5f82fc5b97107d366b561ff0b617207e57a2899ec91a265c38
E0537,7e512589-aa97-41e8-83d3-af2e83e4fd06_23_28,D:7e512589-aa97-41e8-83d3-af2e83e4fd06_23_28,D,not_in_correction,partially_supported,,,partially_supported,original_abd,E0537,outputs/abd_eval300_evidence_audit_v1/scored_evidence_audit_blinded.jsonl,c44d08c95c22bc5f82fc5b97107d366b561ff0b617207e57a2899ec91a265c38
E0538,d3a0899e-2093-454c-9f65-30087883193a_11_17,A:d3a0899e-2093-454c-9f65-30087883193a_11_17,A,not_in_correction,supported,,,supported,original_abd,E0538,outputs/abd_eval300_evidence_audit_v1/scored_evidence_audit_blinded.jsonl,c44d08c95c22bc5f82fc5b97107d366b561ff0b617207e57a2899ec91a265c38
E0539,115774b6-534d-444f-b7aa-d1b834eb0ee7_1_3,B:115774b6-534d-444f-b7aa-d1b834eb0ee7_1_3,B,not_in_correction,partially_supported,,,partially_supported,original_abd,E0539,outputs/abd_eval300_evidence_audit_v1/scored_evidence_audit_blinded.jsonl,c44d08c95c22bc5f82fc5b97107d366b561ff0b617207e57a2899ec91a265c38
E0540,7ddbf8a2-5b3e-44cd-b9dc-db17ec06831b_8_25,A:7ddbf8a2-5b3e-44cd-b9dc-db17ec06831b_8_25,A,not_in_correction,unsupported,,,unsupported,original_abd,E0540,outputs/abd_eval300_evidence_audit_v1/scored_evidence_audit_blinded.jsonl,c44d08c95c22bc5f82fc5b97107d366b561ff0b617207e57a2899ec91a265c38
E0541,d3a0899e-2093-454c-9f65-30087883193a_4_10,D:d3a0899e-2093-454c-9f65-30087883193a_4_10,D,not_in_correction,supported,,,supported,original_abd,E0541,outputs/abd_eval300_evidence_audit_v1/scored_evidence_audit_blinded.jsonl,c44d08c95c22bc5f82fc5b97107d366b561ff0b617207e57a2899ec91a265c38
E0542,d3a0899e-2093-454c-9f65-30087883193a_12_22,D:d3a0899e-2093-454c-9f65-30087883193a_12_22,D,not_in_correction,supported,,,supported,original_abd,E0542,outputs/abd_eval300_evidence_audit_v1/scored_evidence_audit_blinded.jsonl,c44d08c95c22bc5f82fc5b97107d366b561ff0b617207e57a2899ec91a265c38
E0543,71fbc5bf-7e2a-415d-86bc-3a948742e904_4_6,B:71fbc5bf-7e2a-415d-86bc-3a948742e904_4_6,B,not_in_correction,contradicted,,,contradicted,original_abd,E0543,outputs/abd_eval300_evidence_audit_v1/scored_evidence_audit_blinded.jsonl,c44d08c95c22bc5f82fc5b97107d366b561ff0b617207e57a2899ec91a265c38
E0544,a6d45e95-8dc0-4932-83bf-ec53e265a16a_4_6,B:a6d45e95-8dc0-4932-83bf-ec53e265a16a_4_6,B,not_in_correction,unsupported,,,unsupported,original_abd,E0544,outputs/abd_eval300_evidence_audit_v1/scored_evidence_audit_blinded.jsonl,c44d08c95c22bc5f82fc5b97107d366b561ff0b617207e57a2899ec91a265c38
E0545,115774b6-534d-444f-b7aa-d1b834eb0ee7_7_10,D:115774b6-534d-444f-b7aa-d1b834eb0ee7_7_10,D,not_in_correction,unsupported,,,unsupported,original_abd,E0545,outputs/abd_eval300_evidence_audit_v1/scored_evidence_audit_blinded.jsonl,c44d08c95c22bc5f82fc5b97107d366b561ff0b617207e57a2899ec91a265c38
E0546,819c8af7-851f-434f-ab32-318285bc54b1_7_17,D:819c8af7-851f-434f-ab32-318285bc54b1_7_17,D,not_in_correction,contradicted,,,contradicted,original_abd,E0546,outputs/abd_eval300_evidence_audit_v1/scored_evidence_audit_blinded.jsonl,c44d08c95c22bc5f82fc5b97107d366b561ff0b617207e57a2899ec91a265c38
E0547,819c8af7-851f-434f-ab32-318285bc54b1_12_7,A:819c8af7-851f-434f-ab32-318285bc54b1_12_7,A,not_in_correction,contradicted,,,contradicted,original_abd,E0547,outputs/abd_eval300_evidence_audit_v1/scored_evidence_audit_blinded.jsonl,c44d08c95c22bc5f82fc5b97107d366b561ff0b617207e57a2899ec91a265c38
E0548,4572b198-2c1c-4920-bcf0-95fcebe12261_17_39,D:4572b198-2c1c-4920-bcf0-95fcebe12261_17_39,D,control,partially_supported,partially_supported,,partially_supported,correction,E0548,outputs/abd_eval300_evidence_audit_correction_validation_v1/extracted/corrected_blinded_reviews.jsonl,3ab37d3b323018ba063688790112639cb0053de4a0d1fb0407da2f012d35c991
E0549,db3f7933-dfa0-4678-9d4f-393b628ded45_7_21,A:db3f7933-dfa0-4678-9d4f-393b628ded45_7_21,A,control,unsupported,unsupported,,unsupported,correction,E0549,outputs/abd_eval300_evidence_audit_correction_validation_v1/extracted/corrected_blinded_reviews.jsonl,3ab37d3b323018ba063688790112639cb0053de4a0d1fb0407da2f012d35c991
E0550,70f2a750-f403-41b8-aabb-480eb3ab4ed4_22_10,A:70f2a750-f403-41b8-aabb-480eb3ab4ed4_22_10,A,not_in_correction,supported,,,supported,original_abd,E0550,outputs/abd_eval300_evidence_audit_v1/scored_evidence_audit_blinded.jsonl,c44d08c95c22bc5f82fc5b97107d366b561ff0b617207e57a2899ec91a265c38
E0551,115774b6-534d-444f-b7aa-d1b834eb0ee7_12_27,D:115774b6-534d-444f-b7aa-d1b834eb0ee7_12_27,D,not_in_correction,contradicted,,,contradicted,original_abd,E0551,outputs/abd_eval300_evidence_audit_v1/scored_evidence_audit_blinded.jsonl,c44d08c95c22bc5f82fc5b97107d366b561ff0b617207e57a2899ec91a265c38
E0552,4572b198-2c1c-4920-bcf0-95fcebe12261_17_17,A:4572b198-2c1c-4920-bcf0-95fcebe12261_17_17,A,not_in_correction,supported,,,supported,original_abd,E0552,outputs/abd_eval300_evidence_audit_v1/scored_evidence_audit_blinded.jsonl,c44d08c95c22bc5f82fc5b97107d366b561ff0b617207e57a2899ec91a265c38
E0553,6fd90f8d-7a4d-425d-a812-3268db0b0342_7_27,B:6fd90f8d-7a4d-425d-a812-3268db0b0342_7_27,B,not_in_correction,contradicted,,,contradicted,original_abd,E0553,outputs/abd_eval300_evidence_audit_v1/scored_evidence_audit_blinded.jsonl,c44d08c95c22bc5f82fc5b97107d366b561ff0b617207e57a2899ec91a265c38
E0554,4572b198-2c1c-4920-bcf0-95fcebe12261_3_21,D:4572b198-2c1c-4920-bcf0-95fcebe12261_3_21,D,not_in_correction,partially_supported,,,partially_supported,original_abd,E0554,outputs/abd_eval300_evidence_audit_v1/scored_evidence_audit_blinded.jsonl,c44d08c95c22bc5f82fc5b97107d366b561ff0b617207e57a2899ec91a265c38
E0555,7ddbf8a2-5b3e-44cd-b9dc-db17ec06831b_7_21,A:7ddbf8a2-5b3e-44cd-b9dc-db17ec06831b_7_21,A,not_in_correction,unsupported,,,unsupported,original_abd,E0555,outputs/abd_eval300_evidence_audit_v1/scored_evidence_audit_blinded.jsonl,c44d08c95c22bc5f82fc5b97107d366b561ff0b617207e57a2899ec91a265c38
E0556,a6d45e95-8dc0-4932-83bf-ec53e265a16a_17_12,D:a6d45e95-8dc0-4932-83bf-ec53e265a16a_17_12,D,not_in_correction,supported,,,supported,original_abd,E0556,outputs/abd_eval300_evidence_audit_v1/scored_evidence_audit_blinded.jsonl,c44d08c95c22bc5f82fc5b97107d366b561ff0b617207e57a2899ec91a265c38
E0557,70f2a750-f403-41b8-aabb-480eb3ab4ed4_4_11,A:70f2a750-f403-41b8-aabb-480eb3ab4ed4_4_11,A,control,contradicted,partially_supported,contradicted,contradicted,sol_independent_review,SE876FE91FB84,outputs/abd_eval300_disagreement_independent_review_v1/blinded_reviewer_output/blinded_reviews.jsonl,75fdab627ddf165f75133f026d0a6e605e6b838bdcb58912e752a67a0783557f
E0558,d3a0899e-2093-454c-9f65-30087883193a_17_20,B:d3a0899e-2093-454c-9f65-30087883193a_17_20,B,not_in_correction,partially_supported,,,partially_supported,original_abd,E0558,outputs/abd_eval300_evidence_audit_v1/scored_evidence_audit_blinded.jsonl,c44d08c95c22bc5f82fc5b97107d366b561ff0b617207e57a2899ec91a265c38
E0559,7ddbf8a2-5b3e-44cd-b9dc-db17ec06831b_17_6,A:7ddbf8a2-5b3e-44cd-b9dc-db17ec06831b_17_6,A,not_in_correction,unsupported,,,unsupported,original_abd,E0559,outputs/abd_eval300_evidence_audit_v1/scored_evidence_audit_blinded.jsonl,c44d08c95c22bc5f82fc5b97107d366b561ff0b617207e57a2899ec91a265c38
E0560,7ddbf8a2-5b3e-44cd-b9dc-db17ec06831b_17_15,B:7ddbf8a2-5b3e-44cd-b9dc-db17ec06831b_17_15,B,not_in_correction,unsupported,,,unsupported,original_abd,E0560,outputs/abd_eval300_evidence_audit_v1/scored_evidence_audit_blinded.jsonl,c44d08c95c22bc5f82fc5b97107d366b561ff0b617207e57a2899ec91a265c38
E0561,70f2a750-f403-41b8-aabb-480eb3ab4ed4_17_8,A:70f2a750-f403-41b8-aabb-480eb3ab4ed4_17_8,A,not_in_correction,unsupported,,,unsupported,original_abd,E0561,outputs/abd_eval300_evidence_audit_v1/scored_evidence_audit_blinded.jsonl,c44d08c95c22bc5f82fc5b97107d366b561ff0b617207e57a2899ec91a265c38
E0562,d3a0899e-2093-454c-9f65-30087883193a_17_8,D:d3a0899e-2093-454c-9f65-30087883193a_17_8,D,not_in_correction,partially_supported,,,partially_supported,original_abd,E0562,outputs/abd_eval300_evidence_audit_v1/scored_evidence_audit_blinded.jsonl,c44d08c95c22bc5f82fc5b97107d366b561ff0b617207e57a2899ec91a265c38
E0563,d3a0899e-2093-454c-9f65-30087883193a_22_32,A:d3a0899e-2093-454c-9f65-30087883193a_22_32,A,not_in_correction,partially_supported,,,partially_supported,original_abd,E0563,outputs/abd_eval300_evidence_audit_v1/scored_evidence_audit_blinded.jsonl,c44d08c95c22bc5f82fc5b97107d366b561ff0b617207e57a2899ec91a265c38
E0564,d3a0899e-2093-454c-9f65-30087883193a_22_32,B:d3a0899e-2093-454c-9f65-30087883193a_22_32,B,not_in_correction,partially_supported,,,partially_supported,original_abd,E0564,outputs/abd_eval300_evidence_audit_v1/scored_evidence_audit_blinded.jsonl,c44d08c95c22bc5f82fc5b97107d366b561ff0b617207e57a2899ec91a265c38
E0565,7ddbf8a2-5b3e-44cd-b9dc-db17ec06831b_11_12,B:7ddbf8a2-5b3e-44cd-b9dc-db17ec06831b_11_12,B,not_in_correction,supported,,,supported,original_abd,E0565,outputs/abd_eval300_evidence_audit_v1/scored_evidence_audit_blinded.jsonl,c44d08c95c22bc5f82fc5b97107d366b561ff0b617207e57a2899ec91a265c38
E0566,d3a0899e-2093-454c-9f65-30087883193a_2_1,A:d3a0899e-2093-454c-9f65-30087883193a_2_1,A,not_in_correction,unsupported,,,unsupported,original_abd,E0566,outputs/abd_eval300_evidence_audit_v1/scored_evidence_audit_blinded.jsonl,c44d08c95c22bc5f82fc5b97107d366b561ff0b617207e57a2899ec91a265c38
E0567,d3a0899e-2093-454c-9f65-30087883193a_17_13,D:d3a0899e-2093-454c-9f65-30087883193a_17_13,D,not_in_correction,unsupported,,,unsupported,original_abd,E0567,outputs/abd_eval300_evidence_audit_v1/scored_evidence_audit_blinded.jsonl,c44d08c95c22bc5f82fc5b97107d366b561ff0b617207e57a2899ec91a265c38
E0568,819c8af7-851f-434f-ab32-318285bc54b1_4_30,A:819c8af7-851f-434f-ab32-318285bc54b1_4_30,A,not_in_correction,unsupported,,,unsupported,original_abd,E0568,outputs/abd_eval300_evidence_audit_v1/scored_evidence_audit_blinded.jsonl,c44d08c95c22bc5f82fc5b97107d366b561ff0b617207e57a2899ec91a265c38
E0569,819c8af7-851f-434f-ab32-318285bc54b1_5_11,D:819c8af7-851f-434f-ab32-318285bc54b1_5_11,D,not_in_correction,partially_supported,,,partially_supported,original_abd,E0569,outputs/abd_eval300_evidence_audit_v1/scored_evidence_audit_blinded.jsonl,c44d08c95c22bc5f82fc5b97107d366b561ff0b617207e57a2899ec91a265c38
E0570,db3f7933-dfa0-4678-9d4f-393b628ded45_7_19,A:db3f7933-dfa0-4678-9d4f-393b628ded45_7_19,A,not_in_correction,unsupported,,,unsupported,original_abd,E0570,outputs/abd_eval300_evidence_audit_v1/scored_evidence_audit_blinded.jsonl,c44d08c95c22bc5f82fc5b97107d366b561ff0b617207e57a2899ec91a265c38
E0571,db3f7933-dfa0-4678-9d4f-393b628ded45_12_15,B:db3f7933-dfa0-4678-9d4f-393b628ded45_12_15,B,not_in_correction,partially_supported,,,partially_supported,original_abd,E0571,outputs/abd_eval300_evidence_audit_v1/scored_evidence_audit_blinded.jsonl,c44d08c95c22bc5f82fc5b97107d366b561ff0b617207e57a2899ec91a265c38
E0572,819c8af7-851f-434f-ab32-318285bc54b1_4_19,D:819c8af7-851f-434f-ab32-318285bc54b1_4_19,D,not_in_correction,contradicted,,,contradicted,original_abd,E0572,outputs/abd_eval300_evidence_audit_v1/scored_evidence_audit_blinded.jsonl,c44d08c95c22bc5f82fc5b97107d366b561ff0b617207e57a2899ec91a265c38
E0573,71fbc5bf-7e2a-415d-86bc-3a948742e904_22_5,A:71fbc5bf-7e2a-415d-86bc-3a948742e904_22_5,A,not_in_correction,partially_supported,,,partially_supported,original_abd,E0573,outputs/abd_eval300_evidence_audit_v1/scored_evidence_audit_blinded.jsonl,c44d08c95c22bc5f82fc5b97107d366b561ff0b617207e57a2899ec91a265c38
E0574,7e512589-aa97-41e8-83d3-af2e83e4fd06_4_3,A:7e512589-aa97-41e8-83d3-af2e83e4fd06_4_3,A,not_in_correction,partially_supported,,,partially_supported,original_abd,E0574,outputs/abd_eval300_evidence_audit_v1/scored_evidence_audit_blinded.jsonl,c44d08c95c22bc5f82fc5b97107d366b561ff0b617207e57a2899ec91a265c38
E0575,819c8af7-851f-434f-ab32-318285bc54b1_5_28,A:819c8af7-851f-434f-ab32-318285bc54b1_5_28,A,not_in_correction,supported,,,supported,original_abd,E0575,outputs/abd_eval300_evidence_audit_v1/scored_evidence_audit_blinded.jsonl,c44d08c95c22bc5f82fc5b97107d366b561ff0b617207e57a2899ec91a265c38
E0576,71fbc5bf-7e2a-415d-86bc-3a948742e904_7_19,B:71fbc5bf-7e2a-415d-86bc-3a948742e904_7_19,B,not_in_correction,unsupported,,,unsupported,original_abd,E0576,outputs/abd_eval300_evidence_audit_v1/scored_evidence_audit_blinded.jsonl,c44d08c95c22bc5f82fc5b97107d366b561ff0b617207e57a2899ec91a265c38
E0577,819c8af7-851f-434f-ab32-318285bc54b1_11_14,A:819c8af7-851f-434f-ab32-318285bc54b1_11_14,A,not_in_correction,partially_supported,,,partially_supported,original_abd,E0577,outputs/abd_eval300_evidence_audit_v1/scored_evidence_audit_blinded.jsonl,c44d08c95c22bc5f82fc5b97107d366b561ff0b617207e57a2899ec91a265c38
E0578,70f2a750-f403-41b8-aabb-480eb3ab4ed4_5_19,A:70f2a750-f403-41b8-aabb-480eb3ab4ed4_5_19,A,not_in_correction,contradicted,,,contradicted,original_abd,E0578,outputs/abd_eval300_evidence_audit_v1/scored_evidence_audit_blinded.jsonl,c44d08c95c22bc5f82fc5b97107d366b561ff0b617207e57a2899ec91a265c38
E0579,70f2a750-f403-41b8-aabb-480eb3ab4ed4_22_10,D:70f2a750-f403-41b8-aabb-480eb3ab4ed4_22_10,D,not_in_correction,partially_supported,,,partially_supported,original_abd,E0579,outputs/abd_eval300_evidence_audit_v1/scored_evidence_audit_blinded.jsonl,c44d08c95c22bc5f82fc5b97107d366b561ff0b617207e57a2899ec91a265c38
E0580,7e512589-aa97-41e8-83d3-af2e83e4fd06_21_19,B:7e512589-aa97-41e8-83d3-af2e83e4fd06_21_19,B,not_in_correction,supported,,,supported,original_abd,E0580,outputs/abd_eval300_evidence_audit_v1/scored_evidence_audit_blinded.jsonl,c44d08c95c22bc5f82fc5b97107d366b561ff0b617207e57a2899ec91a265c38
E0581,71fbc5bf-7e2a-415d-86bc-3a948742e904_7_19,A:71fbc5bf-7e2a-415d-86bc-3a948742e904_7_19,A,not_in_correction,unsupported,,,unsupported,original_abd,E0581,outputs/abd_eval300_evidence_audit_v1/scored_evidence_audit_blinded.jsonl,c44d08c95c22bc5f82fc5b97107d366b561ff0b617207e57a2899ec91a265c38
E0582,6fd90f8d-7a4d-425d-a812-3268db0b0342_8_10,D:6fd90f8d-7a4d-425d-a812-3268db0b0342_8_10,D,not_in_correction,partially_supported,,,partially_supported,original_abd,E0582,outputs/abd_eval300_evidence_audit_v1/scored_evidence_audit_blinded.jsonl,c44d08c95c22bc5f82fc5b97107d366b561ff0b617207e57a2899ec91a265c38
E0583,7e512589-aa97-41e8-83d3-af2e83e4fd06_11_18,A:7e512589-aa97-41e8-83d3-af2e83e4fd06_11_18,A,not_in_correction,unsupported,,,unsupported,original_abd,E0583,outputs/abd_eval300_evidence_audit_v1/scored_evidence_audit_blinded.jsonl,c44d08c95c22bc5f82fc5b97107d366b561ff0b617207e57a2899ec91a265c38
E0584,7e512589-aa97-41e8-83d3-af2e83e4fd06_7_4,B:7e512589-aa97-41e8-83d3-af2e83e4fd06_7_4,B,not_in_correction,partially_supported,,,partially_supported,original_abd,E0584,outputs/abd_eval300_evidence_audit_v1/scored_evidence_audit_blinded.jsonl,c44d08c95c22bc5f82fc5b97107d366b561ff0b617207e57a2899ec91a265c38
E0585,a6d45e95-8dc0-4932-83bf-ec53e265a16a_4_23,A:a6d45e95-8dc0-4932-83bf-ec53e265a16a_4_23,A,not_in_correction,partially_supported,,,partially_supported,original_abd,E0585,outputs/abd_eval300_evidence_audit_v1/scored_evidence_audit_blinded.jsonl,c44d08c95c22bc5f82fc5b97107d366b561ff0b617207e57a2899ec91a265c38
E0586,a6d45e95-8dc0-4932-83bf-ec53e265a16a_7_7,B:a6d45e95-8dc0-4932-83bf-ec53e265a16a_7_7,B,not_in_correction,supported,,,supported,original_abd,E0586,outputs/abd_eval300_evidence_audit_v1/scored_evidence_audit_blinded.jsonl,c44d08c95c22bc5f82fc5b97107d366b561ff0b617207e57a2899ec91a265c38
E0587,7ddbf8a2-5b3e-44cd-b9dc-db17ec06831b_11_12,D:7ddbf8a2-5b3e-44cd-b9dc-db17ec06831b_11_12,D,not_in_correction,contradicted,,,contradicted,original_abd,E0587,outputs/abd_eval300_evidence_audit_v1/scored_evidence_audit_blinded.jsonl,c44d08c95c22bc5f82fc5b97107d366b561ff0b617207e57a2899ec91a265c38
E0588,7ddbf8a2-5b3e-44cd-b9dc-db17ec06831b_5_22,D:7ddbf8a2-5b3e-44cd-b9dc-db17ec06831b_5_22,D,not_in_correction,partially_supported,,,partially_supported,original_abd,E0588,outputs/abd_eval300_evidence_audit_v1/scored_evidence_audit_blinded.jsonl,c44d08c95c22bc5f82fc5b97107d366b561ff0b617207e57a2899ec91a265c38
E0589,7ddbf8a2-5b3e-44cd-b9dc-db17ec06831b_6_8,D:7ddbf8a2-5b3e-44cd-b9dc-db17ec06831b_6_8,D,not_in_correction,unsupported,,,unsupported,original_abd,E0589,outputs/abd_eval300_evidence_audit_v1/scored_evidence_audit_blinded.jsonl,c44d08c95c22bc5f82fc5b97107d366b561ff0b617207e57a2899ec91a265c38
E0590,819c8af7-851f-434f-ab32-318285bc54b1_4_2,D:819c8af7-851f-434f-ab32-318285bc54b1_4_2,D,not_in_correction,partially_supported,,,partially_supported,original_abd,E0590,outputs/abd_eval300_evidence_audit_v1/scored_evidence_audit_blinded.jsonl,c44d08c95c22bc5f82fc5b97107d366b561ff0b617207e57a2899ec91a265c38
E0591,7e512589-aa97-41e8-83d3-af2e83e4fd06_17_10,D:7e512589-aa97-41e8-83d3-af2e83e4fd06_17_10,D,not_in_correction,partially_supported,,,partially_supported,original_abd,E0591,outputs/abd_eval300_evidence_audit_v1/scored_evidence_audit_blinded.jsonl,c44d08c95c22bc5f82fc5b97107d366b561ff0b617207e57a2899ec91a265c38
E0592,115774b6-534d-444f-b7aa-d1b834eb0ee7_5_5,B:115774b6-534d-444f-b7aa-d1b834eb0ee7_5_5,B,not_in_correction,partially_supported,,,partially_supported,original_abd,E0592,outputs/abd_eval300_evidence_audit_v1/scored_evidence_audit_blinded.jsonl,c44d08c95c22bc5f82fc5b97107d366b561ff0b617207e57a2899ec91a265c38
E0593,819c8af7-851f-434f-ab32-318285bc54b1_3_12,B:819c8af7-851f-434f-ab32-318285bc54b1_3_12,B,control,partially_supported,partially_supported,,partially_supported,correction,E0593,outputs/abd_eval300_evidence_audit_correction_validation_v1/extracted/corrected_blinded_reviews.jsonl,3ab37d3b323018ba063688790112639cb0053de4a0d1fb0407da2f012d35c991
E0594,115774b6-534d-444f-b7aa-d1b834eb0ee7_5_5,A:115774b6-534d-444f-b7aa-d1b834eb0ee7_5_5,A,not_in_correction,partially_supported,,,partially_supported,original_abd,E0594,outputs/abd_eval300_evidence_audit_v1/scored_evidence_audit_blinded.jsonl,c44d08c95c22bc5f82fc5b97107d366b561ff0b617207e57a2899ec91a265c38
E0595,4572b198-2c1c-4920-bcf0-95fcebe12261_6_7,D:4572b198-2c1c-4920-bcf0-95fcebe12261_6_7,D,not_in_correction,partially_supported,,,partially_supported,original_abd,E0595,outputs/abd_eval300_evidence_audit_v1/scored_evidence_audit_blinded.jsonl,c44d08c95c22bc5f82fc5b97107d366b561ff0b617207e57a2899ec91a265c38
E0596,a6d45e95-8dc0-4932-83bf-ec53e265a16a_17_25,B:a6d45e95-8dc0-4932-83bf-ec53e265a16a_17_25,B,not_in_correction,partially_supported,,,partially_supported,original_abd,E0596,outputs/abd_eval300_evidence_audit_v1/scored_evidence_audit_blinded.jsonl,c44d08c95c22bc5f82fc5b97107d366b561ff0b617207e57a2899ec91a265c38
E0597,41a86310-2cc1-48f9-b5b5-6b495a95fbac_11_34,A:41a86310-2cc1-48f9-b5b5-6b495a95fbac_11_34,A,not_in_correction,contradicted,,,contradicted,original_abd,E0597,outputs/abd_eval300_evidence_audit_v1/scored_evidence_audit_blinded.jsonl,c44d08c95c22bc5f82fc5b97107d366b561ff0b617207e57a2899ec91a265c38
E0598,7e512589-aa97-41e8-83d3-af2e83e4fd06_17_2,B:7e512589-aa97-41e8-83d3-af2e83e4fd06_17_2,B,not_in_correction,supported,,,supported,original_abd,E0598,outputs/abd_eval300_evidence_audit_v1/scored_evidence_audit_blinded.jsonl,c44d08c95c22bc5f82fc5b97107d366b561ff0b617207e57a2899ec91a265c38
E0599,41a86310-2cc1-48f9-b5b5-6b495a95fbac_17_15,A:41a86310-2cc1-48f9-b5b5-6b495a95fbac_17_15,A,not_in_correction,contradicted,,,contradicted,original_abd,E0599,outputs/abd_eval300_evidence_audit_v1/scored_evidence_audit_blinded.jsonl,c44d08c95c22bc5f82fc5b97107d366b561ff0b617207e57a2899ec91a265c38
E0600,71fbc5bf-7e2a-415d-86bc-3a948742e904_7_3,B:71fbc5bf-7e2a-415d-86bc-3a948742e904_7_3,B,not_in_correction,partially_supported,,,partially_supported,original_abd,E0600,outputs/abd_eval300_evidence_audit_v1/scored_evidence_audit_blinded.jsonl,c44d08c95c22bc5f82fc5b97107d366b561ff0b617207e57a2899ec91a265c38
E0601,db3f7933-dfa0-4678-9d4f-393b628ded45_2_1,A:db3f7933-dfa0-4678-9d4f-393b628ded45_2_1,A,target,unreviewable,unsupported,,unsupported,correction,E0601,outputs/abd_eval300_evidence_audit_correction_validation_v1/extracted/corrected_blinded_reviews.jsonl,3ab37d3b323018ba063688790112639cb0053de4a0d1fb0407da2f012d35c991
E0602,6fd90f8d-7a4d-425d-a812-3268db0b0342_6_8,A:6fd90f8d-7a4d-425d-a812-3268db0b0342_6_8,A,target,unreviewable,unsupported,,unsupported,correction,E0602,outputs/abd_eval300_evidence_audit_correction_validation_v1/extracted/corrected_blinded_reviews.jsonl,3ab37d3b323018ba063688790112639cb0053de4a0d1fb0407da2f012d35c991
E0603,db3f7933-dfa0-4678-9d4f-393b628ded45_6_7,B:db3f7933-dfa0-4678-9d4f-393b628ded45_6_7,B,not_in_correction,partially_supported,,,partially_supported,original_abd,E0603,outputs/abd_eval300_evidence_audit_v1/scored_evidence_audit_blinded.jsonl,c44d08c95c22bc5f82fc5b97107d366b561ff0b617207e57a2899ec91a265c38
E0604,115774b6-534d-444f-b7aa-d1b834eb0ee7_1_1,B:115774b6-534d-444f-b7aa-d1b834eb0ee7_1_1,B,not_in_correction,supported,,,supported,original_abd,E0604,outputs/abd_eval300_evidence_audit_v1/scored_evidence_audit_blinded.jsonl,c44d08c95c22bc5f82fc5b97107d366b561ff0b617207e57a2899ec91a265c38
E0605,7e512589-aa97-41e8-83d3-af2e83e4fd06_7_23,D:7e512589-aa97-41e8-83d3-af2e83e4fd06_7_23,D,not_in_correction,partially_supported,,,partially_supported,original_abd,E0605,outputs/abd_eval300_evidence_audit_v1/scored_evidence_audit_blinded.jsonl,c44d08c95c22bc5f82fc5b97107d366b561ff0b617207e57a2899ec91a265c38
E0606,a6d45e95-8dc0-4932-83bf-ec53e265a16a_6_24,A:a6d45e95-8dc0-4932-83bf-ec53e265a16a_6_24,A,target,unreviewable,unsupported,,unsupported,correction,E0606,outputs/abd_eval300_evidence_audit_correction_validation_v1/extracted/corrected_blinded_reviews.jsonl,3ab37d3b323018ba063688790112639cb0053de4a0d1fb0407da2f012d35c991
E0607,70f2a750-f403-41b8-aabb-480eb3ab4ed4_4_27,B:70f2a750-f403-41b8-aabb-480eb3ab4ed4_4_27,B,not_in_correction,supported,,,supported,original_abd,E0607,outputs/abd_eval300_evidence_audit_v1/scored_evidence_audit_blinded.jsonl,c44d08c95c22bc5f82fc5b97107d366b561ff0b617207e57a2899ec91a265c38
E0608,70f2a750-f403-41b8-aabb-480eb3ab4ed4_17_14,A:70f2a750-f403-41b8-aabb-480eb3ab4ed4_17_14,A,target,unreviewable,partially_supported,,partially_supported,correction,E0608,outputs/abd_eval300_evidence_audit_correction_validation_v1/extracted/corrected_blinded_reviews.jsonl,3ab37d3b323018ba063688790112639cb0053de4a0d1fb0407da2f012d35c991
E0609,d3a0899e-2093-454c-9f65-30087883193a_8_36,B:d3a0899e-2093-454c-9f65-30087883193a_8_36,B,not_in_correction,partially_supported,,,partially_supported,original_abd,E0609,outputs/abd_eval300_evidence_audit_v1/scored_evidence_audit_blinded.jsonl,c44d08c95c22bc5f82fc5b97107d366b561ff0b617207e57a2899ec91a265c38
E0610,115774b6-534d-444f-b7aa-d1b834eb0ee7_17_7,A:115774b6-534d-444f-b7aa-d1b834eb0ee7_17_7,A,target,unreviewable,unsupported,,unsupported,correction,E0610,outputs/abd_eval300_evidence_audit_correction_validation_v1/extracted/corrected_blinded_reviews.jsonl,3ab37d3b323018ba063688790112639cb0053de4a0d1fb0407da2f012d35c991
E0611,d3a0899e-2093-454c-9f65-30087883193a_17_28,B:d3a0899e-2093-454c-9f65-30087883193a_17_28,B,not_in_correction,contradicted,,,contradicted,original_abd,E0611,outputs/abd_eval300_evidence_audit_v1/scored_evidence_audit_blinded.jsonl,c44d08c95c22bc5f82fc5b97107d366b561ff0b617207e57a2899ec91a265c38
E0612,d3a0899e-2093-454c-9f65-30087883193a_7_29,D:d3a0899e-2093-454c-9f65-30087883193a_7_29,D,not_in_correction,partially_supported,,,partially_supported,original_abd,E0612,outputs/abd_eval300_evidence_audit_v1/scored_evidence_audit_blinded.jsonl,c44d08c95c22bc5f82fc5b97107d366b561ff0b617207e57a2899ec91a265c38
E0613,41a86310-2cc1-48f9-b5b5-6b495a95fbac_11_31,D:41a86310-2cc1-48f9-b5b5-6b495a95fbac_11_31,D,not_in_correction,supported,,,supported,original_abd,E0613,outputs/abd_eval300_evidence_audit_v1/scored_evidence_audit_blinded.jsonl,c44d08c95c22bc5f82fc5b97107d366b561ff0b617207e57a2899ec91a265c38
E0614,7ddbf8a2-5b3e-44cd-b9dc-db17ec06831b_8_10,D:7ddbf8a2-5b3e-44cd-b9dc-db17ec06831b_8_10,D,not_in_correction,partially_supported,,,partially_supported,original_abd,E0614,outputs/abd_eval300_evidence_audit_v1/scored_evidence_audit_blinded.jsonl,c44d08c95c22bc5f82fc5b97107d366b561ff0b617207e57a2899ec91a265c38
E0615,a6d45e95-8dc0-4932-83bf-ec53e265a16a_7_20,D:a6d45e95-8dc0-4932-83bf-ec53e265a16a_7_20,D,not_in_correction,supported,,,supported,original_abd,E0615,outputs/abd_eval300_evidence_audit_v1/scored_evidence_audit_blinded.jsonl,c44d08c95c22bc5f82fc5b97107d366b561ff0b617207e57a2899ec91a265c38
E0616,4572b198-2c1c-4920-bcf0-95fcebe12261_17_10,A:4572b198-2c1c-4920-bcf0-95fcebe12261_17_10,A,target,unreviewable,partially_supported,,partially_supported,correction,E0616,outputs/abd_eval300_evidence_audit_correction_validation_v1/extracted/corrected_blinded_reviews.jsonl,3ab37d3b323018ba063688790112639cb0053de4a0d1fb0407da2f012d35c991
E0617,db3f7933-dfa0-4678-9d4f-393b628ded45_6_17,A:db3f7933-dfa0-4678-9d4f-393b628ded45_6_17,A,target,unreviewable,unsupported,,unsupported,correction,E0617,outputs/abd_eval300_evidence_audit_correction_validation_v1/extracted/corrected_blinded_reviews.jsonl,3ab37d3b323018ba063688790112639cb0053de4a0d1fb0407da2f012d35c991
E0618,7e512589-aa97-41e8-83d3-af2e83e4fd06_7_22,B:7e512589-aa97-41e8-83d3-af2e83e4fd06_7_22,B,not_in_correction,partially_supported,,,partially_supported,original_abd,E0618,outputs/abd_eval300_evidence_audit_v1/scored_evidence_audit_blinded.jsonl,c44d08c95c22bc5f82fc5b97107d366b561ff0b617207e57a2899ec91a265c38
E0619,4572b198-2c1c-4920-bcf0-95fcebe12261_3_21,A:4572b198-2c1c-4920-bcf0-95fcebe12261_3_21,A,target,unreviewable,partially_supported,,partially_supported,correction,E0619,outputs/abd_eval300_evidence_audit_correction_validation_v1/extracted/corrected_blinded_reviews.jsonl,3ab37d3b323018ba063688790112639cb0053de4a0d1fb0407da2f012d35c991
E0620,6fd90f8d-7a4d-425d-a812-3268db0b0342_13_2,D:6fd90f8d-7a4d-425d-a812-3268db0b0342_13_2,D,not_in_correction,partially_supported,,,partially_supported,original_abd,E0620,outputs/abd_eval300_evidence_audit_v1/scored_evidence_audit_blinded.jsonl,c44d08c95c22bc5f82fc5b97107d366b561ff0b617207e57a2899ec91a265c38
E0621,70f2a750-f403-41b8-aabb-480eb3ab4ed4_11_23,B:70f2a750-f403-41b8-aabb-480eb3ab4ed4_11_23,B,not_in_correction,supported,,,supported,original_abd,E0621,outputs/abd_eval300_evidence_audit_v1/scored_evidence_audit_blinded.jsonl,c44d08c95c22bc5f82fc5b97107d366b561ff0b617207e57a2899ec91a265c38
E0622,7ddbf8a2-5b3e-44cd-b9dc-db17ec06831b_4_24,D:7ddbf8a2-5b3e-44cd-b9dc-db17ec06831b_4_24,D,control,contradicted,contradicted,,contradicted,correction,E0622,outputs/abd_eval300_evidence_audit_correction_validation_v1/extracted/corrected_blinded_reviews.jsonl,3ab37d3b323018ba063688790112639cb0053de4a0d1fb0407da2f012d35c991
E0623,71fbc5bf-7e2a-415d-86bc-3a948742e904_22_23,A:71fbc5bf-7e2a-415d-86bc-3a948742e904_22_23,A,target,unreviewable,partially_supported,,partially_supported,correction,E0623,outputs/abd_eval300_evidence_audit_correction_validation_v1/extracted/corrected_blinded_reviews.jsonl,3ab37d3b323018ba063688790112639cb0053de4a0d1fb0407da2f012d35c991
E0624,a6d45e95-8dc0-4932-83bf-ec53e265a16a_7_16,B:a6d45e95-8dc0-4932-83bf-ec53e265a16a_7_16,B,not_in_correction,partially_supported,,,partially_supported,original_abd,E0624,outputs/abd_eval300_evidence_audit_v1/scored_evidence_audit_blinded.jsonl,c44d08c95c22bc5f82fc5b97107d366b561ff0b617207e57a2899ec91a265c38
E0625,6fd90f8d-7a4d-425d-a812-3268db0b0342_21_11,D:6fd90f8d-7a4d-425d-a812-3268db0b0342_21_11,D,not_in_correction,supported,,,supported,original_abd,E0625,outputs/abd_eval300_evidence_audit_v1/scored_evidence_audit_blinded.jsonl,c44d08c95c22bc5f82fc5b97107d366b561ff0b617207e57a2899ec91a265c38
E0626,d3a0899e-2093-454c-9f65-30087883193a_4_33,B:d3a0899e-2093-454c-9f65-30087883193a_4_33,B,not_in_correction,partially_supported,,,partially_supported,original_abd,E0626,outputs/abd_eval300_evidence_audit_v1/scored_evidence_audit_blinded.jsonl,c44d08c95c22bc5f82fc5b97107d366b561ff0b617207e57a2899ec91a265c38
E0627,4572b198-2c1c-4920-bcf0-95fcebe12261_8_13,B:4572b198-2c1c-4920-bcf0-95fcebe12261_8_13,B,target,unreviewable,unsupported,,unsupported,correction,E0627,outputs/abd_eval300_evidence_audit_correction_validation_v1/extracted/corrected_blinded_reviews.jsonl,3ab37d3b323018ba063688790112639cb0053de4a0d1fb0407da2f012d35c991
E0628,6fd90f8d-7a4d-425d-a812-3268db0b0342_14_4,D:6fd90f8d-7a4d-425d-a812-3268db0b0342_14_4,D,not_in_correction,supported,,,supported,original_abd,E0628,outputs/abd_eval300_evidence_audit_v1/scored_evidence_audit_blinded.jsonl,c44d08c95c22bc5f82fc5b97107d366b561ff0b617207e57a2899ec91a265c38
E0629,4572b198-2c1c-4920-bcf0-95fcebe12261_4_3,A:4572b198-2c1c-4920-bcf0-95fcebe12261_4_3,A,target,unreviewable,supported,,supported,correction,E0629,outputs/abd_eval300_evidence_audit_correction_validation_v1/extracted/corrected_blinded_reviews.jsonl,3ab37d3b323018ba063688790112639cb0053de4a0d1fb0407da2f012d35c991
E0630,70f2a750-f403-41b8-aabb-480eb3ab4ed4_17_16,B:70f2a750-f403-41b8-aabb-480eb3ab4ed4_17_16,B,not_in_correction,partially_supported,,,partially_supported,original_abd,E0630,outputs/abd_eval300_evidence_audit_v1/scored_evidence_audit_blinded.jsonl,c44d08c95c22bc5f82fc5b97107d366b561ff0b617207e57a2899ec91a265c38
E0631,d3a0899e-2093-454c-9f65-30087883193a_2_1,B:d3a0899e-2093-454c-9f65-30087883193a_2_1,B,not_in_correction,supported,,,supported,original_abd,E0631,outputs/abd_eval300_evidence_audit_v1/scored_evidence_audit_blinded.jsonl,c44d08c95c22bc5f82fc5b97107d366b561ff0b617207e57a2899ec91a265c38
E0632,db3f7933-dfa0-4678-9d4f-393b628ded45_22_12,A:db3f7933-dfa0-4678-9d4f-393b628ded45_22_12,A,target,unreviewable,supported,,supported,correction,E0632,outputs/abd_eval300_evidence_audit_correction_validation_v1/extracted/corrected_blinded_reviews.jsonl,3ab37d3b323018ba063688790112639cb0053de4a0d1fb0407da2f012d35c991
E0633,db3f7933-dfa0-4678-9d4f-393b628ded45_21_27,B:db3f7933-dfa0-4678-9d4f-393b628ded45_21_27,B,not_in_correction,supported,,,supported,original_abd,E0633,outputs/abd_eval300_evidence_audit_v1/scored_evidence_audit_blinded.jsonl,c44d08c95c22bc5f82fc5b97107d366b561ff0b617207e57a2899ec91a265c38
E0634,70f2a750-f403-41b8-aabb-480eb3ab4ed4_22_10,B:70f2a750-f403-41b8-aabb-480eb3ab4ed4_22_10,B,not_in_correction,supported,,,supported,original_abd,E0634,outputs/abd_eval300_evidence_audit_v1/scored_evidence_audit_blinded.jsonl,c44d08c95c22bc5f82fc5b97107d366b561ff0b617207e57a2899ec91a265c38
E0635,115774b6-534d-444f-b7aa-d1b834eb0ee7_7_10,B:115774b6-534d-444f-b7aa-d1b834eb0ee7_7_10,B,target,unreviewable,unsupported,,unsupported,correction,E0635,outputs/abd_eval300_evidence_audit_correction_validation_v1/extracted/corrected_blinded_reviews.jsonl,3ab37d3b323018ba063688790112639cb0053de4a0d1fb0407da2f012d35c991
E0636,70f2a750-f403-41b8-aabb-480eb3ab4ed4_7_4,A:70f2a750-f403-41b8-aabb-480eb3ab4ed4_7_4,A,target,unreviewable,unsupported,,unsupported,correction,E0636,outputs/abd_eval300_evidence_audit_correction_validation_v1/extracted/corrected_blinded_reviews.jsonl,3ab37d3b323018ba063688790112639cb0053de4a0d1fb0407da2f012d35c991
E0637,6fd90f8d-7a4d-425d-a812-3268db0b0342_16_3,B:6fd90f8d-7a4d-425d-a812-3268db0b0342_16_3,B,target,unreviewable,unsupported,,unsupported,correction,E0637,outputs/abd_eval300_evidence_audit_correction_validation_v1/extracted/corrected_blinded_reviews.jsonl,3ab37d3b323018ba063688790112639cb0053de4a0d1fb0407da2f012d35c991
E0638,7e512589-aa97-41e8-83d3-af2e83e4fd06_11_14,B:7e512589-aa97-41e8-83d3-af2e83e4fd06_11_14,B,not_in_correction,partially_supported,,,partially_supported,original_abd,E0638,outputs/abd_eval300_evidence_audit_v1/scored_evidence_audit_blinded.jsonl,c44d08c95c22bc5f82fc5b97107d366b561ff0b617207e57a2899ec91a265c38
E0639,819c8af7-851f-434f-ab32-318285bc54b1_4_2,B:819c8af7-851f-434f-ab32-318285bc54b1_4_2,B,not_in_correction,partially_supported,,,partially_supported,original_abd,E0639,outputs/abd_eval300_evidence_audit_v1/scored_evidence_audit_blinded.jsonl,c44d08c95c22bc5f82fc5b97107d366b561ff0b617207e57a2899ec91a265c38
E0640,db3f7933-dfa0-4678-9d4f-393b628ded45_8_4,D:db3f7933-dfa0-4678-9d4f-393b628ded45_8_4,D,not_in_correction,partially_supported,,,partially_supported,original_abd,E0640,outputs/abd_eval300_evidence_audit_v1/scored_evidence_audit_blinded.jsonl,c44d08c95c22bc5f82fc5b97107d366b561ff0b617207e57a2899ec91a265c38
E0641,a6d45e95-8dc0-4932-83bf-ec53e265a16a_17_11,B:a6d45e95-8dc0-4932-83bf-ec53e265a16a_17_11,B,not_in_correction,supported,,,supported,original_abd,E0641,outputs/abd_eval300_evidence_audit_v1/scored_evidence_audit_blinded.jsonl,c44d08c95c22bc5f82fc5b97107d366b561ff0b617207e57a2899ec91a265c38
E0642,6fd90f8d-7a4d-425d-a812-3268db0b0342_1_1,A:6fd90f8d-7a4d-425d-a812-3268db0b0342_1_1,A,target,unreviewable,contradicted,,contradicted,correction,E0642,outputs/abd_eval300_evidence_audit_correction_validation_v1/extracted/corrected_blinded_reviews.jsonl,3ab37d3b323018ba063688790112639cb0053de4a0d1fb0407da2f012d35c991
E0643,a6d45e95-8dc0-4932-83bf-ec53e265a16a_17_3,B:a6d45e95-8dc0-4932-83bf-ec53e265a16a_17_3,B,not_in_correction,partially_supported,,,partially_supported,original_abd,E0643,outputs/abd_eval300_evidence_audit_v1/scored_evidence_audit_blinded.jsonl,c44d08c95c22bc5f82fc5b97107d366b561ff0b617207e57a2899ec91a265c38
E0644,d3a0899e-2093-454c-9f65-30087883193a_7_11,D:d3a0899e-2093-454c-9f65-30087883193a_7_11,D,not_in_correction,supported,,,supported,original_abd,E0644,outputs/abd_eval300_evidence_audit_v1/scored_evidence_audit_blinded.jsonl,c44d08c95c22bc5f82fc5b97107d366b561ff0b617207e57a2899ec91a265c38
E0645,41a86310-2cc1-48f9-b5b5-6b495a95fbac_5_20,B:41a86310-2cc1-48f9-b5b5-6b495a95fbac_5_20,B,target,unreviewable,partially_supported,,partially_supported,correction,E0645,outputs/abd_eval300_evidence_audit_correction_validation_v1/extracted/corrected_blinded_reviews.jsonl,3ab37d3b323018ba063688790112639cb0053de4a0d1fb0407da2f012d35c991
E0646,db3f7933-dfa0-4678-9d4f-393b628ded45_7_14,A:db3f7933-dfa0-4678-9d4f-393b628ded45_7_14,A,target,unreviewable,unsupported,,unsupported,correction,E0646,outputs/abd_eval300_evidence_audit_correction_validation_v1/extracted/corrected_blinded_reviews.jsonl,3ab37d3b323018ba063688790112639cb0053de4a0d1fb0407da2f012d35c991
E0647,6fd90f8d-7a4d-425d-a812-3268db0b0342_8_9,B:6fd90f8d-7a4d-425d-a812-3268db0b0342_8_9,B,not_in_correction,supported,,,supported,original_abd,E0647,outputs/abd_eval300_evidence_audit_v1/scored_evidence_audit_blinded.jsonl,c44d08c95c22bc5f82fc5b97107d366b561ff0b617207e57a2899ec91a265c38
E0648,7ddbf8a2-5b3e-44cd-b9dc-db17ec06831b_4_19,A:7ddbf8a2-5b3e-44cd-b9dc-db17ec06831b_4_19,A,target,unreviewable,supported,,supported,correction,E0648,outputs/abd_eval300_evidence_audit_correction_validation_v1/extracted/corrected_blinded_reviews.jsonl,3ab37d3b323018ba063688790112639cb0053de4a0d1fb0407da2f012d35c991
E0649,6fd90f8d-7a4d-425d-a812-3268db0b0342_16_5,A:6fd90f8d-7a4d-425d-a812-3268db0b0342_16_5,A,target,unreviewable,unsupported,,unsupported,correction,E0649,outputs/abd_eval300_evidence_audit_correction_validation_v1/extracted/corrected_blinded_reviews.jsonl,3ab37d3b323018ba063688790112639cb0053de4a0d1fb0407da2f012d35c991
E0650,71fbc5bf-7e2a-415d-86bc-3a948742e904_17_10,D:71fbc5bf-7e2a-415d-86bc-3a948742e904_17_10,D,not_in_correction,supported,,,supported,original_abd,E0650,outputs/abd_eval300_evidence_audit_v1/scored_evidence_audit_blinded.jsonl,c44d08c95c22bc5f82fc5b97107d366b561ff0b617207e57a2899ec91a265c38
E0651,115774b6-534d-444f-b7aa-d1b834eb0ee7_3_6,B:115774b6-534d-444f-b7aa-d1b834eb0ee7_3_6,B,not_in_correction,partially_supported,,,partially_supported,original_abd,E0651,outputs/abd_eval300_evidence_audit_v1/scored_evidence_audit_blinded.jsonl,c44d08c95c22bc5f82fc5b97107d366b561ff0b617207e57a2899ec91a265c38
E0652,d3a0899e-2093-454c-9f65-30087883193a_17_20,D:d3a0899e-2093-454c-9f65-30087883193a_17_20,D,not_in_correction,unsupported,,,unsupported,original_abd,E0652,outputs/abd_eval300_evidence_audit_v1/scored_evidence_audit_blinded.jsonl,c44d08c95c22bc5f82fc5b97107d366b561ff0b617207e57a2899ec91a265c38
E0653,70f2a750-f403-41b8-aabb-480eb3ab4ed4_17_16,A:70f2a750-f403-41b8-aabb-480eb3ab4ed4_17_16,A,target,unreviewable,unsupported,,unsupported,correction,E0653,outputs/abd_eval300_evidence_audit_correction_validation_v1/extracted/corrected_blinded_reviews.jsonl,3ab37d3b323018ba063688790112639cb0053de4a0d1fb0407da2f012d35c991
E0654,7ddbf8a2-5b3e-44cd-b9dc-db17ec06831b_22_3,A:7ddbf8a2-5b3e-44cd-b9dc-db17ec06831b_22_3,A,target,unreviewable,supported,,supported,correction,E0654,outputs/abd_eval300_evidence_audit_correction_validation_v1/extracted/corrected_blinded_reviews.jsonl,3ab37d3b323018ba063688790112639cb0053de4a0d1fb0407da2f012d35c991
E0655,a6d45e95-8dc0-4932-83bf-ec53e265a16a_4_23,B:a6d45e95-8dc0-4932-83bf-ec53e265a16a_4_23,B,not_in_correction,partially_supported,,,partially_supported,original_abd,E0655,outputs/abd_eval300_evidence_audit_v1/scored_evidence_audit_blinded.jsonl,c44d08c95c22bc5f82fc5b97107d366b561ff0b617207e57a2899ec91a265c38
E0656,41a86310-2cc1-48f9-b5b5-6b495a95fbac_8_22,D:41a86310-2cc1-48f9-b5b5-6b495a95fbac_8_22,D,not_in_correction,supported,,,supported,original_abd,E0656,outputs/abd_eval300_evidence_audit_v1/scored_evidence_audit_blinded.jsonl,c44d08c95c22bc5f82fc5b97107d366b561ff0b617207e57a2899ec91a265c38
E0657,41a86310-2cc1-48f9-b5b5-6b495a95fbac_8_11,D:41a86310-2cc1-48f9-b5b5-6b495a95fbac_8_11,D,control,supported,partially_supported,unsupported,unsupported,sol_independent_review,S46B98F646748,outputs/abd_eval300_disagreement_independent_review_v1/blinded_reviewer_output/blinded_reviews.jsonl,75fdab627ddf165f75133f026d0a6e605e6b838bdcb58912e752a67a0783557f
E0658,819c8af7-851f-434f-ab32-318285bc54b1_17_26,D:819c8af7-851f-434f-ab32-318285bc54b1_17_26,D,not_in_correction,partially_supported,,,partially_supported,original_abd,E0658,outputs/abd_eval300_evidence_audit_v1/scored_evidence_audit_blinded.jsonl,c44d08c95c22bc5f82fc5b97107d366b561ff0b617207e57a2899ec91a265c38
E0659,115774b6-534d-444f-b7aa-d1b834eb0ee7_7_22,A:115774b6-534d-444f-b7aa-d1b834eb0ee7_7_22,A,target,unreviewable,unsupported,,unsupported,correction,E0659,outputs/abd_eval300_evidence_audit_correction_validation_v1/extracted/corrected_blinded_reviews.jsonl,3ab37d3b323018ba063688790112639cb0053de4a0d1fb0407da2f012d35c991
E0660,71fbc5bf-7e2a-415d-86bc-3a948742e904_4_6,D:71fbc5bf-7e2a-415d-86bc-3a948742e904_4_6,D,not_in_correction,partially_supported,,,partially_supported,original_abd,E0660,outputs/abd_eval300_evidence_audit_v1/scored_evidence_audit_blinded.jsonl,c44d08c95c22bc5f82fc5b97107d366b561ff0b617207e57a2899ec91a265c38
E0661,a6d45e95-8dc0-4932-83bf-ec53e265a16a_7_19,D:a6d45e95-8dc0-4932-83bf-ec53e265a16a_7_19,D,not_in_correction,partially_supported,,,partially_supported,original_abd,E0661,outputs/abd_eval300_evidence_audit_v1/scored_evidence_audit_blinded.jsonl,c44d08c95c22bc5f82fc5b97107d366b561ff0b617207e57a2899ec91a265c38
E0662,71fbc5bf-7e2a-415d-86bc-3a948742e904_5_15,A:71fbc5bf-7e2a-415d-86bc-3a948742e904_5_15,A,target,unreviewable,partially_supported,,partially_supported,correction,E0662,outputs/abd_eval300_evidence_audit_correction_validation_v1/extracted/corrected_blinded_reviews.jsonl,3ab37d3b323018ba063688790112639cb0053de4a0d1fb0407da2f012d35c991
E0663,a6d45e95-8dc0-4932-83bf-ec53e265a16a_17_21,D:a6d45e95-8dc0-4932-83bf-ec53e265a16a_17_21,D,not_in_correction,partially_supported,,,partially_supported,original_abd,E0663,outputs/abd_eval300_evidence_audit_v1/scored_evidence_audit_blinded.jsonl,c44d08c95c22bc5f82fc5b97107d366b561ff0b617207e57a2899ec91a265c38
E0664,6fd90f8d-7a4d-425d-a812-3268db0b0342_4_1,A:6fd90f8d-7a4d-425d-a812-3268db0b0342_4_1,A,target,unreviewable,supported,,supported,correction,E0664,outputs/abd_eval300_evidence_audit_correction_validation_v1/extracted/corrected_blinded_reviews.jsonl,3ab37d3b323018ba063688790112639cb0053de4a0d1fb0407da2f012d35c991
E0665,71fbc5bf-7e2a-415d-86bc-3a948742e904_17_13,D:71fbc5bf-7e2a-415d-86bc-3a948742e904_17_13,D,not_in_correction,partially_supported,,,partially_supported,original_abd,E0665,outputs/abd_eval300_evidence_audit_v1/scored_evidence_audit_blinded.jsonl,c44d08c95c22bc5f82fc5b97107d366b561ff0b617207e57a2899ec91a265c38
E0666,db3f7933-dfa0-4678-9d4f-393b628ded45_17_1,D:db3f7933-dfa0-4678-9d4f-393b628ded45_17_1,D,control,partially_supported,supported,supported,supported,sol_independent_review,S6C710544BC23,outputs/abd_eval300_disagreement_independent_review_v1/blinded_reviewer_output/blinded_reviews.jsonl,75fdab627ddf165f75133f026d0a6e605e6b838bdcb58912e752a67a0783557f
E0667,db3f7933-dfa0-4678-9d4f-393b628ded45_20_1,D:db3f7933-dfa0-4678-9d4f-393b628ded45_20_1,D,not_in_correction,partially_supported,,,partially_supported,original_abd,E0667,outputs/abd_eval300_evidence_audit_v1/scored_evidence_audit_blinded.jsonl,c44d08c95c22bc5f82fc5b97107d366b561ff0b617207e57a2899ec91a265c38
E0668,6fd90f8d-7a4d-425d-a812-3268db0b0342_21_11,B:6fd90f8d-7a4d-425d-a812-3268db0b0342_21_11,B,control,partially_supported,partially_supported,,partially_supported,correction,E0668,outputs/abd_eval300_evidence_audit_correction_validation_v1/extracted/corrected_blinded_reviews.jsonl,3ab37d3b323018ba063688790112639cb0053de4a0d1fb0407da2f012d35c991
E0669,db3f7933-dfa0-4678-9d4f-393b628ded45_6_7,D:db3f7933-dfa0-4678-9d4f-393b628ded45_6_7,D,not_in_correction,partially_supported,,,partially_supported,original_abd,E0669,outputs/abd_eval300_evidence_audit_v1/scored_evidence_audit_blinded.jsonl,c44d08c95c22bc5f82fc5b97107d366b561ff0b617207e57a2899ec91a265c38
E0670,41a86310-2cc1-48f9-b5b5-6b495a95fbac_11_34,B:41a86310-2cc1-48f9-b5b5-6b495a95fbac_11_34,B,not_in_correction,partially_supported,,,partially_supported,original_abd,E0670,outputs/abd_eval300_evidence_audit_v1/scored_evidence_audit_blinded.jsonl,c44d08c95c22bc5f82fc5b97107d366b561ff0b617207e57a2899ec91a265c38
E0671,115774b6-534d-444f-b7aa-d1b834eb0ee7_17_31,A:115774b6-534d-444f-b7aa-d1b834eb0ee7_17_31,A,target,unreviewable,unsupported,,unsupported,correction,E0671,outputs/abd_eval300_evidence_audit_correction_validation_v1/extracted/corrected_blinded_reviews.jsonl,3ab37d3b323018ba063688790112639cb0053de4a0d1fb0407da2f012d35c991
E0672,7ddbf8a2-5b3e-44cd-b9dc-db17ec06831b_5_1,D:7ddbf8a2-5b3e-44cd-b9dc-db17ec06831b_5_1,D,not_in_correction,partially_supported,,,partially_supported,original_abd,E0672,outputs/abd_eval300_evidence_audit_v1/scored_evidence_audit_blinded.jsonl,c44d08c95c22bc5f82fc5b97107d366b561ff0b617207e57a2899ec91a265c38
E0673,a6d45e95-8dc0-4932-83bf-ec53e265a16a_18_5,A:a6d45e95-8dc0-4932-83bf-ec53e265a16a_18_5,A,target,unreviewable,supported,,supported,correction,E0673,outputs/abd_eval300_evidence_audit_correction_validation_v1/extracted/corrected_blinded_reviews.jsonl,3ab37d3b323018ba063688790112639cb0053de4a0d1fb0407da2f012d35c991
E0674,6fd90f8d-7a4d-425d-a812-3268db0b0342_3_32,B:6fd90f8d-7a4d-425d-a812-3268db0b0342_3_32,B,not_in_correction,partially_supported,,,partially_supported,original_abd,E0674,outputs/abd_eval300_evidence_audit_v1/scored_evidence_audit_blinded.jsonl,c44d08c95c22bc5f82fc5b97107d366b561ff0b617207e57a2899ec91a265c38
E0675,41a86310-2cc1-48f9-b5b5-6b495a95fbac_11_4,D:41a86310-2cc1-48f9-b5b5-6b495a95fbac_11_4,D,not_in_correction,partially_supported,,,partially_supported,original_abd,E0675,outputs/abd_eval300_evidence_audit_v1/scored_evidence_audit_blinded.jsonl,c44d08c95c22bc5f82fc5b97107d366b561ff0b617207e57a2899ec91a265c38
E0676,7e512589-aa97-41e8-83d3-af2e83e4fd06_11_24,A:7e512589-aa97-41e8-83d3-af2e83e4fd06_11_24,A,target,unreviewable,unsupported,,unsupported,correction,E0676,outputs/abd_eval300_evidence_audit_correction_validation_v1/extracted/corrected_blinded_reviews.jsonl,3ab37d3b323018ba063688790112639cb0053de4a0d1fb0407da2f012d35c991
E0677,71fbc5bf-7e2a-415d-86bc-3a948742e904_17_13,A:71fbc5bf-7e2a-415d-86bc-3a948742e904_17_13,A,target,unreviewable,contradicted,,contradicted,correction,E0677,outputs/abd_eval300_evidence_audit_correction_validation_v1/extracted/corrected_blinded_reviews.jsonl,3ab37d3b323018ba063688790112639cb0053de4a0d1fb0407da2f012d35c991
E0678,71fbc5bf-7e2a-415d-86bc-3a948742e904_22_5,D:71fbc5bf-7e2a-415d-86bc-3a948742e904_22_5,D,not_in_correction,partially_supported,,,partially_supported,original_abd,E0678,outputs/abd_eval300_evidence_audit_v1/scored_evidence_audit_blinded.jsonl,c44d08c95c22bc5f82fc5b97107d366b561ff0b617207e57a2899ec91a265c38
E0679,4572b198-2c1c-4920-bcf0-95fcebe12261_17_10,D:4572b198-2c1c-4920-bcf0-95fcebe12261_17_10,D,not_in_correction,partially_supported,,,partially_supported,original_abd,E0679,outputs/abd_eval300_evidence_audit_v1/scored_evidence_audit_blinded.jsonl,c44d08c95c22bc5f82fc5b97107d366b561ff0b617207e57a2899ec91a265c38
E0680,71fbc5bf-7e2a-415d-86bc-3a948742e904_17_10,A:71fbc5bf-7e2a-415d-86bc-3a948742e904_17_10,A,target,unreviewable,partially_supported,,partially_supported,correction,E0680,outputs/abd_eval300_evidence_audit_correction_validation_v1/extracted/corrected_blinded_reviews.jsonl,3ab37d3b323018ba063688790112639cb0053de4a0d1fb0407da2f012d35c991
E0681,4572b198-2c1c-4920-bcf0-95fcebe12261_4_28,B:4572b198-2c1c-4920-bcf0-95fcebe12261_4_28,B,not_in_correction,partially_supported,,,partially_supported,original_abd,E0681,outputs/abd_eval300_evidence_audit_v1/scored_evidence_audit_blinded.jsonl,c44d08c95c22bc5f82fc5b97107d366b561ff0b617207e57a2899ec91a265c38
E0682,819c8af7-851f-434f-ab32-318285bc54b1_5_25,A:819c8af7-851f-434f-ab32-318285bc54b1_5_25,A,not_in_correction,supported,,,supported,original_abd,E0682,outputs/abd_eval300_evidence_audit_v1/scored_evidence_audit_blinded.jsonl,c44d08c95c22bc5f82fc5b97107d366b561ff0b617207e57a2899ec91a265c38
E0683,6fd90f8d-7a4d-425d-a812-3268db0b0342_17_36,B:6fd90f8d-7a4d-425d-a812-3268db0b0342_17_36,B,not_in_correction,supported,,,supported,original_abd,E0683,outputs/abd_eval300_evidence_audit_v1/scored_evidence_audit_blinded.jsonl,c44d08c95c22bc5f82fc5b97107d366b561ff0b617207e57a2899ec91a265c38
E0684,4572b198-2c1c-4920-bcf0-95fcebe12261_5_11,B:4572b198-2c1c-4920-bcf0-95fcebe12261_5_11,B,not_in_correction,supported,,,supported,original_abd,E0684,outputs/abd_eval300_evidence_audit_v1/scored_evidence_audit_blinded.jsonl,c44d08c95c22bc5f82fc5b97107d366b561ff0b617207e57a2899ec91a265c38
E0685,115774b6-534d-444f-b7aa-d1b834eb0ee7_3_6,D:115774b6-534d-444f-b7aa-d1b834eb0ee7_3_6,D,not_in_correction,partially_supported,,,partially_supported,original_abd,E0685,outputs/abd_eval300_evidence_audit_v1/scored_evidence_audit_blinded.jsonl,c44d08c95c22bc5f82fc5b97107d366b561ff0b617207e57a2899ec91a265c38
E0686,a6d45e95-8dc0-4932-83bf-ec53e265a16a_18_5,D:a6d45e95-8dc0-4932-83bf-ec53e265a16a_18_5,D,not_in_correction,supported,,,supported,original_abd,E0686,outputs/abd_eval300_evidence_audit_v1/scored_evidence_audit_blinded.jsonl,c44d08c95c22bc5f82fc5b97107d366b561ff0b617207e57a2899ec91a265c38
E0687,41a86310-2cc1-48f9-b5b5-6b495a95fbac_17_33,A:41a86310-2cc1-48f9-b5b5-6b495a95fbac_17_33,A,not_in_correction,supported,,,supported,original_abd,E0687,outputs/abd_eval300_evidence_audit_v1/scored_evidence_audit_blinded.jsonl,c44d08c95c22bc5f82fc5b97107d366b561ff0b617207e57a2899ec91a265c38
E0688,7e512589-aa97-41e8-83d3-af2e83e4fd06_7_20,B:7e512589-aa97-41e8-83d3-af2e83e4fd06_7_20,B,not_in_correction,supported,,,supported,original_abd,E0688,outputs/abd_eval300_evidence_audit_v1/scored_evidence_audit_blinded.jsonl,c44d08c95c22bc5f82fc5b97107d366b561ff0b617207e57a2899ec91a265c38
E0689,70f2a750-f403-41b8-aabb-480eb3ab4ed4_5_19,B:70f2a750-f403-41b8-aabb-480eb3ab4ed4_5_19,B,not_in_correction,supported,,,supported,original_abd,E0689,outputs/abd_eval300_evidence_audit_v1/scored_evidence_audit_blinded.jsonl,c44d08c95c22bc5f82fc5b97107d366b561ff0b617207e57a2899ec91a265c38
E0690,115774b6-534d-444f-b7aa-d1b834eb0ee7_2_2,A:115774b6-534d-444f-b7aa-d1b834eb0ee7_2_2,A,not_in_correction,partially_supported,,,partially_supported,original_abd,E0690,outputs/abd_eval300_evidence_audit_v1/scored_evidence_audit_blinded.jsonl,c44d08c95c22bc5f82fc5b97107d366b561ff0b617207e57a2899ec91a265c38
E0691,41a86310-2cc1-48f9-b5b5-6b495a95fbac_17_13,D:41a86310-2cc1-48f9-b5b5-6b495a95fbac_17_13,D,not_in_correction,supported,,,supported,original_abd,E0691,outputs/abd_eval300_evidence_audit_v1/scored_evidence_audit_blinded.jsonl,c44d08c95c22bc5f82fc5b97107d366b561ff0b617207e57a2899ec91a265c38
E0692,6fd90f8d-7a4d-425d-a812-3268db0b0342_17_25,A:6fd90f8d-7a4d-425d-a812-3268db0b0342_17_25,A,not_in_correction,unsupported,,,unsupported,original_abd,E0692,outputs/abd_eval300_evidence_audit_v1/scored_evidence_audit_blinded.jsonl,c44d08c95c22bc5f82fc5b97107d366b561ff0b617207e57a2899ec91a265c38
E0693,7ddbf8a2-5b3e-44cd-b9dc-db17ec06831b_7_21,D:7ddbf8a2-5b3e-44cd-b9dc-db17ec06831b_7_21,D,not_in_correction,supported,,,supported,original_abd,E0693,outputs/abd_eval300_evidence_audit_v1/scored_evidence_audit_blinded.jsonl,c44d08c95c22bc5f82fc5b97107d366b561ff0b617207e57a2899ec91a265c38
E0694,4572b198-2c1c-4920-bcf0-95fcebe12261_2_1,D:4572b198-2c1c-4920-bcf0-95fcebe12261_2_1,D,not_in_correction,unsupported,,,unsupported,original_abd,E0694,outputs/abd_eval300_evidence_audit_v1/scored_evidence_audit_blinded.jsonl,c44d08c95c22bc5f82fc5b97107d366b561ff0b617207e57a2899ec91a265c38
E0695,115774b6-534d-444f-b7aa-d1b834eb0ee7_3_23,A:115774b6-534d-444f-b7aa-d1b834eb0ee7_3_23,A,not_in_correction,partially_supported,,,partially_supported,original_abd,E0695,outputs/abd_eval300_evidence_audit_v1/scored_evidence_audit_blinded.jsonl,c44d08c95c22bc5f82fc5b97107d366b561ff0b617207e57a2899ec91a265c38
E0696,db3f7933-dfa0-4678-9d4f-393b628ded45_4_22,B:db3f7933-dfa0-4678-9d4f-393b628ded45_4_22,B,not_in_correction,supported,,,supported,original_abd,E0696,outputs/abd_eval300_evidence_audit_v1/scored_evidence_audit_blinded.jsonl,c44d08c95c22bc5f82fc5b97107d366b561ff0b617207e57a2899ec91a265c38
E0697,db3f7933-dfa0-4678-9d4f-393b628ded45_7_14,D:db3f7933-dfa0-4678-9d4f-393b628ded45_7_14,D,not_in_correction,supported,,,supported,original_abd,E0697,outputs/abd_eval300_evidence_audit_v1/scored_evidence_audit_blinded.jsonl,c44d08c95c22bc5f82fc5b97107d366b561ff0b617207e57a2899ec91a265c38
E0698,70f2a750-f403-41b8-aabb-480eb3ab4ed4_4_6,B:70f2a750-f403-41b8-aabb-480eb3ab4ed4_4_6,B,not_in_correction,supported,,,supported,original_abd,E0698,outputs/abd_eval300_evidence_audit_v1/scored_evidence_audit_blinded.jsonl,c44d08c95c22bc5f82fc5b97107d366b561ff0b617207e57a2899ec91a265c38
E0699,819c8af7-851f-434f-ab32-318285bc54b1_11_24,A:819c8af7-851f-434f-ab32-318285bc54b1_11_24,A,not_in_correction,supported,,,supported,original_abd,E0699,outputs/abd_eval300_evidence_audit_v1/scored_evidence_audit_blinded.jsonl,c44d08c95c22bc5f82fc5b97107d366b561ff0b617207e57a2899ec91a265c38
E0700,db3f7933-dfa0-4678-9d4f-393b628ded45_7_8,B:db3f7933-dfa0-4678-9d4f-393b628ded45_7_8,B,not_in_correction,supported,,,supported,original_abd,E0700,outputs/abd_eval300_evidence_audit_v1/scored_evidence_audit_blinded.jsonl,c44d08c95c22bc5f82fc5b97107d366b561ff0b617207e57a2899ec91a265c38
E0701,7e512589-aa97-41e8-83d3-af2e83e4fd06_17_34,B:7e512589-aa97-41e8-83d3-af2e83e4fd06_17_34,B,not_in_correction,supported,,,supported,original_abd,E0701,outputs/abd_eval300_evidence_audit_v1/scored_evidence_audit_blinded.jsonl,c44d08c95c22bc5f82fc5b97107d366b561ff0b617207e57a2899ec91a265c38
E0702,db3f7933-dfa0-4678-9d4f-393b628ded45_22_24,B:db3f7933-dfa0-4678-9d4f-393b628ded45_22_24,B,not_in_correction,supported,,,supported,original_abd,E0702,outputs/abd_eval300_evidence_audit_v1/scored_evidence_audit_blinded.jsonl,c44d08c95c22bc5f82fc5b97107d366b561ff0b617207e57a2899ec91a265c38
E0703,71fbc5bf-7e2a-415d-86bc-3a948742e904_22_4,A:71fbc5bf-7e2a-415d-86bc-3a948742e904_22_4,A,not_in_correction,supported,,,supported,original_abd,E0703,outputs/abd_eval300_evidence_audit_v1/scored_evidence_audit_blinded.jsonl,c44d08c95c22bc5f82fc5b97107d366b561ff0b617207e57a2899ec91a265c38
E0704,d3a0899e-2093-454c-9f65-30087883193a_8_3,A:d3a0899e-2093-454c-9f65-30087883193a_8_3,A,not_in_correction,partially_supported,,,partially_supported,original_abd,E0704,outputs/abd_eval300_evidence_audit_v1/scored_evidence_audit_blinded.jsonl,c44d08c95c22bc5f82fc5b97107d366b561ff0b617207e57a2899ec91a265c38
E0705,6fd90f8d-7a4d-425d-a812-3268db0b0342_4_1,D:6fd90f8d-7a4d-425d-a812-3268db0b0342_4_1,D,control,unsupported,supported,supported,supported,sol_independent_review,S5C60CD4540A6,outputs/abd_eval300_disagreement_independent_review_v1/blinded_reviewer_output/blinded_reviews.jsonl,75fdab627ddf165f75133f026d0a6e605e6b838bdcb58912e752a67a0783557f
E0706,7e512589-aa97-41e8-83d3-af2e83e4fd06_17_16,B:7e512589-aa97-41e8-83d3-af2e83e4fd06_17_16,B,not_in_correction,supported,,,supported,original_abd,E0706,outputs/abd_eval300_evidence_audit_v1/scored_evidence_audit_blinded.jsonl,c44d08c95c22bc5f82fc5b97107d366b561ff0b617207e57a2899ec91a265c38
E0707,6fd90f8d-7a4d-425d-a812-3268db0b0342_17_25,D:6fd90f8d-7a4d-425d-a812-3268db0b0342_17_25,D,not_in_correction,contradicted,,,contradicted,original_abd,E0707,outputs/abd_eval300_evidence_audit_v1/scored_evidence_audit_blinded.jsonl,c44d08c95c22bc5f82fc5b97107d366b561ff0b617207e57a2899ec91a265c38
E0708,70f2a750-f403-41b8-aabb-480eb3ab4ed4_7_29,A:70f2a750-f403-41b8-aabb-480eb3ab4ed4_7_29,A,not_in_correction,partially_supported,,,partially_supported,original_abd,E0708,outputs/abd_eval300_evidence_audit_v1/scored_evidence_audit_blinded.jsonl,c44d08c95c22bc5f82fc5b97107d366b561ff0b617207e57a2899ec91a265c38
E0709,4572b198-2c1c-4920-bcf0-95fcebe12261_3_21,B:4572b198-2c1c-4920-bcf0-95fcebe12261_3_21,B,not_in_correction,partially_supported,,,partially_supported,original_abd,E0709,outputs/abd_eval300_evidence_audit_v1/scored_evidence_audit_blinded.jsonl,c44d08c95c22bc5f82fc5b97107d366b561ff0b617207e57a2899ec91a265c38
E0710,db3f7933-dfa0-4678-9d4f-393b628ded45_7_10,A:db3f7933-dfa0-4678-9d4f-393b628ded45_7_10,A,not_in_correction,partially_supported,,,partially_supported,original_abd,E0710,outputs/abd_eval300_evidence_audit_v1/scored_evidence_audit_blinded.jsonl,c44d08c95c22bc5f82fc5b97107d366b561ff0b617207e57a2899ec91a265c38
E0711,7e512589-aa97-41e8-83d3-af2e83e4fd06_4_3,D:7e512589-aa97-41e8-83d3-af2e83e4fd06_4_3,D,not_in_correction,supported,,,supported,original_abd,E0711,outputs/abd_eval300_evidence_audit_v1/scored_evidence_audit_blinded.jsonl,c44d08c95c22bc5f82fc5b97107d366b561ff0b617207e57a2899ec91a265c38
E0712,41a86310-2cc1-48f9-b5b5-6b495a95fbac_6_14,A:41a86310-2cc1-48f9-b5b5-6b495a95fbac_6_14,A,not_in_correction,partially_supported,,,partially_supported,original_abd,E0712,outputs/abd_eval300_evidence_audit_v1/scored_evidence_audit_blinded.jsonl,c44d08c95c22bc5f82fc5b97107d366b561ff0b617207e57a2899ec91a265c38
E0713,41a86310-2cc1-48f9-b5b5-6b495a95fbac_6_24,B:41a86310-2cc1-48f9-b5b5-6b495a95fbac_6_24,B,not_in_correction,supported,,,supported,original_abd,E0713,outputs/abd_eval300_evidence_audit_v1/scored_evidence_audit_blinded.jsonl,c44d08c95c22bc5f82fc5b97107d366b561ff0b617207e57a2899ec91a265c38
E0714,41a86310-2cc1-48f9-b5b5-6b495a95fbac_17_23,B:41a86310-2cc1-48f9-b5b5-6b495a95fbac_17_23,B,not_in_correction,partially_supported,,,partially_supported,original_abd,E0714,outputs/abd_eval300_evidence_audit_v1/scored_evidence_audit_blinded.jsonl,c44d08c95c22bc5f82fc5b97107d366b561ff0b617207e57a2899ec91a265c38
E0715,d3a0899e-2093-454c-9f65-30087883193a_17_35,A:d3a0899e-2093-454c-9f65-30087883193a_17_35,A,not_in_correction,supported,,,supported,original_abd,E0715,outputs/abd_eval300_evidence_audit_v1/scored_evidence_audit_blinded.jsonl,c44d08c95c22bc5f82fc5b97107d366b561ff0b617207e57a2899ec91a265c38
E0716,db3f7933-dfa0-4678-9d4f-393b628ded45_7_19,B:db3f7933-dfa0-4678-9d4f-393b628ded45_7_19,B,not_in_correction,supported,,,supported,original_abd,E0716,outputs/abd_eval300_evidence_audit_v1/scored_evidence_audit_blinded.jsonl,c44d08c95c22bc5f82fc5b97107d366b561ff0b617207e57a2899ec91a265c38
E0717,7e512589-aa97-41e8-83d3-af2e83e4fd06_23_28,B:7e512589-aa97-41e8-83d3-af2e83e4fd06_23_28,B,not_in_correction,partially_supported,,,partially_supported,original_abd,E0717,outputs/abd_eval300_evidence_audit_v1/scored_evidence_audit_blinded.jsonl,c44d08c95c22bc5f82fc5b97107d366b561ff0b617207e57a2899ec91a265c38
E0718,a6d45e95-8dc0-4932-83bf-ec53e265a16a_17_12,A:a6d45e95-8dc0-4932-83bf-ec53e265a16a_17_12,A,not_in_correction,unsupported,,,unsupported,original_abd,E0718,outputs/abd_eval300_evidence_audit_v1/scored_evidence_audit_blinded.jsonl,c44d08c95c22bc5f82fc5b97107d366b561ff0b617207e57a2899ec91a265c38
E0719,db3f7933-dfa0-4678-9d4f-393b628ded45_7_21,B:db3f7933-dfa0-4678-9d4f-393b628ded45_7_21,B,not_in_correction,supported,,,supported,original_abd,E0719,outputs/abd_eval300_evidence_audit_v1/scored_evidence_audit_blinded.jsonl,c44d08c95c22bc5f82fc5b97107d366b561ff0b617207e57a2899ec91a265c38
E0720,71fbc5bf-7e2a-415d-86bc-3a948742e904_7_3,A:71fbc5bf-7e2a-415d-86bc-3a948742e904_7_3,A,not_in_correction,unsupported,,,unsupported,original_abd,E0720,outputs/abd_eval300_evidence_audit_v1/scored_evidence_audit_blinded.jsonl,c44d08c95c22bc5f82fc5b97107d366b561ff0b617207e57a2899ec91a265c38
E0721,7ddbf8a2-5b3e-44cd-b9dc-db17ec06831b_7_5,A:7ddbf8a2-5b3e-44cd-b9dc-db17ec06831b_7_5,A,not_in_correction,partially_supported,,,partially_supported,original_abd,E0721,outputs/abd_eval300_evidence_audit_v1/scored_evidence_audit_blinded.jsonl,c44d08c95c22bc5f82fc5b97107d366b561ff0b617207e57a2899ec91a265c38
E0722,7ddbf8a2-5b3e-44cd-b9dc-db17ec06831b_8_18,A:7ddbf8a2-5b3e-44cd-b9dc-db17ec06831b_8_18,A,not_in_correction,partially_supported,,,partially_supported,original_abd,E0722,outputs/abd_eval300_evidence_audit_v1/scored_evidence_audit_blinded.jsonl,c44d08c95c22bc5f82fc5b97107d366b561ff0b617207e57a2899ec91a265c38
E0723,6fd90f8d-7a4d-425d-a812-3268db0b0342_6_8,B:6fd90f8d-7a4d-425d-a812-3268db0b0342_6_8,B,not_in_correction,partially_supported,,,partially_supported,original_abd,E0723,outputs/abd_eval300_evidence_audit_v1/scored_evidence_audit_blinded.jsonl,c44d08c95c22bc5f82fc5b97107d366b561ff0b617207e57a2899ec91a265c38
E0724,71fbc5bf-7e2a-415d-86bc-3a948742e904_8_1,A:71fbc5bf-7e2a-415d-86bc-3a948742e904_8_1,A,not_in_correction,supported,,,supported,original_abd,E0724,outputs/abd_eval300_evidence_audit_v1/scored_evidence_audit_blinded.jsonl,c44d08c95c22bc5f82fc5b97107d366b561ff0b617207e57a2899ec91a265c38
E0725,a6d45e95-8dc0-4932-83bf-ec53e265a16a_8_1,D:a6d45e95-8dc0-4932-83bf-ec53e265a16a_8_1,D,not_in_correction,partially_supported,,,partially_supported,original_abd,E0725,outputs/abd_eval300_evidence_audit_v1/scored_evidence_audit_blinded.jsonl,c44d08c95c22bc5f82fc5b97107d366b561ff0b617207e57a2899ec91a265c38
E0726,db3f7933-dfa0-4678-9d4f-393b628ded45_6_25,B:db3f7933-dfa0-4678-9d4f-393b628ded45_6_25,B,not_in_correction,partially_supported,,,partially_supported,original_abd,E0726,outputs/abd_eval300_evidence_audit_v1/scored_evidence_audit_blinded.jsonl,c44d08c95c22bc5f82fc5b97107d366b561ff0b617207e57a2899ec91a265c38
E0727,71fbc5bf-7e2a-415d-86bc-3a948742e904_7_17,B:71fbc5bf-7e2a-415d-86bc-3a948742e904_7_17,B,not_in_correction,supported,,,supported,original_abd,E0727,outputs/abd_eval300_evidence_audit_v1/scored_evidence_audit_blinded.jsonl,c44d08c95c22bc5f82fc5b97107d366b561ff0b617207e57a2899ec91a265c38
E0728,115774b6-534d-444f-b7aa-d1b834eb0ee7_1_3,A:115774b6-534d-444f-b7aa-d1b834eb0ee7_1_3,A,not_in_correction,partially_supported,,,partially_supported,original_abd,E0728,outputs/abd_eval300_evidence_audit_v1/scored_evidence_audit_blinded.jsonl,c44d08c95c22bc5f82fc5b97107d366b561ff0b617207e57a2899ec91a265c38
E0729,4572b198-2c1c-4920-bcf0-95fcebe12261_17_26,A:4572b198-2c1c-4920-bcf0-95fcebe12261_17_26,A,not_in_correction,partially_supported,,,partially_supported,original_abd,E0729,outputs/abd_eval300_evidence_audit_v1/scored_evidence_audit_blinded.jsonl,c44d08c95c22bc5f82fc5b97107d366b561ff0b617207e57a2899ec91a265c38
E0730,d3a0899e-2093-454c-9f65-30087883193a_8_16,B:d3a0899e-2093-454c-9f65-30087883193a_8_16,B,not_in_correction,partially_supported,,,partially_supported,original_abd,E0730,outputs/abd_eval300_evidence_audit_v1/scored_evidence_audit_blinded.jsonl,c44d08c95c22bc5f82fc5b97107d366b561ff0b617207e57a2899ec91a265c38
E0731,819c8af7-851f-434f-ab32-318285bc54b1_17_20,D:819c8af7-851f-434f-ab32-318285bc54b1_17_20,D,not_in_correction,partially_supported,,,partially_supported,original_abd,E0731,outputs/abd_eval300_evidence_audit_v1/scored_evidence_audit_blinded.jsonl,c44d08c95c22bc5f82fc5b97107d366b561ff0b617207e57a2899ec91a265c38
E0732,6fd90f8d-7a4d-425d-a812-3268db0b0342_3_32,A:6fd90f8d-7a4d-425d-a812-3268db0b0342_3_32,A,not_in_correction,unsupported,,,unsupported,original_abd,E0732,outputs/abd_eval300_evidence_audit_v1/scored_evidence_audit_blinded.jsonl,c44d08c95c22bc5f82fc5b97107d366b561ff0b617207e57a2899ec91a265c38
E0733,41a86310-2cc1-48f9-b5b5-6b495a95fbac_17_21,A:41a86310-2cc1-48f9-b5b5-6b495a95fbac_17_21,A,not_in_correction,supported,,,supported,original_abd,E0733,outputs/abd_eval300_evidence_audit_v1/scored_evidence_audit_blinded.jsonl,c44d08c95c22bc5f82fc5b97107d366b561ff0b617207e57a2899ec91a265c38
E0734,4572b198-2c1c-4920-bcf0-95fcebe12261_17_25,B:4572b198-2c1c-4920-bcf0-95fcebe12261_17_25,B,not_in_correction,supported,,,supported,original_abd,E0734,outputs/abd_eval300_evidence_audit_v1/scored_evidence_audit_blinded.jsonl,c44d08c95c22bc5f82fc5b97107d366b561ff0b617207e57a2899ec91a265c38
E0735,4572b198-2c1c-4920-bcf0-95fcebe12261_2_1,A:4572b198-2c1c-4920-bcf0-95fcebe12261_2_1,A,not_in_correction,unsupported,,,unsupported,original_abd,E0735,outputs/abd_eval300_evidence_audit_v1/scored_evidence_audit_blinded.jsonl,c44d08c95c22bc5f82fc5b97107d366b561ff0b617207e57a2899ec91a265c38
E0736,70f2a750-f403-41b8-aabb-480eb3ab4ed4_17_30,A:70f2a750-f403-41b8-aabb-480eb3ab4ed4_17_30,A,not_in_correction,unsupported,,,unsupported,original_abd,E0736,outputs/abd_eval300_evidence_audit_v1/scored_evidence_audit_blinded.jsonl,c44d08c95c22bc5f82fc5b97107d366b561ff0b617207e57a2899ec91a265c38
E0737,7e512589-aa97-41e8-83d3-af2e83e4fd06_22_8,B:7e512589-aa97-41e8-83d3-af2e83e4fd06_22_8,B,not_in_correction,partially_supported,,,partially_supported,original_abd,E0737,outputs/abd_eval300_evidence_audit_v1/scored_evidence_audit_blinded.jsonl,c44d08c95c22bc5f82fc5b97107d366b561ff0b617207e57a2899ec91a265c38
E0738,115774b6-534d-444f-b7aa-d1b834eb0ee7_4_25,A:115774b6-534d-444f-b7aa-d1b834eb0ee7_4_25,A,control,partially_supported,partially_supported,,partially_supported,correction,E0738,outputs/abd_eval300_evidence_audit_correction_validation_v1/extracted/corrected_blinded_reviews.jsonl,3ab37d3b323018ba063688790112639cb0053de4a0d1fb0407da2f012d35c991
E0739,819c8af7-851f-434f-ab32-318285bc54b1_8_1,D:819c8af7-851f-434f-ab32-318285bc54b1_8_1,D,not_in_correction,contradicted,,,contradicted,original_abd,E0739,outputs/abd_eval300_evidence_audit_v1/scored_evidence_audit_blinded.jsonl,c44d08c95c22bc5f82fc5b97107d366b561ff0b617207e57a2899ec91a265c38
E0740,819c8af7-851f-434f-ab32-318285bc54b1_4_10,A:819c8af7-851f-434f-ab32-318285bc54b1_4_10,A,not_in_correction,supported,,,supported,original_abd,E0740,outputs/abd_eval300_evidence_audit_v1/scored_evidence_audit_blinded.jsonl,c44d08c95c22bc5f82fc5b97107d366b561ff0b617207e57a2899ec91a265c38
E0741,41a86310-2cc1-48f9-b5b5-6b495a95fbac_11_19,D:41a86310-2cc1-48f9-b5b5-6b495a95fbac_11_19,D,not_in_correction,partially_supported,,,partially_supported,original_abd,E0741,outputs/abd_eval300_evidence_audit_v1/scored_evidence_audit_blinded.jsonl,c44d08c95c22bc5f82fc5b97107d366b561ff0b617207e57a2899ec91a265c38
E0742,819c8af7-851f-434f-ab32-318285bc54b1_4_30,D:819c8af7-851f-434f-ab32-318285bc54b1_4_30,D,not_in_correction,partially_supported,,,partially_supported,original_abd,E0742,outputs/abd_eval300_evidence_audit_v1/scored_evidence_audit_blinded.jsonl,c44d08c95c22bc5f82fc5b97107d366b561ff0b617207e57a2899ec91a265c38
E0743,db3f7933-dfa0-4678-9d4f-393b628ded45_17_13,A:db3f7933-dfa0-4678-9d4f-393b628ded45_17_13,A,control,supported,supported,,supported,correction,E0743,outputs/abd_eval300_evidence_audit_correction_validation_v1/extracted/corrected_blinded_reviews.jsonl,3ab37d3b323018ba063688790112639cb0053de4a0d1fb0407da2f012d35c991
E0744,41a86310-2cc1-48f9-b5b5-6b495a95fbac_6_27,B:41a86310-2cc1-48f9-b5b5-6b495a95fbac_6_27,B,not_in_correction,partially_supported,,,partially_supported,original_abd,E0744,outputs/abd_eval300_evidence_audit_v1/scored_evidence_audit_blinded.jsonl,c44d08c95c22bc5f82fc5b97107d366b561ff0b617207e57a2899ec91a265c38
E0745,4572b198-2c1c-4920-bcf0-95fcebe12261_17_15,A:4572b198-2c1c-4920-bcf0-95fcebe12261_17_15,A,not_in_correction,unsupported,,,unsupported,original_abd,E0745,outputs/abd_eval300_evidence_audit_v1/scored_evidence_audit_blinded.jsonl,c44d08c95c22bc5f82fc5b97107d366b561ff0b617207e57a2899ec91a265c38
E0746,4572b198-2c1c-4920-bcf0-95fcebe12261_7_5,D:4572b198-2c1c-4920-bcf0-95fcebe12261_7_5,D,not_in_correction,unsupported,,,unsupported,original_abd,E0746,outputs/abd_eval300_evidence_audit_v1/scored_evidence_audit_blinded.jsonl,c44d08c95c22bc5f82fc5b97107d366b561ff0b617207e57a2899ec91a265c38
E0747,115774b6-534d-444f-b7aa-d1b834eb0ee7_8_8,B:115774b6-534d-444f-b7aa-d1b834eb0ee7_8_8,B,not_in_correction,partially_supported,,,partially_supported,original_abd,E0747,outputs/abd_eval300_evidence_audit_v1/scored_evidence_audit_blinded.jsonl,c44d08c95c22bc5f82fc5b97107d366b561ff0b617207e57a2899ec91a265c38
E0748,41a86310-2cc1-48f9-b5b5-6b495a95fbac_17_10,A:41a86310-2cc1-48f9-b5b5-6b495a95fbac_17_10,A,not_in_correction,supported,,,supported,original_abd,E0748,outputs/abd_eval300_evidence_audit_v1/scored_evidence_audit_blinded.jsonl,c44d08c95c22bc5f82fc5b97107d366b561ff0b617207e57a2899ec91a265c38
E0749,819c8af7-851f-434f-ab32-318285bc54b1_4_10,D:819c8af7-851f-434f-ab32-318285bc54b1_4_10,D,not_in_correction,supported,,,supported,original_abd,E0749,outputs/abd_eval300_evidence_audit_v1/scored_evidence_audit_blinded.jsonl,c44d08c95c22bc5f82fc5b97107d366b561ff0b617207e57a2899ec91a265c38
E0750,7e512589-aa97-41e8-83d3-af2e83e4fd06_6_15,D:7e512589-aa97-41e8-83d3-af2e83e4fd06_6_15,D,control,contradicted,contradicted,,contradicted,correction,E0750,outputs/abd_eval300_evidence_audit_correction_validation_v1/extracted/corrected_blinded_reviews.jsonl,3ab37d3b323018ba063688790112639cb0053de4a0d1fb0407da2f012d35c991
E0751,41a86310-2cc1-48f9-b5b5-6b495a95fbac_6_14,D:41a86310-2cc1-48f9-b5b5-6b495a95fbac_6_14,D,not_in_correction,partially_supported,,,partially_supported,original_abd,E0751,outputs/abd_eval300_evidence_audit_v1/scored_evidence_audit_blinded.jsonl,c44d08c95c22bc5f82fc5b97107d366b561ff0b617207e57a2899ec91a265c38
E0752,6fd90f8d-7a4d-425d-a812-3268db0b0342_3_32,D:6fd90f8d-7a4d-425d-a812-3268db0b0342_3_32,D,not_in_correction,unsupported,,,unsupported,original_abd,E0752,outputs/abd_eval300_evidence_audit_v1/scored_evidence_audit_blinded.jsonl,c44d08c95c22bc5f82fc5b97107d366b561ff0b617207e57a2899ec91a265c38
E0753,115774b6-534d-444f-b7aa-d1b834eb0ee7_17_31,B:115774b6-534d-444f-b7aa-d1b834eb0ee7_17_31,B,not_in_correction,unsupported,,,unsupported,original_abd,E0753,outputs/abd_eval300_evidence_audit_v1/scored_evidence_audit_blinded.jsonl,c44d08c95c22bc5f82fc5b97107d366b561ff0b617207e57a2899ec91a265c38
E0754,d3a0899e-2093-454c-9f65-30087883193a_7_9,B:d3a0899e-2093-454c-9f65-30087883193a_7_9,B,not_in_correction,supported,,,supported,original_abd,E0754,outputs/abd_eval300_evidence_audit_v1/scored_evidence_audit_blinded.jsonl,c44d08c95c22bc5f82fc5b97107d366b561ff0b617207e57a2899ec91a265c38
E0755,115774b6-534d-444f-b7aa-d1b834eb0ee7_5_5,D:115774b6-534d-444f-b7aa-d1b834eb0ee7_5_5,D,not_in_correction,partially_supported,,,partially_supported,original_abd,E0755,outputs/abd_eval300_evidence_audit_v1/scored_evidence_audit_blinded.jsonl,c44d08c95c22bc5f82fc5b97107d366b561ff0b617207e57a2899ec91a265c38
E0756,7ddbf8a2-5b3e-44cd-b9dc-db17ec06831b_4_2,D:7ddbf8a2-5b3e-44cd-b9dc-db17ec06831b_4_2,D,control,partially_supported,supported,unsupported,unsupported,sol_independent_review,SE654B2CFE8B7,outputs/abd_eval300_disagreement_independent_review_v1/blinded_reviewer_output/blinded_reviews.jsonl,75fdab627ddf165f75133f026d0a6e605e6b838bdcb58912e752a67a0783557f
E0757,7ddbf8a2-5b3e-44cd-b9dc-db17ec06831b_6_8,B:7ddbf8a2-5b3e-44cd-b9dc-db17ec06831b_6_8,B,not_in_correction,unsupported,,,unsupported,original_abd,E0757,outputs/abd_eval300_evidence_audit_v1/scored_evidence_audit_blinded.jsonl,c44d08c95c22bc5f82fc5b97107d366b561ff0b617207e57a2899ec91a265c38
E0758,70f2a750-f403-41b8-aabb-480eb3ab4ed4_8_2,B:70f2a750-f403-41b8-aabb-480eb3ab4ed4_8_2,B,not_in_correction,partially_supported,,,partially_supported,original_abd,E0758,outputs/abd_eval300_evidence_audit_v1/scored_evidence_audit_blinded.jsonl,c44d08c95c22bc5f82fc5b97107d366b561ff0b617207e57a2899ec91a265c38
E0759,819c8af7-851f-434f-ab32-318285bc54b1_17_22,B:819c8af7-851f-434f-ab32-318285bc54b1_17_22,B,not_in_correction,partially_supported,,,partially_supported,original_abd,E0759,outputs/abd_eval300_evidence_audit_v1/scored_evidence_audit_blinded.jsonl,c44d08c95c22bc5f82fc5b97107d366b561ff0b617207e57a2899ec91a265c38
E0760,a6d45e95-8dc0-4932-83bf-ec53e265a16a_4_9,B:a6d45e95-8dc0-4932-83bf-ec53e265a16a_4_9,B,not_in_correction,partially_supported,,,partially_supported,original_abd,E0760,outputs/abd_eval300_evidence_audit_v1/scored_evidence_audit_blinded.jsonl,c44d08c95c22bc5f82fc5b97107d366b561ff0b617207e57a2899ec91a265c38
E0761,7ddbf8a2-5b3e-44cd-b9dc-db17ec06831b_7_4,A:7ddbf8a2-5b3e-44cd-b9dc-db17ec06831b_7_4,A,not_in_correction,unsupported,,,unsupported,original_abd,E0761,outputs/abd_eval300_evidence_audit_v1/scored_evidence_audit_blinded.jsonl,c44d08c95c22bc5f82fc5b97107d366b561ff0b617207e57a2899ec91a265c38
E0762,41a86310-2cc1-48f9-b5b5-6b495a95fbac_7_39,A:41a86310-2cc1-48f9-b5b5-6b495a95fbac_7_39,A,control,unsupported,unsupported,,unsupported,correction,E0762,outputs/abd_eval300_evidence_audit_correction_validation_v1/extracted/corrected_blinded_reviews.jsonl,3ab37d3b323018ba063688790112639cb0053de4a0d1fb0407da2f012d35c991
E0763,70f2a750-f403-41b8-aabb-480eb3ab4ed4_11_7,A:70f2a750-f403-41b8-aabb-480eb3ab4ed4_11_7,A,not_in_correction,unsupported,,,unsupported,original_abd,E0763,outputs/abd_eval300_evidence_audit_v1/scored_evidence_audit_blinded.jsonl,c44d08c95c22bc5f82fc5b97107d366b561ff0b617207e57a2899ec91a265c38
E0764,70f2a750-f403-41b8-aabb-480eb3ab4ed4_11_23,D:70f2a750-f403-41b8-aabb-480eb3ab4ed4_11_23,D,not_in_correction,contradicted,,,contradicted,original_abd,E0764,outputs/abd_eval300_evidence_audit_v1/scored_evidence_audit_blinded.jsonl,c44d08c95c22bc5f82fc5b97107d366b561ff0b617207e57a2899ec91a265c38
E0765,4572b198-2c1c-4920-bcf0-95fcebe12261_15_1,B:4572b198-2c1c-4920-bcf0-95fcebe12261_15_1,B,not_in_correction,unsupported,,,unsupported,original_abd,E0765,outputs/abd_eval300_evidence_audit_v1/scored_evidence_audit_blinded.jsonl,c44d08c95c22bc5f82fc5b97107d366b561ff0b617207e57a2899ec91a265c38
E0766,41a86310-2cc1-48f9-b5b5-6b495a95fbac_8_11,A:41a86310-2cc1-48f9-b5b5-6b495a95fbac_8_11,A,not_in_correction,contradicted,,,contradicted,original_abd,E0766,outputs/abd_eval300_evidence_audit_v1/scored_evidence_audit_blinded.jsonl,c44d08c95c22bc5f82fc5b97107d366b561ff0b617207e57a2899ec91a265c38
E0767,819c8af7-851f-434f-ab32-318285bc54b1_4_23,B:819c8af7-851f-434f-ab32-318285bc54b1_4_23,B,not_in_correction,unsupported,,,unsupported,original_abd,E0767,outputs/abd_eval300_evidence_audit_v1/scored_evidence_audit_blinded.jsonl,c44d08c95c22bc5f82fc5b97107d366b561ff0b617207e57a2899ec91a265c38
E0768,819c8af7-851f-434f-ab32-318285bc54b1_7_21,B:819c8af7-851f-434f-ab32-318285bc54b1_7_21,B,not_in_correction,unsupported,,,unsupported,original_abd,E0768,outputs/abd_eval300_evidence_audit_v1/scored_evidence_audit_blinded.jsonl,c44d08c95c22bc5f82fc5b97107d366b561ff0b617207e57a2899ec91a265c38
E0769,d3a0899e-2093-454c-9f65-30087883193a_22_14,B:d3a0899e-2093-454c-9f65-30087883193a_22_14,B,not_in_correction,supported,,,supported,original_abd,E0769,outputs/abd_eval300_evidence_audit_v1/scored_evidence_audit_blinded.jsonl,c44d08c95c22bc5f82fc5b97107d366b561ff0b617207e57a2899ec91a265c38
E0770,a6d45e95-8dc0-4932-83bf-ec53e265a16a_11_15,D:a6d45e95-8dc0-4932-83bf-ec53e265a16a_11_15,D,not_in_correction,supported,,,supported,original_abd,E0770,outputs/abd_eval300_evidence_audit_v1/scored_evidence_audit_blinded.jsonl,c44d08c95c22bc5f82fc5b97107d366b561ff0b617207e57a2899ec91a265c38
E0771,115774b6-534d-444f-b7aa-d1b834eb0ee7_17_14,B:115774b6-534d-444f-b7aa-d1b834eb0ee7_17_14,B,not_in_correction,unsupported,,,unsupported,original_abd,E0771,outputs/abd_eval300_evidence_audit_v1/scored_evidence_audit_blinded.jsonl,c44d08c95c22bc5f82fc5b97107d366b561ff0b617207e57a2899ec91a265c38
E0772,7e512589-aa97-41e8-83d3-af2e83e4fd06_7_22,D:7e512589-aa97-41e8-83d3-af2e83e4fd06_7_22,D,not_in_correction,partially_supported,,,partially_supported,original_abd,E0772,outputs/abd_eval300_evidence_audit_v1/scored_evidence_audit_blinded.jsonl,c44d08c95c22bc5f82fc5b97107d366b561ff0b617207e57a2899ec91a265c38
E0773,70f2a750-f403-41b8-aabb-480eb3ab4ed4_7_28,A:70f2a750-f403-41b8-aabb-480eb3ab4ed4_7_28,A,not_in_correction,unsupported,,,unsupported,original_abd,E0773,outputs/abd_eval300_evidence_audit_v1/scored_evidence_audit_blinded.jsonl,c44d08c95c22bc5f82fc5b97107d366b561ff0b617207e57a2899ec91a265c38
E0774,71fbc5bf-7e2a-415d-86bc-3a948742e904_22_23,D:71fbc5bf-7e2a-415d-86bc-3a948742e904_22_23,D,not_in_correction,supported,,,supported,original_abd,E0774,outputs/abd_eval300_evidence_audit_v1/scored_evidence_audit_blinded.jsonl,c44d08c95c22bc5f82fc5b97107d366b561ff0b617207e57a2899ec91a265c38
E0775,7e512589-aa97-41e8-83d3-af2e83e4fd06_7_4,D:7e512589-aa97-41e8-83d3-af2e83e4fd06_7_4,D,control,partially_supported,partially_supported,,partially_supported,correction,E0775,outputs/abd_eval300_evidence_audit_correction_validation_v1/extracted/corrected_blinded_reviews.jsonl,3ab37d3b323018ba063688790112639cb0053de4a0d1fb0407da2f012d35c991
E0776,41a86310-2cc1-48f9-b5b5-6b495a95fbac_8_22,B:41a86310-2cc1-48f9-b5b5-6b495a95fbac_8_22,B,not_in_correction,unsupported,,,unsupported,original_abd,E0776,outputs/abd_eval300_evidence_audit_v1/scored_evidence_audit_blinded.jsonl,c44d08c95c22bc5f82fc5b97107d366b561ff0b617207e57a2899ec91a265c38
E0777,41a86310-2cc1-48f9-b5b5-6b495a95fbac_11_1,D:41a86310-2cc1-48f9-b5b5-6b495a95fbac_11_1,D,control,partially_supported,partially_supported,,partially_supported,correction,E0777,outputs/abd_eval300_evidence_audit_correction_validation_v1/extracted/corrected_blinded_reviews.jsonl,3ab37d3b323018ba063688790112639cb0053de4a0d1fb0407da2f012d35c991
E0778,41a86310-2cc1-48f9-b5b5-6b495a95fbac_4_25,A:41a86310-2cc1-48f9-b5b5-6b495a95fbac_4_25,A,not_in_correction,partially_supported,,,partially_supported,original_abd,E0778,outputs/abd_eval300_evidence_audit_v1/scored_evidence_audit_blinded.jsonl,c44d08c95c22bc5f82fc5b97107d366b561ff0b617207e57a2899ec91a265c38
E0779,819c8af7-851f-434f-ab32-318285bc54b1_17_22,D:819c8af7-851f-434f-ab32-318285bc54b1_17_22,D,not_in_correction,supported,,,supported,original_abd,E0779,outputs/abd_eval300_evidence_audit_v1/scored_evidence_audit_blinded.jsonl,c44d08c95c22bc5f82fc5b97107d366b561ff0b617207e57a2899ec91a265c38
E0780,71fbc5bf-7e2a-415d-86bc-3a948742e904_7_11,B:71fbc5bf-7e2a-415d-86bc-3a948742e904_7_11,B,not_in_correction,unsupported,,,unsupported,original_abd,E0780,outputs/abd_eval300_evidence_audit_v1/scored_evidence_audit_blinded.jsonl,c44d08c95c22bc5f82fc5b97107d366b561ff0b617207e57a2899ec91a265c38
E0781,71fbc5bf-7e2a-415d-86bc-3a948742e904_7_17,D:71fbc5bf-7e2a-415d-86bc-3a948742e904_7_17,D,control,partially_supported,partially_supported,,partially_supported,correction,E0781,outputs/abd_eval300_evidence_audit_correction_validation_v1/extracted/corrected_blinded_reviews.jsonl,3ab37d3b323018ba063688790112639cb0053de4a0d1fb0407da2f012d35c991
E0782,7ddbf8a2-5b3e-44cd-b9dc-db17ec06831b_8_20,A:7ddbf8a2-5b3e-44cd-b9dc-db17ec06831b_8_20,A,not_in_correction,contradicted,,,contradicted,original_abd,E0782,outputs/abd_eval300_evidence_audit_v1/scored_evidence_audit_blinded.jsonl,c44d08c95c22bc5f82fc5b97107d366b561ff0b617207e57a2899ec91a265c38
E0783,6fd90f8d-7a4d-425d-a812-3268db0b0342_14_5,A:6fd90f8d-7a4d-425d-a812-3268db0b0342_14_5,A,not_in_correction,unsupported,,,unsupported,original_abd,E0783,outputs/abd_eval300_evidence_audit_v1/scored_evidence_audit_blinded.jsonl,c44d08c95c22bc5f82fc5b97107d366b561ff0b617207e57a2899ec91a265c38
E0784,db3f7933-dfa0-4678-9d4f-393b628ded45_6_25,D:db3f7933-dfa0-4678-9d4f-393b628ded45_6_25,D,not_in_correction,partially_supported,,,partially_supported,original_abd,E0784,outputs/abd_eval300_evidence_audit_v1/scored_evidence_audit_blinded.jsonl,c44d08c95c22bc5f82fc5b97107d366b561ff0b617207e57a2899ec91a265c38
E0785,a6d45e95-8dc0-4932-83bf-ec53e265a16a_17_25,D:a6d45e95-8dc0-4932-83bf-ec53e265a16a_17_25,D,not_in_correction,partially_supported,,,partially_supported,original_abd,E0785,outputs/abd_eval300_evidence_audit_v1/scored_evidence_audit_blinded.jsonl,c44d08c95c22bc5f82fc5b97107d366b561ff0b617207e57a2899ec91a265c38
E0786,6fd90f8d-7a4d-425d-a812-3268db0b0342_11_29,D:6fd90f8d-7a4d-425d-a812-3268db0b0342_11_29,D,control,contradicted,contradicted,,contradicted,correction,E0786,outputs/abd_eval300_evidence_audit_correction_validation_v1/extracted/corrected_blinded_reviews.jsonl,3ab37d3b323018ba063688790112639cb0053de4a0d1fb0407da2f012d35c991
E0787,6fd90f8d-7a4d-425d-a812-3268db0b0342_17_36,A:6fd90f8d-7a4d-425d-a812-3268db0b0342_17_36,A,not_in_correction,partially_supported,,,partially_supported,original_abd,E0787,outputs/abd_eval300_evidence_audit_v1/scored_evidence_audit_blinded.jsonl,c44d08c95c22bc5f82fc5b97107d366b561ff0b617207e57a2899ec91a265c38
E0788,41a86310-2cc1-48f9-b5b5-6b495a95fbac_8_22,A:41a86310-2cc1-48f9-b5b5-6b495a95fbac_8_22,A,not_in_correction,unsupported,,,unsupported,original_abd,E0788,outputs/abd_eval300_evidence_audit_v1/scored_evidence_audit_blinded.jsonl,c44d08c95c22bc5f82fc5b97107d366b561ff0b617207e57a2899ec91a265c38
E0789,819c8af7-851f-434f-ab32-318285bc54b1_4_19,B:819c8af7-851f-434f-ab32-318285bc54b1_4_19,B,not_in_correction,unsupported,,,unsupported,original_abd,E0789,outputs/abd_eval300_evidence_audit_v1/scored_evidence_audit_blinded.jsonl,c44d08c95c22bc5f82fc5b97107d366b561ff0b617207e57a2899ec91a265c38
E0790,71fbc5bf-7e2a-415d-86bc-3a948742e904_8_20,B:71fbc5bf-7e2a-415d-86bc-3a948742e904_8_20,B,not_in_correction,partially_supported,,,partially_supported,original_abd,E0790,outputs/abd_eval300_evidence_audit_v1/scored_evidence_audit_blinded.jsonl,c44d08c95c22bc5f82fc5b97107d366b561ff0b617207e57a2899ec91a265c38
E0791,41a86310-2cc1-48f9-b5b5-6b495a95fbac_4_25,B:41a86310-2cc1-48f9-b5b5-6b495a95fbac_4_25,B,not_in_correction,partially_supported,,,partially_supported,original_abd,E0791,outputs/abd_eval300_evidence_audit_v1/scored_evidence_audit_blinded.jsonl,c44d08c95c22bc5f82fc5b97107d366b561ff0b617207e57a2899ec91a265c38
E0792,70f2a750-f403-41b8-aabb-480eb3ab4ed4_22_12,D:70f2a750-f403-41b8-aabb-480eb3ab4ed4_22_12,D,not_in_correction,partially_supported,,,partially_supported,original_abd,E0792,outputs/abd_eval300_evidence_audit_v1/scored_evidence_audit_blinded.jsonl,c44d08c95c22bc5f82fc5b97107d366b561ff0b617207e57a2899ec91a265c38
E0793,6fd90f8d-7a4d-425d-a812-3268db0b0342_16_4,B:6fd90f8d-7a4d-425d-a812-3268db0b0342_16_4,B,not_in_correction,unsupported,,,unsupported,original_abd,E0793,outputs/abd_eval300_evidence_audit_v1/scored_evidence_audit_blinded.jsonl,c44d08c95c22bc5f82fc5b97107d366b561ff0b617207e57a2899ec91a265c38
E0794,115774b6-534d-444f-b7aa-d1b834eb0ee7_4_25,D:115774b6-534d-444f-b7aa-d1b834eb0ee7_4_25,D,not_in_correction,partially_supported,,,partially_supported,original_abd,E0794,outputs/abd_eval300_evidence_audit_v1/scored_evidence_audit_blinded.jsonl,c44d08c95c22bc5f82fc5b97107d366b561ff0b617207e57a2899ec91a265c38
E0795,4572b198-2c1c-4920-bcf0-95fcebe12261_4_28,A:4572b198-2c1c-4920-bcf0-95fcebe12261_4_28,A,not_in_correction,supported,,,supported,original_abd,E0795,outputs/abd_eval300_evidence_audit_v1/scored_evidence_audit_blinded.jsonl,c44d08c95c22bc5f82fc5b97107d366b561ff0b617207e57a2899ec91a265c38
E0796,7ddbf8a2-5b3e-44cd-b9dc-db17ec06831b_7_11,A:7ddbf8a2-5b3e-44cd-b9dc-db17ec06831b_7_11,A,not_in_correction,unsupported,,,unsupported,original_abd,E0796,outputs/abd_eval300_evidence_audit_v1/scored_evidence_audit_blinded.jsonl,c44d08c95c22bc5f82fc5b97107d366b561ff0b617207e57a2899ec91a265c38
E0797,a6d45e95-8dc0-4932-83bf-ec53e265a16a_7_20,B:a6d45e95-8dc0-4932-83bf-ec53e265a16a_7_20,B,not_in_correction,supported,,,supported,original_abd,E0797,outputs/abd_eval300_evidence_audit_v1/scored_evidence_audit_blinded.jsonl,c44d08c95c22bc5f82fc5b97107d366b561ff0b617207e57a2899ec91a265c38
E0798,71fbc5bf-7e2a-415d-86bc-3a948742e904_8_20,A:71fbc5bf-7e2a-415d-86bc-3a948742e904_8_20,A,not_in_correction,partially_supported,,,partially_supported,original_abd,E0798,outputs/abd_eval300_evidence_audit_v1/scored_evidence_audit_blinded.jsonl,c44d08c95c22bc5f82fc5b97107d366b561ff0b617207e57a2899ec91a265c38
E0799,4572b198-2c1c-4920-bcf0-95fcebe12261_15_1,A:4572b198-2c1c-4920-bcf0-95fcebe12261_15_1,A,not_in_correction,unsupported,,,unsupported,original_abd,E0799,outputs/abd_eval300_evidence_audit_v1/scored_evidence_audit_blinded.jsonl,c44d08c95c22bc5f82fc5b97107d366b561ff0b617207e57a2899ec91a265c38
E0800,115774b6-534d-444f-b7aa-d1b834eb0ee7_3_23,B:115774b6-534d-444f-b7aa-d1b834eb0ee7_3_23,B,not_in_correction,unsupported,,,unsupported,original_abd,E0800,outputs/abd_eval300_evidence_audit_v1/scored_evidence_audit_blinded.jsonl,c44d08c95c22bc5f82fc5b97107d366b561ff0b617207e57a2899ec91a265c38
E0801,a6d45e95-8dc0-4932-83bf-ec53e265a16a_8_22,B:a6d45e95-8dc0-4932-83bf-ec53e265a16a_8_22,B,not_in_correction,partially_supported,,,partially_supported,original_abd,E0801,outputs/abd_eval300_evidence_audit_v1/scored_evidence_audit_blinded.jsonl,c44d08c95c22bc5f82fc5b97107d366b561ff0b617207e57a2899ec91a265c38
E0802,70f2a750-f403-41b8-aabb-480eb3ab4ed4_17_8,D:70f2a750-f403-41b8-aabb-480eb3ab4ed4_17_8,D,not_in_correction,contradicted,,,contradicted,original_abd,E0802,outputs/abd_eval300_evidence_audit_v1/scored_evidence_audit_blinded.jsonl,c44d08c95c22bc5f82fc5b97107d366b561ff0b617207e57a2899ec91a265c38
E0803,115774b6-534d-444f-b7aa-d1b834eb0ee7_2_2,B:115774b6-534d-444f-b7aa-d1b834eb0ee7_2_2,B,not_in_correction,partially_supported,,,partially_supported,original_abd,E0803,outputs/abd_eval300_evidence_audit_v1/scored_evidence_audit_blinded.jsonl,c44d08c95c22bc5f82fc5b97107d366b561ff0b617207e57a2899ec91a265c38
E0804,819c8af7-851f-434f-ab32-318285bc54b1_3_13,A:819c8af7-851f-434f-ab32-318285bc54b1_3_13,A,not_in_correction,contradicted,,,contradicted,original_abd,E0804,outputs/abd_eval300_evidence_audit_v1/scored_evidence_audit_blinded.jsonl,c44d08c95c22bc5f82fc5b97107d366b561ff0b617207e57a2899ec91a265c38
E0805,115774b6-534d-444f-b7aa-d1b834eb0ee7_6_3,A:115774b6-534d-444f-b7aa-d1b834eb0ee7_6_3,A,not_in_correction,unsupported,,,unsupported,original_abd,E0805,outputs/abd_eval300_evidence_audit_v1/scored_evidence_audit_blinded.jsonl,c44d08c95c22bc5f82fc5b97107d366b561ff0b617207e57a2899ec91a265c38
E0806,70f2a750-f403-41b8-aabb-480eb3ab4ed4_22_12,A:70f2a750-f403-41b8-aabb-480eb3ab4ed4_22_12,A,not_in_correction,partially_supported,,,partially_supported,original_abd,E0806,outputs/abd_eval300_evidence_audit_v1/scored_evidence_audit_blinded.jsonl,c44d08c95c22bc5f82fc5b97107d366b561ff0b617207e57a2899ec91a265c38
E0807,6fd90f8d-7a4d-425d-a812-3268db0b0342_6_8,D:6fd90f8d-7a4d-425d-a812-3268db0b0342_6_8,D,not_in_correction,contradicted,,,contradicted,original_abd,E0807,outputs/abd_eval300_evidence_audit_v1/scored_evidence_audit_blinded.jsonl,c44d08c95c22bc5f82fc5b97107d366b561ff0b617207e57a2899ec91a265c38
E0808,41a86310-2cc1-48f9-b5b5-6b495a95fbac_17_23,A:41a86310-2cc1-48f9-b5b5-6b495a95fbac_17_23,A,not_in_correction,partially_supported,,,partially_supported,original_abd,E0808,outputs/abd_eval300_evidence_audit_v1/scored_evidence_audit_blinded.jsonl,c44d08c95c22bc5f82fc5b97107d366b561ff0b617207e57a2899ec91a265c38
E0809,41a86310-2cc1-48f9-b5b5-6b495a95fbac_17_21,D:41a86310-2cc1-48f9-b5b5-6b495a95fbac_17_21,D,not_in_correction,supported,,,supported,original_abd,E0809,outputs/abd_eval300_evidence_audit_v1/scored_evidence_audit_blinded.jsonl,c44d08c95c22bc5f82fc5b97107d366b561ff0b617207e57a2899ec91a265c38
E0810,6fd90f8d-7a4d-425d-a812-3268db0b0342_21_11,A:6fd90f8d-7a4d-425d-a812-3268db0b0342_21_11,A,not_in_correction,supported,,,supported,original_abd,E0810,outputs/abd_eval300_evidence_audit_v1/scored_evidence_audit_blinded.jsonl,c44d08c95c22bc5f82fc5b97107d366b561ff0b617207e57a2899ec91a265c38
E0811,d3a0899e-2093-454c-9f65-30087883193a_22_14,A:d3a0899e-2093-454c-9f65-30087883193a_22_14,A,not_in_correction,partially_supported,,,partially_supported,original_abd,E0811,outputs/abd_eval300_evidence_audit_v1/scored_evidence_audit_blinded.jsonl,c44d08c95c22bc5f82fc5b97107d366b561ff0b617207e57a2899ec91a265c38
E0812,6fd90f8d-7a4d-425d-a812-3268db0b0342_12_28,A:6fd90f8d-7a4d-425d-a812-3268db0b0342_12_28,A,not_in_correction,unsupported,,,unsupported,original_abd,E0812,outputs/abd_eval300_evidence_audit_v1/scored_evidence_audit_blinded.jsonl,c44d08c95c22bc5f82fc5b97107d366b561ff0b617207e57a2899ec91a265c38
E0813,4572b198-2c1c-4920-bcf0-95fcebe12261_7_5,A:4572b198-2c1c-4920-bcf0-95fcebe12261_7_5,A,control,unsupported,unsupported,,unsupported,correction,E0813,outputs/abd_eval300_evidence_audit_correction_validation_v1/extracted/corrected_blinded_reviews.jsonl,3ab37d3b323018ba063688790112639cb0053de4a0d1fb0407da2f012d35c991
E0814,7e512589-aa97-41e8-83d3-af2e83e4fd06_17_30,B:7e512589-aa97-41e8-83d3-af2e83e4fd06_17_30,B,not_in_correction,unsupported,,,unsupported,original_abd,E0814,outputs/abd_eval300_evidence_audit_v1/scored_evidence_audit_blinded.jsonl,c44d08c95c22bc5f82fc5b97107d366b561ff0b617207e57a2899ec91a265c38
E0815,6fd90f8d-7a4d-425d-a812-3268db0b0342_14_3,D:6fd90f8d-7a4d-425d-a812-3268db0b0342_14_3,D,not_in_correction,partially_supported,,,partially_supported,original_abd,E0815,outputs/abd_eval300_evidence_audit_v1/scored_evidence_audit_blinded.jsonl,c44d08c95c22bc5f82fc5b97107d366b561ff0b617207e57a2899ec91a265c38
E0816,a6d45e95-8dc0-4932-83bf-ec53e265a16a_5_26,A:a6d45e95-8dc0-4932-83bf-ec53e265a16a_5_26,A,not_in_correction,unsupported,,,unsupported,original_abd,E0816,outputs/abd_eval300_evidence_audit_v1/scored_evidence_audit_blinded.jsonl,c44d08c95c22bc5f82fc5b97107d366b561ff0b617207e57a2899ec91a265c38
E0817,db3f7933-dfa0-4678-9d4f-393b628ded45_22_5,A:db3f7933-dfa0-4678-9d4f-393b628ded45_22_5,A,control,contradicted,contradicted,,contradicted,correction,E0817,outputs/abd_eval300_evidence_audit_correction_validation_v1/extracted/corrected_blinded_reviews.jsonl,3ab37d3b323018ba063688790112639cb0053de4a0d1fb0407da2f012d35c991
E0818,115774b6-534d-444f-b7aa-d1b834eb0ee7_17_7,B:115774b6-534d-444f-b7aa-d1b834eb0ee7_17_7,B,not_in_correction,supported,,,supported,original_abd,E0818,outputs/abd_eval300_evidence_audit_v1/scored_evidence_audit_blinded.jsonl,c44d08c95c22bc5f82fc5b97107d366b561ff0b617207e57a2899ec91a265c38
E0819,70f2a750-f403-41b8-aabb-480eb3ab4ed4_4_20,D:70f2a750-f403-41b8-aabb-480eb3ab4ed4_4_20,D,not_in_correction,supported,,,supported,original_abd,E0819,outputs/abd_eval300_evidence_audit_v1/scored_evidence_audit_blinded.jsonl,c44d08c95c22bc5f82fc5b97107d366b561ff0b617207e57a2899ec91a265c38
E0820,7e512589-aa97-41e8-83d3-af2e83e4fd06_7_23,B:7e512589-aa97-41e8-83d3-af2e83e4fd06_7_23,B,not_in_correction,partially_supported,,,partially_supported,original_abd,E0820,outputs/abd_eval300_evidence_audit_v1/scored_evidence_audit_blinded.jsonl,c44d08c95c22bc5f82fc5b97107d366b561ff0b617207e57a2899ec91a265c38
E0821,7e512589-aa97-41e8-83d3-af2e83e4fd06_6_7,A:7e512589-aa97-41e8-83d3-af2e83e4fd06_6_7,A,not_in_correction,unsupported,,,unsupported,original_abd,E0821,outputs/abd_eval300_evidence_audit_v1/scored_evidence_audit_blinded.jsonl,c44d08c95c22bc5f82fc5b97107d366b561ff0b617207e57a2899ec91a265c38
E0822,70f2a750-f403-41b8-aabb-480eb3ab4ed4_17_9,A:70f2a750-f403-41b8-aabb-480eb3ab4ed4_17_9,A,not_in_correction,partially_supported,,,partially_supported,original_abd,E0822,outputs/abd_eval300_evidence_audit_v1/scored_evidence_audit_blinded.jsonl,c44d08c95c22bc5f82fc5b97107d366b561ff0b617207e57a2899ec91a265c38
E0823,a6d45e95-8dc0-4932-83bf-ec53e265a16a_7_19,A:a6d45e95-8dc0-4932-83bf-ec53e265a16a_7_19,A,not_in_correction,contradicted,,,contradicted,original_abd,E0823,outputs/abd_eval300_evidence_audit_v1/scored_evidence_audit_blinded.jsonl,c44d08c95c22bc5f82fc5b97107d366b561ff0b617207e57a2899ec91a265c38
E0824,a6d45e95-8dc0-4932-83bf-ec53e265a16a_17_11,A:a6d45e95-8dc0-4932-83bf-ec53e265a16a_17_11,A,not_in_correction,partially_supported,,,partially_supported,original_abd,E0824,outputs/abd_eval300_evidence_audit_v1/scored_evidence_audit_blinded.jsonl,c44d08c95c22bc5f82fc5b97107d366b561ff0b617207e57a2899ec91a265c38
E0825,819c8af7-851f-434f-ab32-318285bc54b1_17_29,B:819c8af7-851f-434f-ab32-318285bc54b1_17_29,B,control,partially_supported,unsupported,unsupported,unsupported,sol_independent_review,S9AF8136C7F5E,outputs/abd_eval300_disagreement_independent_review_v1/blinded_reviewer_output/blinded_reviews.jsonl,75fdab627ddf165f75133f026d0a6e605e6b838bdcb58912e752a67a0783557f
E0826,115774b6-534d-444f-b7aa-d1b834eb0ee7_5_29,B:115774b6-534d-444f-b7aa-d1b834eb0ee7_5_29,B,not_in_correction,partially_supported,,,partially_supported,original_abd,E0826,outputs/abd_eval300_evidence_audit_v1/scored_evidence_audit_blinded.jsonl,c44d08c95c22bc5f82fc5b97107d366b561ff0b617207e57a2899ec91a265c38
E0827,70f2a750-f403-41b8-aabb-480eb3ab4ed4_4_11,D:70f2a750-f403-41b8-aabb-480eb3ab4ed4_4_11,D,not_in_correction,partially_supported,,,partially_supported,original_abd,E0827,outputs/abd_eval300_evidence_audit_v1/scored_evidence_audit_blinded.jsonl,c44d08c95c22bc5f82fc5b97107d366b561ff0b617207e57a2899ec91a265c38
E0828,db3f7933-dfa0-4678-9d4f-393b628ded45_11_2,B:db3f7933-dfa0-4678-9d4f-393b628ded45_11_2,B,not_in_correction,unsupported,,,unsupported,original_abd,E0828,outputs/abd_eval300_evidence_audit_v1/scored_evidence_audit_blinded.jsonl,c44d08c95c22bc5f82fc5b97107d366b561ff0b617207e57a2899ec91a265c38
E0829,115774b6-534d-444f-b7aa-d1b834eb0ee7_6_2,B:115774b6-534d-444f-b7aa-d1b834eb0ee7_6_2,B,not_in_correction,unsupported,,,unsupported,original_abd,E0829,outputs/abd_eval300_evidence_audit_v1/scored_evidence_audit_blinded.jsonl,c44d08c95c22bc5f82fc5b97107d366b561ff0b617207e57a2899ec91a265c38
E0830,115774b6-534d-444f-b7aa-d1b834eb0ee7_8_8,A:115774b6-534d-444f-b7aa-d1b834eb0ee7_8_8,A,not_in_correction,partially_supported,,,partially_supported,original_abd,E0830,outputs/abd_eval300_evidence_audit_v1/scored_evidence_audit_blinded.jsonl,c44d08c95c22bc5f82fc5b97107d366b561ff0b617207e57a2899ec91a265c38
E0831,db3f7933-dfa0-4678-9d4f-393b628ded45_17_11,B:db3f7933-dfa0-4678-9d4f-393b628ded45_17_11,B,not_in_correction,partially_supported,,,partially_supported,original_abd,E0831,outputs/abd_eval300_evidence_audit_v1/scored_evidence_audit_blinded.jsonl,c44d08c95c22bc5f82fc5b97107d366b561ff0b617207e57a2899ec91a265c38
E0832,71fbc5bf-7e2a-415d-86bc-3a948742e904_7_9,A:71fbc5bf-7e2a-415d-86bc-3a948742e904_7_9,A,not_in_correction,unsupported,,,unsupported,original_abd,E0832,outputs/abd_eval300_evidence_audit_v1/scored_evidence_audit_blinded.jsonl,c44d08c95c22bc5f82fc5b97107d366b561ff0b617207e57a2899ec91a265c38
E0833,d3a0899e-2093-454c-9f65-30087883193a_17_28,D:d3a0899e-2093-454c-9f65-30087883193a_17_28,D,not_in_correction,unsupported,,,unsupported,original_abd,E0833,outputs/abd_eval300_evidence_audit_v1/scored_evidence_audit_blinded.jsonl,c44d08c95c22bc5f82fc5b97107d366b561ff0b617207e57a2899ec91a265c38
E0834,819c8af7-851f-434f-ab32-318285bc54b1_4_10,B:819c8af7-851f-434f-ab32-318285bc54b1_4_10,B,not_in_correction,partially_supported,,,partially_supported,original_abd,E0834,outputs/abd_eval300_evidence_audit_v1/scored_evidence_audit_blinded.jsonl,c44d08c95c22bc5f82fc5b97107d366b561ff0b617207e57a2899ec91a265c38
E0835,70f2a750-f403-41b8-aabb-480eb3ab4ed4_17_13,D:70f2a750-f403-41b8-aabb-480eb3ab4ed4_17_13,D,not_in_correction,partially_supported,,,partially_supported,original_abd,E0835,outputs/abd_eval300_evidence_audit_v1/scored_evidence_audit_blinded.jsonl,c44d08c95c22bc5f82fc5b97107d366b561ff0b617207e57a2899ec91a265c38
E0836,db3f7933-dfa0-4678-9d4f-393b628ded45_7_6,B:db3f7933-dfa0-4678-9d4f-393b628ded45_7_6,B,not_in_correction,supported,,,supported,original_abd,E0836,outputs/abd_eval300_evidence_audit_v1/scored_evidence_audit_blinded.jsonl,c44d08c95c22bc5f82fc5b97107d366b561ff0b617207e57a2899ec91a265c38
E0837,a6d45e95-8dc0-4932-83bf-ec53e265a16a_7_20,A:a6d45e95-8dc0-4932-83bf-ec53e265a16a_7_20,A,not_in_correction,unsupported,,,unsupported,original_abd,E0837,outputs/abd_eval300_evidence_audit_v1/scored_evidence_audit_blinded.jsonl,c44d08c95c22bc5f82fc5b97107d366b561ff0b617207e57a2899ec91a265c38
E0838,d3a0899e-2093-454c-9f65-30087883193a_7_26,A:d3a0899e-2093-454c-9f65-30087883193a_7_26,A,not_in_correction,unsupported,,,unsupported,original_abd,E0838,outputs/abd_eval300_evidence_audit_v1/scored_evidence_audit_blinded.jsonl,c44d08c95c22bc5f82fc5b97107d366b561ff0b617207e57a2899ec91a265c38
E0839,db3f7933-dfa0-4678-9d4f-393b628ded45_7_28,A:db3f7933-dfa0-4678-9d4f-393b628ded45_7_28,A,not_in_correction,unsupported,,,unsupported,original_abd,E0839,outputs/abd_eval300_evidence_audit_v1/scored_evidence_audit_blinded.jsonl,c44d08c95c22bc5f82fc5b97107d366b561ff0b617207e57a2899ec91a265c38
E0840,819c8af7-851f-434f-ab32-318285bc54b1_23_5,D:819c8af7-851f-434f-ab32-318285bc54b1_23_5,D,not_in_correction,partially_supported,,,partially_supported,original_abd,E0840,outputs/abd_eval300_evidence_audit_v1/scored_evidence_audit_blinded.jsonl,c44d08c95c22bc5f82fc5b97107d366b561ff0b617207e57a2899ec91a265c38
E0841,a6d45e95-8dc0-4932-83bf-ec53e265a16a_7_16,D:a6d45e95-8dc0-4932-83bf-ec53e265a16a_7_16,D,not_in_correction,unsupported,,,unsupported,original_abd,E0841,outputs/abd_eval300_evidence_audit_v1/scored_evidence_audit_blinded.jsonl,c44d08c95c22bc5f82fc5b97107d366b561ff0b617207e57a2899ec91a265c38
E0842,71fbc5bf-7e2a-415d-86bc-3a948742e904_5_15,D:71fbc5bf-7e2a-415d-86bc-3a948742e904_5_15,D,not_in_correction,partially_supported,,,partially_supported,original_abd,E0842,outputs/abd_eval300_evidence_audit_v1/scored_evidence_audit_blinded.jsonl,c44d08c95c22bc5f82fc5b97107d366b561ff0b617207e57a2899ec91a265c38
E0843,71fbc5bf-7e2a-415d-86bc-3a948742e904_12_18,A:71fbc5bf-7e2a-415d-86bc-3a948742e904_12_18,A,not_in_correction,partially_supported,,,partially_supported,original_abd,E0843,outputs/abd_eval300_evidence_audit_v1/scored_evidence_audit_blinded.jsonl,c44d08c95c22bc5f82fc5b97107d366b561ff0b617207e57a2899ec91a265c38
E0844,6fd90f8d-7a4d-425d-a812-3268db0b0342_7_7,A:6fd90f8d-7a4d-425d-a812-3268db0b0342_7_7,A,not_in_correction,unsupported,,,unsupported,original_abd,E0844,outputs/abd_eval300_evidence_audit_v1/scored_evidence_audit_blinded.jsonl,c44d08c95c22bc5f82fc5b97107d366b561ff0b617207e57a2899ec91a265c38
E0845,db3f7933-dfa0-4678-9d4f-393b628ded45_7_23,A:db3f7933-dfa0-4678-9d4f-393b628ded45_7_23,A,not_in_correction,unsupported,,,unsupported,original_abd,E0845,outputs/abd_eval300_evidence_audit_v1/scored_evidence_audit_blinded.jsonl,c44d08c95c22bc5f82fc5b97107d366b561ff0b617207e57a2899ec91a265c38
E0846,6fd90f8d-7a4d-425d-a812-3268db0b0342_1_1,D:6fd90f8d-7a4d-425d-a812-3268db0b0342_1_1,D,not_in_correction,contradicted,,,contradicted,original_abd,E0846,outputs/abd_eval300_evidence_audit_v1/scored_evidence_audit_blinded.jsonl,c44d08c95c22bc5f82fc5b97107d366b561ff0b617207e57a2899ec91a265c38
E0847,7ddbf8a2-5b3e-44cd-b9dc-db17ec06831b_8_18,B:7ddbf8a2-5b3e-44cd-b9dc-db17ec06831b_8_18,B,not_in_correction,unsupported,,,unsupported,original_abd,E0847,outputs/abd_eval300_evidence_audit_v1/scored_evidence_audit_blinded.jsonl,c44d08c95c22bc5f82fc5b97107d366b561ff0b617207e57a2899ec91a265c38
E0848,db3f7933-dfa0-4678-9d4f-393b628ded45_6_25,A:db3f7933-dfa0-4678-9d4f-393b628ded45_6_25,A,not_in_correction,unsupported,,,unsupported,original_abd,E0848,outputs/abd_eval300_evidence_audit_v1/scored_evidence_audit_blinded.jsonl,c44d08c95c22bc5f82fc5b97107d366b561ff0b617207e57a2899ec91a265c38
E0849,7e512589-aa97-41e8-83d3-af2e83e4fd06_7_23,A:7e512589-aa97-41e8-83d3-af2e83e4fd06_7_23,A,not_in_correction,partially_supported,,,partially_supported,original_abd,E0849,outputs/abd_eval300_evidence_audit_v1/scored_evidence_audit_blinded.jsonl,c44d08c95c22bc5f82fc5b97107d366b561ff0b617207e57a2899ec91a265c38
E0850,6fd90f8d-7a4d-425d-a812-3268db0b0342_14_4,B:6fd90f8d-7a4d-425d-a812-3268db0b0342_14_4,B,not_in_correction,unsupported,,,unsupported,original_abd,E0850,outputs/abd_eval300_evidence_audit_v1/scored_evidence_audit_blinded.jsonl,c44d08c95c22bc5f82fc5b97107d366b561ff0b617207e57a2899ec91a265c38
E0851,7ddbf8a2-5b3e-44cd-b9dc-db17ec06831b_7_5,B:7ddbf8a2-5b3e-44cd-b9dc-db17ec06831b_7_5,B,not_in_correction,unsupported,,,unsupported,original_abd,E0851,outputs/abd_eval300_evidence_audit_v1/scored_evidence_audit_blinded.jsonl,c44d08c95c22bc5f82fc5b97107d366b561ff0b617207e57a2899ec91a265c38
E0852,70f2a750-f403-41b8-aabb-480eb3ab4ed4_17_13,A:70f2a750-f403-41b8-aabb-480eb3ab4ed4_17_13,A,not_in_correction,partially_supported,,,partially_supported,original_abd,E0852,outputs/abd_eval300_evidence_audit_v1/scored_evidence_audit_blinded.jsonl,c44d08c95c22bc5f82fc5b97107d366b561ff0b617207e57a2899ec91a265c38
E0853,4572b198-2c1c-4920-bcf0-95fcebe12261_8_34,B:4572b198-2c1c-4920-bcf0-95fcebe12261_8_34,B,not_in_correction,contradicted,,,contradicted,original_abd,E0853,outputs/abd_eval300_evidence_audit_v1/scored_evidence_audit_blinded.jsonl,c44d08c95c22bc5f82fc5b97107d366b561ff0b617207e57a2899ec91a265c38
E0854,7e512589-aa97-41e8-83d3-af2e83e4fd06_21_19,D:7e512589-aa97-41e8-83d3-af2e83e4fd06_21_19,D,not_in_correction,supported,,,supported,original_abd,E0854,outputs/abd_eval300_evidence_audit_v1/scored_evidence_audit_blinded.jsonl,c44d08c95c22bc5f82fc5b97107d366b561ff0b617207e57a2899ec91a265c38
E0855,db3f7933-dfa0-4678-9d4f-393b628ded45_17_29,A:db3f7933-dfa0-4678-9d4f-393b628ded45_17_29,A,not_in_correction,unsupported,,,unsupported,original_abd,E0855,outputs/abd_eval300_evidence_audit_v1/scored_evidence_audit_blinded.jsonl,c44d08c95c22bc5f82fc5b97107d366b561ff0b617207e57a2899ec91a265c38
E0856,7e512589-aa97-41e8-83d3-af2e83e4fd06_17_10,B:7e512589-aa97-41e8-83d3-af2e83e4fd06_17_10,B,control,partially_supported,unsupported,unsupported,unsupported,sol_independent_review,SC92BAADE1F98,outputs/abd_eval300_disagreement_independent_review_v1/blinded_reviewer_output/blinded_reviews.jsonl,75fdab627ddf165f75133f026d0a6e605e6b838bdcb58912e752a67a0783557f
E0857,819c8af7-851f-434f-ab32-318285bc54b1_11_24,B:819c8af7-851f-434f-ab32-318285bc54b1_11_24,B,not_in_correction,supported,,,supported,original_abd,E0857,outputs/abd_eval300_evidence_audit_v1/scored_evidence_audit_blinded.jsonl,c44d08c95c22bc5f82fc5b97107d366b561ff0b617207e57a2899ec91a265c38
E0858,7e512589-aa97-41e8-83d3-af2e83e4fd06_7_22,A:7e512589-aa97-41e8-83d3-af2e83e4fd06_7_22,A,not_in_correction,unsupported,,,unsupported,original_abd,E0858,outputs/abd_eval300_evidence_audit_v1/scored_evidence_audit_blinded.jsonl,c44d08c95c22bc5f82fc5b97107d366b561ff0b617207e57a2899ec91a265c38
E0859,6fd90f8d-7a4d-425d-a812-3268db0b0342_16_5,D:6fd90f8d-7a4d-425d-a812-3268db0b0342_16_5,D,not_in_correction,unsupported,,,unsupported,original_abd,E0859,outputs/abd_eval300_evidence_audit_v1/scored_evidence_audit_blinded.jsonl,c44d08c95c22bc5f82fc5b97107d366b561ff0b617207e57a2899ec91a265c38
E0860,4572b198-2c1c-4920-bcf0-95fcebe12261_17_14,D:4572b198-2c1c-4920-bcf0-95fcebe12261_17_14,D,not_in_correction,supported,,,supported,original_abd,E0860,outputs/abd_eval300_evidence_audit_v1/scored_evidence_audit_blinded.jsonl,c44d08c95c22bc5f82fc5b97107d366b561ff0b617207e57a2899ec91a265c38
E0861,115774b6-534d-444f-b7aa-d1b834eb0ee7_7_22,D:115774b6-534d-444f-b7aa-d1b834eb0ee7_7_22,D,not_in_correction,unsupported,,,unsupported,original_abd,E0861,outputs/abd_eval300_evidence_audit_v1/scored_evidence_audit_blinded.jsonl,c44d08c95c22bc5f82fc5b97107d366b561ff0b617207e57a2899ec91a265c38
E0862,41a86310-2cc1-48f9-b5b5-6b495a95fbac_6_27,A:41a86310-2cc1-48f9-b5b5-6b495a95fbac_6_27,A,not_in_correction,unsupported,,,unsupported,original_abd,E0862,outputs/abd_eval300_evidence_audit_v1/scored_evidence_audit_blinded.jsonl,c44d08c95c22bc5f82fc5b97107d366b561ff0b617207e57a2899ec91a265c38
E0863,41a86310-2cc1-48f9-b5b5-6b495a95fbac_11_1,B:41a86310-2cc1-48f9-b5b5-6b495a95fbac_11_1,B,not_in_correction,contradicted,,,contradicted,original_abd,E0863,outputs/abd_eval300_evidence_audit_v1/scored_evidence_audit_blinded.jsonl,c44d08c95c22bc5f82fc5b97107d366b561ff0b617207e57a2899ec91a265c38
E0864,819c8af7-851f-434f-ab32-318285bc54b1_11_14,B:819c8af7-851f-434f-ab32-318285bc54b1_11_14,B,not_in_correction,supported,,,supported,original_abd,E0864,outputs/abd_eval300_evidence_audit_v1/scored_evidence_audit_blinded.jsonl,c44d08c95c22bc5f82fc5b97107d366b561ff0b617207e57a2899ec91a265c38
E0865,d3a0899e-2093-454c-9f65-30087883193a_4_7,D:d3a0899e-2093-454c-9f65-30087883193a_4_7,D,not_in_correction,unsupported,,,unsupported,original_abd,E0865,outputs/abd_eval300_evidence_audit_v1/scored_evidence_audit_blinded.jsonl,c44d08c95c22bc5f82fc5b97107d366b561ff0b617207e57a2899ec91a265c38
E0866,4572b198-2c1c-4920-bcf0-95fcebe12261_8_13,D:4572b198-2c1c-4920-bcf0-95fcebe12261_8_13,D,not_in_correction,unsupported,,,unsupported,original_abd,E0866,outputs/abd_eval300_evidence_audit_v1/scored_evidence_audit_blinded.jsonl,c44d08c95c22bc5f82fc5b97107d366b561ff0b617207e57a2899ec91a265c38
E0867,71fbc5bf-7e2a-415d-86bc-3a948742e904_5_27,D:71fbc5bf-7e2a-415d-86bc-3a948742e904_5_27,D,not_in_correction,supported,,,supported,original_abd,E0867,outputs/abd_eval300_evidence_audit_v1/scored_evidence_audit_blinded.jsonl,c44d08c95c22bc5f82fc5b97107d366b561ff0b617207e57a2899ec91a265c38
E0868,db3f7933-dfa0-4678-9d4f-393b628ded45_6_17,B:db3f7933-dfa0-4678-9d4f-393b628ded45_6_17,B,not_in_correction,contradicted,,,contradicted,original_abd,E0868,outputs/abd_eval300_evidence_audit_v1/scored_evidence_audit_blinded.jsonl,c44d08c95c22bc5f82fc5b97107d366b561ff0b617207e57a2899ec91a265c38
E0869,6fd90f8d-7a4d-425d-a812-3268db0b0342_13_2,B:6fd90f8d-7a4d-425d-a812-3268db0b0342_13_2,B,not_in_correction,partially_supported,,,partially_supported,original_abd,E0869,outputs/abd_eval300_evidence_audit_v1/scored_evidence_audit_blinded.jsonl,c44d08c95c22bc5f82fc5b97107d366b561ff0b617207e57a2899ec91a265c38
E0870,a6d45e95-8dc0-4932-83bf-ec53e265a16a_4_9,D:a6d45e95-8dc0-4932-83bf-ec53e265a16a_4_9,D,not_in_correction,partially_supported,,,partially_supported,original_abd,E0870,outputs/abd_eval300_evidence_audit_v1/scored_evidence_audit_blinded.jsonl,c44d08c95c22bc5f82fc5b97107d366b561ff0b617207e57a2899ec91a265c38
E0871,6fd90f8d-7a4d-425d-a812-3268db0b0342_11_29,A:6fd90f8d-7a4d-425d-a812-3268db0b0342_11_29,A,not_in_correction,contradicted,,,contradicted,original_abd,E0871,outputs/abd_eval300_evidence_audit_v1/scored_evidence_audit_blinded.jsonl,c44d08c95c22bc5f82fc5b97107d366b561ff0b617207e57a2899ec91a265c38
E0872,41a86310-2cc1-48f9-b5b5-6b495a95fbac_6_27,D:41a86310-2cc1-48f9-b5b5-6b495a95fbac_6_27,D,control,partially_supported,partially_supported,,partially_supported,correction,E0872,outputs/abd_eval300_evidence_audit_correction_validation_v1/extracted/corrected_blinded_reviews.jsonl,3ab37d3b323018ba063688790112639cb0053de4a0d1fb0407da2f012d35c991
E0873,41a86310-2cc1-48f9-b5b5-6b495a95fbac_17_38,D:41a86310-2cc1-48f9-b5b5-6b495a95fbac_17_38,D,not_in_correction,supported,,,supported,original_abd,E0873,outputs/abd_eval300_evidence_audit_v1/scored_evidence_audit_blinded.jsonl,c44d08c95c22bc5f82fc5b97107d366b561ff0b617207e57a2899ec91a265c38
E0874,db3f7933-dfa0-4678-9d4f-393b628ded45_21_27,A:db3f7933-dfa0-4678-9d4f-393b628ded45_21_27,A,not_in_correction,supported,,,supported,original_abd,E0874,outputs/abd_eval300_evidence_audit_v1/scored_evidence_audit_blinded.jsonl,c44d08c95c22bc5f82fc5b97107d366b561ff0b617207e57a2899ec91a265c38
E0875,41a86310-2cc1-48f9-b5b5-6b495a95fbac_17_13,B:41a86310-2cc1-48f9-b5b5-6b495a95fbac_17_13,B,not_in_correction,supported,,,supported,original_abd,E0875,outputs/abd_eval300_evidence_audit_v1/scored_evidence_audit_blinded.jsonl,c44d08c95c22bc5f82fc5b97107d366b561ff0b617207e57a2899ec91a265c38
E0876,4572b198-2c1c-4920-bcf0-95fcebe12261_13_1,D:4572b198-2c1c-4920-bcf0-95fcebe12261_13_1,D,not_in_correction,partially_supported,,,partially_supported,original_abd,E0876,outputs/abd_eval300_evidence_audit_v1/scored_evidence_audit_blinded.jsonl,c44d08c95c22bc5f82fc5b97107d366b561ff0b617207e57a2899ec91a265c38
E0877,7ddbf8a2-5b3e-44cd-b9dc-db17ec06831b_8_25,D:7ddbf8a2-5b3e-44cd-b9dc-db17ec06831b_8_25,D,not_in_correction,unsupported,,,unsupported,original_abd,E0877,outputs/abd_eval300_evidence_audit_v1/scored_evidence_audit_blinded.jsonl,c44d08c95c22bc5f82fc5b97107d366b561ff0b617207e57a2899ec91a265c38
E0878,6fd90f8d-7a4d-425d-a812-3268db0b0342_17_5,A:6fd90f8d-7a4d-425d-a812-3268db0b0342_17_5,A,not_in_correction,partially_supported,,,partially_supported,original_abd,E0878,outputs/abd_eval300_evidence_audit_v1/scored_evidence_audit_blinded.jsonl,c44d08c95c22bc5f82fc5b97107d366b561ff0b617207e57a2899ec91a265c38
E0879,819c8af7-851f-434f-ab32-318285bc54b1_7_21,A:819c8af7-851f-434f-ab32-318285bc54b1_7_21,A,not_in_correction,partially_supported,,,partially_supported,original_abd,E0879,outputs/abd_eval300_evidence_audit_v1/scored_evidence_audit_blinded.jsonl,c44d08c95c22bc5f82fc5b97107d366b561ff0b617207e57a2899ec91a265c38
E0880,71fbc5bf-7e2a-415d-86bc-3a948742e904_17_13,B:71fbc5bf-7e2a-415d-86bc-3a948742e904_17_13,B,not_in_correction,partially_supported,,,partially_supported,original_abd,E0880,outputs/abd_eval300_evidence_audit_v1/scored_evidence_audit_blinded.jsonl,c44d08c95c22bc5f82fc5b97107d366b561ff0b617207e57a2899ec91a265c38
E0881,71fbc5bf-7e2a-415d-86bc-3a948742e904_7_19,D:71fbc5bf-7e2a-415d-86bc-3a948742e904_7_19,D,not_in_correction,unsupported,,,unsupported,original_abd,E0881,outputs/abd_eval300_evidence_audit_v1/scored_evidence_audit_blinded.jsonl,c44d08c95c22bc5f82fc5b97107d366b561ff0b617207e57a2899ec91a265c38
E0882,7e512589-aa97-41e8-83d3-af2e83e4fd06_22_11,A:7e512589-aa97-41e8-83d3-af2e83e4fd06_22_11,A,not_in_correction,supported,,,supported,original_abd,E0882,outputs/abd_eval300_evidence_audit_v1/scored_evidence_audit_blinded.jsonl,c44d08c95c22bc5f82fc5b97107d366b561ff0b617207e57a2899ec91a265c38
E0883,71fbc5bf-7e2a-415d-86bc-3a948742e904_7_17,A:71fbc5bf-7e2a-415d-86bc-3a948742e904_7_17,A,not_in_correction,unsupported,,,unsupported,original_abd,E0883,outputs/abd_eval300_evidence_audit_v1/scored_evidence_audit_blinded.jsonl,c44d08c95c22bc5f82fc5b97107d366b561ff0b617207e57a2899ec91a265c38
E0884,a6d45e95-8dc0-4932-83bf-ec53e265a16a_17_12,B:a6d45e95-8dc0-4932-83bf-ec53e265a16a_17_12,B,not_in_correction,supported,,,supported,original_abd,E0884,outputs/abd_eval300_evidence_audit_v1/scored_evidence_audit_blinded.jsonl,c44d08c95c22bc5f82fc5b97107d366b561ff0b617207e57a2899ec91a265c38
E0885,a6d45e95-8dc0-4932-83bf-ec53e265a16a_11_28,B:a6d45e95-8dc0-4932-83bf-ec53e265a16a_11_28,B,not_in_correction,partially_supported,,,partially_supported,original_abd,E0885,outputs/abd_eval300_evidence_audit_v1/scored_evidence_audit_blinded.jsonl,c44d08c95c22bc5f82fc5b97107d366b561ff0b617207e57a2899ec91a265c38
E0886,a6d45e95-8dc0-4932-83bf-ec53e265a16a_8_1,A:a6d45e95-8dc0-4932-83bf-ec53e265a16a_8_1,A,not_in_correction,contradicted,,,contradicted,original_abd,E0886,outputs/abd_eval300_evidence_audit_v1/scored_evidence_audit_blinded.jsonl,c44d08c95c22bc5f82fc5b97107d366b561ff0b617207e57a2899ec91a265c38
E0887,71fbc5bf-7e2a-415d-86bc-3a948742e904_7_2,A:71fbc5bf-7e2a-415d-86bc-3a948742e904_7_2,A,not_in_correction,unsupported,,,unsupported,original_abd,E0887,outputs/abd_eval300_evidence_audit_v1/scored_evidence_audit_blinded.jsonl,c44d08c95c22bc5f82fc5b97107d366b561ff0b617207e57a2899ec91a265c38
E0888,d3a0899e-2093-454c-9f65-30087883193a_17_19,D:d3a0899e-2093-454c-9f65-30087883193a_17_19,D,not_in_correction,partially_supported,,,partially_supported,original_abd,E0888,outputs/abd_eval300_evidence_audit_v1/scored_evidence_audit_blinded.jsonl,c44d08c95c22bc5f82fc5b97107d366b561ff0b617207e57a2899ec91a265c38
E0889,70f2a750-f403-41b8-aabb-480eb3ab4ed4_17_9,D:70f2a750-f403-41b8-aabb-480eb3ab4ed4_17_9,D,not_in_correction,partially_supported,,,partially_supported,original_abd,E0889,outputs/abd_eval300_evidence_audit_v1/scored_evidence_audit_blinded.jsonl,c44d08c95c22bc5f82fc5b97107d366b561ff0b617207e57a2899ec91a265c38
E0890,819c8af7-851f-434f-ab32-318285bc54b1_4_23,A:819c8af7-851f-434f-ab32-318285bc54b1_4_23,A,not_in_correction,partially_supported,,,partially_supported,original_abd,E0890,outputs/abd_eval300_evidence_audit_v1/scored_evidence_audit_blinded.jsonl,c44d08c95c22bc5f82fc5b97107d366b561ff0b617207e57a2899ec91a265c38
E0891,a6d45e95-8dc0-4932-83bf-ec53e265a16a_11_15,A:a6d45e95-8dc0-4932-83bf-ec53e265a16a_11_15,A,not_in_correction,supported,,,supported,original_abd,E0891,outputs/abd_eval300_evidence_audit_v1/scored_evidence_audit_blinded.jsonl,c44d08c95c22bc5f82fc5b97107d366b561ff0b617207e57a2899ec91a265c38
E0892,70f2a750-f403-41b8-aabb-480eb3ab4ed4_8_2,D:70f2a750-f403-41b8-aabb-480eb3ab4ed4_8_2,D,control,unsupported,partially_supported,contradicted,contradicted,sol_independent_review,SDA30DEF586AF,outputs/abd_eval300_disagreement_independent_review_v1/blinded_reviewer_output/blinded_reviews.jsonl,75fdab627ddf165f75133f026d0a6e605e6b838bdcb58912e752a67a0783557f
E0893,6fd90f8d-7a4d-425d-a812-3268db0b0342_17_36,D:6fd90f8d-7a4d-425d-a812-3268db0b0342_17_36,D,not_in_correction,partially_supported,,,partially_supported,original_abd,E0893,outputs/abd_eval300_evidence_audit_v1/scored_evidence_audit_blinded.jsonl,c44d08c95c22bc5f82fc5b97107d366b561ff0b617207e57a2899ec91a265c38
E0894,a6d45e95-8dc0-4932-83bf-ec53e265a16a_11_15,B:a6d45e95-8dc0-4932-83bf-ec53e265a16a_11_15,B,not_in_correction,contradicted,,,contradicted,original_abd,E0894,outputs/abd_eval300_evidence_audit_v1/scored_evidence_audit_blinded.jsonl,c44d08c95c22bc5f82fc5b97107d366b561ff0b617207e57a2899ec91a265c38
E0895,7e512589-aa97-41e8-83d3-af2e83e4fd06_22_8,A:7e512589-aa97-41e8-83d3-af2e83e4fd06_22_8,A,not_in_correction,partially_supported,,,partially_supported,original_abd,E0895,outputs/abd_eval300_evidence_audit_v1/scored_evidence_audit_blinded.jsonl,c44d08c95c22bc5f82fc5b97107d366b561ff0b617207e57a2899ec91a265c38
E0896,6fd90f8d-7a4d-425d-a812-3268db0b0342_18_17,D:6fd90f8d-7a4d-425d-a812-3268db0b0342_18_17,D,not_in_correction,partially_supported,,,partially_supported,original_abd,E0896,outputs/abd_eval300_evidence_audit_v1/scored_evidence_audit_blinded.jsonl,c44d08c95c22bc5f82fc5b97107d366b561ff0b617207e57a2899ec91a265c38
E0897,6fd90f8d-7a4d-425d-a812-3268db0b0342_8_9,D:6fd90f8d-7a4d-425d-a812-3268db0b0342_8_9,D,not_in_correction,partially_supported,,,partially_supported,original_abd,E0897,outputs/abd_eval300_evidence_audit_v1/scored_evidence_audit_blinded.jsonl,c44d08c95c22bc5f82fc5b97107d366b561ff0b617207e57a2899ec91a265c38
E0898,7ddbf8a2-5b3e-44cd-b9dc-db17ec06831b_11_12,A:7ddbf8a2-5b3e-44cd-b9dc-db17ec06831b_11_12,A,not_in_correction,unsupported,,,unsupported,original_abd,E0898,outputs/abd_eval300_evidence_audit_v1/scored_evidence_audit_blinded.jsonl,c44d08c95c22bc5f82fc5b97107d366b561ff0b617207e57a2899ec91a265c38
E0899,a6d45e95-8dc0-4932-83bf-ec53e265a16a_11_14,A:a6d45e95-8dc0-4932-83bf-ec53e265a16a_11_14,A,not_in_correction,contradicted,,,contradicted,original_abd,E0899,outputs/abd_eval300_evidence_audit_v1/scored_evidence_audit_blinded.jsonl,c44d08c95c22bc5f82fc5b97107d366b561ff0b617207e57a2899ec91a265c38
E0900,6fd90f8d-7a4d-425d-a812-3268db0b0342_7_27,A:6fd90f8d-7a4d-425d-a812-3268db0b0342_7_27,A,not_in_correction,unsupported,,,unsupported,original_abd,E0900,outputs/abd_eval300_evidence_audit_v1/scored_evidence_audit_blinded.jsonl,c44d08c95c22bc5f82fc5b97107d366b561ff0b617207e57a2899ec91a265c38
