path,classification,reason,sha256,checksum_membership,matching_lines_and_character_counts,english_companion
THESIS_EXPERIMENT_FREEZE_V2.2_FINAL.md,FROZEN-DOC,Historical protocol freeze; hash cited by QaEgo4D RUN_PROVENANCE,d3f06b4eefbd73eddd579e270c513fa8a29ee12b3def120cbb7f7fbf105cb1b4,,5:2;6:19;8:44;10:29;12:23;14:73;16:31;20:4;22:6;24:22;25:31;26:32;27:23;29:46;33:6;35:11;37:20;39:9;41:20;43:66;45:2;47:5;49:4;51:6;52:8;53:13;55:16;59:6;61:14;63:36;65:4;67:17;68:15;69:10;71:15;73:32;77:4;80:8;81:8;84:48;86:4;88:15;89:13;90:23;92:24;100:1;101:28;102:5;104:14;113:1;115:11;124:6;126:9;128:11;130:9;132:2;133:2;135:26;136:17;138:40;140:6;142:5;143:34;145:13;147:11;149:54;151:26;153:4;155:42;158:3;159:3;160:4;161:11;163:9;164:3;168:42;170:5;172:7;176:2;179:11;181:14;183:7;185:29;189:4;191:11;193:1;194:2;195:6;196:1;197:10;198:1;199:6;205:42;207:60;209:20;211:2;213:13;214:19;215:11;216:17;218:24;220:19;222:36;228:21;230:7;232:6;235:5;236:4;238:1;241:13;248:5;252:7;255:23;256:10;259:94;261:4;265:7;268:17;270:4;272:8;273:19;274:14;276:20;278:35;280:34;284:2;286:23;288:25;290:9;292:2;294:3;295:7;296:8;298:6;300:3;302:25;304:12;309:6;312:6;313:7;314:8;317:23;319:15;321:18;324:20;325:21;327:9;328:8;331:9;333:36;339:24;341:11;347:5;348:4;351:27;354:8;355:4;364:6;366:57;368:18;370:15;372:14;375:7;376:13;380:6;382:4;383:9;384:13;385:6;388:33;390:17;396:21;398:5;400:8;402:19;410:6;412:23;414:17;421:13;424:35;426:25;428:6;430:10;431:9;432:13;433:8;435:4;438:17;440:8;442:57;444:50;446:9;448:9;459:4;461:3;463:18;465:9;467:20;468:34;469:34;470:12;472:9;475:4;476:8;477:4;478:5;485:33;487:9;489:3;490:11;491:1;493:47;495:24;497:17;503:19;505:40;507:17;509:19;511:11;513:11;514:7;515:2;516:28;518:45;520:34;524:5;526:6;529:4;530:5;531:8;532:5;535:35;536:3;537:17;539:5;542:7;544:13;546:8;549:33;553:7;556:4;565:4;570:2;571:2;574:18;586:2;591:8;614:4;616:27;617:55;618:23;622:6;624:4;626:7;627:16;628:8;629:5;630:17;631:14;632:1;633:7;635:2;637:10;638:13;639:9;640:10;641:7;642:12;643:14;644:3;646:29;649:8;650:6;653:7;657:5;658:8;661:3;663:23;665:7;667:28;668:21;670:18;672:7;674:30;676:23;680:9;684:43;686:21;688:16;689:39;690:8;692:26;694:10;696:3;698:9;699:59;700:60;701:17;702:7;703:2;705:7;707:37;708:20;709:25;711:8;713:40;714:28;718:4;721:4;723:5;724:2;725:11;726:9;728:3;729:4;731:10;733:6;735:7;740:36;744:18;746:9;748:11;749:6;750:9;751:12;752:15;753:4;754:14;755:9;757:11;761:8;763:12;765:11;766:13;767:23;768:27;769:19;771:31;773:4;775:16;776:9;777:18;778:15;780:17;781:5,docs/english/PROTOCOL_V2_2.md
experiments/hourvideo/abd_evidence_audit/content/abd_lineage/01_initial_audit_900/AUDIT_CRITERIA_FROZEN.md,FROZEN-DOC,Frozen checksum membership,7e9e25909a97ade16b86c896e5b086f5148b7d3f1bda8a8118db8c07f318f4e3,experiments/hourvideo/abd_evidence_audit/CHECKSUMS.sha256,1:10;3:65;5:9;7:18;8:15;9:11;10:11;11:18;12:8;14:10;23:75;25:83;27:47,docs/english/AUDIT_CRITERIA.md
experiments/hourvideo/abd_evidence_audit/content/abd_lineage/03_independent_review_31/POST_FREEZE_COMPARISON_REPORT.md,FROZEN-DOC,Frozen checksum membership,60e4696ee3f333da6e877295672d2774521076d61deb9ca5cf05bc46991a8ec6,experiments/hourvideo/abd_evidence_audit/CHECKSUMS.sha256,19:34;27:29;35:39;43:28;51:29;59:28;67:28;75:31;83:28;91:27;99:27;107:40;115:31;123:29;131:28;139:34;147:34;155:37;163:18;171:28;179:33;187:37;195:33;203:32;211:27;219:37;227:32;235:28;243:27;251:33;259:24,docs/english/ABD_REVIEW.md
experiments/hourvideo/abd_evidence_audit/content/abd_lineage/03_independent_review_31/THREE_WAY_COMPARISON.csv,RAW-EVIDENCE,Frozen structured evidence or result; retain bytes,4c2b5fcded220a869b9b5cbbce26dd3c49134228a2261260111a573903c707db,experiments/hourvideo/abd_evidence_audit/CHECKSUMS.sha256,2:34;3:29;4:39;5:28;6:29;7:28;8:28;9:31;10:28;11:27;12:27;13:40;14:31;15:29;16:28;17:34;18:34;19:37;20:18;21:28;22:33;23:37;24:33;25:32;26:27;27:37;28:32;29:28;30:27;31:33;32:24,N/A
experiments/hourvideo/abd_evidence_audit/content/abd_lineage/03_independent_review_31/reviewer_materials/AUDIT_CRITERIA_FROZEN.md,FROZEN-DOC,Frozen checksum membership,7e9e25909a97ade16b86c896e5b086f5148b7d3f1bda8a8118db8c07f318f4e3,experiments/hourvideo/abd_evidence_audit/CHECKSUMS.sha256,1:10;3:65;5:9;7:18;8:15;9:11;10:11;11:18;12:8;14:10;23:75;25:83;27:47,docs/english/AUDIT_CRITERIA.md
experiments/hourvideo/abd_evidence_audit/content/abd_lineage/04_derived_diagnostics/disagreement_diagnostic/ALL_31_DISAGREEMENTS.md,FROZEN-DOC,Frozen checksum membership,f4f7a891fbd47497b3eeaee9483c53812c2fbd940479dee0c0eacc178f2ee14f,experiments/hourvideo/abd_evidence_audit/CHECKSUMS.sha256,7:3;8:5;9:3;10:5;11:58;12:35;13:55;14:14;18:3;19:5;20:3;21:5;22:56;23:35;24:55;25:14;29:3;30:5;31:3;32:5;33:49;34:35;35:55;36:14;40:3;41:5;42:3;43:5;44:53;45:35;46:55;47:14;51:3;52:5;53:3;54:5;55:49;56:35;57:55;58:14;62:3;63:5;64:3;65:5;66:51;67:35;68:55;69:14;73:3;74:5;75:3;76:5;77:53;78:35;79:55;80:14;84:3;85:5;86:3;87:5;88:57;89:35;90:55;91:14;95:3;96:5;97:3;98:5;99:55;100:35;101:55;102:14;106:3;107:5;108:3;109:5;110:55;111:35;112:55;113:14;117:3;118:5;119:3;120:5;121:61;122:35;123:55;124:14;128:3;129:5;130:3;131:5;132:55;133:35;134:55;135:14;139:3;140:5;141:3;142:5;143:51;144:35;145:55;146:14;150:3;151:5;152:3;153:5;154:40;155:35;156:55;157:14;161:3;162:5;163:3;164:5;165:52;166:35;167:55;168:14;172:3;173:5;174:3;175:5;176:53;177:35;178:55;179:14;183:3;184:5;185:3;186:5;187:47;188:35;189:55;190:14;194:3;195:5;196:3;197:5;198:45;199:35;200:55;201:14;205:3;206:5;207:3;208:5;209:53;210:35;211:55;212:14;216:3;217:5;218:3;219:5;220:53;221:35;222:55;223:14;227:3;228:5;229:3;230:5;231:49;232:35;233:55;234:14;238:3;239:5;240:3;241:5;242:47;243:35;244:55;245:14;249:3;250:5;251:3;252:5;253:50;254:35;255:55;256:14;260:3;261:5;262:3;263:5;264:52;265:35;266:55;267:14;271:3;272:5;273:3;274:5;275:54;276:35;277:55;278:14;282:3;283:5;284:3;285:5;286:47;287:35;288:55;289:14;293:3;294:5;295:3;296:5;297:57;298:35;299:55;300:14;304:3;305:5;306:3;307:5;308:57;309:35;310:55;311:14;315:3;316:5;317:3;318:5;319:54;320:35;321:55;322:14;326:3;327:5;328:3;329:5;330:53;331:35;332:55;333:14;337:3;338:5;339:3;340:5;341:51;342:35;343:55;344:14,docs/english/ABD_REVIEW.md
experiments/hourvideo/abd_evidence_audit/content/abd_lineage/code/compare_abd_disagreement_independent_review_v1.py,SOURCE/PROMPT/CONFIG,Executable source or frozen input; retain bytes,76b4200262e664b178771def069e7fa9d6416342ce027664fb5d255e366166cb,experiments/hourvideo/abd_evidence_audit/CHECKSUMS.sha256,23:34;24:29;25:39;26:28;27:29;28:28;29:28;30:31;31:28;32:27;33:27;34:40;35:31;36:29;37:28;38:34;39:34;40:37;41:18;42:28;43:33;44:37;45:33;46:32;47:27;48:37;49:32;50:28;51:27;52:33;53:24,N/A
experiments/hourvideo/abd_evidence_audit/content/abd_lineage/code/diagnose_abd_audit_disagreements_v1.py,SOURCE/PROMPT/CONFIG,Executable source or frozen input; retain bytes,da64f2af06087ef41ee69fa75698764609528c7d0df3dc003689bf986c4fa51e,experiments/hourvideo/abd_evidence_audit/CHECKSUMS.sha256,24:54;25:52;26:45;27:49;28:45;29:47;30:49;31:53;32:51;33:51;34:57;35:51;36:47;37:36;38:48;39:49;40:43;41:41;42:49;43:49;44:45;45:43;46:46;47:48;48:50;49:43;50:53;51:53;52:50;53:49;54:47;134:28;135:23;154:3;155:5;156:3;157:5;158:4;159:17;160:9;161:9;162:4;163:14,N/A
experiments/hourvideo/abd_evidence_audit/content/historical_r1_r3_gens_audit_900/audit/AUDIT_CRITERIA_FROZEN.md,FROZEN-DOC,Frozen checksum membership,7e9e25909a97ade16b86c896e5b086f5148b7d3f1bda8a8118db8c07f318f4e3,experiments/hourvideo/abd_evidence_audit/CHECKSUMS.sha256,1:10;3:65;5:9;7:18;8:15;9:11;10:11;11:18;12:8;14:10;23:75;25:83;27:47,docs/english/AUDIT_CRITERIA.md
experiments/hourvideo/abd_evidence_audit/content/historical_r1_r3_gens_audit_900/audit/EVIDENCE_AUDIT_REPORT.md,FROZEN-DOC,Frozen checksum membership,e63e701a929f008bba0f2e6b447e6d9f980a18135398587bb92b6e2ad8d66bf9,experiments/hourvideo/abd_evidence_audit/CHECKSUMS.sha256,1:6;3:94;5:6;7:4;8:5;9:12;10:6;11:4;12:19;13:17;14:21;16:103;18:9;20:15;26:26;28:36;30:10;32:10;34:2;40:49;42:15;44:25;46:18;52:128;54:4;56:8;58:39;64:38;66:5;68:11;70:15;71:16;73:36;78:85;82:7;83:12;84:6;85:17;86:14;88:70;90:6;92:60;94:6;96:34;97:40;98:25;99:28;101:2;103:83;105:67;107:55;109:4;111:12;112:8;113:10;114:7;115:4;116:6;117:6;118:9;119:9;120:6;122:19,docs/english/HISTORICAL_AUDIT.md
experiments/hourvideo/abd_evidence_audit/content/historical_r1_r3_gens_audit_900/audit/evidence_audit_freeze.json,RAW-EVIDENCE,Frozen structured evidence or result; retain bytes,0e5e86424f6f02db3320e43a3ea490cc020dbd9caffd6e5f6ef47dcd37d81f3c,experiments/hourvideo/abd_evidence_audit/CHECKSUMS.sha256,2:6,N/A
experiments/hourvideo/abd_evidence_audit/content/historical_r1_r3_gens_audit_900/audit/evidence_audit_frozen.jsonl,RAW-EVIDENCE,Frozen structured evidence or result; retain bytes,120fa48bba3fdba4dc53a71e160c4def946910e9e018764a9df777b32bc8c329,experiments/hourvideo/abd_evidence_audit/CHECKSUMS.sha256,1:86;2:57;3:72;4:90;5:64;6:72;7:102;8:97;9:86;10:87;11:80;12:118;13:80;14:86;15:77;16:62;17:72;18:81;19:76;20:98;21:109;22:102;23:59;24:62;25:77;26:82;27:82;28:52;29:61;30:101;31:38;32:70;33:94;34:36;35:79;36:58;37:96;38:60;39:73;40:71;41:107;42:109;43:77;44:79;45:66;46:56;47:76;48:64;49:46;50:61;51:99;52:57;53:76;54:64;55:55;56:41;57:66;58:59;59:54;60:47;61:53;62:72;63:56;64:72;65:77;66:61;67:82;68:66;69:47;70:92;71:55;72:69;73:50;74:63;75:71;76:54;77:33;78:37;79:56;80:55;81:55;82:66;83:49;84:31;85:28;86:62;87:50;88:60;89:43;90:41;91:54;92:52;93:44;94:62;95:27;96:47;97:47;98:52;99:54;100:34;101:48;102:40;103:36;104:44;105:36;106:54;107:47;108:54;109:55;110:69;111:42;112:29;113:21;114:81;115:76;116:62;117:46;118:61;119:60;120:70;121:46;122:50;123:40;124:56;125:79;126:64;127:71;128:55;129:57;130:50;131:32;132:32;133:68;134:64;135:63;136:67;137:88;138:64;139:44;140:43;141:46;142:58;143:42;144:55;145:55;146:59;147:51;148:68;149:37;150:48;151:69;152:61;153:56;154:60;155:33;156:25;157:44;158:52;159:40;160:42;161:66;162:57;163:46;164:52;165:49;166:47;167:53;168:49;169:59;170:39;171:58;172:44;173:46;174:29;175:41;176:48;177:65;178:51;179:33;180:37;181:48;182:35;183:23;184:53;185:43;186:54;187:45;188:39;189:55;190:50;191:36;192:54;193:31;194:64;195:48;196:43;197:44;198:65;199:30;200:46;201:51;202:68;203:63;204:45;205:40;206:32;207:58;208:44;209:47;210:38;211:49;212:33;213:42;214:47;215:41;216:41;217:34;218:48;219:44;220:64;221:34;222:28;223:44;224:28;225:46;226:46;227:54;228:48;229:45;230:47;231:49;232:24;233:41;234:43;235:37;236:48;237:18;238:45;239:38;240:42;241:40;242:25;243:44;244:47;245:57;246:37;247:54;248:40;249:43;250:34;251:27;252:27;253:51;254:43;255:44;256:27;257:31;258:36;259:53;260:28;261:37;262:32;263:46;264:53;265:39;266:35;267:43;268:37;269:45;270:41;271:41;272:41;273:30;274:55;275:40;276:35;277:35;278:48;279:35;280:40;281:26;282:21;283:24;284:47;285:49;286:39;287:29;288:70;289:47;290:38;291:39;292:29;293:36;294:36;295:25;296:42;297:41;298:42;299:36;300:32;301:34;302:37;303:60;304:35;305:36;306:62;307:49;308:38;309:51;310:39;311:50;312:53;313:69;314:53;315:53;316:53;317:54;318:51;319:37;320:40;321:45;322:50;323:26;324:31;325:48;326:47;327:47;328:58;329:56;330:32;331:40;332:45;333:50;334:41;335:45;336:19;337:51;338:56;339:28;340:50;341:36;342:43;343:64;344:47;345:60;346:34;347:51;348:54;349:56;350:47;351:30;352:45;353:32;354:34;355:30;356:53;357:54;358:36;359:46;360:25;361:63;362:54;363:45;364:23;365:51;366:54;367:30;368:46;369:51;370:51;371:44;372:27;373:63;374:50;375:22;376:54;377:52;378:51;379:63;380:48;381:41;382:43;383:58;384:43;385:62;386:49;387:51;388:29;389:58;390:35;391:53;392:40;393:59;394:41;395:47;396:23;397:49;398:34;399:22;400:50;401:27;402:52;403:53;404:20;405:28;406:24;407:41;408:29;409:45;410:40;411:38;412:37;413:29;414:39;415:41;416:47;417:39;418:44;419:48;420:61;421:45;422:31;423:42;424:27;425:46;426:53;427:57;428:32;429:36;430:26;431:33;432:42;433:47;434:40;435:35;436:41;437:35;438:51;439:42;440:23;441:27;442:59;443:57;444:52;445:16;446:50;447:19;448:60;449:51;450:53;451:22;452:46;453:27;454:43;455:39;456:32;457:45;458:70;459:42;460:55;461:27;462:38;463:61;464:40;465:37;466:35;467:50;468:37;469:28;470:39;471:31;472:24;473:40;474:52;475:62;476:26;477:48;478:46;479:47;480:57;481:57;482:58;483:59;484:39;485:27;486:50;487:43;488:30;489:58;490:46;491:39;492:22;493:58;494:46;495:42;496:41;497:47;498:54;499:47;500:89;501:28;502:29;503:50;504:46;505:22;506:47;507:34;508:37;509:28;510:50;511:46;512:44;513:49;514:56;515:51;516:39;517:45;518:45;519:43;520:51;521:66;522:45;523:54;524:62;525:52;526:47;527:38;528:51;529:49;530:59;531:48;532:51;533:46;534:55;535:60;536:46;537:34;538:40;539:50;540:22;541:32;542:36;543:51;544:23;545:50;546:21;547:47;548:46;549:51;550:30;551:43;552:47;553:40;554:22;555:52;556:48;557:43;558:39;559:45;560:42;561:35;562:31;563:24;564:46;565:47;566:47;567:21;568:51;569:51;570:49;571:60;572:38;573:54;574:21;575:25;576:39;577:44;578:34;579:56;580:50;581:54;582:39;583:59;584:36;585:35;586:66;587:60;588:51;589:68;590:48;591:27;592:53;593:46;594:55;595:60;596:58;597:62;598:48;599:24;600:59;601:52;602:52;603:24;604:64;605:23;606:47;607:58;608:21;609:25;610:52;611:34;612:56;613:58;614:55;615:52;616:54;617:57;618:19;619:29;620:56;621:54;622:56;623:47;624:36;625:50;626:61;627:64;628:62;629:67;630:52;631:61;632:48;633:56;634:48;635:57;636:54;637:52;638:62;639:21;640:60;641:50;642:19;643:50;644:51;645:17;646:23;647:21;648:45;649:64;650:39;651:26;652:43;653:64;654:53;655:72;656:66;657:53;658:23;659:59;660:51;661:29;662:21;663:65;664:48;665:59;666:63;667:46;668:59;669:47;670:69;671:59;672:60;673:52;674:51;675:56;676:54;677:57;678:49;679:31;680:58;681:58;682:59;683:56;684:51;685:48;686:35;687:20;688:60;689:57;690:51;691:36;692:34;693:32;694:48;695:56;696:51;697:55;698:53;699:44;700:29;701:64;702:45;703:67;704:21;705:47;706:53;707:24;708:49;709:68;710:57;711:44;712:53;713:24;714:55;715:60;716:54;717:26;718:19;719:53;720:46;721:24;722:22;723:61;724:52;725:54;726:44;727:22;728:58;729:50;730:63;731:46;732:54;733:45;734:57;735:51;736:42;737:45;738:57;739:48;740:44;741:25;742:47;743:51;744:42;745:54;746:30;747:49;748:49;749:60;750:20;751:46;752:48;753:45;754:46;755:55;756:44;757:50;758:55;759:52;760:39;761:50;762:41;763:46;764:37;765:43;766:21;767:54;768:37;769:20;770:46;771:39;772:43;773:46;774:41;775:36;776:30;777:43;778:49;779:20;780:42;781:46;782:31;783:37;784:46;785:22;786:41;787:46;788:44;789:49;790:47;791:39;792:49;793:46;794:38;795:30;796:38;797:42;798:43;799:25;800:40;801:37;802:28;803:39;804:41;805:55;806:42;807:43;808:19;809:41;810:49;811:42;812:54;813:41;814:42;815:57;816:26;817:18;818:40;819:52;820:35;821:47;822:44;823:37;824:40;825:36;826:41;827:18;828:48;829:32;830:42;831:54;832:67;833:84;834:73;835:72;836:70;837:52;838:61;839:45;840:51;841:37;842:39;843:33;844:38;845:58;846:55;847:29;848:47;849:56;850:49;851:52;852:53;853:68;854:28;855:35;856:30;857:73;858:63;859:29;860:52;861:54;862:29;863:41;864:48;865:50;866:73;867:57;868:66;869:36;870:23;871:41;872:61;873:44;874:29;875:66;876:67;877:52;878:50;879:69;880:61;881:62;882:46;883:76;884:49;885:39;886:47;887:34;888:55;889:58;890:43;891:66;892:56;893:38;894:28;895:74;896:64;897:50;898:75;899:82;900:50,N/A
experiments/hourvideo/abd_evidence_audit/content/historical_r1_r3_gens_audit_900/audit/evidence_score_cross_stats.json,RAW-EVIDENCE,Frozen structured evidence or result; retain bytes,84ec3eced8ff306fa07f65ef960b97dce31f15b5c51d985b3c6701dadadd01af,experiments/hourvideo/abd_evidence_audit/CHECKSUMS.sha256,2:6,N/A
experiments/hourvideo/abd_evidence_audit/content/historical_r1_r3_gens_audit_900/audit/fixed_examples.json,RAW-EVIDENCE,Frozen structured evidence or result; retain bytes,b1ace7a8b3b42473beaf08ec33159fa50d06179154805db7e2128b99e5e5195f,experiments/hourvideo/abd_evidence_audit/CHECKSUMS.sha256,5:35;15:48;28:43;38:73;51:20;61:26;73:46;84:37;97:34;107:40;121:35;133:38;146:44;157:49;170:40;181:39;195:54;206:28;218:39;229:32;244:27;255:48;269:29;281:16;294:46;305:68;318:38;329:27;341:46;351:30;364:61;376:34,N/A
experiments/hourvideo/abd_evidence_audit/content/historical_r1_r3_gens_audit_900/audit/package_freeze.json,RAW-EVIDENCE,Frozen structured evidence or result; retain bytes,9560d85afb203d0083650a047aff3b31746939ac3b423df89cf89b6db79ee242,experiments/hourvideo/abd_evidence_audit/CHECKSUMS.sha256,2:6,N/A
experiments/hourvideo/abd_evidence_audit/content/historical_r1_r3_gens_audit_900/audit/progress.json,RAW-EVIDENCE,Frozen structured evidence or result; retain bytes,23dc0321c5478671e1e27da94a8202bb4a6d80f4363a5e3519c4b2c5ea5a6b54,experiments/hourvideo/abd_evidence_audit/CHECKSUMS.sha256,2:6,N/A
experiments/hourvideo/abd_evidence_audit/content/historical_r1_r3_gens_audit_900/audit/reviews/B001.jsonl,RAW-EVIDENCE,Frozen structured evidence or result; retain bytes,e17b004c9153a05989196ed6d5f534148f475362c7cff88336acb91839a7d565,experiments/hourvideo/abd_evidence_audit/CHECKSUMS.sha256,1:86;2:57;3:72;4:90;5:64;6:72,N/A
experiments/hourvideo/abd_evidence_audit/content/historical_r1_r3_gens_audit_900/audit/reviews/B002.jsonl,RAW-EVIDENCE,Frozen structured evidence or result; retain bytes,9d9f7948e9c573af8c259998b334adba155c5025e6d11962993f748f534e62dc,experiments/hourvideo/abd_evidence_audit/CHECKSUMS.sha256,1:102;2:97;3:86,N/A
experiments/hourvideo/abd_evidence_audit/content/historical_r1_r3_gens_audit_900/audit/reviews/B003.jsonl,RAW-EVIDENCE,Frozen structured evidence or result; retain bytes,c2c8855f38cfd01f64a62e216f87b80f6ac08709d5a8a47681dd0da4aefc1576,experiments/hourvideo/abd_evidence_audit/CHECKSUMS.sha256,1:87;2:80;3:118,N/A
experiments/hourvideo/abd_evidence_audit/content/historical_r1_r3_gens_audit_900/audit/reviews/B004.jsonl,RAW-EVIDENCE,Frozen structured evidence or result; retain bytes,0fba223da9688ee2db316ee06d942a53338365c0ecedcd3d198d080d9eeb4792,experiments/hourvideo/abd_evidence_audit/CHECKSUMS.sha256,1:80;2:86;3:77;4:62,N/A
experiments/hourvideo/abd_evidence_audit/content/historical_r1_r3_gens_audit_900/audit/reviews/B005.jsonl,RAW-EVIDENCE,Frozen structured evidence or result; retain bytes,3ab55d78909240543e7e992f112d9a344423c51e9d6dee73f70af7206c9059f7,experiments/hourvideo/abd_evidence_audit/CHECKSUMS.sha256,1:72;2:81;3:76;4:98,N/A
experiments/hourvideo/abd_evidence_audit/content/historical_r1_r3_gens_audit_900/audit/reviews/B006.jsonl,RAW-EVIDENCE,Frozen structured evidence or result; retain bytes,e1e8933e8d95c11deae038a61a9c35c3655d5fc1a806c3571b9fbe3f527fbef4,experiments/hourvideo/abd_evidence_audit/CHECKSUMS.sha256,1:109;2:102;3:59;4:62,N/A
experiments/hourvideo/abd_evidence_audit/content/historical_r1_r3_gens_audit_900/audit/reviews/B007.jsonl,RAW-EVIDENCE,Frozen structured evidence or result; retain bytes,8a6a5f0f14ce015e6500956234ec2fddc689ac4808f6365d1584df5e9c02cdf3,experiments/hourvideo/abd_evidence_audit/CHECKSUMS.sha256,1:77;2:82;3:82,N/A
experiments/hourvideo/abd_evidence_audit/content/historical_r1_r3_gens_audit_900/audit/reviews/B008.jsonl,RAW-EVIDENCE,Frozen structured evidence or result; retain bytes,e88346bebf10c8b7cfc6903657a8f2a952760a6eee6156daf87b98fc5340ec32,experiments/hourvideo/abd_evidence_audit/CHECKSUMS.sha256,1:52;2:61;3:101;4:38;5:70,N/A
experiments/hourvideo/abd_evidence_audit/content/historical_r1_r3_gens_audit_900/audit/reviews/B009.jsonl,RAW-EVIDENCE,Frozen structured evidence or result; retain bytes,8bda140953b98e708796f734f8cde5df1007bceba7a5c49d24e91f6610299d2c,experiments/hourvideo/abd_evidence_audit/CHECKSUMS.sha256,1:94;2:36;3:79;4:58,N/A
experiments/hourvideo/abd_evidence_audit/content/historical_r1_r3_gens_audit_900/audit/reviews/B010.jsonl,RAW-EVIDENCE,Frozen structured evidence or result; retain bytes,054366550ec53d88034dbd9ffc7b7029df800b7f6246aeae51229f38b91f0065,experiments/hourvideo/abd_evidence_audit/CHECKSUMS.sha256,1:96;2:60;3:73;4:71;5:107,N/A
experiments/hourvideo/abd_evidence_audit/content/historical_r1_r3_gens_audit_900/audit/reviews/B011.jsonl,RAW-EVIDENCE,Frozen structured evidence or result; retain bytes,88318b3db18e16c8864401492afa00d218c26ebe4e70ee9467b49cf947b54c90,experiments/hourvideo/abd_evidence_audit/CHECKSUMS.sha256,1:109;2:77;3:79,N/A
experiments/hourvideo/abd_evidence_audit/content/historical_r1_r3_gens_audit_900/audit/reviews/B012.jsonl,RAW-EVIDENCE,Frozen structured evidence or result; retain bytes,690e2331c755babeed054649a9fccd01725a3b8e0c95de627af009720cc63596,experiments/hourvideo/abd_evidence_audit/CHECKSUMS.sha256,1:66;2:56;3:76;4:64;5:46,N/A
experiments/hourvideo/abd_evidence_audit/content/historical_r1_r3_gens_audit_900/audit/reviews/B013.jsonl,RAW-EVIDENCE,Frozen structured evidence or result; retain bytes,d8623ebf70b639ba0153b7ca31fc969e3e05cfc5cc26cd6e39dbb7bf82695a51,experiments/hourvideo/abd_evidence_audit/CHECKSUMS.sha256,1:61;2:99;3:57;4:76,N/A
experiments/hourvideo/abd_evidence_audit/content/historical_r1_r3_gens_audit_900/audit/reviews/B014.jsonl,RAW-EVIDENCE,Frozen structured evidence or result; retain bytes,332d37ac126849b2ce4af69044da98bbac4a698dbe5428a0e28ced73600220f4,experiments/hourvideo/abd_evidence_audit/CHECKSUMS.sha256,1:64;2:55;3:41;4:66,N/A
experiments/hourvideo/abd_evidence_audit/content/historical_r1_r3_gens_audit_900/audit/reviews/B015.jsonl,RAW-EVIDENCE,Frozen structured evidence or result; retain bytes,25a6fe2027ba64012b3232fc8b0509d8733a8592ef09a7289e679c4b9b7001e5,experiments/hourvideo/abd_evidence_audit/CHECKSUMS.sha256,1:59;2:54;3:47;4:53,N/A
experiments/hourvideo/abd_evidence_audit/content/historical_r1_r3_gens_audit_900/audit/reviews/B016.jsonl,RAW-EVIDENCE,Frozen structured evidence or result; retain bytes,8023c39922c904ed60f8c8805da4d2cb163440c72bf2ef1bed968c87c22f12d2,experiments/hourvideo/abd_evidence_audit/CHECKSUMS.sha256,1:72;2:56;3:72;4:77;5:61,N/A
experiments/hourvideo/abd_evidence_audit/content/historical_r1_r3_gens_audit_900/audit/reviews/B017.jsonl,RAW-EVIDENCE,Frozen structured evidence or result; retain bytes,2d3a3b57a52f72c76b94f034ed755bfc6bd2b69a02af2813697a1ce7d0df570e,experiments/hourvideo/abd_evidence_audit/CHECKSUMS.sha256,1:82;2:66;3:47;4:92,N/A
experiments/hourvideo/abd_evidence_audit/content/historical_r1_r3_gens_audit_900/audit/reviews/B018.jsonl,RAW-EVIDENCE,Frozen structured evidence or result; retain bytes,f363aeb716b1fa307f30700c9531b899d02ca2a35a5218377349d6c51452adb5,experiments/hourvideo/abd_evidence_audit/CHECKSUMS.sha256,1:55;2:69;3:50,N/A
experiments/hourvideo/abd_evidence_audit/content/historical_r1_r3_gens_audit_900/audit/reviews/B019.jsonl,RAW-EVIDENCE,Frozen structured evidence or result; retain bytes,ac568b7a4024d283ea128b13eb1e7f4bd227efcd4f33213eca3f8ce9f196a77e,experiments/hourvideo/abd_evidence_audit/CHECKSUMS.sha256,1:63;2:71;3:54;4:33;5:37,N/A
experiments/hourvideo/abd_evidence_audit/content/historical_r1_r3_gens_audit_900/audit/reviews/B020.jsonl,RAW-EVIDENCE,Frozen structured evidence or result; retain bytes,5652a514c1f44df3a48bc3dbb3bf810913fcf64bd3947f3721347c601d446fb2,experiments/hourvideo/abd_evidence_audit/CHECKSUMS.sha256,1:56;2:55;3:55;4:66;5:49;6:31;7:28,N/A
experiments/hourvideo/abd_evidence_audit/content/historical_r1_r3_gens_audit_900/audit/reviews/B021.jsonl,RAW-EVIDENCE,Frozen structured evidence or result; retain bytes,6e29227fd433557e99f4daca01477245acf9aee6f4b0035b3b9177b0e7adfbb9,experiments/hourvideo/abd_evidence_audit/CHECKSUMS.sha256,1:62;2:50;3:60,N/A
experiments/hourvideo/abd_evidence_audit/content/historical_r1_r3_gens_audit_900/audit/reviews/B022.jsonl,RAW-EVIDENCE,Frozen structured evidence or result; retain bytes,c218e8eac81a8b2e6e3c2f4a67bee6499b8dbbe29ecb7851615f5f98653e20e1,experiments/hourvideo/abd_evidence_audit/CHECKSUMS.sha256,1:43;2:41;3:54;4:52,N/A
experiments/hourvideo/abd_evidence_audit/content/historical_r1_r3_gens_audit_900/audit/reviews/B023.jsonl,RAW-EVIDENCE,Frozen structured evidence or result; retain bytes,55e16948e570198cd3285c91ff08a9b4e1093a21f5e71561767ced07ebb7f1aa,experiments/hourvideo/abd_evidence_audit/CHECKSUMS.sha256,1:44;2:62;3:27;4:47;5:47,N/A
experiments/hourvideo/abd_evidence_audit/content/historical_r1_r3_gens_audit_900/audit/reviews/B024.jsonl,RAW-EVIDENCE,Frozen structured evidence or result; retain bytes,0a3d94be614cd4b4ea472f9ec89ccbf84a79cde2c8981a458f75954468152872,experiments/hourvideo/abd_evidence_audit/CHECKSUMS.sha256,1:52;2:54;3:34,N/A
experiments/hourvideo/abd_evidence_audit/content/historical_r1_r3_gens_audit_900/audit/reviews/B025.jsonl,RAW-EVIDENCE,Frozen structured evidence or result; retain bytes,b93329a3a775be53c954ebd631d92a350b931bbea2fedcd0fda28f28a4fbb010,experiments/hourvideo/abd_evidence_audit/CHECKSUMS.sha256,1:48;2:40;3:36;4:44,N/A
experiments/hourvideo/abd_evidence_audit/content/historical_r1_r3_gens_audit_900/audit/reviews/B026.jsonl,RAW-EVIDENCE,Frozen structured evidence or result; retain bytes,bd58e874d32a1483f483340c00008347f304e9ca8abcf2e81e58d50c0cc282e8,experiments/hourvideo/abd_evidence_audit/CHECKSUMS.sha256,1:36;2:54;3:47;4:54,N/A
experiments/hourvideo/abd_evidence_audit/content/historical_r1_r3_gens_audit_900/audit/reviews/B027.jsonl,RAW-EVIDENCE,Frozen structured evidence or result; retain bytes,7d70ebeaa525bd10f95cba1b80bcf9ba02a3f334cd4d49d71966f63d2a80d8e2,experiments/hourvideo/abd_evidence_audit/CHECKSUMS.sha256,1:55;2:69;3:42;4:29;5:21,N/A
experiments/hourvideo/abd_evidence_audit/content/historical_r1_r3_gens_audit_900/audit/reviews/B028.jsonl,RAW-EVIDENCE,Frozen structured evidence or result; retain bytes,867d332e580c48ca0a76443ad3e4f4671a53777e7a4ee079fb20535f29097113,experiments/hourvideo/abd_evidence_audit/CHECKSUMS.sha256,1:81;2:76;3:62;4:46;5:61;6:60;7:70,N/A
experiments/hourvideo/abd_evidence_audit/content/historical_r1_r3_gens_audit_900/audit/reviews/B029.jsonl,RAW-EVIDENCE,Frozen structured evidence or result; retain bytes,eedbb5d39b55ea4e529c053a50221f6547f0a46a850025fa2b0e52de3c7f9049,experiments/hourvideo/abd_evidence_audit/CHECKSUMS.sha256,1:46;2:50;3:40;4:56;5:79;6:64,N/A
experiments/hourvideo/abd_evidence_audit/content/historical_r1_r3_gens_audit_900/audit/reviews/B030.jsonl,RAW-EVIDENCE,Frozen structured evidence or result; retain bytes,a0437028f72b85c7e436d315fc621b2629e566babc21caec1996fa2c5c712eb0,experiments/hourvideo/abd_evidence_audit/CHECKSUMS.sha256,1:71;2:55;3:57;4:50;5:32,N/A
experiments/hourvideo/abd_evidence_audit/content/historical_r1_r3_gens_audit_900/audit/reviews/B031.jsonl,RAW-EVIDENCE,Frozen structured evidence or result; retain bytes,46d1597008ed39f0858a24cd37c6fc09ad3cd74bf7c73d9c0bb01a62ed704d94,experiments/hourvideo/abd_evidence_audit/CHECKSUMS.sha256,1:32;2:68;3:64;4:63,N/A
experiments/hourvideo/abd_evidence_audit/content/historical_r1_r3_gens_audit_900/audit/reviews/B032.jsonl,RAW-EVIDENCE,Frozen structured evidence or result; retain bytes,3805b6bd73e461de47efa9ffd21854e83b6d4c7bcbaffdc56d1cd8820096597f,experiments/hourvideo/abd_evidence_audit/CHECKSUMS.sha256,1:67;2:88;3:64,N/A
experiments/hourvideo/abd_evidence_audit/content/historical_r1_r3_gens_audit_900/audit/reviews/B033.jsonl,RAW-EVIDENCE,Frozen structured evidence or result; retain bytes,3883fe33bb5e213b5480bac81df7999cb674f05199da245ad7e21a3bb1ee81a3,experiments/hourvideo/abd_evidence_audit/CHECKSUMS.sha256,1:44;2:43;3:46,N/A
experiments/hourvideo/abd_evidence_audit/content/historical_r1_r3_gens_audit_900/audit/reviews/B034.jsonl,RAW-EVIDENCE,Frozen structured evidence or result; retain bytes,4e52c12efbbb3c533b7db41d30ca32ca0d2618153da82447bd6257a2d210f9b4,experiments/hourvideo/abd_evidence_audit/CHECKSUMS.sha256,1:58;2:42;3:55,N/A
experiments/hourvideo/abd_evidence_audit/content/historical_r1_r3_gens_audit_900/audit/reviews/B035.jsonl,RAW-EVIDENCE,Frozen structured evidence or result; retain bytes,9350446c2d64c30611cb0c0344c490ac2ee5fb203f9a05bedfc79824c50fc7d7,experiments/hourvideo/abd_evidence_audit/CHECKSUMS.sha256,1:55;2:59;3:51;4:68,N/A
experiments/hourvideo/abd_evidence_audit/content/historical_r1_r3_gens_audit_900/audit/reviews/B036.jsonl,RAW-EVIDENCE,Frozen structured evidence or result; retain bytes,108f2b4fa132ce278061c5328ab4062eaaaf47e7b9e0ede801456a511a842f4a,experiments/hourvideo/abd_evidence_audit/CHECKSUMS.sha256,1:37;2:48;3:69,N/A
experiments/hourvideo/abd_evidence_audit/content/historical_r1_r3_gens_audit_900/audit/reviews/B037.jsonl,RAW-EVIDENCE,Frozen structured evidence or result; retain bytes,8b3d526df374710f1f959f511da352f6509b543ebc9b5ecc3c2cff2c488880f2,experiments/hourvideo/abd_evidence_audit/CHECKSUMS.sha256,1:61;2:56;3:60;4:33,N/A
experiments/hourvideo/abd_evidence_audit/content/historical_r1_r3_gens_audit_900/audit/reviews/B038.jsonl,RAW-EVIDENCE,Frozen structured evidence or result; retain bytes,719a41369ab0a041eb810dfa19a4e99930ea4f00e8418af9d32c62f35d1bc33f,experiments/hourvideo/abd_evidence_audit/CHECKSUMS.sha256,1:25;2:44;3:52;4:40;5:42,N/A
experiments/hourvideo/abd_evidence_audit/content/historical_r1_r3_gens_audit_900/audit/reviews/B039.jsonl,RAW-EVIDENCE,Frozen structured evidence or result; retain bytes,838ed138339831c123b5b52ecc9ea0931441ce619b1e054a1564f756f6d23e4a,experiments/hourvideo/abd_evidence_audit/CHECKSUMS.sha256,1:66;2:57;3:46,N/A
experiments/hourvideo/abd_evidence_audit/content/historical_r1_r3_gens_audit_900/audit/reviews/B040.jsonl,RAW-EVIDENCE,Frozen structured evidence or result; retain bytes,c9490b72a76da125f11b931a7b549330184cd70582313cc157fcdf547b0cfa8a,experiments/hourvideo/abd_evidence_audit/CHECKSUMS.sha256,1:52;2:49;3:47;4:53;5:49,N/A
experiments/hourvideo/abd_evidence_audit/content/historical_r1_r3_gens_audit_900/audit/reviews/B041.jsonl,RAW-EVIDENCE,Frozen structured evidence or result; retain bytes,9654acdec9448423e55f7f3151bde7bb64768b0995b395afbd1c88ed3bb96182,experiments/hourvideo/abd_evidence_audit/CHECKSUMS.sha256,1:59;2:39;3:58;4:44;5:46;6:29,N/A
experiments/hourvideo/abd_evidence_audit/content/historical_r1_r3_gens_audit_900/audit/reviews/B042.jsonl,RAW-EVIDENCE,Frozen structured evidence or result; retain bytes,efbf2c932048feb643efff413bf72c5f90ef6d36bbc1292a9171703ee62f477f,experiments/hourvideo/abd_evidence_audit/CHECKSUMS.sha256,1:41;2:48;3:65;4:51,N/A
experiments/hourvideo/abd_evidence_audit/content/historical_r1_r3_gens_audit_900/audit/reviews/B043.jsonl,RAW-EVIDENCE,Frozen structured evidence or result; retain bytes,f4e7c4079ef3397dc2c5af6cd8f3d3a46e08fafd1fff190ac9d535ad19424b65,experiments/hourvideo/abd_evidence_audit/CHECKSUMS.sha256,1:33;2:37;3:48;4:35;5:23;6:53;7:43;8:54;9:45,N/A
experiments/hourvideo/abd_evidence_audit/content/historical_r1_r3_gens_audit_900/audit/reviews/B044.jsonl,RAW-EVIDENCE,Frozen structured evidence or result; retain bytes,499343e92b70b7bd8541e70550312cc6dd513e2b19be1ce55d64ac0d9cb6e965,experiments/hourvideo/abd_evidence_audit/CHECKSUMS.sha256,1:39;2:55;3:50;4:36;5:54;6:31,N/A
experiments/hourvideo/abd_evidence_audit/content/historical_r1_r3_gens_audit_900/audit/reviews/B045.jsonl,RAW-EVIDENCE,Frozen structured evidence or result; retain bytes,39a9965455f32115ab3ff3a4a10dff4c2280937d0c9c6d1d08d1021fa76829b7,experiments/hourvideo/abd_evidence_audit/CHECKSUMS.sha256,1:64;2:48;3:43;4:44,N/A
experiments/hourvideo/abd_evidence_audit/content/historical_r1_r3_gens_audit_900/audit/reviews/B046.jsonl,RAW-EVIDENCE,Frozen structured evidence or result; retain bytes,447c9d05b1085a40dc4528002d989e545e23eff57e2e535e748a4b9fda0ed22f,experiments/hourvideo/abd_evidence_audit/CHECKSUMS.sha256,1:65;2:30;3:46,N/A
experiments/hourvideo/abd_evidence_audit/content/historical_r1_r3_gens_audit_900/audit/reviews/B047.jsonl,RAW-EVIDENCE,Frozen structured evidence or result; retain bytes,47c8a185b88f77f2c94b91ac5b2d638c495ce124fb25bede430ff1ec8a28581e,experiments/hourvideo/abd_evidence_audit/CHECKSUMS.sha256,1:51;2:68;3:63,N/A
experiments/hourvideo/abd_evidence_audit/content/historical_r1_r3_gens_audit_900/audit/reviews/B048.jsonl,RAW-EVIDENCE,Frozen structured evidence or result; retain bytes,9c01d3d501da80ea2616d1f68d512ad13ed6184e501621d0ddf7a7390342798e,experiments/hourvideo/abd_evidence_audit/CHECKSUMS.sha256,1:45;2:40;3:32;4:58;5:44,N/A
experiments/hourvideo/abd_evidence_audit/content/historical_r1_r3_gens_audit_900/audit/reviews/B049.jsonl,RAW-EVIDENCE,Frozen structured evidence or result; retain bytes,47335233236aea3d1a854f9057a6d36cb1315e83b6c1c2c9292991f98197a03b,experiments/hourvideo/abd_evidence_audit/CHECKSUMS.sha256,1:47;2:38;3:49;4:33,N/A
experiments/hourvideo/abd_evidence_audit/content/historical_r1_r3_gens_audit_900/audit/reviews/B050.jsonl,RAW-EVIDENCE,Frozen structured evidence or result; retain bytes,c78be065da980178e502a3a938417ef0e0249f55f6e2178bb961e18d3bc2f29a,experiments/hourvideo/abd_evidence_audit/CHECKSUMS.sha256,1:42;2:47;3:41;4:41;5:34,N/A
experiments/hourvideo/abd_evidence_audit/content/historical_r1_r3_gens_audit_900/audit/reviews/B051.jsonl,RAW-EVIDENCE,Frozen structured evidence or result; retain bytes,5e871e2ab35fe92eacd12a5680e45ac260e5951cca45f8dce6434ce316b53ec0,experiments/hourvideo/abd_evidence_audit/CHECKSUMS.sha256,1:48;2:44;3:64;4:34,N/A
experiments/hourvideo/abd_evidence_audit/content/historical_r1_r3_gens_audit_900/audit/reviews/B052.jsonl,RAW-EVIDENCE,Frozen structured evidence or result; retain bytes,5768945f79874cf4eda269104a95856ee0a61068515ca331bd43fec24c86fced,experiments/hourvideo/abd_evidence_audit/CHECKSUMS.sha256,1:28;2:44;3:28;4:46;5:46,N/A
experiments/hourvideo/abd_evidence_audit/content/historical_r1_r3_gens_audit_900/audit/reviews/B053.jsonl,RAW-EVIDENCE,Frozen structured evidence or result; retain bytes,cc7612ec50d0667e19c7701451ed7c46edc013c0763bc28024d9897d286e6904,experiments/hourvideo/abd_evidence_audit/CHECKSUMS.sha256,1:54;2:48;3:45;4:47;5:49,N/A
experiments/hourvideo/abd_evidence_audit/content/historical_r1_r3_gens_audit_900/audit/reviews/B054.jsonl,RAW-EVIDENCE,Frozen structured evidence or result; retain bytes,23741c4bb226caff9bdcd0908fb7373873f5db279e903035cbfe5a71669aa9c6,experiments/hourvideo/abd_evidence_audit/CHECKSUMS.sha256,1:24;2:41;3:43;4:37;5:48;6:18,N/A
experiments/hourvideo/abd_evidence_audit/content/historical_r1_r3_gens_audit_900/audit/reviews/B055.jsonl,RAW-EVIDENCE,Frozen structured evidence or result; retain bytes,416cf8e2abaf92a70448865c697a9b8e2ce68dc1431350f8919c8c6a3490626c,experiments/hourvideo/abd_evidence_audit/CHECKSUMS.sha256,1:45;2:38;3:42;4:40;5:25,N/A
experiments/hourvideo/abd_evidence_audit/content/historical_r1_r3_gens_audit_900/audit/reviews/B056.jsonl,RAW-EVIDENCE,Frozen structured evidence or result; retain bytes,efb2b1787147b7be39183d47d63d8f416c0995977ad46266d6ade1c63dda0cd5,experiments/hourvideo/abd_evidence_audit/CHECKSUMS.sha256,1:44;2:47;3:57;4:37,N/A
experiments/hourvideo/abd_evidence_audit/content/historical_r1_r3_gens_audit_900/audit/reviews/B057.jsonl,RAW-EVIDENCE,Frozen structured evidence or result; retain bytes,15c6a7ff906536cd05524673e9346b96964eda9ad9fca6f254c9f98ece2771e0,experiments/hourvideo/abd_evidence_audit/CHECKSUMS.sha256,1:54;2:40;3:43,N/A
experiments/hourvideo/abd_evidence_audit/content/historical_r1_r3_gens_audit_900/audit/reviews/B058.jsonl,RAW-EVIDENCE,Frozen structured evidence or result; retain bytes,6478f7e9106e3d43d924158db9021f46d25257fae207b875a64f01208dca4fee,experiments/hourvideo/abd_evidence_audit/CHECKSUMS.sha256,1:34;2:27;3:27;4:51,N/A
experiments/hourvideo/abd_evidence_audit/content/historical_r1_r3_gens_audit_900/audit/reviews/B059.jsonl,RAW-EVIDENCE,Frozen structured evidence or result; retain bytes,1e0087fe024be44303d6fc8ab13cf93adbd5edebeb0f97f3de87e99328959058,experiments/hourvideo/abd_evidence_audit/CHECKSUMS.sha256,1:43;2:44;3:27;4:31;5:36;6:53,N/A
experiments/hourvideo/abd_evidence_audit/content/historical_r1_r3_gens_audit_900/audit/reviews/B060.jsonl,RAW-EVIDENCE,Frozen structured evidence or result; retain bytes,3388f1c9dd6077f43c9bc86b4908bf5140f1d1195432da229bcfc9da63c83dda,experiments/hourvideo/abd_evidence_audit/CHECKSUMS.sha256,1:28;2:37;3:32;4:46;5:53,N/A
experiments/hourvideo/abd_evidence_audit/content/historical_r1_r3_gens_audit_900/audit/reviews/B061.jsonl,RAW-EVIDENCE,Frozen structured evidence or result; retain bytes,7cc25805ffc1955dd189dad72d95c60da70b254bc0109bbf09f9156e58d47510,experiments/hourvideo/abd_evidence_audit/CHECKSUMS.sha256,1:39;2:35;3:43;4:37;5:45;6:41,N/A
experiments/hourvideo/abd_evidence_audit/content/historical_r1_r3_gens_audit_900/audit/reviews/B062.jsonl,RAW-EVIDENCE,Frozen structured evidence or result; retain bytes,75b90a6974437d279a8badbfdaae2ffb709709daae13d59457945d11780981cd,experiments/hourvideo/abd_evidence_audit/CHECKSUMS.sha256,1:41;2:41;3:30;4:55;5:40,N/A
experiments/hourvideo/abd_evidence_audit/content/historical_r1_r3_gens_audit_900/audit/reviews/B063.jsonl,RAW-EVIDENCE,Frozen structured evidence or result; retain bytes,6cb27c1ace603b717dafafc58d95dfc63927020d217e94d99962962cfcec6adb,experiments/hourvideo/abd_evidence_audit/CHECKSUMS.sha256,1:35;2:35;3:48;4:35;5:40;6:26,N/A
experiments/hourvideo/abd_evidence_audit/content/historical_r1_r3_gens_audit_900/audit/reviews/B064.jsonl,RAW-EVIDENCE,Frozen structured evidence or result; retain bytes,8bfc9f33e050390aa316e50aeacf8c5b2ea4b08cfc8fa877939f9b2c2c29e234,experiments/hourvideo/abd_evidence_audit/CHECKSUMS.sha256,1:21;2:24;3:47;4:49,N/A
experiments/hourvideo/abd_evidence_audit/content/historical_r1_r3_gens_audit_900/audit/reviews/B065.jsonl,RAW-EVIDENCE,Frozen structured evidence or result; retain bytes,3f2e160c75f5aee229e79b4bc9d14048257f45afc201c052619e84d795ace63e,experiments/hourvideo/abd_evidence_audit/CHECKSUMS.sha256,1:39;2:29;3:70,N/A
experiments/hourvideo/abd_evidence_audit/content/historical_r1_r3_gens_audit_900/audit/reviews/B066.jsonl,RAW-EVIDENCE,Frozen structured evidence or result; retain bytes,b21bcce6cc00f2a50dd317bc1154a48bec73a679d61d4a46f7e92986d09f4f77,experiments/hourvideo/abd_evidence_audit/CHECKSUMS.sha256,1:47;2:38;3:39;4:29;5:36;6:36;7:25,N/A
experiments/hourvideo/abd_evidence_audit/content/historical_r1_r3_gens_audit_900/audit/reviews/B067.jsonl,RAW-EVIDENCE,Frozen structured evidence or result; retain bytes,d87b249a672142fcd2034d6502fa96afc828d62d7ef629df2a4a7def51bb60a2,experiments/hourvideo/abd_evidence_audit/CHECKSUMS.sha256,1:42;2:41;3:42;4:36;5:32,N/A
experiments/hourvideo/abd_evidence_audit/content/historical_r1_r3_gens_audit_900/audit/reviews/B068.jsonl,RAW-EVIDENCE,Frozen structured evidence or result; retain bytes,53b03eda25ddd4b451f1cf1fe8f6670ba7b34fa1411dd8f62a29d7802c38b5b4,experiments/hourvideo/abd_evidence_audit/CHECKSUMS.sha256,1:34;2:37;3:60;4:35;5:36;6:62;7:49,N/A
experiments/hourvideo/abd_evidence_audit/content/historical_r1_r3_gens_audit_900/audit/reviews/B069.jsonl,RAW-EVIDENCE,Frozen structured evidence or result; retain bytes,c1e3f5d2219b3a735e0fdc87acab87c1402b127b880264f9537eae4da6904b54,experiments/hourvideo/abd_evidence_audit/CHECKSUMS.sha256,1:38;2:51;3:39;4:50;5:53,N/A
experiments/hourvideo/abd_evidence_audit/content/historical_r1_r3_gens_audit_900/audit/reviews/B070.jsonl,RAW-EVIDENCE,Frozen structured evidence or result; retain bytes,fa5ba7700e33b94d5cc9fec3eea8a8f2468b73be838bb64e9b43e775634a72bf,experiments/hourvideo/abd_evidence_audit/CHECKSUMS.sha256,1:69;2:53;3:53;4:53,N/A
experiments/hourvideo/abd_evidence_audit/content/historical_r1_r3_gens_audit_900/audit/reviews/B071.jsonl,RAW-EVIDENCE,Frozen structured evidence or result; retain bytes,5b49937ae29a6f1b5897f0af3c11f7cc074a9dea2d7cfdc8946b57d44df0240a,experiments/hourvideo/abd_evidence_audit/CHECKSUMS.sha256,1:54;2:51;3:37;4:40,N/A
experiments/hourvideo/abd_evidence_audit/content/historical_r1_r3_gens_audit_900/audit/reviews/B072.jsonl,RAW-EVIDENCE,Frozen structured evidence or result; retain bytes,8dde921ac6626632987a4edf227fa801909404211994f22282a7acf6ec16c0c5,experiments/hourvideo/abd_evidence_audit/CHECKSUMS.sha256,1:45;2:50;3:26;4:31;5:48;6:47,N/A
experiments/hourvideo/abd_evidence_audit/content/historical_r1_r3_gens_audit_900/audit/reviews/B073.jsonl,RAW-EVIDENCE,Frozen structured evidence or result; retain bytes,a966eead71964692f7b8db46354702da94d1dfb554972b5ec5bc58e241cd7cdb,experiments/hourvideo/abd_evidence_audit/CHECKSUMS.sha256,1:47;2:58;3:56;4:32,N/A
experiments/hourvideo/abd_evidence_audit/content/historical_r1_r3_gens_audit_900/audit/reviews/B074.jsonl,RAW-EVIDENCE,Frozen structured evidence or result; retain bytes,d8339862fe0de9ac36ba3cb2bbbce6db2df8af40cc40b5a434fa42281625e157,experiments/hourvideo/abd_evidence_audit/CHECKSUMS.sha256,1:40;2:45;3:50;4:41,N/A
experiments/hourvideo/abd_evidence_audit/content/historical_r1_r3_gens_audit_900/audit/reviews/B075.jsonl,RAW-EVIDENCE,Frozen structured evidence or result; retain bytes,97a2e65767af00e1a7b54116ca41be422e5a0145337108d4d5e84cc17c4e10a0,experiments/hourvideo/abd_evidence_audit/CHECKSUMS.sha256,1:45;2:19;3:51;4:56;5:28;6:50,N/A
experiments/hourvideo/abd_evidence_audit/content/historical_r1_r3_gens_audit_900/audit/reviews/B076.jsonl,RAW-EVIDENCE,Frozen structured evidence or result; retain bytes,6696b01e5ab75736ee71b7e25f2c6fca1b2292837c626caa809015f9f3ca9009,experiments/hourvideo/abd_evidence_audit/CHECKSUMS.sha256,1:36;2:43;3:64;4:47;5:60,N/A
experiments/hourvideo/abd_evidence_audit/content/historical_r1_r3_gens_audit_900/audit/reviews/B077.jsonl,RAW-EVIDENCE,Frozen structured evidence or result; retain bytes,4d65894ddda6da02308749669fab4a72c6f230da9289d11675e7db8fd305adeb,experiments/hourvideo/abd_evidence_audit/CHECKSUMS.sha256,1:34;2:51;3:54,N/A
experiments/hourvideo/abd_evidence_audit/content/historical_r1_r3_gens_audit_900/audit/reviews/B078.jsonl,RAW-EVIDENCE,Frozen structured evidence or result; retain bytes,5089697f26bf8e28623dfddf171eacb41477beb113d3513423df0f522d495b89,experiments/hourvideo/abd_evidence_audit/CHECKSUMS.sha256,1:56;2:47;3:30;4:45,N/A
experiments/hourvideo/abd_evidence_audit/content/historical_r1_r3_gens_audit_900/audit/reviews/B079.jsonl,RAW-EVIDENCE,Frozen structured evidence or result; retain bytes,1f79cb740c3d2784eb90d6ce12178a1f7ba5f4c4108dbe832c80d4ccfb8f0263,experiments/hourvideo/abd_evidence_audit/CHECKSUMS.sha256,1:32;2:34;3:30;4:53,N/A
experiments/hourvideo/abd_evidence_audit/content/historical_r1_r3_gens_audit_900/audit/reviews/B080.jsonl,RAW-EVIDENCE,Frozen structured evidence or result; retain bytes,f62c808dc90979fc45aec4a32a03d2e76db7aa4ba0350a2e5b1637981e3de6e0,experiments/hourvideo/abd_evidence_audit/CHECKSUMS.sha256,1:54;2:36;3:46;4:25;5:63,N/A
experiments/hourvideo/abd_evidence_audit/content/historical_r1_r3_gens_audit_900/audit/reviews/B081.jsonl,RAW-EVIDENCE,Frozen structured evidence or result; retain bytes,9d5449da4da4d0dab10f1785f2f9fef81e723da2e0fc590f49de3dc9165569db,experiments/hourvideo/abd_evidence_audit/CHECKSUMS.sha256,1:54;2:45;3:23;4:51;5:54;6:30;7:46;8:51,N/A
experiments/hourvideo/abd_evidence_audit/content/historical_r1_r3_gens_audit_900/audit/reviews/B082.jsonl,RAW-EVIDENCE,Frozen structured evidence or result; retain bytes,e4d87e89b58fcc7f72f64886605ca16b0028a8750c3e0d2b94332928cf4c70e4,experiments/hourvideo/abd_evidence_audit/CHECKSUMS.sha256,1:51;2:44;3:27,N/A
experiments/hourvideo/abd_evidence_audit/content/historical_r1_r3_gens_audit_900/audit/reviews/B083.jsonl,RAW-EVIDENCE,Frozen structured evidence or result; retain bytes,d10cd8292af0893cfb5f295ec2a70c54a8e1af6867e9e946f5946ac0700cb233,experiments/hourvideo/abd_evidence_audit/CHECKSUMS.sha256,1:63;2:50;3:22;4:54,N/A
experiments/hourvideo/abd_evidence_audit/content/historical_r1_r3_gens_audit_900/audit/reviews/B084.jsonl,RAW-EVIDENCE,Frozen structured evidence or result; retain bytes,43ed24c649b4887ef8faba54bb20e8f05637bb62609c03e8e16c96d976f8ca2c,experiments/hourvideo/abd_evidence_audit/CHECKSUMS.sha256,1:52;2:51;3:63,N/A
experiments/hourvideo/abd_evidence_audit/content/historical_r1_r3_gens_audit_900/audit/reviews/B085.jsonl,RAW-EVIDENCE,Frozen structured evidence or result; retain bytes,547b271e5fb13230ae43a156614a1a19610e4e9e3632a4be046ff9b5b5512f13,experiments/hourvideo/abd_evidence_audit/CHECKSUMS.sha256,1:48;2:41;3:43;4:58;5:43,N/A
experiments/hourvideo/abd_evidence_audit/content/historical_r1_r3_gens_audit_900/audit/reviews/B086.jsonl,RAW-EVIDENCE,Frozen structured evidence or result; retain bytes,97c9184a7ad1d6b81a251dbfef7bc39041e103c04571d6fb76ea3bae60913e3e,experiments/hourvideo/abd_evidence_audit/CHECKSUMS.sha256,1:62;2:49;3:51,N/A
experiments/hourvideo/abd_evidence_audit/content/historical_r1_r3_gens_audit_900/audit/reviews/B087.jsonl,RAW-EVIDENCE,Frozen structured evidence or result; retain bytes,f0a40c6375b03580dc83f81542cf20b9b9df919fd70bdb0a179a912e45f18b0a,experiments/hourvideo/abd_evidence_audit/CHECKSUMS.sha256,1:29;2:58;3:35;4:53,N/A
experiments/hourvideo/abd_evidence_audit/content/historical_r1_r3_gens_audit_900/audit/reviews/B088.jsonl,RAW-EVIDENCE,Frozen structured evidence or result; retain bytes,10964f432a9bca2208cd151d8bdf68b64ff7bc474410bc45ff314acdbccdd081,experiments/hourvideo/abd_evidence_audit/CHECKSUMS.sha256,1:40;2:59;3:41;4:47,N/A
experiments/hourvideo/abd_evidence_audit/content/historical_r1_r3_gens_audit_900/audit/reviews/B089.jsonl,RAW-EVIDENCE,Frozen structured evidence or result; retain bytes,47bf0d64fe62cd0b925c3188659693f9904688fbc316e7082da23a7ecc49d69d,experiments/hourvideo/abd_evidence_audit/CHECKSUMS.sha256,1:23;2:49;3:34;4:22;5:50;6:27,N/A
experiments/hourvideo/abd_evidence_audit/content/historical_r1_r3_gens_audit_900/audit/reviews/B090.jsonl,RAW-EVIDENCE,Frozen structured evidence or result; retain bytes,98e31b25c8ce31473040e7aedd21cc0342a654f4dd7eb492908f049fa0e70bc2,experiments/hourvideo/abd_evidence_audit/CHECKSUMS.sha256,1:52;2:53;3:20;4:28;5:24,N/A
experiments/hourvideo/abd_evidence_audit/content/historical_r1_r3_gens_audit_900/audit/reviews/B091.jsonl,RAW-EVIDENCE,Frozen structured evidence or result; retain bytes,622f112e3b491ef40fc40203b801ccd73cea3bcdc0cdbf332236eb4df1427b63,experiments/hourvideo/abd_evidence_audit/CHECKSUMS.sha256,1:41;2:29;3:45;4:40,N/A
experiments/hourvideo/abd_evidence_audit/content/historical_r1_r3_gens_audit_900/audit/reviews/B092.jsonl,RAW-EVIDENCE,Frozen structured evidence or result; retain bytes,951ffb8bc0229fe1466e2cd24859bf0a2b0a13a985443a0fcca118d34cdb2001,experiments/hourvideo/abd_evidence_audit/CHECKSUMS.sha256,1:38;2:37;3:29;4:39;5:41,N/A
experiments/hourvideo/abd_evidence_audit/content/historical_r1_r3_gens_audit_900/audit/reviews/B093.jsonl,RAW-EVIDENCE,Frozen structured evidence or result; retain bytes,413517989533dc2a3cab7088ff4c1b0c537e4726f079be9121c34d9fc82c4dee,experiments/hourvideo/abd_evidence_audit/CHECKSUMS.sha256,1:47;2:39;3:44,N/A
experiments/hourvideo/abd_evidence_audit/content/historical_r1_r3_gens_audit_900/audit/reviews/B094.jsonl,RAW-EVIDENCE,Frozen structured evidence or result; retain bytes,c64ce19ade8937de00395abf6d4af7118361a332046849be481f3ed8aad2de08,experiments/hourvideo/abd_evidence_audit/CHECKSUMS.sha256,1:48;2:61;3:45;4:31,N/A
experiments/hourvideo/abd_evidence_audit/content/historical_r1_r3_gens_audit_900/audit/reviews/B095.jsonl,RAW-EVIDENCE,Frozen structured evidence or result; retain bytes,1b102655fb5b246694672bcce082057a9ed7f1c8aa110216cc9b80f1962dcce4,experiments/hourvideo/abd_evidence_audit/CHECKSUMS.sha256,1:42;2:27;3:46;4:53,N/A
experiments/hourvideo/abd_evidence_audit/content/historical_r1_r3_gens_audit_900/audit/reviews/B096.jsonl,RAW-EVIDENCE,Frozen structured evidence or result; retain bytes,d3a69caf15c82eae0758f526d2bfd2152297d2b18eae69131cfeef710b26c94a,experiments/hourvideo/abd_evidence_audit/CHECKSUMS.sha256,1:57;2:32;3:36;4:26;5:33,N/A
experiments/hourvideo/abd_evidence_audit/content/historical_r1_r3_gens_audit_900/audit/reviews/B097.jsonl,RAW-EVIDENCE,Frozen structured evidence or result; retain bytes,8f424a8e0f15aac07f6ea4795369bc1e6f2b5e4d6dfc62335a3ab502369d5b7e,experiments/hourvideo/abd_evidence_audit/CHECKSUMS.sha256,1:42;2:47;3:40;4:35;5:41;6:35;7:51;8:42,N/A
experiments/hourvideo/abd_evidence_audit/content/historical_r1_r3_gens_audit_900/audit/reviews/B098.jsonl,RAW-EVIDENCE,Frozen structured evidence or result; retain bytes,08d764c7c704089e3bc75ac45e2e814d70ad323897a9bec73d05155a224f02a3,experiments/hourvideo/abd_evidence_audit/CHECKSUMS.sha256,1:23;2:27;3:59;4:57,N/A
experiments/hourvideo/abd_evidence_audit/content/historical_r1_r3_gens_audit_900/audit/reviews/B099.jsonl,RAW-EVIDENCE,Frozen structured evidence or result; retain bytes,4c521478cc6fe2b576ebd2b1af0ac5993a5dcfab040e724a2220adba453b07f2,experiments/hourvideo/abd_evidence_audit/CHECKSUMS.sha256,1:52;2:16;3:50;4:19,N/A
experiments/hourvideo/abd_evidence_audit/content/historical_r1_r3_gens_audit_900/audit/reviews/B100.jsonl,RAW-EVIDENCE,Frozen structured evidence or result; retain bytes,4eeb6d55cc2b202ae6bc82bcb11276ccf294d33575ec0d5e7031bb2294ddd763,experiments/hourvideo/abd_evidence_audit/CHECKSUMS.sha256,1:60;2:51;3:53,N/A
experiments/hourvideo/abd_evidence_audit/content/historical_r1_r3_gens_audit_900/audit/reviews/B101.jsonl,RAW-EVIDENCE,Frozen structured evidence or result; retain bytes,441e2062f13dd0f2b3d0b5f28aa20547c756e295492c4e91a687426aa9de2aaa,experiments/hourvideo/abd_evidence_audit/CHECKSUMS.sha256,1:22;2:46;3:27;4:43;5:39;6:32;7:45,N/A
experiments/hourvideo/abd_evidence_audit/content/historical_r1_r3_gens_audit_900/audit/reviews/B102.jsonl,RAW-EVIDENCE,Frozen structured evidence or result; retain bytes,d4cc633ea0a87675904ab8933537419fac6b9fbcf8472c5b624bc09b35f19427,experiments/hourvideo/abd_evidence_audit/CHECKSUMS.sha256,1:70;2:42;3:55;4:27;5:38,N/A
experiments/hourvideo/abd_evidence_audit/content/historical_r1_r3_gens_audit_900/audit/reviews/B103.jsonl,RAW-EVIDENCE,Frozen structured evidence or result; retain bytes,d1c06991f1574b4dfd9fa380bb384546db624bd8420547ec9e0dfa245585e0ea,experiments/hourvideo/abd_evidence_audit/CHECKSUMS.sha256,1:61;2:40;3:37;4:35,N/A
experiments/hourvideo/abd_evidence_audit/content/historical_r1_r3_gens_audit_900/audit/reviews/B104.jsonl,RAW-EVIDENCE,Frozen structured evidence or result; retain bytes,212bbedb4f6533531ac3ebf1f1d0a2ca1c1dd12cfe5f1898a61c07b7bb2b4015,experiments/hourvideo/abd_evidence_audit/CHECKSUMS.sha256,1:50;2:37;3:28;4:39;5:31,N/A
experiments/hourvideo/abd_evidence_audit/content/historical_r1_r3_gens_audit_900/audit/reviews/B105.jsonl,RAW-EVIDENCE,Frozen structured evidence or result; retain bytes,91fc413270bbd623784e0978fdd74b591d42bc5cc09b56cd5290870f5976758c,experiments/hourvideo/abd_evidence_audit/CHECKSUMS.sha256,1:24;2:40;3:52;4:62;5:26,N/A
experiments/hourvideo/abd_evidence_audit/content/historical_r1_r3_gens_audit_900/audit/reviews/B106.jsonl,RAW-EVIDENCE,Frozen structured evidence or result; retain bytes,04af94c4f3cf1985fa6879c9535743973a48d2a117dc1b6714c8323618b1e4d3,experiments/hourvideo/abd_evidence_audit/CHECKSUMS.sha256,1:48;2:46;3:47;4:57;5:57,N/A
experiments/hourvideo/abd_evidence_audit/content/historical_r1_r3_gens_audit_900/audit/reviews/B107.jsonl,RAW-EVIDENCE,Frozen structured evidence or result; retain bytes,f1639d9e79fd070669b920052ee3bbd3978bd82e13a809a346240d0bb0158b3b,experiments/hourvideo/abd_evidence_audit/CHECKSUMS.sha256,1:58;2:59;3:39;4:27,N/A
experiments/hourvideo/abd_evidence_audit/content/historical_r1_r3_gens_audit_900/audit/reviews/B108.jsonl,RAW-EVIDENCE,Frozen structured evidence or result; retain bytes,5049873dce5c79e84a3639d60bdaee03b2c4c5595dac61d5d4b78adb85cee96a,experiments/hourvideo/abd_evidence_audit/CHECKSUMS.sha256,1:50;2:43;3:30;4:58;5:46;6:39,N/A
experiments/hourvideo/abd_evidence_audit/content/historical_r1_r3_gens_audit_900/audit/reviews/B109.jsonl,RAW-EVIDENCE,Frozen structured evidence or result; retain bytes,7a6e1292221d2eba6dbdd9538d175b1fc71113c58bb374c657dc3850d42e3bdc,experiments/hourvideo/abd_evidence_audit/CHECKSUMS.sha256,1:22;2:58;3:46;4:42;5:41;6:47;7:54,N/A
experiments/hourvideo/abd_evidence_audit/content/historical_r1_r3_gens_audit_900/audit/reviews/B110.jsonl,RAW-EVIDENCE,Frozen structured evidence or result; retain bytes,cb9f07e82da65fee3f4eadbb30639dcb28a323ff9e085561824a39e728c2e781,experiments/hourvideo/abd_evidence_audit/CHECKSUMS.sha256,1:47;2:89;3:28;4:29,N/A
experiments/hourvideo/abd_evidence_audit/content/historical_r1_r3_gens_audit_900/audit/reviews/B111.jsonl,RAW-EVIDENCE,Frozen structured evidence or result; retain bytes,28960ab5502eee14604694576e90ec02ca8aee592254cf49f3dc9ac7d70a5e84,experiments/hourvideo/abd_evidence_audit/CHECKSUMS.sha256,1:50;2:46;3:22;4:47;5:34;6:37,N/A
experiments/hourvideo/abd_evidence_audit/content/historical_r1_r3_gens_audit_900/audit/reviews/B112.jsonl,RAW-EVIDENCE,Frozen structured evidence or result; retain bytes,cb8b0673ce3e378ab290593685127fc75a8bfd72e3bcf312d163a48584e51d20,experiments/hourvideo/abd_evidence_audit/CHECKSUMS.sha256,1:28;2:50;3:46,N/A
experiments/hourvideo/abd_evidence_audit/content/historical_r1_r3_gens_audit_900/audit/reviews/B113.jsonl,RAW-EVIDENCE,Frozen structured evidence or result; retain bytes,4bae8a02feea6942ab14aa31d6029d971771e63f1521cc2d565b75356835d6b0,experiments/hourvideo/abd_evidence_audit/CHECKSUMS.sha256,1:44;2:49;3:56,N/A
experiments/hourvideo/abd_evidence_audit/content/historical_r1_r3_gens_audit_900/audit/reviews/B114.jsonl,RAW-EVIDENCE,Frozen structured evidence or result; retain bytes,8937e698f2c6ea0c1260904429b3599f9bf238859a5b03da68681e979a423c39,experiments/hourvideo/abd_evidence_audit/CHECKSUMS.sha256,1:51;2:39;3:45;4:45;5:43;6:51;7:66,N/A
experiments/hourvideo/abd_evidence_audit/content/historical_r1_r3_gens_audit_900/audit/reviews/B115.jsonl,RAW-EVIDENCE,Frozen structured evidence or result; retain bytes,4dac4d21aeb61294497a39089e8628ac999c9358e9f2e4eb7db437afd2995cd8,experiments/hourvideo/abd_evidence_audit/CHECKSUMS.sha256,1:45;2:54;3:62;4:52,N/A
experiments/hourvideo/abd_evidence_audit/content/historical_r1_r3_gens_audit_900/audit/reviews/B116.jsonl,RAW-EVIDENCE,Frozen structured evidence or result; retain bytes,359d654ac6e83314ac0b04a6fed136ae3dd5403e2358ae0a13866da524755a56,experiments/hourvideo/abd_evidence_audit/CHECKSUMS.sha256,1:47;2:38;3:51;4:49,N/A
experiments/hourvideo/abd_evidence_audit/content/historical_r1_r3_gens_audit_900/audit/reviews/B117.jsonl,RAW-EVIDENCE,Frozen structured evidence or result; retain bytes,298676c3342961d1943c92bf2d371c20159d9f7ddc646d8b5edaf4d026a9707d,experiments/hourvideo/abd_evidence_audit/CHECKSUMS.sha256,1:59;2:48;3:51;4:46;5:55;6:60,N/A
experiments/hourvideo/abd_evidence_audit/content/historical_r1_r3_gens_audit_900/audit/reviews/B118.jsonl,RAW-EVIDENCE,Frozen structured evidence or result; retain bytes,bee5eaacb61f310dc9fccd0f67b216e29f1dc3e145f9d408b878c369925b49dd,experiments/hourvideo/abd_evidence_audit/CHECKSUMS.sha256,1:46;2:34;3:40;4:50;5:22,N/A
experiments/hourvideo/abd_evidence_audit/content/historical_r1_r3_gens_audit_900/audit/reviews/B119.jsonl,RAW-EVIDENCE,Frozen structured evidence or result; retain bytes,31bf97b6b48560ae213f28481f527b43b3b4fddfae179046da05adb4abeba964,experiments/hourvideo/abd_evidence_audit/CHECKSUMS.sha256,1:32;2:36;3:51;4:23;5:50,N/A
experiments/hourvideo/abd_evidence_audit/content/historical_r1_r3_gens_audit_900/audit/reviews/B120.jsonl,RAW-EVIDENCE,Frozen structured evidence or result; retain bytes,42d5bb2ba799af44b9fdac505efeaa4a069cf6df3fd818fa906adaa0c109931a,experiments/hourvideo/abd_evidence_audit/CHECKSUMS.sha256,1:21;2:47;3:46;4:51,N/A
experiments/hourvideo/abd_evidence_audit/content/historical_r1_r3_gens_audit_900/audit/reviews/B121.jsonl,RAW-EVIDENCE,Frozen structured evidence or result; retain bytes,d03cec854670cd97227bdb3bc7e40569aab5f6271a6a5db283df808cf2991da0,experiments/hourvideo/abd_evidence_audit/CHECKSUMS.sha256,1:30;2:43;3:47;4:40,N/A
experiments/hourvideo/abd_evidence_audit/content/historical_r1_r3_gens_audit_900/audit/reviews/B122.jsonl,RAW-EVIDENCE,Frozen structured evidence or result; retain bytes,d48f103dd63b08de9e9f13fe6f03452531f83333a31a6415f508631222af050c,experiments/hourvideo/abd_evidence_audit/CHECKSUMS.sha256,1:22;2:52;3:48;4:43;5:39,N/A
experiments/hourvideo/abd_evidence_audit/content/historical_r1_r3_gens_audit_900/audit/reviews/B123.jsonl,RAW-EVIDENCE,Frozen structured evidence or result; retain bytes,1a000554c4305c0f721f6691adb9635741acfcd12cc136c6f21a8342ae9028ea,experiments/hourvideo/abd_evidence_audit/CHECKSUMS.sha256,1:45;2:42;3:35;4:31;5:24;6:46;7:47,N/A
experiments/hourvideo/abd_evidence_audit/content/historical_r1_r3_gens_audit_900/audit/reviews/B124.jsonl,RAW-EVIDENCE,Frozen structured evidence or result; retain bytes,ba154f64b9451552edef75aaf579b7e6f388d96818f4a40790da134d1aef02cf,experiments/hourvideo/abd_evidence_audit/CHECKSUMS.sha256,1:47;2:21;3:51,N/A
experiments/hourvideo/abd_evidence_audit/content/historical_r1_r3_gens_audit_900/audit/reviews/B125.jsonl,RAW-EVIDENCE,Frozen structured evidence or result; retain bytes,665b7958873c5d29c175c9a0706424a919dc1a0e0b6a143b6a54c2cd5435869e,experiments/hourvideo/abd_evidence_audit/CHECKSUMS.sha256,1:51;2:49;3:60,N/A
experiments/hourvideo/abd_evidence_audit/content/historical_r1_r3_gens_audit_900/audit/reviews/B126.jsonl,RAW-EVIDENCE,Frozen structured evidence or result; retain bytes,142e7ce1d83bf320d10b426d4ed76375e54661809ec749ebc0f91ad4771416b9,experiments/hourvideo/abd_evidence_audit/CHECKSUMS.sha256,1:38;2:54;3:21;4:25;5:39;6:44,N/A
experiments/hourvideo/abd_evidence_audit/content/historical_r1_r3_gens_audit_900/audit/reviews/B127.jsonl,RAW-EVIDENCE,Frozen structured evidence or result; retain bytes,347dec9abf8d53b1b3262c75d68457f9bfebb83a889c506f890f0da2b4cc769a,experiments/hourvideo/abd_evidence_audit/CHECKSUMS.sha256,1:34;2:56;3:50;4:54;5:39;6:59;7:36,N/A
experiments/hourvideo/abd_evidence_audit/content/historical_r1_r3_gens_audit_900/audit/reviews/B128.jsonl,RAW-EVIDENCE,Frozen structured evidence or result; retain bytes,34e61fe227c221c34b686ec25369b78926f812407b71a6ef946aa705e6327c1c,experiments/hourvideo/abd_evidence_audit/CHECKSUMS.sha256,1:35;2:66;3:60,N/A
experiments/hourvideo/abd_evidence_audit/content/historical_r1_r3_gens_audit_900/audit/reviews/B129.jsonl,RAW-EVIDENCE,Frozen structured evidence or result; retain bytes,745a591bdc996a126e1f90bba4b3a2eef2653461ef6f240135c75a78ff581289,experiments/hourvideo/abd_evidence_audit/CHECKSUMS.sha256,1:51;2:68;3:48,N/A
experiments/hourvideo/abd_evidence_audit/content/historical_r1_r3_gens_audit_900/audit/reviews/B130.jsonl,RAW-EVIDENCE,Frozen structured evidence or result; retain bytes,ecce996b40725a29672bd79e3e9b7dbc92afdd8e97aa3d101f6391d4380f6d8b,experiments/hourvideo/abd_evidence_audit/CHECKSUMS.sha256,1:27;2:53;3:46;4:55;5:60,N/A
experiments/hourvideo/abd_evidence_audit/content/historical_r1_r3_gens_audit_900/audit/reviews/B131.jsonl,RAW-EVIDENCE,Frozen structured evidence or result; retain bytes,9f0abb9604d47c312737b3012dafb696cdce98559ff8863de50046b34d7a8b6f,experiments/hourvideo/abd_evidence_audit/CHECKSUMS.sha256,1:58;2:62;3:48;4:24;5:59,N/A
experiments/hourvideo/abd_evidence_audit/content/historical_r1_r3_gens_audit_900/audit/reviews/B132.jsonl,RAW-EVIDENCE,Frozen structured evidence or result; retain bytes,27906ff959e585ee3309db5eac11cb83bd4bc594830a90c748ee75ebd1daba7c,experiments/hourvideo/abd_evidence_audit/CHECKSUMS.sha256,1:52;2:52;3:24;4:64;5:23;6:47;7:58;8:21,N/A
experiments/hourvideo/abd_evidence_audit/content/historical_r1_r3_gens_audit_900/audit/reviews/B133.jsonl,RAW-EVIDENCE,Frozen structured evidence or result; retain bytes,cf8cb4298650cbae73cbace5d5b4325fe65ad2a4b0b7a259a10bc46adf7ed011,experiments/hourvideo/abd_evidence_audit/CHECKSUMS.sha256,1:25;2:52;3:34;4:56,N/A
experiments/hourvideo/abd_evidence_audit/content/historical_r1_r3_gens_audit_900/audit/reviews/B134.jsonl,RAW-EVIDENCE,Frozen structured evidence or result; retain bytes,af386c04e36483d3518f431e3618ca743c30bc49007413b1aa5ad8bc32083443,experiments/hourvideo/abd_evidence_audit/CHECKSUMS.sha256,1:58;2:55;3:52;4:54,N/A
experiments/hourvideo/abd_evidence_audit/content/historical_r1_r3_gens_audit_900/audit/reviews/B135.jsonl,RAW-EVIDENCE,Frozen structured evidence or result; retain bytes,6caa55638d8a63c36bfc20fa7063b2a1479612d1ef7851d8a5dc42469b8704f7,experiments/hourvideo/abd_evidence_audit/CHECKSUMS.sha256,1:57;2:19;3:29;4:56;5:54,N/A
experiments/hourvideo/abd_evidence_audit/content/historical_r1_r3_gens_audit_900/audit/reviews/B136.jsonl,RAW-EVIDENCE,Frozen structured evidence or result; retain bytes,0d92b6375ae7f9393c023d2f3c3be4d9ee953523bac0c4086efa4bf57e59967d,experiments/hourvideo/abd_evidence_audit/CHECKSUMS.sha256,1:56;2:47;3:36;4:50;5:61;6:64,N/A
experiments/hourvideo/abd_evidence_audit/content/historical_r1_r3_gens_audit_900/audit/reviews/B137.jsonl,RAW-EVIDENCE,Frozen structured evidence or result; retain bytes,3d2c9c9689ff7d2edf9906fc1a00d1a1dc442da8fb2f0672e085093a53f31805,experiments/hourvideo/abd_evidence_audit/CHECKSUMS.sha256,1:62;2:67;3:52,N/A
experiments/hourvideo/abd_evidence_audit/content/historical_r1_r3_gens_audit_900/audit/reviews/B138.jsonl,RAW-EVIDENCE,Frozen structured evidence or result; retain bytes,7f4acc50e032338f22455adcfe5db44233a6ef76319cf3a14fc5c371ea928508,experiments/hourvideo/abd_evidence_audit/CHECKSUMS.sha256,1:61;2:48;3:56;4:48;5:57;6:54,N/A
experiments/hourvideo/abd_evidence_audit/content/historical_r1_r3_gens_audit_900/audit/reviews/B139.jsonl,RAW-EVIDENCE,Frozen structured evidence or result; retain bytes,d29359cffa5597034e47e13d79f1d9785aa823c5c125ff8d2e76575040ef8bb8,experiments/hourvideo/abd_evidence_audit/CHECKSUMS.sha256,1:52;2:62;3:21;4:60;5:50;6:19,N/A
experiments/hourvideo/abd_evidence_audit/content/historical_r1_r3_gens_audit_900/audit/reviews/B140.jsonl,RAW-EVIDENCE,Frozen structured evidence or result; retain bytes,e6b3d26cb63b3a4e5e6685373b168e9b5fa4666127ee742e24ef23ba5d833bdc,experiments/hourvideo/abd_evidence_audit/CHECKSUMS.sha256,1:50;2:51;3:17;4:23,N/A
experiments/hourvideo/abd_evidence_audit/content/historical_r1_r3_gens_audit_900/audit/reviews/B141.jsonl,RAW-EVIDENCE,Frozen structured evidence or result; retain bytes,f8060983764904858c629103a620a7731d1ecdb3df29e0f08b4416d0c194f0d8,experiments/hourvideo/abd_evidence_audit/CHECKSUMS.sha256,1:21;2:45;3:64;4:39;5:26;6:43,N/A
experiments/hourvideo/abd_evidence_audit/content/historical_r1_r3_gens_audit_900/audit/reviews/B142.jsonl,RAW-EVIDENCE,Frozen structured evidence or result; retain bytes,26fd06518576d6c9feb5b341122ce2d756410541951116d631b4678a7e2711bd,experiments/hourvideo/abd_evidence_audit/CHECKSUMS.sha256,1:64;2:53;3:72;4:66,N/A
experiments/hourvideo/abd_evidence_audit/content/historical_r1_r3_gens_audit_900/audit/reviews/B143.jsonl,RAW-EVIDENCE,Frozen structured evidence or result; retain bytes,c6e8d279876c246d06888b51d95a2cdc3d9a59df508746c58168830844658634,experiments/hourvideo/abd_evidence_audit/CHECKSUMS.sha256,1:53;2:23;3:59;4:51;5:29,N/A
experiments/hourvideo/abd_evidence_audit/content/historical_r1_r3_gens_audit_900/audit/reviews/B144.jsonl,RAW-EVIDENCE,Frozen structured evidence or result; retain bytes,32c42ad5d13ca7bbe51b11d9346b18002003d7b7bda08f39d72bb01978d7efa3,experiments/hourvideo/abd_evidence_audit/CHECKSUMS.sha256,1:21;2:65;3:48;4:59,N/A
experiments/hourvideo/abd_evidence_audit/content/historical_r1_r3_gens_audit_900/audit/reviews/B145.jsonl,RAW-EVIDENCE,Frozen structured evidence or result; retain bytes,1f5746edb3f09250a19b8b798e85401bc397062816186c7e41ced32dcf78d5c9,experiments/hourvideo/abd_evidence_audit/CHECKSUMS.sha256,1:63;2:46;3:59;4:47;5:69,N/A
experiments/hourvideo/abd_evidence_audit/content/historical_r1_r3_gens_audit_900/audit/reviews/B146.jsonl,RAW-EVIDENCE,Frozen structured evidence or result; retain bytes,bdc2a8b9f737d9d8af10cf7b5de53d1131320e29963b928672a7bdafb9dc2dfe,experiments/hourvideo/abd_evidence_audit/CHECKSUMS.sha256,1:59;2:60;3:52;4:51,N/A
experiments/hourvideo/abd_evidence_audit/content/historical_r1_r3_gens_audit_900/audit/reviews/B147.jsonl,RAW-EVIDENCE,Frozen structured evidence or result; retain bytes,67408f2a5281561775956de4bd0e84331d88175709d013d87782bea8150c47a3,experiments/hourvideo/abd_evidence_audit/CHECKSUMS.sha256,1:56;2:54;3:57,N/A
experiments/hourvideo/abd_evidence_audit/content/historical_r1_r3_gens_audit_900/audit/reviews/B148.jsonl,RAW-EVIDENCE,Frozen structured evidence or result; retain bytes,e581bc898135d359158e10d101efc58f8826803577d25083cc1ae57f88fd9d34,experiments/hourvideo/abd_evidence_audit/CHECKSUMS.sha256,1:49;2:31;3:58;4:58,N/A
experiments/hourvideo/abd_evidence_audit/content/historical_r1_r3_gens_audit_900/audit/reviews/B149.jsonl,RAW-EVIDENCE,Frozen structured evidence or result; retain bytes,ac38d25e72487141efb602ecc24fd874cd6662478fb5808be0ee0799c85f13cd,experiments/hourvideo/abd_evidence_audit/CHECKSUMS.sha256,1:59;2:56;3:51;4:48;5:35;6:20,N/A
experiments/hourvideo/abd_evidence_audit/content/historical_r1_r3_gens_audit_900/audit/reviews/B150.jsonl,RAW-EVIDENCE,Frozen structured evidence or result; retain bytes,6dc7f8090bbde2e6077917cbf88eb408ba311bac78fdea9158b7448e0c25e3f0,experiments/hourvideo/abd_evidence_audit/CHECKSUMS.sha256,1:60;2:57;3:51;4:36,N/A
experiments/hourvideo/abd_evidence_audit/content/historical_r1_r3_gens_audit_900/audit/reviews/B151.jsonl,RAW-EVIDENCE,Frozen structured evidence or result; retain bytes,c58030a74947118a8f3ff76e38b65c17396655311e3c9a1374659a3d7940458a,experiments/hourvideo/abd_evidence_audit/CHECKSUMS.sha256,1:34;2:32;3:48;4:56,N/A
experiments/hourvideo/abd_evidence_audit/content/historical_r1_r3_gens_audit_900/audit/reviews/B152.jsonl,RAW-EVIDENCE,Frozen structured evidence or result; retain bytes,5baa8f1e2b42ed6ff983d85bbe565dc16769ee29e1214653ed4da38f927e6053,experiments/hourvideo/abd_evidence_audit/CHECKSUMS.sha256,1:51;2:55;3:53;4:44;5:29,N/A
experiments/hourvideo/abd_evidence_audit/content/historical_r1_r3_gens_audit_900/audit/reviews/B153.jsonl,RAW-EVIDENCE,Frozen structured evidence or result; retain bytes,cb2fb83e5d18ae5a9ce4f47703cbdd435024a3d582dcf10c8970038874bf7cd6,experiments/hourvideo/abd_evidence_audit/CHECKSUMS.sha256,1:64;2:45;3:67;4:21;5:47,N/A
experiments/hourvideo/abd_evidence_audit/content/historical_r1_r3_gens_audit_900/audit/reviews/B154.jsonl,RAW-EVIDENCE,Frozen structured evidence or result; retain bytes,7520d8effe7e7b313192828a779accb913a5b0fe43a094bdecf1f24739c09b0c,experiments/hourvideo/abd_evidence_audit/CHECKSUMS.sha256,1:53;2:24;3:49;4:68,N/A
experiments/hourvideo/abd_evidence_audit/content/historical_r1_r3_gens_audit_900/audit/reviews/B155.jsonl,RAW-EVIDENCE,Frozen structured evidence or result; retain bytes,5a21f7749fa4dd6fb4fa6e91c0339f17d1a3174f68e8bc519c01b70f8aa1b505,experiments/hourvideo/abd_evidence_audit/CHECKSUMS.sha256,1:57;2:44;3:53;4:24;5:55,N/A
experiments/hourvideo/abd_evidence_audit/content/historical_r1_r3_gens_audit_900/audit/reviews/B156.jsonl,RAW-EVIDENCE,Frozen structured evidence or result; retain bytes,79d29fc46801b4351039c341679c33626be6074679551f08583be6a65fdf9fc8,experiments/hourvideo/abd_evidence_audit/CHECKSUMS.sha256,1:60;2:54;3:26;4:19,N/A
experiments/hourvideo/abd_evidence_audit/content/historical_r1_r3_gens_audit_900/audit/reviews/B157.jsonl,RAW-EVIDENCE,Frozen structured evidence or result; retain bytes,5e72739d1dbac194a4e878fde4a2f71204c59b6549ffb5b48ac72658bdc267e0,experiments/hourvideo/abd_evidence_audit/CHECKSUMS.sha256,1:53;2:46;3:24;4:22;5:61;6:52,N/A
experiments/hourvideo/abd_evidence_audit/content/historical_r1_r3_gens_audit_900/audit/reviews/B158.jsonl,RAW-EVIDENCE,Frozen structured evidence or result; retain bytes,c7391616e26b7dfbd6a521310559ef28cff3fb183b3e8ddd8a9f11a5a1161439,experiments/hourvideo/abd_evidence_audit/CHECKSUMS.sha256,1:54;2:44;3:22;4:58;5:50,N/A
experiments/hourvideo/abd_evidence_audit/content/historical_r1_r3_gens_audit_900/audit/reviews/B159.jsonl,RAW-EVIDENCE,Frozen structured evidence or result; retain bytes,edfe212af76cef224b5deea337e36f4f471231239110bfc47320a4024ff66aaf,experiments/hourvideo/abd_evidence_audit/CHECKSUMS.sha256,1:63;2:46;3:54,N/A
experiments/hourvideo/abd_evidence_audit/content/historical_r1_r3_gens_audit_900/audit/reviews/B160.jsonl,RAW-EVIDENCE,Frozen structured evidence or result; retain bytes,0a25b3c5b5d2cb3cefdf607d85162694cebac9c20a7be8f5c6be738849383508,experiments/hourvideo/abd_evidence_audit/CHECKSUMS.sha256,1:45;2:57;3:51;4:42;5:45,N/A
experiments/hourvideo/abd_evidence_audit/content/historical_r1_r3_gens_audit_900/audit/reviews/B161.jsonl,RAW-EVIDENCE,Frozen structured evidence or result; retain bytes,ec374ed342d34a6b70b83c7725d015b0693e1125b87ef1c32569c71b3f6d80b3,experiments/hourvideo/abd_evidence_audit/CHECKSUMS.sha256,1:57;2:48;3:44;4:25;5:47,N/A
experiments/hourvideo/abd_evidence_audit/content/historical_r1_r3_gens_audit_900/audit/reviews/B162.jsonl,RAW-EVIDENCE,Frozen structured evidence or result; retain bytes,8c776868e6fecdda26db3d984faa86168c53553920f28a60df926b8ba7cac3e7,experiments/hourvideo/abd_evidence_audit/CHECKSUMS.sha256,1:51;2:42;3:54,N/A
experiments/hourvideo/abd_evidence_audit/content/historical_r1_r3_gens_audit_900/audit/reviews/B163.jsonl,RAW-EVIDENCE,Frozen structured evidence or result; retain bytes,f306d179d2508b81a85ebf53322faa3f3015a86bd527ec013ee9c1fd51318ec4,experiments/hourvideo/abd_evidence_audit/CHECKSUMS.sha256,1:30;2:49;3:49;4:60;5:20,N/A
experiments/hourvideo/abd_evidence_audit/content/historical_r1_r3_gens_audit_900/audit/reviews/B164.jsonl,RAW-EVIDENCE,Frozen structured evidence or result; retain bytes,a59a601f1a477a8945294497c79ead43dece2ef2ba9b7be5a2906d29f9ba699e,experiments/hourvideo/abd_evidence_audit/CHECKSUMS.sha256,1:46;2:48;3:45;4:46;5:55,N/A
experiments/hourvideo/abd_evidence_audit/content/historical_r1_r3_gens_audit_900/audit/reviews/B165.jsonl,RAW-EVIDENCE,Frozen structured evidence or result; retain bytes,f0b71275f262c144b59595c54b169897e829bbec94aa2b700234495257dda1a7,experiments/hourvideo/abd_evidence_audit/CHECKSUMS.sha256,1:44;2:50;3:55;4:52,N/A
experiments/hourvideo/abd_evidence_audit/content/historical_r1_r3_gens_audit_900/audit/reviews/B166.jsonl,RAW-EVIDENCE,Frozen structured evidence or result; retain bytes,e7886beab8120014e31b743043fed09c50a592b0425f399b751285632e401579,experiments/hourvideo/abd_evidence_audit/CHECKSUMS.sha256,1:39;2:50;3:41;4:46;5:37;6:43,N/A
experiments/hourvideo/abd_evidence_audit/content/historical_r1_r3_gens_audit_900/audit/reviews/B167.jsonl,RAW-EVIDENCE,Frozen structured evidence or result; retain bytes,adce85ea4baffa1514c2cabf1c9f18fe745caf6425549108f565572e63e941e9,experiments/hourvideo/abd_evidence_audit/CHECKSUMS.sha256,1:21;2:54;3:37;4:20;5:46;6:39;7:43;8:46,N/A
experiments/hourvideo/abd_evidence_audit/content/historical_r1_r3_gens_audit_900/audit/reviews/B168.jsonl,RAW-EVIDENCE,Frozen structured evidence or result; retain bytes,0f6a8f2eea873caeee20387730ddee1b93c0931fbd0f24c37dcd8db0dfc9ed0c,experiments/hourvideo/abd_evidence_audit/CHECKSUMS.sha256,1:41;2:36;3:30;4:43;5:49,N/A
experiments/hourvideo/abd_evidence_audit/content/historical_r1_r3_gens_audit_900/audit/reviews/B169.jsonl,RAW-EVIDENCE,Frozen structured evidence or result; retain bytes,537e5a8c62acbbb03705914900ecbc8d3c684f160f7a865d911b00038a5533af,experiments/hourvideo/abd_evidence_audit/CHECKSUMS.sha256,1:20;2:42;3:46;4:31;5:37;6:46,N/A
experiments/hourvideo/abd_evidence_audit/content/historical_r1_r3_gens_audit_900/audit/reviews/B170.jsonl,RAW-EVIDENCE,Frozen structured evidence or result; retain bytes,203316f26964829a7899b23da7a79dc27664d3229259d3d0cbed3a13bb6d9d51,experiments/hourvideo/abd_evidence_audit/CHECKSUMS.sha256,1:22;2:41;3:46;4:44,N/A
experiments/hourvideo/abd_evidence_audit/content/historical_r1_r3_gens_audit_900/audit/reviews/B171.jsonl,RAW-EVIDENCE,Frozen structured evidence or result; retain bytes,f044609703448ef2a11228c362869b578519cd427e280d9a666e46f0d5e42b7b,experiments/hourvideo/abd_evidence_audit/CHECKSUMS.sha256,1:49;2:47;3:39;4:49;5:46,N/A
experiments/hourvideo/abd_evidence_audit/content/historical_r1_r3_gens_audit_900/audit/reviews/B172.jsonl,RAW-EVIDENCE,Frozen structured evidence or result; retain bytes,9a764a05ee144e5b00b827784d6e93d50829c3ba18785ad9ca198ec9f00a834e,experiments/hourvideo/abd_evidence_audit/CHECKSUMS.sha256,1:38;2:30;3:38;4:42;5:43;6:25;7:40;8:37,N/A
experiments/hourvideo/abd_evidence_audit/content/historical_r1_r3_gens_audit_900/audit/reviews/B173.jsonl,RAW-EVIDENCE,Frozen structured evidence or result; retain bytes,177f6c1e26c29d1535b739d172662f251a8c32b57b70171770abe834bdb5477a,experiments/hourvideo/abd_evidence_audit/CHECKSUMS.sha256,1:28;2:39;3:41;4:55,N/A
experiments/hourvideo/abd_evidence_audit/content/historical_r1_r3_gens_audit_900/audit/reviews/B174.jsonl,RAW-EVIDENCE,Frozen structured evidence or result; retain bytes,58a50bd1b1245fbdfac11ea049439cc3d688aeb9d06dd6d9b5e62d54238f15d7,experiments/hourvideo/abd_evidence_audit/CHECKSUMS.sha256,1:42;2:43;3:19;4:41;5:49;6:42;7:54,N/A
experiments/hourvideo/abd_evidence_audit/content/historical_r1_r3_gens_audit_900/audit/reviews/B175.jsonl,RAW-EVIDENCE,Frozen structured evidence or result; retain bytes,ab9ac1b18ac36df6aee9afbb3debbfc6bd3b36e4e7ec40fbaa491e0ebe3fbb1f,experiments/hourvideo/abd_evidence_audit/CHECKSUMS.sha256,1:41;2:42;3:57,N/A
experiments/hourvideo/abd_evidence_audit/content/historical_r1_r3_gens_audit_900/audit/reviews/B176.jsonl,RAW-EVIDENCE,Frozen structured evidence or result; retain bytes,e94998be64ee140a925b77597b15c743dc6cbad0540dd44653a1741004bd0293,experiments/hourvideo/abd_evidence_audit/CHECKSUMS.sha256,1:26;2:18;3:40;4:52;5:35;6:47;7:44,N/A
experiments/hourvideo/abd_evidence_audit/content/historical_r1_r3_gens_audit_900/audit/reviews/B177.jsonl,RAW-EVIDENCE,Frozen structured evidence or result; retain bytes,274fdf898ccbdd5bc0ac57f3cb702f0b91211ebdac6856cdfd8959594c26c721,experiments/hourvideo/abd_evidence_audit/CHECKSUMS.sha256,1:37;2:40;3:36;4:41;5:18;6:48;7:32,N/A
experiments/hourvideo/abd_evidence_audit/content/historical_r1_r3_gens_audit_900/audit/reviews/B178.jsonl,RAW-EVIDENCE,Frozen structured evidence or result; retain bytes,32929c8e8b98ff1fc3e651b58dd94846d83fa107c6186f6dfbc46d2ced0c1eda,experiments/hourvideo/abd_evidence_audit/CHECKSUMS.sha256,1:42;2:54;3:67;4:84;5:73,N/A
experiments/hourvideo/abd_evidence_audit/content/historical_r1_r3_gens_audit_900/audit/reviews/B179.jsonl,RAW-EVIDENCE,Frozen structured evidence or result; retain bytes,862c4b704f6ab6216363f49d05fce24c6af66939c923c7a335146e34c070c527,experiments/hourvideo/abd_evidence_audit/CHECKSUMS.sha256,1:72;2:70;3:52;4:61;5:45;6:51;7:37;8:39,N/A
experiments/hourvideo/abd_evidence_audit/content/historical_r1_r3_gens_audit_900/audit/reviews/B180.jsonl,RAW-EVIDENCE,Frozen structured evidence or result; retain bytes,beec3beac60c2cad9f5ac5afa19f369d52358e8b90a2d410f0ca7d4a5fb537e5,experiments/hourvideo/abd_evidence_audit/CHECKSUMS.sha256,1:33;2:38;3:58;4:55;5:29,N/A
experiments/hourvideo/abd_evidence_audit/content/historical_r1_r3_gens_audit_900/audit/reviews/B181.jsonl,RAW-EVIDENCE,Frozen structured evidence or result; retain bytes,ed741b8891d9b81ca05dc4da49605a715138f7b094b927ecbc2bb05665b0805a,experiments/hourvideo/abd_evidence_audit/CHECKSUMS.sha256,1:47;2:56;3:49;4:52;5:53,N/A
experiments/hourvideo/abd_evidence_audit/content/historical_r1_r3_gens_audit_900/audit/reviews/B182.jsonl,RAW-EVIDENCE,Frozen structured evidence or result; retain bytes,d4a1135c8f95140916e226564dcbff5560ed4a6a66269b1af6f847044cd1ee2f,experiments/hourvideo/abd_evidence_audit/CHECKSUMS.sha256,1:68;2:28;3:35;4:30,N/A
experiments/hourvideo/abd_evidence_audit/content/historical_r1_r3_gens_audit_900/audit/reviews/B183.jsonl,RAW-EVIDENCE,Frozen structured evidence or result; retain bytes,88235cb03887dd92ed6ed4bcf7192f9e8705e8a99baebdc2afb4cad4a9ed056d,experiments/hourvideo/abd_evidence_audit/CHECKSUMS.sha256,1:73;2:63;3:29;4:52;5:54;6:29,N/A
experiments/hourvideo/abd_evidence_audit/content/historical_r1_r3_gens_audit_900/audit/reviews/B184.jsonl,RAW-EVIDENCE,Frozen structured evidence or result; retain bytes,fbac7737d12dcc17d49d7587d6f8aa93f4052f0d7d1f521acbe69bbb539e4861,experiments/hourvideo/abd_evidence_audit/CHECKSUMS.sha256,1:41;2:48;3:50;4:73;5:57;6:66;7:36,N/A
experiments/hourvideo/abd_evidence_audit/content/historical_r1_r3_gens_audit_900/audit/reviews/B185.jsonl,RAW-EVIDENCE,Frozen structured evidence or result; retain bytes,8ee075d9c98f3df72d7c8d818da32cd6ea1cfcf38cb45d3593b31d4fe37a14a8,experiments/hourvideo/abd_evidence_audit/CHECKSUMS.sha256,1:23;2:41;3:61;4:44;5:29,N/A
experiments/hourvideo/abd_evidence_audit/content/historical_r1_r3_gens_audit_900/audit/reviews/B186.jsonl,RAW-EVIDENCE,Frozen structured evidence or result; retain bytes,d03455e1553ce3fcd704d6e201c6c513a00aadd5a11a62ab3b558d69f28429b3,experiments/hourvideo/abd_evidence_audit/CHECKSUMS.sha256,1:66;2:67;3:52;4:50,N/A
experiments/hourvideo/abd_evidence_audit/content/historical_r1_r3_gens_audit_900/audit/reviews/B187.jsonl,RAW-EVIDENCE,Frozen structured evidence or result; retain bytes,44fff80c4d0798e437e4123e22bb39b67750597c8567b4bc012a5e0713cdd0f1,experiments/hourvideo/abd_evidence_audit/CHECKSUMS.sha256,1:69;2:61;3:62;4:46,N/A
experiments/hourvideo/abd_evidence_audit/content/historical_r1_r3_gens_audit_900/audit/reviews/B188.jsonl,RAW-EVIDENCE,Frozen structured evidence or result; retain bytes,d01fe4dbc40ca23906d8dba38b66c6ec9b0bcc0c27ad9bec2d47719c4179a596,experiments/hourvideo/abd_evidence_audit/CHECKSUMS.sha256,1:76;2:49;3:39;4:47;5:34;6:55,N/A
experiments/hourvideo/abd_evidence_audit/content/historical_r1_r3_gens_audit_900/audit/reviews/B189.jsonl,RAW-EVIDENCE,Frozen structured evidence or result; retain bytes,d3350adbe717928154bb28f2927d3540d44e70b20816807eca1c828925ad65c0,experiments/hourvideo/abd_evidence_audit/CHECKSUMS.sha256,1:58;2:43;3:66;4:56,N/A
experiments/hourvideo/abd_evidence_audit/content/historical_r1_r3_gens_audit_900/audit/reviews/B190.jsonl,RAW-EVIDENCE,Frozen structured evidence or result; retain bytes,d3f9d4866b74f2fc9041ed8e935a418581e4cd98bd3d458d6c3c64958217e3a3,experiments/hourvideo/abd_evidence_audit/CHECKSUMS.sha256,1:38;2:28;3:74,N/A
experiments/hourvideo/abd_evidence_audit/content/historical_r1_r3_gens_audit_900/audit/reviews/B191.jsonl,RAW-EVIDENCE,Frozen structured evidence or result; retain bytes,986f3f9c4de1dc2e16a25505e4cd6856adafa39a8339d02c9ddd8133ab941d16,experiments/hourvideo/abd_evidence_audit/CHECKSUMS.sha256,1:64;2:50;3:75,N/A
experiments/hourvideo/abd_evidence_audit/content/historical_r1_r3_gens_audit_900/audit/reviews/B192.jsonl,RAW-EVIDENCE,Frozen structured evidence or result; retain bytes,f713eee160860e5eb148dd512c1fc41ac036f956e541f241c50bd19144a1b548,experiments/hourvideo/abd_evidence_audit/CHECKSUMS.sha256,1:82;2:50,N/A
experiments/hourvideo/abd_evidence_audit/content/historical_r1_r3_gens_audit_900/audit/scored_evidence_audit.jsonl,RAW-EVIDENCE,Frozen structured evidence or result; retain bytes,ee4f77fda6438bd924216a86ce1de102a067bc811476be843546d3577eb247b5,experiments/hourvideo/abd_evidence_audit/CHECKSUMS.sha256,1:86;2:57;3:72;4:90;5:64;6:72;7:102;8:97;9:86;10:87;11:80;12:118;13:80;14:86;15:77;16:62;17:72;18:81;19:76;20:98;21:109;22:102;23:59;24:62;25:77;26:82;27:82;28:52;29:61;30:101;31:38;32:70;33:94;34:36;35:79;36:58;37:96;38:60;39:73;40:71;41:107;42:109;43:77;44:79;45:66;46:56;47:76;48:64;49:46;50:61;51:99;52:57;53:76;54:64;55:55;56:41;57:66;58:59;59:54;60:47;61:53;62:72;63:56;64:72;65:77;66:61;67:82;68:66;69:47;70:92;71:55;72:69;73:50;74:63;75:71;76:54;77:33;78:37;79:56;80:55;81:55;82:66;83:49;84:31;85:28;86:62;87:50;88:60;89:43;90:41;91:54;92:52;93:44;94:62;95:27;96:47;97:47;98:52;99:54;100:34;101:48;102:40;103:36;104:44;105:36;106:54;107:47;108:54;109:55;110:69;111:42;112:29;113:21;114:81;115:76;116:62;117:46;118:61;119:60;120:70;121:46;122:50;123:40;124:56;125:79;126:64;127:71;128:55;129:57;130:50;131:32;132:32;133:68;134:64;135:63;136:67;137:88;138:64;139:44;140:43;141:46;142:58;143:42;144:55;145:55;146:59;147:51;148:68;149:37;150:48;151:69;152:61;153:56;154:60;155:33;156:25;157:44;158:52;159:40;160:42;161:66;162:57;163:46;164:52;165:49;166:47;167:53;168:49;169:59;170:39;171:58;172:44;173:46;174:29;175:41;176:48;177:65;178:51;179:33;180:37;181:48;182:35;183:23;184:53;185:43;186:54;187:45;188:39;189:55;190:50;191:36;192:54;193:31;194:64;195:48;196:43;197:44;198:65;199:30;200:46;201:51;202:68;203:63;204:45;205:40;206:32;207:58;208:44;209:47;210:38;211:49;212:33;213:42;214:47;215:41;216:41;217:34;218:48;219:44;220:64;221:34;222:28;223:44;224:28;225:46;226:46;227:54;228:48;229:45;230:47;231:49;232:24;233:41;234:43;235:37;236:48;237:18;238:45;239:38;240:42;241:40;242:25;243:44;244:47;245:57;246:37;247:54;248:40;249:43;250:34;251:27;252:27;253:51;254:43;255:44;256:27;257:31;258:36;259:53;260:28;261:37;262:32;263:46;264:53;265:39;266:35;267:43;268:37;269:45;270:41;271:41;272:41;273:30;274:55;275:40;276:35;277:35;278:48;279:35;280:40;281:26;282:21;283:24;284:47;285:49;286:39;287:29;288:70;289:47;290:38;291:39;292:29;293:36;294:36;295:25;296:42;297:41;298:42;299:36;300:32;301:34;302:37;303:60;304:35;305:36;306:62;307:49;308:38;309:51;310:39;311:50;312:53;313:69;314:53;315:53;316:53;317:54;318:51;319:37;320:40;321:45;322:50;323:26;324:31;325:48;326:47;327:47;328:58;329:56;330:32;331:40;332:45;333:50;334:41;335:45;336:19;337:51;338:56;339:28;340:50;341:36;342:43;343:64;344:47;345:60;346:34;347:51;348:54;349:56;350:47;351:30;352:45;353:32;354:34;355:30;356:53;357:54;358:36;359:46;360:25;361:63;362:54;363:45;364:23;365:51;366:54;367:30;368:46;369:51;370:51;371:44;372:27;373:63;374:50;375:22;376:54;377:52;378:51;379:63;380:48;381:41;382:43;383:58;384:43;385:62;386:49;387:51;388:29;389:58;390:35;391:53;392:40;393:59;394:41;395:47;396:23;397:49;398:34;399:22;400:50;401:27;402:52;403:53;404:20;405:28;406:24;407:41;408:29;409:45;410:40;411:38;412:37;413:29;414:39;415:41;416:47;417:39;418:44;419:48;420:61;421:45;422:31;423:42;424:27;425:46;426:53;427:57;428:32;429:36;430:26;431:33;432:42;433:47;434:40;435:35;436:41;437:35;438:51;439:42;440:23;441:27;442:59;443:57;444:52;445:16;446:50;447:19;448:60;449:51;450:53;451:22;452:46;453:27;454:43;455:39;456:32;457:45;458:70;459:42;460:55;461:27;462:38;463:61;464:40;465:37;466:35;467:50;468:37;469:28;470:39;471:31;472:24;473:40;474:52;475:62;476:26;477:48;478:46;479:47;480:57;481:57;482:58;483:59;484:39;485:27;486:50;487:43;488:30;489:58;490:46;491:39;492:22;493:58;494:46;495:42;496:41;497:47;498:54;499:47;500:89;501:28;502:29;503:50;504:46;505:22;506:47;507:34;508:37;509:28;510:50;511:46;512:44;513:49;514:56;515:51;516:39;517:45;518:45;519:43;520:51;521:66;522:45;523:54;524:62;525:52;526:47;527:38;528:51;529:49;530:59;531:48;532:51;533:46;534:55;535:60;536:46;537:34;538:40;539:50;540:22;541:32;542:36;543:51;544:23;545:50;546:21;547:47;548:46;549:51;550:30;551:43;552:47;553:40;554:22;555:52;556:48;557:43;558:39;559:45;560:42;561:35;562:31;563:24;564:46;565:47;566:47;567:21;568:51;569:51;570:49;571:60;572:38;573:54;574:21;575:25;576:39;577:44;578:34;579:56;580:50;581:54;582:39;583:59;584:36;585:35;586:66;587:60;588:51;589:68;590:48;591:27;592:53;593:46;594:55;595:60;596:58;597:62;598:48;599:24;600:59;601:52;602:52;603:24;604:64;605:23;606:47;607:58;608:21;609:25;610:52;611:34;612:56;613:58;614:55;615:52;616:54;617:57;618:19;619:29;620:56;621:54;622:56;623:47;624:36;625:50;626:61;627:64;628:62;629:67;630:52;631:61;632:48;633:56;634:48;635:57;636:54;637:52;638:62;639:21;640:60;641:50;642:19;643:50;644:51;645:17;646:23;647:21;648:45;649:64;650:39;651:26;652:43;653:64;654:53;655:72;656:66;657:53;658:23;659:59;660:51;661:29;662:21;663:65;664:48;665:59;666:63;667:46;668:59;669:47;670:69;671:59;672:60;673:52;674:51;675:56;676:54;677:57;678:49;679:31;680:58;681:58;682:59;683:56;684:51;685:48;686:35;687:20;688:60;689:57;690:51;691:36;692:34;693:32;694:48;695:56;696:51;697:55;698:53;699:44;700:29;701:64;702:45;703:67;704:21;705:47;706:53;707:24;708:49;709:68;710:57;711:44;712:53;713:24;714:55;715:60;716:54;717:26;718:19;719:53;720:46;721:24;722:22;723:61;724:52;725:54;726:44;727:22;728:58;729:50;730:63;731:46;732:54;733:45;734:57;735:51;736:42;737:45;738:57;739:48;740:44;741:25;742:47;743:51;744:42;745:54;746:30;747:49;748:49;749:60;750:20;751:46;752:48;753:45;754:46;755:55;756:44;757:50;758:55;759:52;760:39;761:50;762:41;763:46;764:37;765:43;766:21;767:54;768:37;769:20;770:46;771:39;772:43;773:46;774:41;775:36;776:30;777:43;778:49;779:20;780:42;781:46;782:31;783:37;784:46;785:22;786:41;787:46;788:44;789:49;790:47;791:39;792:49;793:46;794:38;795:30;796:38;797:42;798:43;799:25;800:40;801:37;802:28;803:39;804:41;805:55;806:42;807:43;808:19;809:41;810:49;811:42;812:54;813:41;814:42;815:57;816:26;817:18;818:40;819:52;820:35;821:47;822:44;823:37;824:40;825:36;826:41;827:18;828:48;829:32;830:42;831:54;832:67;833:84;834:73;835:72;836:70;837:52;838:61;839:45;840:51;841:37;842:39;843:33;844:38;845:58;846:55;847:29;848:47;849:56;850:49;851:52;852:53;853:68;854:28;855:35;856:30;857:73;858:63;859:29;860:52;861:54;862:29;863:41;864:48;865:50;866:73;867:57;868:66;869:36;870:23;871:41;872:61;873:44;874:29;875:66;876:67;877:52;878:50;879:69;880:61;881:62;882:46;883:76;884:49;885:39;886:47;887:34;888:55;889:58;890:43;891:66;892:56;893:38;894:28;895:74;896:64;897:50;898:75;899:82;900:50,N/A
experiments/hourvideo/abd_evidence_audit/content/historical_r1_r3_gens_audit_900/code/freeze_codex_evidence_audit.py,SOURCE/PROMPT/CONFIG,Executable source or frozen input; retain bytes,958bf8a560e7f992147537a58fc0532da16d25315d24d8d2850b662c8875daa1,experiments/hourvideo/abd_evidence_audit/CHECKSUMS.sha256,58:6,N/A
experiments/hourvideo/abd_evidence_audit/content/historical_r1_r3_gens_audit_900/code/prepare_codex_evidence_audit_packages.py,SOURCE/PROMPT/CONFIG,Executable source or frozen input; retain bytes,c60050edde6ef0cd70d65608f064f0ac771c5b3252db42d7cea5ebb5bdce3181,experiments/hourvideo/abd_evidence_audit/CHECKSUMS.sha256,21:10;23:65;25:9;27:18;28:15;29:11;30:11;31:18;32:8;34:10;43:75;45:83;47:47;193:6,N/A
experiments/hourvideo/abd_evidence_audit/content/historical_r1_r3_gens_audit_900/code/summarize_codex_evidence_audit.py,SOURCE/PROMPT/CONFIG,Executable source or frozen input; retain bytes,466a9866d1948f3e13651ebb2a876588f38d34ad2f13fb13c8c7e7e4919a237b,experiments/hourvideo/abd_evidence_audit/CHECKSUMS.sha256,237:6,N/A
experiments/hourvideo/abd_evidence_audit/content/historical_r1_r3_gens_audit_900/code/update_codex_evidence_audit_progress.py,SOURCE/PROMPT/CONFIG,Executable source or frozen input; retain bytes,369fee9027b731385e6c5d1b5ac19d77b41a89bd51d3fe05f0cda5faa3a326b2,experiments/hourvideo/abd_evidence_audit/CHECKSUMS.sha256,109:6,N/A
experiments/hourvideo/api_planner_local_eval300/artifacts/formal_run/per_question/41a86310-2cc1-48f9-b5b5-6b495a95fbac_7_39/r3_2/direct_final_input.json,RAW-EVIDENCE,Frozen structured evidence or result; retain bytes,226be9fda46b3fd7049d15880d5e4bae35ebf2d8111305a3f0271931b7e4af4d,experiments/hourvideo/api_planner_local_eval300/CHECKSUMS.sha256,44:1;51:1;58:1;65:1;72:1;79:1;86:1;93:1;100:1;107:1;114:1;121:1;128:1;135:1;142:1;149:1,N/A
experiments/hourvideo/api_planner_local_eval300/artifacts/formal_run/per_question/41a86310-2cc1-48f9-b5b5-6b495a95fbac_7_39/r3_2/shared_investigation.json,RAW-EVIDENCE,Frozen structured evidence or result; retain bytes,54360451fd9d31e68d9ed1e271a815931fe1eeb37f73efd66935714b1f9c004e,experiments/hourvideo/api_planner_local_eval300/CHECKSUMS.sha256,694:1;703:1;712:1;721:1;730:1;739:1;748:1;757:1;766:1;775:1;784:1;793:1;802:1;811:1;820:1;829:1,N/A
experiments/hourvideo/api_planner_local_eval300/artifacts/formal_run/per_question/4572b198-2c1c-4920-bcf0-95fcebe12261_7_32/r3_2/shared_investigation.json,RAW-EVIDENCE,Frozen structured evidence or result; retain bytes,c00e33e78aa5b26ba8297409d0d4c6438ff44e73a03186ce5df666d2688a7825,experiments/hourvideo/api_planner_local_eval300/CHECKSUMS.sha256,1013:1;1022:1;1031:1;1040:1;1049:1;1058:1;1067:1;1076:1;1085:1;1094:1;1103:1;1112:1;1121:1;1130:1;1139:1;1148:1,N/A
experiments/hourvideo/api_planner_local_eval300/artifacts/formal_run/per_question/6fd90f8d-7a4d-425d-a812-3268db0b0342_11_29/r3_2/direct_final_input.json,RAW-EVIDENCE,Frozen structured evidence or result; retain bytes,e76314cd1820ba0fec81ac926eb2396232d167a82a0ff9599ed594712b791bc8,experiments/hourvideo/api_planner_local_eval300/CHECKSUMS.sha256,36:2,N/A
experiments/hourvideo/api_planner_local_eval300/artifacts/formal_run/per_question/6fd90f8d-7a4d-425d-a812-3268db0b0342_11_29/r3_2/shared_investigation.json,RAW-EVIDENCE,Frozen structured evidence or result; retain bytes,ffa2de6dcb2d37d6960e86a781a30f4bcf30b50d04f1f2f93b3ca00596a93d36,experiments/hourvideo/api_planner_local_eval300/CHECKSUMS.sha256,4:2,N/A
experiments/hourvideo/api_planner_local_eval300/artifacts/formal_run/per_question/a6d45e95-8dc0-4932-83bf-ec53e265a16a_11_15/r1_av/direct_final_input.json,RAW-EVIDENCE,Frozen structured evidence or result; retain bytes,30de017238e4a9851cd9aa9269746a6553f1cd93ce4ab3086018836b860395a6,experiments/hourvideo/api_planner_local_eval300/CHECKSUMS.sha256,44:6;51:6;58:6;65:6;72:6;79:6;86:6;93:6;100:6;107:6,N/A
experiments/hourvideo/api_planner_local_eval300/artifacts/formal_run/per_question/a6d45e95-8dc0-4932-83bf-ec53e265a16a_11_15/r1_av/shared_investigation.json,RAW-EVIDENCE,Frozen structured evidence or result; retain bytes,731bdbd2c6ba0618fc3d258f065a131aedfa9e82f7e83eae5a27c55cf4cb6c3d,experiments/hourvideo/api_planner_local_eval300/CHECKSUMS.sha256,568:5;577:6;586:6;595:4;604:6;613:6;622:6;631:6;640:6;649:6;658:6;667:6;676:6;685:6;694:6,N/A
experiments/hourvideo/dgx_eval300/appendix_candidates/old_h/old_h_series_archive/OLD_H_SERIES_EVAL300_DATA_ARCHIVE.md,FROZEN-DOC,Frozen checksum membership,48ff376987e95b241d3e345ed21b3e079c5c951be602e27254dad9e71c39d06f,experiments/hourvideo/dgx_eval300/metadata/STAGING_CHECKSUMS.sha256,54:3;55:3;56:3;57:3;89:3;90:3;91:3;92:3;98:6;133:4;134:4;135:4,docs/english/DGX_RESULTS.md
experiments/hourvideo/dgx_eval300/experiments/dense_h15_v1/retry/raw_attempts/7ddbf8a2-5b3e-44cd-b9dc-db17ec06831b/20260829T115833Z-bqvz/trajectory.json,RAW-EVIDENCE,Frozen structured evidence or result; retain bytes,fc9666bbc68ec20e084b3cb1e38cd61d5a35d27dd03c15fc088f83186cba5f31,experiments/hourvideo/dgx_eval300/metadata/STAGING_CHECKSUMS.sha256,49:3;89:3;126:3;166:3,N/A
experiments/hourvideo/dgx_eval300/experiments/dense_h15_v1/retry/raw_attempts/7ddbf8a2-5b3e-44cd-b9dc-db17ec06831b/20260829T121513Z-uku7/trajectory.json,RAW-EVIDENCE,Frozen structured evidence or result; retain bytes,71f9fc03ace37664e5bc2bf691f416d1899b96cdc4e3ebfb13962444c1cd6ab1,experiments/hourvideo/dgx_eval300/metadata/STAGING_CHECKSUMS.sha256,59:2;69:4;74:13;84:2;89:2;94:2;104:3;109:7;136:2;146:4;151:13;161:2;166:2;171:2;181:3;186:7,N/A
experiments/hourvideo/dgx_eval300/experiments/dense_h15_v1/retry/raw_attempts/7ddbf8a2-5b3e-44cd-b9dc-db17ec06831b/20260829T121827Z-yoeg/trajectory.json,RAW-EVIDENCE,Frozen structured evidence or result; retain bytes,70ae72d48d6898fb962aa46118486646d902869688fc56a4875e25df910a009a,experiments/hourvideo/dgx_eval300/metadata/STAGING_CHECKSUMS.sha256,109:4;186:4,N/A
experiments/hourvideo/dgx_eval300/experiments/dense_h15_v1/retry/raw_attempts/7ddbf8a2-5b3e-44cd-b9dc-db17ec06831b/20260829T123507Z-291s/trajectory.json,RAW-EVIDENCE,Frozen structured evidence or result; retain bytes,d52a0fdc24924ce5e799052fe1abd20e8d7df727632ab8a9436da23001bfcdcf,experiments/hourvideo/dgx_eval300/metadata/STAGING_CHECKSUMS.sha256,1020:3;1097:3;1535:3;1550:2;1612:3;1627:2;2010:3;2030:2;2035:4;2045:2;2060:13;2065:2;2070:3;2087:3;2107:2;2112:4;2122:2;2137:13;2142:2;2147:3;2818:3;2833:2;2895:3;2910:2;3343:3;3358:2;3420:3;3435:2,N/A
experiments/hourvideo/dgx_eval300/experiments/dense_h30_v2/retry/raw_attempts/7ddbf8a2-5b3e-44cd-b9dc-db17ec06831b/20260831T150237Z-ryqc/trajectory.json,RAW-EVIDENCE,Frozen structured evidence or result; retain bytes,1155ea88ebfc6c4d9a372bdff905dea3fedd3ca72ebd4162568a341281a091b3,experiments/hourvideo/dgx_eval300/metadata/STAGING_CHECKSUMS.sha256,54:3;99:3;206:3;251:3;1216:3;1271:2;1368:3;1423:2;2661:2;2666:3;2686:2;2813:2;2818:3;2838:2,N/A
experiments/hourvideo/dgx_eval300/experiments/dense_h30_v2/retry/raw_attempts/7ddbf8a2-5b3e-44cd-b9dc-db17ec06831b/20260831T151918Z-0r8o/trajectory.json,RAW-EVIDENCE,Frozen structured evidence or result; retain bytes,6f2ee4213e42bdd3b815dbdb7a74442fac72a57b9f93a5ef8afec087a4a792eb,experiments/hourvideo/dgx_eval300/metadata/STAGING_CHECKSUMS.sha256,44:3;49:2;54:4;59:7;69:2;119:2;159:2;164:2;169:1;179:3;196:3;201:2;206:4;211:7;221:2;271:2;311:2;316:2;321:1;331:3;1036:4;1046:2;1066:7;1188:4;1198:2;1218:7;2073:2;2088:3;2225:2;2240:3;3205:3;3210:4;3215:2;3230:2;3240:7;3315:2;3335:2;3340:3;3357:3;3362:4;3367:2;3382:2;3392:7;3467:2;3487:2;3492:3,N/A
experiments/hourvideo/dgx_eval300/experiments/dense_h30_v2/retry/raw_attempts/7ddbf8a2-5b3e-44cd-b9dc-db17ec06831b/20260831T153828Z-mvmg/trajectory.json,RAW-EVIDENCE,Frozen structured evidence or result; retain bytes,f507096a96663261ebf8d18259cfc4b154cd042a413af5d0d54a202dcbaef926,experiments/hourvideo/dgx_eval300/metadata/STAGING_CHECKSUMS.sha256,119:3;129:13;139:3;149:4;271:3;281:13;291:3;301:4;1045:2;1197:2;2268:3;2388:3;2420:3;2540:3;3390:2;3542:2,N/A
experiments/hourvideo/dgx_eval300/experiments/dense_h30_v2/retry/raw_attempts/7ddbf8a2-5b3e-44cd-b9dc-db17ec06831b/20260831T155508Z-r7z3/trajectory.json,RAW-EVIDENCE,Frozen structured evidence or result; retain bytes,28f118eba103c074d596c82896ba81f525f5576d998a38b4a69108c5b6701312,experiments/hourvideo/dgx_eval300/metadata/STAGING_CHECKSUMS.sha256,179:3;331:3,N/A
experiments/hourvideo/dgx_eval300/experiments/dense_h30_v2/retry/raw_attempts/db3f7933-dfa0-4678-9d4f-393b628ded45/20260831T135556Z-qsqd/trajectory.json,RAW-EVIDENCE,Frozen structured evidence or result; retain bytes,e9de135bc429e4877a2381b1ec70586d73c700055ea5bd68baad2b2d0e99ce31,experiments/hourvideo/dgx_eval300/metadata/STAGING_CHECKSUMS.sha256,69:2;221:2;1253:2;1405:2;2275:2;2427:2;3231:2;3383:2;4177:2;4329:2,N/A
experiments/hourvideo/dgx_eval300/experiments/dense_h30_v2/retry/raw_attempts/db3f7933-dfa0-4678-9d4f-393b628ded45/20260831T142917Z-leco/trajectory.json,RAW-EVIDENCE,Frozen structured evidence or result; retain bytes,513f53f6bc49d2954b611292e3d8e8a6bd5cddc9386361638d40ed2b8b8efa80,experiments/hourvideo/dgx_eval300/metadata/STAGING_CHECKSUMS.sha256,1211:2;1363:2,N/A
experiments/hourvideo/dgx_eval300/experiments/dense_h8_v3/retry/raw_attempts/70f2a750-f403-41b8-aabb-480eb3ab4ed4/20260902T085806Z-2w8e/trajectory.json,RAW-EVIDENCE,Frozen structured evidence or result; retain bytes,dd2afe1cf828624b7610324bb873bd46471782b51a0c4b098766d3c67b4c1d7a,experiments/hourvideo/dgx_eval300/metadata/STAGING_CHECKSUMS.sha256,315:2;330:2,N/A
experiments/hourvideo/dgx_eval300/experiments/dense_h8_v3/retry/raw_attempts/7ddbf8a2-5b3e-44cd-b9dc-db17ec06831b/20260902T074517Z-0nax/trajectory.json,RAW-EVIDENCE,Frozen structured evidence or result; retain bytes,4d84ad17c8077548a01ed3d188d63e2833e281e392a1338ccf0d6798a9d010cf,experiments/hourvideo/dgx_eval300/metadata/STAGING_CHECKSUMS.sha256,59:2;69:4;74:13;101:2;111:4;116:13;371:2;386:4;401:13;413:2;428:4;443:13;1312:2;1317:4;1327:13;1332:3;1342:7;1347:6;1354:2;1359:4;1369:13;1374:3;1384:7;1389:6;1808:2;1813:2;1818:3;1823:4;1850:2;1855:2;1860:3;1865:4;2306:2;2311:2;2316:3;2321:4;2348:2;2353:2;2358:3;2363:4,N/A
experiments/hourvideo/dgx_eval300/experiments/dense_h8_v3/retry/raw_attempts/db3f7933-dfa0-4678-9d4f-393b628ded45/20260902T072837Z-9jel/trajectory.json,RAW-EVIDENCE,Frozen structured evidence or result; retain bytes,b908c9dbe763ab3f7098f8354ee3bfa7c496b268f7384b897a9f208497d0b773,experiments/hourvideo/dgx_eval300/metadata/STAGING_CHECKSUMS.sha256,74:2;116:2,N/A
experiments/hourvideo/dgx_eval300/experiments/flat30/results/reconciliation/reconcile.py,SOURCE/PROMPT/CONFIG,Executable source or frozen input; retain bytes,c10640704b20d2d10cf1d43b5bafee9d81c090fb723dc08fcbd3090eb462d1ec,experiments/hourvideo/dgx_eval300/metadata/STAGING_CHECKSUMS.sha256,22:3;29:3;36:3,N/A
experiments/hourvideo/dgx_eval300/experiments/flat30/results/reconciliation/reconciliation_report.md,FROZEN-DOC,Frozen checksum membership,562d33fc4b6a840304aca8c12815a5f3da1fa6e6663d38c4c7027cf1dd7d24dd,experiments/hourvideo/dgx_eval300/metadata/STAGING_CHECKSUMS.sha256,10:3;16:3;22:3;32:3;33:3;34:3;38:3;46:3;54:3,docs/english/DGX_RESULTS.md
experiments/hourvideo/dgx_eval300/experiments/flat30/results/reconciliation/summary.json,RAW-EVIDENCE,Frozen structured evidence or result; retain bytes,c08d896e565e4e589a11a3e92a9c0a22a0f2ef0306f6a4ac757eb58b16f6cec1,experiments/hourvideo/dgx_eval300/metadata/STAGING_CHECKSUMS.sha256,10:3;69:3;128:3,N/A
experiments/hourvideo/dgx_eval300/provenance/experiment_registry.csv,RAW-EVIDENCE,Frozen structured evidence or result; retain bytes,ae49e524526aee6b8b23819d1074cdac8e9db49acb1ed55ed4428a99d11d5302,experiments/hourvideo/dgx_eval300/metadata/STAGING_CHECKSUMS.sha256,24:2,N/A
experiments/hourvideo/dgx_eval300/provenance/methods_readonly_verification_REPORT.md,FROZEN-DOC,Frozen checksum membership,b53f8925ce3ab5e1ab03b737953829a2b8cba547f5b0f8ca097e25ec8c79d948,experiments/hourvideo/dgx_eval300/metadata/STAGING_CHECKSUMS.sha256,1:6;3:4;4:4;5:52;7:4;9:120;11:98;13:99;15:11;17:5;19:24;20:15;21:40;22:26;24:10;26:16;36:67;38:9;40:8;42:24;44:9;46:29;47:26;48:26;49:26;51:5;53:55;55:29;57:12;59:20;61:29;62:29;63:34;64:34;66:33;68:7;70:11;72:12;74:17;75:18;76:14;77:25;78:22;80:70;82:9;84:37;85:22;86:13;87:10;88:18;89:28;91:10;93:33;97:43;99:12;101:36;102:7;103:20;104:26;106:46,docs/english/METHODS_SNAPSHOT.md
experiments/hourvideo/dgx_eval300/provenance/prompt_registry.csv,SOURCE/PROMPT/CONFIG,Executable source or frozen input; retain bytes,cb7cfaa2ef45f9fdee7758288dd4feee8c4442eb4c75749cb3a25fe5c038b70c,experiments/hourvideo/dgx_eval300/metadata/STAGING_CHECKSUMS.sha256,2:11;3:11;4:11;5:11;6:11;7:11;8:10;9:15;10:11;11:11;12:10;13:10;14:11,N/A
experiments/hourvideo/dgx_eval300/reports/main_comparison/FINAL_H15_VS_FLAT_DATA_ARCHIVE.md,FROZEN-DOC,Frozen checksum membership,5dc6ea25fa9bfa22e38bc4013a66e3d78588637bde8f29a36b8541884b407f40,experiments/hourvideo/dgx_eval300/metadata/STAGING_CHECKSUMS.sha256,1:5;3:4;5:33;7:3;8:5;9:4;11:10;12:2;13:2;15:4;18:3;20:4;22:2;24:5;25:5;26:4;27:5;28:2;29:4;31:4;33:35;35:33;37:32;39:22;41:23;43:4;45:14;47:6;49:4;50:4;51:4;52:4;54:2;56:29;57:16;58:37;59:31;61:12;63:7;65:4;67:5;68:5;70:3;72:5;73:7;75:2;77:71;79:8;81:28;83:6;85:2;86:2;87:2;88:6;89:6;91:5;93:31;94:41;95:7;96:47;97:27;99:50;101:7;103:27;105:6;107:4;108:5;109:4;110:8;112:8;114:2;115:2;116:20;118:12;120:16;121:14;122:35;124:7;126:12;128:5;130:5;131:4;132:4;133:6;135:2;137:12;138:13;139:42;140:26;142:6;144:10;146:109;148:10;150:31;151:14;152:21;153:29;155:7;171:4;173:44;175:4;177:50;179:2;185:5;186:5;187:5;188:5;190:52;192:5;194:6;196:10;198:5;200:5;201:4;202:4;203:6;205:8;206:6;207:4;209:54;211:2;213:5;215:5;216:5;217:5;218:6;220:8;221:6;222:4;224:23;226:9;228:7;230:4;232:2;233:2;234:2;235:2;237:3;239:9;240:7;241:12;242:4;244:46;246:7;248:10;250:12;255:15;256:15;258:50;260:9;262:6;264:4;266:2;267:2;268:2;269:2;271:3;273:9;274:7;275:6;276:4;278:73;280:12;282:4;284:134;286:4;292:51;294:4;296:49;298:4;303:6;304:23;306:9;308:2;314:1;315:3;317:4;319:36;320:29;321:26;322:23;324:46;326:4;328:11;330:2;332:4;333:4;334:4;335:4;337:59;339:14;341:6;343:6;345:2;346:2;347:2;348:6;349:10;351:22;352:36;353:41;354:39;356:64;358:11;360:2;362:2;363:4;364:4;365:10;367:63;369:51;371:5;373:6;375:10;377:5;379:5;380:4;381:4;382:6;384:8;385:6;386:4;388:56;390:2;392:5;394:5;395:5;396:5;397:6;399:8;400:6;401:4;403:48;405:9;407:6;409:4;411:2;412:2;413:2;414:2;416:3;418:9;419:7;420:12;421:4;423:43;425:7;427:7;429:24;431:4;432:4;433:4;434:4;436:2;438:17;439:17;441:82;443:7;445:15;447:5;448:5;450:33;452:9;454:4;456:174;458:4;460:38;461:44;462:25;463:46;464:30;466:49,docs/english/DGX_RESULTS.md
experiments/hourvideo/direct_r1_visual_only_thesis/artifacts/lineage/frozen_sources/DIRECT_R1_ASR_INPUT_AUDIT.md,FROZEN-DOC,Frozen checksum membership,62037b464be125dbad0a76e050629adacacb8ef33d11525f87359f070fc178cc,experiments/hourvideo/direct_r1_visual_only_thesis/CHECKSUMS.sha256,1:6;3:4;4:15;5:34;6:4;8:4;10:62;11:32;12:76;13:90;14:87;15:76;17:9;19:11;21:15;22:28;23:26;24:38;26:4;36:6;38:2;43:4;44:4;46:7;48:34;65:7;68:2;70:6;72:95;74:24;76:1;77:1;78:1;79:1;80:1;81:1;82:1;83:1;84:1;85:1;86:1;87:1;88:4;90:4;92:6;93:5;94:5;95:29;96:40;97:15;99:3;101:5;103:3;117:19;119:13;120:13;121:10;122:18;123:10;124:67;126:5;128:17;145:20;146:11;147:51;148:34;149:90;151:2;153:65;155:14;158:3;159:4;161:4;162:4;163:4;166:3;167:3;168:4;170:33;172:11;174:57;176:18;178:6;179:1;182:2;183:2;186:44;188:4;190:41;191:17;192:23;193:30;195:84;197:8;199:8;201:7;202:9;203:7;204:14;205:32;206:30;208:6;210:10;212:5;213:5;214:6;215:3;216:7;218:52;220:9;222:17;237:64;239:14;241:8;243:45;244:41;245:27;246:7;247:31;249:6;251:13;252:42;253:61;255:17;257:3;259:9;260:13;261:16;262:12;263:18;264:19;265:24;267:3;269:22;270:30;271:20;272:12;273:30;275:13;277:21;278:44;279:20;280:51;282:6;284:12;285:43;287:19;288:68;290:13;291:30;293:10;294:82,docs/english/DIRECT_R1.md
experiments/hourvideo/direct_r1_visual_only_thesis/artifacts/thesis_data_package/DIRECT_VISUAL_ONLY_EVAL300_DATA_SUMMARY.md,FROZEN-DOC,Frozen checksum membership,2a45266ddc8e9536a7d68e3e649c78c1e633e3f917a27e4b5eab73fc94176f20,experiments/hourvideo/direct_r1_visual_only_thesis/CHECKSUMS.sha256,1:4;3:7;5:52;7:9;9:59;10:9;11:17;12:24;14:72;16:4;18:4;20:3;21:10;22:2;23:2;24:4;25:2;27:5;28:11;30:9;32:9;34:35;36:10;44:49;46:53;48:30;49:37;50:46;51:69;53:5;55:40;57:2;59:2;60:3;61:4;62:6;63:3;64:3;67:4;69:1;70:2;72:5;74:2;76:2;77:2;78:2;79:2;81:16;83:7;85:7;87:2;89:3;90:7;91:5;92:7;93:3;94:6;95:6;96:6;97:6;98:13;99:7;100:11;101:11;102:11;103:8;105:78;107:72;109:28;111:8;113:2;115:4;116:6;117:7;118:5;119:14;121:76;123:8;125:4;127:1;128:9;129:7;130:5;131:12;132:12;133:10;134:6;136:53;138:6;140:14;142:6;144:2;145:2;146:2;147:2;148:2;150:45;152:33;154:74;156:6;158:5;160:9;161:8;162:38;163:19;165:4;167:21;168:18;169:20;171:10;173:19;174:26;175:15;176:20;177:16;179:46;181:7;183:23;184:33;185:21;186:28;187:19;188:58,docs/english/DIRECT_R1.md
experiments/hourvideo/school_formal/content/capacity_aware_eval300_paired150/results/frozen_planner/planner_attempts.jsonl,RAW-EVIDENCE,Frozen structured evidence or result; retain bytes,15e47523af4a93433b8e2f0232469b54cc7dd8af79ef72e2a932e32954d91886,experiments/hourvideo/school_formal/provenance/CHECKSUMS.sha256,230:4,N/A
experiments/hourvideo/school_formal/content/common/legacy_runtime/src/experiments/claim_level_av_sufficiency_v2/core.py,SOURCE/PROMPT/CONFIG,Executable source or frozen input; retain bytes,7ba3fc32f34fd3c821b9c6c9274de38d1d65f3138c7ed2b14cf2222efc41cee8,experiments/hourvideo/school_formal/provenance/CHECKSUMS.sha256,445:3,N/A
experiments/hourvideo/school_formal/content/supplementary/full_staged_paired100/reports/thesis_package/PAIRED100_THESIS_RESULTS.md,FROZEN-DOC,Frozen checksum membership,6b6daab8722f7a5afebebfd81ed3fae5388ece0c32c38efecdc0b0ebcd4f83fa,experiments/hourvideo/school_formal/provenance/CHECKSUMS.sha256,1:6;3:4;5:98;7:7;9:15;10:12;13:8;14:17;15:1;16:21;18:6;20:31;22:9;23:10;24:4;25:9;27:40;29:2;31:7;33:4;34:2;35:17;38:63;40:2;42:22;44:2;46:6;47:2;48:9;49:4;51:74;53:4;55:6;57:5;58:11;59:3;60:3;62:78;64:4;66:43;68:86;70:55;72:7;74:6;80:32;81:62;82:27;83:53;84:23;86:4;88:67;89:85;91:9;93:106;95:64;97:4;99:20;100:16;101:35;102:37;103:18;104:29;106:5;108:38;133:5;135:77,docs/english/PAIRED100.md
experiments/hourvideo/school_formal/content/supplementary/full_staged_paired100/run_and_score/build_full_staged_paired100_thesis_package.py,SOURCE/PROMPT/CONFIG,Executable source or frozen input; retain bytes,930904a1f9eb0dfe108ffc4f7cf3cc11142958764eb1d3dea364659dd1763f65,experiments/hourvideo/school_formal/provenance/CHECKSUMS.sha256,583:6;585:5;586:11;587:3;588:3;592:31;594:9;595:10;596:4;597:9;601:7;603:4;604:2;605:17;610:2;612:6;613:2;614:9;615:4;625:6;627:4;629:98;631:7;633:15;634:12;637:8;638:17;639:1;640:21;642:6;646:40;648:2;652:63;654:2;656:22;660:74;662:4;666:78;668:4;670:43;672:86;674:55;676:7;678:6;682:32;683:62;684:27;685:53;686:23;688:4;690:67;691:85;693:9;695:106;697:64;699:4;701:20;702:16;703:35;704:37;705:18;706:29;708:5;710:38;714:5;716:77,N/A
scripts/canonical/build_human_review_site.py,SOURCE/PROMPT/CONFIG,Executable source or frozen input; retain bytes,8b949c49938cb3f2d939c8d8750529ed8d0fb9e1db8e0d8d4a7e4bf96a82986d,,98:3;143:3;145:3;146:3;148:18;149:15;426:4;441:8;442:5;446:10;447:17;453:4;460:6;479:4;492:7;493:10;497:6;508:8;593:25,N/A
scripts/canonical/render_egoschema_fixed_review.py,SOURCE/PROMPT/CONFIG,Executable source or frozen input; retain bytes,450a64e91fbaa2821e02a2c6617f7525aeb998870c216e38d0daada15c508f69,,198:11;210:13;213:7;216:9;220:9;224:9;227:20;231:26;232:23;237:18;238:16;360:3,N/A
scripts/canonical/run_egoschema_ours_v0.py,SOURCE/PROMPT/CONFIG,Executable source or frozen input; retain bytes,4f5233b5a06701eee5587f434cd24583dde34d06614fbf6f1e0ccfaca84599b4,,501:2,N/A
scripts/canonical/run_live_verification.py,SOURCE/PROMPT/CONFIG,Executable source or frozen input; retain bytes,97b025c9ef9c12a5ae647b2afa2cef2266cb7de13b1a8d003f17b59940bed0ba,,97:20,N/A
scripts/correct_task5b_v1_1.py,SOURCE/PROMPT/CONFIG,Executable source or frozen input; retain bytes,009653f94cc161ba8bcb949cde005c9e223189add287027168f5ac535052c3ec,,65:4;68:74;69:53,N/A
scripts/diagnose_task5c_asr_boundary.py,SOURCE/PROMPT/CONFIG,Executable source or frozen input; retain bytes,ba6ebca145c08df566d433f5083d84ae53c7aca631eb7d15eb49d4ffc3c4bfce,,167:4;168:44;169:4;170:3;171:4;172:4;173:4;174:7,N/A
scripts/run_baseline_instrumentation.py,SOURCE/PROMPT/CONFIG,Executable source or frozen input; retain bytes,3c24df5c44606a723a3d5410d772f786b521012c8c9df74a6300eaa41356d707,,102:48,N/A
scripts/run_task5b_retrieval.py,SOURCE/PROMPT/CONFIG,Executable source or frozen input; retain bytes,dce6da65a4a3ab617b87d5c542e6eba0b24321c9b34845b03d9be0cc17dbde04,,226:151;227:58,N/A
scripts/run_task5c_evidence_sufficiency.py,SOURCE/PROMPT/CONFIG,Executable source or frozen input; retain bytes,bb7e8f6e2a5e82d18cebe1e05013d83f80f74c9a428e2264fdceb2c28bf3de29,,179:4;180:34;181:4;182:4;183:5;184:2;185:5;186:7;187:5;188:16;189:8;191:51,N/A
scripts/run_task5c_v1_1.py,SOURCE/PROMPT/CONFIG,Executable source or frozen input; retain bytes,6fe48dbe033bdf652cb71da2caf5d5878d50a0b746b2c0c362a59d845de81843,,192:4;193:4;194:10;195:10;196:2;197:11;198:12;199:11;200:59,N/A
scripts/run_task5c_v1_2.py,SOURCE/PROMPT/CONFIG,Executable source or frozen input; retain bytes,da46accffce98baf5e009fe5b596f7c46f53efee2b1b2d981f3c490967c015d5,,142:4;143:7;144:5;145:11;146:36;147:3;148:10;149:12;150:7;151:34,N/A
scripts/run_task6_relation_reranking.py,SOURCE/PROMPT/CONFIG,Executable source or frozen input; retain bytes,7a960be6d61fe4b478189f3ec6fabba73aa36fa3a37b9713f1a118fd7cda74d4,,205:3;206:16;207:8;208:20;209:53,N/A
scripts/run_task6_v1_1.py,SOURCE/PROMPT/CONFIG,Executable source or frozen input; retain bytes,86a62a751155b94d07800dad8ec2a167f53eb2b40625fdda13fd92e17ef22b15,,131:3;132:4;133:3;134:4;135:3;136:7;137:7;138:6;139:4;140:8;141:7;144:53,N/A
scripts/run_task6_v1_2.py,SOURCE/PROMPT/CONFIG,Executable source or frozen input; retain bytes,3a659fd29135ef0b8cdada54e51a2b1e18b74ad00d9c44118e480b3a074e3330,,110:11;111:16;112:2;113:10;114:3;115:7;116:48,N/A
scripts/run_task7a_preflight.py,SOURCE/PROMPT/CONFIG,Executable source or frozen input; retain bytes,1b794ef11fc3b2193121f8dbb168880d28ca714212fb3532eb4d0171a2ad7062,,221:3;222:7;223:11;224:10;225:9;226:4;227:6;229:48,N/A
scripts/run_task7b_pilot.py,SOURCE/PROMPT/CONFIG,Executable source or frozen input; retain bytes,f6dc3ee161710c8566b4bd5a27fe10224ae58ebd96469f466e61d405b0b03c6f,,97:2;98:5;99:13;100:2;102:1;103:5;104:1;105:1;107:21,N/A
src/canonical_pipeline/smoke_trace.py,SOURCE/PROMPT/CONFIG,Executable source or frozen input; retain bytes,3d28500afe41bf3dc1a5cf89e03ec59e9fee10878a5d8442cb7e3af62a343281,,473:12;475:13;481:4;484:2;486:17;493:5;494:26,N/A
src/evaluation/full_pilot_reporting.py,SOURCE/PROMPT/CONFIG,Executable source or frozen input; retain bytes,00a1ef4fb81631bec60fd2a222c00b9aff234ec1048907b98ebe80a37390a598,,457:12;459:7,N/A
src/final_qa/task7b_reporting.py,SOURCE/PROMPT/CONFIG,Executable source or frozen input; retain bytes,8235f681cabd1d7648f12a5519f5f570bbdf03648de4ba5e21bf878bc677d2f2,,142:8;143:1;144:1;146:6;147:6;153:4;155:3,N/A
tests/test_task5b_retrieval.py,SOURCE/PROMPT/CONFIG,Executable source or frozen input; retain bytes,1a5aab5b845bba808acd23443f447b48080ec82a256bcb14381fc17fea2f4ab1,,95:24,N/A
git:8bd64f9504dd74772f87d073ef043aa0fc99aa66,GIT-HISTORY / IDENTIFIER,Historical commit subject; unchanged,N/A,N/A,commit subject,N/A
