source_portable_path,original_sha256,original_bytes,staged_path,staged_sha256,staged_bytes,role,transformation,path_replacements
outputs/abd_eval300_analysis_v1/ABD_FINAL_REPORT.md,86d87f809afec748e10eeeea56543c6b71b86e417e6929ef8cf1b47ba47e251b,922,content/abd_lineage/00_formal/analysis/ABD_FINAL_REPORT.md,86d87f809afec748e10eeeea56543c6b71b86e417e6929ef8cf1b47ba47e251b,922,ABD formal analysis result/report/manifest,exact_copy,0
outputs/abd_eval300_analysis_v1/abd_arm_summary.csv,72072e6c56d5901d79afead02a8e301b3f13dc9566e75628aac8439f23a51c75,476,content/abd_lineage/00_formal/analysis/abd_arm_summary.csv,72072e6c56d5901d79afead02a8e301b3f13dc9566e75628aac8439f23a51c75,476,ABD formal analysis result/report/manifest,exact_copy,0
outputs/abd_eval300_analysis_v1/abd_by_question_type.csv,56a08cc19638d3b364d583f8034287e4f159d4859597a6543ec0bc42dfa55159,2430,content/abd_lineage/00_formal/analysis/abd_by_question_type.csv,56a08cc19638d3b364d583f8034287e4f159d4859597a6543ec0bc42dfa55159,2430,ABD formal analysis result/report/manifest,exact_copy,0
outputs/abd_eval300_analysis_v1/abd_by_video.csv,bf82318b85396bce16ac76f91705f0a8373e70bb729487718244a197c72f519c,1270,content/abd_lineage/00_formal/analysis/abd_by_video.csv,bf82318b85396bce16ac76f91705f0a8373e70bb729487718244a197c72f519c,1270,ABD formal analysis result/report/manifest,exact_copy,0
outputs/abd_eval300_analysis_v1/abd_per_question.csv,20a24feac3795dd04313f63b319d511d712ee20e46fa1cafddb3e7c266836e6d,164636,content/abd_lineage/00_formal/analysis/abd_per_question.csv,20a24feac3795dd04313f63b319d511d712ee20e46fa1cafddb3e7c266836e6d,164636,ABD formal analysis result/report/manifest,exact_copy,0
outputs/abd_eval300_analysis_v1/abd_score_report.json,6274cb10cb67c90f6c06068721e965f0256abc267c2fb0d76bb6229b9dbe0c37,572893,content/abd_lineage/00_formal/analysis/abd_score_report.json,963cdff1748e3e0f5b5f3960499c2ab8b62c917ec0137d3454df4425d10135bb,572875,ABD formal analysis result/report/manifest,absolute_personal_path_redaction_only,1
outputs/abd_eval300_analysis_v1/archive_manifest.json,8f7c591415ecb93eafdfd646b26f7475bd80643f3333ec3fc6e689c42e4fc763,6292,content/abd_lineage/00_formal/analysis/archive_manifest.json,77e6fd0fd896302d4f0a3df6ce347be9709ff36391f45801858c23cc90e9dfda,4234,ABD formal analysis result/report/manifest,absolute_personal_path_redaction_only,21
outputs/abd_eval300_analysis_v1/raw_file_inventory.json,b4ada6f927b363b934a2bada4c6d3989ed24ef6e93c8fbc0c333932cf4f275c4,622410,content/abd_lineage/00_formal/analysis/raw_file_inventory.json,42cb25be77ee19e49d3f9625787fab8b036e3ba998f99172194213553cfd1df1,445128,ABD formal analysis result/report/manifest,absolute_personal_path_redaction_only,1809
outputs/abd_eval300_analysis_v1/structural_closure_report.json,2efbe5e21a24723181af257154cbf946118568ea8717d8a7ba01ea2f93e65622,623908,content/abd_lineage/00_formal/analysis/structural_closure_report.json,53029bf8cc864c0eb8e142aa1d04a6c2e269e3789f2f8ef78b715acc684cf1e5,446626,ABD formal analysis result/report/manifest,absolute_personal_path_redaction_only,1809
outputs/abd_eval300_formal_v1/batch_controls/abd_first_question_abd_v1.json,750f30123224a460e1b8c10206ce7c0259fd18fb3ec4ef53ac73bfc6902771be,365,content/abd_lineage/00_formal/raw_run/batch_controls/abd_first_question_abd_v1.json,750f30123224a460e1b8c10206ce7c0259fd18fb3ec4ef53ac73bfc6902771be,365,ABD formal raw per-task/run record,exact_copy,0
outputs/abd_eval300_formal_v1/batch_controls/abd_first_question_abd_v1_last_execution.json,3536d6e5d7285f1894c78a3c245736cd11fe81b9ed2cb8db638652f4dd874397,1592,content/abd_lineage/00_formal/raw_run/batch_controls/abd_first_question_abd_v1_last_execution.json,3536d6e5d7285f1894c78a3c245736cd11fe81b9ed2cb8db638652f4dd874397,1592,ABD formal raw per-task/run record,exact_copy,0
outputs/abd_eval300_formal_v1/budget_ledger.json,f58f70d5a6ac21b87adae74261420d976bfbd81e1fbc0d4e551cca633d38ce35,96473,content/abd_lineage/00_formal/raw_run/budget_ledger.json,f58f70d5a6ac21b87adae74261420d976bfbd81e1fbc0d4e551cca633d38ce35,96473,ABD formal raw per-task/run record,exact_copy,0
outputs/abd_eval300_formal_v1/continuation_controls/abd_eval300_remaining_897_v1.json,e098c60a5b6d104912fc91803b028fa77188fc31b1bc2f2d1cbf4861056bb4d8,415,content/abd_lineage/00_formal/raw_run/continuation_controls/abd_eval300_remaining_897_v1.json,e098c60a5b6d104912fc91803b028fa77188fc31b1bc2f2d1cbf4861056bb4d8,415,ABD formal raw per-task/run record,exact_copy,0
outputs/abd_eval300_formal_v1/continuation_controls/abd_eval300_remaining_897_v1_last_execution.json,3ac422c537577dde2357c83db96a4388d6735fc2b425cca6c7d7ec20eddf3b28,669,content/abd_lineage/00_formal/raw_run/continuation_controls/abd_eval300_remaining_897_v1_last_execution.json,3ac422c537577dde2357c83db96a4388d6735fc2b425cca6c7d7ec20eddf3b28,669,ABD formal raw per-task/run record,exact_copy,0
outputs/abd_eval300_formal_v1/continuation_controls/runner_stdout_stderr.log,3ac422c537577dde2357c83db96a4388d6735fc2b425cca6c7d7ec20eddf3b28,669,content/abd_lineage/00_formal/raw_run/continuation_controls/runner_stdout_stderr.log,3ac422c537577dde2357c83db96a4388d6735fc2b425cca6c7d7ec20eddf3b28,669,ABD formal raw per-task/run record,exact_copy,0
outputs/abd_eval300_formal_v1/journals/attempt_ends.jsonl,a51cc6913c82b63578f6c38149f90d0d3d3e86c707033fe1a83e6d9925661ee4,1666912,content/abd_lineage/00_formal/raw_run/journals/attempt_ends.jsonl,a51cc6913c82b63578f6c38149f90d0d3d3e86c707033fe1a83e6d9925661ee4,1666912,ABD formal raw per-task/run record,exact_copy,0
outputs/abd_eval300_formal_v1/journals/parser_results.jsonl,c5c198c450c5b7844bc4556189f47c5cf917c0f15ba52104b1cedebdca0f6e79,622086,content/abd_lineage/00_formal/raw_run/journals/parser_results.jsonl,c5c198c450c5b7844bc4556189f47c5cf917c0f15ba52104b1cedebdca0f6e79,622086,ABD formal raw per-task/run record,exact_copy,0
outputs/abd_eval300_formal_v1/journals/provider_responses.jsonl,c869356f0764f0c51052d6ffbf5e722801cada3bd6b34b0c0776bce589048137,1589201,content/abd_lineage/00_formal/raw_run/journals/provider_responses.jsonl,c869356f0764f0c51052d6ffbf5e722801cada3bd6b34b0c0776bce589048137,1589201,ABD formal raw per-task/run record,exact_copy,0
outputs/abd_eval300_formal_v1/journals/request_starts.jsonl,d9cf42b91d137a3fd5de8b69d833c7cd0857274c00208fdb6293812bca119264,640627,content/abd_lineage/00_formal/raw_run/journals/request_starts.jsonl,d9cf42b91d137a3fd5de8b69d833c7cd0857274c00208fdb6293812bca119264,640627,ABD formal raw per-task/run record,exact_copy,0
outputs/abd_eval300_formal_v1/task_artifacts/A__115774b6-534d-444f-b7aa-d1b834eb0ee7_12_27.json,9316fdb43940acdcf377f60166cab5162b777163a6629bdf5a3403eae6218bfa,1569,content/abd_lineage/00_formal/raw_run/task_artifacts/A__115774b6-534d-444f-b7aa-d1b834eb0ee7_12_27.json,82ee0a94460983d2577fb20caea44be14d3a8cc3f3f62eb3d5339f29fe02b536,1471,ABD formal raw per-task/run record,absolute_personal_path_redaction_only,1
outputs/abd_eval300_formal_v1/task_artifacts/A__115774b6-534d-444f-b7aa-d1b834eb0ee7_17_12.json,ca019be7a3492709ae4c9270ee4ed061e5e7285d3dc44df88c0c5cdff053280e,1590,content/abd_lineage/00_formal/raw_run/task_artifacts/A__115774b6-534d-444f-b7aa-d1b834eb0ee7_17_12.json,6b73d219b6866e18cfd7149824a5cf7f2b52dacc6bbf1beba6986a71a7575b5a,1492,ABD formal raw per-task/run record,absolute_personal_path_redaction_only,1
outputs/abd_eval300_formal_v1/task_artifacts/A__115774b6-534d-444f-b7aa-d1b834eb0ee7_17_14.json,69df15f93d8ec14ea43a8dd0bc25501d37c062e75ccdb3848bf10da9b292d389,1561,content/abd_lineage/00_formal/raw_run/task_artifacts/A__115774b6-534d-444f-b7aa-d1b834eb0ee7_17_14.json,041775d345263ca1e62f9a444daf8e82451f4df7c8b8a989d88e31427281039e,1463,ABD formal raw per-task/run record,absolute_personal_path_redaction_only,1
outputs/abd_eval300_formal_v1/task_artifacts/A__115774b6-534d-444f-b7aa-d1b834eb0ee7_17_31.json,a0e57a3d3f5acf92042ccc0820ecf5761b6d78b8d505c64188271ac313bf5906,1530,content/abd_lineage/00_formal/raw_run/task_artifacts/A__115774b6-534d-444f-b7aa-d1b834eb0ee7_17_31.json,9f973444981ba9ada52184dbf490c1eff2e7a28245e4c20462a687eba67c5e04,1432,ABD formal raw per-task/run record,absolute_personal_path_redaction_only,1
outputs/abd_eval300_formal_v1/task_artifacts/A__115774b6-534d-444f-b7aa-d1b834eb0ee7_17_7.json,f0674ff634cf40206636f43742c3db1de372a8dfe53133d56391ad4cf33629a7,1509,content/abd_lineage/00_formal/raw_run/task_artifacts/A__115774b6-534d-444f-b7aa-d1b834eb0ee7_17_7.json,3bd73f8d57af57cc549d1d7353c3e1cbebc5198f8ef5139cd394d33e9195fe51,1411,ABD formal raw per-task/run record,absolute_personal_path_redaction_only,1
outputs/abd_eval300_formal_v1/task_artifacts/A__115774b6-534d-444f-b7aa-d1b834eb0ee7_1_1.json,1a7979c245783367d4781f22b125ff32b965852390c9bc3c80b9175fb0b09ea6,1698,content/abd_lineage/00_formal/raw_run/task_artifacts/A__115774b6-534d-444f-b7aa-d1b834eb0ee7_1_1.json,fb417f55ea39cc4e05076a3459843aec123a3a7f0316b82386bebdcbfae4e26c,1600,ABD formal raw per-task/run record,absolute_personal_path_redaction_only,1
outputs/abd_eval300_formal_v1/task_artifacts/A__115774b6-534d-444f-b7aa-d1b834eb0ee7_1_3.json,7ec7778cbbccb52852296987022269f2751e51cd498639a3cd8b22316e56789b,1655,content/abd_lineage/00_formal/raw_run/task_artifacts/A__115774b6-534d-444f-b7aa-d1b834eb0ee7_1_3.json,f1815e9e02674cfbc76365f2369160462ebfdce894b949aff79ec7b751c9233b,1557,ABD formal raw per-task/run record,absolute_personal_path_redaction_only,1
outputs/abd_eval300_formal_v1/task_artifacts/A__115774b6-534d-444f-b7aa-d1b834eb0ee7_2_2.json,75ebe86d34c84919a6cd044a7fc21589269b4e4efc713feba1ff81bbd36855eb,1468,content/abd_lineage/00_formal/raw_run/task_artifacts/A__115774b6-534d-444f-b7aa-d1b834eb0ee7_2_2.json,e3ff04deab62087b5f5e54f9e1d82e2ccfbb802998738e4d79313db57b302c68,1370,ABD formal raw per-task/run record,absolute_personal_path_redaction_only,1
outputs/abd_eval300_formal_v1/task_artifacts/A__115774b6-534d-444f-b7aa-d1b834eb0ee7_2_4.json,44fc751e0d957b12adc754c066afff967d47c4dd1ac638d273fdda4a79fb3903,1493,content/abd_lineage/00_formal/raw_run/task_artifacts/A__115774b6-534d-444f-b7aa-d1b834eb0ee7_2_4.json,13a29f9cfbc0f0aaf8bde9fa58654d5e330599cd4c16b1ccb567d2223bc0b461,1395,ABD formal raw per-task/run record,absolute_personal_path_redaction_only,1
outputs/abd_eval300_formal_v1/task_artifacts/A__115774b6-534d-444f-b7aa-d1b834eb0ee7_3_21.json,74e32ce7ca51f65eeaea634d10e2895499b69dc4999d96f28254a20168493dec,1676,content/abd_lineage/00_formal/raw_run/task_artifacts/A__115774b6-534d-444f-b7aa-d1b834eb0ee7_3_21.json,69f97b69e3daf50e1531d0375a04fdca3bcb0d27bb5e2807952b9cbc03370fd0,1578,ABD formal raw per-task/run record,absolute_personal_path_redaction_only,1
outputs/abd_eval300_formal_v1/task_artifacts/A__115774b6-534d-444f-b7aa-d1b834eb0ee7_3_23.json,0c6de7486ecd5aa0422b3b0bd7109c351d3f04336c631baad0fde47c68c8560d,1573,content/abd_lineage/00_formal/raw_run/task_artifacts/A__115774b6-534d-444f-b7aa-d1b834eb0ee7_3_23.json,d9736b2fffbf9109cecc1699229425c1117695b242691e2ef362e8fce1d453e0,1475,ABD formal raw per-task/run record,absolute_personal_path_redaction_only,1
outputs/abd_eval300_formal_v1/task_artifacts/A__115774b6-534d-444f-b7aa-d1b834eb0ee7_3_6.json,1cd7c749b28c0e863f0c4894e12f1a517e45be162485b9b05289e30a23b5a02a,1629,content/abd_lineage/00_formal/raw_run/task_artifacts/A__115774b6-534d-444f-b7aa-d1b834eb0ee7_3_6.json,5940cbf74ef544b01329f1ca71f23ee6a1506ab08e17e3f535d137d832ff6cb0,1531,ABD formal raw per-task/run record,absolute_personal_path_redaction_only,1
outputs/abd_eval300_formal_v1/task_artifacts/A__115774b6-534d-444f-b7aa-d1b834eb0ee7_4_1.json,531749a215679486ecf8a3f70d35d75be8a8f78ef7a6a9c545c5ce0a4b806930,1596,content/abd_lineage/00_formal/raw_run/task_artifacts/A__115774b6-534d-444f-b7aa-d1b834eb0ee7_4_1.json,8950dd711d531292f15b35b8f819d84cae019dd79ebd34b00de8cdc90cdaf1cd,1498,ABD formal raw per-task/run record,absolute_personal_path_redaction_only,1
outputs/abd_eval300_formal_v1/task_artifacts/A__115774b6-534d-444f-b7aa-d1b834eb0ee7_4_25.json,ae04a14fb86d11802da410be6109a3c13a73ee303597e0cf52253598fa6c68ef,1520,content/abd_lineage/00_formal/raw_run/task_artifacts/A__115774b6-534d-444f-b7aa-d1b834eb0ee7_4_25.json,0ab02ae9415034c6b13e5b01dc44525b2650540eafa84f57189d9c677396c583,1422,ABD formal raw per-task/run record,absolute_personal_path_redaction_only,1
outputs/abd_eval300_formal_v1/task_artifacts/A__115774b6-534d-444f-b7aa-d1b834eb0ee7_5_29.json,76ffbd673198b9cf91ae1a23b729c09be7c8e460337079dd4f7494dc0ab1ed3a,1691,content/abd_lineage/00_formal/raw_run/task_artifacts/A__115774b6-534d-444f-b7aa-d1b834eb0ee7_5_29.json,cfc145d184bb7bed6e7946367eee165beaa67fe103132f9e2a872c556db0828d,1593,ABD formal raw per-task/run record,absolute_personal_path_redaction_only,1
outputs/abd_eval300_formal_v1/task_artifacts/A__115774b6-534d-444f-b7aa-d1b834eb0ee7_5_5.json,e28ba994c21898691944971135037b34b88f06d3ddd81e4feb6959bae30316d1,1599,content/abd_lineage/00_formal/raw_run/task_artifacts/A__115774b6-534d-444f-b7aa-d1b834eb0ee7_5_5.json,f59c46087d09306572e2d4d8d6102cef8a66e8eae913d656e5f3dd99e5a4de63,1501,ABD formal raw per-task/run record,absolute_personal_path_redaction_only,1
outputs/abd_eval300_formal_v1/task_artifacts/A__115774b6-534d-444f-b7aa-d1b834eb0ee7_6_2.json,e1848e6bcd17b96a8406eaced079cc916047c47f613a8ad488394c17d39406ca,1672,content/abd_lineage/00_formal/raw_run/task_artifacts/A__115774b6-534d-444f-b7aa-d1b834eb0ee7_6_2.json,23cb30cbb945e63e3dd16ddc6843dbdc7557afdd37ddc10327c44021adc6f19a,1574,ABD formal raw per-task/run record,absolute_personal_path_redaction_only,1
outputs/abd_eval300_formal_v1/task_artifacts/A__115774b6-534d-444f-b7aa-d1b834eb0ee7_6_24.json,5f0255535261195d61ef396abd511f30dab0e2fef134b06c6c63719b7a21d86a,1704,content/abd_lineage/00_formal/raw_run/task_artifacts/A__115774b6-534d-444f-b7aa-d1b834eb0ee7_6_24.json,c7bbc74874185130e0a7bb7e16cca1e304d6199ec6bbcc4155da122eb53a7aa5,1606,ABD formal raw per-task/run record,absolute_personal_path_redaction_only,1
outputs/abd_eval300_formal_v1/task_artifacts/A__115774b6-534d-444f-b7aa-d1b834eb0ee7_6_3.json,370237d4ed70fdae038ee40828d19ae23217c304f97d3346d2a0bf1fe25aee75,1524,content/abd_lineage/00_formal/raw_run/task_artifacts/A__115774b6-534d-444f-b7aa-d1b834eb0ee7_6_3.json,3d7250307016d19758052c56e892790e0a5156d6a12ed75efc843e9b7510f463,1426,ABD formal raw per-task/run record,absolute_personal_path_redaction_only,1
outputs/abd_eval300_formal_v1/task_artifacts/A__115774b6-534d-444f-b7aa-d1b834eb0ee7_6_4.json,1346c38c4c3eecd6667155646671ce0c71f732cd6879fa703e1f01a5bde1ea10,1591,content/abd_lineage/00_formal/raw_run/task_artifacts/A__115774b6-534d-444f-b7aa-d1b834eb0ee7_6_4.json,613ab502bd8750cd39a2c1f51cecdcecbd9867e2c28c807dbba2a678957c1b05,1493,ABD formal raw per-task/run record,absolute_personal_path_redaction_only,1
outputs/abd_eval300_formal_v1/task_artifacts/A__115774b6-534d-444f-b7aa-d1b834eb0ee7_7_10.json,dd09ed30e9c086757a02daddf4daf7fed7cd3dda466b7af0a72deda332145589,1577,content/abd_lineage/00_formal/raw_run/task_artifacts/A__115774b6-534d-444f-b7aa-d1b834eb0ee7_7_10.json,76ed52cd8f59ecdb692baec01ea1dc28815f26abee9e7c1fc10767f8dbdbdb5a,1479,ABD formal raw per-task/run record,absolute_personal_path_redaction_only,1
outputs/abd_eval300_formal_v1/task_artifacts/A__115774b6-534d-444f-b7aa-d1b834eb0ee7_7_22.json,b5e5145cf4833e0983bbeabaf63f10d7d15efc22cd6442f7aea0682bfab427eb,1703,content/abd_lineage/00_formal/raw_run/task_artifacts/A__115774b6-534d-444f-b7aa-d1b834eb0ee7_7_22.json,8ce8645864ca69e5b7da369427d067b96bbc70b7cce574be9114119d3f699e66,1605,ABD formal raw per-task/run record,absolute_personal_path_redaction_only,1
outputs/abd_eval300_formal_v1/task_artifacts/A__115774b6-534d-444f-b7aa-d1b834eb0ee7_8_13.json,faf75c77b41b016ce1d11cd78d3191eeb617c815f62e1a03d85d47b36e6e2991,1553,content/abd_lineage/00_formal/raw_run/task_artifacts/A__115774b6-534d-444f-b7aa-d1b834eb0ee7_8_13.json,3eab75667f0b1f1ad356f75fa92746761b4788d6003eea58ea78207ec8d7cfcd,1455,ABD formal raw per-task/run record,absolute_personal_path_redaction_only,1
outputs/abd_eval300_formal_v1/task_artifacts/A__115774b6-534d-444f-b7aa-d1b834eb0ee7_8_26.json,3ec266579237cad14460b175bbf9b91d59c5225ddcdcde1336463812269266eb,1546,content/abd_lineage/00_formal/raw_run/task_artifacts/A__115774b6-534d-444f-b7aa-d1b834eb0ee7_8_26.json,cf690ac70a48a096bac863148c2ace44432988da25fa9d4ff3badb82d93647c4,1448,ABD formal raw per-task/run record,absolute_personal_path_redaction_only,1
outputs/abd_eval300_formal_v1/task_artifacts/A__115774b6-534d-444f-b7aa-d1b834eb0ee7_8_8.json,64d018ad9b6ac47ab7a136046735c5a75d0ede448ff66905da85a393a9dacfac,1453,content/abd_lineage/00_formal/raw_run/task_artifacts/A__115774b6-534d-444f-b7aa-d1b834eb0ee7_8_8.json,23a739aeef356fddc77b82686b3ec939dd94af70f58bfaa3f6be58caa092eceb,1355,ABD formal raw per-task/run record,absolute_personal_path_redaction_only,1
outputs/abd_eval300_formal_v1/task_artifacts/A__41a86310-2cc1-48f9-b5b5-6b495a95fbac_11_1.json,df35682647438be2c0cdbcfca52fca88a6bb067a111e8ada04e7558b9428052e,1518,content/abd_lineage/00_formal/raw_run/task_artifacts/A__41a86310-2cc1-48f9-b5b5-6b495a95fbac_11_1.json,eaada97f278686a9290ee64ef36f940a732f9a2220dc2fe25b148610c0cb7e58,1420,ABD formal raw per-task/run record,absolute_personal_path_redaction_only,1
outputs/abd_eval300_formal_v1/task_artifacts/A__41a86310-2cc1-48f9-b5b5-6b495a95fbac_11_19.json,d101de1a675ba67a7d9b7164262b72a9f40ac87bc09e2ef5abe387251d17af7d,1637,content/abd_lineage/00_formal/raw_run/task_artifacts/A__41a86310-2cc1-48f9-b5b5-6b495a95fbac_11_19.json,833a556e5b5083d7d174b002aa12283e5c84d147378b90d46878cb104c5b64fb,1539,ABD formal raw per-task/run record,absolute_personal_path_redaction_only,1
outputs/abd_eval300_formal_v1/task_artifacts/A__41a86310-2cc1-48f9-b5b5-6b495a95fbac_11_31.json,18114cc0c74f66f80177a1defeb85541b31ccb32b38538359a8c7fb2b84b0cb2,1496,content/abd_lineage/00_formal/raw_run/task_artifacts/A__41a86310-2cc1-48f9-b5b5-6b495a95fbac_11_31.json,cbee17c4fd72f23d67960b236b5d7206911e51b17c9e94e0d02410760b2afdad,1398,ABD formal raw per-task/run record,absolute_personal_path_redaction_only,1
outputs/abd_eval300_formal_v1/task_artifacts/A__41a86310-2cc1-48f9-b5b5-6b495a95fbac_11_34.json,7ada80f346d643c0d40399e2f20f5f8fee2b2bd1afefdebe9461735ee98d50e0,1600,content/abd_lineage/00_formal/raw_run/task_artifacts/A__41a86310-2cc1-48f9-b5b5-6b495a95fbac_11_34.json,6b8ba57a9dca74acde12373d083d6ee1535949d5fcc53cf654d460e0ea03a808,1502,ABD formal raw per-task/run record,absolute_personal_path_redaction_only,1
outputs/abd_eval300_formal_v1/task_artifacts/A__41a86310-2cc1-48f9-b5b5-6b495a95fbac_11_4.json,ebb4441cca390965d89da05afcdc0c4f219093afb66933624aa6c97293eeb6f6,1590,content/abd_lineage/00_formal/raw_run/task_artifacts/A__41a86310-2cc1-48f9-b5b5-6b495a95fbac_11_4.json,f7b38ef5a830eaab9f8d27559a992d9f4b7eb6b81f1f5431a4f0accc4958400f,1492,ABD formal raw per-task/run record,absolute_personal_path_redaction_only,1
outputs/abd_eval300_formal_v1/task_artifacts/A__41a86310-2cc1-48f9-b5b5-6b495a95fbac_17_10.json,ac888918879b92886ca634beb4410bf5cf8f5549de5f45539706fdbbd8172157,1509,content/abd_lineage/00_formal/raw_run/task_artifacts/A__41a86310-2cc1-48f9-b5b5-6b495a95fbac_17_10.json,4de1f860ed62728a44850864f99232f05613aa37a108c8e90b0b36049a7679a2,1411,ABD formal raw per-task/run record,absolute_personal_path_redaction_only,1
outputs/abd_eval300_formal_v1/task_artifacts/A__41a86310-2cc1-48f9-b5b5-6b495a95fbac_17_13.json,4b1200f1579fd9446bb0296eb1d38009bc750e415c223f2058ce7b5295d4ada9,1577,content/abd_lineage/00_formal/raw_run/task_artifacts/A__41a86310-2cc1-48f9-b5b5-6b495a95fbac_17_13.json,ae9cbb7f937ba8fc2a2ab7b7f911d4de3e068357ea123cb025391941835c8ec4,1479,ABD formal raw per-task/run record,absolute_personal_path_redaction_only,1
outputs/abd_eval300_formal_v1/task_artifacts/A__41a86310-2cc1-48f9-b5b5-6b495a95fbac_17_15.json,e7a05ee1f953d213e21e607af8a582509059677a568d6d809ab3b97d9fd3090b,1546,content/abd_lineage/00_formal/raw_run/task_artifacts/A__41a86310-2cc1-48f9-b5b5-6b495a95fbac_17_15.json,fdcfb8ce9144872a82bc6c11f5bb7b342c5dad360366f5c7ecca867780a612bc,1448,ABD formal raw per-task/run record,absolute_personal_path_redaction_only,1
outputs/abd_eval300_formal_v1/task_artifacts/A__41a86310-2cc1-48f9-b5b5-6b495a95fbac_17_2.json,eda39a88bba681351890a71a8ae22d8eeec8fd5cea37e3710fa453559b416605,1516,content/abd_lineage/00_formal/raw_run/task_artifacts/A__41a86310-2cc1-48f9-b5b5-6b495a95fbac_17_2.json,11bfdfbfa94ba33028e733c223a2ef975a74255e6079d4f9c680924ce9cd627c,1418,ABD formal raw per-task/run record,absolute_personal_path_redaction_only,1
outputs/abd_eval300_formal_v1/task_artifacts/A__41a86310-2cc1-48f9-b5b5-6b495a95fbac_17_21.json,e49e4c543d78301ecde655442c6a3e048c268e1c2a3c8827f7a75666e572bf9e,1469,content/abd_lineage/00_formal/raw_run/task_artifacts/A__41a86310-2cc1-48f9-b5b5-6b495a95fbac_17_21.json,18b8f17fda917ae0821bc3d095cc33920e5b9a84612d464269c2afddfd4c0858,1371,ABD formal raw per-task/run record,absolute_personal_path_redaction_only,1
outputs/abd_eval300_formal_v1/task_artifacts/A__41a86310-2cc1-48f9-b5b5-6b495a95fbac_17_23.json,7a505b3c233e2bf2b4b9eadb7b19c67dcc16559721396cee8cb3a625ceaffe7b,1656,content/abd_lineage/00_formal/raw_run/task_artifacts/A__41a86310-2cc1-48f9-b5b5-6b495a95fbac_17_23.json,d2206e6efe5a0fed5a96625f6d51224dc8c7e1175cb9ccd877a5d47b7c19bbb4,1558,ABD formal raw per-task/run record,absolute_personal_path_redaction_only,1
outputs/abd_eval300_formal_v1/task_artifacts/A__41a86310-2cc1-48f9-b5b5-6b495a95fbac_17_26.json,29f3aaa4037ce24039502f25df3b91bfc57492b18efff503f882ee20e72ec4f9,1657,content/abd_lineage/00_formal/raw_run/task_artifacts/A__41a86310-2cc1-48f9-b5b5-6b495a95fbac_17_26.json,52f0dbc067150b71509a50e2858e86fb2be8d399e812f562a922760a7b82ba11,1559,ABD formal raw per-task/run record,absolute_personal_path_redaction_only,1
outputs/abd_eval300_formal_v1/task_artifacts/A__41a86310-2cc1-48f9-b5b5-6b495a95fbac_17_33.json,85708f78f4d38f34b576a734c28c3d69c892d15f3aa3941c4d06d134821f533c,1545,content/abd_lineage/00_formal/raw_run/task_artifacts/A__41a86310-2cc1-48f9-b5b5-6b495a95fbac_17_33.json,5e872f42313fd49d4a67c44bc4443cc1abc24a4ea85b9e35b6f4a9a7dcad2140,1447,ABD formal raw per-task/run record,absolute_personal_path_redaction_only,1
outputs/abd_eval300_formal_v1/task_artifacts/A__41a86310-2cc1-48f9-b5b5-6b495a95fbac_17_38.json,2b79dfceffbcea729fcb36085b4448f8595d0eddf21196cc871866f0a7434a20,1627,content/abd_lineage/00_formal/raw_run/task_artifacts/A__41a86310-2cc1-48f9-b5b5-6b495a95fbac_17_38.json,c0dfdc48e34c1eced0c2dffac1bb9df71592d9c3b9b4d92ba0ee0cbd3e2a7086,1529,ABD formal raw per-task/run record,absolute_personal_path_redaction_only,1
outputs/abd_eval300_formal_v1/task_artifacts/A__41a86310-2cc1-48f9-b5b5-6b495a95fbac_23_8.json,b45d6044a9304009ffefef35e0398a718a4ee7f6e051c59a77fa199d99873444,1583,content/abd_lineage/00_formal/raw_run/task_artifacts/A__41a86310-2cc1-48f9-b5b5-6b495a95fbac_23_8.json,cd0908ec324973075d7cbb2f31dc3cc7c58a4a805e55ec455fdfd846d7707467,1485,ABD formal raw per-task/run record,absolute_personal_path_redaction_only,1
outputs/abd_eval300_formal_v1/task_artifacts/A__41a86310-2cc1-48f9-b5b5-6b495a95fbac_4_25.json,a8554de8fc70091ccaa12348320564c022441fa312d1e2768a88870136f94fb5,1642,content/abd_lineage/00_formal/raw_run/task_artifacts/A__41a86310-2cc1-48f9-b5b5-6b495a95fbac_4_25.json,bdd55c9237878297adf25215b43dca607546ec0be1274f6e4b1ae97a05db8219,1544,ABD formal raw per-task/run record,absolute_personal_path_redaction_only,1
outputs/abd_eval300_formal_v1/task_artifacts/A__41a86310-2cc1-48f9-b5b5-6b495a95fbac_5_20.json,2d775dbe751bd2eca0c1f34b51e63565c5ff99bd93d7cfaeb113d8a417420368,1554,content/abd_lineage/00_formal/raw_run/task_artifacts/A__41a86310-2cc1-48f9-b5b5-6b495a95fbac_5_20.json,e4314791db118bf508044445da9d8326b0dcb8a7a2a0455b9e13f2892043dfc8,1456,ABD formal raw per-task/run record,absolute_personal_path_redaction_only,1
outputs/abd_eval300_formal_v1/task_artifacts/A__41a86310-2cc1-48f9-b5b5-6b495a95fbac_6_14.json,7bf0c0b7446cbde519a9fc2c3147acda61a3fb89504918810d7cde04a9737e71,1570,content/abd_lineage/00_formal/raw_run/task_artifacts/A__41a86310-2cc1-48f9-b5b5-6b495a95fbac_6_14.json,24b0cf4a327fff9d0bad95eea568a2c51afa9bb63c181d3ca96b0626305dc41d,1472,ABD formal raw per-task/run record,absolute_personal_path_redaction_only,1
outputs/abd_eval300_formal_v1/task_artifacts/A__41a86310-2cc1-48f9-b5b5-6b495a95fbac_6_24.json,a18adc5fea84cf5bc80e7b37c53e0bc86c84f91430f80337cda3d2d771d21292,1762,content/abd_lineage/00_formal/raw_run/task_artifacts/A__41a86310-2cc1-48f9-b5b5-6b495a95fbac_6_24.json,a1a1253b472fd2923533cbb15f02ff6a16d2b9ad5c4c7d4c105594fe71bf8d61,1664,ABD formal raw per-task/run record,absolute_personal_path_redaction_only,1
outputs/abd_eval300_formal_v1/task_artifacts/A__41a86310-2cc1-48f9-b5b5-6b495a95fbac_6_27.json,d524b57f2be9bfbbd3192c8e008558db3ae75e2cbfd32d2b85a1b5919be550e7,1631,content/abd_lineage/00_formal/raw_run/task_artifacts/A__41a86310-2cc1-48f9-b5b5-6b495a95fbac_6_27.json,75569aa164c829d9b9eb93fdbac4487699e55b2702597b078d357cbb8edbc23b,1533,ABD formal raw per-task/run record,absolute_personal_path_redaction_only,1
outputs/abd_eval300_formal_v1/task_artifacts/A__41a86310-2cc1-48f9-b5b5-6b495a95fbac_6_32.json,2477ec8258bcf731284f97039f2b047ac1013cbfcdcbcbc127b0e1345b877fa4,1523,content/abd_lineage/00_formal/raw_run/task_artifacts/A__41a86310-2cc1-48f9-b5b5-6b495a95fbac_6_32.json,466aed4b931d4bba4f025d7d1e64ebdecc3223a488736fe971aac80525cbe873,1425,ABD formal raw per-task/run record,absolute_personal_path_redaction_only,1
outputs/abd_eval300_formal_v1/task_artifacts/A__41a86310-2cc1-48f9-b5b5-6b495a95fbac_7_17.json,b648a5e63bf15f3657b96986a9ac06605e4cc680f904c58dc459753212cfc6bb,1525,content/abd_lineage/00_formal/raw_run/task_artifacts/A__41a86310-2cc1-48f9-b5b5-6b495a95fbac_7_17.json,fcd1cbfc2b8712fe58da5f0bdcddf94ba67449f0a75fb2deeb68e2dcc1bac5d5,1427,ABD formal raw per-task/run record,absolute_personal_path_redaction_only,1
outputs/abd_eval300_formal_v1/task_artifacts/A__41a86310-2cc1-48f9-b5b5-6b495a95fbac_7_39.json,3a6a93d21c684dfcb708a3e5e37de2575f9b1044ca0da2bd1ef8a45ee8ad30cf,1644,content/abd_lineage/00_formal/raw_run/task_artifacts/A__41a86310-2cc1-48f9-b5b5-6b495a95fbac_7_39.json,5f688fa38e7e249106907a3da50f1730e020aeb502abcf9f9e320a9e37c635cd,1546,ABD formal raw per-task/run record,absolute_personal_path_redaction_only,1
outputs/abd_eval300_formal_v1/task_artifacts/A__41a86310-2cc1-48f9-b5b5-6b495a95fbac_8_11.json,413cd7748cfd735dc483ee512fe2674046625035663a47dd7138fa3116c047fe,1576,content/abd_lineage/00_formal/raw_run/task_artifacts/A__41a86310-2cc1-48f9-b5b5-6b495a95fbac_8_11.json,d22798a407861a1aa4ee24d59a317d4be7450f119e5eeb8c4e27da34e50ac4f4,1478,ABD formal raw per-task/run record,absolute_personal_path_redaction_only,1
outputs/abd_eval300_formal_v1/task_artifacts/A__41a86310-2cc1-48f9-b5b5-6b495a95fbac_8_22.json,391bba6008758311a6a6048cbef33b411ecdcfab0f13b503eed89a4883bfb8e7,1563,content/abd_lineage/00_formal/raw_run/task_artifacts/A__41a86310-2cc1-48f9-b5b5-6b495a95fbac_8_22.json,13ad2084fc7be09ee1fb400407668970282ddd3a4e5430408ca2685a21ab4a6c,1465,ABD formal raw per-task/run record,absolute_personal_path_redaction_only,1
outputs/abd_eval300_formal_v1/task_artifacts/A__4572b198-2c1c-4920-bcf0-95fcebe12261_13_1.json,893728ed655daa47241d92843a51194eaced3eca0def12bc6f86ac2ae52427e9,1482,content/abd_lineage/00_formal/raw_run/task_artifacts/A__4572b198-2c1c-4920-bcf0-95fcebe12261_13_1.json,92102584906f227335456b4db41b724a17f988e8b412ab8c4841466c9bb1ff87,1384,ABD formal raw per-task/run record,absolute_personal_path_redaction_only,1
outputs/abd_eval300_formal_v1/task_artifacts/A__4572b198-2c1c-4920-bcf0-95fcebe12261_15_1.json,33f88ef247e71a4e4f5ac7d69ec1344fa9c7896cbe7a34143f347ffcff6c4c54,1763,content/abd_lineage/00_formal/raw_run/task_artifacts/A__4572b198-2c1c-4920-bcf0-95fcebe12261_15_1.json,3bcf83a043ff927889249a6247e8ccff6d05606dcc0aa4aa9bad7a7db02422ea,1665,ABD formal raw per-task/run record,absolute_personal_path_redaction_only,1
outputs/abd_eval300_formal_v1/task_artifacts/A__4572b198-2c1c-4920-bcf0-95fcebe12261_17_10.json,862321f6271d8a91bce3c6c2bbde4f77507a5dd029b0e88c374700ffd920f371,1480,content/abd_lineage/00_formal/raw_run/task_artifacts/A__4572b198-2c1c-4920-bcf0-95fcebe12261_17_10.json,c35bd5654b976c0cfa7653caa118d4fcdd15736a07046623ece317de69c80902,1382,ABD formal raw per-task/run record,absolute_personal_path_redaction_only,1
outputs/abd_eval300_formal_v1/task_artifacts/A__4572b198-2c1c-4920-bcf0-95fcebe12261_17_14.json,2d647a21ca7243936673c1968146fa0b0832e200539029f70a73ce06513b52df,1479,content/abd_lineage/00_formal/raw_run/task_artifacts/A__4572b198-2c1c-4920-bcf0-95fcebe12261_17_14.json,0a22f1165b4fd7d5c71adbd36686a876115875a1dc9c4655e343e3ddee1430fc,1381,ABD formal raw per-task/run record,absolute_personal_path_redaction_only,1
outputs/abd_eval300_formal_v1/task_artifacts/A__4572b198-2c1c-4920-bcf0-95fcebe12261_17_15.json,407dffbf867fac7b3bb91b9ae52f7e8de1f40b376927130d9934434c02e42fc5,1464,content/abd_lineage/00_formal/raw_run/task_artifacts/A__4572b198-2c1c-4920-bcf0-95fcebe12261_17_15.json,6bdae85a6c066c7deeddf2b33528d7985b8d0e23ba4c8f2fe9629c7c41065d50,1366,ABD formal raw per-task/run record,absolute_personal_path_redaction_only,1
outputs/abd_eval300_formal_v1/task_artifacts/A__4572b198-2c1c-4920-bcf0-95fcebe12261_17_17.json,d91993751491b750af82eaa9d2fcca11f5cc71d160b93fb91f7b496eae62ef0f,1449,content/abd_lineage/00_formal/raw_run/task_artifacts/A__4572b198-2c1c-4920-bcf0-95fcebe12261_17_17.json,84e0323cdb46323198cc286eae4e3c5a9d5ceb79522e2bfa4872f8e96aca10fd,1351,ABD formal raw per-task/run record,absolute_personal_path_redaction_only,1
outputs/abd_eval300_formal_v1/task_artifacts/A__4572b198-2c1c-4920-bcf0-95fcebe12261_17_25.json,7a852b8e94263fec15913236fe74092bffa9fb71a62d7818001dee85c8fcaac1,1429,content/abd_lineage/00_formal/raw_run/task_artifacts/A__4572b198-2c1c-4920-bcf0-95fcebe12261_17_25.json,c76a239f1ab1ff7d2eaa56af9f2daf3544716a7da7d0f27f6866446cbcd921cf,1331,ABD formal raw per-task/run record,absolute_personal_path_redaction_only,1
outputs/abd_eval300_formal_v1/task_artifacts/A__4572b198-2c1c-4920-bcf0-95fcebe12261_17_26.json,1eff1881f56f0b38120db15b7fe843e7007f07cd8d3b35dfe3720bc76e340d94,1508,content/abd_lineage/00_formal/raw_run/task_artifacts/A__4572b198-2c1c-4920-bcf0-95fcebe12261_17_26.json,8e4117c41f26b605046fc8bb36f28666663ea5c172d747469eec081709df8117,1410,ABD formal raw per-task/run record,absolute_personal_path_redaction_only,1
outputs/abd_eval300_formal_v1/task_artifacts/A__4572b198-2c1c-4920-bcf0-95fcebe12261_17_29.json,af144d9e0022ddd2d7c2745fdc962a2079fafa5c6bbdd5997322e01334d5372c,1685,content/abd_lineage/00_formal/raw_run/task_artifacts/A__4572b198-2c1c-4920-bcf0-95fcebe12261_17_29.json,18f660919c33ca37a61859518375a65fd0616afee354e586fbc3cc37fa681087,1587,ABD formal raw per-task/run record,absolute_personal_path_redaction_only,1
outputs/abd_eval300_formal_v1/task_artifacts/A__4572b198-2c1c-4920-bcf0-95fcebe12261_17_39.json,deb6d6e95fef9849a5618b90bbf7224ed1702f90b2feaeec162129e97288aeef,1550,content/abd_lineage/00_formal/raw_run/task_artifacts/A__4572b198-2c1c-4920-bcf0-95fcebe12261_17_39.json,4df15c765143c49f6fc701cd2fe1d327ed130e26a9edd2a4563e1eed60e5369d,1452,ABD formal raw per-task/run record,absolute_personal_path_redaction_only,1
outputs/abd_eval300_formal_v1/task_artifacts/A__4572b198-2c1c-4920-bcf0-95fcebe12261_2_1.json,83b13fe166c7b7cfcea044bdb6ae068dc44828bbc0954c9a08a866776bf862bd,1527,content/abd_lineage/00_formal/raw_run/task_artifacts/A__4572b198-2c1c-4920-bcf0-95fcebe12261_2_1.json,9791d236b30898e5fe962bfd41ee99314d9f2ebd464d9e1712a431e2abebf114,1429,ABD formal raw per-task/run record,absolute_personal_path_redaction_only,1
outputs/abd_eval300_formal_v1/task_artifacts/A__4572b198-2c1c-4920-bcf0-95fcebe12261_3_21.json,e78328fa17775d9363f88d26536ad03d60aa89c829549960f99add209c77039a,1643,content/abd_lineage/00_formal/raw_run/task_artifacts/A__4572b198-2c1c-4920-bcf0-95fcebe12261_3_21.json,2cbb52456352c13d2bfbbe40ab76f0041bba490861452a4378cef1b6038f4266,1545,ABD formal raw per-task/run record,absolute_personal_path_redaction_only,1
outputs/abd_eval300_formal_v1/task_artifacts/A__4572b198-2c1c-4920-bcf0-95fcebe12261_4_20.json,2eee3c07fbcb9de30955f84b9020f730840a8b2fb27e7774ae945114f89ce47f,1633,content/abd_lineage/00_formal/raw_run/task_artifacts/A__4572b198-2c1c-4920-bcf0-95fcebe12261_4_20.json,f2ccfac922c1049702a36b8b49ff3fcc03e44bbfc041a3eb23e0fbb0abdbf14a,1535,ABD formal raw per-task/run record,absolute_personal_path_redaction_only,1
outputs/abd_eval300_formal_v1/task_artifacts/A__4572b198-2c1c-4920-bcf0-95fcebe12261_4_23.json,5deba4a354d3d83b07969f32d625ac27f5ff1c9cd3e78a0a3c2f30d6c91cb6ee,1556,content/abd_lineage/00_formal/raw_run/task_artifacts/A__4572b198-2c1c-4920-bcf0-95fcebe12261_4_23.json,e1c04e18efee2fef1340c77217a9d17c7c60b9f70f4e1dcf7f45b7b772212dd3,1458,ABD formal raw per-task/run record,absolute_personal_path_redaction_only,1
outputs/abd_eval300_formal_v1/task_artifacts/A__4572b198-2c1c-4920-bcf0-95fcebe12261_4_28.json,0470c6af3d4f6e76fa8abb9e63bbdbdd8bad80ba24940adf3ad51510dcc261b2,1603,content/abd_lineage/00_formal/raw_run/task_artifacts/A__4572b198-2c1c-4920-bcf0-95fcebe12261_4_28.json,a3f060102a4418ba5d491750e3c99d44cb162bf11e720bd223b2fc169914f11a,1505,ABD formal raw per-task/run record,absolute_personal_path_redaction_only,1
outputs/abd_eval300_formal_v1/task_artifacts/A__4572b198-2c1c-4920-bcf0-95fcebe12261_4_3.json,00484923eed6aceb5824329edf6afd5423c1d04365d8969f3effdb701c7f5454,1558,content/abd_lineage/00_formal/raw_run/task_artifacts/A__4572b198-2c1c-4920-bcf0-95fcebe12261_4_3.json,9337318e852052beabf094c1de48d8410b7e95d6450e9983a3a152b67c603abe,1460,ABD formal raw per-task/run record,absolute_personal_path_redaction_only,1
outputs/abd_eval300_formal_v1/task_artifacts/A__4572b198-2c1c-4920-bcf0-95fcebe12261_4_40.json,b3aa80db5a0eeb0a8c170b2799b85d91d6ad1981e58b1721fce2f38d741dcd5a,1559,content/abd_lineage/00_formal/raw_run/task_artifacts/A__4572b198-2c1c-4920-bcf0-95fcebe12261_4_40.json,a2b3259d41617040a067e76a0ab8bd7cff0176bf0d31c0f49f3c71d5f5f69209,1461,ABD formal raw per-task/run record,absolute_personal_path_redaction_only,1
outputs/abd_eval300_formal_v1/task_artifacts/A__4572b198-2c1c-4920-bcf0-95fcebe12261_5_11.json,4f1b5bbc39de480647e0bcefc4f52f811cc96566653a51f04b00e44f3f428d5a,1656,content/abd_lineage/00_formal/raw_run/task_artifacts/A__4572b198-2c1c-4920-bcf0-95fcebe12261_5_11.json,e26df7021c4c205a095857f30cb2cc1b15a05f2a1d73ab76bd17c35c17494298,1558,ABD formal raw per-task/run record,absolute_personal_path_redaction_only,1
outputs/abd_eval300_formal_v1/task_artifacts/A__4572b198-2c1c-4920-bcf0-95fcebe12261_6_22.json,730139ee999ed2cc30596ec07988f9c534cb4e3f31d3f7c999bd81563f4aebec,1588,content/abd_lineage/00_formal/raw_run/task_artifacts/A__4572b198-2c1c-4920-bcf0-95fcebe12261_6_22.json,8e20cc925f73151c824a8ba61350fd999dda96c4226f240aebc4edb659a05749,1490,ABD formal raw per-task/run record,absolute_personal_path_redaction_only,1
outputs/abd_eval300_formal_v1/task_artifacts/A__4572b198-2c1c-4920-bcf0-95fcebe12261_6_24.json,e046da85b35f419fa5e38d0184cb04e65003e435aa72faf9a63abd68795151ae,1532,content/abd_lineage/00_formal/raw_run/task_artifacts/A__4572b198-2c1c-4920-bcf0-95fcebe12261_6_24.json,d91d4bd78f2c6b00603aaadae4dadf93fd737f89725155217e0d51a79653a578,1434,ABD formal raw per-task/run record,absolute_personal_path_redaction_only,1
outputs/abd_eval300_formal_v1/task_artifacts/A__4572b198-2c1c-4920-bcf0-95fcebe12261_6_7.json,8161196264f40b204aca3d8e1e3f227d0b437867b79f6f00ad53584a3295a068,1616,content/abd_lineage/00_formal/raw_run/task_artifacts/A__4572b198-2c1c-4920-bcf0-95fcebe12261_6_7.json,1be11c695c4c9f94f8cb5696ab6404dd860d5992f1a8602401ac53176070820a,1518,ABD formal raw per-task/run record,absolute_personal_path_redaction_only,1
outputs/abd_eval300_formal_v1/task_artifacts/A__4572b198-2c1c-4920-bcf0-95fcebe12261_7_32.json,39390ece7dc57fcf00804c6a5d95f3a99af8fdc3e58c4428d0fffd5424574d2c,1515,content/abd_lineage/00_formal/raw_run/task_artifacts/A__4572b198-2c1c-4920-bcf0-95fcebe12261_7_32.json,13c13d1d089cc11b241ba5898a5fcef07e21a8efc5b6182ba9ced9bbed537c23,1417,ABD formal raw per-task/run record,absolute_personal_path_redaction_only,1
outputs/abd_eval300_formal_v1/task_artifacts/A__4572b198-2c1c-4920-bcf0-95fcebe12261_7_5.json,656ff62785072df08cd6c809e1b3edaab21a39e75e411cac13fb7da7861b2862,1580,content/abd_lineage/00_formal/raw_run/task_artifacts/A__4572b198-2c1c-4920-bcf0-95fcebe12261_7_5.json,67cfd8cdce426c1a06295b17ec6cc1936e8c4ed3628f51a13f3306f7e1b24da8,1482,ABD formal raw per-task/run record,absolute_personal_path_redaction_only,1
outputs/abd_eval300_formal_v1/task_artifacts/A__4572b198-2c1c-4920-bcf0-95fcebe12261_8_13.json,5b92f0bdeed3d84aa1abe0b7cd6286d851cc3c4ce89ec904ad73dccc0eb2327b,1661,content/abd_lineage/00_formal/raw_run/task_artifacts/A__4572b198-2c1c-4920-bcf0-95fcebe12261_8_13.json,0ba73d31fa89a000159e722963c8fdddab8d15a57e421de0b08bda430faa5a7c,1563,ABD formal raw per-task/run record,absolute_personal_path_redaction_only,1
outputs/abd_eval300_formal_v1/task_artifacts/A__4572b198-2c1c-4920-bcf0-95fcebe12261_8_34.json,9dfbbbaf91549d818fefc8b26e29a33591f303246104ccf3e2d15af88d8f8ad2,1621,content/abd_lineage/00_formal/raw_run/task_artifacts/A__4572b198-2c1c-4920-bcf0-95fcebe12261_8_34.json,7f321ad89d304d9539f666724ba0203e7b14f6ecaf830e604a60d67c6798a8d1,1523,ABD formal raw per-task/run record,absolute_personal_path_redaction_only,1
outputs/abd_eval300_formal_v1/task_artifacts/A__6fd90f8d-7a4d-425d-a812-3268db0b0342_11_29.json,8784db6d2eed32c00ab715508f3df6ab4ddf06098a5dc880376f41fb78ed20e5,1635,content/abd_lineage/00_formal/raw_run/task_artifacts/A__6fd90f8d-7a4d-425d-a812-3268db0b0342_11_29.json,ba9e99b11f13c10f8876e68a215af901fc269355dc10f1dfb9a5f59766c451b9,1537,ABD formal raw per-task/run record,absolute_personal_path_redaction_only,1
outputs/abd_eval300_formal_v1/task_artifacts/A__6fd90f8d-7a4d-425d-a812-3268db0b0342_12_28.json,283726991abf578109fb9e4bc895767aac5f46c1f98c06f728cb520f73ab2460,1499,content/abd_lineage/00_formal/raw_run/task_artifacts/A__6fd90f8d-7a4d-425d-a812-3268db0b0342_12_28.json,2e4a83af5d92eb000463812cc05283251c13f8c561df81a7c3c41663dc2363da,1401,ABD formal raw per-task/run record,absolute_personal_path_redaction_only,1
outputs/abd_eval300_formal_v1/task_artifacts/A__6fd90f8d-7a4d-425d-a812-3268db0b0342_13_2.json,45ec6cfde51fb7f499d3a4ad6d9082fa21910c176e3f7589c5d896526f50b29b,1604,content/abd_lineage/00_formal/raw_run/task_artifacts/A__6fd90f8d-7a4d-425d-a812-3268db0b0342_13_2.json,1dfae7f979db9ac351f046018b5968f0b0fd06ca746ab868f575b40b61e9f8f7,1506,ABD formal raw per-task/run record,absolute_personal_path_redaction_only,1
outputs/abd_eval300_formal_v1/task_artifacts/A__6fd90f8d-7a4d-425d-a812-3268db0b0342_14_3.json,bdd0e61774e1c17f3957064d61799d407d4d38695a0c825df11d0ee5683b1cec,1525,content/abd_lineage/00_formal/raw_run/task_artifacts/A__6fd90f8d-7a4d-425d-a812-3268db0b0342_14_3.json,30d5da9b33aca8269aacbf77ad2249f60e8d696604661fbd143d5255fbf19457,1427,ABD formal raw per-task/run record,absolute_personal_path_redaction_only,1
outputs/abd_eval300_formal_v1/task_artifacts/A__6fd90f8d-7a4d-425d-a812-3268db0b0342_14_4.json,a642e5b109dbd146828faa89b8b900a79a2a3e14d73a7e230a0f045600b08913,1718,content/abd_lineage/00_formal/raw_run/task_artifacts/A__6fd90f8d-7a4d-425d-a812-3268db0b0342_14_4.json,505a4473efb46ba3454cd75539dc599909063c32a27b5cb577fd2717481835d8,1620,ABD formal raw per-task/run record,absolute_personal_path_redaction_only,1
outputs/abd_eval300_formal_v1/task_artifacts/A__6fd90f8d-7a4d-425d-a812-3268db0b0342_14_5.json,15d2b1d83839811ff090ccb8c03274e324e504bd0e9fafe4354682665953e749,1555,content/abd_lineage/00_formal/raw_run/task_artifacts/A__6fd90f8d-7a4d-425d-a812-3268db0b0342_14_5.json,934291b1b22cb8ff01f2f9a0b506e1dc8b97c2637035d31cabb489f89dbbadbf,1457,ABD formal raw per-task/run record,absolute_personal_path_redaction_only,1
outputs/abd_eval300_formal_v1/task_artifacts/A__6fd90f8d-7a4d-425d-a812-3268db0b0342_15_2.json,6a9814338ca82ac8d89a64fd4caa6e79ad613d2c49646695a38c5852590350a5,1470,content/abd_lineage/00_formal/raw_run/task_artifacts/A__6fd90f8d-7a4d-425d-a812-3268db0b0342_15_2.json,af8fa712bb030ed0b64e1920b440b9fc0e90e2ca365ab235f8ed837f060d822c,1372,ABD formal raw per-task/run record,absolute_personal_path_redaction_only,1
outputs/abd_eval300_formal_v1/task_artifacts/A__6fd90f8d-7a4d-425d-a812-3268db0b0342_16_3.json,311d3b0fd4201bd3382e9ec713a49f4512b2c8d8a088e95cac5ec5853e3a75a4,1474,content/abd_lineage/00_formal/raw_run/task_artifacts/A__6fd90f8d-7a4d-425d-a812-3268db0b0342_16_3.json,af6a20389bb28875b62f8bccb64102d29bf3484e9620baf711f9c0981eb5b13a,1376,ABD formal raw per-task/run record,absolute_personal_path_redaction_only,1
outputs/abd_eval300_formal_v1/task_artifacts/A__6fd90f8d-7a4d-425d-a812-3268db0b0342_16_4.json,0e548982790041fba7e08fdd90d5effbe86563e472f9402b9c2a04fd140fd548,1478,content/abd_lineage/00_formal/raw_run/task_artifacts/A__6fd90f8d-7a4d-425d-a812-3268db0b0342_16_4.json,48edb9029ee631cc28d5258e3cbaea4cdb50754b9878dbdd8201335210208592,1380,ABD formal raw per-task/run record,absolute_personal_path_redaction_only,1
outputs/abd_eval300_formal_v1/task_artifacts/A__6fd90f8d-7a4d-425d-a812-3268db0b0342_16_5.json,feba0c9447e7357aeabf4b54f9c357d504084cd20ba2520c0a9b47a09d04dd10,1711,content/abd_lineage/00_formal/raw_run/task_artifacts/A__6fd90f8d-7a4d-425d-a812-3268db0b0342_16_5.json,108c6c7e123ff0901e6886d3ea86bcc2fa6243c786d9feecae287d0f10d96304,1613,ABD formal raw per-task/run record,absolute_personal_path_redaction_only,1
outputs/abd_eval300_formal_v1/task_artifacts/A__6fd90f8d-7a4d-425d-a812-3268db0b0342_17_25.json,e2cc3c6b0eddd77d7f784afdf48fabf72e26b647bd0592b143fee68670da518e,1530,content/abd_lineage/00_formal/raw_run/task_artifacts/A__6fd90f8d-7a4d-425d-a812-3268db0b0342_17_25.json,2cd1e89bd28eb5387bb9ad6e5a1648f67afcc51fe1c1d9933623e5348cb987b9,1432,ABD formal raw per-task/run record,absolute_personal_path_redaction_only,1
outputs/abd_eval300_formal_v1/task_artifacts/A__6fd90f8d-7a4d-425d-a812-3268db0b0342_17_36.json,f76a0608d946a3a1337b3793c6d959ace43222e11c884e382595b58dea02e185,1515,content/abd_lineage/00_formal/raw_run/task_artifacts/A__6fd90f8d-7a4d-425d-a812-3268db0b0342_17_36.json,35d3974ca3b085971a5ae914e458a27727622ded4a233b5530bff9b4ed724b71,1417,ABD formal raw per-task/run record,absolute_personal_path_redaction_only,1
outputs/abd_eval300_formal_v1/task_artifacts/A__6fd90f8d-7a4d-425d-a812-3268db0b0342_17_5.json,0098d37958efd63f5019cc814857ffb778398078943e55077c25fcab7e2fc0eb,1567,content/abd_lineage/00_formal/raw_run/task_artifacts/A__6fd90f8d-7a4d-425d-a812-3268db0b0342_17_5.json,99c99d07153a42fb3adbb3fe405eeeca5ff36559ede7641ced916aaa18164a70,1469,ABD formal raw per-task/run record,absolute_personal_path_redaction_only,1
outputs/abd_eval300_formal_v1/task_artifacts/A__6fd90f8d-7a4d-425d-a812-3268db0b0342_18_16.json,089bd7ab8cf508b61a08dac5c25bd45267b6e2f9b6644c0120e13394807a875d,1712,content/abd_lineage/00_formal/raw_run/task_artifacts/A__6fd90f8d-7a4d-425d-a812-3268db0b0342_18_16.json,ce145450d8ef4b98dbb074f5542733a9e019f01762285cceb60173bcaf947a9c,1614,ABD formal raw per-task/run record,absolute_personal_path_redaction_only,1
outputs/abd_eval300_formal_v1/task_artifacts/A__6fd90f8d-7a4d-425d-a812-3268db0b0342_18_17.json,153343cdcb39a1aa7ca5c0f1a59ff88975fd2e7b67a6d7a432f595403c0a8d4a,1553,content/abd_lineage/00_formal/raw_run/task_artifacts/A__6fd90f8d-7a4d-425d-a812-3268db0b0342_18_17.json,35114bee5d05a990d1aeaa5314d1465b71df34f0201a0897d7bf3c6ccf61e6d4,1455,ABD formal raw per-task/run record,absolute_personal_path_redaction_only,1
outputs/abd_eval300_formal_v1/task_artifacts/A__6fd90f8d-7a4d-425d-a812-3268db0b0342_1_1.json,5adec3e19c0ed3da9c1886bac92f1949db6e848843dd01993aeb61a7e11aa630,1655,content/abd_lineage/00_formal/raw_run/task_artifacts/A__6fd90f8d-7a4d-425d-a812-3268db0b0342_1_1.json,b7edee711970b26028e095e207962d5505f32edd11e384dbc425557cd4f5089f,1557,ABD formal raw per-task/run record,absolute_personal_path_redaction_only,1
outputs/abd_eval300_formal_v1/task_artifacts/A__6fd90f8d-7a4d-425d-a812-3268db0b0342_21_11.json,27b8e6d5343e641c9763f789a13e07eaf85f3688db827f4b51b5173dede8a744,1828,content/abd_lineage/00_formal/raw_run/task_artifacts/A__6fd90f8d-7a4d-425d-a812-3268db0b0342_21_11.json,171729e27f8a195d21d3059e6f2078b2bc43127da20c3672f79a78f59d1b34fc,1730,ABD formal raw per-task/run record,absolute_personal_path_redaction_only,1
outputs/abd_eval300_formal_v1/task_artifacts/A__6fd90f8d-7a4d-425d-a812-3268db0b0342_3_32.json,8d03497a2240324aaaa090b12408e1034459eefb68b48a6299880ac9871a5a2f,1769,content/abd_lineage/00_formal/raw_run/task_artifacts/A__6fd90f8d-7a4d-425d-a812-3268db0b0342_3_32.json,acfd5fc58d15ea7259c5c5c67c1b6de98a71f1ee08f6ffe5bec9347dce57e713,1671,ABD formal raw per-task/run record,absolute_personal_path_redaction_only,1
outputs/abd_eval300_formal_v1/task_artifacts/A__6fd90f8d-7a4d-425d-a812-3268db0b0342_4_1.json,d050591e7e542092fbc55f4690bb30f5c818321eff8cfc1d935418ad65beadbc,1678,content/abd_lineage/00_formal/raw_run/task_artifacts/A__6fd90f8d-7a4d-425d-a812-3268db0b0342_4_1.json,72da76c8060fb0d9b5a6127d53341034e5217d5a87327c92e329c3ebfec39a87,1580,ABD formal raw per-task/run record,absolute_personal_path_redaction_only,1
outputs/abd_eval300_formal_v1/task_artifacts/A__6fd90f8d-7a4d-425d-a812-3268db0b0342_6_8.json,2cbf142112c867127d870f2efec7f79bd7aeeb7303cca58d397e325d5577a73f,1487,content/abd_lineage/00_formal/raw_run/task_artifacts/A__6fd90f8d-7a4d-425d-a812-3268db0b0342_6_8.json,712becea9ff050c1a77d88838ce66efc4d3cb68340d7664d7ae255c01e52e838,1389,ABD formal raw per-task/run record,absolute_personal_path_redaction_only,1
outputs/abd_eval300_formal_v1/task_artifacts/A__6fd90f8d-7a4d-425d-a812-3268db0b0342_7_27.json,3379060911a6c8d47f6bb300eca90449ceb9fed19d881d51a3291bbf856a3b5a,1653,content/abd_lineage/00_formal/raw_run/task_artifacts/A__6fd90f8d-7a4d-425d-a812-3268db0b0342_7_27.json,700ba9d53f8a6d88e0045123d8bb593306923e8a7b195115aebc8d1c83459e6a,1555,ABD formal raw per-task/run record,absolute_personal_path_redaction_only,1
outputs/abd_eval300_formal_v1/task_artifacts/A__6fd90f8d-7a4d-425d-a812-3268db0b0342_7_7.json,de6b856b6d68cedab587b5811d66a556616283b0106760701b3669530354e6e1,1581,content/abd_lineage/00_formal/raw_run/task_artifacts/A__6fd90f8d-7a4d-425d-a812-3268db0b0342_7_7.json,ee66d834a35664a3eca56f6d4e6f9746ba5ce8cbfd8859759cfa477190125cfb,1483,ABD formal raw per-task/run record,absolute_personal_path_redaction_only,1
outputs/abd_eval300_formal_v1/task_artifacts/A__6fd90f8d-7a4d-425d-a812-3268db0b0342_8_10.json,ae2046cfd860213a30b6ca8193b8235f3b13c7efd3405b60ffe455a9896e42e9,1439,content/abd_lineage/00_formal/raw_run/task_artifacts/A__6fd90f8d-7a4d-425d-a812-3268db0b0342_8_10.json,812b859f2e114fa342bdfd1fca8ac828cc912a923e0788198e5b0bf55b294ab2,1341,ABD formal raw per-task/run record,absolute_personal_path_redaction_only,1
outputs/abd_eval300_formal_v1/task_artifacts/A__6fd90f8d-7a4d-425d-a812-3268db0b0342_8_31.json,77e80184a78602d073f73bd32cb831c2dcbe6da4cf2c044256ffe3c8f42ec340,1447,content/abd_lineage/00_formal/raw_run/task_artifacts/A__6fd90f8d-7a4d-425d-a812-3268db0b0342_8_31.json,af6d2a34083adf7a61748765b833c8fc5e6edcf15843b63054fd10f20d996be6,1349,ABD formal raw per-task/run record,absolute_personal_path_redaction_only,1
outputs/abd_eval300_formal_v1/task_artifacts/A__6fd90f8d-7a4d-425d-a812-3268db0b0342_8_9.json,fca51fc658ff6b0bf76e9874e027b53a5f968a4aff99775ee7c09940f2938b13,1553,content/abd_lineage/00_formal/raw_run/task_artifacts/A__6fd90f8d-7a4d-425d-a812-3268db0b0342_8_9.json,ef6da0d7aa52d6fe396c1c1621e0ebefe8007d8b133b417c01234e1ccf0a298e,1455,ABD formal raw per-task/run record,absolute_personal_path_redaction_only,1
outputs/abd_eval300_formal_v1/task_artifacts/A__70f2a750-f403-41b8-aabb-480eb3ab4ed4_11_23.json,f03b8f243f043eef3ec64549e438e80d4100244b0cae1dec050ca161974c3824,1598,content/abd_lineage/00_formal/raw_run/task_artifacts/A__70f2a750-f403-41b8-aabb-480eb3ab4ed4_11_23.json,9559919facfb6a5f5224ee03ddc219640aa73379a36abb07fc67891f4b9105e4,1500,ABD formal raw per-task/run record,absolute_personal_path_redaction_only,1
outputs/abd_eval300_formal_v1/task_artifacts/A__70f2a750-f403-41b8-aabb-480eb3ab4ed4_11_7.json,5ef3cc1c0901b8dc30243b7e4426733fb36fda54a6e5557a318de1e5d8ef6f6c,1576,content/abd_lineage/00_formal/raw_run/task_artifacts/A__70f2a750-f403-41b8-aabb-480eb3ab4ed4_11_7.json,a266eea738210172188a25b5ed2132a65b0289a193270591f921ec40b443d9bf,1478,ABD formal raw per-task/run record,absolute_personal_path_redaction_only,1
outputs/abd_eval300_formal_v1/task_artifacts/A__70f2a750-f403-41b8-aabb-480eb3ab4ed4_12_17.json,49a1145b5558da9e9e360a90ff6c89098342060eb8860762f0ea2408818d525c,1602,content/abd_lineage/00_formal/raw_run/task_artifacts/A__70f2a750-f403-41b8-aabb-480eb3ab4ed4_12_17.json,d322600dda3aa6e1b466b1ade25914aed132fd00d448687b17d91de84eda77ad,1504,ABD formal raw per-task/run record,absolute_personal_path_redaction_only,1
outputs/abd_eval300_formal_v1/task_artifacts/A__70f2a750-f403-41b8-aabb-480eb3ab4ed4_17_13.json,839d8b2c6a597d68cfedcdc8a7361cdc043d174ba2394e92b408bcee1eb2a86f,1514,content/abd_lineage/00_formal/raw_run/task_artifacts/A__70f2a750-f403-41b8-aabb-480eb3ab4ed4_17_13.json,6c5fa1e9e00d9a9dc486982234b15cb849bbd28ad45f463ad9cb439037b6e69f,1416,ABD formal raw per-task/run record,absolute_personal_path_redaction_only,1
outputs/abd_eval300_formal_v1/task_artifacts/A__70f2a750-f403-41b8-aabb-480eb3ab4ed4_17_14.json,5d542c816f07b20f50062f4611c5190dbdbe5d4d7d3b3e5a7ea02720accea19c,1567,content/abd_lineage/00_formal/raw_run/task_artifacts/A__70f2a750-f403-41b8-aabb-480eb3ab4ed4_17_14.json,ca4b43ed17b81b38d24669b1f199c5ad791f8c85a731569918b3e09a19ecbf62,1469,ABD formal raw per-task/run record,absolute_personal_path_redaction_only,1
outputs/abd_eval300_formal_v1/task_artifacts/A__70f2a750-f403-41b8-aabb-480eb3ab4ed4_17_16.json,baab5ec5cf81fffa50dddbe9d6af03c9fb0ff54e285c25bb785064364a9407d8,1754,content/abd_lineage/00_formal/raw_run/task_artifacts/A__70f2a750-f403-41b8-aabb-480eb3ab4ed4_17_16.json,c5ae95353b5f1a16ecb5b5c7ba4425122f3c2dbe3dedb69af317d5654200f2b6,1656,ABD formal raw per-task/run record,absolute_personal_path_redaction_only,1
outputs/abd_eval300_formal_v1/task_artifacts/A__70f2a750-f403-41b8-aabb-480eb3ab4ed4_17_30.json,54a08316ea3550a7afec109dd744105440f78bd5f1d6129f870c2cc41db7f2bd,1479,content/abd_lineage/00_formal/raw_run/task_artifacts/A__70f2a750-f403-41b8-aabb-480eb3ab4ed4_17_30.json,d6b3e70bdedf941037b3e48c525f9956b450985f4b8e318647f2d5785f3e63c8,1381,ABD formal raw per-task/run record,absolute_personal_path_redaction_only,1
outputs/abd_eval300_formal_v1/task_artifacts/A__70f2a750-f403-41b8-aabb-480eb3ab4ed4_17_31.json,d878d290a21b5d01adf3db418911cbbd80eeda578301c4e5e260150ba579f7b5,1630,content/abd_lineage/00_formal/raw_run/task_artifacts/A__70f2a750-f403-41b8-aabb-480eb3ab4ed4_17_31.json,f535ada3350bfa5f13747deed5e5f2a93ac9a92dafd60ac86b7c091f5d0b9547,1532,ABD formal raw per-task/run record,absolute_personal_path_redaction_only,1
outputs/abd_eval300_formal_v1/task_artifacts/A__70f2a750-f403-41b8-aabb-480eb3ab4ed4_17_8.json,9ae15acacc8c61698e0c0372e713217a996b575b0f63af026cc3805cc6c33da7,1520,content/abd_lineage/00_formal/raw_run/task_artifacts/A__70f2a750-f403-41b8-aabb-480eb3ab4ed4_17_8.json,1edb52b0883de1a4f0e45a34b421628dc82394ae6fae3c58551d4afd63fbc8d8,1422,ABD formal raw per-task/run record,absolute_personal_path_redaction_only,1
outputs/abd_eval300_formal_v1/task_artifacts/A__70f2a750-f403-41b8-aabb-480eb3ab4ed4_17_9.json,f64aee0bc30a743909833193d4d9674af449059845b747e767b707f6f64090d2,1655,content/abd_lineage/00_formal/raw_run/task_artifacts/A__70f2a750-f403-41b8-aabb-480eb3ab4ed4_17_9.json,235e2aaad9e6eea7c07f969cab77527ff23f1ec98e6e99d9484d2b5756095a3c,1557,ABD formal raw per-task/run record,absolute_personal_path_redaction_only,1
outputs/abd_eval300_formal_v1/task_artifacts/A__70f2a750-f403-41b8-aabb-480eb3ab4ed4_21_26.json,4c4e13c3e3a0ac7d018516015a4b9642bbe3bd90112845cae4c9f829c7cab574,1718,content/abd_lineage/00_formal/raw_run/task_artifacts/A__70f2a750-f403-41b8-aabb-480eb3ab4ed4_21_26.json,dc785948f92d810c2b19b54a45c1b1f3a96cec7e80ec3f8f29bef68a4476d374,1620,ABD formal raw per-task/run record,absolute_personal_path_redaction_only,1
outputs/abd_eval300_formal_v1/task_artifacts/A__70f2a750-f403-41b8-aabb-480eb3ab4ed4_22_10.json,7f3f30c64258845ef6c78ecc0dd2721ec0369239a8c1ad8a2fedcbb29e5d2307,1566,content/abd_lineage/00_formal/raw_run/task_artifacts/A__70f2a750-f403-41b8-aabb-480eb3ab4ed4_22_10.json,feab62b8072677253dff7867b0ec2abbee4d595977cd5f599a3fd95b9c57a83c,1468,ABD formal raw per-task/run record,absolute_personal_path_redaction_only,1
outputs/abd_eval300_formal_v1/task_artifacts/A__70f2a750-f403-41b8-aabb-480eb3ab4ed4_22_12.json,0e2842ac82e06e256dd1d68795fb42f251091e0439c8f7436bf0878c3da21f80,1686,content/abd_lineage/00_formal/raw_run/task_artifacts/A__70f2a750-f403-41b8-aabb-480eb3ab4ed4_22_12.json,7bb08d9d0915a1e647e034c7a2a50b7d5b8a09f3e497396cdb8c080e1c1ca25c,1588,ABD formal raw per-task/run record,absolute_personal_path_redaction_only,1
outputs/abd_eval300_formal_v1/task_artifacts/A__70f2a750-f403-41b8-aabb-480eb3ab4ed4_4_11.json,6e9a9acac0d8eb560afd243d58c604a3800d4baa95ff7040406b602167ceead9,1561,content/abd_lineage/00_formal/raw_run/task_artifacts/A__70f2a750-f403-41b8-aabb-480eb3ab4ed4_4_11.json,b46b26804abf932700b6bca2dda952f639af712f38d23ba022e26731de990b31,1463,ABD formal raw per-task/run record,absolute_personal_path_redaction_only,1
outputs/abd_eval300_formal_v1/task_artifacts/A__70f2a750-f403-41b8-aabb-480eb3ab4ed4_4_15.json,200f4110ec760a0e7148ba795e3737e3a3c6ae4600ca672cd0d890ea8080fc1b,1575,content/abd_lineage/00_formal/raw_run/task_artifacts/A__70f2a750-f403-41b8-aabb-480eb3ab4ed4_4_15.json,4cabd38a622c6b1ef12c93f51220b5f555367dccbcdbe9ee70be12fbac1bccba,1477,ABD formal raw per-task/run record,absolute_personal_path_redaction_only,1
outputs/abd_eval300_formal_v1/task_artifacts/A__70f2a750-f403-41b8-aabb-480eb3ab4ed4_4_20.json,3ec28816e4d0e5f2524a56499be0681ef9595491114980b3f61680a229cc4ca2,1864,content/abd_lineage/00_formal/raw_run/task_artifacts/A__70f2a750-f403-41b8-aabb-480eb3ab4ed4_4_20.json,bf942a3b3192e59af15fb7a19463ca7801dab801eb2d1dc5f4bd6b2960bb6956,1766,ABD formal raw per-task/run record,absolute_personal_path_redaction_only,1
outputs/abd_eval300_formal_v1/task_artifacts/A__70f2a750-f403-41b8-aabb-480eb3ab4ed4_4_27.json,77b007b261ee105615081aefd8017be75ab2e96d308293144bc7eb27ae2f0513,1674,content/abd_lineage/00_formal/raw_run/task_artifacts/A__70f2a750-f403-41b8-aabb-480eb3ab4ed4_4_27.json,34cbcfd2f80a4316f827996fb0bfd1866e909fe360f5913c04f2b6bbc26514a7,1576,ABD formal raw per-task/run record,absolute_personal_path_redaction_only,1
outputs/abd_eval300_formal_v1/task_artifacts/A__70f2a750-f403-41b8-aabb-480eb3ab4ed4_4_6.json,8a5e5b77c15a442242ebe51a4d62a3cd4f384191f4934b58fc36fa6224ca89dd,1766,content/abd_lineage/00_formal/raw_run/task_artifacts/A__70f2a750-f403-41b8-aabb-480eb3ab4ed4_4_6.json,a86a134a4cdc5eacd645e3d424cd87d1eccca458af5973b0bfc2a0800487597a,1668,ABD formal raw per-task/run record,absolute_personal_path_redaction_only,1
outputs/abd_eval300_formal_v1/task_artifacts/A__70f2a750-f403-41b8-aabb-480eb3ab4ed4_5_19.json,978bfceabbdfb6b59f74680449153c0c1b6790b01bf6026177d120c6b5746757,1582,content/abd_lineage/00_formal/raw_run/task_artifacts/A__70f2a750-f403-41b8-aabb-480eb3ab4ed4_5_19.json,04849053a3696efabf99247322015248ca90b54b0445b672b36fd9e57dda1848,1484,ABD formal raw per-task/run record,absolute_personal_path_redaction_only,1
outputs/abd_eval300_formal_v1/task_artifacts/A__70f2a750-f403-41b8-aabb-480eb3ab4ed4_6_32.json,42d44763fd157548251e0f7e50b650903a581b6295a9b5fe516111afa7da2a71,1618,content/abd_lineage/00_formal/raw_run/task_artifacts/A__70f2a750-f403-41b8-aabb-480eb3ab4ed4_6_32.json,55bad78b1366ca9681f4abe7832bb3d6eb0bd12d5c555b9b83ffbc771f6b6818,1520,ABD formal raw per-task/run record,absolute_personal_path_redaction_only,1
outputs/abd_eval300_formal_v1/task_artifacts/A__70f2a750-f403-41b8-aabb-480eb3ab4ed4_7_28.json,1fb51f8b37180467d3252669e60c3e09fe238df513e63fa9eff083dc3eafc6a7,1608,content/abd_lineage/00_formal/raw_run/task_artifacts/A__70f2a750-f403-41b8-aabb-480eb3ab4ed4_7_28.json,c1ac6060faf342646b6093f071b1161a45c0a3eaec0352be7dab84a23e098707,1510,ABD formal raw per-task/run record,absolute_personal_path_redaction_only,1
outputs/abd_eval300_formal_v1/task_artifacts/A__70f2a750-f403-41b8-aabb-480eb3ab4ed4_7_29.json,228cada329a5cb692bb267e8bee41df7690a8afa1a444e5ae32942de5fd4c130,1587,content/abd_lineage/00_formal/raw_run/task_artifacts/A__70f2a750-f403-41b8-aabb-480eb3ab4ed4_7_29.json,6d94e0ac1daf453f53382ceea51f8f38933bfea39e477c7a30393f1222ecb5bb,1489,ABD formal raw per-task/run record,absolute_personal_path_redaction_only,1
outputs/abd_eval300_formal_v1/task_artifacts/A__70f2a750-f403-41b8-aabb-480eb3ab4ed4_7_4.json,ae011fe28302a34f48366ce11683a0c83dbf65ff552243c71184cd2c3b742568,1512,content/abd_lineage/00_formal/raw_run/task_artifacts/A__70f2a750-f403-41b8-aabb-480eb3ab4ed4_7_4.json,0408cdeb0c61c9329e3cb63b14827df5d14287d17f0a77a6278da3aff0e6f323,1414,ABD formal raw per-task/run record,absolute_personal_path_redaction_only,1
outputs/abd_eval300_formal_v1/task_artifacts/A__70f2a750-f403-41b8-aabb-480eb3ab4ed4_7_5.json,6ec9309e41068004cc4a9e8a8346c0c12e46ada51e92892d33da27fc99f57840,1581,content/abd_lineage/00_formal/raw_run/task_artifacts/A__70f2a750-f403-41b8-aabb-480eb3ab4ed4_7_5.json,bb2d6481d5a37ca76c9a005b646c5d76af68b3a7f791d94d13755978450264cf,1483,ABD formal raw per-task/run record,absolute_personal_path_redaction_only,1
outputs/abd_eval300_formal_v1/task_artifacts/A__70f2a750-f403-41b8-aabb-480eb3ab4ed4_8_2.json,e7ae3b2dde77be549185f6979f84874d0ec9f1b0ddcbbb36c02ffaff39436a8c,1515,content/abd_lineage/00_formal/raw_run/task_artifacts/A__70f2a750-f403-41b8-aabb-480eb3ab4ed4_8_2.json,92139fc146a9eddcc0bcd262bceb2db7ddcdd706fdf76b049b951f35030f1815,1417,ABD formal raw per-task/run record,absolute_personal_path_redaction_only,1
outputs/abd_eval300_formal_v1/task_artifacts/A__71fbc5bf-7e2a-415d-86bc-3a948742e904_12_18.json,fe9fc4b29eed9e7e6b24f9a05749d452f7d8a51548fe90a0a6bc25ac279dbf11,1670,content/abd_lineage/00_formal/raw_run/task_artifacts/A__71fbc5bf-7e2a-415d-86bc-3a948742e904_12_18.json,4cfa9bb0d2f3f3e3b8716252025b767a76b52e52d8833af9a5b2a79a06a85d4c,1572,ABD formal raw per-task/run record,absolute_personal_path_redaction_only,1
outputs/abd_eval300_formal_v1/task_artifacts/A__71fbc5bf-7e2a-415d-86bc-3a948742e904_17_10.json,36b1fa441ca7b5c8218e523eb38cdc7c927ad587663e9cc6bd20475bee97938a,1796,content/abd_lineage/00_formal/raw_run/task_artifacts/A__71fbc5bf-7e2a-415d-86bc-3a948742e904_17_10.json,9c16829b31d4c69be79cadf20aa7407e651094c2cfc22b1ac6a6649338cc664b,1698,ABD formal raw per-task/run record,absolute_personal_path_redaction_only,1
outputs/abd_eval300_formal_v1/task_artifacts/A__71fbc5bf-7e2a-415d-86bc-3a948742e904_17_13.json,80998d3bf01d753eafc81cf169074c35f65d0948d85941afb127462268f04c45,1857,content/abd_lineage/00_formal/raw_run/task_artifacts/A__71fbc5bf-7e2a-415d-86bc-3a948742e904_17_13.json,0221b418a7b391c53027b2589cf24eb420ed7526238f09359252908c893318eb,1759,ABD formal raw per-task/run record,absolute_personal_path_redaction_only,1
outputs/abd_eval300_formal_v1/task_artifacts/A__71fbc5bf-7e2a-415d-86bc-3a948742e904_17_25.json,9f8384c05d9cb50af134c01da01031174623e52b8b526a00aae0a4632d1ed6bb,1583,content/abd_lineage/00_formal/raw_run/task_artifacts/A__71fbc5bf-7e2a-415d-86bc-3a948742e904_17_25.json,9c9f8b1bedfb66eb6e6372e506ad0ae6316b6d26c7e71546a8c0a6aded75c020,1485,ABD formal raw per-task/run record,absolute_personal_path_redaction_only,1
outputs/abd_eval300_formal_v1/task_artifacts/A__71fbc5bf-7e2a-415d-86bc-3a948742e904_22_23.json,7524c1d7659d74de1f60392d255bbba270c18df1178eef68de8930f5367691a1,1525,content/abd_lineage/00_formal/raw_run/task_artifacts/A__71fbc5bf-7e2a-415d-86bc-3a948742e904_22_23.json,94a5d671a408c1152c9006a3ffd3638ffb8d28197edb43ef0293fd977326f19c,1427,ABD formal raw per-task/run record,absolute_personal_path_redaction_only,1
outputs/abd_eval300_formal_v1/task_artifacts/A__71fbc5bf-7e2a-415d-86bc-3a948742e904_22_4.json,9c0d8432bc6c63bfca5a03aa3368894ae35a4157975f4ac2bd0ea84076428566,1594,content/abd_lineage/00_formal/raw_run/task_artifacts/A__71fbc5bf-7e2a-415d-86bc-3a948742e904_22_4.json,f124691b8c892d59ffaf92fa6a691db1ccc313b8f34cf99fc1cb8d786136ae21,1496,ABD formal raw per-task/run record,absolute_personal_path_redaction_only,1
outputs/abd_eval300_formal_v1/task_artifacts/A__71fbc5bf-7e2a-415d-86bc-3a948742e904_22_5.json,daac96e37ddbb51c1784e23cbc350806ea68c737e84a5c175dee107d54436f28,1556,content/abd_lineage/00_formal/raw_run/task_artifacts/A__71fbc5bf-7e2a-415d-86bc-3a948742e904_22_5.json,145848e7ea820e11a61eea2a48623d2d565d6e07b4551c493800cd4c402bc042,1458,ABD formal raw per-task/run record,absolute_personal_path_redaction_only,1
outputs/abd_eval300_formal_v1/task_artifacts/A__71fbc5bf-7e2a-415d-86bc-3a948742e904_3_7.json,8d88ecbccb817733f2a7c6aacb95732919643c77da52ec68f74f6217d5c7b166,1687,content/abd_lineage/00_formal/raw_run/task_artifacts/A__71fbc5bf-7e2a-415d-86bc-3a948742e904_3_7.json,d92d9f9180142b5f6761b34a435afbc390210d0bf456bd71f27ce8318eaa225a,1589,ABD formal raw per-task/run record,absolute_personal_path_redaction_only,1
outputs/abd_eval300_formal_v1/task_artifacts/A__71fbc5bf-7e2a-415d-86bc-3a948742e904_4_12.json,e62a8d4bf1c9a4b9ab572d6b02957ce25485c2e07e8a9930a345a44ec742572d,1605,content/abd_lineage/00_formal/raw_run/task_artifacts/A__71fbc5bf-7e2a-415d-86bc-3a948742e904_4_12.json,b80b6d3cf99d235609c1f883c6007b83bff1fcf573b604d60e445a5588925a0b,1507,ABD formal raw per-task/run record,absolute_personal_path_redaction_only,1
outputs/abd_eval300_formal_v1/task_artifacts/A__71fbc5bf-7e2a-415d-86bc-3a948742e904_4_22.json,da707e3fdc958b575adf729aea8f3ab29124228d8b05167b0cfc31d8a7a6473c,1596,content/abd_lineage/00_formal/raw_run/task_artifacts/A__71fbc5bf-7e2a-415d-86bc-3a948742e904_4_22.json,9733504520b5517eb435ed34154a95d2d99dafb0f3735e424a5d57139eae075d,1498,ABD formal raw per-task/run record,absolute_personal_path_redaction_only,1
outputs/abd_eval300_formal_v1/task_artifacts/A__71fbc5bf-7e2a-415d-86bc-3a948742e904_4_26.json,c64b501bc598c0e823ad29c6aae6371a95b163c3542108b3844353df76cdbff6,1752,content/abd_lineage/00_formal/raw_run/task_artifacts/A__71fbc5bf-7e2a-415d-86bc-3a948742e904_4_26.json,a56a941dbde38cac305fc77f623443e34f1a3b305b8aea47c08aa7cfc06b7c9b,1654,ABD formal raw per-task/run record,absolute_personal_path_redaction_only,1
outputs/abd_eval300_formal_v1/task_artifacts/A__71fbc5bf-7e2a-415d-86bc-3a948742e904_4_6.json,b5ca7f9028f7559d7aed5e04eb4985b9601fbdf944411b3f0717a149e0b8c020,1519,content/abd_lineage/00_formal/raw_run/task_artifacts/A__71fbc5bf-7e2a-415d-86bc-3a948742e904_4_6.json,12bef9be7b9c434535230c6e9fa9a494b00e0e237d0ba43bacc00af36240a3ef,1421,ABD formal raw per-task/run record,absolute_personal_path_redaction_only,1
outputs/abd_eval300_formal_v1/task_artifacts/A__71fbc5bf-7e2a-415d-86bc-3a948742e904_5_15.json,d62300d0a579b965fae1cdfa3ac5dc0bd12fb4530feb5936e5c1c6191f28d556,1586,content/abd_lineage/00_formal/raw_run/task_artifacts/A__71fbc5bf-7e2a-415d-86bc-3a948742e904_5_15.json,c696469eeaf9fbfd44b8fdc7d24abce2eb775b2d920e1fdd54a340cc60f09202,1488,ABD formal raw per-task/run record,absolute_personal_path_redaction_only,1
outputs/abd_eval300_formal_v1/task_artifacts/A__71fbc5bf-7e2a-415d-86bc-3a948742e904_5_27.json,1f23ae80e916687d85f6ca513509e64d363ffba04bac9149129852bf89796c01,1568,content/abd_lineage/00_formal/raw_run/task_artifacts/A__71fbc5bf-7e2a-415d-86bc-3a948742e904_5_27.json,9f482f3c793a764f9a95eacba6e927b879fc72bae1d7a975b054838e7f8d9944,1470,ABD formal raw per-task/run record,absolute_personal_path_redaction_only,1
outputs/abd_eval300_formal_v1/task_artifacts/A__71fbc5bf-7e2a-415d-86bc-3a948742e904_6_14.json,df154d2224e29ea371a8cd2f509ecf3735effd215c18581caaec87370537a85a,1549,content/abd_lineage/00_formal/raw_run/task_artifacts/A__71fbc5bf-7e2a-415d-86bc-3a948742e904_6_14.json,eb176728b391846b0ab15d59d758ca09151ab389fc7433624ea468c63bc1663a,1451,ABD formal raw per-task/run record,absolute_personal_path_redaction_only,1
outputs/abd_eval300_formal_v1/task_artifacts/A__71fbc5bf-7e2a-415d-86bc-3a948742e904_7_11.json,1e15d730c3d17af52964d3a993bacfd3e5ac29564c1faa239f2ebd80a4286173,1498,content/abd_lineage/00_formal/raw_run/task_artifacts/A__71fbc5bf-7e2a-415d-86bc-3a948742e904_7_11.json,021cda90760b77f2399ee4cda460e289393f6d773de4a648295feef5ccf32960,1400,ABD formal raw per-task/run record,absolute_personal_path_redaction_only,1
outputs/abd_eval300_formal_v1/task_artifacts/A__71fbc5bf-7e2a-415d-86bc-3a948742e904_7_17.json,97a9cc1cb4d780714cc07dce4b0ad5810596cc93c374275680a584608c5c3771,1557,content/abd_lineage/00_formal/raw_run/task_artifacts/A__71fbc5bf-7e2a-415d-86bc-3a948742e904_7_17.json,e1222c14ce9af6d4f8a2b9745a01b6bc69571b5f0533c545484a0d48c6d74336,1459,ABD formal raw per-task/run record,absolute_personal_path_redaction_only,1
outputs/abd_eval300_formal_v1/task_artifacts/A__71fbc5bf-7e2a-415d-86bc-3a948742e904_7_19.json,c6c4be8c4ab42e1abb4937afc88eac383193a4421c807295781493adae903a72,1661,content/abd_lineage/00_formal/raw_run/task_artifacts/A__71fbc5bf-7e2a-415d-86bc-3a948742e904_7_19.json,7d1a0ea6ded41f359276b20150e3bed5371bfcdd72b0ffe030140522d5c46d25,1563,ABD formal raw per-task/run record,absolute_personal_path_redaction_only,1
outputs/abd_eval300_formal_v1/task_artifacts/A__71fbc5bf-7e2a-415d-86bc-3a948742e904_7_2.json,d9948ba48ddb49c1494a2b49639010294155acf11e850165c3e8a02a5cbb74dc,1716,content/abd_lineage/00_formal/raw_run/task_artifacts/A__71fbc5bf-7e2a-415d-86bc-3a948742e904_7_2.json,cb7b0a5ecdbae3f4827cb09fd139968b88c6f64b2f66c8d9081c391e9d83091a,1618,ABD formal raw per-task/run record,absolute_personal_path_redaction_only,1
outputs/abd_eval300_formal_v1/task_artifacts/A__71fbc5bf-7e2a-415d-86bc-3a948742e904_7_24.json,7ae11e5203760eac0533dc2f3d6fa72ad9fbe99f235460370324b06c1f84c034,1640,content/abd_lineage/00_formal/raw_run/task_artifacts/A__71fbc5bf-7e2a-415d-86bc-3a948742e904_7_24.json,1e8deacd96f981d874b91f293e8c1d22b3365135bd63ec5b0dfbbc46b1e63709,1542,ABD formal raw per-task/run record,absolute_personal_path_redaction_only,1
outputs/abd_eval300_formal_v1/task_artifacts/A__71fbc5bf-7e2a-415d-86bc-3a948742e904_7_3.json,9cbe74ed8e1c8c43f861c2560e0cf54fd43068d98ec67321d41cd7f3ad2da072,1626,content/abd_lineage/00_formal/raw_run/task_artifacts/A__71fbc5bf-7e2a-415d-86bc-3a948742e904_7_3.json,91b183193daaea4919392152c09c749a5b905f89c2d8d1be8bfb75472ddd889d,1528,ABD formal raw per-task/run record,absolute_personal_path_redaction_only,1
outputs/abd_eval300_formal_v1/task_artifacts/A__71fbc5bf-7e2a-415d-86bc-3a948742e904_7_9.json,8733fe7eea998a6736ca8447047e8ca17f7adf08f0af408ecffd64aefadfa36b,1565,content/abd_lineage/00_formal/raw_run/task_artifacts/A__71fbc5bf-7e2a-415d-86bc-3a948742e904_7_9.json,27a91371e2955e85750f8cf7494eb94fadcc5e66f8b99258fe168ab631837481,1467,ABD formal raw per-task/run record,absolute_personal_path_redaction_only,1
outputs/abd_eval300_formal_v1/task_artifacts/A__71fbc5bf-7e2a-415d-86bc-3a948742e904_8_1.json,3ae0d144bfe69566553f2be4fafae82a7db2251ac1d14ba706b0a1ad225e8f4e,1574,content/abd_lineage/00_formal/raw_run/task_artifacts/A__71fbc5bf-7e2a-415d-86bc-3a948742e904_8_1.json,4ee687682ea8856307e504f3dcd9bdb4d9f5a5559a6d4c129ad29c6cb51d2021,1476,ABD formal raw per-task/run record,absolute_personal_path_redaction_only,1
outputs/abd_eval300_formal_v1/task_artifacts/A__71fbc5bf-7e2a-415d-86bc-3a948742e904_8_20.json,80002fc2ee501843894671a43ccad3c38d0e7cab54394ea4653d57793623fd71,1510,content/abd_lineage/00_formal/raw_run/task_artifacts/A__71fbc5bf-7e2a-415d-86bc-3a948742e904_8_20.json,706a39f0927482f64c04dc044da2103b14e3ef3edb3ebe4259abc2aabbe1cded,1412,ABD formal raw per-task/run record,absolute_personal_path_redaction_only,1
outputs/abd_eval300_formal_v1/task_artifacts/A__71fbc5bf-7e2a-415d-86bc-3a948742e904_8_8.json,e24a01d813706e9283379724560353691c450a1de390409990ae18994834ec80,1575,content/abd_lineage/00_formal/raw_run/task_artifacts/A__71fbc5bf-7e2a-415d-86bc-3a948742e904_8_8.json,8d0fe8e696bceb3e00083879b79e1452cf0563b570c070f5eeec449da01d6dfc,1477,ABD formal raw per-task/run record,absolute_personal_path_redaction_only,1
outputs/abd_eval300_formal_v1/task_artifacts/A__7ddbf8a2-5b3e-44cd-b9dc-db17ec06831b_11_12.json,80c37c9dcfea6bf42573cb28f765802691aa0981c9e91bf1492724d99d8386b1,1690,content/abd_lineage/00_formal/raw_run/task_artifacts/A__7ddbf8a2-5b3e-44cd-b9dc-db17ec06831b_11_12.json,092e724126dda3398ce174cd3c43c06f980cdedf1977b03f33a4179825207c95,1592,ABD formal raw per-task/run record,absolute_personal_path_redaction_only,1
outputs/abd_eval300_formal_v1/task_artifacts/A__7ddbf8a2-5b3e-44cd-b9dc-db17ec06831b_11_14.json,232beb9d2f6ed9fe90c9b69a18133fdac979057116f270d9f20dfdbcea407c0e,1605,content/abd_lineage/00_formal/raw_run/task_artifacts/A__7ddbf8a2-5b3e-44cd-b9dc-db17ec06831b_11_14.json,3d6403fa5394b7cb5562fc55b9ca0ad72c7fa90454ac4128144c5dbd9f5a5b96,1507,ABD formal raw per-task/run record,absolute_personal_path_redaction_only,1
outputs/abd_eval300_formal_v1/task_artifacts/A__7ddbf8a2-5b3e-44cd-b9dc-db17ec06831b_11_17.json,9292c9ae8eac7f1b33af2e5707f66d53e5523ea8119aaa84117896ba82291bc4,1533,content/abd_lineage/00_formal/raw_run/task_artifacts/A__7ddbf8a2-5b3e-44cd-b9dc-db17ec06831b_11_17.json,a6e888d4b38d6453b19840e047bd9f37e0fb3e2a1685daa5311f71314556d2f5,1435,ABD formal raw per-task/run record,absolute_personal_path_redaction_only,1
outputs/abd_eval300_formal_v1/task_artifacts/A__7ddbf8a2-5b3e-44cd-b9dc-db17ec06831b_17_15.json,655baa85c15c786c83b562a6c324dd7971757466b372ec95801da62e683c9116,1470,content/abd_lineage/00_formal/raw_run/task_artifacts/A__7ddbf8a2-5b3e-44cd-b9dc-db17ec06831b_17_15.json,9808c71131d508ee8a1f56809e08e41f86ece62ff5ece054312819d007df411b,1372,ABD formal raw per-task/run record,absolute_personal_path_redaction_only,1
outputs/abd_eval300_formal_v1/task_artifacts/A__7ddbf8a2-5b3e-44cd-b9dc-db17ec06831b_17_6.json,c25e6277b6e6874f5ae37c8abdd3149624df73a8cd85c0a4acbaec19a7eab415,1531,content/abd_lineage/00_formal/raw_run/task_artifacts/A__7ddbf8a2-5b3e-44cd-b9dc-db17ec06831b_17_6.json,7ed30625d5cda40972721df075f86ef833c6b8d8c135d5bde3f87b9f677cd149,1433,ABD formal raw per-task/run record,absolute_personal_path_redaction_only,1
outputs/abd_eval300_formal_v1/task_artifacts/A__7ddbf8a2-5b3e-44cd-b9dc-db17ec06831b_22_23.json,5319f5fc179229f5a58f2a3028adba1f153ec75076a1cc32802f0f863c7ba997,1571,content/abd_lineage/00_formal/raw_run/task_artifacts/A__7ddbf8a2-5b3e-44cd-b9dc-db17ec06831b_22_23.json,825ea01247b939dc10e060ee717356182a2ae6d9cbc5bf6c628d0a14edc0a9d8,1473,ABD formal raw per-task/run record,absolute_personal_path_redaction_only,1
outputs/abd_eval300_formal_v1/task_artifacts/A__7ddbf8a2-5b3e-44cd-b9dc-db17ec06831b_22_3.json,8cdd86604f71962cbc72318d903b42853594c748826237986ba51d7ee2e5c050,1539,content/abd_lineage/00_formal/raw_run/task_artifacts/A__7ddbf8a2-5b3e-44cd-b9dc-db17ec06831b_22_3.json,29f17b8463612cddb7cab96b9d79fb3e0f346813cea87c587ebdacc342257f53,1441,ABD formal raw per-task/run record,absolute_personal_path_redaction_only,1
outputs/abd_eval300_formal_v1/task_artifacts/A__7ddbf8a2-5b3e-44cd-b9dc-db17ec06831b_4_19.json,173251ea928a6e43beb54faae8787ac9adb66126210adb284b9b3f7c4b673667,1550,content/abd_lineage/00_formal/raw_run/task_artifacts/A__7ddbf8a2-5b3e-44cd-b9dc-db17ec06831b_4_19.json,942d1de15de012690e053c68b737e09d9eea52cde1636701f318180356b20875,1452,ABD formal raw per-task/run record,absolute_personal_path_redaction_only,1
outputs/abd_eval300_formal_v1/task_artifacts/A__7ddbf8a2-5b3e-44cd-b9dc-db17ec06831b_4_2.json,34b80e01450d5fa21be5fada2c2aa32a3d8e41ccda34f80d6329a181e4a3bb76,1491,content/abd_lineage/00_formal/raw_run/task_artifacts/A__7ddbf8a2-5b3e-44cd-b9dc-db17ec06831b_4_2.json,fda7d1c827013f42b3439689405f58a47d32956043bfe851ab24bc5f2de85c80,1393,ABD formal raw per-task/run record,absolute_personal_path_redaction_only,1
outputs/abd_eval300_formal_v1/task_artifacts/A__7ddbf8a2-5b3e-44cd-b9dc-db17ec06831b_4_24.json,ca268c2088c3e09089f982942734e29110ba6e4252dff6809db21a5629c791bf,1442,content/abd_lineage/00_formal/raw_run/task_artifacts/A__7ddbf8a2-5b3e-44cd-b9dc-db17ec06831b_4_24.json,31e7e038065a790d8ad40282dfe523aecf252a70d8437f1f69fb415a6ba64c7f,1344,ABD formal raw per-task/run record,absolute_personal_path_redaction_only,1
outputs/abd_eval300_formal_v1/task_artifacts/A__7ddbf8a2-5b3e-44cd-b9dc-db17ec06831b_4_9.json,3b2e03fed328e3716c97cf291efd33846877821fc1a5447b23b041e1d8148b89,1479,content/abd_lineage/00_formal/raw_run/task_artifacts/A__7ddbf8a2-5b3e-44cd-b9dc-db17ec06831b_4_9.json,f283eb84bad861fd6876b8a7e56b99d91b48ea2ec7102fb216f212ca28f983e5,1381,ABD formal raw per-task/run record,absolute_personal_path_redaction_only,1
outputs/abd_eval300_formal_v1/task_artifacts/A__7ddbf8a2-5b3e-44cd-b9dc-db17ec06831b_5_1.json,c079ffec88f036f91c659aba7241c936f266f0a8d5ecef2dc92f7cdca0a8c34f,1527,content/abd_lineage/00_formal/raw_run/task_artifacts/A__7ddbf8a2-5b3e-44cd-b9dc-db17ec06831b_5_1.json,ac622d7b1aa844d475687195fedc03a2c84a62d71f391c36e06049b6f78d25af,1429,ABD formal raw per-task/run record,absolute_personal_path_redaction_only,1
outputs/abd_eval300_formal_v1/task_artifacts/A__7ddbf8a2-5b3e-44cd-b9dc-db17ec06831b_5_22.json,6461f03a5b30da28f6d25f6ee90c7c6df198e12b2b6ff3e3f7d6456881675530,1516,content/abd_lineage/00_formal/raw_run/task_artifacts/A__7ddbf8a2-5b3e-44cd-b9dc-db17ec06831b_5_22.json,0b15a9fc2f2724649ec73764ee5868327d575eccd6429a5baefb28d198407ea7,1418,ABD formal raw per-task/run record,absolute_personal_path_redaction_only,1
outputs/abd_eval300_formal_v1/task_artifacts/A__7ddbf8a2-5b3e-44cd-b9dc-db17ec06831b_6_7.json,6039278e036f201b35c2c74971a958cc0b4ac51f6b43dd9f1aaf08c7a6ed0d88,1522,content/abd_lineage/00_formal/raw_run/task_artifacts/A__7ddbf8a2-5b3e-44cd-b9dc-db17ec06831b_6_7.json,9ddd66a823f5d4c5e88c5b1204976c275c1bfb7a003221e8843b4c0dc1022639,1424,ABD formal raw per-task/run record,absolute_personal_path_redaction_only,1
outputs/abd_eval300_formal_v1/task_artifacts/A__7ddbf8a2-5b3e-44cd-b9dc-db17ec06831b_6_8.json,4f3a778790592f98ef9920b97321e1073d35b600944ac3bac9a705da333f79b8,1542,content/abd_lineage/00_formal/raw_run/task_artifacts/A__7ddbf8a2-5b3e-44cd-b9dc-db17ec06831b_6_8.json,a91f67b69b4de23d892e52dca83182693685fa39128a2e54109e4a479e951596,1444,ABD formal raw per-task/run record,absolute_personal_path_redaction_only,1
outputs/abd_eval300_formal_v1/task_artifacts/A__7ddbf8a2-5b3e-44cd-b9dc-db17ec06831b_7_11.json,0239d8453c7d981138218511e11508c75ae187dec72e2a39a3fe14911794de58,1562,content/abd_lineage/00_formal/raw_run/task_artifacts/A__7ddbf8a2-5b3e-44cd-b9dc-db17ec06831b_7_11.json,30afdd16ccb94e1e4626602d683442b2e534ee08daa58c31f2fc4b61b3e0c8ee,1464,ABD formal raw per-task/run record,absolute_personal_path_redaction_only,1
outputs/abd_eval300_formal_v1/task_artifacts/A__7ddbf8a2-5b3e-44cd-b9dc-db17ec06831b_7_16.json,83d609691a0cec299d2b57c3f3737713383b747e410dc2fb975e74a87dbb3f9e,1519,content/abd_lineage/00_formal/raw_run/task_artifacts/A__7ddbf8a2-5b3e-44cd-b9dc-db17ec06831b_7_16.json,835d21cde8ebbda9fac0659357d2320e54fceabaa3bb72e716c3b7758e5742ad,1421,ABD formal raw per-task/run record,absolute_personal_path_redaction_only,1
outputs/abd_eval300_formal_v1/task_artifacts/A__7ddbf8a2-5b3e-44cd-b9dc-db17ec06831b_7_21.json,0674594e580dd304813c70a41a912ea1260a7698a7de2b6fb28ae34e20687e42,1648,content/abd_lineage/00_formal/raw_run/task_artifacts/A__7ddbf8a2-5b3e-44cd-b9dc-db17ec06831b_7_21.json,4ed33f36b1d5cd46020544f48f7a789ae1e52d1eedcb22b981e34ec88e5bae1e,1550,ABD formal raw per-task/run record,absolute_personal_path_redaction_only,1
outputs/abd_eval300_formal_v1/task_artifacts/A__7ddbf8a2-5b3e-44cd-b9dc-db17ec06831b_7_4.json,5aec9f08d3bf6fafad00e0afc0aa8076a8066d323d650bea47e01aae4217e67d,1543,content/abd_lineage/00_formal/raw_run/task_artifacts/A__7ddbf8a2-5b3e-44cd-b9dc-db17ec06831b_7_4.json,f5721914995c58b3f2e8ee1820cddad3214c402965b51e3cdcab42b9723c4389,1445,ABD formal raw per-task/run record,absolute_personal_path_redaction_only,1
outputs/abd_eval300_formal_v1/task_artifacts/A__7ddbf8a2-5b3e-44cd-b9dc-db17ec06831b_7_5.json,c0b1f23c5f7462d10335e2aeff81b37b3d517e5a2e3e8148c796bfceb7bfd5a0,1465,content/abd_lineage/00_formal/raw_run/task_artifacts/A__7ddbf8a2-5b3e-44cd-b9dc-db17ec06831b_7_5.json,ba3f5049b3a44a53e57542c4bfae1ca8ca4556c3b8407b137a3a043f3be032c3,1367,ABD formal raw per-task/run record,absolute_personal_path_redaction_only,1
outputs/abd_eval300_formal_v1/task_artifacts/A__7ddbf8a2-5b3e-44cd-b9dc-db17ec06831b_8_10.json,b5fdd0f362a628feaf410ec1175e63a02bf1058020da214d656288215324cf1e,1934,content/abd_lineage/00_formal/raw_run/task_artifacts/A__7ddbf8a2-5b3e-44cd-b9dc-db17ec06831b_8_10.json,956503ec05c2bff711ed15e8e3de1f13b30dcc0c6b05735ffb8e1baff70d77b3,1836,ABD formal raw per-task/run record,absolute_personal_path_redaction_only,1
outputs/abd_eval300_formal_v1/task_artifacts/A__7ddbf8a2-5b3e-44cd-b9dc-db17ec06831b_8_13.json,ba65f7236e414adb8ac2fa39b33c268d5e059fb32499e80f3460efd64348b0b9,1659,content/abd_lineage/00_formal/raw_run/task_artifacts/A__7ddbf8a2-5b3e-44cd-b9dc-db17ec06831b_8_13.json,a0f92dab5624c5fb58526a897ebdab2f96c794ee55289e4c5c23c612cb71b165,1561,ABD formal raw per-task/run record,absolute_personal_path_redaction_only,1
outputs/abd_eval300_formal_v1/task_artifacts/A__7ddbf8a2-5b3e-44cd-b9dc-db17ec06831b_8_18.json,b72cce9a41ef6e503e4333252dda05cf4d316a722dd5b013c9ba484a7006d87d,1623,content/abd_lineage/00_formal/raw_run/task_artifacts/A__7ddbf8a2-5b3e-44cd-b9dc-db17ec06831b_8_18.json,373d6379159e04a0721640af38fb273140e77686034a9e575e7dcb4af514e351,1525,ABD formal raw per-task/run record,absolute_personal_path_redaction_only,1
outputs/abd_eval300_formal_v1/task_artifacts/A__7ddbf8a2-5b3e-44cd-b9dc-db17ec06831b_8_20.json,dd63fd04c504b3f67b4eea9063f60dfaad85cec5507c6873740448bb58537bfb,1476,content/abd_lineage/00_formal/raw_run/task_artifacts/A__7ddbf8a2-5b3e-44cd-b9dc-db17ec06831b_8_20.json,d104276ee184a2331f38b9dac747c26a087e2fa2fce2c928d593de205e94539a,1378,ABD formal raw per-task/run record,absolute_personal_path_redaction_only,1
outputs/abd_eval300_formal_v1/task_artifacts/A__7ddbf8a2-5b3e-44cd-b9dc-db17ec06831b_8_25.json,5689d0336119c0960975052e99b1df21c693bfa715e1655aff053df7a4202b23,1513,content/abd_lineage/00_formal/raw_run/task_artifacts/A__7ddbf8a2-5b3e-44cd-b9dc-db17ec06831b_8_25.json,e2ae09a1fe8d8d27ab7e919fa6640e649bfb51bf57725b6d1b8fb16e181b9d2f,1415,ABD formal raw per-task/run record,absolute_personal_path_redaction_only,1
outputs/abd_eval300_formal_v1/task_artifacts/A__7e512589-aa97-41e8-83d3-af2e83e4fd06_11_14.json,8da6f523a337a12924fe28e1e4eca7270c0af0ef9a27ae47711898f6ade1beeb,1535,content/abd_lineage/00_formal/raw_run/task_artifacts/A__7e512589-aa97-41e8-83d3-af2e83e4fd06_11_14.json,5b12e57d1c1d65c0b351b3828602ab1b1421fbc512d1b5018135f5ddc1d899fd,1437,ABD formal raw per-task/run record,absolute_personal_path_redaction_only,1
outputs/abd_eval300_formal_v1/task_artifacts/A__7e512589-aa97-41e8-83d3-af2e83e4fd06_11_18.json,05d1f8307c0b2d86f2e3a9a0f4e95192c138fc826e0687ff341c2d6d3c18cfbe,1488,content/abd_lineage/00_formal/raw_run/task_artifacts/A__7e512589-aa97-41e8-83d3-af2e83e4fd06_11_18.json,7126deba6f71dca2178e3b16b15f50657fe791053ad887c53c7e6dd470a3477c,1390,ABD formal raw per-task/run record,absolute_personal_path_redaction_only,1
outputs/abd_eval300_formal_v1/task_artifacts/A__7e512589-aa97-41e8-83d3-af2e83e4fd06_11_24.json,c74451d4dd4000be4f681f4803607624ceec3b5431831b1c7ea2b16b9c5c1d94,1598,content/abd_lineage/00_formal/raw_run/task_artifacts/A__7e512589-aa97-41e8-83d3-af2e83e4fd06_11_24.json,e661d737935af8e2b082a392463f4998d10d56c26e15f2f012e59517a3cb56d5,1500,ABD formal raw per-task/run record,absolute_personal_path_redaction_only,1
outputs/abd_eval300_formal_v1/task_artifacts/A__7e512589-aa97-41e8-83d3-af2e83e4fd06_17_10.json,26c327023c9bf3be9ef052bcf23cc9c292a5295047cff9ad8aac071c9f90328b,1641,content/abd_lineage/00_formal/raw_run/task_artifacts/A__7e512589-aa97-41e8-83d3-af2e83e4fd06_17_10.json,c0a4753428deb54c906271243dcebeecb5a3b213fff17ae426fe269296bcbf00,1543,ABD formal raw per-task/run record,absolute_personal_path_redaction_only,1
outputs/abd_eval300_formal_v1/task_artifacts/A__7e512589-aa97-41e8-83d3-af2e83e4fd06_17_16.json,b57b8021ed2327f0325ae688d5e0e562b1cd37389ae635d2aa2a0c62e9641a30,1671,content/abd_lineage/00_formal/raw_run/task_artifacts/A__7e512589-aa97-41e8-83d3-af2e83e4fd06_17_16.json,8ec677ab4f39dbdbc4b6174280c69c95cf91ac9fd0d697a557e20b4a55b20939,1573,ABD formal raw per-task/run record,absolute_personal_path_redaction_only,1
outputs/abd_eval300_formal_v1/task_artifacts/A__7e512589-aa97-41e8-83d3-af2e83e4fd06_17_2.json,35a2ba6de77c700b5726eabe83ede7d444fac34038331c0109963a4923cd2960,1644,content/abd_lineage/00_formal/raw_run/task_artifacts/A__7e512589-aa97-41e8-83d3-af2e83e4fd06_17_2.json,c3ac9fa1f4f449e1666cae77099d1a248b9a7ef591add69e80fb8f50d49817ee,1546,ABD formal raw per-task/run record,absolute_personal_path_redaction_only,1
outputs/abd_eval300_formal_v1/task_artifacts/A__7e512589-aa97-41e8-83d3-af2e83e4fd06_17_30.json,5d0b214111f38a54989556d42d038571e8d32dbd74973c23426e9e32db426524,1610,content/abd_lineage/00_formal/raw_run/task_artifacts/A__7e512589-aa97-41e8-83d3-af2e83e4fd06_17_30.json,e7874ae69c863660b22a52ef58ca659724d3954af0931e8d1d0f24657ff7ad0f,1512,ABD formal raw per-task/run record,absolute_personal_path_redaction_only,1
outputs/abd_eval300_formal_v1/task_artifacts/A__7e512589-aa97-41e8-83d3-af2e83e4fd06_17_34.json,549523b1004707d7487b812afe7bf434d5a0cce21e15eaae5105d773024abff2,1530,content/abd_lineage/00_formal/raw_run/task_artifacts/A__7e512589-aa97-41e8-83d3-af2e83e4fd06_17_34.json,af4fbbce54ffed0724a1440f4e11286822326ec0c51350290f1305c6b3e0c6c3,1432,ABD formal raw per-task/run record,absolute_personal_path_redaction_only,1
outputs/abd_eval300_formal_v1/task_artifacts/A__7e512589-aa97-41e8-83d3-af2e83e4fd06_21_19.json,6129970ef2ba340f63b09f1f4eab09570554fdc298a7e827cc4ca88a94df632d,1651,content/abd_lineage/00_formal/raw_run/task_artifacts/A__7e512589-aa97-41e8-83d3-af2e83e4fd06_21_19.json,df98959eb0725ec40313a55dd3a015b551a53521167faefed2aa891a8e32f464,1553,ABD formal raw per-task/run record,absolute_personal_path_redaction_only,1
outputs/abd_eval300_formal_v1/task_artifacts/A__7e512589-aa97-41e8-83d3-af2e83e4fd06_22_11.json,58fc7bb4e65f53cbbad8d26a1da9047fccd625cfc03400a3c5a5e0f281190ece,1593,content/abd_lineage/00_formal/raw_run/task_artifacts/A__7e512589-aa97-41e8-83d3-af2e83e4fd06_22_11.json,d5674bad3bbb219b52020939805947d986b3b4d48be240190d3ba1283eeb346d,1495,ABD formal raw per-task/run record,absolute_personal_path_redaction_only,1
outputs/abd_eval300_formal_v1/task_artifacts/A__7e512589-aa97-41e8-83d3-af2e83e4fd06_22_8.json,2deac4b80fd76131fee6bace7ac569aa92b2570f846f81d5a85780e0520b6326,1669,content/abd_lineage/00_formal/raw_run/task_artifacts/A__7e512589-aa97-41e8-83d3-af2e83e4fd06_22_8.json,b20ea9ea10dee84c2076d0a11ca1a32f78c35c75a7fa20c6a4ca0929ae5650c7,1571,ABD formal raw per-task/run record,absolute_personal_path_redaction_only,1
outputs/abd_eval300_formal_v1/task_artifacts/A__7e512589-aa97-41e8-83d3-af2e83e4fd06_23_28.json,388f85eaa43be4a36c3f3ebae8ed3c6d49c67fb1db0065eb6c3e728f83ffe0e9,1704,content/abd_lineage/00_formal/raw_run/task_artifacts/A__7e512589-aa97-41e8-83d3-af2e83e4fd06_23_28.json,91f233d3cec35c29c921da3d42a272854fd901f204cdc09b887a08d560a42325,1606,ABD formal raw per-task/run record,absolute_personal_path_redaction_only,1
outputs/abd_eval300_formal_v1/task_artifacts/A__7e512589-aa97-41e8-83d3-af2e83e4fd06_3_21.json,3ca040831b2bfe1b9b8489cd8f049c128fbddc99032c16a057d8002cd2937837,1633,content/abd_lineage/00_formal/raw_run/task_artifacts/A__7e512589-aa97-41e8-83d3-af2e83e4fd06_3_21.json,e0352853351d4e207844a1a176dd774a72d67eab8d140220e83ec21db144588f,1535,ABD formal raw per-task/run record,absolute_personal_path_redaction_only,1
outputs/abd_eval300_formal_v1/task_artifacts/A__7e512589-aa97-41e8-83d3-af2e83e4fd06_3_26.json,e0b162040cdc13e84fc544dc00e53517b55b7d526b3efe408280e1206c1bb650,1566,content/abd_lineage/00_formal/raw_run/task_artifacts/A__7e512589-aa97-41e8-83d3-af2e83e4fd06_3_26.json,06bdc8199df37549f308cbc783a18502bd84ad7f1e1f136f1232c6afb53c0f89,1468,ABD formal raw per-task/run record,absolute_personal_path_redaction_only,1
outputs/abd_eval300_formal_v1/task_artifacts/A__7e512589-aa97-41e8-83d3-af2e83e4fd06_4_3.json,9dea7036be93f02006ec6c697412d3ff798dec17559b5b7697d9244985f74e0f,1496,content/abd_lineage/00_formal/raw_run/task_artifacts/A__7e512589-aa97-41e8-83d3-af2e83e4fd06_4_3.json,2335f7759f7dcf44623f3cff2482cc55ee4a24249406ec2ec26960fa75653942,1398,ABD formal raw per-task/run record,absolute_personal_path_redaction_only,1
outputs/abd_eval300_formal_v1/task_artifacts/A__7e512589-aa97-41e8-83d3-af2e83e4fd06_4_5.json,a2950f284920ae8ac62e480e84c2dbe8c6fdb37e2f64be8763fbc6ad52b9c1d0,1574,content/abd_lineage/00_formal/raw_run/task_artifacts/A__7e512589-aa97-41e8-83d3-af2e83e4fd06_4_5.json,7d37c30c3a92b44742fd1601a56a9b71d9904132e716b0ad35702b2781d982af,1476,ABD formal raw per-task/run record,absolute_personal_path_redaction_only,1
outputs/abd_eval300_formal_v1/task_artifacts/A__7e512589-aa97-41e8-83d3-af2e83e4fd06_5_33.json,b2c3f2c5d1cd3037c46a512955452a12301757dba8531a0eaee91a8a05ddbed6,1591,content/abd_lineage/00_formal/raw_run/task_artifacts/A__7e512589-aa97-41e8-83d3-af2e83e4fd06_5_33.json,1f31963656f8ac722e4a919b2e75fe8638d8a0a0618dd91607e47c13bee4b074,1493,ABD formal raw per-task/run record,absolute_personal_path_redaction_only,1
outputs/abd_eval300_formal_v1/task_artifacts/A__7e512589-aa97-41e8-83d3-af2e83e4fd06_6_15.json,3214889374adb8afc83f408e23acbb35675e0c227a922fe10eb11153b8ebc934,1573,content/abd_lineage/00_formal/raw_run/task_artifacts/A__7e512589-aa97-41e8-83d3-af2e83e4fd06_6_15.json,ce0cda36a22b7b396408198f92fc6d84606c0142aaa04642c811448ee9f1a708,1475,ABD formal raw per-task/run record,absolute_personal_path_redaction_only,1
outputs/abd_eval300_formal_v1/task_artifacts/A__7e512589-aa97-41e8-83d3-af2e83e4fd06_6_27.json,10ac8a976b075648fa2ef739f6e7a30c9f1947655ae113d565a6485993158eb3,1700,content/abd_lineage/00_formal/raw_run/task_artifacts/A__7e512589-aa97-41e8-83d3-af2e83e4fd06_6_27.json,35bd4d3e50c8b1d1142e17abf1f4ffbb54a58e0f068a343d6d3a495caff22d1f,1602,ABD formal raw per-task/run record,absolute_personal_path_redaction_only,1
outputs/abd_eval300_formal_v1/task_artifacts/A__7e512589-aa97-41e8-83d3-af2e83e4fd06_6_7.json,cb67bf54acacddf8948ef52ed353f63745e90349759b6c20cf1af0dbc42b2fdc,1497,content/abd_lineage/00_formal/raw_run/task_artifacts/A__7e512589-aa97-41e8-83d3-af2e83e4fd06_6_7.json,29ec084badc513ff9ce642d07a698d57a23bbbca427a650791580c7c864c6e09,1399,ABD formal raw per-task/run record,absolute_personal_path_redaction_only,1
outputs/abd_eval300_formal_v1/task_artifacts/A__7e512589-aa97-41e8-83d3-af2e83e4fd06_7_20.json,f8aba7ad79cf53520aae93f1a8a0c17cf267b8ff47413f4760e2ec4b386de5e2,1605,content/abd_lineage/00_formal/raw_run/task_artifacts/A__7e512589-aa97-41e8-83d3-af2e83e4fd06_7_20.json,a056e9eb516b71a613dbc27f53d2f9d744e1b5b30e54f871ec4ac6dc49ddb155,1507,ABD formal raw per-task/run record,absolute_personal_path_redaction_only,1
outputs/abd_eval300_formal_v1/task_artifacts/A__7e512589-aa97-41e8-83d3-af2e83e4fd06_7_22.json,d1c8c0ea08c105a5de356fe864d879f42c8c827d3e99229528d693fe6ebae564,1719,content/abd_lineage/00_formal/raw_run/task_artifacts/A__7e512589-aa97-41e8-83d3-af2e83e4fd06_7_22.json,8231670adbf2e2206debe2b77b6a2814d6cde428b94e1217bc5fa1d247c618b3,1621,ABD formal raw per-task/run record,absolute_personal_path_redaction_only,1
outputs/abd_eval300_formal_v1/task_artifacts/A__7e512589-aa97-41e8-83d3-af2e83e4fd06_7_23.json,7d62d4278d824594d73dd1c92f2fb1e82237dd0a31ee1d32433a72e0df67cf83,1539,content/abd_lineage/00_formal/raw_run/task_artifacts/A__7e512589-aa97-41e8-83d3-af2e83e4fd06_7_23.json,d9d215a0c32b8e1e1caf2a922d20f149995a92560532190cf9ff4b9d7c1d01ee,1441,ABD formal raw per-task/run record,absolute_personal_path_redaction_only,1
outputs/abd_eval300_formal_v1/task_artifacts/A__7e512589-aa97-41e8-83d3-af2e83e4fd06_7_4.json,db3d20edfa1bc3f40c5317526234040105d7df1a8f8fb596bc6ecde2a556818a,1542,content/abd_lineage/00_formal/raw_run/task_artifacts/A__7e512589-aa97-41e8-83d3-af2e83e4fd06_7_4.json,76d6077acb680c02c460dadcf2a5e185482c722d9bed817ed3667dc66710659b,1444,ABD formal raw per-task/run record,absolute_personal_path_redaction_only,1
outputs/abd_eval300_formal_v1/task_artifacts/A__7e512589-aa97-41e8-83d3-af2e83e4fd06_8_12.json,1906f628300099d0702193c8c81f3f96a59a57f44378471ded0388d26a5a8c30,1562,content/abd_lineage/00_formal/raw_run/task_artifacts/A__7e512589-aa97-41e8-83d3-af2e83e4fd06_8_12.json,2b07a742c458f288e0f3342c07dce284170a6c12109be4c7b1395211adbcfcd9,1464,ABD formal raw per-task/run record,absolute_personal_path_redaction_only,1
outputs/abd_eval300_formal_v1/task_artifacts/A__819c8af7-851f-434f-ab32-318285bc54b1_11_14.json,665cc34d0e8038b3d21d55e619c7009cfae539b36f0fed0ac5a79a9bf7fd862b,1586,content/abd_lineage/00_formal/raw_run/task_artifacts/A__819c8af7-851f-434f-ab32-318285bc54b1_11_14.json,8225ec2abf1efa62c89ef081da9330893d5c521c03dd7b4ecfd8778db16529a7,1488,ABD formal raw per-task/run record,absolute_personal_path_redaction_only,1
outputs/abd_eval300_formal_v1/task_artifacts/A__819c8af7-851f-434f-ab32-318285bc54b1_11_24.json,df5ba38fe738a6d72e2d8113dc4e4288636a1afe7789fb8ecd9d64df201e4eb6,1547,content/abd_lineage/00_formal/raw_run/task_artifacts/A__819c8af7-851f-434f-ab32-318285bc54b1_11_24.json,06ff195c048aa96b3bfe9b8c34bdf98cca06029e94048d95d5284d7f3a90e529,1449,ABD formal raw per-task/run record,absolute_personal_path_redaction_only,1
outputs/abd_eval300_formal_v1/task_artifacts/A__819c8af7-851f-434f-ab32-318285bc54b1_11_3.json,e859c79e0a1992e26ddd1929847afe89da5fe7e0d2df21024f454a6b8d37dd7b,1448,content/abd_lineage/00_formal/raw_run/task_artifacts/A__819c8af7-851f-434f-ab32-318285bc54b1_11_3.json,7e459fe401ac3284f702d505c45d2428dc3a73695a7d9dcbd32e8bb60853b2a9,1350,ABD formal raw per-task/run record,absolute_personal_path_redaction_only,1
outputs/abd_eval300_formal_v1/task_artifacts/A__819c8af7-851f-434f-ab32-318285bc54b1_12_7.json,108ae9365046acf1414004dd6a95da51542d1124ed3a679eefe68ea26403e4e4,1768,content/abd_lineage/00_formal/raw_run/task_artifacts/A__819c8af7-851f-434f-ab32-318285bc54b1_12_7.json,cefe93e92f40bdcdb21fca1fa5efd27b42b23f76dbed0740926616e246458d0f,1670,ABD formal raw per-task/run record,absolute_personal_path_redaction_only,1
outputs/abd_eval300_formal_v1/task_artifacts/A__819c8af7-851f-434f-ab32-318285bc54b1_17_20.json,d38be2b8b6e975077c3b441a75561d338a8b67b820cca4f5a0716fd2fb36c743,1560,content/abd_lineage/00_formal/raw_run/task_artifacts/A__819c8af7-851f-434f-ab32-318285bc54b1_17_20.json,bc30a53f86285092545aad7b21c01a8c87027fe151ded0bf6ac636b418f870a6,1462,ABD formal raw per-task/run record,absolute_personal_path_redaction_only,1
outputs/abd_eval300_formal_v1/task_artifacts/A__819c8af7-851f-434f-ab32-318285bc54b1_17_22.json,365b0111ac04d7c8f4219cf594bc9fdcd9bb8b73c37af9dab16f5855ded08644,1496,content/abd_lineage/00_formal/raw_run/task_artifacts/A__819c8af7-851f-434f-ab32-318285bc54b1_17_22.json,3ece6c3ff27dcfb5a95e416ecaa45be1829f38bd56823d4dd0bf23628fcf5063,1398,ABD formal raw per-task/run record,absolute_personal_path_redaction_only,1
outputs/abd_eval300_formal_v1/task_artifacts/A__819c8af7-851f-434f-ab32-318285bc54b1_17_26.json,e8fcbee0ca0ba8622da3da7bdd14ef573b9f441255faa15a7a98edcf1a25fea7,1609,content/abd_lineage/00_formal/raw_run/task_artifacts/A__819c8af7-851f-434f-ab32-318285bc54b1_17_26.json,de8534dc73eab98f87c0ecbeeec57ad32315afb6aab3aef03cd0f18e742a15c4,1511,ABD formal raw per-task/run record,absolute_personal_path_redaction_only,1
outputs/abd_eval300_formal_v1/task_artifacts/A__819c8af7-851f-434f-ab32-318285bc54b1_17_29.json,6d12dcba2aca0fcb2c9bc6d0887ca2c7a69e2f54c3e28e0c352a077b9c4b2b63,1530,content/abd_lineage/00_formal/raw_run/task_artifacts/A__819c8af7-851f-434f-ab32-318285bc54b1_17_29.json,f4ab3fbbad937cfb7f0e10cfd3341bb014fc15331105a9028397fbe7210d804c,1432,ABD formal raw per-task/run record,absolute_personal_path_redaction_only,1
outputs/abd_eval300_formal_v1/task_artifacts/A__819c8af7-851f-434f-ab32-318285bc54b1_18_6.json,d9ac964208ca19c3b78d3ed522c33f9dfe78dd16167c40e77a1d37be7f8e6100,1498,content/abd_lineage/00_formal/raw_run/task_artifacts/A__819c8af7-851f-434f-ab32-318285bc54b1_18_6.json,7f14320bbe51d9bae202c066405ef1bb2ed54dc0e1d86ff70e21e9b8100330ea,1400,ABD formal raw per-task/run record,absolute_personal_path_redaction_only,1
outputs/abd_eval300_formal_v1/task_artifacts/A__819c8af7-851f-434f-ab32-318285bc54b1_23_5.json,fa00f9b6dfd4ba000c6be60e9bc6687ee19864e82c723b57b9471fd75cdf1e77,1867,content/abd_lineage/00_formal/raw_run/task_artifacts/A__819c8af7-851f-434f-ab32-318285bc54b1_23_5.json,36fa33f3a75ad080c314e874780b46000c60bb9275d3f8f4d0c0694519f74474,1769,ABD formal raw per-task/run record,absolute_personal_path_redaction_only,1
outputs/abd_eval300_formal_v1/task_artifacts/A__819c8af7-851f-434f-ab32-318285bc54b1_3_12.json,1dc50ed929d040c4dc7d2e3c4b169f8c22343ea4aaaeadd89331c1671bb34251,1589,content/abd_lineage/00_formal/raw_run/task_artifacts/A__819c8af7-851f-434f-ab32-318285bc54b1_3_12.json,1be81b8fc999e0224d61fe02fdf4ed4455d035dbf245322dfe6ca45790c8d306,1491,ABD formal raw per-task/run record,absolute_personal_path_redaction_only,1
outputs/abd_eval300_formal_v1/task_artifacts/A__819c8af7-851f-434f-ab32-318285bc54b1_3_13.json,5d9cc1fef02ee238c72ef924dee57306f9bd12cc08e572b90a2fbb57bfd1f372,1654,content/abd_lineage/00_formal/raw_run/task_artifacts/A__819c8af7-851f-434f-ab32-318285bc54b1_3_13.json,38c3009a3e98bf6c65f05c231745e562e4476f94ef2d7a2ad424e2fbd311b6c7,1556,ABD formal raw per-task/run record,absolute_personal_path_redaction_only,1
outputs/abd_eval300_formal_v1/task_artifacts/A__819c8af7-851f-434f-ab32-318285bc54b1_4_10.json,bef02fb81a377de704b720499f3b013637c9a70a4193eab0e0e19e99f2f84c77,1594,content/abd_lineage/00_formal/raw_run/task_artifacts/A__819c8af7-851f-434f-ab32-318285bc54b1_4_10.json,1c31436088e364fcbbd69f014b4927e8651e18c23ce168dae48f1be2f3d2b83e,1496,ABD formal raw per-task/run record,absolute_personal_path_redaction_only,1
outputs/abd_eval300_formal_v1/task_artifacts/A__819c8af7-851f-434f-ab32-318285bc54b1_4_19.json,4c82bd599e94811891489d5f91b6a5ec5e8b9b63b2de0005876c8331dcc40270,1589,content/abd_lineage/00_formal/raw_run/task_artifacts/A__819c8af7-851f-434f-ab32-318285bc54b1_4_19.json,432293b5a391f90d9f1a627cecbaf5a42c52dd4f85c10966f3b65e0aff7b3a73,1491,ABD formal raw per-task/run record,absolute_personal_path_redaction_only,1
outputs/abd_eval300_formal_v1/task_artifacts/A__819c8af7-851f-434f-ab32-318285bc54b1_4_2.json,936686e2c9478e015baed6c81452271aef192689db5dbd6442359bee071196ab,1544,content/abd_lineage/00_formal/raw_run/task_artifacts/A__819c8af7-851f-434f-ab32-318285bc54b1_4_2.json,0e71a916296dd080d63ca469a00269d83dc02cec48ef342c8e91197a82f084d8,1446,ABD formal raw per-task/run record,absolute_personal_path_redaction_only,1
outputs/abd_eval300_formal_v1/task_artifacts/A__819c8af7-851f-434f-ab32-318285bc54b1_4_23.json,cee0cab7c59a4b35b705c97ef62767a13a82805c24fc65982c40f5b2a9771694,1531,content/abd_lineage/00_formal/raw_run/task_artifacts/A__819c8af7-851f-434f-ab32-318285bc54b1_4_23.json,a3fa8cec1b9736142b52fba9db602b3601b4cc65e013e21e36cd051df15db74a,1433,ABD formal raw per-task/run record,absolute_personal_path_redaction_only,1
outputs/abd_eval300_formal_v1/task_artifacts/A__819c8af7-851f-434f-ab32-318285bc54b1_4_30.json,387e4507fc56d59c798cf8907bb18f34decdb7f042dfaca084edcfde85308427,1637,content/abd_lineage/00_formal/raw_run/task_artifacts/A__819c8af7-851f-434f-ab32-318285bc54b1_4_30.json,6b5e3960a3eeef47fb30fa965f6750d0066a66f7c7121173040eae57eab4427f,1539,ABD formal raw per-task/run record,absolute_personal_path_redaction_only,1
outputs/abd_eval300_formal_v1/task_artifacts/A__819c8af7-851f-434f-ab32-318285bc54b1_4_4.json,bc6ac1ba2606a7b28c185ad8b93fd6a1345278cb8c046709ba03b814da5180db,1530,content/abd_lineage/00_formal/raw_run/task_artifacts/A__819c8af7-851f-434f-ab32-318285bc54b1_4_4.json,115802c88b08934450846564c9dd5f4a47a813511b90803c1ae4446582fbbb33,1432,ABD formal raw per-task/run record,absolute_personal_path_redaction_only,1
outputs/abd_eval300_formal_v1/task_artifacts/A__819c8af7-851f-434f-ab32-318285bc54b1_5_11.json,6ce716f3a54e909018c4c80074aeeb1f9768dfc133c9637f9d3d1b156e1c425c,1705,content/abd_lineage/00_formal/raw_run/task_artifacts/A__819c8af7-851f-434f-ab32-318285bc54b1_5_11.json,aa80fb682e02416bc583ede90d99e2fad5a6a4df0909d1ce53432a9bd0051eed,1607,ABD formal raw per-task/run record,absolute_personal_path_redaction_only,1
outputs/abd_eval300_formal_v1/task_artifacts/A__819c8af7-851f-434f-ab32-318285bc54b1_5_25.json,9598e1b327c4c137ab164107f630f82085941242e647e275888dde1df78c6f4f,1668,content/abd_lineage/00_formal/raw_run/task_artifacts/A__819c8af7-851f-434f-ab32-318285bc54b1_5_25.json,f4423ea2dfd89982a6d8b751d16a794777a5cd38b6cb02cfebc0078be0a9aad9,1570,ABD formal raw per-task/run record,absolute_personal_path_redaction_only,1
outputs/abd_eval300_formal_v1/task_artifacts/A__819c8af7-851f-434f-ab32-318285bc54b1_5_28.json,b3b20858a90ed35e1608807601fa71c469c126ff9905cc6e8016342b1740bdbd,1539,content/abd_lineage/00_formal/raw_run/task_artifacts/A__819c8af7-851f-434f-ab32-318285bc54b1_5_28.json,eca5945271d8d108329aa7eaad911808ec9f46535dec6925bcfe50b7c74862b3,1441,ABD formal raw per-task/run record,absolute_personal_path_redaction_only,1
outputs/abd_eval300_formal_v1/task_artifacts/A__819c8af7-851f-434f-ab32-318285bc54b1_7_17.json,7029229e9a6bbd1d2a8e90b58ff0ba7f86773ac91c420a54d08b741750c86710,1671,content/abd_lineage/00_formal/raw_run/task_artifacts/A__819c8af7-851f-434f-ab32-318285bc54b1_7_17.json,50b326c6a30066c6552ef6104cc5d83961fad47b24b8941323520ca702046c14,1573,ABD formal raw per-task/run record,absolute_personal_path_redaction_only,1
outputs/abd_eval300_formal_v1/task_artifacts/A__819c8af7-851f-434f-ab32-318285bc54b1_7_21.json,d7b7dffa2156c2db7d0386c5f0526ef1811ce9de95bd356db29532cfe5d263d9,1571,content/abd_lineage/00_formal/raw_run/task_artifacts/A__819c8af7-851f-434f-ab32-318285bc54b1_7_21.json,b03aefd939b3a55311ae2b32786ef7f9b7eaf54f3a874c6b85a6deb602352f7b,1473,ABD formal raw per-task/run record,absolute_personal_path_redaction_only,1
outputs/abd_eval300_formal_v1/task_artifacts/A__819c8af7-851f-434f-ab32-318285bc54b1_8_1.json,31c685a3b79b55d07d8cf41fb5287f9ebedaa5fd75f5dd6c81801c3d5baf39e0,1611,content/abd_lineage/00_formal/raw_run/task_artifacts/A__819c8af7-851f-434f-ab32-318285bc54b1_8_1.json,dbadd8b963bbe2e97f2afb5e43671a256400209ec066048f268a45a65c65cccd,1513,ABD formal raw per-task/run record,absolute_personal_path_redaction_only,1
outputs/abd_eval300_formal_v1/task_artifacts/A__819c8af7-851f-434f-ab32-318285bc54b1_8_27.json,be2c3319ba4fe6e7c894faf346e4bf95cd17d74f50ccde0fbbd75f39775d4ab3,2518,content/abd_lineage/00_formal/raw_run/task_artifacts/A__819c8af7-851f-434f-ab32-318285bc54b1_8_27.json,74d102f919a8b2fb9959bcf6253ed8eabed50d0c085c51b4482a96c58e8141dc,2420,ABD formal raw per-task/run record,absolute_personal_path_redaction_only,1
outputs/abd_eval300_formal_v1/task_artifacts/A__a6d45e95-8dc0-4932-83bf-ec53e265a16a_11_14.json,3c4305eda85039e02b61ce9bca0a6ace14ba1f27d84117eb2bc797bb2b6836aa,1887,content/abd_lineage/00_formal/raw_run/task_artifacts/A__a6d45e95-8dc0-4932-83bf-ec53e265a16a_11_14.json,e5bf418eb7668541f1403132352f29fd1330e4685785d3d6a053d957902ff6c0,1789,ABD formal raw per-task/run record,absolute_personal_path_redaction_only,1
outputs/abd_eval300_formal_v1/task_artifacts/A__a6d45e95-8dc0-4932-83bf-ec53e265a16a_11_15.json,76d74b18ebe8507955e121673bc47b55178058b0a32d88d3992ba1855b2aebb9,1562,content/abd_lineage/00_formal/raw_run/task_artifacts/A__a6d45e95-8dc0-4932-83bf-ec53e265a16a_11_15.json,6350e5f8e1afbff2f1cc41c41f5e0761721defd948d61791e17416ccbd71fe11,1464,ABD formal raw per-task/run record,absolute_personal_path_redaction_only,1
outputs/abd_eval300_formal_v1/task_artifacts/A__a6d45e95-8dc0-4932-83bf-ec53e265a16a_11_28.json,8513d6ac6f45aff260273e2ee8118f50ac70f000c06b3c0b1c1a23aba514678f,1520,content/abd_lineage/00_formal/raw_run/task_artifacts/A__a6d45e95-8dc0-4932-83bf-ec53e265a16a_11_28.json,ee0bf659fc495b98f16491c4b402c603c16a766eec733dbf677c888bd0fe7275,1422,ABD formal raw per-task/run record,absolute_personal_path_redaction_only,1
outputs/abd_eval300_formal_v1/task_artifacts/A__a6d45e95-8dc0-4932-83bf-ec53e265a16a_12_4.json,734d6c7092657af2ee755d9fdef3a396a3da0c60ca3964618e66cc5d48b7150c,1911,content/abd_lineage/00_formal/raw_run/task_artifacts/A__a6d45e95-8dc0-4932-83bf-ec53e265a16a_12_4.json,b058bb522fa8953189c791487c51e43be7acc49d06ba62b257043062e1dc9b3e,1813,ABD formal raw per-task/run record,absolute_personal_path_redaction_only,1
outputs/abd_eval300_formal_v1/task_artifacts/A__a6d45e95-8dc0-4932-83bf-ec53e265a16a_17_10.json,b7da463cedae469a81d433c04cedc461e251233bb9f05348d2dcd80bd69ebb57,1485,content/abd_lineage/00_formal/raw_run/task_artifacts/A__a6d45e95-8dc0-4932-83bf-ec53e265a16a_17_10.json,9dd79d6535e8204d07e5c61f01f0d2289f8785a73b8acbb9d333f281abc12201,1387,ABD formal raw per-task/run record,absolute_personal_path_redaction_only,1
outputs/abd_eval300_formal_v1/task_artifacts/A__a6d45e95-8dc0-4932-83bf-ec53e265a16a_17_11.json,73499406397721a4497a510f7e108f309f510711128145698868dbb24b4d660c,1670,content/abd_lineage/00_formal/raw_run/task_artifacts/A__a6d45e95-8dc0-4932-83bf-ec53e265a16a_17_11.json,1a85499c43bfb465ab3ce1cb819288b9a5ad38336dbf6e5b514085e07ecaa229,1572,ABD formal raw per-task/run record,absolute_personal_path_redaction_only,1
outputs/abd_eval300_formal_v1/task_artifacts/A__a6d45e95-8dc0-4932-83bf-ec53e265a16a_17_12.json,c153dd5238d30893e2c9f4983eab4bdd7f35b3b6cc5f62f04327f765ddaa34db,1511,content/abd_lineage/00_formal/raw_run/task_artifacts/A__a6d45e95-8dc0-4932-83bf-ec53e265a16a_17_12.json,4411edb3464c21163debda0d1479ee3b214a59af777cd04beb602ef41f0adb7c,1413,ABD formal raw per-task/run record,absolute_personal_path_redaction_only,1
outputs/abd_eval300_formal_v1/task_artifacts/A__a6d45e95-8dc0-4932-83bf-ec53e265a16a_17_2.json,51bffba0a4da5a55001601872e17b5f362961c2ec1b77979068ec7231e57bc87,1488,content/abd_lineage/00_formal/raw_run/task_artifacts/A__a6d45e95-8dc0-4932-83bf-ec53e265a16a_17_2.json,2daecb406b110a2dd558ade43e5134000cb381da9c2d1b22e0941c34c3f23be1,1390,ABD formal raw per-task/run record,absolute_personal_path_redaction_only,1
outputs/abd_eval300_formal_v1/task_artifacts/A__a6d45e95-8dc0-4932-83bf-ec53e265a16a_17_21.json,8d3e398bb40e605fb771e13ad0c1a5b39c39714a6e8a902d1f83fd36043c6b39,1609,content/abd_lineage/00_formal/raw_run/task_artifacts/A__a6d45e95-8dc0-4932-83bf-ec53e265a16a_17_21.json,9159495d23f43c11f21d98a49192bebcc71a31a7ed1b6f8c09ce13841d3bd6b3,1511,ABD formal raw per-task/run record,absolute_personal_path_redaction_only,1
outputs/abd_eval300_formal_v1/task_artifacts/A__a6d45e95-8dc0-4932-83bf-ec53e265a16a_17_25.json,bd62fd1deb00f6db1c9420e24f96db571f772eeeff718692b17581200e0704af,1705,content/abd_lineage/00_formal/raw_run/task_artifacts/A__a6d45e95-8dc0-4932-83bf-ec53e265a16a_17_25.json,c6ada7f91f5cb0b3c60c09896cbf894485b38f1e7f4c00fa3cc5773b9fc9d281,1607,ABD formal raw per-task/run record,absolute_personal_path_redaction_only,1
outputs/abd_eval300_formal_v1/task_artifacts/A__a6d45e95-8dc0-4932-83bf-ec53e265a16a_17_3.json,d1ca89cfb8fabf0c0a273dedc136dd0d6f48aabab4cee2ff9614329756f5b492,1725,content/abd_lineage/00_formal/raw_run/task_artifacts/A__a6d45e95-8dc0-4932-83bf-ec53e265a16a_17_3.json,0835d7e8a24dc1a3e482026ac5ed3d78c2200bca1c5b6f751471015db0cc0d52,1627,ABD formal raw per-task/run record,absolute_personal_path_redaction_only,1
outputs/abd_eval300_formal_v1/task_artifacts/A__a6d45e95-8dc0-4932-83bf-ec53e265a16a_18_5.json,56456990deae8da048b834f078f61ec8bb45ee439e3e514b27cee37a914d85ea,1523,content/abd_lineage/00_formal/raw_run/task_artifacts/A__a6d45e95-8dc0-4932-83bf-ec53e265a16a_18_5.json,e7bd46b806ab502c600023b8d262a56640d34c31a32042b62a8e12eb4034910c,1425,ABD formal raw per-task/run record,absolute_personal_path_redaction_only,1
outputs/abd_eval300_formal_v1/task_artifacts/A__a6d45e95-8dc0-4932-83bf-ec53e265a16a_4_23.json,c19a4d8e620a8d279fdf3c7d37b76af1b7b0a35ceaf8c11e67acc46393c79114,1670,content/abd_lineage/00_formal/raw_run/task_artifacts/A__a6d45e95-8dc0-4932-83bf-ec53e265a16a_4_23.json,78f590f581f266eddcfde78db91f2b3851f887f2952b2755ed752af9bf8e8c34,1572,ABD formal raw per-task/run record,absolute_personal_path_redaction_only,1
outputs/abd_eval300_formal_v1/task_artifacts/A__a6d45e95-8dc0-4932-83bf-ec53e265a16a_4_6.json,efae80b82637f97bea50a205ecc7548f33f327664531786a7004ad2702c85510,1661,content/abd_lineage/00_formal/raw_run/task_artifacts/A__a6d45e95-8dc0-4932-83bf-ec53e265a16a_4_6.json,54080f35adc897b00043c3945b40c624664badff4efa55db32318aee088658e7,1563,ABD formal raw per-task/run record,absolute_personal_path_redaction_only,1
outputs/abd_eval300_formal_v1/task_artifacts/A__a6d45e95-8dc0-4932-83bf-ec53e265a16a_4_9.json,b12214ed0e5d5db757837b1042f4f731b12c7e933c4287695d89a64e244616a4,1482,content/abd_lineage/00_formal/raw_run/task_artifacts/A__a6d45e95-8dc0-4932-83bf-ec53e265a16a_4_9.json,78bca8ca5bc29d2c7b35fd7e670110604ae3fda2a4570bba2c5e6db28da3e069,1384,ABD formal raw per-task/run record,absolute_personal_path_redaction_only,1
outputs/abd_eval300_formal_v1/task_artifacts/A__a6d45e95-8dc0-4932-83bf-ec53e265a16a_5_26.json,2a162ce00fc02a9db7731952aaf7ad95e43c53f12ef30e88f1dd1c5584ea289e,1625,content/abd_lineage/00_formal/raw_run/task_artifacts/A__a6d45e95-8dc0-4932-83bf-ec53e265a16a_5_26.json,7ef575a2c6f154ca02d18f9e8c1f2988ad4d7c33c3de5d15ce03b0c0eec98b7b,1527,ABD formal raw per-task/run record,absolute_personal_path_redaction_only,1
outputs/abd_eval300_formal_v1/task_artifacts/A__a6d45e95-8dc0-4932-83bf-ec53e265a16a_6_24.json,2df80a2745207af028818742d3d1ce2d1c5757ee95b5ea5e28dbbcf77ea9dd88,1499,content/abd_lineage/00_formal/raw_run/task_artifacts/A__a6d45e95-8dc0-4932-83bf-ec53e265a16a_6_24.json,57329675289f494cf7deef3ba1106e643ab602acfb7e7eef86704695c92303a9,1401,ABD formal raw per-task/run record,absolute_personal_path_redaction_only,1
outputs/abd_eval300_formal_v1/task_artifacts/A__a6d45e95-8dc0-4932-83bf-ec53e265a16a_7_16.json,75c6f784affea7fec2ab8bb3c62dd77e3aff5398cdd949bb97954555eedd973f,1584,content/abd_lineage/00_formal/raw_run/task_artifacts/A__a6d45e95-8dc0-4932-83bf-ec53e265a16a_7_16.json,4b9c2b7ae59c217ceba7b032e77c27dd3fc207b988eecb8364fb35fba07dab9d,1486,ABD formal raw per-task/run record,absolute_personal_path_redaction_only,1
outputs/abd_eval300_formal_v1/task_artifacts/A__a6d45e95-8dc0-4932-83bf-ec53e265a16a_7_19.json,487ce3f35591649182348ab90dd31cd3529e8f43af277209af65cbc470a1ce32,1542,content/abd_lineage/00_formal/raw_run/task_artifacts/A__a6d45e95-8dc0-4932-83bf-ec53e265a16a_7_19.json,84ded46ee99bf0946008285c22a426f1d67e7426dc59221d776e42de71c7324b,1444,ABD formal raw per-task/run record,absolute_personal_path_redaction_only,1
outputs/abd_eval300_formal_v1/task_artifacts/A__a6d45e95-8dc0-4932-83bf-ec53e265a16a_7_20.json,e837009942a9b32179cafbef3a65b71a3ef4fb0f029b52a89ecae41006d8317a,1607,content/abd_lineage/00_formal/raw_run/task_artifacts/A__a6d45e95-8dc0-4932-83bf-ec53e265a16a_7_20.json,68ae529aedf90e2785ee13281b63f97aa220f5d224ffc0534a811147cf5401a2,1509,ABD formal raw per-task/run record,absolute_personal_path_redaction_only,1
outputs/abd_eval300_formal_v1/task_artifacts/A__a6d45e95-8dc0-4932-83bf-ec53e265a16a_7_7.json,e6effc469ec70213cae79ce5997bdc2eda6d8dbc0215ff3a1147ef623dd619f3,1491,content/abd_lineage/00_formal/raw_run/task_artifacts/A__a6d45e95-8dc0-4932-83bf-ec53e265a16a_7_7.json,5306aed0629ea754bb613a89cf2a8f784bbaf703fcf1adbb5c0b44125e42cc2a,1393,ABD formal raw per-task/run record,absolute_personal_path_redaction_only,1
outputs/abd_eval300_formal_v1/task_artifacts/A__a6d45e95-8dc0-4932-83bf-ec53e265a16a_8_1.json,185b3fe7b310345cf60fd9386fbda6f8c2de8ddb0df7a42c5bd9b55af393d21e,1890,content/abd_lineage/00_formal/raw_run/task_artifacts/A__a6d45e95-8dc0-4932-83bf-ec53e265a16a_8_1.json,a0a4c69cdb9be76759397af22edb6c7c4795a8c9ffe0aad8d5bd2c2466adc391,1792,ABD formal raw per-task/run record,absolute_personal_path_redaction_only,1
outputs/abd_eval300_formal_v1/task_artifacts/A__a6d45e95-8dc0-4932-83bf-ec53e265a16a_8_18.json,21e33d4a16b5466ff069008c53177d8c15bc2d3bcd8a6b6d2448e0efb4b3e4ef,1540,content/abd_lineage/00_formal/raw_run/task_artifacts/A__a6d45e95-8dc0-4932-83bf-ec53e265a16a_8_18.json,ba800bc31f6885ee07b9a47e4159598066cc85bd2c7ddefbd5271e88386e0bb1,1442,ABD formal raw per-task/run record,absolute_personal_path_redaction_only,1
outputs/abd_eval300_formal_v1/task_artifacts/A__a6d45e95-8dc0-4932-83bf-ec53e265a16a_8_22.json,6d8775ff0b09b4e850bd3a870a5848e1929ddcab037f7fee8ee18c3a4a5fd685,1465,content/abd_lineage/00_formal/raw_run/task_artifacts/A__a6d45e95-8dc0-4932-83bf-ec53e265a16a_8_22.json,b9415e8bdc58b6a420d948d2038d7dfcf5b720f563747660591dee444e2ad2fa,1367,ABD formal raw per-task/run record,absolute_personal_path_redaction_only,1
outputs/abd_eval300_formal_v1/task_artifacts/A__a6d45e95-8dc0-4932-83bf-ec53e265a16a_8_27.json,c4ce75e0b30c3720475634be0f5fb2c49e08ed23307b70d3632c8b97a50b2eab,1495,content/abd_lineage/00_formal/raw_run/task_artifacts/A__a6d45e95-8dc0-4932-83bf-ec53e265a16a_8_27.json,f664fc3de02cf75b05a8e7e38c88f577031b04cdd3099a90f3b2a76de48c5bf8,1397,ABD formal raw per-task/run record,absolute_personal_path_redaction_only,1
outputs/abd_eval300_formal_v1/task_artifacts/A__d3a0899e-2093-454c-9f65-30087883193a_11_17.json,93dc976836078b9bee2f963ef581cb31c42761f0453b8411f42026ebf28cf8d1,1543,content/abd_lineage/00_formal/raw_run/task_artifacts/A__d3a0899e-2093-454c-9f65-30087883193a_11_17.json,c167dd5b27692b8a20497e25808612350d0d20d01cb8b8d5c27bb639d3c9dfe7,1445,ABD formal raw per-task/run record,absolute_personal_path_redaction_only,1
outputs/abd_eval300_formal_v1/task_artifacts/A__d3a0899e-2093-454c-9f65-30087883193a_12_22.json,ca64093ceac750213282a55a728da23f8c356035a5ec3ce4c46591643c1d0cf7,1524,content/abd_lineage/00_formal/raw_run/task_artifacts/A__d3a0899e-2093-454c-9f65-30087883193a_12_22.json,3c25d838742fa205c1e9ced48e8abbeee9ee65f078d7cda750007b6d9422db43,1426,ABD formal raw per-task/run record,absolute_personal_path_redaction_only,1
outputs/abd_eval300_formal_v1/task_artifacts/A__d3a0899e-2093-454c-9f65-30087883193a_17_13.json,45a27e8f7ab6a6b69efb497747e45ed400ec4d54650c9967ec3843b5a99e8a16,1569,content/abd_lineage/00_formal/raw_run/task_artifacts/A__d3a0899e-2093-454c-9f65-30087883193a_17_13.json,a08a6053babfa522a1eceff7e125aac0d46db8927b2d0cf94c6b906a6b607622,1471,ABD formal raw per-task/run record,absolute_personal_path_redaction_only,1
outputs/abd_eval300_formal_v1/task_artifacts/A__d3a0899e-2093-454c-9f65-30087883193a_17_19.json,e2e39b58dcd945992f7d374a6d42cb0fd3928d672a1c4ff81c27a3071b1541ea,1475,content/abd_lineage/00_formal/raw_run/task_artifacts/A__d3a0899e-2093-454c-9f65-30087883193a_17_19.json,8833a4a93d456e01b0743660ce24c9ccffdf22236748dfc0bb79eaeb76916f12,1377,ABD formal raw per-task/run record,absolute_personal_path_redaction_only,1
outputs/abd_eval300_formal_v1/task_artifacts/A__d3a0899e-2093-454c-9f65-30087883193a_17_2.json,79562da1faa0d66b2d0882fd5e85af8a2de423c35e698382b8916d28c3ed7cf2,1565,content/abd_lineage/00_formal/raw_run/task_artifacts/A__d3a0899e-2093-454c-9f65-30087883193a_17_2.json,09d61c85a379bf6f37f23e8a8224ae02fc39a55c419634079016efa294435ec9,1467,ABD formal raw per-task/run record,absolute_personal_path_redaction_only,1
outputs/abd_eval300_formal_v1/task_artifacts/A__d3a0899e-2093-454c-9f65-30087883193a_17_20.json,b43c5a876adfa0a8f703a26fc4d420f75f93693bfebd40b66235b9491ee5e2da,1676,content/abd_lineage/00_formal/raw_run/task_artifacts/A__d3a0899e-2093-454c-9f65-30087883193a_17_20.json,148da2b8ad7a1198938270f3af8b39f5b8a74d053538b48c1391801bfd0f3d83,1578,ABD formal raw per-task/run record,absolute_personal_path_redaction_only,1
outputs/abd_eval300_formal_v1/task_artifacts/A__d3a0899e-2093-454c-9f65-30087883193a_17_28.json,43b6093c11cd9fa68926368065b1f8fb8a777b6a1b88315a310451fb853343be,1611,content/abd_lineage/00_formal/raw_run/task_artifacts/A__d3a0899e-2093-454c-9f65-30087883193a_17_28.json,16cc7ba7a007802bd9d0eed667277dea716b209b885ca458f337e3e79a90662a,1513,ABD formal raw per-task/run record,absolute_personal_path_redaction_only,1
outputs/abd_eval300_formal_v1/task_artifacts/A__d3a0899e-2093-454c-9f65-30087883193a_17_35.json,48d15d0449db60b3f9ebc7702c46f1bf2c0e284b4d04ab1f79e59819ba5d017c,1588,content/abd_lineage/00_formal/raw_run/task_artifacts/A__d3a0899e-2093-454c-9f65-30087883193a_17_35.json,eae7743da872b1712bea220fb450a4ca690508a3fb85e9b8e2d546c5fe00ebb6,1490,ABD formal raw per-task/run record,absolute_personal_path_redaction_only,1
outputs/abd_eval300_formal_v1/task_artifacts/A__d3a0899e-2093-454c-9f65-30087883193a_17_8.json,37a9433c39a766c5d5d18fbe88d3ab49f60fd7d85fe299b3d5478f87918be919,1625,content/abd_lineage/00_formal/raw_run/task_artifacts/A__d3a0899e-2093-454c-9f65-30087883193a_17_8.json,2c7ad71a22a2117f22778d6cfa20a1a953aac93427fbc7f4a85e3b6fd521a802,1527,ABD formal raw per-task/run record,absolute_personal_path_redaction_only,1
outputs/abd_eval300_formal_v1/task_artifacts/A__d3a0899e-2093-454c-9f65-30087883193a_1_1.json,43876d653b8c7ac208c7d23508d8f697158d49467b17dd7e2f3783d576961feb,1634,content/abd_lineage/00_formal/raw_run/task_artifacts/A__d3a0899e-2093-454c-9f65-30087883193a_1_1.json,b3a1f0912cb294a66eb8b1b8a4b4121aad64803f503003b7c2a093d1ef3e1ed7,1536,ABD formal raw per-task/run record,absolute_personal_path_redaction_only,1
outputs/abd_eval300_formal_v1/task_artifacts/A__d3a0899e-2093-454c-9f65-30087883193a_22_14.json,62741a4f05fbf5f9e90aa13c84072949e0d0d1e2a9663ce74cbd6147106c33dd,1615,content/abd_lineage/00_formal/raw_run/task_artifacts/A__d3a0899e-2093-454c-9f65-30087883193a_22_14.json,0143325a42419cce5a14888df54658d552c4a08bed2743bf319948593b3f6198,1517,ABD formal raw per-task/run record,absolute_personal_path_redaction_only,1
outputs/abd_eval300_formal_v1/task_artifacts/A__d3a0899e-2093-454c-9f65-30087883193a_22_32.json,1cac656ac80548931be6a49739d37512b412b71af1c6de17cc3beaf1a7f64b1c,1510,content/abd_lineage/00_formal/raw_run/task_artifacts/A__d3a0899e-2093-454c-9f65-30087883193a_22_32.json,7a7419baec59b46b14fb2fbfdd6562610690be2ed1f11f27dd719fd3be0273e7,1412,ABD formal raw per-task/run record,absolute_personal_path_redaction_only,1
outputs/abd_eval300_formal_v1/task_artifacts/A__d3a0899e-2093-454c-9f65-30087883193a_2_1.json,60717b85286167b34b110e85ce22cedb38c19e3d6b1b41b3cfddb3d517a15209,1542,content/abd_lineage/00_formal/raw_run/task_artifacts/A__d3a0899e-2093-454c-9f65-30087883193a_2_1.json,d93d93827beb0efb9f0e7bda77d2a5c51f1ae3f4e7a92a0ba7c04035a237ff2f,1444,ABD formal raw per-task/run record,absolute_personal_path_redaction_only,1
outputs/abd_eval300_formal_v1/task_artifacts/A__d3a0899e-2093-454c-9f65-30087883193a_4_10.json,74da2b28f0ecc825d33c4bd10e27b2dcb6bf6952f4759cd4e8d3895f9cb625a0,1625,content/abd_lineage/00_formal/raw_run/task_artifacts/A__d3a0899e-2093-454c-9f65-30087883193a_4_10.json,b1b35ae97a24e6aed6f185d3b1f867ea0805c0f2c473f9362c79e124dc0d646f,1527,ABD formal raw per-task/run record,absolute_personal_path_redaction_only,1
outputs/abd_eval300_formal_v1/task_artifacts/A__d3a0899e-2093-454c-9f65-30087883193a_4_33.json,1cd316500084a15fd0ce25e61ee1e276a7237e987880ff08a20ebf978dedc335,1626,content/abd_lineage/00_formal/raw_run/task_artifacts/A__d3a0899e-2093-454c-9f65-30087883193a_4_33.json,f258f845a5fd79a917bc8d9cf36c13a0328991d05ec54097dbad814c024c03de,1528,ABD formal raw per-task/run record,absolute_personal_path_redaction_only,1
outputs/abd_eval300_formal_v1/task_artifacts/A__d3a0899e-2093-454c-9f65-30087883193a_4_7.json,3934b10c2bd61dbdfc71c580257b5f3bebd787aa89f6b6a003b78e0a13ae43d1,1534,content/abd_lineage/00_formal/raw_run/task_artifacts/A__d3a0899e-2093-454c-9f65-30087883193a_4_7.json,cc15f426a7eb65c4c1ac93c6a0f7278be070acff9661085e2b9ccb187feeaa6b,1436,ABD formal raw per-task/run record,absolute_personal_path_redaction_only,1
outputs/abd_eval300_formal_v1/task_artifacts/A__d3a0899e-2093-454c-9f65-30087883193a_5_24.json,cafe2b444cc0c68ef525341e155ae2fe20458744727e7616c542f62a30025498,1559,content/abd_lineage/00_formal/raw_run/task_artifacts/A__d3a0899e-2093-454c-9f65-30087883193a_5_24.json,5e04fb7012239f582d38c3ff496977c155afeda0e9e6fa05eba773fb98e7d1ff,1461,ABD formal raw per-task/run record,absolute_personal_path_redaction_only,1
outputs/abd_eval300_formal_v1/task_artifacts/A__d3a0899e-2093-454c-9f65-30087883193a_7_11.json,8bbc686596ecbb75698b453dea4beab514ed32d4132a777a902c0f7f60f59dd2,1667,content/abd_lineage/00_formal/raw_run/task_artifacts/A__d3a0899e-2093-454c-9f65-30087883193a_7_11.json,a489e911a0447ac120a30831564ef22f85cbfd1f955cca0abc66f4a2cf77ab24,1569,ABD formal raw per-task/run record,absolute_personal_path_redaction_only,1
outputs/abd_eval300_formal_v1/task_artifacts/A__d3a0899e-2093-454c-9f65-30087883193a_7_26.json,c526b296fbd2da639ab0907575face5d5396ca4db905460151f60ec2bbfbb290,1664,content/abd_lineage/00_formal/raw_run/task_artifacts/A__d3a0899e-2093-454c-9f65-30087883193a_7_26.json,86ab0022e9e46a5a6f3cfcb2b9327c28d0f6b71de07fb0fa735ea77091c1508c,1566,ABD formal raw per-task/run record,absolute_personal_path_redaction_only,1
outputs/abd_eval300_formal_v1/task_artifacts/A__d3a0899e-2093-454c-9f65-30087883193a_7_29.json,73dd12b7354b58434338a6861f2af822ba28a18195e0ba93f6df77d7f3b8fc28,1588,content/abd_lineage/00_formal/raw_run/task_artifacts/A__d3a0899e-2093-454c-9f65-30087883193a_7_29.json,75d956347753310b85ef69b4f8f1e3dffc9b6407c5512700d595f817e49e076c,1490,ABD formal raw per-task/run record,absolute_personal_path_redaction_only,1
outputs/abd_eval300_formal_v1/task_artifacts/A__d3a0899e-2093-454c-9f65-30087883193a_7_9.json,8f55cd99a2d6513e4813b6aeb326a6e708887458e228ebc038f534f4fcf797b1,1631,content/abd_lineage/00_formal/raw_run/task_artifacts/A__d3a0899e-2093-454c-9f65-30087883193a_7_9.json,2af764d28161448f587682678f4f63c73fbc99d55a8b32bd1054bbf0b479456a,1533,ABD formal raw per-task/run record,absolute_personal_path_redaction_only,1
outputs/abd_eval300_formal_v1/task_artifacts/A__d3a0899e-2093-454c-9f65-30087883193a_8_16.json,70ca578656d9a012ac737ff8fad5fbbc05e1ea1ef6e182dfb7ba60c03721d179,1563,content/abd_lineage/00_formal/raw_run/task_artifacts/A__d3a0899e-2093-454c-9f65-30087883193a_8_16.json,d71a3a4fce0ec4e224bd34231ac27bb34572bde3bd5644ff4d3a7526173f7938,1465,ABD formal raw per-task/run record,absolute_personal_path_redaction_only,1
outputs/abd_eval300_formal_v1/task_artifacts/A__d3a0899e-2093-454c-9f65-30087883193a_8_21.json,889911aedf6c809f3683bec039773eb3f8157f41eb0f8430d54395bbab427a42,1463,content/abd_lineage/00_formal/raw_run/task_artifacts/A__d3a0899e-2093-454c-9f65-30087883193a_8_21.json,e9f9bdb6eea87a16f1f5a702add0e2586d09e45ef858a45aa0d105e715b98a3e,1365,ABD formal raw per-task/run record,absolute_personal_path_redaction_only,1
outputs/abd_eval300_formal_v1/task_artifacts/A__d3a0899e-2093-454c-9f65-30087883193a_8_3.json,fa50c53862fdba8f90c1fab12e3a9b9cd23ebaa9b21fbbb805c33affdd8949ff,1594,content/abd_lineage/00_formal/raw_run/task_artifacts/A__d3a0899e-2093-454c-9f65-30087883193a_8_3.json,ff6a2f78ea0826af651e0bfc50fbb8a5a9eb5b7375f09db6b63a8f9824d89176,1496,ABD formal raw per-task/run record,absolute_personal_path_redaction_only,1
outputs/abd_eval300_formal_v1/task_artifacts/A__d3a0899e-2093-454c-9f65-30087883193a_8_36.json,9e5cefdcbfcc4c3ef90c94471ef00e4d2e9bbe7ae031456c6e9528659d7422f8,1568,content/abd_lineage/00_formal/raw_run/task_artifacts/A__d3a0899e-2093-454c-9f65-30087883193a_8_36.json,e170b4488834477da66a403fce1a9815803de4010e8d554bbf3c0a1f7ab28b14,1470,ABD formal raw per-task/run record,absolute_personal_path_redaction_only,1
outputs/abd_eval300_formal_v1/task_artifacts/A__db3f7933-dfa0-4678-9d4f-393b628ded45_11_2.json,cdd4051db6b39d0305f12b8d1b6214015787a7ec3bf647940a3854cb8d641103,1512,content/abd_lineage/00_formal/raw_run/task_artifacts/A__db3f7933-dfa0-4678-9d4f-393b628ded45_11_2.json,44be6a1a4d0af8f666af3fa5f9929c9eb35ad973ce52992663f07d544a259853,1414,ABD formal raw per-task/run record,absolute_personal_path_redaction_only,1
outputs/abd_eval300_formal_v1/task_artifacts/A__db3f7933-dfa0-4678-9d4f-393b628ded45_12_15.json,05a2ec0183f8c0ea119427fdaa7a3b5feae3a3536386f5bb817dc11660f4e64d,1550,content/abd_lineage/00_formal/raw_run/task_artifacts/A__db3f7933-dfa0-4678-9d4f-393b628ded45_12_15.json,0035363aebb3fc2a80e4d7f6aecce9ddba09d79a325555dcb37222301a3b7749,1452,ABD formal raw per-task/run record,absolute_personal_path_redaction_only,1
outputs/abd_eval300_formal_v1/task_artifacts/A__db3f7933-dfa0-4678-9d4f-393b628ded45_17_1.json,5f5411ba40ca1057d4d8ffd56ca9e67650a870d8205b0a9eafef4a38e5e719d1,1493,content/abd_lineage/00_formal/raw_run/task_artifacts/A__db3f7933-dfa0-4678-9d4f-393b628ded45_17_1.json,f815bc05a7d0a136d2dc335907e52f1377af49a6f2564b26c6f16911dda9af98,1395,ABD formal raw per-task/run record,absolute_personal_path_redaction_only,1
outputs/abd_eval300_formal_v1/task_artifacts/A__db3f7933-dfa0-4678-9d4f-393b628ded45_17_11.json,81c647414a14f703636155a1e773d9ef10be43e00b102cc3cf596f1714e08e68,1669,content/abd_lineage/00_formal/raw_run/task_artifacts/A__db3f7933-dfa0-4678-9d4f-393b628ded45_17_11.json,5304b83352ff2a1c5f6056b85439028492e3ca6b613f65e7ebd57161d671838f,1571,ABD formal raw per-task/run record,absolute_personal_path_redaction_only,1
outputs/abd_eval300_formal_v1/task_artifacts/A__db3f7933-dfa0-4678-9d4f-393b628ded45_17_13.json,e2f44b39f9036fd750071ab0cdba1b62c01568a34327f5e0af269b90bb8eb427,1497,content/abd_lineage/00_formal/raw_run/task_artifacts/A__db3f7933-dfa0-4678-9d4f-393b628ded45_17_13.json,0c1ec8ad93f710ac0cd3402ae305d0d3466293e51f3aac1803267b4df1842462,1399,ABD formal raw per-task/run record,absolute_personal_path_redaction_only,1
outputs/abd_eval300_formal_v1/task_artifacts/A__db3f7933-dfa0-4678-9d4f-393b628ded45_17_29.json,a682238a2b959ae3c6f78b16961040584776fb2ca5724171f2fa2f42de6074a2,1569,content/abd_lineage/00_formal/raw_run/task_artifacts/A__db3f7933-dfa0-4678-9d4f-393b628ded45_17_29.json,bef4b3c6da547dbc9e11ccfc44d0d7b9bb157675e2d006ac9259f217751f5e8e,1471,ABD formal raw per-task/run record,absolute_personal_path_redaction_only,1
outputs/abd_eval300_formal_v1/task_artifacts/A__db3f7933-dfa0-4678-9d4f-393b628ded45_20_1.json,4f11949d7488ef560efb00607d089a5968b1069200860991ec8ba1f4ec5b7b8f,1509,content/abd_lineage/00_formal/raw_run/task_artifacts/A__db3f7933-dfa0-4678-9d4f-393b628ded45_20_1.json,dcbd6fddb804d1945d4336cfba6d3a02a98d434335ba17171ddb9406e7a7758f,1411,ABD formal raw per-task/run record,absolute_personal_path_redaction_only,1
outputs/abd_eval300_formal_v1/task_artifacts/A__db3f7933-dfa0-4678-9d4f-393b628ded45_21_27.json,a603d27a7377e5d6cdca80707faa66776df9dac63b8a14ad232af759a054fd02,1646,content/abd_lineage/00_formal/raw_run/task_artifacts/A__db3f7933-dfa0-4678-9d4f-393b628ded45_21_27.json,6a49878653d1902f36c68dab15f297d566c085f85630f98abca663f5ad78faed,1548,ABD formal raw per-task/run record,absolute_personal_path_redaction_only,1
outputs/abd_eval300_formal_v1/task_artifacts/A__db3f7933-dfa0-4678-9d4f-393b628ded45_22_12.json,46277d3f653a4e40c5362953b11a6f28c81d12c76a47101c9b3a1fba39f5f621,1697,content/abd_lineage/00_formal/raw_run/task_artifacts/A__db3f7933-dfa0-4678-9d4f-393b628ded45_22_12.json,e576dd2dd8c7f8878229790157d052c1760f9493efd137dc0a83ff190b6e0732,1599,ABD formal raw per-task/run record,absolute_personal_path_redaction_only,1
outputs/abd_eval300_formal_v1/task_artifacts/A__db3f7933-dfa0-4678-9d4f-393b628ded45_22_24.json,34e4586976150bc7c8669e89e7f6e6922e6d3b6abc93d0f1cd3c2ba45e9d203c,1598,content/abd_lineage/00_formal/raw_run/task_artifacts/A__db3f7933-dfa0-4678-9d4f-393b628ded45_22_24.json,0614a0456d300f6d8b033e49da83178edbb13dcb7597dcb7588f04d3eb9411a4,1500,ABD formal raw per-task/run record,absolute_personal_path_redaction_only,1
outputs/abd_eval300_formal_v1/task_artifacts/A__db3f7933-dfa0-4678-9d4f-393b628ded45_22_5.json,e163506039db8b55ba31d5ea2e0d339af5a98c7206251fb38e2367dfd7f90771,1674,content/abd_lineage/00_formal/raw_run/task_artifacts/A__db3f7933-dfa0-4678-9d4f-393b628ded45_22_5.json,ab761d8d16bc60500590d75b61c202c127a0c4ec3bbc6045277d427695db9396,1576,ABD formal raw per-task/run record,absolute_personal_path_redaction_only,1
outputs/abd_eval300_formal_v1/task_artifacts/A__db3f7933-dfa0-4678-9d4f-393b628ded45_2_1.json,f4a37b4416145e5548ebbe38a9ab1782d7f38f6d0063c7b96de97f8393e69a59,1549,content/abd_lineage/00_formal/raw_run/task_artifacts/A__db3f7933-dfa0-4678-9d4f-393b628ded45_2_1.json,65ef77a480221778dec161ff0d405a23130d7adf9840a9b2ecc33f5a34e5c2c3,1451,ABD formal raw per-task/run record,absolute_personal_path_redaction_only,1
outputs/abd_eval300_formal_v1/task_artifacts/A__db3f7933-dfa0-4678-9d4f-393b628ded45_4_22.json,0b4631ce1c2a8c16b79d1bde84b62e6dff84fec6f0ee06db556ba5f2430a9421,1627,content/abd_lineage/00_formal/raw_run/task_artifacts/A__db3f7933-dfa0-4678-9d4f-393b628ded45_4_22.json,a7fc9820febb2db92cd76258d2b5649f06396e367f83d18c2327fca2c399738b,1529,ABD formal raw per-task/run record,absolute_personal_path_redaction_only,1
outputs/abd_eval300_formal_v1/task_artifacts/A__db3f7933-dfa0-4678-9d4f-393b628ded45_6_17.json,e2c0c97c9d62ed122ae29d4c54599fcc1c3904eae542fdff007b224d83c19b96,1657,content/abd_lineage/00_formal/raw_run/task_artifacts/A__db3f7933-dfa0-4678-9d4f-393b628ded45_6_17.json,827db7dd27636a7dc928232cfc0b45e7f2b50985c781ef2f4bf3ecfafd709c05,1559,ABD formal raw per-task/run record,absolute_personal_path_redaction_only,1
outputs/abd_eval300_formal_v1/task_artifacts/A__db3f7933-dfa0-4678-9d4f-393b628ded45_6_25.json,832c9d7d1a325c7eb30d0333c296688efe2370b55f815ddbc568d8fdb1281b05,1546,content/abd_lineage/00_formal/raw_run/task_artifacts/A__db3f7933-dfa0-4678-9d4f-393b628ded45_6_25.json,0bff2500f2c4a33e4e149726e098e1b6af7cb5d8b532237fd68135429d05e9fa,1448,ABD formal raw per-task/run record,absolute_personal_path_redaction_only,1
outputs/abd_eval300_formal_v1/task_artifacts/A__db3f7933-dfa0-4678-9d4f-393b628ded45_6_7.json,dca44554ae6756f6aa475572f864e861d594027e5907b9e1a586bc3cd33db775,1630,content/abd_lineage/00_formal/raw_run/task_artifacts/A__db3f7933-dfa0-4678-9d4f-393b628ded45_6_7.json,a1258d700ba337c5af72f63d2e129505e59db32ff68ca946bc889871af164f5e,1532,ABD formal raw per-task/run record,absolute_personal_path_redaction_only,1
outputs/abd_eval300_formal_v1/task_artifacts/A__db3f7933-dfa0-4678-9d4f-393b628ded45_7_10.json,1f31226dfe14f2cde0abf52e83b67a73ed59262d7e734f162aad469c72291535,1463,content/abd_lineage/00_formal/raw_run/task_artifacts/A__db3f7933-dfa0-4678-9d4f-393b628ded45_7_10.json,8fa370633c0b38353a24bd97ed9ec56cd78f9c1ef8aee49d346ddf703614c405,1365,ABD formal raw per-task/run record,absolute_personal_path_redaction_only,1
outputs/abd_eval300_formal_v1/task_artifacts/A__db3f7933-dfa0-4678-9d4f-393b628ded45_7_14.json,bbc9a31fedee044bf92d01c13a5f24471e23f0a38d1e96ffeeb082d2c9b61a94,1614,content/abd_lineage/00_formal/raw_run/task_artifacts/A__db3f7933-dfa0-4678-9d4f-393b628ded45_7_14.json,0e9dbf5f7d7cfa3959b981e5102204be0a4f5df6d579f2c7ac9ebb82a0834dbb,1516,ABD formal raw per-task/run record,absolute_personal_path_redaction_only,1
outputs/abd_eval300_formal_v1/task_artifacts/A__db3f7933-dfa0-4678-9d4f-393b628ded45_7_19.json,69fcee5484a8c81fe93cf48ef0cadd063d47ce09e8be7f866e66390c87937823,1510,content/abd_lineage/00_formal/raw_run/task_artifacts/A__db3f7933-dfa0-4678-9d4f-393b628ded45_7_19.json,70e6ad3957034a377ea535176feef6bfe3ea483e5b802ed82bf44b036c9c0d59,1412,ABD formal raw per-task/run record,absolute_personal_path_redaction_only,1
outputs/abd_eval300_formal_v1/task_artifacts/A__db3f7933-dfa0-4678-9d4f-393b628ded45_7_21.json,7ddf38b401b77b9b84404c1b0d9efe1f5dae649e4818f06a55bcff18efd4111a,1633,content/abd_lineage/00_formal/raw_run/task_artifacts/A__db3f7933-dfa0-4678-9d4f-393b628ded45_7_21.json,daed9827b4b9c8f8417fb8d15269d870ffcc6ad22027a424dba27f90451a0beb,1535,ABD formal raw per-task/run record,absolute_personal_path_redaction_only,1
outputs/abd_eval300_formal_v1/task_artifacts/A__db3f7933-dfa0-4678-9d4f-393b628ded45_7_23.json,d7ac49ceeb9ba88fc483898ae0b1b79fc994e982e7cbffd9c6e15fa4af47a3b3,1657,content/abd_lineage/00_formal/raw_run/task_artifacts/A__db3f7933-dfa0-4678-9d4f-393b628ded45_7_23.json,c8ddc50dee66ff9e1858a40031f9ce2560d7b4eb0ed9f3e90b21709c49654661,1559,ABD formal raw per-task/run record,absolute_personal_path_redaction_only,1
outputs/abd_eval300_formal_v1/task_artifacts/A__db3f7933-dfa0-4678-9d4f-393b628ded45_7_28.json,d5e253c11e44905ef7d5b46aa71cd9bd3a4b6abe4fd49eefcdcebb7c383d2762,1450,content/abd_lineage/00_formal/raw_run/task_artifacts/A__db3f7933-dfa0-4678-9d4f-393b628ded45_7_28.json,3b6cdaa1cd0c811a8f8b5a3ad282ebf089bb5b800c1de2e64639aa1ea49449b1,1352,ABD formal raw per-task/run record,absolute_personal_path_redaction_only,1
outputs/abd_eval300_formal_v1/task_artifacts/A__db3f7933-dfa0-4678-9d4f-393b628ded45_7_6.json,b4297cbae9c1a2b1c8be713621610d3682d3e46bc327c9e0a90f2a370ccbbcff,1626,content/abd_lineage/00_formal/raw_run/task_artifacts/A__db3f7933-dfa0-4678-9d4f-393b628ded45_7_6.json,054ed0bd0fe4721fca910840a3f75c543310979fbd8f9e598b609bac290b2c1d,1528,ABD formal raw per-task/run record,absolute_personal_path_redaction_only,1
outputs/abd_eval300_formal_v1/task_artifacts/A__db3f7933-dfa0-4678-9d4f-393b628ded45_7_8.json,cbf8a4271bc9d27be7d1f3cc7749273f1f8223a011340f5b1309481dcbd7a41d,1562,content/abd_lineage/00_formal/raw_run/task_artifacts/A__db3f7933-dfa0-4678-9d4f-393b628ded45_7_8.json,517cf376cb6f8fe52980ee03d1d3c2f6511504c00a85066977e78ec4cbb2c1cf,1464,ABD formal raw per-task/run record,absolute_personal_path_redaction_only,1
outputs/abd_eval300_formal_v1/task_artifacts/A__db3f7933-dfa0-4678-9d4f-393b628ded45_8_4.json,d2ad34e6130c17a9737b1ba407c1293b06d03b646928ca8c96a48cafacb067ae,1707,content/abd_lineage/00_formal/raw_run/task_artifacts/A__db3f7933-dfa0-4678-9d4f-393b628ded45_8_4.json,84a0c98fe2b318f2058ecdc4d8172f6e9fb45b36eb121871539afdd86919d18c,1609,ABD formal raw per-task/run record,absolute_personal_path_redaction_only,1
outputs/abd_eval300_formal_v1/task_artifacts/B__115774b6-534d-444f-b7aa-d1b834eb0ee7_12_27.json,cbcdc8b0108a3bab018033b687ae7821d0d7c6464eaf04ba662f87398f6e5eeb,1504,content/abd_lineage/00_formal/raw_run/task_artifacts/B__115774b6-534d-444f-b7aa-d1b834eb0ee7_12_27.json,06e54200ac0c4ae1407730c645061d7ee32ed4331f7a639d64dda3203bb420f8,1406,ABD formal raw per-task/run record,absolute_personal_path_redaction_only,1
outputs/abd_eval300_formal_v1/task_artifacts/B__115774b6-534d-444f-b7aa-d1b834eb0ee7_17_12.json,a06cbcb41849aedd036e512ac385216b7e19c2617791e4405d9518171601c2d2,1554,content/abd_lineage/00_formal/raw_run/task_artifacts/B__115774b6-534d-444f-b7aa-d1b834eb0ee7_17_12.json,d4a626b7ef711e8ac83f468b5ab7af0d91669edaf28e56fd6602864973d563a4,1456,ABD formal raw per-task/run record,absolute_personal_path_redaction_only,1
outputs/abd_eval300_formal_v1/task_artifacts/B__115774b6-534d-444f-b7aa-d1b834eb0ee7_17_14.json,8893278faf1b782257f3f1f41085cd9b9d37590d417aa648c766202f28979b21,1496,content/abd_lineage/00_formal/raw_run/task_artifacts/B__115774b6-534d-444f-b7aa-d1b834eb0ee7_17_14.json,712886bde2f691069b9b0e1ff11423b21ea4e0b4abb2b9037a63c308be10ced2,1398,ABD formal raw per-task/run record,absolute_personal_path_redaction_only,1
outputs/abd_eval300_formal_v1/task_artifacts/B__115774b6-534d-444f-b7aa-d1b834eb0ee7_17_31.json,90e084306df8de96657162c726a5e43365e304b3763706c88fb1122b70abd4a2,1460,content/abd_lineage/00_formal/raw_run/task_artifacts/B__115774b6-534d-444f-b7aa-d1b834eb0ee7_17_31.json,c70e1e58db58097b860c613e88dc6277f1a5edeb5a8926d9349051c7bdbdab82,1362,ABD formal raw per-task/run record,absolute_personal_path_redaction_only,1
outputs/abd_eval300_formal_v1/task_artifacts/B__115774b6-534d-444f-b7aa-d1b834eb0ee7_17_7.json,1830b00a758d1927743bc734ead002502f721ab5e98254a719c983f5dab04db5,1435,content/abd_lineage/00_formal/raw_run/task_artifacts/B__115774b6-534d-444f-b7aa-d1b834eb0ee7_17_7.json,f6f2f43b145ad73bb770e1eca7877de4280f575028a1223b91e6cf71dd237dd2,1337,ABD formal raw per-task/run record,absolute_personal_path_redaction_only,1
outputs/abd_eval300_formal_v1/task_artifacts/B__115774b6-534d-444f-b7aa-d1b834eb0ee7_1_1.json,34ae90d4af5bdefa77902b9b084418756dd2d87bc743fe4c7660c5446f6aeb1c,1515,content/abd_lineage/00_formal/raw_run/task_artifacts/B__115774b6-534d-444f-b7aa-d1b834eb0ee7_1_1.json,5ae728e80720bebfecb082d1e4f0095c5ad190833f304e038c92e5c6481e0ad1,1417,ABD formal raw per-task/run record,absolute_personal_path_redaction_only,1
outputs/abd_eval300_formal_v1/task_artifacts/B__115774b6-534d-444f-b7aa-d1b834eb0ee7_1_3.json,090a3c4bd9bafde16cb97cf7dd7161e99b09f2d49436a03c0e13c578b05403c5,1514,content/abd_lineage/00_formal/raw_run/task_artifacts/B__115774b6-534d-444f-b7aa-d1b834eb0ee7_1_3.json,4b4aa110a9c23e916dcb0014a3e4176d85a2e3fee4a0d53cd16439aac59eb9f1,1416,ABD formal raw per-task/run record,absolute_personal_path_redaction_only,1
outputs/abd_eval300_formal_v1/task_artifacts/B__115774b6-534d-444f-b7aa-d1b834eb0ee7_2_2.json,274996eef946046c634ec7aa2a318a3d86865e79e586e00be331760111954f08,1473,content/abd_lineage/00_formal/raw_run/task_artifacts/B__115774b6-534d-444f-b7aa-d1b834eb0ee7_2_2.json,e9f370bb13ebfeefcb2b0cf079efc1f82b55c1fa088a0e7feb85175d985f34a0,1375,ABD formal raw per-task/run record,absolute_personal_path_redaction_only,1
outputs/abd_eval300_formal_v1/task_artifacts/B__115774b6-534d-444f-b7aa-d1b834eb0ee7_2_4.json,93ae792df4f422f70a3a2482515658404cf493b2efb53ea3f35c7b85f8aceaed,1526,content/abd_lineage/00_formal/raw_run/task_artifacts/B__115774b6-534d-444f-b7aa-d1b834eb0ee7_2_4.json,f275c326fa19b47a560cf7e45e47d7f63c13f8d80aa94a490ab4bc662f60ce3f,1428,ABD formal raw per-task/run record,absolute_personal_path_redaction_only,1
outputs/abd_eval300_formal_v1/task_artifacts/B__115774b6-534d-444f-b7aa-d1b834eb0ee7_3_21.json,472f0ae5187679a41c2a4b9503e387dd5451a3e642ac9bf479b1c7e2dc41236d,1509,content/abd_lineage/00_formal/raw_run/task_artifacts/B__115774b6-534d-444f-b7aa-d1b834eb0ee7_3_21.json,9525aa00b54c226082ccbd277590070b2ddaba6b13260d462a65ab4310ce4b28,1411,ABD formal raw per-task/run record,absolute_personal_path_redaction_only,1
outputs/abd_eval300_formal_v1/task_artifacts/B__115774b6-534d-444f-b7aa-d1b834eb0ee7_3_23.json,3dac095ab966964599f8eafc5fba493e611e42ed4e595478aefa40e90c10f202,1468,content/abd_lineage/00_formal/raw_run/task_artifacts/B__115774b6-534d-444f-b7aa-d1b834eb0ee7_3_23.json,dd69cb32bf83eac8aac0adf723d62170a00413a6614b7b3715fd3a32bb94b0e7,1370,ABD formal raw per-task/run record,absolute_personal_path_redaction_only,1
outputs/abd_eval300_formal_v1/task_artifacts/B__115774b6-534d-444f-b7aa-d1b834eb0ee7_3_6.json,e485fb74f0a701b53a8142471cf128484e1997293a0627c8a2dbdafe707d0070,1539,content/abd_lineage/00_formal/raw_run/task_artifacts/B__115774b6-534d-444f-b7aa-d1b834eb0ee7_3_6.json,f9e1ccb3ff5dc05672dc0460f4041a5a626a7039020ac6047ddf693b0a4f6572,1441,ABD formal raw per-task/run record,absolute_personal_path_redaction_only,1
outputs/abd_eval300_formal_v1/task_artifacts/B__115774b6-534d-444f-b7aa-d1b834eb0ee7_4_1.json,d880c78ff39aada242bfacb0d615c3495805d9a11532ac0a9c1b4e80e960e9ab,1483,content/abd_lineage/00_formal/raw_run/task_artifacts/B__115774b6-534d-444f-b7aa-d1b834eb0ee7_4_1.json,df3a7a8cac5b9cedd46e8d7a45fffa1be64710ff63dfc1cba3f262dac48c311d,1385,ABD formal raw per-task/run record,absolute_personal_path_redaction_only,1
outputs/abd_eval300_formal_v1/task_artifacts/B__115774b6-534d-444f-b7aa-d1b834eb0ee7_4_25.json,133190ddfd3cb15291c33dc336dcfe6579977ec6234fb4aea65beb0f5c60e3b6,1589,content/abd_lineage/00_formal/raw_run/task_artifacts/B__115774b6-534d-444f-b7aa-d1b834eb0ee7_4_25.json,df0010a7c7e391ae9b7edc8648fe1cbde751f8146827f40551ac21bd792c7637,1491,ABD formal raw per-task/run record,absolute_personal_path_redaction_only,1
outputs/abd_eval300_formal_v1/task_artifacts/B__115774b6-534d-444f-b7aa-d1b834eb0ee7_5_29.json,98581d8bb1261276c108c642e7303ac8bfa84198560c7a3580083c6ce7d280ec,1494,content/abd_lineage/00_formal/raw_run/task_artifacts/B__115774b6-534d-444f-b7aa-d1b834eb0ee7_5_29.json,8c6ad8cdb767decd026cd0e62f341f46eb58100ef3a1b446ca4183045e1fa8a9,1396,ABD formal raw per-task/run record,absolute_personal_path_redaction_only,1
outputs/abd_eval300_formal_v1/task_artifacts/B__115774b6-534d-444f-b7aa-d1b834eb0ee7_5_5.json,04e2e4b57a111dba5276e5525e2677c19786171961531ce7427fb5be6a53989d,1471,content/abd_lineage/00_formal/raw_run/task_artifacts/B__115774b6-534d-444f-b7aa-d1b834eb0ee7_5_5.json,2612831903b8aaca79b7a8208a6b802780fb85e5cb31a6f725947fcb9591a2be,1373,ABD formal raw per-task/run record,absolute_personal_path_redaction_only,1
outputs/abd_eval300_formal_v1/task_artifacts/B__115774b6-534d-444f-b7aa-d1b834eb0ee7_6_2.json,4b80b0f8e26601a7afd492fd7b21bc48acfe7b6218d0273d21d963d7a977de56,1477,content/abd_lineage/00_formal/raw_run/task_artifacts/B__115774b6-534d-444f-b7aa-d1b834eb0ee7_6_2.json,f3d50aa61fa117179e601adf58f5e4b11b7051fefe1822dcdeecc1d901e9cbbf,1379,ABD formal raw per-task/run record,absolute_personal_path_redaction_only,1
outputs/abd_eval300_formal_v1/task_artifacts/B__115774b6-534d-444f-b7aa-d1b834eb0ee7_6_24.json,79138dcc95d4412c76dc5e38dec7a2cd27a0acf0f47fe94bc0136d4f24afdda0,1479,content/abd_lineage/00_formal/raw_run/task_artifacts/B__115774b6-534d-444f-b7aa-d1b834eb0ee7_6_24.json,9939b3d6868d5e69b6f53aadfd13a91cabf9e37ba8f5db45bf12baf6a8f9296b,1381,ABD formal raw per-task/run record,absolute_personal_path_redaction_only,1
outputs/abd_eval300_formal_v1/task_artifacts/B__115774b6-534d-444f-b7aa-d1b834eb0ee7_6_3.json,6e8a5ee9380bacd9d0a5f464e106d28cd77f7c2166024077852a19d4bd09f315,1543,content/abd_lineage/00_formal/raw_run/task_artifacts/B__115774b6-534d-444f-b7aa-d1b834eb0ee7_6_3.json,046e8eaaae54fe531916a3ea31645e374f6eb053c3d6c9012a26d3a2615341a1,1445,ABD formal raw per-task/run record,absolute_personal_path_redaction_only,1
outputs/abd_eval300_formal_v1/task_artifacts/B__115774b6-534d-444f-b7aa-d1b834eb0ee7_6_4.json,44d1ca90bd5911c46c78928fa5d8f0c299c61fc01dd16ca200ebcd18b23376cf,1524,content/abd_lineage/00_formal/raw_run/task_artifacts/B__115774b6-534d-444f-b7aa-d1b834eb0ee7_6_4.json,ab55eec52a5a4699ea5505feb21a2550cb6db856aab59c65ecc8368e5165cc8b,1426,ABD formal raw per-task/run record,absolute_personal_path_redaction_only,1
outputs/abd_eval300_formal_v1/task_artifacts/B__115774b6-534d-444f-b7aa-d1b834eb0ee7_7_10.json,fc964022ff501de7d07260b7cd012f1690e609b1be66075db532ebf5ff61b0d9,1565,content/abd_lineage/00_formal/raw_run/task_artifacts/B__115774b6-534d-444f-b7aa-d1b834eb0ee7_7_10.json,b8d75ce228190b420a376da43991220262fc8bffa623a23e83d04dc392237201,1467,ABD formal raw per-task/run record,absolute_personal_path_redaction_only,1
outputs/abd_eval300_formal_v1/task_artifacts/B__115774b6-534d-444f-b7aa-d1b834eb0ee7_7_22.json,203a44164c95c4dd3116ce009f5340b07d983202adb803cf744cf97d48771ee5,1478,content/abd_lineage/00_formal/raw_run/task_artifacts/B__115774b6-534d-444f-b7aa-d1b834eb0ee7_7_22.json,503a9d03cf3e18b3958cc8dc349c562911f2f14a3cad6a0d79ef3c622780a384,1380,ABD formal raw per-task/run record,absolute_personal_path_redaction_only,1
outputs/abd_eval300_formal_v1/task_artifacts/B__115774b6-534d-444f-b7aa-d1b834eb0ee7_8_13.json,ad0fb4e77ac8befab81a405943a42aee8407f5ad00055e3ab0b3a818b29530bd,1530,content/abd_lineage/00_formal/raw_run/task_artifacts/B__115774b6-534d-444f-b7aa-d1b834eb0ee7_8_13.json,ae2ad45bd21b174b267ddea91f0f3acd7b5b4113b7634da05c318f87158d1533,1432,ABD formal raw per-task/run record,absolute_personal_path_redaction_only,1
outputs/abd_eval300_formal_v1/task_artifacts/B__115774b6-534d-444f-b7aa-d1b834eb0ee7_8_26.json,b9205616dcd4d8e81596f27fb018509ae73082657ed97d7371641ab76a5178ba,1582,content/abd_lineage/00_formal/raw_run/task_artifacts/B__115774b6-534d-444f-b7aa-d1b834eb0ee7_8_26.json,ff7622a56abfa9aa0e8389c7d9f17e181cbdf8f1a8add86753fe3a1d6c500bd5,1484,ABD formal raw per-task/run record,absolute_personal_path_redaction_only,1
outputs/abd_eval300_formal_v1/task_artifacts/B__115774b6-534d-444f-b7aa-d1b834eb0ee7_8_8.json,751aaed1c9c5d9185ea7b8f9cffea8eeeb7b8fa815b07b794492c1c11b01f775,1543,content/abd_lineage/00_formal/raw_run/task_artifacts/B__115774b6-534d-444f-b7aa-d1b834eb0ee7_8_8.json,7f85270571df46314b3678c4bcb63327f14d0074b467e61a335af20066156862,1445,ABD formal raw per-task/run record,absolute_personal_path_redaction_only,1
outputs/abd_eval300_formal_v1/task_artifacts/B__41a86310-2cc1-48f9-b5b5-6b495a95fbac_11_1.json,a9b6baeb581e5757551d4351a044df5ddf70469215e5fff6394406cea94eba73,1457,content/abd_lineage/00_formal/raw_run/task_artifacts/B__41a86310-2cc1-48f9-b5b5-6b495a95fbac_11_1.json,4f82082a5b04cdf1555336f688c657f40ff3277aaa8047348a3c9f322cee6221,1359,ABD formal raw per-task/run record,absolute_personal_path_redaction_only,1
outputs/abd_eval300_formal_v1/task_artifacts/B__41a86310-2cc1-48f9-b5b5-6b495a95fbac_11_19.json,48c8c3957fd1b6b001336b0e28f8b26c28161dcdcf9d0801e2143c93e303fb0b,1521,content/abd_lineage/00_formal/raw_run/task_artifacts/B__41a86310-2cc1-48f9-b5b5-6b495a95fbac_11_19.json,019d08b62117502b908853ef69030f2c9f852065b9d2405c1de4aa9aab9c7841,1423,ABD formal raw per-task/run record,absolute_personal_path_redaction_only,1
outputs/abd_eval300_formal_v1/task_artifacts/B__41a86310-2cc1-48f9-b5b5-6b495a95fbac_11_31.json,931ac1b204d3adf8b3830ed3e5d8918ac87d65c5578aa26aa9c60ed6efc27e52,1505,content/abd_lineage/00_formal/raw_run/task_artifacts/B__41a86310-2cc1-48f9-b5b5-6b495a95fbac_11_31.json,79e979a9deff1efa9137e42e828a944bf554647ea9982ee86db4b4eaa5a01024,1407,ABD formal raw per-task/run record,absolute_personal_path_redaction_only,1
outputs/abd_eval300_formal_v1/task_artifacts/B__41a86310-2cc1-48f9-b5b5-6b495a95fbac_11_34.json,378167d29c45dcea345aa8bf885337bf2d9dabe71fd6feefb75e1097a82ce9c4,1517,content/abd_lineage/00_formal/raw_run/task_artifacts/B__41a86310-2cc1-48f9-b5b5-6b495a95fbac_11_34.json,08d12430457b3e781feeecdbd62969249a2556b41d35644628f3df4dd434854a,1419,ABD formal raw per-task/run record,absolute_personal_path_redaction_only,1
outputs/abd_eval300_formal_v1/task_artifacts/B__41a86310-2cc1-48f9-b5b5-6b495a95fbac_11_4.json,e06c520eca519f639aaf1b40490bcda6a403fe5d4a7c42fa4d145a5ac6efee5c,1474,content/abd_lineage/00_formal/raw_run/task_artifacts/B__41a86310-2cc1-48f9-b5b5-6b495a95fbac_11_4.json,1ea439699b1be9afdd2787d95ecafb222b648871613738c3188e61afa2446e5f,1376,ABD formal raw per-task/run record,absolute_personal_path_redaction_only,1
outputs/abd_eval300_formal_v1/task_artifacts/B__41a86310-2cc1-48f9-b5b5-6b495a95fbac_17_10.json,b325b6990c1d4db1fbb802307ef56677997d87f3aebf100e4fdb6fd070487278,1416,content/abd_lineage/00_formal/raw_run/task_artifacts/B__41a86310-2cc1-48f9-b5b5-6b495a95fbac_17_10.json,2f160602c938ec73e31c64799ad03478efdad284ff7bacf3da51a2925eb11374,1318,ABD formal raw per-task/run record,absolute_personal_path_redaction_only,1
outputs/abd_eval300_formal_v1/task_artifacts/B__41a86310-2cc1-48f9-b5b5-6b495a95fbac_17_13.json,1bb792534d8e72f969d2a1d7ea076bf1dc2bd56bd2f8d3e2a5bc0adc6fe1c935,1450,content/abd_lineage/00_formal/raw_run/task_artifacts/B__41a86310-2cc1-48f9-b5b5-6b495a95fbac_17_13.json,3f2097bf8a5593a7d0c5d424d8d7588e38ceb695e338d2f0c9628914109f0760,1352,ABD formal raw per-task/run record,absolute_personal_path_redaction_only,1
outputs/abd_eval300_formal_v1/task_artifacts/B__41a86310-2cc1-48f9-b5b5-6b495a95fbac_17_15.json,4476c96d3ced356c69ef5cd8888624fe8d245413a785a3d56e848ddf3f205dac,1473,content/abd_lineage/00_formal/raw_run/task_artifacts/B__41a86310-2cc1-48f9-b5b5-6b495a95fbac_17_15.json,1c019759aba8aea5f8bce83f60b5982b3aec2be5b216bd751221b0685aecd7db,1375,ABD formal raw per-task/run record,absolute_personal_path_redaction_only,1
outputs/abd_eval300_formal_v1/task_artifacts/B__41a86310-2cc1-48f9-b5b5-6b495a95fbac_17_2.json,21009e5bedf5d798faa97c717d41a9dce5909263cc935264e2e14ff2a9742fee,1447,content/abd_lineage/00_formal/raw_run/task_artifacts/B__41a86310-2cc1-48f9-b5b5-6b495a95fbac_17_2.json,835169eae6d5f529802633f9c5db8528e5744f073d36f05742ffcce8d3fd0e61,1349,ABD formal raw per-task/run record,absolute_personal_path_redaction_only,1
outputs/abd_eval300_formal_v1/task_artifacts/B__41a86310-2cc1-48f9-b5b5-6b495a95fbac_17_21.json,bf34f3e4deb8741c7bd087be0a6205c5604b065b388fae18b65efc5a885a53b1,1492,content/abd_lineage/00_formal/raw_run/task_artifacts/B__41a86310-2cc1-48f9-b5b5-6b495a95fbac_17_21.json,fdda1542b5d2cf989f823ccf8f60e01ce75aba528b6aa3ffe17d0cb08ebe1ba3,1394,ABD formal raw per-task/run record,absolute_personal_path_redaction_only,1
outputs/abd_eval300_formal_v1/task_artifacts/B__41a86310-2cc1-48f9-b5b5-6b495a95fbac_17_23.json,3f8f4a36291b135b9c971fba6709e8e6ac5deb2ef66e49984952ee2a56cf5f9e,1678,content/abd_lineage/00_formal/raw_run/task_artifacts/B__41a86310-2cc1-48f9-b5b5-6b495a95fbac_17_23.json,7ec27d1e7bd8ff1c31a3268b0b62990e26e79810617602a44db4df0a93366eba,1580,ABD formal raw per-task/run record,absolute_personal_path_redaction_only,1
outputs/abd_eval300_formal_v1/task_artifacts/B__41a86310-2cc1-48f9-b5b5-6b495a95fbac_17_26.json,a7ebd20ad57db534e0f6a3b3715fe9021b5cc1f10aca118f17bbdc621899fd63,1565,content/abd_lineage/00_formal/raw_run/task_artifacts/B__41a86310-2cc1-48f9-b5b5-6b495a95fbac_17_26.json,533222a9325fd96b35dbe9e22cf412997ac529b19e7b92b3198ac82369c9a7a2,1467,ABD formal raw per-task/run record,absolute_personal_path_redaction_only,1
outputs/abd_eval300_formal_v1/task_artifacts/B__41a86310-2cc1-48f9-b5b5-6b495a95fbac_17_33.json,f5f6a44a0b664bf045d4b5aa083b32128d1a80144fd0415a745749534f4b362e,1453,content/abd_lineage/00_formal/raw_run/task_artifacts/B__41a86310-2cc1-48f9-b5b5-6b495a95fbac_17_33.json,18f896bc4c85c8f9f2c997cce12b3719e59b2a36b85b6a8f598589dffcd46bec,1355,ABD formal raw per-task/run record,absolute_personal_path_redaction_only,1
outputs/abd_eval300_formal_v1/task_artifacts/B__41a86310-2cc1-48f9-b5b5-6b495a95fbac_17_38.json,db5abb3412b47eb52609cb0512694728c792fb10a712aab9ca18d0c6a245d645,1465,content/abd_lineage/00_formal/raw_run/task_artifacts/B__41a86310-2cc1-48f9-b5b5-6b495a95fbac_17_38.json,ba5131c8051ae5aed3958849288a29fc9e9e7e17f1dba71603702710bbd98fb3,1367,ABD formal raw per-task/run record,absolute_personal_path_redaction_only,1
outputs/abd_eval300_formal_v1/task_artifacts/B__41a86310-2cc1-48f9-b5b5-6b495a95fbac_23_8.json,17877babf6d34b994a7a3f03e4c7b105babf229dbfbf0f2a88ef22868b1896ad,1830,content/abd_lineage/00_formal/raw_run/task_artifacts/B__41a86310-2cc1-48f9-b5b5-6b495a95fbac_23_8.json,c28007b9fcc7d8ea9e09aabce535870cdfc75ffdb4d7450b89645080fb016f91,1732,ABD formal raw per-task/run record,absolute_personal_path_redaction_only,1
outputs/abd_eval300_formal_v1/task_artifacts/B__41a86310-2cc1-48f9-b5b5-6b495a95fbac_4_25.json,d5bce56c6a76da65367bddb1cd2b4c6b454080960f77687a9b16808c0197e2db,1471,content/abd_lineage/00_formal/raw_run/task_artifacts/B__41a86310-2cc1-48f9-b5b5-6b495a95fbac_4_25.json,d1e656decb25c23b7b5107fdb44b0b2c7ba9182a45122f5d6d62321730dcded0,1373,ABD formal raw per-task/run record,absolute_personal_path_redaction_only,1
outputs/abd_eval300_formal_v1/task_artifacts/B__41a86310-2cc1-48f9-b5b5-6b495a95fbac_5_20.json,df0b1b185040a0eb7d2993385a21b82cfe7f1671cdf2416342a153446e7b2166,1530,content/abd_lineage/00_formal/raw_run/task_artifacts/B__41a86310-2cc1-48f9-b5b5-6b495a95fbac_5_20.json,189a6d41795c08ab2b07fba6e31374085fb269aa6fb78b8b06cc804d9ea110e8,1432,ABD formal raw per-task/run record,absolute_personal_path_redaction_only,1
outputs/abd_eval300_formal_v1/task_artifacts/B__41a86310-2cc1-48f9-b5b5-6b495a95fbac_6_14.json,7e5d0c47f02f94e41ab55c08fd5a86bcc0ae1941f2b284ce2d26baed571cb181,1496,content/abd_lineage/00_formal/raw_run/task_artifacts/B__41a86310-2cc1-48f9-b5b5-6b495a95fbac_6_14.json,68f6998f05af93f547eb290329ae4c3fed9ab55892b07ce9f0f7c8d35ae50981,1398,ABD formal raw per-task/run record,absolute_personal_path_redaction_only,1
outputs/abd_eval300_formal_v1/task_artifacts/B__41a86310-2cc1-48f9-b5b5-6b495a95fbac_6_24.json,7635593eb7a8a3d272f348a0da4c68b24846aa08f27e4fc577dc810bdbe1b807,1533,content/abd_lineage/00_formal/raw_run/task_artifacts/B__41a86310-2cc1-48f9-b5b5-6b495a95fbac_6_24.json,dcbec67b7923c96c7ea7df3ee03fce7db59a7441557064ff6739e8d069d5ef6e,1435,ABD formal raw per-task/run record,absolute_personal_path_redaction_only,1
outputs/abd_eval300_formal_v1/task_artifacts/B__41a86310-2cc1-48f9-b5b5-6b495a95fbac_6_27.json,38c5d7521c11b9a213028714db99bc4cb21f5db561eaf383d4952f828e74601b,1495,content/abd_lineage/00_formal/raw_run/task_artifacts/B__41a86310-2cc1-48f9-b5b5-6b495a95fbac_6_27.json,6d1a1a9e038baba4bbe639719bbfaea32b42c3c3444b82ec083ca9234b56b742,1397,ABD formal raw per-task/run record,absolute_personal_path_redaction_only,1
outputs/abd_eval300_formal_v1/task_artifacts/B__41a86310-2cc1-48f9-b5b5-6b495a95fbac_6_32.json,8abfdf89132d1f7fa1b8290881fec8474fd79ed3a48f3ee81bf46790e6bfb73a,1482,content/abd_lineage/00_formal/raw_run/task_artifacts/B__41a86310-2cc1-48f9-b5b5-6b495a95fbac_6_32.json,a2628b4152a9759f061186abf08c9729c1adde99469049814f0d2fbca6dbd498,1384,ABD formal raw per-task/run record,absolute_personal_path_redaction_only,1
outputs/abd_eval300_formal_v1/task_artifacts/B__41a86310-2cc1-48f9-b5b5-6b495a95fbac_7_17.json,0358e29ce24792b284ff62b41316ce90d2296c0993e503e28fc3ce1e232ca1a9,1522,content/abd_lineage/00_formal/raw_run/task_artifacts/B__41a86310-2cc1-48f9-b5b5-6b495a95fbac_7_17.json,dce212feffb3b7f85ce098da7fcbb0149ba92bd6e3abf234b3d7fa9c713605f7,1424,ABD formal raw per-task/run record,absolute_personal_path_redaction_only,1
outputs/abd_eval300_formal_v1/task_artifacts/B__41a86310-2cc1-48f9-b5b5-6b495a95fbac_7_39.json,2bf258bc7b93a112a3e7426250bc74517d4594703d3939df212e53d125474bf0,1499,content/abd_lineage/00_formal/raw_run/task_artifacts/B__41a86310-2cc1-48f9-b5b5-6b495a95fbac_7_39.json,cd0df27bbb0aea9640708b07360fd07db7340559d281ec365ffd0767a9ef6f47,1401,ABD formal raw per-task/run record,absolute_personal_path_redaction_only,1
outputs/abd_eval300_formal_v1/task_artifacts/B__41a86310-2cc1-48f9-b5b5-6b495a95fbac_8_11.json,86d69406d317af5fa9621e836fed7d0bf55778359d9c849b4f9d4fabc6a1dbf8,1542,content/abd_lineage/00_formal/raw_run/task_artifacts/B__41a86310-2cc1-48f9-b5b5-6b495a95fbac_8_11.json,6cb4533bd16e0027fe7f2c1e62c3c20befefd6fcca29849b4137513c2d6b089b,1444,ABD formal raw per-task/run record,absolute_personal_path_redaction_only,1
outputs/abd_eval300_formal_v1/task_artifacts/B__41a86310-2cc1-48f9-b5b5-6b495a95fbac_8_22.json,4b615d7806230b618905f81051052eca7c5d0f3aefdffc7b0c08b3e68c8dcf21,1492,content/abd_lineage/00_formal/raw_run/task_artifacts/B__41a86310-2cc1-48f9-b5b5-6b495a95fbac_8_22.json,a933335a811ba778aa97242ab907e3e51f758ded12bee29a8e53164313aa5297,1394,ABD formal raw per-task/run record,absolute_personal_path_redaction_only,1
outputs/abd_eval300_formal_v1/task_artifacts/B__4572b198-2c1c-4920-bcf0-95fcebe12261_13_1.json,d693d8b9c2787204f85fd766fb1d1be44213258561abf0c451e091f36256512a,1513,content/abd_lineage/00_formal/raw_run/task_artifacts/B__4572b198-2c1c-4920-bcf0-95fcebe12261_13_1.json,1d1510681d5028bd4505a024b3bd78bc77c4e008dc17b0e3890bf94448d9cd69,1415,ABD formal raw per-task/run record,absolute_personal_path_redaction_only,1
outputs/abd_eval300_formal_v1/task_artifacts/B__4572b198-2c1c-4920-bcf0-95fcebe12261_15_1.json,ba8384d257938fc1ea2866ec1f95206f34eeae05a8b6678d9dfef6f62fa445d3,1526,content/abd_lineage/00_formal/raw_run/task_artifacts/B__4572b198-2c1c-4920-bcf0-95fcebe12261_15_1.json,9d983b3dd85773ee5b8f54af935df6fa56b9a66e86721ddda8729b57ccbaa247,1428,ABD formal raw per-task/run record,absolute_personal_path_redaction_only,1
outputs/abd_eval300_formal_v1/task_artifacts/B__4572b198-2c1c-4920-bcf0-95fcebe12261_17_10.json,d790d1ec807915c369ed524c66d15a91ce81e8b55d1cb5258ddd8d7bf9073b81,1515,content/abd_lineage/00_formal/raw_run/task_artifacts/B__4572b198-2c1c-4920-bcf0-95fcebe12261_17_10.json,bbc8943543665b91d27e39fbeb45ffc4ea3de6bba870560376c1d08a6eb6c8e1,1417,ABD formal raw per-task/run record,absolute_personal_path_redaction_only,1
outputs/abd_eval300_formal_v1/task_artifacts/B__4572b198-2c1c-4920-bcf0-95fcebe12261_17_14.json,552b2235d92089e81e2be056beecb0dfe53dd0d30e9edb115788860b946935f6,1459,content/abd_lineage/00_formal/raw_run/task_artifacts/B__4572b198-2c1c-4920-bcf0-95fcebe12261_17_14.json,49fdf9c89ad6a621821eacd46525cfabab1de6e90f43f2bee9b91f0ed16e855a,1361,ABD formal raw per-task/run record,absolute_personal_path_redaction_only,1
outputs/abd_eval300_formal_v1/task_artifacts/B__4572b198-2c1c-4920-bcf0-95fcebe12261_17_15.json,0b4d20e22b956b9709d149e442e91b2c46730c4b8fbc113f9281437b4d5867b7,1497,content/abd_lineage/00_formal/raw_run/task_artifacts/B__4572b198-2c1c-4920-bcf0-95fcebe12261_17_15.json,fc7d54e50064be4c93e50f34964bad485ecbdd3e6b1526511efb146d938eae03,1399,ABD formal raw per-task/run record,absolute_personal_path_redaction_only,1
outputs/abd_eval300_formal_v1/task_artifacts/B__4572b198-2c1c-4920-bcf0-95fcebe12261_17_17.json,cc7a0f14bcdea81b4720203316a653c0b2fda479c31bd92242dbc1faaf3e915b,1390,content/abd_lineage/00_formal/raw_run/task_artifacts/B__4572b198-2c1c-4920-bcf0-95fcebe12261_17_17.json,3bd689bff2a25517f222145392b590f98542ee41cbfcc3120d7b94a32c2e6cca,1292,ABD formal raw per-task/run record,absolute_personal_path_redaction_only,1
outputs/abd_eval300_formal_v1/task_artifacts/B__4572b198-2c1c-4920-bcf0-95fcebe12261_17_25.json,0cfa7aeea30f0c4329c10e5e695543016302e9db747d315aa4d3e97e0694a4bf,1472,content/abd_lineage/00_formal/raw_run/task_artifacts/B__4572b198-2c1c-4920-bcf0-95fcebe12261_17_25.json,cf5c6ba590667eea40848fe524fb4067b544ec5acb00a2630468f5c72769bdda,1374,ABD formal raw per-task/run record,absolute_personal_path_redaction_only,1
outputs/abd_eval300_formal_v1/task_artifacts/B__4572b198-2c1c-4920-bcf0-95fcebe12261_17_26.json,ca11eb770ee98d6ae7f4e44f083f13194c33666290452a91f7d0e543e93604c5,1534,content/abd_lineage/00_formal/raw_run/task_artifacts/B__4572b198-2c1c-4920-bcf0-95fcebe12261_17_26.json,d6034b48119b1fa5b4e1bbab258710a199977755fac4966f8b072fc86bc292b4,1436,ABD formal raw per-task/run record,absolute_personal_path_redaction_only,1
outputs/abd_eval300_formal_v1/task_artifacts/B__4572b198-2c1c-4920-bcf0-95fcebe12261_17_29.json,fbacc271da12677d41b43cd6b728cb4b8f3383b8f5a1dc25f9ca854a8f04d7ac,1648,content/abd_lineage/00_formal/raw_run/task_artifacts/B__4572b198-2c1c-4920-bcf0-95fcebe12261_17_29.json,76d907ed6bc8b4accc4639f1795073f953d0e44cb43974e1da27e12bb35cfd13,1550,ABD formal raw per-task/run record,absolute_personal_path_redaction_only,1
outputs/abd_eval300_formal_v1/task_artifacts/B__4572b198-2c1c-4920-bcf0-95fcebe12261_17_39.json,cfe8b91609157e3b497c5d38915f0bd1d4772778db94f3bcba752704282acaf5,1447,content/abd_lineage/00_formal/raw_run/task_artifacts/B__4572b198-2c1c-4920-bcf0-95fcebe12261_17_39.json,fd27b309b969081a0f7fe8c76741c01d92ba9a3e8a25218170248929edda7e90,1349,ABD formal raw per-task/run record,absolute_personal_path_redaction_only,1
outputs/abd_eval300_formal_v1/task_artifacts/B__4572b198-2c1c-4920-bcf0-95fcebe12261_2_1.json,e60a61d69feb433e5c37123075308e5d1b5747eaf030604843ea9acb564b1cc8,1525,content/abd_lineage/00_formal/raw_run/task_artifacts/B__4572b198-2c1c-4920-bcf0-95fcebe12261_2_1.json,57fbad516a149c38b8d3bda4b2f5d0a3592f6d8514706d9ec079ee643d355333,1427,ABD formal raw per-task/run record,absolute_personal_path_redaction_only,1
outputs/abd_eval300_formal_v1/task_artifacts/B__4572b198-2c1c-4920-bcf0-95fcebe12261_3_21.json,33597f226cb4f8ea421bd391d10bf76b6c124cbbffaa7e8f8d6e1f85f64b2ca7,1520,content/abd_lineage/00_formal/raw_run/task_artifacts/B__4572b198-2c1c-4920-bcf0-95fcebe12261_3_21.json,38921ef09311d19f8887506eb24a649c521fc4bcbb18d9229d49070ad244eb12,1422,ABD formal raw per-task/run record,absolute_personal_path_redaction_only,1
outputs/abd_eval300_formal_v1/task_artifacts/B__4572b198-2c1c-4920-bcf0-95fcebe12261_4_20.json,39583e63584040d68350b1493e3a32355212168ed951cc44e07169c28eddfc0e,1580,content/abd_lineage/00_formal/raw_run/task_artifacts/B__4572b198-2c1c-4920-bcf0-95fcebe12261_4_20.json,646ef98a0b3ab43d5ca0c5c8ba85ce5127ec4fa2b9fc6f890a24a30730a67fb3,1482,ABD formal raw per-task/run record,absolute_personal_path_redaction_only,1
outputs/abd_eval300_formal_v1/task_artifacts/B__4572b198-2c1c-4920-bcf0-95fcebe12261_4_23.json,d8001297816ce2c6b23d13687f6a946a6b8ce09c12f14d4c02f0264ee94dfd48,1515,content/abd_lineage/00_formal/raw_run/task_artifacts/B__4572b198-2c1c-4920-bcf0-95fcebe12261_4_23.json,2d5576523727095ac4b20012e950f91580693733b6d79a2780528ce8f0ccd780,1417,ABD formal raw per-task/run record,absolute_personal_path_redaction_only,1
outputs/abd_eval300_formal_v1/task_artifacts/B__4572b198-2c1c-4920-bcf0-95fcebe12261_4_28.json,8c1dc3388a73b483b02ff35df3710a6beda8ffc4b6be9d13ba598b909b90fb57,1512,content/abd_lineage/00_formal/raw_run/task_artifacts/B__4572b198-2c1c-4920-bcf0-95fcebe12261_4_28.json,5f3b4aa7896fc83af7619e7903a5c233d39c57f8c4dd3f8d89967f157f3a0962,1414,ABD formal raw per-task/run record,absolute_personal_path_redaction_only,1
outputs/abd_eval300_formal_v1/task_artifacts/B__4572b198-2c1c-4920-bcf0-95fcebe12261_4_3.json,4e0c1ce2fad0aa7f96f7c37e7a93da4d4f6d28e00c4af9efb231debcbfe123b1,1515,content/abd_lineage/00_formal/raw_run/task_artifacts/B__4572b198-2c1c-4920-bcf0-95fcebe12261_4_3.json,44840c2dcc33398758fc36f80e8d55d96e8ab5de6941577210c49e1cb13903b4,1417,ABD formal raw per-task/run record,absolute_personal_path_redaction_only,1
outputs/abd_eval300_formal_v1/task_artifacts/B__4572b198-2c1c-4920-bcf0-95fcebe12261_4_40.json,c62f596facd15b2262366a7627cbf25c52c95ca7d39261501b973fd1e32cc8de,1522,content/abd_lineage/00_formal/raw_run/task_artifacts/B__4572b198-2c1c-4920-bcf0-95fcebe12261_4_40.json,e0c84d52f4acafe9896c3ab04881baffd41eec41980ffcb23558f354ca40593e,1424,ABD formal raw per-task/run record,absolute_personal_path_redaction_only,1
outputs/abd_eval300_formal_v1/task_artifacts/B__4572b198-2c1c-4920-bcf0-95fcebe12261_5_11.json,0c8fd8df54a50f29abc053696ff69dcfde02531e77474457c12de82e54e78d8b,1564,content/abd_lineage/00_formal/raw_run/task_artifacts/B__4572b198-2c1c-4920-bcf0-95fcebe12261_5_11.json,071a4521d55281f4993ca77df25ef0c58d4a380bfd7eaead6d5949a2ae7bcc62,1466,ABD formal raw per-task/run record,absolute_personal_path_redaction_only,1
outputs/abd_eval300_formal_v1/task_artifacts/B__4572b198-2c1c-4920-bcf0-95fcebe12261_6_22.json,25bd7145227f7c35734d619d275fdc61ebd155fb0be0f0c5763dd5790649d59b,1541,content/abd_lineage/00_formal/raw_run/task_artifacts/B__4572b198-2c1c-4920-bcf0-95fcebe12261_6_22.json,9a2b4e3a591468fcb282d3e8208748e033503d7a6e7e5c4293c76bf080b8064a,1443,ABD formal raw per-task/run record,absolute_personal_path_redaction_only,1
outputs/abd_eval300_formal_v1/task_artifacts/B__4572b198-2c1c-4920-bcf0-95fcebe12261_6_24.json,b6e0e08bfe4e3abc53b649464b742108f80541e67383cea8a51b0792c85e7614,1529,content/abd_lineage/00_formal/raw_run/task_artifacts/B__4572b198-2c1c-4920-bcf0-95fcebe12261_6_24.json,b27995da294caf96fe03e5d6315ec0bea5ab86a375316f4cbeec61f42901142b,1431,ABD formal raw per-task/run record,absolute_personal_path_redaction_only,1
outputs/abd_eval300_formal_v1/task_artifacts/B__4572b198-2c1c-4920-bcf0-95fcebe12261_6_7.json,49663ba81f8105b385018b06b6fe5b3ca6d8d9b03c1ef1272a01f04a57fced60,1458,content/abd_lineage/00_formal/raw_run/task_artifacts/B__4572b198-2c1c-4920-bcf0-95fcebe12261_6_7.json,b60243792a6e029c277bbc378ae0a25197074c1cac0b44d2a4e307ea989eed61,1360,ABD formal raw per-task/run record,absolute_personal_path_redaction_only,1
outputs/abd_eval300_formal_v1/task_artifacts/B__4572b198-2c1c-4920-bcf0-95fcebe12261_7_32.json,42c749b305fd5170d8f5f7b706fa13fe0be428543f400cdd33d50704711fd0bc,1433,content/abd_lineage/00_formal/raw_run/task_artifacts/B__4572b198-2c1c-4920-bcf0-95fcebe12261_7_32.json,534cb9a0aeacf8639229c7ddb870d836c01c0ccb39f3a8c506a33da033349a12,1335,ABD formal raw per-task/run record,absolute_personal_path_redaction_only,1
outputs/abd_eval300_formal_v1/task_artifacts/B__4572b198-2c1c-4920-bcf0-95fcebe12261_7_5.json,a237ec3fb380abaf2905326717495304a54ef197c3b2e7d62fdf8dd154a0754c,1457,content/abd_lineage/00_formal/raw_run/task_artifacts/B__4572b198-2c1c-4920-bcf0-95fcebe12261_7_5.json,30effe8b34a7a54b575dbd1b38be8ae7b63457c26afb40b471d66f3fbfc41e42,1359,ABD formal raw per-task/run record,absolute_personal_path_redaction_only,1
outputs/abd_eval300_formal_v1/task_artifacts/B__4572b198-2c1c-4920-bcf0-95fcebe12261_8_13.json,a0e16b761f475c1d0f1cd59a92963d46ffcf58360cd5d0a3b0d6885a1bb4bf29,1612,content/abd_lineage/00_formal/raw_run/task_artifacts/B__4572b198-2c1c-4920-bcf0-95fcebe12261_8_13.json,5c6f963f66ea63f9cdb791416bc893e2b804fa89571747dcd60989f5497eb20f,1514,ABD formal raw per-task/run record,absolute_personal_path_redaction_only,1
outputs/abd_eval300_formal_v1/task_artifacts/B__4572b198-2c1c-4920-bcf0-95fcebe12261_8_34.json,7b5265574766ddb57b4252aac83229ccdbb371362a1ecee7329508860cb5df24,1594,content/abd_lineage/00_formal/raw_run/task_artifacts/B__4572b198-2c1c-4920-bcf0-95fcebe12261_8_34.json,2d62a5ab0e547a3088c3eba1ebdd99a0f9bd7a61a505caf21ca3dc2680f97f97,1496,ABD formal raw per-task/run record,absolute_personal_path_redaction_only,1
outputs/abd_eval300_formal_v1/task_artifacts/B__6fd90f8d-7a4d-425d-a812-3268db0b0342_11_29.json,e2bf8da1a670d8db22259710fa2698f79ce1dbe9aa7dbd6a993bea41d52404ae,1586,content/abd_lineage/00_formal/raw_run/task_artifacts/B__6fd90f8d-7a4d-425d-a812-3268db0b0342_11_29.json,b613e4eeb10ca36a2da9576d1d0465ff924ecf3f5150121a7ffd6c789af32a70,1488,ABD formal raw per-task/run record,absolute_personal_path_redaction_only,1
outputs/abd_eval300_formal_v1/task_artifacts/B__6fd90f8d-7a4d-425d-a812-3268db0b0342_12_28.json,50b68b7a8d5ee0c2485f0d22a4c4e663baae917d308b0a2318f772249b286642,1599,content/abd_lineage/00_formal/raw_run/task_artifacts/B__6fd90f8d-7a4d-425d-a812-3268db0b0342_12_28.json,0528072d7a555d981cae2893ed18247111a6240daf907882bb1599497ac85c96,1501,ABD formal raw per-task/run record,absolute_personal_path_redaction_only,1
outputs/abd_eval300_formal_v1/task_artifacts/B__6fd90f8d-7a4d-425d-a812-3268db0b0342_13_2.json,861e6d195dfcd154a707d5a0d9f063d9f2951556005c8a2fcd980e2787352ce8,1450,content/abd_lineage/00_formal/raw_run/task_artifacts/B__6fd90f8d-7a4d-425d-a812-3268db0b0342_13_2.json,779fb2b297fc69e9a442c604f13293f726db7fcf501c0a10a694d4b17dcb2f37,1352,ABD formal raw per-task/run record,absolute_personal_path_redaction_only,1
outputs/abd_eval300_formal_v1/task_artifacts/B__6fd90f8d-7a4d-425d-a812-3268db0b0342_14_3.json,0c29ed2ae8d032a60da62b7796bec100f1ffd0a7f8da159043fbafc5a543d9cd,1495,content/abd_lineage/00_formal/raw_run/task_artifacts/B__6fd90f8d-7a4d-425d-a812-3268db0b0342_14_3.json,5774435761dea84668c52ca789577dd57fe7769b931662b0236e7bc6251b0808,1397,ABD formal raw per-task/run record,absolute_personal_path_redaction_only,1
outputs/abd_eval300_formal_v1/task_artifacts/B__6fd90f8d-7a4d-425d-a812-3268db0b0342_14_4.json,ed6cc89cdb831bf43b0ae4d92863a6d052ebcd5f7059d7fce4f47a4687deb254,1550,content/abd_lineage/00_formal/raw_run/task_artifacts/B__6fd90f8d-7a4d-425d-a812-3268db0b0342_14_4.json,ebeacdcb28f207ba05b61110f7b2db2b8773082d1ee1f210fb55d5f7fd4026c4,1452,ABD formal raw per-task/run record,absolute_personal_path_redaction_only,1
outputs/abd_eval300_formal_v1/task_artifacts/B__6fd90f8d-7a4d-425d-a812-3268db0b0342_14_5.json,e00e3a9f0254b078f52b25fd9d94b90409e151faa2c37e25ffc704fb6ba4aa00,1479,content/abd_lineage/00_formal/raw_run/task_artifacts/B__6fd90f8d-7a4d-425d-a812-3268db0b0342_14_5.json,3f4646b89cb0d0295ae4a1ebb39ad4a823ff057059bc3cd46504f6dbf9df5515,1381,ABD formal raw per-task/run record,absolute_personal_path_redaction_only,1
outputs/abd_eval300_formal_v1/task_artifacts/B__6fd90f8d-7a4d-425d-a812-3268db0b0342_15_2.json,42f9f482dc1d9225a52c3ec0d3c70691c02c45852e22534ac072639443b72f1c,1433,content/abd_lineage/00_formal/raw_run/task_artifacts/B__6fd90f8d-7a4d-425d-a812-3268db0b0342_15_2.json,e9e4489200debd2d563a2d7fddbc661e3c5b38d8579cee1dfc24018e80cce9c9,1335,ABD formal raw per-task/run record,absolute_personal_path_redaction_only,1
outputs/abd_eval300_formal_v1/task_artifacts/B__6fd90f8d-7a4d-425d-a812-3268db0b0342_16_3.json,a8cfe842c392a3f494b0dea40a964ff2778a6b9f15a3fa7a212d53ff6c22be1c,1536,content/abd_lineage/00_formal/raw_run/task_artifacts/B__6fd90f8d-7a4d-425d-a812-3268db0b0342_16_3.json,195c3a275eea2c580359dd31fa7619f64c7cff20e1f2d94c06e4e658e69babdb,1438,ABD formal raw per-task/run record,absolute_personal_path_redaction_only,1
outputs/abd_eval300_formal_v1/task_artifacts/B__6fd90f8d-7a4d-425d-a812-3268db0b0342_16_4.json,67e502ddfa70891f44ef12e3795b30a5600478bed4ac570391147149bd48c941,1446,content/abd_lineage/00_formal/raw_run/task_artifacts/B__6fd90f8d-7a4d-425d-a812-3268db0b0342_16_4.json,0eb716369fbfadfcf65fd14f04c6017577d820c6c20ba778dd85b37b9d054664,1348,ABD formal raw per-task/run record,absolute_personal_path_redaction_only,1
outputs/abd_eval300_formal_v1/task_artifacts/B__6fd90f8d-7a4d-425d-a812-3268db0b0342_16_5.json,b83a307fbc1cc67246abf73aabda98ac0417b9a3a16b43842f10523e83613dad,1503,content/abd_lineage/00_formal/raw_run/task_artifacts/B__6fd90f8d-7a4d-425d-a812-3268db0b0342_16_5.json,6cc18f1f3d1c08c881532575df66c96d4ad7f63aada6b554522a0139b24822d1,1405,ABD formal raw per-task/run record,absolute_personal_path_redaction_only,1
outputs/abd_eval300_formal_v1/task_artifacts/B__6fd90f8d-7a4d-425d-a812-3268db0b0342_17_25.json,f6b4709be4f5d72c3943da7fbaafa7e28f8c91fa1aa576f65626ccb47009a3e3,1436,content/abd_lineage/00_formal/raw_run/task_artifacts/B__6fd90f8d-7a4d-425d-a812-3268db0b0342_17_25.json,eccf9c89ef5d17acdf7c355453478ee4c081b85484236f82a989552e13d2f8db,1338,ABD formal raw per-task/run record,absolute_personal_path_redaction_only,1
outputs/abd_eval300_formal_v1/task_artifacts/B__6fd90f8d-7a4d-425d-a812-3268db0b0342_17_36.json,997cef2733eab5bbd1ba4367e7f81a84b33350f3f63e9aefa1375d0c31c7f590,1430,content/abd_lineage/00_formal/raw_run/task_artifacts/B__6fd90f8d-7a4d-425d-a812-3268db0b0342_17_36.json,260abc155443258a70f2f134fca9890ec7c16103c0f1b0ee39419089c742cbd3,1332,ABD formal raw per-task/run record,absolute_personal_path_redaction_only,1
outputs/abd_eval300_formal_v1/task_artifacts/B__6fd90f8d-7a4d-425d-a812-3268db0b0342_17_5.json,961ba0ed2bb070277c6a9ae38c1d8158530508fa839bcf9e8bb001bc439c3645,1565,content/abd_lineage/00_formal/raw_run/task_artifacts/B__6fd90f8d-7a4d-425d-a812-3268db0b0342_17_5.json,f4a3e213512ce13e9fa0316283ef291008dd364be65779c28571eb41dddb2d49,1467,ABD formal raw per-task/run record,absolute_personal_path_redaction_only,1
outputs/abd_eval300_formal_v1/task_artifacts/B__6fd90f8d-7a4d-425d-a812-3268db0b0342_18_16.json,b5bc8677d35427286b5600f5de78a4f09346b1846df178803cd562533a69cfbc,1552,content/abd_lineage/00_formal/raw_run/task_artifacts/B__6fd90f8d-7a4d-425d-a812-3268db0b0342_18_16.json,24382b2ec94dccdfcc44c3126955ece05f49240ae953af4d7521cd88fb0768c5,1454,ABD formal raw per-task/run record,absolute_personal_path_redaction_only,1
outputs/abd_eval300_formal_v1/task_artifacts/B__6fd90f8d-7a4d-425d-a812-3268db0b0342_18_17.json,12ff4fa5c0b165d8105a9460b9a6502d8d61b1c78249955940b1856bfca48d12,1484,content/abd_lineage/00_formal/raw_run/task_artifacts/B__6fd90f8d-7a4d-425d-a812-3268db0b0342_18_17.json,cf61ddbb5e72757e7be566449b7faad7458138100cd6e7c57782f87a06a9c574,1386,ABD formal raw per-task/run record,absolute_personal_path_redaction_only,1
outputs/abd_eval300_formal_v1/task_artifacts/B__6fd90f8d-7a4d-425d-a812-3268db0b0342_1_1.json,e00c09a19928106b3ba3d52bec6269a2be4a7c99cc59dd6fe82e25ab4feaa7d9,1481,content/abd_lineage/00_formal/raw_run/task_artifacts/B__6fd90f8d-7a4d-425d-a812-3268db0b0342_1_1.json,ca4ab0a0d64db925f15adbc3814da363665271b5fa637e304bf8fe4ae9678857,1383,ABD formal raw per-task/run record,absolute_personal_path_redaction_only,1
outputs/abd_eval300_formal_v1/task_artifacts/B__6fd90f8d-7a4d-425d-a812-3268db0b0342_21_11.json,e96a0f8f06f2eda8c322bf9387f560a03cf1ca23ec9534a6dc955e9055a49670,1608,content/abd_lineage/00_formal/raw_run/task_artifacts/B__6fd90f8d-7a4d-425d-a812-3268db0b0342_21_11.json,900bffd96d7ff7c5cc58c39dbc27101673ef2f340465e4281e43845adcd96de1,1510,ABD formal raw per-task/run record,absolute_personal_path_redaction_only,1
outputs/abd_eval300_formal_v1/task_artifacts/B__6fd90f8d-7a4d-425d-a812-3268db0b0342_3_32.json,4c1ee570cba80df36f6ea90b66723926a9f18d7e9984309255552fd8a2df8cc0,1465,content/abd_lineage/00_formal/raw_run/task_artifacts/B__6fd90f8d-7a4d-425d-a812-3268db0b0342_3_32.json,569bfae4a08c77a6d446ad53d05300c05ce04ebcf3e113384654e0bc7a44afef,1367,ABD formal raw per-task/run record,absolute_personal_path_redaction_only,1
outputs/abd_eval300_formal_v1/task_artifacts/B__6fd90f8d-7a4d-425d-a812-3268db0b0342_4_1.json,76f35e937446acab46a35ac475ec4587da520c6ab4e303eca6f471bf07cc7d91,1504,content/abd_lineage/00_formal/raw_run/task_artifacts/B__6fd90f8d-7a4d-425d-a812-3268db0b0342_4_1.json,f3c092b0e69a09cd1060da7b927b59a9a60cc4e5fb532206db20e12ddc0fc492,1406,ABD formal raw per-task/run record,absolute_personal_path_redaction_only,1
outputs/abd_eval300_formal_v1/task_artifacts/B__6fd90f8d-7a4d-425d-a812-3268db0b0342_6_8.json,f6f7855e45e2ada6544d33c8e39a853489b36aaf826a4b8d78ab7e1a82b490f1,1452,content/abd_lineage/00_formal/raw_run/task_artifacts/B__6fd90f8d-7a4d-425d-a812-3268db0b0342_6_8.json,d783ac60b9d17fe52269e0f9e9f8d8277be4afbb78a41d9ac8c083de36cc5d8b,1354,ABD formal raw per-task/run record,absolute_personal_path_redaction_only,1
outputs/abd_eval300_formal_v1/task_artifacts/B__6fd90f8d-7a4d-425d-a812-3268db0b0342_7_27.json,a37c80461025f0f934a9b6aa6c26cf277506b2153801238fde915f39ed200133,1415,content/abd_lineage/00_formal/raw_run/task_artifacts/B__6fd90f8d-7a4d-425d-a812-3268db0b0342_7_27.json,64ef8e5267098c208e4055c8e2aacd67a7203e6ccdcf43d589b14f548cfcb357,1317,ABD formal raw per-task/run record,absolute_personal_path_redaction_only,1
outputs/abd_eval300_formal_v1/task_artifacts/B__6fd90f8d-7a4d-425d-a812-3268db0b0342_7_7.json,7f99c72292a5fd803fbbb1922716c8ae77ca810a07820ebbab0667a44df31104,1383,content/abd_lineage/00_formal/raw_run/task_artifacts/B__6fd90f8d-7a4d-425d-a812-3268db0b0342_7_7.json,a686c57a682f44315245202da02c4df373fe387f9d53c68b8764469cab6fa2ae,1285,ABD formal raw per-task/run record,absolute_personal_path_redaction_only,1
outputs/abd_eval300_formal_v1/task_artifacts/B__6fd90f8d-7a4d-425d-a812-3268db0b0342_8_10.json,8630d9ad31106993c464af9025d4e7cb0b4938bde2d7baccd3c59524a56df267,1488,content/abd_lineage/00_formal/raw_run/task_artifacts/B__6fd90f8d-7a4d-425d-a812-3268db0b0342_8_10.json,0f3e523e55a25e9a24fc7d6e1811332513abb24124566cdaec3a2e422efd7c2d,1390,ABD formal raw per-task/run record,absolute_personal_path_redaction_only,1
outputs/abd_eval300_formal_v1/task_artifacts/B__6fd90f8d-7a4d-425d-a812-3268db0b0342_8_31.json,c7271b14518c14e5a6f0001c4422079ab0435dc06b34f3fb39c3ff4ed907efc1,1459,content/abd_lineage/00_formal/raw_run/task_artifacts/B__6fd90f8d-7a4d-425d-a812-3268db0b0342_8_31.json,09547c10edd8a2e74a1d24b6c5d218a4cc45624c1e138f2a548f37ab7b95b8c5,1361,ABD formal raw per-task/run record,absolute_personal_path_redaction_only,1
outputs/abd_eval300_formal_v1/task_artifacts/B__6fd90f8d-7a4d-425d-a812-3268db0b0342_8_9.json,8f23b596b1160030df5a28c81e18b1846ea301a46e310c466384058d99226846,1513,content/abd_lineage/00_formal/raw_run/task_artifacts/B__6fd90f8d-7a4d-425d-a812-3268db0b0342_8_9.json,20c7ef01d3e6b771570923e56c617e8b547db68f04ffa7261748cb229e687641,1415,ABD formal raw per-task/run record,absolute_personal_path_redaction_only,1
outputs/abd_eval300_formal_v1/task_artifacts/B__70f2a750-f403-41b8-aabb-480eb3ab4ed4_11_23.json,bc4aa82a9253207543e94a38875ef9f17fc27828684ccd74f4e0b9b2267b4048,1515,content/abd_lineage/00_formal/raw_run/task_artifacts/B__70f2a750-f403-41b8-aabb-480eb3ab4ed4_11_23.json,4631543a7931ffc8f2915a1cb4947e6f183cd51d978d3779ff772f9cfcc1076c,1417,ABD formal raw per-task/run record,absolute_personal_path_redaction_only,1
outputs/abd_eval300_formal_v1/task_artifacts/B__70f2a750-f403-41b8-aabb-480eb3ab4ed4_11_7.json,d2bfa3b7846063baea18c3d6f9ae016ead34c0264943f03a1147359821c42e27,1416,content/abd_lineage/00_formal/raw_run/task_artifacts/B__70f2a750-f403-41b8-aabb-480eb3ab4ed4_11_7.json,9c5ee2e51896babc7490c3dffc173e832d08e2a46a4a8bbdb6fba4ff1652592f,1318,ABD formal raw per-task/run record,absolute_personal_path_redaction_only,1
outputs/abd_eval300_formal_v1/task_artifacts/B__70f2a750-f403-41b8-aabb-480eb3ab4ed4_12_17.json,fd6c038452f792a5d3c34e30c276fbbeccd2c4fe6661aabb50576d471ecdc3f5,1485,content/abd_lineage/00_formal/raw_run/task_artifacts/B__70f2a750-f403-41b8-aabb-480eb3ab4ed4_12_17.json,567f5cc5f9af652d057f3e2b9aad52a94a84fb0c874cbf35bc32334e5fe625a4,1387,ABD formal raw per-task/run record,absolute_personal_path_redaction_only,1
outputs/abd_eval300_formal_v1/task_artifacts/B__70f2a750-f403-41b8-aabb-480eb3ab4ed4_17_13.json,817997709337c204d7941d130f2582d75731692b5c164f75aff9064f5137ca67,1420,content/abd_lineage/00_formal/raw_run/task_artifacts/B__70f2a750-f403-41b8-aabb-480eb3ab4ed4_17_13.json,69635939d26076d77ebbdf359f072a5ebc929530877a51f1602a9281d557c05b,1322,ABD formal raw per-task/run record,absolute_personal_path_redaction_only,1
outputs/abd_eval300_formal_v1/task_artifacts/B__70f2a750-f403-41b8-aabb-480eb3ab4ed4_17_14.json,48374a60d434d54e953aa145efcbfd9f932964e14dd91a29a1d10ce55326e9f5,1385,content/abd_lineage/00_formal/raw_run/task_artifacts/B__70f2a750-f403-41b8-aabb-480eb3ab4ed4_17_14.json,cd9ec53d10546c68e1fb8300a594e180fc1ec233c3f882a018ae313488e1cb8c,1287,ABD formal raw per-task/run record,absolute_personal_path_redaction_only,1
outputs/abd_eval300_formal_v1/task_artifacts/B__70f2a750-f403-41b8-aabb-480eb3ab4ed4_17_16.json,38db6ae2a54e3ff12c58e842cebe7155529757cda8994d495bd7efcb53f20426,1562,content/abd_lineage/00_formal/raw_run/task_artifacts/B__70f2a750-f403-41b8-aabb-480eb3ab4ed4_17_16.json,362c25b283c50d00502c1c311e03264baee54753c70d5aebc0fd42a86b33d6a1,1464,ABD formal raw per-task/run record,absolute_personal_path_redaction_only,1
outputs/abd_eval300_formal_v1/task_artifacts/B__70f2a750-f403-41b8-aabb-480eb3ab4ed4_17_30.json,a1e3bab82fcac3a44f40b32bd1bd6eabb8765983fe4ac5fade59a1579d4eb2f9,1524,content/abd_lineage/00_formal/raw_run/task_artifacts/B__70f2a750-f403-41b8-aabb-480eb3ab4ed4_17_30.json,f7a241aad31b1de0001a4ea9bdd22225ec805c25c2cfa13e1fa48d3d3ce6086f,1426,ABD formal raw per-task/run record,absolute_personal_path_redaction_only,1
outputs/abd_eval300_formal_v1/task_artifacts/B__70f2a750-f403-41b8-aabb-480eb3ab4ed4_17_31.json,9f7c8891f85a722fb84e9416277828a31c39442c22fd4123122696e49d3c5aaf,1547,content/abd_lineage/00_formal/raw_run/task_artifacts/B__70f2a750-f403-41b8-aabb-480eb3ab4ed4_17_31.json,633377217bb3227eb8c11b73b43e7197f07d02d56587681df1e2d176b442df16,1449,ABD formal raw per-task/run record,absolute_personal_path_redaction_only,1
outputs/abd_eval300_formal_v1/task_artifacts/B__70f2a750-f403-41b8-aabb-480eb3ab4ed4_17_8.json,10016b9ad8df1ecc92b66cebcda8c83f8eaa3d79cd6d4f26f619b3901f7471f6,1428,content/abd_lineage/00_formal/raw_run/task_artifacts/B__70f2a750-f403-41b8-aabb-480eb3ab4ed4_17_8.json,99c953879486c7f9b4511bca6e1381451cd3f2c4073cdd79312eedf9e232d67a,1330,ABD formal raw per-task/run record,absolute_personal_path_redaction_only,1
outputs/abd_eval300_formal_v1/task_artifacts/B__70f2a750-f403-41b8-aabb-480eb3ab4ed4_17_9.json,4e31cfaf782b1272384787cf87dbb70754ae15b838cf25994d3a0b4bc8015383,1512,content/abd_lineage/00_formal/raw_run/task_artifacts/B__70f2a750-f403-41b8-aabb-480eb3ab4ed4_17_9.json,2e082a1a7d0e73d9c9c0bb8a204daca538343f56827839d398f6863ffd9b7e13,1414,ABD formal raw per-task/run record,absolute_personal_path_redaction_only,1
outputs/abd_eval300_formal_v1/task_artifacts/B__70f2a750-f403-41b8-aabb-480eb3ab4ed4_21_26.json,95e442fe5d5daf76308db8cf0a8cbf5195e31d2f53ac17c0d87e41f60a06c713,1583,content/abd_lineage/00_formal/raw_run/task_artifacts/B__70f2a750-f403-41b8-aabb-480eb3ab4ed4_21_26.json,ef7c9f7d446418560dd530acf6f76113c694f80f26670f89b9b8484b86d66253,1485,ABD formal raw per-task/run record,absolute_personal_path_redaction_only,1
outputs/abd_eval300_formal_v1/task_artifacts/B__70f2a750-f403-41b8-aabb-480eb3ab4ed4_22_10.json,d5de24e9d8e677637bb2e9b1ebe607c0d114747c16e98460eaa4a6de3252588e,1562,content/abd_lineage/00_formal/raw_run/task_artifacts/B__70f2a750-f403-41b8-aabb-480eb3ab4ed4_22_10.json,f39d90655aa820f69c25b6bdcb358b8a6cbbc56f5d941328afbb980b0a2e6d28,1464,ABD formal raw per-task/run record,absolute_personal_path_redaction_only,1
outputs/abd_eval300_formal_v1/task_artifacts/B__70f2a750-f403-41b8-aabb-480eb3ab4ed4_22_12.json,717ed88dbe16e86ea256c97b90902b3f172e184c1aad38d19c70e33b60d4c69b,1528,content/abd_lineage/00_formal/raw_run/task_artifacts/B__70f2a750-f403-41b8-aabb-480eb3ab4ed4_22_12.json,223b0d7e4f729019ac961383366333cc535ffee89c152ae65e2b3584a0b6d721,1430,ABD formal raw per-task/run record,absolute_personal_path_redaction_only,1
outputs/abd_eval300_formal_v1/task_artifacts/B__70f2a750-f403-41b8-aabb-480eb3ab4ed4_4_11.json,9cb4b98b808cc947e3adf0c06e0cff8992a413748e0bfd6b599f2293643f768a,1471,content/abd_lineage/00_formal/raw_run/task_artifacts/B__70f2a750-f403-41b8-aabb-480eb3ab4ed4_4_11.json,273cba72a9be43d73a59c6872250cad0d795f905f2fc4095680b1a854c7addd9,1373,ABD formal raw per-task/run record,absolute_personal_path_redaction_only,1
outputs/abd_eval300_formal_v1/task_artifacts/B__70f2a750-f403-41b8-aabb-480eb3ab4ed4_4_15.json,fbbf4737bc8eb88de03ccd7396543601fada38037e9962e8a558f34d3c59d0df,1488,content/abd_lineage/00_formal/raw_run/task_artifacts/B__70f2a750-f403-41b8-aabb-480eb3ab4ed4_4_15.json,c13b12993adff2d128bbb06adcba41e85ec61ccb253f410a3446ce2aeb674e96,1390,ABD formal raw per-task/run record,absolute_personal_path_redaction_only,1
outputs/abd_eval300_formal_v1/task_artifacts/B__70f2a750-f403-41b8-aabb-480eb3ab4ed4_4_20.json,2e5da4c5d6d73e860520fe3cc831fc75ac27ae7162d27ca057f538d3274b98c6,1474,content/abd_lineage/00_formal/raw_run/task_artifacts/B__70f2a750-f403-41b8-aabb-480eb3ab4ed4_4_20.json,72554780253a7450b494e33127e5daf5adb4496173e6f162808da2a4805e3a42,1376,ABD formal raw per-task/run record,absolute_personal_path_redaction_only,1
outputs/abd_eval300_formal_v1/task_artifacts/B__70f2a750-f403-41b8-aabb-480eb3ab4ed4_4_27.json,5d89e4b44ead529ff2954de1bc9bde203edd52ead35a3574757e7139f1ff5e95,1557,content/abd_lineage/00_formal/raw_run/task_artifacts/B__70f2a750-f403-41b8-aabb-480eb3ab4ed4_4_27.json,9b3559663e04f05601af34c8e8e2285b7a4dc553b0885fce4bce927a3a041d1d,1459,ABD formal raw per-task/run record,absolute_personal_path_redaction_only,1
outputs/abd_eval300_formal_v1/task_artifacts/B__70f2a750-f403-41b8-aabb-480eb3ab4ed4_4_6.json,a5b4e56bf772f3eab6fd981effc057549aacf32e7e8544a137ab7586b2e87f97,1488,content/abd_lineage/00_formal/raw_run/task_artifacts/B__70f2a750-f403-41b8-aabb-480eb3ab4ed4_4_6.json,a903de0d88985043752e16c69bc538b6057583e5baf33602758021bbabca5864,1390,ABD formal raw per-task/run record,absolute_personal_path_redaction_only,1
outputs/abd_eval300_formal_v1/task_artifacts/B__70f2a750-f403-41b8-aabb-480eb3ab4ed4_5_19.json,b852a2a94f0eca6dbf2c038d9c46e26706eba9638b87196100fcd4cbff5f432d,1605,content/abd_lineage/00_formal/raw_run/task_artifacts/B__70f2a750-f403-41b8-aabb-480eb3ab4ed4_5_19.json,b12e6f6cbc0e5be9f16bdf19ad3ef481babeebde453e526bba940c9763febda7,1507,ABD formal raw per-task/run record,absolute_personal_path_redaction_only,1
outputs/abd_eval300_formal_v1/task_artifacts/B__70f2a750-f403-41b8-aabb-480eb3ab4ed4_6_32.json,14f9e35b56e555e2b4ad7efbadcb7336aa963aa20b7eb6689155896e23b914c5,1428,content/abd_lineage/00_formal/raw_run/task_artifacts/B__70f2a750-f403-41b8-aabb-480eb3ab4ed4_6_32.json,09e7a99f1e933b513542296d3471e951cac4243661b6f613ec9618ad5ed76e37,1330,ABD formal raw per-task/run record,absolute_personal_path_redaction_only,1
outputs/abd_eval300_formal_v1/task_artifacts/B__70f2a750-f403-41b8-aabb-480eb3ab4ed4_7_28.json,ba5a05af996a9239ba5b5c2c92b15d90618fc5a04ec548b408c77a885e7d8537,1516,content/abd_lineage/00_formal/raw_run/task_artifacts/B__70f2a750-f403-41b8-aabb-480eb3ab4ed4_7_28.json,a10f4a936fe6157535cee348f64922e3a5dcce20a7083f87f8dfdcc6f5ec5ea0,1418,ABD formal raw per-task/run record,absolute_personal_path_redaction_only,1
outputs/abd_eval300_formal_v1/task_artifacts/B__70f2a750-f403-41b8-aabb-480eb3ab4ed4_7_29.json,260429c42adb6ee55782d46e6098dcbe10ec820cf41dc378c0237b3525806d17,1460,content/abd_lineage/00_formal/raw_run/task_artifacts/B__70f2a750-f403-41b8-aabb-480eb3ab4ed4_7_29.json,2385a56b24ebf560220a50c8c723b3d7732d4e3acd7885572a9b295df55e22c7,1362,ABD formal raw per-task/run record,absolute_personal_path_redaction_only,1
outputs/abd_eval300_formal_v1/task_artifacts/B__70f2a750-f403-41b8-aabb-480eb3ab4ed4_7_4.json,21ff4f0195c8cc22aa581c8a0e97fcfe59e478737640f301dd621666c1f0fbc5,1508,content/abd_lineage/00_formal/raw_run/task_artifacts/B__70f2a750-f403-41b8-aabb-480eb3ab4ed4_7_4.json,ff6c896ecf19d3f4ec6941fe3aeb10465c27f5f91aaf192411f7091e0a91c223,1410,ABD formal raw per-task/run record,absolute_personal_path_redaction_only,1
outputs/abd_eval300_formal_v1/task_artifacts/B__70f2a750-f403-41b8-aabb-480eb3ab4ed4_7_5.json,28e839e316e619cea1c557679e9c794a7ff1c323b4e90c175ad0fa22daef3b1a,1462,content/abd_lineage/00_formal/raw_run/task_artifacts/B__70f2a750-f403-41b8-aabb-480eb3ab4ed4_7_5.json,0e84363b2b1ac3a878e6fe1e208cf382e2573233dd372038567c7dc75a98e63c,1364,ABD formal raw per-task/run record,absolute_personal_path_redaction_only,1
outputs/abd_eval300_formal_v1/task_artifacts/B__70f2a750-f403-41b8-aabb-480eb3ab4ed4_8_2.json,1748404837c275943e9084a0bcae2325186d0abcaec31834a9a4ff3cfd1cabb6,1513,content/abd_lineage/00_formal/raw_run/task_artifacts/B__70f2a750-f403-41b8-aabb-480eb3ab4ed4_8_2.json,193becf6c8d27a37b4c66b5db83ebc554f1f88064f3d5f66236b347d49c88455,1415,ABD formal raw per-task/run record,absolute_personal_path_redaction_only,1
outputs/abd_eval300_formal_v1/task_artifacts/B__71fbc5bf-7e2a-415d-86bc-3a948742e904_12_18.json,25113b2134960f26fbd965f773d8fa2f7fda254d70a72a0b69efe61cf8988d95,1566,content/abd_lineage/00_formal/raw_run/task_artifacts/B__71fbc5bf-7e2a-415d-86bc-3a948742e904_12_18.json,981995fec34f225f283a0adc8ada920ecb2a7d49e972d4504c04ef059d37e1d9,1468,ABD formal raw per-task/run record,absolute_personal_path_redaction_only,1
outputs/abd_eval300_formal_v1/task_artifacts/B__71fbc5bf-7e2a-415d-86bc-3a948742e904_17_10.json,c05c559484d313e7c883184abdeab2011fd0ac1eeae6bcebd36cebaa1cf99d9e,1435,content/abd_lineage/00_formal/raw_run/task_artifacts/B__71fbc5bf-7e2a-415d-86bc-3a948742e904_17_10.json,1125b45a46d23ca6c6feb0795f0227408ab4c5c9706391f5e403fa4e0c3bb007,1337,ABD formal raw per-task/run record,absolute_personal_path_redaction_only,1
outputs/abd_eval300_formal_v1/task_artifacts/B__71fbc5bf-7e2a-415d-86bc-3a948742e904_17_13.json,f0e8b3eff42abc76a673dc37f4ba2c894ba8fed06c0b35c9086001d9b34021b2,1620,content/abd_lineage/00_formal/raw_run/task_artifacts/B__71fbc5bf-7e2a-415d-86bc-3a948742e904_17_13.json,8e7cf546629cdbb3567947b66a1f5e0bc64bda8d5aa220f5e20d5ed26301eb72,1522,ABD formal raw per-task/run record,absolute_personal_path_redaction_only,1
outputs/abd_eval300_formal_v1/task_artifacts/B__71fbc5bf-7e2a-415d-86bc-3a948742e904_17_25.json,1e0d7d94e46a57cb61bbd656b6aeab01680013e13a52aeeb8885aa52c03700b5,1449,content/abd_lineage/00_formal/raw_run/task_artifacts/B__71fbc5bf-7e2a-415d-86bc-3a948742e904_17_25.json,da974172151823b5c99b577b4c72dcf0f61d830af6c47adf973c312373e5ad47,1351,ABD formal raw per-task/run record,absolute_personal_path_redaction_only,1
outputs/abd_eval300_formal_v1/task_artifacts/B__71fbc5bf-7e2a-415d-86bc-3a948742e904_22_23.json,a5e12b1d237b81dca7cac0ac22a0daec2d1d9cc782a30107d52b2bd5055c4a8d,1546,content/abd_lineage/00_formal/raw_run/task_artifacts/B__71fbc5bf-7e2a-415d-86bc-3a948742e904_22_23.json,7d94af1b76b78f10225af083097581b4b92977c0abe7df6060ea26162ee83bcc,1448,ABD formal raw per-task/run record,absolute_personal_path_redaction_only,1
outputs/abd_eval300_formal_v1/task_artifacts/B__71fbc5bf-7e2a-415d-86bc-3a948742e904_22_4.json,fb194feb8b666f400d3f717ca901ab67570317d464efd7d69022469a5450856f,1624,content/abd_lineage/00_formal/raw_run/task_artifacts/B__71fbc5bf-7e2a-415d-86bc-3a948742e904_22_4.json,29ff4a0159f028cab2066d0d257acbd7437f0ed928f4133ac2625388e7fa33c6,1526,ABD formal raw per-task/run record,absolute_personal_path_redaction_only,1
outputs/abd_eval300_formal_v1/task_artifacts/B__71fbc5bf-7e2a-415d-86bc-3a948742e904_22_5.json,c1991f14a8da302a3cc3d1deabf5c14441fff885471a60e96a81e0317f5dfd65,1571,content/abd_lineage/00_formal/raw_run/task_artifacts/B__71fbc5bf-7e2a-415d-86bc-3a948742e904_22_5.json,0ef4671d4c5be4d51b868c8349fe9e1512cc64cbd55398c9d94849abc03f9b56,1473,ABD formal raw per-task/run record,absolute_personal_path_redaction_only,1
outputs/abd_eval300_formal_v1/task_artifacts/B__71fbc5bf-7e2a-415d-86bc-3a948742e904_3_7.json,0e14734d5c788fc95fb2b77c19a5ecede0c4614d303ecb6601eea6a904684b43,1499,content/abd_lineage/00_formal/raw_run/task_artifacts/B__71fbc5bf-7e2a-415d-86bc-3a948742e904_3_7.json,af15d1903ff3e5f4f9b451ff3c7c97ddb3defa3e1eb9ddab83f0a61ab531ea88,1401,ABD formal raw per-task/run record,absolute_personal_path_redaction_only,1
outputs/abd_eval300_formal_v1/task_artifacts/B__71fbc5bf-7e2a-415d-86bc-3a948742e904_4_12.json,315d09b75a58eed7b3fed2fa9d75e5893a89e59aa5c80daa6ff9b60c220b2a13,1551,content/abd_lineage/00_formal/raw_run/task_artifacts/B__71fbc5bf-7e2a-415d-86bc-3a948742e904_4_12.json,c60dfb0bdf877861faf6a0f0e1892429920fc86ef60e29a81b457032b7c00e55,1453,ABD formal raw per-task/run record,absolute_personal_path_redaction_only,1
outputs/abd_eval300_formal_v1/task_artifacts/B__71fbc5bf-7e2a-415d-86bc-3a948742e904_4_22.json,e35da028714c4b55262506be838062b6704898ab6bef9eccebe84365fb7c5a82,1519,content/abd_lineage/00_formal/raw_run/task_artifacts/B__71fbc5bf-7e2a-415d-86bc-3a948742e904_4_22.json,7f32afe655c2cb81b9bd22a6145cde6c6f82df1a9c01724ea4c9bdf8de0e7fcf,1421,ABD formal raw per-task/run record,absolute_personal_path_redaction_only,1
outputs/abd_eval300_formal_v1/task_artifacts/B__71fbc5bf-7e2a-415d-86bc-3a948742e904_4_26.json,b82cef512221cea9457d248454b26637a3245a3f00917b4c5ca47f5f7c07a80d,1543,content/abd_lineage/00_formal/raw_run/task_artifacts/B__71fbc5bf-7e2a-415d-86bc-3a948742e904_4_26.json,0e78304cd552dd810bfb40cf1511a0fa9f840c9860ad70cbdd05597f33ecd233,1445,ABD formal raw per-task/run record,absolute_personal_path_redaction_only,1
outputs/abd_eval300_formal_v1/task_artifacts/B__71fbc5bf-7e2a-415d-86bc-3a948742e904_4_6.json,e92e85698e577f5794101194486982132f1f27f2215a8d700114306975d6fe3d,1507,content/abd_lineage/00_formal/raw_run/task_artifacts/B__71fbc5bf-7e2a-415d-86bc-3a948742e904_4_6.json,94012c3866ebe4dfa62803089c144078d7685faa18ddfbec8175451e6c5f0035,1409,ABD formal raw per-task/run record,absolute_personal_path_redaction_only,1
outputs/abd_eval300_formal_v1/task_artifacts/B__71fbc5bf-7e2a-415d-86bc-3a948742e904_5_15.json,3c51d01626b9fdb0f1522a09ff03bc016dd3e43467dbd998f48f3db53fe05cbe,1506,content/abd_lineage/00_formal/raw_run/task_artifacts/B__71fbc5bf-7e2a-415d-86bc-3a948742e904_5_15.json,8dcbebfb263f1556d7855730c73d0cb769e2b8f3ac85c899585789e3fcc5fc27,1408,ABD formal raw per-task/run record,absolute_personal_path_redaction_only,1
outputs/abd_eval300_formal_v1/task_artifacts/B__71fbc5bf-7e2a-415d-86bc-3a948742e904_5_27.json,7fdefe310a0865dde5b99235836371d2fa1c213ea44ef7e8345ad1a208a50cb5,1446,content/abd_lineage/00_formal/raw_run/task_artifacts/B__71fbc5bf-7e2a-415d-86bc-3a948742e904_5_27.json,3451dca3d7ceb7c8c0658679422921a55e09c3d84e42f0e349441edb328d99b4,1348,ABD formal raw per-task/run record,absolute_personal_path_redaction_only,1
outputs/abd_eval300_formal_v1/task_artifacts/B__71fbc5bf-7e2a-415d-86bc-3a948742e904_6_14.json,8d19bc82818c37deb95b809853c31ba3b5edff4a12ef4d528785bb0f609028fa,1505,content/abd_lineage/00_formal/raw_run/task_artifacts/B__71fbc5bf-7e2a-415d-86bc-3a948742e904_6_14.json,63e14d46acc5f460a1987577915dc63754a594996dd0ad503ee5b74e0e0d0165,1407,ABD formal raw per-task/run record,absolute_personal_path_redaction_only,1
outputs/abd_eval300_formal_v1/task_artifacts/B__71fbc5bf-7e2a-415d-86bc-3a948742e904_7_11.json,92f4cac877095869112c8f36deccea3d56b00c726d947209154848d8c1322b98,1437,content/abd_lineage/00_formal/raw_run/task_artifacts/B__71fbc5bf-7e2a-415d-86bc-3a948742e904_7_11.json,a87dca08dc196aa4771cf3f92b8c06abd17210b6fac95aa30f25a940ef1051d4,1339,ABD formal raw per-task/run record,absolute_personal_path_redaction_only,1
outputs/abd_eval300_formal_v1/task_artifacts/B__71fbc5bf-7e2a-415d-86bc-3a948742e904_7_17.json,66c2d145720d145fe6274ebe6677dc6c35ad55bc0f55234c5aad239dde43a30d,1442,content/abd_lineage/00_formal/raw_run/task_artifacts/B__71fbc5bf-7e2a-415d-86bc-3a948742e904_7_17.json,a05025f6dfc84afc2c548984da95e5218ea0655f9a6f2cc6d8391b04147b3bbf,1344,ABD formal raw per-task/run record,absolute_personal_path_redaction_only,1
outputs/abd_eval300_formal_v1/task_artifacts/B__71fbc5bf-7e2a-415d-86bc-3a948742e904_7_19.json,b5d9786512d7d9eb86eeba0efff1cc23e0ea1d1b79a9be0a2cce64c5ec01cb36,1439,content/abd_lineage/00_formal/raw_run/task_artifacts/B__71fbc5bf-7e2a-415d-86bc-3a948742e904_7_19.json,b0c065fe772317e5f3a8e4a66091d39ffb1ce484f2f8acd8ce119dab5df3af3d,1341,ABD formal raw per-task/run record,absolute_personal_path_redaction_only,1
outputs/abd_eval300_formal_v1/task_artifacts/B__71fbc5bf-7e2a-415d-86bc-3a948742e904_7_2.json,f673559ed40a7d724a1a22dd6f6933b9966b125d327b2c89bc81265e3fb5cd7e,1393,content/abd_lineage/00_formal/raw_run/task_artifacts/B__71fbc5bf-7e2a-415d-86bc-3a948742e904_7_2.json,c8e805a771032c7899e352e064b0cf4df893a0bd7ca1893acd11da468cd26839,1295,ABD formal raw per-task/run record,absolute_personal_path_redaction_only,1
outputs/abd_eval300_formal_v1/task_artifacts/B__71fbc5bf-7e2a-415d-86bc-3a948742e904_7_24.json,1af1a01aa4307b3f3bf2a01b700ccdb8db471460cc2d0b029daed2259def883e,1400,content/abd_lineage/00_formal/raw_run/task_artifacts/B__71fbc5bf-7e2a-415d-86bc-3a948742e904_7_24.json,f6872fb3d0860b1f7091c843622c799ad1e6345dfac4db1333cca10664ed9c9b,1302,ABD formal raw per-task/run record,absolute_personal_path_redaction_only,1
outputs/abd_eval300_formal_v1/task_artifacts/B__71fbc5bf-7e2a-415d-86bc-3a948742e904_7_3.json,e2c4aef12090ac2b08e6e05a65e1b7baee4b5e32b2388dacfc4bfe7a741b6542,1417,content/abd_lineage/00_formal/raw_run/task_artifacts/B__71fbc5bf-7e2a-415d-86bc-3a948742e904_7_3.json,e5385b4b5de25cff8c5d3a6cfa7253c6f24c61d6e3e666e4e736856d98ab8bc3,1319,ABD formal raw per-task/run record,absolute_personal_path_redaction_only,1
outputs/abd_eval300_formal_v1/task_artifacts/B__71fbc5bf-7e2a-415d-86bc-3a948742e904_7_9.json,5cf3986d474479b99552dc868740ff06037a4a48b9fd9eef64519413b74d6296,1443,content/abd_lineage/00_formal/raw_run/task_artifacts/B__71fbc5bf-7e2a-415d-86bc-3a948742e904_7_9.json,a9598cf1b29d46c751a66205cb5477fb157c9b048378105154d85de547de20df,1345,ABD formal raw per-task/run record,absolute_personal_path_redaction_only,1
outputs/abd_eval300_formal_v1/task_artifacts/B__71fbc5bf-7e2a-415d-86bc-3a948742e904_8_1.json,ac5f96cda2547a21008acaa4effa8e8e4ad020a325b49b77a62815c7967e6323,1487,content/abd_lineage/00_formal/raw_run/task_artifacts/B__71fbc5bf-7e2a-415d-86bc-3a948742e904_8_1.json,0579e28da26e4307adc0b974555df2dbf6c39738b3f6d784116b4f6699bcc56b,1389,ABD formal raw per-task/run record,absolute_personal_path_redaction_only,1
outputs/abd_eval300_formal_v1/task_artifacts/B__71fbc5bf-7e2a-415d-86bc-3a948742e904_8_20.json,eef793fa96144c86e12577a0eb18b74f68f98b1f1dc5ad50b242311411125984,1564,content/abd_lineage/00_formal/raw_run/task_artifacts/B__71fbc5bf-7e2a-415d-86bc-3a948742e904_8_20.json,b3ebc611cff533776cc7e8bf9b42c0fc571dd34494fc8c897b5e7a3bc26c7764,1466,ABD formal raw per-task/run record,absolute_personal_path_redaction_only,1
outputs/abd_eval300_formal_v1/task_artifacts/B__71fbc5bf-7e2a-415d-86bc-3a948742e904_8_8.json,e44e90b76a31cd1c83d60a4f36d86a8f8aed74654463fb9380bc993375f9768f,1450,content/abd_lineage/00_formal/raw_run/task_artifacts/B__71fbc5bf-7e2a-415d-86bc-3a948742e904_8_8.json,669e45d9bc499c3e487affbf2e82f7e9ecf9080aee140c6bacbd4b1d6a6932cc,1352,ABD formal raw per-task/run record,absolute_personal_path_redaction_only,1
outputs/abd_eval300_formal_v1/task_artifacts/B__7ddbf8a2-5b3e-44cd-b9dc-db17ec06831b_11_12.json,9ebbcc9fde7eadb0f913d3bfe73a0305d4b3b9d43cc2de54726349e1a641240c,1461,content/abd_lineage/00_formal/raw_run/task_artifacts/B__7ddbf8a2-5b3e-44cd-b9dc-db17ec06831b_11_12.json,a97742fd9dc64fc182aa09dd20b8b7d3452e50b1ce9335cfd62884a38357526c,1363,ABD formal raw per-task/run record,absolute_personal_path_redaction_only,1
outputs/abd_eval300_formal_v1/task_artifacts/B__7ddbf8a2-5b3e-44cd-b9dc-db17ec06831b_11_14.json,86142e173f600d54fac1c67edef814414d1989bf34d7aba0183da517abc75e6b,1618,content/abd_lineage/00_formal/raw_run/task_artifacts/B__7ddbf8a2-5b3e-44cd-b9dc-db17ec06831b_11_14.json,5145753e8b64b41dff72e9d6d070700a04581b0487e7327c8a22ce7302f42405,1520,ABD formal raw per-task/run record,absolute_personal_path_redaction_only,1
outputs/abd_eval300_formal_v1/task_artifacts/B__7ddbf8a2-5b3e-44cd-b9dc-db17ec06831b_11_17.json,c5c5cb9fccdfad758872884de032be6b1e0858eda997ff29917c31cd290cea8f,1573,content/abd_lineage/00_formal/raw_run/task_artifacts/B__7ddbf8a2-5b3e-44cd-b9dc-db17ec06831b_11_17.json,d12ef9b76fbb16efc21d97a2cb160bd06f8670783c31040ddd67fedf7bf337e8,1475,ABD formal raw per-task/run record,absolute_personal_path_redaction_only,1
outputs/abd_eval300_formal_v1/task_artifacts/B__7ddbf8a2-5b3e-44cd-b9dc-db17ec06831b_17_15.json,3a09cd4fa9857dc8ce8f2ea22d1a359f07d4864d16f16b6f7de448acfca9bd06,1532,content/abd_lineage/00_formal/raw_run/task_artifacts/B__7ddbf8a2-5b3e-44cd-b9dc-db17ec06831b_17_15.json,d6747c1da6d250f3ac2dd7d6e271ca12118d297c9de8b6629c704d6f10d1987e,1434,ABD formal raw per-task/run record,absolute_personal_path_redaction_only,1
outputs/abd_eval300_formal_v1/task_artifacts/B__7ddbf8a2-5b3e-44cd-b9dc-db17ec06831b_17_6.json,1d3b3482839664659fc000b6a60dcdd6c6017c46750e8f0a05ded22b1d87af47,1462,content/abd_lineage/00_formal/raw_run/task_artifacts/B__7ddbf8a2-5b3e-44cd-b9dc-db17ec06831b_17_6.json,c06a8337fa90801d34a9b8ca2379516160be57a4147684054cd670c1b1664ed6,1364,ABD formal raw per-task/run record,absolute_personal_path_redaction_only,1
outputs/abd_eval300_formal_v1/task_artifacts/B__7ddbf8a2-5b3e-44cd-b9dc-db17ec06831b_22_23.json,0f504b1503ddb2907bdb732a4a2efdfd41a131e405fd9100d8b8e3fa5b9c9fe8,1588,content/abd_lineage/00_formal/raw_run/task_artifacts/B__7ddbf8a2-5b3e-44cd-b9dc-db17ec06831b_22_23.json,db59cd68a15002e3d3b504715022b6b73c8a0033ad75f289a018dc8615bddf4a,1490,ABD formal raw per-task/run record,absolute_personal_path_redaction_only,1
outputs/abd_eval300_formal_v1/task_artifacts/B__7ddbf8a2-5b3e-44cd-b9dc-db17ec06831b_22_3.json,dc7933e481118a225653b2239703e08827736343cc1101e703c4ba32a2506386,1499,content/abd_lineage/00_formal/raw_run/task_artifacts/B__7ddbf8a2-5b3e-44cd-b9dc-db17ec06831b_22_3.json,960b35154d35ffb83c99e36ac08bc20efa2f71f78c9b1f0186754e29c23ed65c,1401,ABD formal raw per-task/run record,absolute_personal_path_redaction_only,1
outputs/abd_eval300_formal_v1/task_artifacts/B__7ddbf8a2-5b3e-44cd-b9dc-db17ec06831b_4_19.json,dd0702cdaa936a7b9f6125a172ec0a4bee6e8ba7946824d6ac97f6c08c59e4de,1539,content/abd_lineage/00_formal/raw_run/task_artifacts/B__7ddbf8a2-5b3e-44cd-b9dc-db17ec06831b_4_19.json,53bc38ead72466fa1b67915e7627f7bc5971430e73e87a624dc8b04ec454c3d0,1441,ABD formal raw per-task/run record,absolute_personal_path_redaction_only,1
outputs/abd_eval300_formal_v1/task_artifacts/B__7ddbf8a2-5b3e-44cd-b9dc-db17ec06831b_4_2.json,b63a32ce4192293a1f44ce0b06940ef308a3ff7dad20c4d3947da85176dce5f8,1508,content/abd_lineage/00_formal/raw_run/task_artifacts/B__7ddbf8a2-5b3e-44cd-b9dc-db17ec06831b_4_2.json,5e5ab3788629573d457565cbb96310845b1fbdafccaef557e50324180417210f,1410,ABD formal raw per-task/run record,absolute_personal_path_redaction_only,1
outputs/abd_eval300_formal_v1/task_artifacts/B__7ddbf8a2-5b3e-44cd-b9dc-db17ec06831b_4_24.json,16600026bdb6e5a8fdb9286abb4f7e5761bef1c2f796f8a063d9f44eafc90362,1486,content/abd_lineage/00_formal/raw_run/task_artifacts/B__7ddbf8a2-5b3e-44cd-b9dc-db17ec06831b_4_24.json,22c768cb4b840ebf55eb43b8c657b1d268c0066eb67e06f0db66826be2603f3d,1388,ABD formal raw per-task/run record,absolute_personal_path_redaction_only,1
outputs/abd_eval300_formal_v1/task_artifacts/B__7ddbf8a2-5b3e-44cd-b9dc-db17ec06831b_4_9.json,214db6455781f1a42f65c44140046ea99f1d6c0fad6961a7d30474cbc07f4db5,1462,content/abd_lineage/00_formal/raw_run/task_artifacts/B__7ddbf8a2-5b3e-44cd-b9dc-db17ec06831b_4_9.json,d1caa4922d7e89e0a61e59485f98ca392d2bf42e4d2815ad1e40062589ba7585,1364,ABD formal raw per-task/run record,absolute_personal_path_redaction_only,1
outputs/abd_eval300_formal_v1/task_artifacts/B__7ddbf8a2-5b3e-44cd-b9dc-db17ec06831b_5_1.json,12b3d2011e668b7a8524e4f6b8c3019b7f8714f8977205d1d4856013cfef625b,1537,content/abd_lineage/00_formal/raw_run/task_artifacts/B__7ddbf8a2-5b3e-44cd-b9dc-db17ec06831b_5_1.json,4f3210e5e3b5e6711fc72556423398c788173935ad66e9d2dca441628ed0fd00,1439,ABD formal raw per-task/run record,absolute_personal_path_redaction_only,1
outputs/abd_eval300_formal_v1/task_artifacts/B__7ddbf8a2-5b3e-44cd-b9dc-db17ec06831b_5_22.json,39cfa501b771407d214080ef4b4f1b3f056f089d4d11dca32212aa1629bc3570,1436,content/abd_lineage/00_formal/raw_run/task_artifacts/B__7ddbf8a2-5b3e-44cd-b9dc-db17ec06831b_5_22.json,629d8c95a3bf3686f548832b4b4a91e1133aab8b29a59018fac6410e7b080370,1338,ABD formal raw per-task/run record,absolute_personal_path_redaction_only,1
outputs/abd_eval300_formal_v1/task_artifacts/B__7ddbf8a2-5b3e-44cd-b9dc-db17ec06831b_6_7.json,72f21a6d58961da0d81f3d09f8fc7a5a2558bebd09c205fdec4387ac9468cd9e,1526,content/abd_lineage/00_formal/raw_run/task_artifacts/B__7ddbf8a2-5b3e-44cd-b9dc-db17ec06831b_6_7.json,bf955db3976b50a3af1d5ee5c2fd693f9f273b6653116649a616364a239261f2,1428,ABD formal raw per-task/run record,absolute_personal_path_redaction_only,1
outputs/abd_eval300_formal_v1/task_artifacts/B__7ddbf8a2-5b3e-44cd-b9dc-db17ec06831b_6_8.json,e1ef404b03a0fbb31bb0bbadb32e702a0099d49d8cb4af5ead4f44c51169ab91,1559,content/abd_lineage/00_formal/raw_run/task_artifacts/B__7ddbf8a2-5b3e-44cd-b9dc-db17ec06831b_6_8.json,360e3994fcd38ba6952d62f680debf8e0c6afaeca98b55daf392b448e5f2f39d,1461,ABD formal raw per-task/run record,absolute_personal_path_redaction_only,1
outputs/abd_eval300_formal_v1/task_artifacts/B__7ddbf8a2-5b3e-44cd-b9dc-db17ec06831b_7_11.json,9be6f01d15548dd98c23f4040ec0fb6396bfc2fc7994652ea10314d236502a7f,1506,content/abd_lineage/00_formal/raw_run/task_artifacts/B__7ddbf8a2-5b3e-44cd-b9dc-db17ec06831b_7_11.json,03553b828473e37d2088f8a8e0debdafbe9b3dbe218216a3a7523a97aaa20ee9,1408,ABD formal raw per-task/run record,absolute_personal_path_redaction_only,1
outputs/abd_eval300_formal_v1/task_artifacts/B__7ddbf8a2-5b3e-44cd-b9dc-db17ec06831b_7_16.json,ad46b0400d5f0001cb95b2417ffdc20947c040aef3272dad349a940138d6afab,1552,content/abd_lineage/00_formal/raw_run/task_artifacts/B__7ddbf8a2-5b3e-44cd-b9dc-db17ec06831b_7_16.json,f893eb073d608887f970b30e6c3b5ece356aba376519b8b6bf6f9538fdc2ae08,1454,ABD formal raw per-task/run record,absolute_personal_path_redaction_only,1
outputs/abd_eval300_formal_v1/task_artifacts/B__7ddbf8a2-5b3e-44cd-b9dc-db17ec06831b_7_21.json,1ab6ab8b3c2542510eeb85a9a1c1ca495d8c1dcd1d4cbfb35874b375e247c8b5,1501,content/abd_lineage/00_formal/raw_run/task_artifacts/B__7ddbf8a2-5b3e-44cd-b9dc-db17ec06831b_7_21.json,e953a695f08a0f77c73d5f2a9e07e92bf6254a15274cae3d8e2449469b31fe28,1403,ABD formal raw per-task/run record,absolute_personal_path_redaction_only,1
outputs/abd_eval300_formal_v1/task_artifacts/B__7ddbf8a2-5b3e-44cd-b9dc-db17ec06831b_7_4.json,565f13aee303beeea9274b7091abcfdecd85403be101a1d301a698e3b48cdf95,1458,content/abd_lineage/00_formal/raw_run/task_artifacts/B__7ddbf8a2-5b3e-44cd-b9dc-db17ec06831b_7_4.json,4fc439991cefc3423fc75df23b943d91cce603c94fb49a89563c5c5d595468a3,1360,ABD formal raw per-task/run record,absolute_personal_path_redaction_only,1
outputs/abd_eval300_formal_v1/task_artifacts/B__7ddbf8a2-5b3e-44cd-b9dc-db17ec06831b_7_5.json,96131d7cd6b6b10f4f1d318ac1e48a32eaf6988265f7af0adeaa253f181ae9b4,1494,content/abd_lineage/00_formal/raw_run/task_artifacts/B__7ddbf8a2-5b3e-44cd-b9dc-db17ec06831b_7_5.json,387d44a95bc81ee029adb152c94662e21c5304561c5e2a4ac4916031bbbc678d,1396,ABD formal raw per-task/run record,absolute_personal_path_redaction_only,1
outputs/abd_eval300_formal_v1/task_artifacts/B__7ddbf8a2-5b3e-44cd-b9dc-db17ec06831b_8_10.json,f91e2643e6b6b4e7ac7f7b3833e0296c49ddacd258e45c86970162d1b4a3aa48,1570,content/abd_lineage/00_formal/raw_run/task_artifacts/B__7ddbf8a2-5b3e-44cd-b9dc-db17ec06831b_8_10.json,758816b1317eb95da89d81e4ebda1cfe44e1f499e2ebaa680146c16390ef564c,1472,ABD formal raw per-task/run record,absolute_personal_path_redaction_only,1
outputs/abd_eval300_formal_v1/task_artifacts/B__7ddbf8a2-5b3e-44cd-b9dc-db17ec06831b_8_13.json,46e0c15b0c860ebb5797663caf5458efa3646317aea82b77fc9628583bd03004,1546,content/abd_lineage/00_formal/raw_run/task_artifacts/B__7ddbf8a2-5b3e-44cd-b9dc-db17ec06831b_8_13.json,83ca03f5c6e68bbb3d66edcb9152296f7d78bc3dc93261fe1a1ca7a6d88a3326,1448,ABD formal raw per-task/run record,absolute_personal_path_redaction_only,1
outputs/abd_eval300_formal_v1/task_artifacts/B__7ddbf8a2-5b3e-44cd-b9dc-db17ec06831b_8_18.json,6205ebd4b4855626b96d2d6bc7fc791bf7ef7091bd4cf8b1c0ad46e44d5a5564,1590,content/abd_lineage/00_formal/raw_run/task_artifacts/B__7ddbf8a2-5b3e-44cd-b9dc-db17ec06831b_8_18.json,c10fd55c36dc7868c94d5e8385d413c7a5ec39c8177398251c6973ecd2e3e6fa,1492,ABD formal raw per-task/run record,absolute_personal_path_redaction_only,1
outputs/abd_eval300_formal_v1/task_artifacts/B__7ddbf8a2-5b3e-44cd-b9dc-db17ec06831b_8_20.json,ce7eed19b52f81d68caae25644ac2a0afc78cfbd1e1e999bcb2447d5c73c052a,1576,content/abd_lineage/00_formal/raw_run/task_artifacts/B__7ddbf8a2-5b3e-44cd-b9dc-db17ec06831b_8_20.json,e0d3d600f82fc0162c3a36983cf8f91a59e34296890b795f2008a6a6b33c51a0,1478,ABD formal raw per-task/run record,absolute_personal_path_redaction_only,1
outputs/abd_eval300_formal_v1/task_artifacts/B__7ddbf8a2-5b3e-44cd-b9dc-db17ec06831b_8_25.json,ebf02095d936407b1bf56653b168770c0a253c6c2e76281c0bb2cc04f5a05d72,1467,content/abd_lineage/00_formal/raw_run/task_artifacts/B__7ddbf8a2-5b3e-44cd-b9dc-db17ec06831b_8_25.json,858a86f26dba78d14403161e56e218affffff9558016c7f09c23407cc642ceb6,1369,ABD formal raw per-task/run record,absolute_personal_path_redaction_only,1
outputs/abd_eval300_formal_v1/task_artifacts/B__7e512589-aa97-41e8-83d3-af2e83e4fd06_11_14.json,5adad82ea725c49dd1ae6a528d012ea73912f75467c00c5fe06299920e25e10d,1481,content/abd_lineage/00_formal/raw_run/task_artifacts/B__7e512589-aa97-41e8-83d3-af2e83e4fd06_11_14.json,f9c67cd9c5aa9df132cb469c0143b12636fd2f5dcdb24aede733c56ff4bfc473,1383,ABD formal raw per-task/run record,absolute_personal_path_redaction_only,1
outputs/abd_eval300_formal_v1/task_artifacts/B__7e512589-aa97-41e8-83d3-af2e83e4fd06_11_18.json,da552e779bb3ddebd6d60397d56f10f5c909c413ef678b8f7d22f75693d99c02,1465,content/abd_lineage/00_formal/raw_run/task_artifacts/B__7e512589-aa97-41e8-83d3-af2e83e4fd06_11_18.json,f8c05323dde3fcf329c3547b2f641ca715000f87f686609494cf4069dc7d9f2e,1367,ABD formal raw per-task/run record,absolute_personal_path_redaction_only,1
outputs/abd_eval300_formal_v1/task_artifacts/B__7e512589-aa97-41e8-83d3-af2e83e4fd06_11_24.json,4c65d7d1ae25e755129e300d12998f7f6c0a1525497e0be3c3b3950a9d2a396d,1458,content/abd_lineage/00_formal/raw_run/task_artifacts/B__7e512589-aa97-41e8-83d3-af2e83e4fd06_11_24.json,144932b114f9cbf72074ee7754e0ea4ae76bdfeac8858455f536023882a2165e,1360,ABD formal raw per-task/run record,absolute_personal_path_redaction_only,1
outputs/abd_eval300_formal_v1/task_artifacts/B__7e512589-aa97-41e8-83d3-af2e83e4fd06_17_10.json,2876cb29e18046ea3505bac984326d916761104a4c4f4cb4f1340124d96b0b79,1760,content/abd_lineage/00_formal/raw_run/task_artifacts/B__7e512589-aa97-41e8-83d3-af2e83e4fd06_17_10.json,35431bf4c3ba488afd0eec9f04a176d6b053b2bd5731a7d6ebf0258e02284be5,1662,ABD formal raw per-task/run record,absolute_personal_path_redaction_only,1
outputs/abd_eval300_formal_v1/task_artifacts/B__7e512589-aa97-41e8-83d3-af2e83e4fd06_17_16.json,8c85da52731bacf0fc1c041c41ce32abcb96c9dc43cad6057076ef50e6f1e436,1575,content/abd_lineage/00_formal/raw_run/task_artifacts/B__7e512589-aa97-41e8-83d3-af2e83e4fd06_17_16.json,831bebdcef63fb74fe5454f66833ab5588795f98f4de4e2e85eadad8d7718d38,1477,ABD formal raw per-task/run record,absolute_personal_path_redaction_only,1
outputs/abd_eval300_formal_v1/task_artifacts/B__7e512589-aa97-41e8-83d3-af2e83e4fd06_17_2.json,8fef53bf8427957275ebe99d7b907cf0fe16584e8e966c80d803e7fefe8a577b,1391,content/abd_lineage/00_formal/raw_run/task_artifacts/B__7e512589-aa97-41e8-83d3-af2e83e4fd06_17_2.json,cd7ae74442fbca849250d68ef2ae6488494bc1fef87768d8ba7e564a4ede4124,1293,ABD formal raw per-task/run record,absolute_personal_path_redaction_only,1
outputs/abd_eval300_formal_v1/task_artifacts/B__7e512589-aa97-41e8-83d3-af2e83e4fd06_17_30.json,530f52d1154f9c983c91ea37d1bbc0abbf60ace9b5847a99ae4ce6040cfc7e3f,1493,content/abd_lineage/00_formal/raw_run/task_artifacts/B__7e512589-aa97-41e8-83d3-af2e83e4fd06_17_30.json,18b4655a38868e6fc18a4ce4b5738397340df919d3746dab2dae9b397e2005dd,1395,ABD formal raw per-task/run record,absolute_personal_path_redaction_only,1
outputs/abd_eval300_formal_v1/task_artifacts/B__7e512589-aa97-41e8-83d3-af2e83e4fd06_17_34.json,84dc482c5dd184d12e54e1295f912088d2b8bbc567a34338ba5dcacb6a9709ab,1495,content/abd_lineage/00_formal/raw_run/task_artifacts/B__7e512589-aa97-41e8-83d3-af2e83e4fd06_17_34.json,9133ce1903122916dd118d93b049ef9872cf90f3fb1702b311595fef3a4afef1,1397,ABD formal raw per-task/run record,absolute_personal_path_redaction_only,1
outputs/abd_eval300_formal_v1/task_artifacts/B__7e512589-aa97-41e8-83d3-af2e83e4fd06_21_19.json,c5cd6cec63672f42b0af8742db174a74ca9041063bdd01578a78466db6244b36,1462,content/abd_lineage/00_formal/raw_run/task_artifacts/B__7e512589-aa97-41e8-83d3-af2e83e4fd06_21_19.json,48e8e1556c116125e21a57d4aea82ddf157a9dfa5ffa75226e996e1646ffe416,1364,ABD formal raw per-task/run record,absolute_personal_path_redaction_only,1
outputs/abd_eval300_formal_v1/task_artifacts/B__7e512589-aa97-41e8-83d3-af2e83e4fd06_22_11.json,c4caedfdecb11433f4cc4493ce26807c0575d9c942a3b03b38840a08cfedd22f,1498,content/abd_lineage/00_formal/raw_run/task_artifacts/B__7e512589-aa97-41e8-83d3-af2e83e4fd06_22_11.json,3ae192cce365905bad8edd4b709c652c0b0541911b3f7083b4cfd4c1ff2cd95d,1400,ABD formal raw per-task/run record,absolute_personal_path_redaction_only,1
outputs/abd_eval300_formal_v1/task_artifacts/B__7e512589-aa97-41e8-83d3-af2e83e4fd06_22_8.json,ac6a53310f22741fdb7a20d7835d88f67a53bb1fbe09a3d645920fd1ccee342d,1446,content/abd_lineage/00_formal/raw_run/task_artifacts/B__7e512589-aa97-41e8-83d3-af2e83e4fd06_22_8.json,e4620220e291026ca878b2892d39b2cf54bf4041bbcd957b555c29c2ebb5dc0c,1348,ABD formal raw per-task/run record,absolute_personal_path_redaction_only,1
outputs/abd_eval300_formal_v1/task_artifacts/B__7e512589-aa97-41e8-83d3-af2e83e4fd06_23_28.json,7b841d9b8473bc5ebbda2e186f3859afbfda91d744f4e103f8cb3edb9f58cf84,1543,content/abd_lineage/00_formal/raw_run/task_artifacts/B__7e512589-aa97-41e8-83d3-af2e83e4fd06_23_28.json,c8ba71213de700398b1a916ca72eddf2829edb1ff16d452c207a63b1449ee91f,1445,ABD formal raw per-task/run record,absolute_personal_path_redaction_only,1
outputs/abd_eval300_formal_v1/task_artifacts/B__7e512589-aa97-41e8-83d3-af2e83e4fd06_3_21.json,b3a618021bed337b3115a778cc1fb397d5985388fc68fcd4d31d4258b377a9c6,1490,content/abd_lineage/00_formal/raw_run/task_artifacts/B__7e512589-aa97-41e8-83d3-af2e83e4fd06_3_21.json,b65df4720bb24a2e8a12f565e3546f005c1412fc8d5e8f05e5ec8bd58c93b978,1392,ABD formal raw per-task/run record,absolute_personal_path_redaction_only,1
outputs/abd_eval300_formal_v1/task_artifacts/B__7e512589-aa97-41e8-83d3-af2e83e4fd06_3_26.json,d4a5ad6da00e024a7873f1038e30f6a76fedfd5f454e7470c09fb4fdd427d52c,1664,content/abd_lineage/00_formal/raw_run/task_artifacts/B__7e512589-aa97-41e8-83d3-af2e83e4fd06_3_26.json,762346e36da064b8510211257ed63934fe0ceb955439ad3bb2dc81d0b8d272d0,1566,ABD formal raw per-task/run record,absolute_personal_path_redaction_only,1
outputs/abd_eval300_formal_v1/task_artifacts/B__7e512589-aa97-41e8-83d3-af2e83e4fd06_4_3.json,8752e1ad8821a491637492834d4738257ee611c4ac9ee507ac2dbf68f2f8609c,1585,content/abd_lineage/00_formal/raw_run/task_artifacts/B__7e512589-aa97-41e8-83d3-af2e83e4fd06_4_3.json,89921889f2f914c55c77eea05a8691fc8559e650a9da64d1c70c98572eaf868c,1487,ABD formal raw per-task/run record,absolute_personal_path_redaction_only,1
outputs/abd_eval300_formal_v1/task_artifacts/B__7e512589-aa97-41e8-83d3-af2e83e4fd06_4_5.json,b60d8c2585837b877998a380608c063381d64a0a04a6984c990b29369a8015cb,1532,content/abd_lineage/00_formal/raw_run/task_artifacts/B__7e512589-aa97-41e8-83d3-af2e83e4fd06_4_5.json,8acc83c61de1578ea4bf7cc74cc67e403d27a02fa1a8e00105f9848bfc4ff3c7,1434,ABD formal raw per-task/run record,absolute_personal_path_redaction_only,1
outputs/abd_eval300_formal_v1/task_artifacts/B__7e512589-aa97-41e8-83d3-af2e83e4fd06_5_33.json,c8d246cd1bbd00604d377fb0e257e6d77d9f9837c2d85b18817b247d426fab9a,1559,content/abd_lineage/00_formal/raw_run/task_artifacts/B__7e512589-aa97-41e8-83d3-af2e83e4fd06_5_33.json,7a9732b03bab2be418cdebdf596e49ef89fc45236d65653b1a9f45d66a1209fa,1461,ABD formal raw per-task/run record,absolute_personal_path_redaction_only,1
outputs/abd_eval300_formal_v1/task_artifacts/B__7e512589-aa97-41e8-83d3-af2e83e4fd06_6_15.json,0d29fad559ab241e694039f506c127731e96a51413f713bc7186144580d6d2c6,1554,content/abd_lineage/00_formal/raw_run/task_artifacts/B__7e512589-aa97-41e8-83d3-af2e83e4fd06_6_15.json,dc8631cdb8afee924bafa907f12c2c96ee4baf86f64e6be44d1e8636ad5b1aa9,1456,ABD formal raw per-task/run record,absolute_personal_path_redaction_only,1
outputs/abd_eval300_formal_v1/task_artifacts/B__7e512589-aa97-41e8-83d3-af2e83e4fd06_6_27.json,e0b7f4c7e79db01b470c11c4d8002b0843c9a1890fe8f2d7e866838b506ca036,1458,content/abd_lineage/00_formal/raw_run/task_artifacts/B__7e512589-aa97-41e8-83d3-af2e83e4fd06_6_27.json,530582506f8253913824f23bbd6e63ad38fd34b0be7bd39d083a7bafaa1f082a,1360,ABD formal raw per-task/run record,absolute_personal_path_redaction_only,1
outputs/abd_eval300_formal_v1/task_artifacts/B__7e512589-aa97-41e8-83d3-af2e83e4fd06_6_7.json,133bed87c14143d89f3945483a8b53bdba81a226391e3bf09d7b63d100a863a8,1441,content/abd_lineage/00_formal/raw_run/task_artifacts/B__7e512589-aa97-41e8-83d3-af2e83e4fd06_6_7.json,d25fdad54f6f1fa02e955612c62ca7736a81b114c63d992c0a1911ca7b085ac5,1343,ABD formal raw per-task/run record,absolute_personal_path_redaction_only,1
outputs/abd_eval300_formal_v1/task_artifacts/B__7e512589-aa97-41e8-83d3-af2e83e4fd06_7_20.json,d13776f7eb74c0a6e9641f3f573be536303235799eb6dd99fcb2cfb06d4266a8,1431,content/abd_lineage/00_formal/raw_run/task_artifacts/B__7e512589-aa97-41e8-83d3-af2e83e4fd06_7_20.json,985f29c4cfce17bc171043e1cc8d4da05b1b5efc3a730c2a5e98e95d1acb6565,1333,ABD formal raw per-task/run record,absolute_personal_path_redaction_only,1
outputs/abd_eval300_formal_v1/task_artifacts/B__7e512589-aa97-41e8-83d3-af2e83e4fd06_7_22.json,268c429ccf443708bbdbbe509e35bb71dfdf9c191427615a25eee258e690e287,1423,content/abd_lineage/00_formal/raw_run/task_artifacts/B__7e512589-aa97-41e8-83d3-af2e83e4fd06_7_22.json,5c56edc6220d7fe4f18d49efbd4543605db88e4c33795e8f7dc78ddb14bd6397,1325,ABD formal raw per-task/run record,absolute_personal_path_redaction_only,1
outputs/abd_eval300_formal_v1/task_artifacts/B__7e512589-aa97-41e8-83d3-af2e83e4fd06_7_23.json,9b319c489a05efb0b927396fdf321cbc8567e025a2d9468c534b6ecbad100592,1438,content/abd_lineage/00_formal/raw_run/task_artifacts/B__7e512589-aa97-41e8-83d3-af2e83e4fd06_7_23.json,1eab73a8ea80a28180bf8687a152cf0196e3a09b40361a252ff290a788ec23e8,1340,ABD formal raw per-task/run record,absolute_personal_path_redaction_only,1
outputs/abd_eval300_formal_v1/task_artifacts/B__7e512589-aa97-41e8-83d3-af2e83e4fd06_7_4.json,ede30f812ed14e4d498f2a61e8fa2851075ef0b2ccd9cf3d0bea0a4ffde9f3fa,1435,content/abd_lineage/00_formal/raw_run/task_artifacts/B__7e512589-aa97-41e8-83d3-af2e83e4fd06_7_4.json,996331a81e2e9dea6903e5f94090781fddcce5ec00ff2aaddcfee703d3253c23,1337,ABD formal raw per-task/run record,absolute_personal_path_redaction_only,1
outputs/abd_eval300_formal_v1/task_artifacts/B__7e512589-aa97-41e8-83d3-af2e83e4fd06_8_12.json,20d4b0a83fec1dce619591cb55da64869fa32bf92d2bfe9002952bdde6a5dbf0,1558,content/abd_lineage/00_formal/raw_run/task_artifacts/B__7e512589-aa97-41e8-83d3-af2e83e4fd06_8_12.json,394a21821d9a6f5e28fa858647b022b576e6edfebb513b197aed41fa87faa9c0,1460,ABD formal raw per-task/run record,absolute_personal_path_redaction_only,1
outputs/abd_eval300_formal_v1/task_artifacts/B__819c8af7-851f-434f-ab32-318285bc54b1_11_14.json,fb9d6d1f65f6e99da90797b72155d7a641e7c60047112056bd3b837ee8540001,1490,content/abd_lineage/00_formal/raw_run/task_artifacts/B__819c8af7-851f-434f-ab32-318285bc54b1_11_14.json,a233c551c43a76725a8397b94f36196bd7a30e22b35672da3dcd5fdcdb2e3b31,1392,ABD formal raw per-task/run record,absolute_personal_path_redaction_only,1
outputs/abd_eval300_formal_v1/task_artifacts/B__819c8af7-851f-434f-ab32-318285bc54b1_11_24.json,85020d6e8cdbba6311e0fd751affee2fa50cc023843e9ca79ca0efdfbc1d534a,1476,content/abd_lineage/00_formal/raw_run/task_artifacts/B__819c8af7-851f-434f-ab32-318285bc54b1_11_24.json,d776bf5b8514cad42e77a823395c826ea3ee54f4859905fd973b0e39060b5cb3,1378,ABD formal raw per-task/run record,absolute_personal_path_redaction_only,1
outputs/abd_eval300_formal_v1/task_artifacts/B__819c8af7-851f-434f-ab32-318285bc54b1_11_3.json,278f41f0e3342752e8e6a849de740742110fe0980ab2fd676a4ce139ae2283ad,1494,content/abd_lineage/00_formal/raw_run/task_artifacts/B__819c8af7-851f-434f-ab32-318285bc54b1_11_3.json,6d5a0c28fa7dd52ab5797e5c627807fd92f38e9ce3c487f7bb3d86b7f99e55df,1396,ABD formal raw per-task/run record,absolute_personal_path_redaction_only,1
outputs/abd_eval300_formal_v1/task_artifacts/B__819c8af7-851f-434f-ab32-318285bc54b1_12_7.json,adb66550c6219bde67abd7b414bcbd4a584fbaa20489929830953f7daeb08eb4,1448,content/abd_lineage/00_formal/raw_run/task_artifacts/B__819c8af7-851f-434f-ab32-318285bc54b1_12_7.json,cd62dd18449601195c04211631f8328e90744ba148339d5aeffde31f6bcaac23,1350,ABD formal raw per-task/run record,absolute_personal_path_redaction_only,1
outputs/abd_eval300_formal_v1/task_artifacts/B__819c8af7-851f-434f-ab32-318285bc54b1_17_20.json,74064efa3b50405ebb01b2d7984507ad4012a3f75c8bfdfb6adf65e7b4226dea,1433,content/abd_lineage/00_formal/raw_run/task_artifacts/B__819c8af7-851f-434f-ab32-318285bc54b1_17_20.json,5009d26405b7fde42b261901fbcd3e118206a5324c764a42e2ebfdf2364481c0,1335,ABD formal raw per-task/run record,absolute_personal_path_redaction_only,1
outputs/abd_eval300_formal_v1/task_artifacts/B__819c8af7-851f-434f-ab32-318285bc54b1_17_22.json,deb19ab234f7112eb9cd8ecadb672a2d2b465ef4650a6323aab64b3885044c1a,1456,content/abd_lineage/00_formal/raw_run/task_artifacts/B__819c8af7-851f-434f-ab32-318285bc54b1_17_22.json,19b6bf514ce125043e0d3003fe14eaa780a30f654124a9dba7a58dc5d979cd1a,1358,ABD formal raw per-task/run record,absolute_personal_path_redaction_only,1
outputs/abd_eval300_formal_v1/task_artifacts/B__819c8af7-851f-434f-ab32-318285bc54b1_17_26.json,e2f4575ed7836a262796015048c8260ff98683161b41443e4ceb282fc5d92da5,1550,content/abd_lineage/00_formal/raw_run/task_artifacts/B__819c8af7-851f-434f-ab32-318285bc54b1_17_26.json,4e4076e4f057955e1fcbe99e762c44ff108e63916cd0de4d57b60fb8384d3093,1452,ABD formal raw per-task/run record,absolute_personal_path_redaction_only,1
outputs/abd_eval300_formal_v1/task_artifacts/B__819c8af7-851f-434f-ab32-318285bc54b1_17_29.json,634356ae78859f0550210ce3b8120cc0e1b7e98c4455d5ef213a060173daaa2c,1580,content/abd_lineage/00_formal/raw_run/task_artifacts/B__819c8af7-851f-434f-ab32-318285bc54b1_17_29.json,79f804e7c0a7509a23b3d4987e9e5f1293e44afb9d227764a481a90a997556cd,1482,ABD formal raw per-task/run record,absolute_personal_path_redaction_only,1
outputs/abd_eval300_formal_v1/task_artifacts/B__819c8af7-851f-434f-ab32-318285bc54b1_18_6.json,3b9b4105ad3af0f0650ab989115d90bcd8d8f68a485c6fa0de98df5432a3adbb,1609,content/abd_lineage/00_formal/raw_run/task_artifacts/B__819c8af7-851f-434f-ab32-318285bc54b1_18_6.json,279e65cb6ed160b5c8cb09a24a1059226d252e0d8cca37a1dde0feba19771861,1511,ABD formal raw per-task/run record,absolute_personal_path_redaction_only,1
outputs/abd_eval300_formal_v1/task_artifacts/B__819c8af7-851f-434f-ab32-318285bc54b1_23_5.json,bfb11e368a76a1681d289b346af76c99b43127815ae021ae1c4a50265ac40d07,1551,content/abd_lineage/00_formal/raw_run/task_artifacts/B__819c8af7-851f-434f-ab32-318285bc54b1_23_5.json,75fb8deff10dd027de2d4c9f7afff7c40b90065a118c40d3298f857d0c267fd7,1453,ABD formal raw per-task/run record,absolute_personal_path_redaction_only,1
outputs/abd_eval300_formal_v1/task_artifacts/B__819c8af7-851f-434f-ab32-318285bc54b1_3_12.json,4534ecdf3311f161eb8e7b4d85469262a43f9deebd116e1e2f2553566c29e71f,1432,content/abd_lineage/00_formal/raw_run/task_artifacts/B__819c8af7-851f-434f-ab32-318285bc54b1_3_12.json,593075532c5a6a6e5150fa3cb017914a1419ac96cbe8c5ba8441c0111a3bd78d,1334,ABD formal raw per-task/run record,absolute_personal_path_redaction_only,1
outputs/abd_eval300_formal_v1/task_artifacts/B__819c8af7-851f-434f-ab32-318285bc54b1_3_13.json,3623d09ac440c0f8597f201c60651cc70edb8d02e55068a348a1e059635dd061,1522,content/abd_lineage/00_formal/raw_run/task_artifacts/B__819c8af7-851f-434f-ab32-318285bc54b1_3_13.json,93609bb8b0534710e25c1d806a4188c5a1d89576da92b391f363e9247be84b9e,1424,ABD formal raw per-task/run record,absolute_personal_path_redaction_only,1
outputs/abd_eval300_formal_v1/task_artifacts/B__819c8af7-851f-434f-ab32-318285bc54b1_4_10.json,5e5cb39f279b668005187a1b024e161cc267c151a0847d514209994d8dce90e0,1499,content/abd_lineage/00_formal/raw_run/task_artifacts/B__819c8af7-851f-434f-ab32-318285bc54b1_4_10.json,9c639da44d955bcf78b0bfd536b3e1862401d4a62e2f9014992c0e8fa10f0718,1401,ABD formal raw per-task/run record,absolute_personal_path_redaction_only,1
outputs/abd_eval300_formal_v1/task_artifacts/B__819c8af7-851f-434f-ab32-318285bc54b1_4_19.json,d63b9c514506daa85df4f344642ca86d47e072c8c2bff3afa0e1b70d6f69f0fa,1700,content/abd_lineage/00_formal/raw_run/task_artifacts/B__819c8af7-851f-434f-ab32-318285bc54b1_4_19.json,b641146df7802200f5ef1007676d66be3e59b6ec3494819abad549c1cef56b2d,1602,ABD formal raw per-task/run record,absolute_personal_path_redaction_only,1
outputs/abd_eval300_formal_v1/task_artifacts/B__819c8af7-851f-434f-ab32-318285bc54b1_4_2.json,34f7b14efb096ea07d7bf53b6291c631a24a43bd11b920f1b702e47370c1b4a3,1477,content/abd_lineage/00_formal/raw_run/task_artifacts/B__819c8af7-851f-434f-ab32-318285bc54b1_4_2.json,5ed702de3eadff256a86585a0510c25e633b5a327bdd73100550011f53d1d612,1379,ABD formal raw per-task/run record,absolute_personal_path_redaction_only,1
outputs/abd_eval300_formal_v1/task_artifacts/B__819c8af7-851f-434f-ab32-318285bc54b1_4_23.json,74227005389be006abd537d48b16c9665b553d07cdbb0c916860677f1c3debbb,1480,content/abd_lineage/00_formal/raw_run/task_artifacts/B__819c8af7-851f-434f-ab32-318285bc54b1_4_23.json,40419f331dac7a8d388b5468e39fcef07bf7d6462ed7230a4ebfb44b6f3619ef,1382,ABD formal raw per-task/run record,absolute_personal_path_redaction_only,1
outputs/abd_eval300_formal_v1/task_artifacts/B__819c8af7-851f-434f-ab32-318285bc54b1_4_30.json,d77474f63429321fcefd6eb7f5fe5cfa5e1dd35100fa7c186369bfb109df0685,1512,content/abd_lineage/00_formal/raw_run/task_artifacts/B__819c8af7-851f-434f-ab32-318285bc54b1_4_30.json,d25f79d8f98b89b5edbc01d1196ac37861b4392f2e2b6f46faaa2eb1ec0ba7b1,1414,ABD formal raw per-task/run record,absolute_personal_path_redaction_only,1
outputs/abd_eval300_formal_v1/task_artifacts/B__819c8af7-851f-434f-ab32-318285bc54b1_4_4.json,4fe90f3ed3dacbe25041e07a58feddaecf4292a8d5e8f6c82f2d4befd2d0b413,1542,content/abd_lineage/00_formal/raw_run/task_artifacts/B__819c8af7-851f-434f-ab32-318285bc54b1_4_4.json,9d421902fb583ac186011455b74840154032cdcd783ee295c70a2ba0bdf0d7cd,1444,ABD formal raw per-task/run record,absolute_personal_path_redaction_only,1
outputs/abd_eval300_formal_v1/task_artifacts/B__819c8af7-851f-434f-ab32-318285bc54b1_5_11.json,646c55e41f3a86fe2ae947e4bcb54b6e431350db30b0aa535ab2d4e7133c2f2d,1486,content/abd_lineage/00_formal/raw_run/task_artifacts/B__819c8af7-851f-434f-ab32-318285bc54b1_5_11.json,365aebd3eafd25c09d90cae5d6c42b68ef1da8eaeb556592ddcb1de96e218a63,1388,ABD formal raw per-task/run record,absolute_personal_path_redaction_only,1
outputs/abd_eval300_formal_v1/task_artifacts/B__819c8af7-851f-434f-ab32-318285bc54b1_5_25.json,c71f09b93e116e0d6177cb3a4b8645c8616e7721e35aa9fae839608ee367da76,1454,content/abd_lineage/00_formal/raw_run/task_artifacts/B__819c8af7-851f-434f-ab32-318285bc54b1_5_25.json,bb1256d9d99b3c4b9ed85a9d79bd853833e243439c43e31f8f8c021fdf8c631f,1356,ABD formal raw per-task/run record,absolute_personal_path_redaction_only,1
outputs/abd_eval300_formal_v1/task_artifacts/B__819c8af7-851f-434f-ab32-318285bc54b1_5_28.json,92974afc564a2becd21efc839e65d2383a4c397f9ccce8934dfb648c15b56632,1510,content/abd_lineage/00_formal/raw_run/task_artifacts/B__819c8af7-851f-434f-ab32-318285bc54b1_5_28.json,c9a578f547859646eed57b151cfacd9aedb1926cd1f958828b9312f977c0bc7c,1412,ABD formal raw per-task/run record,absolute_personal_path_redaction_only,1
outputs/abd_eval300_formal_v1/task_artifacts/B__819c8af7-851f-434f-ab32-318285bc54b1_7_17.json,3a4aa1643c41495d49c215b73ba85a885cf67bafc960c36aabc48b73d1e697ba,1495,content/abd_lineage/00_formal/raw_run/task_artifacts/B__819c8af7-851f-434f-ab32-318285bc54b1_7_17.json,7b0544d6a43a4099938031ca8fd21f3c8354c741c690344bac2b6b9db3bf9742,1397,ABD formal raw per-task/run record,absolute_personal_path_redaction_only,1
outputs/abd_eval300_formal_v1/task_artifacts/B__819c8af7-851f-434f-ab32-318285bc54b1_7_21.json,671b64fb20121bb423c799e3334ef75ded0252f34689a5179b97540a13ccd5fe,1560,content/abd_lineage/00_formal/raw_run/task_artifacts/B__819c8af7-851f-434f-ab32-318285bc54b1_7_21.json,7b4d0168ff0d36ba8dfe9a089887c15b8e90e04348d1d3bc6e06e99c19e7822f,1462,ABD formal raw per-task/run record,absolute_personal_path_redaction_only,1
outputs/abd_eval300_formal_v1/task_artifacts/B__819c8af7-851f-434f-ab32-318285bc54b1_8_1.json,7b6d07b991630ad48d17c2d0d58c4b4ad8771f59a713e241d2edde9315091af5,1479,content/abd_lineage/00_formal/raw_run/task_artifacts/B__819c8af7-851f-434f-ab32-318285bc54b1_8_1.json,d288da41bdba66630c8e46ca2c8f07e59e38ae5d81dde332bfb33c3a243b4ba0,1381,ABD formal raw per-task/run record,absolute_personal_path_redaction_only,1
outputs/abd_eval300_formal_v1/task_artifacts/B__819c8af7-851f-434f-ab32-318285bc54b1_8_27.json,c46c2edc2a823c5b3f6ac3e284a1e715572e232a5fcaeccb32ef6f12824065ce,1467,content/abd_lineage/00_formal/raw_run/task_artifacts/B__819c8af7-851f-434f-ab32-318285bc54b1_8_27.json,9dfbcee7efc3a34d71a803d4bd6355a64a2343e2f320ba978866f092e03a852b,1369,ABD formal raw per-task/run record,absolute_personal_path_redaction_only,1
outputs/abd_eval300_formal_v1/task_artifacts/B__a6d45e95-8dc0-4932-83bf-ec53e265a16a_11_14.json,0dedfb73cb02a4a173d8046c49ecd3148723d20b7e9257a2345d1c45ee57048a,1483,content/abd_lineage/00_formal/raw_run/task_artifacts/B__a6d45e95-8dc0-4932-83bf-ec53e265a16a_11_14.json,27c9933a910b35ffad10080ed9a4a05c092f09e2c78d760edc4be5bfa176c4ad,1385,ABD formal raw per-task/run record,absolute_personal_path_redaction_only,1
outputs/abd_eval300_formal_v1/task_artifacts/B__a6d45e95-8dc0-4932-83bf-ec53e265a16a_11_15.json,a3535b795c6c123478654881dd777452a02c153a330ccc658cdff7969ab840f9,1546,content/abd_lineage/00_formal/raw_run/task_artifacts/B__a6d45e95-8dc0-4932-83bf-ec53e265a16a_11_15.json,c69220f1585a315314613ba049721d37284bf9cc513083a601eefde5f5e662b8,1448,ABD formal raw per-task/run record,absolute_personal_path_redaction_only,1
outputs/abd_eval300_formal_v1/task_artifacts/B__a6d45e95-8dc0-4932-83bf-ec53e265a16a_11_28.json,d5ed71eb9e7c712a174e67d54a9ca34b322a71e2bf73923d5e0e6bbf29ed523e,1523,content/abd_lineage/00_formal/raw_run/task_artifacts/B__a6d45e95-8dc0-4932-83bf-ec53e265a16a_11_28.json,c0fd64c7f4095c6faf45b89e5f626a036883748aef198655bc4cba35d3acc04e,1425,ABD formal raw per-task/run record,absolute_personal_path_redaction_only,1
outputs/abd_eval300_formal_v1/task_artifacts/B__a6d45e95-8dc0-4932-83bf-ec53e265a16a_12_4.json,7466c1bfacc06c4fe2d635fedab2deb59295c8e52cbce9a27361b1c6b9aaf46e,1595,content/abd_lineage/00_formal/raw_run/task_artifacts/B__a6d45e95-8dc0-4932-83bf-ec53e265a16a_12_4.json,a40a4578b8d82d07ccc68d22b71912aa54e858a18b9c2bc30a8972ab3e75d2da,1497,ABD formal raw per-task/run record,absolute_personal_path_redaction_only,1
outputs/abd_eval300_formal_v1/task_artifacts/B__a6d45e95-8dc0-4932-83bf-ec53e265a16a_17_10.json,63363ba990f2a436209a845d6fe34ec230caab075067832613face0dcc36c540,1496,content/abd_lineage/00_formal/raw_run/task_artifacts/B__a6d45e95-8dc0-4932-83bf-ec53e265a16a_17_10.json,126199855a18c411ffb1d791b417e84258d8b5d3dd538e2e2c99eca6bc73bf5f,1398,ABD formal raw per-task/run record,absolute_personal_path_redaction_only,1
outputs/abd_eval300_formal_v1/task_artifacts/B__a6d45e95-8dc0-4932-83bf-ec53e265a16a_17_11.json,908e2b62917e273ca5f46a36524aaaa92775fb340a1d31e69bced5bfcacae71c,1484,content/abd_lineage/00_formal/raw_run/task_artifacts/B__a6d45e95-8dc0-4932-83bf-ec53e265a16a_17_11.json,25218bb24d0ae1d3df7aada0f52242f859abd69b54be2700ce0ad2eca84e7948,1386,ABD formal raw per-task/run record,absolute_personal_path_redaction_only,1
outputs/abd_eval300_formal_v1/task_artifacts/B__a6d45e95-8dc0-4932-83bf-ec53e265a16a_17_12.json,ab01d2b9d9acdb63a160219cbd181dde6a869d8d8738bca6ec9cba549f6dd7db,1453,content/abd_lineage/00_formal/raw_run/task_artifacts/B__a6d45e95-8dc0-4932-83bf-ec53e265a16a_17_12.json,ed6ee1e1e22773a4badab4c0460909784b284573796681eb333f9d5df331ecfd,1355,ABD formal raw per-task/run record,absolute_personal_path_redaction_only,1
outputs/abd_eval300_formal_v1/task_artifacts/B__a6d45e95-8dc0-4932-83bf-ec53e265a16a_17_2.json,3618f236126f236059a4ea2190e73d87ec8d7b7d9534e13072c3de286594d636,1438,content/abd_lineage/00_formal/raw_run/task_artifacts/B__a6d45e95-8dc0-4932-83bf-ec53e265a16a_17_2.json,48fc4134642ba7906d782b242cb466afe3605d0acdeb10997337a57196b96964,1340,ABD formal raw per-task/run record,absolute_personal_path_redaction_only,1
outputs/abd_eval300_formal_v1/task_artifacts/B__a6d45e95-8dc0-4932-83bf-ec53e265a16a_17_21.json,3a59b6d510c1435aae274285f9a8b1c063eb7b2deb998c1b9d3a35272aee079f,1549,content/abd_lineage/00_formal/raw_run/task_artifacts/B__a6d45e95-8dc0-4932-83bf-ec53e265a16a_17_21.json,d6575825c3e0a042cc2c8a07244049683199dd3a4e3fc48f1d3ad65cacd0e713,1451,ABD formal raw per-task/run record,absolute_personal_path_redaction_only,1
outputs/abd_eval300_formal_v1/task_artifacts/B__a6d45e95-8dc0-4932-83bf-ec53e265a16a_17_25.json,73e0e8878abc1c10846624f02b2df8d08cb6699e3dbffdd456250a1b610388c8,1567,content/abd_lineage/00_formal/raw_run/task_artifacts/B__a6d45e95-8dc0-4932-83bf-ec53e265a16a_17_25.json,e9925813fbad1e7916f363728b5b3ff57751d52c43d4f1d376ceb3f9f2ce830c,1469,ABD formal raw per-task/run record,absolute_personal_path_redaction_only,1
outputs/abd_eval300_formal_v1/task_artifacts/B__a6d45e95-8dc0-4932-83bf-ec53e265a16a_17_3.json,d889144bfde1c0ba33260225ffe947aa10ba5452075d4d1f8b6b2f9f4fa1c187,1504,content/abd_lineage/00_formal/raw_run/task_artifacts/B__a6d45e95-8dc0-4932-83bf-ec53e265a16a_17_3.json,16544691d4563601a89867a41a74b7bb376bec6ed05f994a4d39f86668704193,1406,ABD formal raw per-task/run record,absolute_personal_path_redaction_only,1
outputs/abd_eval300_formal_v1/task_artifacts/B__a6d45e95-8dc0-4932-83bf-ec53e265a16a_18_5.json,17281643e74c9b6936ff6f789008ce4805b20a301736edd33f5fe0dd7c5352cc,1511,content/abd_lineage/00_formal/raw_run/task_artifacts/B__a6d45e95-8dc0-4932-83bf-ec53e265a16a_18_5.json,a0ee52e1bbf6da96d8d8810cb75c631858a75e51b63abdfd17dc60cffc8e98a0,1413,ABD formal raw per-task/run record,absolute_personal_path_redaction_only,1
outputs/abd_eval300_formal_v1/task_artifacts/B__a6d45e95-8dc0-4932-83bf-ec53e265a16a_4_23.json,2d2594448ffa809888c61e53079d1e3783bcfae4859b393673c4256d5f6baf2a,1494,content/abd_lineage/00_formal/raw_run/task_artifacts/B__a6d45e95-8dc0-4932-83bf-ec53e265a16a_4_23.json,c6b7bd1b09da9340bc5a98e61ee88b1d0ed91690f4b8adc66435c2e5ad21c4a2,1396,ABD formal raw per-task/run record,absolute_personal_path_redaction_only,1
outputs/abd_eval300_formal_v1/task_artifacts/B__a6d45e95-8dc0-4932-83bf-ec53e265a16a_4_6.json,1e7f1ed67beba987743f9d0dce12a60159d0c8214decc998f91e1e1e7b0fb452,1461,content/abd_lineage/00_formal/raw_run/task_artifacts/B__a6d45e95-8dc0-4932-83bf-ec53e265a16a_4_6.json,0de3b811be4911b11a0fbf8008c412faeaaa8afa383ba167de7edc626468b911,1363,ABD formal raw per-task/run record,absolute_personal_path_redaction_only,1
outputs/abd_eval300_formal_v1/task_artifacts/B__a6d45e95-8dc0-4932-83bf-ec53e265a16a_4_9.json,271183aef5439aec4d61f2682568f344a464aae1b3caf8ef756920b8c1b69ceb,1530,content/abd_lineage/00_formal/raw_run/task_artifacts/B__a6d45e95-8dc0-4932-83bf-ec53e265a16a_4_9.json,4515f7d0099be3d93d91e5db7d98b3c1ceede1d91ebb232776df2892ac8b7934,1432,ABD formal raw per-task/run record,absolute_personal_path_redaction_only,1
outputs/abd_eval300_formal_v1/task_artifacts/B__a6d45e95-8dc0-4932-83bf-ec53e265a16a_5_26.json,8d91a649c5ee0c48bd6d350de60da3627e149c6d4667b805162910e8cc1e98f8,1533,content/abd_lineage/00_formal/raw_run/task_artifacts/B__a6d45e95-8dc0-4932-83bf-ec53e265a16a_5_26.json,afd05a50a794dad2a80a721658e7fbc845656b29f5595b740790ef3440cd37c5,1435,ABD formal raw per-task/run record,absolute_personal_path_redaction_only,1
outputs/abd_eval300_formal_v1/task_artifacts/B__a6d45e95-8dc0-4932-83bf-ec53e265a16a_6_24.json,7eebe4c629b06ff37f1a462c71c19a478abbc9a04a60a3813c4cf3ad7ac5d295,1402,content/abd_lineage/00_formal/raw_run/task_artifacts/B__a6d45e95-8dc0-4932-83bf-ec53e265a16a_6_24.json,9c5722a1687a710cb7ddd508188b49de3655d7516f32716f0fbe7c3d2324a1cc,1304,ABD formal raw per-task/run record,absolute_personal_path_redaction_only,1
outputs/abd_eval300_formal_v1/task_artifacts/B__a6d45e95-8dc0-4932-83bf-ec53e265a16a_7_16.json,00ccfd8027f23411f5949c6611a826db18a309087cb6a87ed27e560fcfc5fc90,1423,content/abd_lineage/00_formal/raw_run/task_artifacts/B__a6d45e95-8dc0-4932-83bf-ec53e265a16a_7_16.json,2fcb03caa378e8622d830fac68f6ed913f43eb9de8ba79a774ce12e34ec673d2,1325,ABD formal raw per-task/run record,absolute_personal_path_redaction_only,1
outputs/abd_eval300_formal_v1/task_artifacts/B__a6d45e95-8dc0-4932-83bf-ec53e265a16a_7_19.json,a9a86b0e273874013849c9b12457bb94b9051ac12766ad963a6c9cc7fd9512ca,1398,content/abd_lineage/00_formal/raw_run/task_artifacts/B__a6d45e95-8dc0-4932-83bf-ec53e265a16a_7_19.json,31319b47922e327512a0a06c42fb085335235946d405201d3ed45369d936f1ea,1300,ABD formal raw per-task/run record,absolute_personal_path_redaction_only,1
outputs/abd_eval300_formal_v1/task_artifacts/B__a6d45e95-8dc0-4932-83bf-ec53e265a16a_7_20.json,22e65fa28d8792a6eeb8cf207c1bae2d919031780e8e7c617b52a182152b63c1,1452,content/abd_lineage/00_formal/raw_run/task_artifacts/B__a6d45e95-8dc0-4932-83bf-ec53e265a16a_7_20.json,c6d55b275fb776c0be3a4e368083e7521db2fad758afeafb5a7f3d87aa3096ef,1354,ABD formal raw per-task/run record,absolute_personal_path_redaction_only,1
outputs/abd_eval300_formal_v1/task_artifacts/B__a6d45e95-8dc0-4932-83bf-ec53e265a16a_7_7.json,5c48de2920ee1b9e988965f6bfc49847253cf27b2940c04f63e7de240c2832e1,1416,content/abd_lineage/00_formal/raw_run/task_artifacts/B__a6d45e95-8dc0-4932-83bf-ec53e265a16a_7_7.json,8b4da7b164d70203396eb1b2cd9ce237af610e449736ec5570c28cdec0a309d7,1318,ABD formal raw per-task/run record,absolute_personal_path_redaction_only,1
outputs/abd_eval300_formal_v1/task_artifacts/B__a6d45e95-8dc0-4932-83bf-ec53e265a16a_8_1.json,06d8ecf2c065b5470bfe19cba399309d1dc7351ea13739abee4995ca6434e03e,1487,content/abd_lineage/00_formal/raw_run/task_artifacts/B__a6d45e95-8dc0-4932-83bf-ec53e265a16a_8_1.json,21d71f0c57545c696273ca7c504e77ca891d29d39300b6763dfc7ce3f3f651e1,1389,ABD formal raw per-task/run record,absolute_personal_path_redaction_only,1
outputs/abd_eval300_formal_v1/task_artifacts/B__a6d45e95-8dc0-4932-83bf-ec53e265a16a_8_18.json,7cecd5bb6d2b8abed6520b29249484ccb3347fd6911c8ad3b25544f12051e10a,1496,content/abd_lineage/00_formal/raw_run/task_artifacts/B__a6d45e95-8dc0-4932-83bf-ec53e265a16a_8_18.json,9017c811cb8fcf7b085d451067269ba8a9b221546ed01252e06024d4150b75ac,1398,ABD formal raw per-task/run record,absolute_personal_path_redaction_only,1
outputs/abd_eval300_formal_v1/task_artifacts/B__a6d45e95-8dc0-4932-83bf-ec53e265a16a_8_22.json,22ddc1229a07e0dd78b377ab1c7e08d326e22d05274ee572a4be9550f9109601,1489,content/abd_lineage/00_formal/raw_run/task_artifacts/B__a6d45e95-8dc0-4932-83bf-ec53e265a16a_8_22.json,4633c76a5b85a8239aef4ead1667762d38c046852d0db8910d0e29008d6a97cc,1391,ABD formal raw per-task/run record,absolute_personal_path_redaction_only,1
outputs/abd_eval300_formal_v1/task_artifacts/B__a6d45e95-8dc0-4932-83bf-ec53e265a16a_8_27.json,b7cd89b39ef9f95bc4b69f21c26dcd1ddef3bbbf37ef845b8b159abec68e9cd1,1455,content/abd_lineage/00_formal/raw_run/task_artifacts/B__a6d45e95-8dc0-4932-83bf-ec53e265a16a_8_27.json,6ceb134704c140bb9f1c173a9b98a97f4e235462d1c5383f943de5433f2c12bc,1357,ABD formal raw per-task/run record,absolute_personal_path_redaction_only,1
outputs/abd_eval300_formal_v1/task_artifacts/B__d3a0899e-2093-454c-9f65-30087883193a_11_17.json,c26d5e1c343e8e179cadac353afb4f955c87915e72261218d9e166e5485cb388,1497,content/abd_lineage/00_formal/raw_run/task_artifacts/B__d3a0899e-2093-454c-9f65-30087883193a_11_17.json,d91575536d084454ffb0582c073a39cc78dbd3a7dd3f9a502bd7b43d7bef3396,1399,ABD formal raw per-task/run record,absolute_personal_path_redaction_only,1
outputs/abd_eval300_formal_v1/task_artifacts/B__d3a0899e-2093-454c-9f65-30087883193a_12_22.json,b8357954a0b01d0f392f599131643976b74b1abc0eb770acd6d70d19c33c6385,1733,content/abd_lineage/00_formal/raw_run/task_artifacts/B__d3a0899e-2093-454c-9f65-30087883193a_12_22.json,075f14b9eece84c699aab1a17ba0d81792efc3d0985bf24d4fc418df32b12d5b,1635,ABD formal raw per-task/run record,absolute_personal_path_redaction_only,1
outputs/abd_eval300_formal_v1/task_artifacts/B__d3a0899e-2093-454c-9f65-30087883193a_17_13.json,a3ef76143bd9036eb412c96a8028d32ae824caba198a6c1703218a9c9439339e,1552,content/abd_lineage/00_formal/raw_run/task_artifacts/B__d3a0899e-2093-454c-9f65-30087883193a_17_13.json,4e1010d262efed17ecad7ec93d05a0d701b9e14969aefe5d96c0f641507a7eb0,1454,ABD formal raw per-task/run record,absolute_personal_path_redaction_only,1
outputs/abd_eval300_formal_v1/task_artifacts/B__d3a0899e-2093-454c-9f65-30087883193a_17_19.json,37360d5b170d36593779c681a5b535094111d203d18e1ed8fa38fe3141657de5,1453,content/abd_lineage/00_formal/raw_run/task_artifacts/B__d3a0899e-2093-454c-9f65-30087883193a_17_19.json,ae6bfe16200b564d6bd0a2e75a99d04fbff7b949ee100be8322bd1f8723d9ea3,1355,ABD formal raw per-task/run record,absolute_personal_path_redaction_only,1
outputs/abd_eval300_formal_v1/task_artifacts/B__d3a0899e-2093-454c-9f65-30087883193a_17_2.json,3899245d542174b71f6019294e76af4df4ccabb9ba84b87f6a90ab8b4a716ec3,1434,content/abd_lineage/00_formal/raw_run/task_artifacts/B__d3a0899e-2093-454c-9f65-30087883193a_17_2.json,17743f170494a9dab386fe452abc7c40fd115ea8e0fae0526b04c9b36e86086a,1336,ABD formal raw per-task/run record,absolute_personal_path_redaction_only,1
outputs/abd_eval300_formal_v1/task_artifacts/B__d3a0899e-2093-454c-9f65-30087883193a_17_20.json,e58c781552a40185c936e47fdc479de5d7ad32043dd28f9ca3b4346f6bd12dd2,1592,content/abd_lineage/00_formal/raw_run/task_artifacts/B__d3a0899e-2093-454c-9f65-30087883193a_17_20.json,3c5684a1b9e1796ea48eb16fcb7a5a4d7749341f9a7dad9157213cc254c1f1ca,1494,ABD formal raw per-task/run record,absolute_personal_path_redaction_only,1
outputs/abd_eval300_formal_v1/task_artifacts/B__d3a0899e-2093-454c-9f65-30087883193a_17_28.json,eafbb3b7c121a277c24d76752a5cbb240257e6d5797a1ad617cbb5b992f3718c,1523,content/abd_lineage/00_formal/raw_run/task_artifacts/B__d3a0899e-2093-454c-9f65-30087883193a_17_28.json,efd3a0fbfa85110d1122a55838aa2ef6bcf9ec585ed6dc507ad7da2ed4dea9bf,1425,ABD formal raw per-task/run record,absolute_personal_path_redaction_only,1
outputs/abd_eval300_formal_v1/task_artifacts/B__d3a0899e-2093-454c-9f65-30087883193a_17_35.json,7831f60c518348e478417fa8a43bea888c26ce61774ac46bde1e0acf42ee7800,1495,content/abd_lineage/00_formal/raw_run/task_artifacts/B__d3a0899e-2093-454c-9f65-30087883193a_17_35.json,df27d74c8243caefe0e66cb4e56d67fc266a325f003c26a397af8f216e49f577,1397,ABD formal raw per-task/run record,absolute_personal_path_redaction_only,1
outputs/abd_eval300_formal_v1/task_artifacts/B__d3a0899e-2093-454c-9f65-30087883193a_17_8.json,d0f045b496ebdf6eb917d251751821a4d3cf1272d00bebbbbae35c24d26f8f2c,1407,content/abd_lineage/00_formal/raw_run/task_artifacts/B__d3a0899e-2093-454c-9f65-30087883193a_17_8.json,4a74fc03df61c7cdcad730fb564544eed4be3a0ff5fae0a38822084d1dede64d,1309,ABD formal raw per-task/run record,absolute_personal_path_redaction_only,1
outputs/abd_eval300_formal_v1/task_artifacts/B__d3a0899e-2093-454c-9f65-30087883193a_1_1.json,fb6cf719a2c820259dd034842004fc536bf3fd585fd954b565fce15c681f9340,1530,content/abd_lineage/00_formal/raw_run/task_artifacts/B__d3a0899e-2093-454c-9f65-30087883193a_1_1.json,637a0e502513ea96e1aa13f0e06d120c2a3fa0b3f2482fb9054443ae4920c3c3,1432,ABD formal raw per-task/run record,absolute_personal_path_redaction_only,1
outputs/abd_eval300_formal_v1/task_artifacts/B__d3a0899e-2093-454c-9f65-30087883193a_22_14.json,8b73f961eb369116d241aadb8ea6c8ea6db252788de1435fd3aa2ea8e8d0aeda,1555,content/abd_lineage/00_formal/raw_run/task_artifacts/B__d3a0899e-2093-454c-9f65-30087883193a_22_14.json,9e1df741b50bec04e016fa81088f7d06da6dab59a6e1de38636ef37860055d7d,1457,ABD formal raw per-task/run record,absolute_personal_path_redaction_only,1
outputs/abd_eval300_formal_v1/task_artifacts/B__d3a0899e-2093-454c-9f65-30087883193a_22_32.json,a36ececd3bb22452cd7d3b5cf83f49e6cbfbbb4d0bc320dfabe1b43d98da69f0,1484,content/abd_lineage/00_formal/raw_run/task_artifacts/B__d3a0899e-2093-454c-9f65-30087883193a_22_32.json,ef1dd1b867f16dddd47144370b9fcf8a9c7a2470fabfa721879241b203206407,1386,ABD formal raw per-task/run record,absolute_personal_path_redaction_only,1
outputs/abd_eval300_formal_v1/task_artifacts/B__d3a0899e-2093-454c-9f65-30087883193a_2_1.json,842d7d0b75d9d9b255e92ae2c7d13d57117250cacdfce128c140b8c077b0a28e,1539,content/abd_lineage/00_formal/raw_run/task_artifacts/B__d3a0899e-2093-454c-9f65-30087883193a_2_1.json,a63fce6bf3f76219f689e365ddb9780d5de59afc4b1499e268dbdd7b11bdbb70,1441,ABD formal raw per-task/run record,absolute_personal_path_redaction_only,1
outputs/abd_eval300_formal_v1/task_artifacts/B__d3a0899e-2093-454c-9f65-30087883193a_4_10.json,b692f2d8fb7cd6c9d112ef988ee17d9c50015e0d022483a5f3e2cb8e9e2771bc,1503,content/abd_lineage/00_formal/raw_run/task_artifacts/B__d3a0899e-2093-454c-9f65-30087883193a_4_10.json,1b13ac6979fcbbfdb25c0db826a162806c93e98ade5ae43da18efabeb82cf335,1405,ABD formal raw per-task/run record,absolute_personal_path_redaction_only,1
outputs/abd_eval300_formal_v1/task_artifacts/B__d3a0899e-2093-454c-9f65-30087883193a_4_33.json,32a2bec4e5a03a84d2ded38e7f0e3ced0bdfa9f7a60c4c5f9c6eab9d5d5da4d0,1460,content/abd_lineage/00_formal/raw_run/task_artifacts/B__d3a0899e-2093-454c-9f65-30087883193a_4_33.json,b9c1af39ff6dd89801c007f8d200135e223e7dbfb517dd3798e0a43271e64241,1362,ABD formal raw per-task/run record,absolute_personal_path_redaction_only,1
outputs/abd_eval300_formal_v1/task_artifacts/B__d3a0899e-2093-454c-9f65-30087883193a_4_7.json,67c0d6a568180fff963211a06d10a713e25a55c391c78f4bf2699b76dbdbd7a0,1578,content/abd_lineage/00_formal/raw_run/task_artifacts/B__d3a0899e-2093-454c-9f65-30087883193a_4_7.json,c12e0dc4e90a8eb4548741f916ce9421f936be000445c52a814584ff77b521bd,1480,ABD formal raw per-task/run record,absolute_personal_path_redaction_only,1
outputs/abd_eval300_formal_v1/task_artifacts/B__d3a0899e-2093-454c-9f65-30087883193a_5_24.json,f8ed9a46b770422947151d53963f54dc9f4b96740c031f0f94c2a1c9a0bca522,1576,content/abd_lineage/00_formal/raw_run/task_artifacts/B__d3a0899e-2093-454c-9f65-30087883193a_5_24.json,98fca0bf4625867990e0bfebb716548d4ff65584251f2984148de4ac54ec126e,1478,ABD formal raw per-task/run record,absolute_personal_path_redaction_only,1
outputs/abd_eval300_formal_v1/task_artifacts/B__d3a0899e-2093-454c-9f65-30087883193a_7_11.json,43100140e54e0e03f35f14e7b6f4394fa8d25187fc753d724cba985020b31cae,1484,content/abd_lineage/00_formal/raw_run/task_artifacts/B__d3a0899e-2093-454c-9f65-30087883193a_7_11.json,c6bf36de229197049ca759e1dd6247c219500d0d913f7a83dc5cd1777035cf43,1386,ABD formal raw per-task/run record,absolute_personal_path_redaction_only,1
outputs/abd_eval300_formal_v1/task_artifacts/B__d3a0899e-2093-454c-9f65-30087883193a_7_26.json,21c86dd787f2aa557f1de37c99d826238c902d7d162429083d25971e3339b979,1439,content/abd_lineage/00_formal/raw_run/task_artifacts/B__d3a0899e-2093-454c-9f65-30087883193a_7_26.json,70df1cccbccd67ee6687f4a8186788fe5c25d8131b1d932788c97c652244ec4c,1341,ABD formal raw per-task/run record,absolute_personal_path_redaction_only,1
outputs/abd_eval300_formal_v1/task_artifacts/B__d3a0899e-2093-454c-9f65-30087883193a_7_29.json,57b562e5783f3c108d70ee507c9adf09a78f8e1029504a9dc087d51f750ec0b6,1525,content/abd_lineage/00_formal/raw_run/task_artifacts/B__d3a0899e-2093-454c-9f65-30087883193a_7_29.json,65e997b26dd265ffc81cd485838a67aa7e0dc7b4a7ec2e28115ba7a154316949,1427,ABD formal raw per-task/run record,absolute_personal_path_redaction_only,1
outputs/abd_eval300_formal_v1/task_artifacts/B__d3a0899e-2093-454c-9f65-30087883193a_7_9.json,c4320fa1fce1e57574b7c388c8d3db39cd176663ca2d082dbca87a9b454dd2cc,1462,content/abd_lineage/00_formal/raw_run/task_artifacts/B__d3a0899e-2093-454c-9f65-30087883193a_7_9.json,03c902cf865342ae829be2891528fb50139d7e1ae7f1d276ec3fc8eb8f595c18,1364,ABD formal raw per-task/run record,absolute_personal_path_redaction_only,1
outputs/abd_eval300_formal_v1/task_artifacts/B__d3a0899e-2093-454c-9f65-30087883193a_8_16.json,5baf6fa5d325a1d6e5002c876a483c8123c0e1e9c88872e77831e52a22bfa847,1507,content/abd_lineage/00_formal/raw_run/task_artifacts/B__d3a0899e-2093-454c-9f65-30087883193a_8_16.json,8c24d375b02feea5ebd5a2527c626219d49af086359a6016ae357fb0cfbb2106,1409,ABD formal raw per-task/run record,absolute_personal_path_redaction_only,1
outputs/abd_eval300_formal_v1/task_artifacts/B__d3a0899e-2093-454c-9f65-30087883193a_8_21.json,b7831620c8ce675496f70a6d6024ff54ae7fb0902429931e092e5df3526aa03f,1464,content/abd_lineage/00_formal/raw_run/task_artifacts/B__d3a0899e-2093-454c-9f65-30087883193a_8_21.json,26a2098d84d162c315324f8229f5a0634dcb81b903287d295dd1a00a1ba28e5f,1366,ABD formal raw per-task/run record,absolute_personal_path_redaction_only,1
outputs/abd_eval300_formal_v1/task_artifacts/B__d3a0899e-2093-454c-9f65-30087883193a_8_3.json,e92e52ac5de9f6f2ca67ef6892d49297c33e57b44ec3832e4a09c6449b18dc34,1471,content/abd_lineage/00_formal/raw_run/task_artifacts/B__d3a0899e-2093-454c-9f65-30087883193a_8_3.json,8d7cf32178e8ce1152203a19815f6a0f5a2e23d68804706cb1a60dbbad57676b,1373,ABD formal raw per-task/run record,absolute_personal_path_redaction_only,1
outputs/abd_eval300_formal_v1/task_artifacts/B__d3a0899e-2093-454c-9f65-30087883193a_8_36.json,ed127dce0d92211afc49e0ae3c9c94ca6d2ca96b27b5fa55248c5740a522a127,1476,content/abd_lineage/00_formal/raw_run/task_artifacts/B__d3a0899e-2093-454c-9f65-30087883193a_8_36.json,fa8f9bf7775fe57c023b4901fa1bc564f22c09373132bf0ef3759bc6036c04a0,1378,ABD formal raw per-task/run record,absolute_personal_path_redaction_only,1
outputs/abd_eval300_formal_v1/task_artifacts/B__db3f7933-dfa0-4678-9d4f-393b628ded45_11_2.json,22c440d5d864dcfe46a66af7d5a4d2469b0ece50c3f1ee7c6cd0277d5228c88a,1477,content/abd_lineage/00_formal/raw_run/task_artifacts/B__db3f7933-dfa0-4678-9d4f-393b628ded45_11_2.json,2a51c0cfe7b044dbbfd78753e8c7999814e17632fc8cd2a6d1ee20622d64141d,1379,ABD formal raw per-task/run record,absolute_personal_path_redaction_only,1
outputs/abd_eval300_formal_v1/task_artifacts/B__db3f7933-dfa0-4678-9d4f-393b628ded45_12_15.json,ee8ad2bfdc81e09a070e8905d5a2258019d26d0db892bdacd3278b6f1d485c7e,1487,content/abd_lineage/00_formal/raw_run/task_artifacts/B__db3f7933-dfa0-4678-9d4f-393b628ded45_12_15.json,989ebae1ef43d3ceb00b7616489266abc036835d603300d631241721b2cd2c9e,1389,ABD formal raw per-task/run record,absolute_personal_path_redaction_only,1
outputs/abd_eval300_formal_v1/task_artifacts/B__db3f7933-dfa0-4678-9d4f-393b628ded45_17_1.json,8b875a5ce83b62a7dc5f79f8444057cbcc3dab07a405e6a5f588684e8965bc25,1455,content/abd_lineage/00_formal/raw_run/task_artifacts/B__db3f7933-dfa0-4678-9d4f-393b628ded45_17_1.json,b660a660ecf548bf1ca18430ac7bd55949c9f71b9e7d0d5a861a1fc4a85e5fac,1357,ABD formal raw per-task/run record,absolute_personal_path_redaction_only,1
outputs/abd_eval300_formal_v1/task_artifacts/B__db3f7933-dfa0-4678-9d4f-393b628ded45_17_11.json,276c0b2070479fbf1de854a4263cb882690c2192a411a5aa4ad67f0abfb7a1c9,1536,content/abd_lineage/00_formal/raw_run/task_artifacts/B__db3f7933-dfa0-4678-9d4f-393b628ded45_17_11.json,e912ea5eb6c3de1b2c81bab7a8968b79c7622afa37cde9041de08753668390d4,1438,ABD formal raw per-task/run record,absolute_personal_path_redaction_only,1
outputs/abd_eval300_formal_v1/task_artifacts/B__db3f7933-dfa0-4678-9d4f-393b628ded45_17_13.json,672c3be7cfac59ecbd80d487e89a5aab8f245876c8a3a6d105b26c060e70f17b,1386,content/abd_lineage/00_formal/raw_run/task_artifacts/B__db3f7933-dfa0-4678-9d4f-393b628ded45_17_13.json,6d02335bca8b3162b63784c1a8b8ebab70e49bf107dfaef836c048d65bcd0a54,1288,ABD formal raw per-task/run record,absolute_personal_path_redaction_only,1
outputs/abd_eval300_formal_v1/task_artifacts/B__db3f7933-dfa0-4678-9d4f-393b628ded45_17_29.json,1805ab4321630d6dc826adad66c505c9de195997698ada9b6f2c1ad9966ec60b,1424,content/abd_lineage/00_formal/raw_run/task_artifacts/B__db3f7933-dfa0-4678-9d4f-393b628ded45_17_29.json,7b404bf3afe76f2b8197e866c9d6aa8f9cb78774b047e202958e7014a6c9edb0,1326,ABD formal raw per-task/run record,absolute_personal_path_redaction_only,1
outputs/abd_eval300_formal_v1/task_artifacts/B__db3f7933-dfa0-4678-9d4f-393b628ded45_20_1.json,20b094075706aa856f2d85062d2df1326ffcc4f1ab653657dd336413dce57c11,1512,content/abd_lineage/00_formal/raw_run/task_artifacts/B__db3f7933-dfa0-4678-9d4f-393b628ded45_20_1.json,76a394d8f88fdcaee74141f1cf26bcea349d214d893bde082a55aa21d7537d31,1414,ABD formal raw per-task/run record,absolute_personal_path_redaction_only,1
outputs/abd_eval300_formal_v1/task_artifacts/B__db3f7933-dfa0-4678-9d4f-393b628ded45_21_27.json,58c6d02f995465d5f7b40831ec60130f86f554d32f34fa27410fa15dd94c5ad1,1540,content/abd_lineage/00_formal/raw_run/task_artifacts/B__db3f7933-dfa0-4678-9d4f-393b628ded45_21_27.json,d6ed24785e139d0499b51dd92a37d206ce44697bc1842ed2bb9057ebb3e17235,1442,ABD formal raw per-task/run record,absolute_personal_path_redaction_only,1
outputs/abd_eval300_formal_v1/task_artifacts/B__db3f7933-dfa0-4678-9d4f-393b628ded45_22_12.json,a03398804c7cce8bc4a64704e6471300a7099b885b1319265cea0df5fe24fcec,1541,content/abd_lineage/00_formal/raw_run/task_artifacts/B__db3f7933-dfa0-4678-9d4f-393b628ded45_22_12.json,e6f34b272bed796b8b3a1b53c1d27d668699fd448bda2afbf54490d4418f1ea7,1443,ABD formal raw per-task/run record,absolute_personal_path_redaction_only,1
outputs/abd_eval300_formal_v1/task_artifacts/B__db3f7933-dfa0-4678-9d4f-393b628ded45_22_24.json,27dec95cadfc4b6109b7bb9c9752687250a7e264ff6efb9fe7aa9416db85b173,1477,content/abd_lineage/00_formal/raw_run/task_artifacts/B__db3f7933-dfa0-4678-9d4f-393b628ded45_22_24.json,b8b44f492837710d008e3a1e93ae6aca46ac06518089d5b0a472ff4d4a7a5810,1379,ABD formal raw per-task/run record,absolute_personal_path_redaction_only,1
outputs/abd_eval300_formal_v1/task_artifacts/B__db3f7933-dfa0-4678-9d4f-393b628ded45_22_5.json,0617fa47ae1e180f4fea5a09497bfff06b4827f58c2f3d0616d0211ee13663ae,1545,content/abd_lineage/00_formal/raw_run/task_artifacts/B__db3f7933-dfa0-4678-9d4f-393b628ded45_22_5.json,52d432a70d0984698873bd1a7365bbf8652601343c5800ebe46abfaec70e14e6,1447,ABD formal raw per-task/run record,absolute_personal_path_redaction_only,1
outputs/abd_eval300_formal_v1/task_artifacts/B__db3f7933-dfa0-4678-9d4f-393b628ded45_2_1.json,b4b2ea1057795ff1a0b2469366134ff0e078463cab36ce05a317c044dffea287,1516,content/abd_lineage/00_formal/raw_run/task_artifacts/B__db3f7933-dfa0-4678-9d4f-393b628ded45_2_1.json,8568f002fd05f4178449be6be2c1d991d4b101ea13f6a64bf9249487b4ff71c3,1418,ABD formal raw per-task/run record,absolute_personal_path_redaction_only,1
outputs/abd_eval300_formal_v1/task_artifacts/B__db3f7933-dfa0-4678-9d4f-393b628ded45_4_22.json,5b7afa1cce7965b222a243836cd7785cf1143e638784df1f10e574adbab92ff6,1549,content/abd_lineage/00_formal/raw_run/task_artifacts/B__db3f7933-dfa0-4678-9d4f-393b628ded45_4_22.json,2671de9df812db57630249318db3e97938776146728f44ffb9c71c11734c2c8a,1451,ABD formal raw per-task/run record,absolute_personal_path_redaction_only,1
outputs/abd_eval300_formal_v1/task_artifacts/B__db3f7933-dfa0-4678-9d4f-393b628ded45_6_17.json,343bfc88e6d5fb8e87a6e6f0a3fcb0bb125faa71a4b356ae1dbebfc2b671c0b0,1512,content/abd_lineage/00_formal/raw_run/task_artifacts/B__db3f7933-dfa0-4678-9d4f-393b628ded45_6_17.json,a0d5f961e14b8bb559a6dd5f4ff944b7c65bda292a3be1e553391e98c7456d8e,1414,ABD formal raw per-task/run record,absolute_personal_path_redaction_only,1
outputs/abd_eval300_formal_v1/task_artifacts/B__db3f7933-dfa0-4678-9d4f-393b628ded45_6_25.json,ff0831abd699987a229929ac0b3278e9e71ae3115d260ec3e224f7e0409dd896,1517,content/abd_lineage/00_formal/raw_run/task_artifacts/B__db3f7933-dfa0-4678-9d4f-393b628ded45_6_25.json,e1725924ca9b36d59a118d618201fdbd083fe2c62ee3aec77e16770eca362c10,1419,ABD formal raw per-task/run record,absolute_personal_path_redaction_only,1
outputs/abd_eval300_formal_v1/task_artifacts/B__db3f7933-dfa0-4678-9d4f-393b628ded45_6_7.json,903f89673bcd617916a76e924fee86b0e5a5f44a01b642a57a6b3f1d766dd63b,1482,content/abd_lineage/00_formal/raw_run/task_artifacts/B__db3f7933-dfa0-4678-9d4f-393b628ded45_6_7.json,3167ba3ac25e802a59f0c3cacf0d317eb6155e4f6ce9b2a32fedb582dc76702e,1384,ABD formal raw per-task/run record,absolute_personal_path_redaction_only,1
outputs/abd_eval300_formal_v1/task_artifacts/B__db3f7933-dfa0-4678-9d4f-393b628ded45_7_10.json,8ff6a8ec9c2ba98d4df2097a463b51f8a7b444e9e7f0e4b88305a8113e11a6b3,1539,content/abd_lineage/00_formal/raw_run/task_artifacts/B__db3f7933-dfa0-4678-9d4f-393b628ded45_7_10.json,817bb1f6b85f467083be21bfd2e289beb16258b3d08d480050b16dcc422a06c3,1441,ABD formal raw per-task/run record,absolute_personal_path_redaction_only,1
outputs/abd_eval300_formal_v1/task_artifacts/B__db3f7933-dfa0-4678-9d4f-393b628ded45_7_14.json,be3a871630d05c92c4f648a5d225ff7b5e2b07c4143ad0be30c6e8191c05148c,1489,content/abd_lineage/00_formal/raw_run/task_artifacts/B__db3f7933-dfa0-4678-9d4f-393b628ded45_7_14.json,b203c8e478d468a42dc4516c8d4fcd8887a70b194053fd3774cf2bd7e9ef24f8,1391,ABD formal raw per-task/run record,absolute_personal_path_redaction_only,1
outputs/abd_eval300_formal_v1/task_artifacts/B__db3f7933-dfa0-4678-9d4f-393b628ded45_7_19.json,c5ae1b9021497e31f7e493dc60ff2c0fe0c034e3d7b5b453e735757bda020d6f,1450,content/abd_lineage/00_formal/raw_run/task_artifacts/B__db3f7933-dfa0-4678-9d4f-393b628ded45_7_19.json,c1d11b251b5447bc58fd92638d65dd8651f49e6d748188672ec0542d4bf12c20,1352,ABD formal raw per-task/run record,absolute_personal_path_redaction_only,1
outputs/abd_eval300_formal_v1/task_artifacts/B__db3f7933-dfa0-4678-9d4f-393b628ded45_7_21.json,94e7a5db657390ed079b656cf2594a3b5f0c37ff67ecb963e5fa9c0ebd27ba23,1449,content/abd_lineage/00_formal/raw_run/task_artifacts/B__db3f7933-dfa0-4678-9d4f-393b628ded45_7_21.json,a710d03852baa6ac5decb08e07a3a0564c8b1eb03f62e86a51504303c21397d4,1351,ABD formal raw per-task/run record,absolute_personal_path_redaction_only,1
outputs/abd_eval300_formal_v1/task_artifacts/B__db3f7933-dfa0-4678-9d4f-393b628ded45_7_23.json,af51e99da0e49a1ed19e3997af50f30051779e4da0c68187d3f311ad1b45828c,1537,content/abd_lineage/00_formal/raw_run/task_artifacts/B__db3f7933-dfa0-4678-9d4f-393b628ded45_7_23.json,4e43d55eb80d5a34cf5d84af4d326a27aa1af8908a74bfb736f953b3832eef17,1439,ABD formal raw per-task/run record,absolute_personal_path_redaction_only,1
outputs/abd_eval300_formal_v1/task_artifacts/B__db3f7933-dfa0-4678-9d4f-393b628ded45_7_28.json,e2dd54c958715d9d0749a61e3c0c6738f25c016cc171b275e62b2ba1e9028c60,1515,content/abd_lineage/00_formal/raw_run/task_artifacts/B__db3f7933-dfa0-4678-9d4f-393b628ded45_7_28.json,09b24a19b753c1c28d74244a75ebfb6f4f945bb84f33f33bf7d89d063c6442ab,1417,ABD formal raw per-task/run record,absolute_personal_path_redaction_only,1
outputs/abd_eval300_formal_v1/task_artifacts/B__db3f7933-dfa0-4678-9d4f-393b628ded45_7_6.json,d22328f3abcd27e570063e5a2850816a2204d121b7c01faf37525a9d0de30222,1490,content/abd_lineage/00_formal/raw_run/task_artifacts/B__db3f7933-dfa0-4678-9d4f-393b628ded45_7_6.json,d7857f2fecafba419405c75f10255dc48ec082e754a7e700a136771d999d8a22,1392,ABD formal raw per-task/run record,absolute_personal_path_redaction_only,1
outputs/abd_eval300_formal_v1/task_artifacts/B__db3f7933-dfa0-4678-9d4f-393b628ded45_7_8.json,eb0be115194723173ce97e278299199ca9ffe39b53c6978a35ed6fe5d8622cbb,1412,content/abd_lineage/00_formal/raw_run/task_artifacts/B__db3f7933-dfa0-4678-9d4f-393b628ded45_7_8.json,cc8778a4f89441ddfc6ec9280e2fc124a7a6a2d0829df47df421f897aa6bba67,1314,ABD formal raw per-task/run record,absolute_personal_path_redaction_only,1
outputs/abd_eval300_formal_v1/task_artifacts/B__db3f7933-dfa0-4678-9d4f-393b628ded45_8_4.json,dae3983956f1f56f2ec121d4b8fe0aaf3c60c0729ce19578696bc6ba4cf81476,1438,content/abd_lineage/00_formal/raw_run/task_artifacts/B__db3f7933-dfa0-4678-9d4f-393b628ded45_8_4.json,0da2550a6baef4364ab1beaf7ce04c6351b0b7ed632f1dc24a79488ef771fc14,1340,ABD formal raw per-task/run record,absolute_personal_path_redaction_only,1
outputs/abd_eval300_formal_v1/task_artifacts/D__115774b6-534d-444f-b7aa-d1b834eb0ee7_12_27.json,293fc84c0445eac44c0cec1c9a2afbe507f24ef397c7334369a6d2852731f1bd,1684,content/abd_lineage/00_formal/raw_run/task_artifacts/D__115774b6-534d-444f-b7aa-d1b834eb0ee7_12_27.json,5834b94093152b6cb2e865b6687b0cf4c86e1b659e2c3ab98d14c69007af7f27,1586,ABD formal raw per-task/run record,absolute_personal_path_redaction_only,1
outputs/abd_eval300_formal_v1/task_artifacts/D__115774b6-534d-444f-b7aa-d1b834eb0ee7_17_12.json,789ad1d9c361d472ce9f54f247df91432dc222eef5fb75a229e50b6866cc84c9,1679,content/abd_lineage/00_formal/raw_run/task_artifacts/D__115774b6-534d-444f-b7aa-d1b834eb0ee7_17_12.json,c2c2e2b2a32717d1910d626154549c5b85844dec39f9c1f0fa8c5c6f7a7e9994,1581,ABD formal raw per-task/run record,absolute_personal_path_redaction_only,1
outputs/abd_eval300_formal_v1/task_artifacts/D__115774b6-534d-444f-b7aa-d1b834eb0ee7_17_14.json,aed6a19f36ad1a6de57d099eb68124692b5fe3a93b79cb5b0702ffe605380049,1536,content/abd_lineage/00_formal/raw_run/task_artifacts/D__115774b6-534d-444f-b7aa-d1b834eb0ee7_17_14.json,661556985cc23e70dd4cbccd1dce704e1d58827df0769f7d45b548ad59c0d952,1438,ABD formal raw per-task/run record,absolute_personal_path_redaction_only,1
outputs/abd_eval300_formal_v1/task_artifacts/D__115774b6-534d-444f-b7aa-d1b834eb0ee7_17_31.json,51424a52e4a0dbf4f68c0c3eb0d558f4c005d0fb1fcbd34650ca3c834cb29c85,1551,content/abd_lineage/00_formal/raw_run/task_artifacts/D__115774b6-534d-444f-b7aa-d1b834eb0ee7_17_31.json,d2737263d5e9d143b3fc45217beac0bbfd2d71e9c7548a7661ed0e8544fff605,1453,ABD formal raw per-task/run record,absolute_personal_path_redaction_only,1
outputs/abd_eval300_formal_v1/task_artifacts/D__115774b6-534d-444f-b7aa-d1b834eb0ee7_17_7.json,00211ca6036b9376589921640242c0d3d536d674b1468344f9000d2d09597705,1515,content/abd_lineage/00_formal/raw_run/task_artifacts/D__115774b6-534d-444f-b7aa-d1b834eb0ee7_17_7.json,3be00f1010e9690e424281789c2c9b3d4a57169c81347c04d7ef7e3594c5793c,1417,ABD formal raw per-task/run record,absolute_personal_path_redaction_only,1
outputs/abd_eval300_formal_v1/task_artifacts/D__115774b6-534d-444f-b7aa-d1b834eb0ee7_1_1.json,91c5382189a4ace8236865b081c470fc180556be6e5fa9d4f20c981d396502a3,1678,content/abd_lineage/00_formal/raw_run/task_artifacts/D__115774b6-534d-444f-b7aa-d1b834eb0ee7_1_1.json,989ce916dc85c2801ef13db0967c7ab473a5724dbe0637d0ef4ff6237bf81c85,1580,ABD formal raw per-task/run record,absolute_personal_path_redaction_only,1
outputs/abd_eval300_formal_v1/task_artifacts/D__115774b6-534d-444f-b7aa-d1b834eb0ee7_1_3.json,386f98096c7dfc59d477df623e14fa06c161cc1651cb681e1a49ea8e92abe9ec,1643,content/abd_lineage/00_formal/raw_run/task_artifacts/D__115774b6-534d-444f-b7aa-d1b834eb0ee7_1_3.json,08f472cc3f1973f00f532159e33ea87fa271ae9d4115e1ea382dabe493a79fc5,1545,ABD formal raw per-task/run record,absolute_personal_path_redaction_only,1
outputs/abd_eval300_formal_v1/task_artifacts/D__115774b6-534d-444f-b7aa-d1b834eb0ee7_2_2.json,c63dd661811a46ceb6ab50e14b1920c415cd4e4ade41f03c7eb8413b817456f9,1495,content/abd_lineage/00_formal/raw_run/task_artifacts/D__115774b6-534d-444f-b7aa-d1b834eb0ee7_2_2.json,5620c0c5245df24db9afdae25b6fd6e36e9d65d815cf958469c82fe3d52af8fd,1397,ABD formal raw per-task/run record,absolute_personal_path_redaction_only,1
outputs/abd_eval300_formal_v1/task_artifacts/D__115774b6-534d-444f-b7aa-d1b834eb0ee7_2_4.json,e39a799591b0674544acd6f0cbfda5d7dbf36d484f954edc0dd35076afea0833,1468,content/abd_lineage/00_formal/raw_run/task_artifacts/D__115774b6-534d-444f-b7aa-d1b834eb0ee7_2_4.json,0176f9a85ae8bc2720a5d502dcf15b5cd41de4d8fbcdc7fe30de0d977a8edf19,1370,ABD formal raw per-task/run record,absolute_personal_path_redaction_only,1
outputs/abd_eval300_formal_v1/task_artifacts/D__115774b6-534d-444f-b7aa-d1b834eb0ee7_3_21.json,a317340e4684b0c2e2a9771fb8e6dacb0cfdf90e97e7d7799742cdd862737981,1663,content/abd_lineage/00_formal/raw_run/task_artifacts/D__115774b6-534d-444f-b7aa-d1b834eb0ee7_3_21.json,dacfe1422a3d2b208fe13690b0e6cbc4a6f7f0b991175a912b8686322e2113a0,1565,ABD formal raw per-task/run record,absolute_personal_path_redaction_only,1
outputs/abd_eval300_formal_v1/task_artifacts/D__115774b6-534d-444f-b7aa-d1b834eb0ee7_3_23.json,43b5d942a00899b0a9c355e3d61642fdb4640d5ce9e4870ad5fc061919ccfbfe,1572,content/abd_lineage/00_formal/raw_run/task_artifacts/D__115774b6-534d-444f-b7aa-d1b834eb0ee7_3_23.json,4d3270b3cd640142b8578e85eccc4517cc3cbda04481f6d0e06715b50ca2494c,1474,ABD formal raw per-task/run record,absolute_personal_path_redaction_only,1
outputs/abd_eval300_formal_v1/task_artifacts/D__115774b6-534d-444f-b7aa-d1b834eb0ee7_3_6.json,e043b0bea700983aa929451daddb7a4097ba3528fdf1cdc2dce7aa1508bc52a2,1607,content/abd_lineage/00_formal/raw_run/task_artifacts/D__115774b6-534d-444f-b7aa-d1b834eb0ee7_3_6.json,6647fee087a751c27b6e624593dba6f5f687c33272f54bf141408f9ecedbb27f,1509,ABD formal raw per-task/run record,absolute_personal_path_redaction_only,1
outputs/abd_eval300_formal_v1/task_artifacts/D__115774b6-534d-444f-b7aa-d1b834eb0ee7_4_1.json,9e5e5cba76fb07f3b3cc170f9b8dfe9666208c97f5a779cf58649f1d45bf70ed,1565,content/abd_lineage/00_formal/raw_run/task_artifacts/D__115774b6-534d-444f-b7aa-d1b834eb0ee7_4_1.json,bfc6b3ff652d01c291dfc0b95344640e3133eb06dfe88508213b4ee3c4c2fc7f,1467,ABD formal raw per-task/run record,absolute_personal_path_redaction_only,1
outputs/abd_eval300_formal_v1/task_artifacts/D__115774b6-534d-444f-b7aa-d1b834eb0ee7_4_25.json,63e1ed6d78648ac6cf2e4d290108c59808ce76407030e55599e7687219b79c26,1634,content/abd_lineage/00_formal/raw_run/task_artifacts/D__115774b6-534d-444f-b7aa-d1b834eb0ee7_4_25.json,d80602a3131d4001a4c0466d169c7aa6eda088047e91ce0b5009049e62246e58,1536,ABD formal raw per-task/run record,absolute_personal_path_redaction_only,1
outputs/abd_eval300_formal_v1/task_artifacts/D__115774b6-534d-444f-b7aa-d1b834eb0ee7_5_29.json,3dc53320da8b002d38430461fd63938003a198f23e98aa780be076f193c1a16a,1561,content/abd_lineage/00_formal/raw_run/task_artifacts/D__115774b6-534d-444f-b7aa-d1b834eb0ee7_5_29.json,66eeeadef3a2b19889175bba86cc4207a39239cf89cde089ee2d40931c8b8ddb,1463,ABD formal raw per-task/run record,absolute_personal_path_redaction_only,1
outputs/abd_eval300_formal_v1/task_artifacts/D__115774b6-534d-444f-b7aa-d1b834eb0ee7_5_5.json,32b3b172026706d83a3939dcb5a8258c530d3c910d8a43d0a6d89ec7ce39ae76,1562,content/abd_lineage/00_formal/raw_run/task_artifacts/D__115774b6-534d-444f-b7aa-d1b834eb0ee7_5_5.json,c2253429a05dd2cfbeefb93e6b20902db0a66e455eb45bee1852d02154a561ac,1464,ABD formal raw per-task/run record,absolute_personal_path_redaction_only,1
outputs/abd_eval300_formal_v1/task_artifacts/D__115774b6-534d-444f-b7aa-d1b834eb0ee7_6_2.json,d4067b06eb28b11730280880d7db26feb7e6d9bcf87652b960947cb4b94ded60,1628,content/abd_lineage/00_formal/raw_run/task_artifacts/D__115774b6-534d-444f-b7aa-d1b834eb0ee7_6_2.json,77a5dc44089b9c8ebd9fab6c16897731390a29304daa8ebb364448078b66b0a9,1530,ABD formal raw per-task/run record,absolute_personal_path_redaction_only,1
outputs/abd_eval300_formal_v1/task_artifacts/D__115774b6-534d-444f-b7aa-d1b834eb0ee7_6_24.json,a68a6365450e38fa733cda2e2e2ff7f4268ba3142b2fd52386840abea154ddbc,1539,content/abd_lineage/00_formal/raw_run/task_artifacts/D__115774b6-534d-444f-b7aa-d1b834eb0ee7_6_24.json,844a30f7bb0e95f10e1d42ba488865de88929f3b5e274eaca77bbe01de4d059b,1441,ABD formal raw per-task/run record,absolute_personal_path_redaction_only,1
outputs/abd_eval300_formal_v1/task_artifacts/D__115774b6-534d-444f-b7aa-d1b834eb0ee7_6_3.json,b3e005cc02738af9a6a7e27635bac872c83ee419b3388acb7d7ea04d4f1899ca,1655,content/abd_lineage/00_formal/raw_run/task_artifacts/D__115774b6-534d-444f-b7aa-d1b834eb0ee7_6_3.json,c68f8eb9b504742e8fbf8475d5d23cc15112cf3eeca07383b621064ae328681b,1557,ABD formal raw per-task/run record,absolute_personal_path_redaction_only,1
outputs/abd_eval300_formal_v1/task_artifacts/D__115774b6-534d-444f-b7aa-d1b834eb0ee7_6_4.json,5d6cee187232674237d969c7eb0472728afcdda21c980a80bd0d87ba0621ec14,1502,content/abd_lineage/00_formal/raw_run/task_artifacts/D__115774b6-534d-444f-b7aa-d1b834eb0ee7_6_4.json,1ec9009ca92b4a3276c94965d99560d2ed555f70c3ab164c81cbf0b8b256b149,1404,ABD formal raw per-task/run record,absolute_personal_path_redaction_only,1
outputs/abd_eval300_formal_v1/task_artifacts/D__115774b6-534d-444f-b7aa-d1b834eb0ee7_7_10.json,8e736bb8c01539e0d2ca447761dc305f4593de2bf4f5affc759533d96b1d3f13,1599,content/abd_lineage/00_formal/raw_run/task_artifacts/D__115774b6-534d-444f-b7aa-d1b834eb0ee7_7_10.json,35c89640a8606d6554d91ede5daf3be6cbf8150a6f0e4fecb63217e3736aab1c,1501,ABD formal raw per-task/run record,absolute_personal_path_redaction_only,1
outputs/abd_eval300_formal_v1/task_artifacts/D__115774b6-534d-444f-b7aa-d1b834eb0ee7_7_22.json,0020369c6026d7cd9d68d772c7a6003af2989f972f9c020af9f9c3615d5a6403,1593,content/abd_lineage/00_formal/raw_run/task_artifacts/D__115774b6-534d-444f-b7aa-d1b834eb0ee7_7_22.json,aaacac17565d1db44110a4e3d836b886e0af80a95b928ed2908e29f985bac927,1495,ABD formal raw per-task/run record,absolute_personal_path_redaction_only,1
outputs/abd_eval300_formal_v1/task_artifacts/D__115774b6-534d-444f-b7aa-d1b834eb0ee7_8_13.json,c76a2d1a8011ba16f0e79318f7f7beb974a48e4860a497d6bd7094bdb4ba9031,1524,content/abd_lineage/00_formal/raw_run/task_artifacts/D__115774b6-534d-444f-b7aa-d1b834eb0ee7_8_13.json,b048c99d3be11dbfdba3ab57565892364c04763f99041cc4fd10234ac4f926e8,1426,ABD formal raw per-task/run record,absolute_personal_path_redaction_only,1
outputs/abd_eval300_formal_v1/task_artifacts/D__115774b6-534d-444f-b7aa-d1b834eb0ee7_8_26.json,182aca4f07eae5de0fc8751eb387057a6f924962f7ff381dbd94aed3bc664608,1478,content/abd_lineage/00_formal/raw_run/task_artifacts/D__115774b6-534d-444f-b7aa-d1b834eb0ee7_8_26.json,2bca482ce43c1db19185d2806431cf2ca83cd78abbde69eb94171e8edcad845f,1380,ABD formal raw per-task/run record,absolute_personal_path_redaction_only,1
outputs/abd_eval300_formal_v1/task_artifacts/D__115774b6-534d-444f-b7aa-d1b834eb0ee7_8_8.json,6ac8e6a6428329d032d106e9b02519c680a69190427a0c7b996f0c23fe8dbc45,1505,content/abd_lineage/00_formal/raw_run/task_artifacts/D__115774b6-534d-444f-b7aa-d1b834eb0ee7_8_8.json,cb0b7ee84689d8b7d6b8fbb26b31e36be793eaf6931526bda3929c088ee7956a,1407,ABD formal raw per-task/run record,absolute_personal_path_redaction_only,1
outputs/abd_eval300_formal_v1/task_artifacts/D__41a86310-2cc1-48f9-b5b5-6b495a95fbac_11_1.json,54baa349a1ae3a7af8c4daf803c962166e7d22a6723fbcfdec764c8bf8b9cb8a,1581,content/abd_lineage/00_formal/raw_run/task_artifacts/D__41a86310-2cc1-48f9-b5b5-6b495a95fbac_11_1.json,4cf2ad717c1635fd29f73053f10535de83ba0f9f2a926122f359c17a7995cd74,1483,ABD formal raw per-task/run record,absolute_personal_path_redaction_only,1
outputs/abd_eval300_formal_v1/task_artifacts/D__41a86310-2cc1-48f9-b5b5-6b495a95fbac_11_19.json,9d5435040318969dbd782e56a324714194d80daa9d6880253eb83f11aaaba724,1744,content/abd_lineage/00_formal/raw_run/task_artifacts/D__41a86310-2cc1-48f9-b5b5-6b495a95fbac_11_19.json,46c097958f6192da68a3d1c470c362ad180675de851d4c6f55f92bce7f86cf03,1646,ABD formal raw per-task/run record,absolute_personal_path_redaction_only,1
outputs/abd_eval300_formal_v1/task_artifacts/D__41a86310-2cc1-48f9-b5b5-6b495a95fbac_11_31.json,bebd2f08552ced4dc196baf574603b6ce8fe6324fd06e2f253ca23d171c81344,1560,content/abd_lineage/00_formal/raw_run/task_artifacts/D__41a86310-2cc1-48f9-b5b5-6b495a95fbac_11_31.json,c980209f32531dd1bb2199c0effbdd55a6a401d7e2235fef7ddc9128bb3e2f81,1462,ABD formal raw per-task/run record,absolute_personal_path_redaction_only,1
outputs/abd_eval300_formal_v1/task_artifacts/D__41a86310-2cc1-48f9-b5b5-6b495a95fbac_11_34.json,32a1237b45d4cdbe99278f2432a1ddb5ee356d4e1ea57754a07b58f34e7b065f,1588,content/abd_lineage/00_formal/raw_run/task_artifacts/D__41a86310-2cc1-48f9-b5b5-6b495a95fbac_11_34.json,e357dc53063b1d4cabacf1340cbff9923384b85214633653d1961050395d10a6,1490,ABD formal raw per-task/run record,absolute_personal_path_redaction_only,1
outputs/abd_eval300_formal_v1/task_artifacts/D__41a86310-2cc1-48f9-b5b5-6b495a95fbac_11_4.json,1b3a32c25b76af7b62a3b0d31f4fb3b55cdea7e3d45a65d3e4fdc6e421c46e38,1799,content/abd_lineage/00_formal/raw_run/task_artifacts/D__41a86310-2cc1-48f9-b5b5-6b495a95fbac_11_4.json,2e7e7fd00f9a0240d909c29ef98a7cb67117dc263b9ee2b2924661a149282c4c,1701,ABD formal raw per-task/run record,absolute_personal_path_redaction_only,1
outputs/abd_eval300_formal_v1/task_artifacts/D__41a86310-2cc1-48f9-b5b5-6b495a95fbac_17_10.json,cbbc065c4a368e452e20a6557539d614686d8fc60e9d4b32f2900b03950e7245,1505,content/abd_lineage/00_formal/raw_run/task_artifacts/D__41a86310-2cc1-48f9-b5b5-6b495a95fbac_17_10.json,7bf82d1f1143a19fe7bb8d57341c8dfba269c873208f0fd76c5f06f015c3924e,1407,ABD formal raw per-task/run record,absolute_personal_path_redaction_only,1
outputs/abd_eval300_formal_v1/task_artifacts/D__41a86310-2cc1-48f9-b5b5-6b495a95fbac_17_13.json,98b092b1c7d8a20479769f5c5f206257ee4976f5856ab1cd670f3656fbec6d66,1547,content/abd_lineage/00_formal/raw_run/task_artifacts/D__41a86310-2cc1-48f9-b5b5-6b495a95fbac_17_13.json,45b3c1cfa23d408d6cb4bd921db47607a4a39180caff0b4f9313b8a1c21c47b6,1449,ABD formal raw per-task/run record,absolute_personal_path_redaction_only,1
outputs/abd_eval300_formal_v1/task_artifacts/D__41a86310-2cc1-48f9-b5b5-6b495a95fbac_17_15.json,6b967cdb394eb7c848e4466247d9be0a8a0e1dcfadc3efb678dd4626d42c258a,1512,content/abd_lineage/00_formal/raw_run/task_artifacts/D__41a86310-2cc1-48f9-b5b5-6b495a95fbac_17_15.json,4ed9218399ddaa3f8cefd65d15966dbe51ddeb25def9b07879a5c5443b6f32e1,1414,ABD formal raw per-task/run record,absolute_personal_path_redaction_only,1
outputs/abd_eval300_formal_v1/task_artifacts/D__41a86310-2cc1-48f9-b5b5-6b495a95fbac_17_2.json,fa4e30ed399b572bf0a6ef085e48b9e312b39375d25bbe0f4a63d6a05eead57b,1534,content/abd_lineage/00_formal/raw_run/task_artifacts/D__41a86310-2cc1-48f9-b5b5-6b495a95fbac_17_2.json,2bd538e02277fc117f1891821ae3a7e53bace90dc28c2cdda3d362c3c6f46d90,1436,ABD formal raw per-task/run record,absolute_personal_path_redaction_only,1
outputs/abd_eval300_formal_v1/task_artifacts/D__41a86310-2cc1-48f9-b5b5-6b495a95fbac_17_21.json,30a4b5f58b2103f1ff3029f6ffc78d8312daddd4c968d52dc54184c62939f9db,1560,content/abd_lineage/00_formal/raw_run/task_artifacts/D__41a86310-2cc1-48f9-b5b5-6b495a95fbac_17_21.json,1c53ed4d45816a69498912a2cebfa1fdc01eac841dcc588529db8ff80d8ecb6f,1462,ABD formal raw per-task/run record,absolute_personal_path_redaction_only,1
outputs/abd_eval300_formal_v1/task_artifacts/D__41a86310-2cc1-48f9-b5b5-6b495a95fbac_17_23.json,8b0727a8e9073ea7271c5a9796b7f279e1956acd768900804a0b482052133325,1681,content/abd_lineage/00_formal/raw_run/task_artifacts/D__41a86310-2cc1-48f9-b5b5-6b495a95fbac_17_23.json,4c3d70aaa10d677738f49c8c099c2c6161403ea5baaa9e3fe60ffac5e158e2a4,1583,ABD formal raw per-task/run record,absolute_personal_path_redaction_only,1
outputs/abd_eval300_formal_v1/task_artifacts/D__41a86310-2cc1-48f9-b5b5-6b495a95fbac_17_26.json,c82de99cfdd60736363d7bbd9aaa56cff0be6e07af3a0f8bb006282932b552be,1538,content/abd_lineage/00_formal/raw_run/task_artifacts/D__41a86310-2cc1-48f9-b5b5-6b495a95fbac_17_26.json,2fc2bdb3f62a8f6a9ca4ce0b2b8f6d4210f2caeb7caa5e1fc5099203a3c6bf37,1440,ABD formal raw per-task/run record,absolute_personal_path_redaction_only,1
outputs/abd_eval300_formal_v1/task_artifacts/D__41a86310-2cc1-48f9-b5b5-6b495a95fbac_17_33.json,3527865f4792f8ed01b8f94159ba0c5c6729ab3bec29967dd9eab53c57a79f1b,1555,content/abd_lineage/00_formal/raw_run/task_artifacts/D__41a86310-2cc1-48f9-b5b5-6b495a95fbac_17_33.json,09c6196340fbf17e7293c398793e0357bade7c24561f61c4a604320a3326b1a1,1457,ABD formal raw per-task/run record,absolute_personal_path_redaction_only,1
outputs/abd_eval300_formal_v1/task_artifacts/D__41a86310-2cc1-48f9-b5b5-6b495a95fbac_17_38.json,ee8d65fac8dae5c5dcd7f27339bb5b6bdb3a74e71a3922d6027dfde292859ca5,1686,content/abd_lineage/00_formal/raw_run/task_artifacts/D__41a86310-2cc1-48f9-b5b5-6b495a95fbac_17_38.json,f6c97e41064dee6bc7a5536f8afe1dac725bd1d86a234caf7e1d629d65a9ef29,1588,ABD formal raw per-task/run record,absolute_personal_path_redaction_only,1
outputs/abd_eval300_formal_v1/task_artifacts/D__41a86310-2cc1-48f9-b5b5-6b495a95fbac_23_8.json,dea3b1829529685ffe1caac0ab302e14dd207847c3803393ca165cb4b0c6c63d,1569,content/abd_lineage/00_formal/raw_run/task_artifacts/D__41a86310-2cc1-48f9-b5b5-6b495a95fbac_23_8.json,b6b80b4af48c18dc7b29d0c5bb5abd0a7209e81036f73f54269fcefa72644a68,1471,ABD formal raw per-task/run record,absolute_personal_path_redaction_only,1
outputs/abd_eval300_formal_v1/task_artifacts/D__41a86310-2cc1-48f9-b5b5-6b495a95fbac_4_25.json,df516e622835587bf3af6aeb2299b0e6b661718af0f29be6dd0764481186c559,1580,content/abd_lineage/00_formal/raw_run/task_artifacts/D__41a86310-2cc1-48f9-b5b5-6b495a95fbac_4_25.json,3f5efae54fc55f4ddf8de76045f4050265fd0e2b9cec4fd758a83e23b2b98c2d,1482,ABD formal raw per-task/run record,absolute_personal_path_redaction_only,1
outputs/abd_eval300_formal_v1/task_artifacts/D__41a86310-2cc1-48f9-b5b5-6b495a95fbac_5_20.json,109e31c0405c2ede0f5210c46d967bdb0a3be09e6903f1252b357e9f5ff2f9a1,1566,content/abd_lineage/00_formal/raw_run/task_artifacts/D__41a86310-2cc1-48f9-b5b5-6b495a95fbac_5_20.json,3df250867eab165f867d71eb8b62589893efd4513ad44fa3738c5bea4a7d9bed,1468,ABD formal raw per-task/run record,absolute_personal_path_redaction_only,1
outputs/abd_eval300_formal_v1/task_artifacts/D__41a86310-2cc1-48f9-b5b5-6b495a95fbac_6_14.json,b8f7fbed502a751b154f1e3993cd1830f526acfe3f63e5ee5425fdd68a2e9601,1590,content/abd_lineage/00_formal/raw_run/task_artifacts/D__41a86310-2cc1-48f9-b5b5-6b495a95fbac_6_14.json,847f55d976b536a533b5b290d8b69b2a9735fc71160786242b26ec9b8c230538,1492,ABD formal raw per-task/run record,absolute_personal_path_redaction_only,1
outputs/abd_eval300_formal_v1/task_artifacts/D__41a86310-2cc1-48f9-b5b5-6b495a95fbac_6_24.json,d96e8446e9ccbbfbd4ee906d208d6c58944e85a3fcfeeb05e4e83f6978422d74,1564,content/abd_lineage/00_formal/raw_run/task_artifacts/D__41a86310-2cc1-48f9-b5b5-6b495a95fbac_6_24.json,16441a471993c7a676498a8419759356320e5078c02f68018cca86aef413c051,1466,ABD formal raw per-task/run record,absolute_personal_path_redaction_only,1
outputs/abd_eval300_formal_v1/task_artifacts/D__41a86310-2cc1-48f9-b5b5-6b495a95fbac_6_27.json,b81dbcf7f67dca1f2f8697ba9a5f784d592764b574bff4ec1c624bdf257ccd91,1513,content/abd_lineage/00_formal/raw_run/task_artifacts/D__41a86310-2cc1-48f9-b5b5-6b495a95fbac_6_27.json,fdc82b06e3434efa12fbdf31498482a55cfa2c90ecb137be86110fc165e36fdb,1415,ABD formal raw per-task/run record,absolute_personal_path_redaction_only,1
outputs/abd_eval300_formal_v1/task_artifacts/D__41a86310-2cc1-48f9-b5b5-6b495a95fbac_6_32.json,24ed65bb2b671f7c9b22559349c268070eb8c6d7dda4ea03658c15ca1dafe860,1491,content/abd_lineage/00_formal/raw_run/task_artifacts/D__41a86310-2cc1-48f9-b5b5-6b495a95fbac_6_32.json,480b5da8b67d2fb741c277d5635eb4e2605203d4b85e7bb5183f02ebf9a0b649,1393,ABD formal raw per-task/run record,absolute_personal_path_redaction_only,1
outputs/abd_eval300_formal_v1/task_artifacts/D__41a86310-2cc1-48f9-b5b5-6b495a95fbac_7_17.json,5bd45e2fc802877ce9fbb2ea7af726addf09e1538858d7d5735c7fc32f05edf9,1477,content/abd_lineage/00_formal/raw_run/task_artifacts/D__41a86310-2cc1-48f9-b5b5-6b495a95fbac_7_17.json,7aa39b085efa71387e19a8b8f2599438779aff6b8e5baa90a0f3e496015b8e49,1379,ABD formal raw per-task/run record,absolute_personal_path_redaction_only,1
outputs/abd_eval300_formal_v1/task_artifacts/D__41a86310-2cc1-48f9-b5b5-6b495a95fbac_7_39.json,863464150bae07cf9f14d18b8ab6cffb1a39981c1e7c96e87c94cea9f9b4c9df,1476,content/abd_lineage/00_formal/raw_run/task_artifacts/D__41a86310-2cc1-48f9-b5b5-6b495a95fbac_7_39.json,20d238941b1c18ea3b500100d652d58f9eeb03a2b1aa98032489f8d5ae0e6402,1378,ABD formal raw per-task/run record,absolute_personal_path_redaction_only,1
outputs/abd_eval300_formal_v1/task_artifacts/D__41a86310-2cc1-48f9-b5b5-6b495a95fbac_8_11.json,0ee0298520668edefb91aeea68c1c30d69ab32592ac3dfdc01c8534c78ba7016,1596,content/abd_lineage/00_formal/raw_run/task_artifacts/D__41a86310-2cc1-48f9-b5b5-6b495a95fbac_8_11.json,799fb830969c700fe2b735701909ee2528f33b3336365e19ff9823ae98f09ee3,1498,ABD formal raw per-task/run record,absolute_personal_path_redaction_only,1
outputs/abd_eval300_formal_v1/task_artifacts/D__41a86310-2cc1-48f9-b5b5-6b495a95fbac_8_22.json,16f7fca583054c8422e0d13e7f473f0be99a3c7027997715437d5fe79acee64c,1554,content/abd_lineage/00_formal/raw_run/task_artifacts/D__41a86310-2cc1-48f9-b5b5-6b495a95fbac_8_22.json,72015d454c680eedb002d9bd9bdafab5b53de04c7778639692c6260f6568550d,1456,ABD formal raw per-task/run record,absolute_personal_path_redaction_only,1
outputs/abd_eval300_formal_v1/task_artifacts/D__4572b198-2c1c-4920-bcf0-95fcebe12261_13_1.json,4787d9a027d1e43bc13bb42f63892b1b6fc0ad2811de205465c9d1e02e36670c,1558,content/abd_lineage/00_formal/raw_run/task_artifacts/D__4572b198-2c1c-4920-bcf0-95fcebe12261_13_1.json,9a8d50757e0a6a8ee8e9b091aec26ce0e9f62c51d8bf781466f08e5e36d880df,1460,ABD formal raw per-task/run record,absolute_personal_path_redaction_only,1
outputs/abd_eval300_formal_v1/task_artifacts/D__4572b198-2c1c-4920-bcf0-95fcebe12261_15_1.json,54382ea034d76f059eac5462ea8e151b7b034476afd489af5c3acd8002f9182e,1474,content/abd_lineage/00_formal/raw_run/task_artifacts/D__4572b198-2c1c-4920-bcf0-95fcebe12261_15_1.json,7a472c9f7e8d1ac6aad714c3fb1e7f5b150ab82188d54d891204c2a649df4d18,1376,ABD formal raw per-task/run record,absolute_personal_path_redaction_only,1
outputs/abd_eval300_formal_v1/task_artifacts/D__4572b198-2c1c-4920-bcf0-95fcebe12261_17_10.json,7063ebc58e3faf412c77e08c839b3747c100c39f2ec5a0f303f46c876e6fe985,1492,content/abd_lineage/00_formal/raw_run/task_artifacts/D__4572b198-2c1c-4920-bcf0-95fcebe12261_17_10.json,2e724adf50d006eef7f0c4da55000aa7fdf707fdb0ff4ebf3927920d4f886560,1394,ABD formal raw per-task/run record,absolute_personal_path_redaction_only,1
outputs/abd_eval300_formal_v1/task_artifacts/D__4572b198-2c1c-4920-bcf0-95fcebe12261_17_14.json,bb784eeabad7c0e98e4d29261113f08ab19805a487dbc25d0d67c9cf6f50d6c0,1459,content/abd_lineage/00_formal/raw_run/task_artifacts/D__4572b198-2c1c-4920-bcf0-95fcebe12261_17_14.json,5b120aadf6a353a26532e8c5e3543e9f2bb1cde4e2fa65a077a5a7a55218ceda,1361,ABD formal raw per-task/run record,absolute_personal_path_redaction_only,1
outputs/abd_eval300_formal_v1/task_artifacts/D__4572b198-2c1c-4920-bcf0-95fcebe12261_17_15.json,9e88dc0d0565282cfe4c951033412487e23db3b280fd897d297f8d6f7c2547ab,1464,content/abd_lineage/00_formal/raw_run/task_artifacts/D__4572b198-2c1c-4920-bcf0-95fcebe12261_17_15.json,c61b53ae4e0d02383b63910808a1d2be4bd70fda5ac8e38918f9f3a8e36be79c,1366,ABD formal raw per-task/run record,absolute_personal_path_redaction_only,1
outputs/abd_eval300_formal_v1/task_artifacts/D__4572b198-2c1c-4920-bcf0-95fcebe12261_17_17.json,f5f8e0671f6f53c7a5618abd2e498e2bb301e71b3d256eb45d3ab68926adf463,1503,content/abd_lineage/00_formal/raw_run/task_artifacts/D__4572b198-2c1c-4920-bcf0-95fcebe12261_17_17.json,5bded001e01eb59adfc74b626a345e954b83b8811181bbf1289a2837b2d53e7e,1405,ABD formal raw per-task/run record,absolute_personal_path_redaction_only,1
outputs/abd_eval300_formal_v1/task_artifacts/D__4572b198-2c1c-4920-bcf0-95fcebe12261_17_25.json,dce13fbcb364a7665c70af28919a041affb10a5771328db28c0c7b38260e73b9,1506,content/abd_lineage/00_formal/raw_run/task_artifacts/D__4572b198-2c1c-4920-bcf0-95fcebe12261_17_25.json,3c28fe419fe6717113197454338779d446867b3ed7c12e27525c3ba9edd2904c,1408,ABD formal raw per-task/run record,absolute_personal_path_redaction_only,1
outputs/abd_eval300_formal_v1/task_artifacts/D__4572b198-2c1c-4920-bcf0-95fcebe12261_17_26.json,9507f1903efa292303227bb0295f710edbf1b086e1f44e9e44790938b9ef83ec,1531,content/abd_lineage/00_formal/raw_run/task_artifacts/D__4572b198-2c1c-4920-bcf0-95fcebe12261_17_26.json,2b9250f5b869e2cb03e8102fda430c9acee8e7436918a9c9d4d120741719803a,1433,ABD formal raw per-task/run record,absolute_personal_path_redaction_only,1
outputs/abd_eval300_formal_v1/task_artifacts/D__4572b198-2c1c-4920-bcf0-95fcebe12261_17_29.json,11f7973eeb73dcef678a424916a35e5d49c77216807497129128a890da36fbab,1635,content/abd_lineage/00_formal/raw_run/task_artifacts/D__4572b198-2c1c-4920-bcf0-95fcebe12261_17_29.json,f7d4eb97812b5bb33cefe30db57893b37a4b291ec470e39d2338b1f9a3f6e7dd,1537,ABD formal raw per-task/run record,absolute_personal_path_redaction_only,1
outputs/abd_eval300_formal_v1/task_artifacts/D__4572b198-2c1c-4920-bcf0-95fcebe12261_17_39.json,07240a80ea3f3cd54a773807276125b14eef793da76af8248be5d4acf88014a8,1567,content/abd_lineage/00_formal/raw_run/task_artifacts/D__4572b198-2c1c-4920-bcf0-95fcebe12261_17_39.json,d64fd1a8f31cf789dd9c31ac1b1be78928c863c854f36a177c612c27b4be75bf,1469,ABD formal raw per-task/run record,absolute_personal_path_redaction_only,1
outputs/abd_eval300_formal_v1/task_artifacts/D__4572b198-2c1c-4920-bcf0-95fcebe12261_2_1.json,c998be434dfb30a68f263d4c3c49b2555138b2f3886a96486b3e081341495c7e,1531,content/abd_lineage/00_formal/raw_run/task_artifacts/D__4572b198-2c1c-4920-bcf0-95fcebe12261_2_1.json,ec7e1f7ef2692abae20f72a9f8db0f7e45fb9f3168aff58dfc167d08cfb23e22,1433,ABD formal raw per-task/run record,absolute_personal_path_redaction_only,1
outputs/abd_eval300_formal_v1/task_artifacts/D__4572b198-2c1c-4920-bcf0-95fcebe12261_3_21.json,cb7449e9c8bc0d4ded709071e2aca0baafaad5590889513c2add60a6efb94f46,1572,content/abd_lineage/00_formal/raw_run/task_artifacts/D__4572b198-2c1c-4920-bcf0-95fcebe12261_3_21.json,4c5d36c50fe0ab65dd579d1bd855c405dba2c2cae98b4d5f9c86dc6d21796cd0,1474,ABD formal raw per-task/run record,absolute_personal_path_redaction_only,1
outputs/abd_eval300_formal_v1/task_artifacts/D__4572b198-2c1c-4920-bcf0-95fcebe12261_4_20.json,3a0713f8e10f5af9b9c4ab165475e101768631899f98bbe2971c891cac238156,1526,content/abd_lineage/00_formal/raw_run/task_artifacts/D__4572b198-2c1c-4920-bcf0-95fcebe12261_4_20.json,cedae2d5d2f0affa32d2c304947ea9c85bb302575ed13d4920e076a4378cecde,1428,ABD formal raw per-task/run record,absolute_personal_path_redaction_only,1
outputs/abd_eval300_formal_v1/task_artifacts/D__4572b198-2c1c-4920-bcf0-95fcebe12261_4_23.json,c6886dd385972f07d335f73ba58d9c031de89029059db30ed6a0e799a6f9fe69,1625,content/abd_lineage/00_formal/raw_run/task_artifacts/D__4572b198-2c1c-4920-bcf0-95fcebe12261_4_23.json,1c7c0b8d972bf68f93dadaed8085099c49863d0c1e9d9e8fe18f4a548cd3e814,1527,ABD formal raw per-task/run record,absolute_personal_path_redaction_only,1
outputs/abd_eval300_formal_v1/task_artifacts/D__4572b198-2c1c-4920-bcf0-95fcebe12261_4_28.json,f96c60a23a7d5f74ea2aa25ac8b28616cf5ac8cbdace4db6c5cb37ebe711541e,1528,content/abd_lineage/00_formal/raw_run/task_artifacts/D__4572b198-2c1c-4920-bcf0-95fcebe12261_4_28.json,17958959c3c99d3fef02aa8b237227cc65c5c8d550c2f638c3031909b555f3fd,1430,ABD formal raw per-task/run record,absolute_personal_path_redaction_only,1
outputs/abd_eval300_formal_v1/task_artifacts/D__4572b198-2c1c-4920-bcf0-95fcebe12261_4_3.json,641778f3d558ed7b781dd3eedecee32c5e2c5ab7afc908e23297d954d6538b82,1527,content/abd_lineage/00_formal/raw_run/task_artifacts/D__4572b198-2c1c-4920-bcf0-95fcebe12261_4_3.json,5d48a2ed42ffaafe29596fe70f50d23e9c577d4ea80175da011c3969ea9dcd40,1429,ABD formal raw per-task/run record,absolute_personal_path_redaction_only,1
outputs/abd_eval300_formal_v1/task_artifacts/D__4572b198-2c1c-4920-bcf0-95fcebe12261_4_40.json,71c1b228a208c0337c0475dc9a4bad62fd85adc4dfde0dfcc2f1cd4d6f1ce3ad,1578,content/abd_lineage/00_formal/raw_run/task_artifacts/D__4572b198-2c1c-4920-bcf0-95fcebe12261_4_40.json,2212e1781b1f3b99141da87fc05db03edd37d927699af30c4c12555bfbff7c95,1480,ABD formal raw per-task/run record,absolute_personal_path_redaction_only,1
outputs/abd_eval300_formal_v1/task_artifacts/D__4572b198-2c1c-4920-bcf0-95fcebe12261_5_11.json,d4c6aec9c82114b03f8d9fed79ce997a300067fcceee7a211e4738b9bbf56d77,1746,content/abd_lineage/00_formal/raw_run/task_artifacts/D__4572b198-2c1c-4920-bcf0-95fcebe12261_5_11.json,2900faf969f02f79967cdd9abd15a14d65c2dccf2c1f29b1c358d2becaf7673e,1648,ABD formal raw per-task/run record,absolute_personal_path_redaction_only,1
outputs/abd_eval300_formal_v1/task_artifacts/D__4572b198-2c1c-4920-bcf0-95fcebe12261_6_22.json,19cbc248a24cf33c9d1b06b033b9d5e120173126bac135e2f88bcce16ee666ee,1482,content/abd_lineage/00_formal/raw_run/task_artifacts/D__4572b198-2c1c-4920-bcf0-95fcebe12261_6_22.json,4009a5b699978f5bf4e982e6e7d3350862eff7daebe32f8b706e173f17e7e4fc,1384,ABD formal raw per-task/run record,absolute_personal_path_redaction_only,1
outputs/abd_eval300_formal_v1/task_artifacts/D__4572b198-2c1c-4920-bcf0-95fcebe12261_6_24.json,db4cd42df7271de6c4c1f9e107dd47594e032eba02b809246b30563caf35e98b,1469,content/abd_lineage/00_formal/raw_run/task_artifacts/D__4572b198-2c1c-4920-bcf0-95fcebe12261_6_24.json,53bb6ddbdde7b18743b4c8aded22855c282d9a6774289dc037a9ba6375797042,1371,ABD formal raw per-task/run record,absolute_personal_path_redaction_only,1
outputs/abd_eval300_formal_v1/task_artifacts/D__4572b198-2c1c-4920-bcf0-95fcebe12261_6_7.json,592ba8f2935b1d1170a22b0a4a20a7c21c93fccc1a67d968af892c92dca7eb68,1514,content/abd_lineage/00_formal/raw_run/task_artifacts/D__4572b198-2c1c-4920-bcf0-95fcebe12261_6_7.json,d05e4c003a3ea1553ca6a75f7b9ba0a42aa265d6bb0a96bd20aa0f9447419263,1416,ABD formal raw per-task/run record,absolute_personal_path_redaction_only,1
outputs/abd_eval300_formal_v1/task_artifacts/D__4572b198-2c1c-4920-bcf0-95fcebe12261_7_32.json,c77b3fbb95710690e10b75d938fa4075b5fd527b3ae42245bf0bea9352cfcb46,1512,content/abd_lineage/00_formal/raw_run/task_artifacts/D__4572b198-2c1c-4920-bcf0-95fcebe12261_7_32.json,13497dcc4b0be6ad84fe5d560b1e2d9bd97ad5163ee757ff3e7555117b6b9ba3,1414,ABD formal raw per-task/run record,absolute_personal_path_redaction_only,1
outputs/abd_eval300_formal_v1/task_artifacts/D__4572b198-2c1c-4920-bcf0-95fcebe12261_7_5.json,963b70b979756339b1b1d8ef33970e5ca6c831d81df892b57293cbb330dbd5c4,1534,content/abd_lineage/00_formal/raw_run/task_artifacts/D__4572b198-2c1c-4920-bcf0-95fcebe12261_7_5.json,6c936d43ea9affda5dea54663434020b50e29a10d5ed77ad43499c35a9eae70a,1436,ABD formal raw per-task/run record,absolute_personal_path_redaction_only,1
outputs/abd_eval300_formal_v1/task_artifacts/D__4572b198-2c1c-4920-bcf0-95fcebe12261_8_13.json,b2048e4f8326e913e5cb016801d83a853b78db7247de35ecaee15e10b1786e48,1661,content/abd_lineage/00_formal/raw_run/task_artifacts/D__4572b198-2c1c-4920-bcf0-95fcebe12261_8_13.json,9e4a83758b7295a23c5e3ea77fbf64bc26ef25e955d3d1620836b285defdb2ce,1563,ABD formal raw per-task/run record,absolute_personal_path_redaction_only,1
outputs/abd_eval300_formal_v1/task_artifacts/D__4572b198-2c1c-4920-bcf0-95fcebe12261_8_34.json,4cf7783560be05767ccdc1d0bc706fbf0ba7b7f68319f72fe24fde0c2ee4e996,1490,content/abd_lineage/00_formal/raw_run/task_artifacts/D__4572b198-2c1c-4920-bcf0-95fcebe12261_8_34.json,2476fb0ef7695a510a74d6c2bb5f890e2e3aae69bf9f5abe575d6201484ffcdf,1392,ABD formal raw per-task/run record,absolute_personal_path_redaction_only,1
outputs/abd_eval300_formal_v1/task_artifacts/D__6fd90f8d-7a4d-425d-a812-3268db0b0342_11_29.json,3235d08571d5ce16cdf1c04b4c04f31cad4f3738a1d5bf22bdf02b82abee70dc,1677,content/abd_lineage/00_formal/raw_run/task_artifacts/D__6fd90f8d-7a4d-425d-a812-3268db0b0342_11_29.json,3698ddcacedd44769264c4f5aabf6cdb6a2acdf3656b0094f2013fbf107d79ff,1579,ABD formal raw per-task/run record,absolute_personal_path_redaction_only,1
outputs/abd_eval300_formal_v1/task_artifacts/D__6fd90f8d-7a4d-425d-a812-3268db0b0342_12_28.json,5bd6d1fa440333054967f8e5265eaa1999156fc0a53e1fab6f710e6c8c1735e2,1544,content/abd_lineage/00_formal/raw_run/task_artifacts/D__6fd90f8d-7a4d-425d-a812-3268db0b0342_12_28.json,177209c96a282e10a2f27720abbb21120173a63c5621205f7e9cc9fb5b0252d6,1446,ABD formal raw per-task/run record,absolute_personal_path_redaction_only,1
outputs/abd_eval300_formal_v1/task_artifacts/D__6fd90f8d-7a4d-425d-a812-3268db0b0342_13_2.json,ec527bc45da20c630cb9390eecdfe9eb9a1b424e860d2efe79a528bdd5caebeb,1503,content/abd_lineage/00_formal/raw_run/task_artifacts/D__6fd90f8d-7a4d-425d-a812-3268db0b0342_13_2.json,7441b7844ad78a8a8d30352b39f942723088585021378e6da14d3f36e43a8549,1405,ABD formal raw per-task/run record,absolute_personal_path_redaction_only,1
outputs/abd_eval300_formal_v1/task_artifacts/D__6fd90f8d-7a4d-425d-a812-3268db0b0342_14_3.json,12f52c79cdb758d90019e0536fcf3d60dcd6610e279fc086f06ead7b027b830e,1525,content/abd_lineage/00_formal/raw_run/task_artifacts/D__6fd90f8d-7a4d-425d-a812-3268db0b0342_14_3.json,3d686e8d5590e76bb72bb6cf2b3bf6209282ced45bec048fd9e13543f61cd896,1427,ABD formal raw per-task/run record,absolute_personal_path_redaction_only,1
outputs/abd_eval300_formal_v1/task_artifacts/D__6fd90f8d-7a4d-425d-a812-3268db0b0342_14_4.json,eef86558ddf810fe4537cc48d678022326e20658858b5cc4f977693018361d8c,1572,content/abd_lineage/00_formal/raw_run/task_artifacts/D__6fd90f8d-7a4d-425d-a812-3268db0b0342_14_4.json,f5a67ba340630c99b6ec9757f9641572a9dd9839f2c93bff544e821f86af5591,1474,ABD formal raw per-task/run record,absolute_personal_path_redaction_only,1
outputs/abd_eval300_formal_v1/task_artifacts/D__6fd90f8d-7a4d-425d-a812-3268db0b0342_14_5.json,20a0285f384a8d727c46909bd45901dd439940baeea6cc4a84eab1c17ac7760a,1690,content/abd_lineage/00_formal/raw_run/task_artifacts/D__6fd90f8d-7a4d-425d-a812-3268db0b0342_14_5.json,02ead2db6e0d4283edd9c56078886428b4b32e5431101e330f96f47d016cb189,1592,ABD formal raw per-task/run record,absolute_personal_path_redaction_only,1
outputs/abd_eval300_formal_v1/task_artifacts/D__6fd90f8d-7a4d-425d-a812-3268db0b0342_15_2.json,dfa93e94af2852d26a0d6fa18a11ecb3fd335cab53398f7cea1f2fd13af01357,1515,content/abd_lineage/00_formal/raw_run/task_artifacts/D__6fd90f8d-7a4d-425d-a812-3268db0b0342_15_2.json,c9c54d1b03f9ea7865dc650811642f281e635c9d2fa8818a195b0ce1cc47c7e3,1417,ABD formal raw per-task/run record,absolute_personal_path_redaction_only,1
outputs/abd_eval300_formal_v1/task_artifacts/D__6fd90f8d-7a4d-425d-a812-3268db0b0342_16_3.json,c8bca99213f21be758bd013bf666b618d4354bd57953ee93e344960a6cfe14a7,1484,content/abd_lineage/00_formal/raw_run/task_artifacts/D__6fd90f8d-7a4d-425d-a812-3268db0b0342_16_3.json,9fd30a622e64d52e8729e78fa8ecd05fe37adce2d92c6e9638e364f1215c6249,1386,ABD formal raw per-task/run record,absolute_personal_path_redaction_only,1
outputs/abd_eval300_formal_v1/task_artifacts/D__6fd90f8d-7a4d-425d-a812-3268db0b0342_16_4.json,e4e93247171e8755d2cd9d713b684d5aa571943dec1d3095f5ed890529791e5d,1626,content/abd_lineage/00_formal/raw_run/task_artifacts/D__6fd90f8d-7a4d-425d-a812-3268db0b0342_16_4.json,884de173151d197013ea3803857240c1ae745f55eca0bc9bdd57e85bfdd35a45,1528,ABD formal raw per-task/run record,absolute_personal_path_redaction_only,1
outputs/abd_eval300_formal_v1/task_artifacts/D__6fd90f8d-7a4d-425d-a812-3268db0b0342_16_5.json,4ab74ecce7daf405645d22090f5efc19a171523283b93c62af4d2137ba9a1cb8,1444,content/abd_lineage/00_formal/raw_run/task_artifacts/D__6fd90f8d-7a4d-425d-a812-3268db0b0342_16_5.json,8632a4e6c9beccc1cfa9ed3af1b679f1b129f2db3da76ba59759630dd3761b7d,1346,ABD formal raw per-task/run record,absolute_personal_path_redaction_only,1
outputs/abd_eval300_formal_v1/task_artifacts/D__6fd90f8d-7a4d-425d-a812-3268db0b0342_17_25.json,87c916af516b4b4d297bb173549950aab67118cdbef8fd99d8608d190acbb9c2,1463,content/abd_lineage/00_formal/raw_run/task_artifacts/D__6fd90f8d-7a4d-425d-a812-3268db0b0342_17_25.json,7ecbf418092ee0e83b35a80f4d068a9128824a764d86600d8ef12503a8b61f26,1365,ABD formal raw per-task/run record,absolute_personal_path_redaction_only,1
outputs/abd_eval300_formal_v1/task_artifacts/D__6fd90f8d-7a4d-425d-a812-3268db0b0342_17_36.json,21e260d263bca4aaf3218d5bc8c1ef499137d07049701270d37aa49bc778b841,1542,content/abd_lineage/00_formal/raw_run/task_artifacts/D__6fd90f8d-7a4d-425d-a812-3268db0b0342_17_36.json,3c7772353e138e688d5f2a7e977e7c7f8c4579a1072162ec8acfa75ddbc4dc16,1444,ABD formal raw per-task/run record,absolute_personal_path_redaction_only,1
outputs/abd_eval300_formal_v1/task_artifacts/D__6fd90f8d-7a4d-425d-a812-3268db0b0342_17_5.json,778100c12e388858967823cb302be88105ff7eeb75594b441d81bcae5168f744,1654,content/abd_lineage/00_formal/raw_run/task_artifacts/D__6fd90f8d-7a4d-425d-a812-3268db0b0342_17_5.json,67c1708e8481f60c4e8958895904070048753a9135432780afd827e2f2631900,1556,ABD formal raw per-task/run record,absolute_personal_path_redaction_only,1
outputs/abd_eval300_formal_v1/task_artifacts/D__6fd90f8d-7a4d-425d-a812-3268db0b0342_18_16.json,13f060cd5bc30a12460582fb3937351523ece7f9570a24c86f3178f5c8d1cf43,1582,content/abd_lineage/00_formal/raw_run/task_artifacts/D__6fd90f8d-7a4d-425d-a812-3268db0b0342_18_16.json,3b5110c52d2d73bf55e189090689ce16762916b6a5671dbe0a6e089fd9147420,1484,ABD formal raw per-task/run record,absolute_personal_path_redaction_only,1
outputs/abd_eval300_formal_v1/task_artifacts/D__6fd90f8d-7a4d-425d-a812-3268db0b0342_18_17.json,5056370a132d65ab119708a975d1733505c55733a7ae10f623cae0add0e3544e,1498,content/abd_lineage/00_formal/raw_run/task_artifacts/D__6fd90f8d-7a4d-425d-a812-3268db0b0342_18_17.json,4501535c0871dde2ab2e549ecb00380f13e75065e3d05f080af22d6630960149,1400,ABD formal raw per-task/run record,absolute_personal_path_redaction_only,1
outputs/abd_eval300_formal_v1/task_artifacts/D__6fd90f8d-7a4d-425d-a812-3268db0b0342_1_1.json,3fd0ae651a2d4e85a68d09907ba841e210c605d560717706cbe65080825e61fc,1479,content/abd_lineage/00_formal/raw_run/task_artifacts/D__6fd90f8d-7a4d-425d-a812-3268db0b0342_1_1.json,d57d910d1c641cb69fb9eef2c35752ffaedd2654a9d67447eaff124a94817da6,1381,ABD formal raw per-task/run record,absolute_personal_path_redaction_only,1
outputs/abd_eval300_formal_v1/task_artifacts/D__6fd90f8d-7a4d-425d-a812-3268db0b0342_21_11.json,83fc140eb59c79c0c810df89a0af319c30850b7f2941a07fab13957cb853e97b,1688,content/abd_lineage/00_formal/raw_run/task_artifacts/D__6fd90f8d-7a4d-425d-a812-3268db0b0342_21_11.json,c48e617bc459f698fa78e5045d73ce67d0fbe3e0ae28800360fa379716487d96,1590,ABD formal raw per-task/run record,absolute_personal_path_redaction_only,1
outputs/abd_eval300_formal_v1/task_artifacts/D__6fd90f8d-7a4d-425d-a812-3268db0b0342_3_32.json,cf0640d9fe34d099539346db0007fa3fbf0534653c2a8218122d983081d919e2,1818,content/abd_lineage/00_formal/raw_run/task_artifacts/D__6fd90f8d-7a4d-425d-a812-3268db0b0342_3_32.json,aa35ee603761c88ec4765643eea3ee7213e16947df47e64d89179655601e56b7,1720,ABD formal raw per-task/run record,absolute_personal_path_redaction_only,1
outputs/abd_eval300_formal_v1/task_artifacts/D__6fd90f8d-7a4d-425d-a812-3268db0b0342_4_1.json,efd90e98a15aec42304bf6753f03aef69ffc001571b224f30449d97827992f17,1546,content/abd_lineage/00_formal/raw_run/task_artifacts/D__6fd90f8d-7a4d-425d-a812-3268db0b0342_4_1.json,ad261985ef37b639790c3b9378bb519ca3de619cec3d90165f28805cd941ba7f,1448,ABD formal raw per-task/run record,absolute_personal_path_redaction_only,1
outputs/abd_eval300_formal_v1/task_artifacts/D__6fd90f8d-7a4d-425d-a812-3268db0b0342_6_8.json,9fd459ec2ae52abee22fdad472b4708190bed2ccd38b234524394474deec269f,1529,content/abd_lineage/00_formal/raw_run/task_artifacts/D__6fd90f8d-7a4d-425d-a812-3268db0b0342_6_8.json,665eb371ece7ee47befbd18a6636a5fe3de8d608c4814205e469c0f69aa33150,1431,ABD formal raw per-task/run record,absolute_personal_path_redaction_only,1
outputs/abd_eval300_formal_v1/task_artifacts/D__6fd90f8d-7a4d-425d-a812-3268db0b0342_7_27.json,b5b22b9f9222eb4552c3eb8c2d57e0afb570efa2412618feec050c741f8d4624,1446,content/abd_lineage/00_formal/raw_run/task_artifacts/D__6fd90f8d-7a4d-425d-a812-3268db0b0342_7_27.json,1b58671a53ca73d99ba68cece6a49901d3a332056d39d8e4cbb7eaeebe4af0e5,1348,ABD formal raw per-task/run record,absolute_personal_path_redaction_only,1
outputs/abd_eval300_formal_v1/task_artifacts/D__6fd90f8d-7a4d-425d-a812-3268db0b0342_7_7.json,fec0e449488623c50922c32967bcf11e46e4e059f744ae81754ddfc6c2119b58,1399,content/abd_lineage/00_formal/raw_run/task_artifacts/D__6fd90f8d-7a4d-425d-a812-3268db0b0342_7_7.json,cbe6f747d2dc0681224bd5bb3cc6cd7aa5489324e5dc4fc66a7da4427392a534,1301,ABD formal raw per-task/run record,absolute_personal_path_redaction_only,1
outputs/abd_eval300_formal_v1/task_artifacts/D__6fd90f8d-7a4d-425d-a812-3268db0b0342_8_10.json,f90ac0a633ee9e3d502401834597394aff0f7a7396ad7fbf3167ad093f9c7e6e,1408,content/abd_lineage/00_formal/raw_run/task_artifacts/D__6fd90f8d-7a4d-425d-a812-3268db0b0342_8_10.json,b4620d833d910680d71c77ef2bf57b2cceba50bd683a92e7686b12b5dbe47ae0,1310,ABD formal raw per-task/run record,absolute_personal_path_redaction_only,1
outputs/abd_eval300_formal_v1/task_artifacts/D__6fd90f8d-7a4d-425d-a812-3268db0b0342_8_31.json,9ffe7bc455a78b2a1048a6c9d99f172133f3729d7766143254b73312891a7b74,1443,content/abd_lineage/00_formal/raw_run/task_artifacts/D__6fd90f8d-7a4d-425d-a812-3268db0b0342_8_31.json,1b2c98d16d8c26b7cec5e39942739764abdc237808e95d48cc1647c597ee2c13,1345,ABD formal raw per-task/run record,absolute_personal_path_redaction_only,1
outputs/abd_eval300_formal_v1/task_artifacts/D__6fd90f8d-7a4d-425d-a812-3268db0b0342_8_9.json,cf4a69ca1c155a64a7285e7a1cb93dd51d47dbba29295fb060ecfd94d88497ca,1520,content/abd_lineage/00_formal/raw_run/task_artifacts/D__6fd90f8d-7a4d-425d-a812-3268db0b0342_8_9.json,913f54823b197b8945d5f0f5ef1d2cd496fbfce46e11ff3c8e7efb7ee5d7dcb4,1422,ABD formal raw per-task/run record,absolute_personal_path_redaction_only,1
outputs/abd_eval300_formal_v1/task_artifacts/D__70f2a750-f403-41b8-aabb-480eb3ab4ed4_11_23.json,3d097e3335a06f80686348a4f7b65a110977839db015f7c2a72248bfecbc4b06,1620,content/abd_lineage/00_formal/raw_run/task_artifacts/D__70f2a750-f403-41b8-aabb-480eb3ab4ed4_11_23.json,acf4a97b3047ae45df0240c1739bc1e64e60ceafadbbd66142a233bcf84cdf74,1522,ABD formal raw per-task/run record,absolute_personal_path_redaction_only,1
outputs/abd_eval300_formal_v1/task_artifacts/D__70f2a750-f403-41b8-aabb-480eb3ab4ed4_11_7.json,8ee0e9145dbfcc6db057dbf7edf8433b4cf7e017ab528f21fc827b907b783a2f,1485,content/abd_lineage/00_formal/raw_run/task_artifacts/D__70f2a750-f403-41b8-aabb-480eb3ab4ed4_11_7.json,8d5947b1c588af6c65287d5089408f5c117cb4174351ac0f1278c7ec30fd3c14,1387,ABD formal raw per-task/run record,absolute_personal_path_redaction_only,1
outputs/abd_eval300_formal_v1/task_artifacts/D__70f2a750-f403-41b8-aabb-480eb3ab4ed4_12_17.json,601998961ddd623ca8001f106aea1348a79769a66e3063cdd2e14f68d992820a,1592,content/abd_lineage/00_formal/raw_run/task_artifacts/D__70f2a750-f403-41b8-aabb-480eb3ab4ed4_12_17.json,38617b316e54002471562b620ea9b0c1c40c53d4f6316ae23f15673bdb1b3347,1494,ABD formal raw per-task/run record,absolute_personal_path_redaction_only,1
outputs/abd_eval300_formal_v1/task_artifacts/D__70f2a750-f403-41b8-aabb-480eb3ab4ed4_17_13.json,0f2ee89ec1eb6a15969100f9bf86aa5adca4bc3ca8fb031db783b9f55528cc22,1514,content/abd_lineage/00_formal/raw_run/task_artifacts/D__70f2a750-f403-41b8-aabb-480eb3ab4ed4_17_13.json,d7df479eeea0e5eaee9720f6eaa51c411bdfe2308e71eeceaf7f4157edd31654,1416,ABD formal raw per-task/run record,absolute_personal_path_redaction_only,1
outputs/abd_eval300_formal_v1/task_artifacts/D__70f2a750-f403-41b8-aabb-480eb3ab4ed4_17_14.json,b6d8ee5e06670a8742acc889f40ae89aaaf8a62274ba9fedcf94daa20d31d1a2,1475,content/abd_lineage/00_formal/raw_run/task_artifacts/D__70f2a750-f403-41b8-aabb-480eb3ab4ed4_17_14.json,1f628dbfae7192f2126dbd5d96b1513f446c8f8dc903b1692a2200bb97e6677f,1377,ABD formal raw per-task/run record,absolute_personal_path_redaction_only,1
outputs/abd_eval300_formal_v1/task_artifacts/D__70f2a750-f403-41b8-aabb-480eb3ab4ed4_17_16.json,6c0ea47d7edd7e772ee7eb4ce1203909e38745d5a39ab8a019c3bbd7d7a7d30e,1629,content/abd_lineage/00_formal/raw_run/task_artifacts/D__70f2a750-f403-41b8-aabb-480eb3ab4ed4_17_16.json,3e6a00dd258aa9a69326417a485b1dbd19305c10f5b1974158b3dd756393087f,1531,ABD formal raw per-task/run record,absolute_personal_path_redaction_only,1
outputs/abd_eval300_formal_v1/task_artifacts/D__70f2a750-f403-41b8-aabb-480eb3ab4ed4_17_30.json,f3995489b7a9917c3d13052ef467c00475029d5f93dc084c70a40ac45c685d3e,1495,content/abd_lineage/00_formal/raw_run/task_artifacts/D__70f2a750-f403-41b8-aabb-480eb3ab4ed4_17_30.json,0f6f69011f3836774e4f2a994d699211d68f930696aa0b161a167fd4e3b1555b,1397,ABD formal raw per-task/run record,absolute_personal_path_redaction_only,1
outputs/abd_eval300_formal_v1/task_artifacts/D__70f2a750-f403-41b8-aabb-480eb3ab4ed4_17_31.json,5510123d3ad7013a9dd97bb707b4f535d6acb62812cdd1e5b75e8c84168169ac,1559,content/abd_lineage/00_formal/raw_run/task_artifacts/D__70f2a750-f403-41b8-aabb-480eb3ab4ed4_17_31.json,6f50582d3aa1c077f3d3b3cbbc64004032f77bce20f22532ff1355be8e17e6fe,1461,ABD formal raw per-task/run record,absolute_personal_path_redaction_only,1
outputs/abd_eval300_formal_v1/task_artifacts/D__70f2a750-f403-41b8-aabb-480eb3ab4ed4_17_8.json,031202f677ee4d1c7aff72e934ff00bf9e6864e88bd54f0fc8c402afa768bb57,1466,content/abd_lineage/00_formal/raw_run/task_artifacts/D__70f2a750-f403-41b8-aabb-480eb3ab4ed4_17_8.json,584b2d21ebee7c9093f031fe50319b24ebbf6825d1a27303b8269e24638850ee,1368,ABD formal raw per-task/run record,absolute_personal_path_redaction_only,1
outputs/abd_eval300_formal_v1/task_artifacts/D__70f2a750-f403-41b8-aabb-480eb3ab4ed4_17_9.json,32a67677ad570e3ea56f46cb9a6503008dd36ee46833bde12c966b5cdde4928e,1469,content/abd_lineage/00_formal/raw_run/task_artifacts/D__70f2a750-f403-41b8-aabb-480eb3ab4ed4_17_9.json,837ff08698e16b1d2e57c7a14107f070cb8467dfc3e90c744db6e948b1296c51,1371,ABD formal raw per-task/run record,absolute_personal_path_redaction_only,1
outputs/abd_eval300_formal_v1/task_artifacts/D__70f2a750-f403-41b8-aabb-480eb3ab4ed4_21_26.json,df0f23868986ad4b9973d9e57f5e38fbfeff310d6757598e8e8b8694154e56fb,1712,content/abd_lineage/00_formal/raw_run/task_artifacts/D__70f2a750-f403-41b8-aabb-480eb3ab4ed4_21_26.json,173c5f07ada229937f30462ca16876b868d8c6e4d989de758026f63d5b528fa6,1614,ABD formal raw per-task/run record,absolute_personal_path_redaction_only,1
outputs/abd_eval300_formal_v1/task_artifacts/D__70f2a750-f403-41b8-aabb-480eb3ab4ed4_22_10.json,f8006817bc8a154599fcd6d96fad9f51be7a02b7ed1b9aa694cd3d1f651225ab,1613,content/abd_lineage/00_formal/raw_run/task_artifacts/D__70f2a750-f403-41b8-aabb-480eb3ab4ed4_22_10.json,486f75cf9c3761442071d9109cbbb157fa4b7668886a10c3de9e556446abe4da,1515,ABD formal raw per-task/run record,absolute_personal_path_redaction_only,1
outputs/abd_eval300_formal_v1/task_artifacts/D__70f2a750-f403-41b8-aabb-480eb3ab4ed4_22_12.json,6169d06ecb1089ea0cc4ef2e217124ba5598bc367b300037b874dcea1aac08f5,1587,content/abd_lineage/00_formal/raw_run/task_artifacts/D__70f2a750-f403-41b8-aabb-480eb3ab4ed4_22_12.json,9e0a9b3142667bda8102b37062b0b8f1a2342f8a2195be3204a526331eb531f6,1489,ABD formal raw per-task/run record,absolute_personal_path_redaction_only,1
outputs/abd_eval300_formal_v1/task_artifacts/D__70f2a750-f403-41b8-aabb-480eb3ab4ed4_4_11.json,b65aaabd735ecf86c05fc0b51cbd445a26268f753b58af4b52852a04191bae8a,1605,content/abd_lineage/00_formal/raw_run/task_artifacts/D__70f2a750-f403-41b8-aabb-480eb3ab4ed4_4_11.json,f042b42b7d6584787b39e5c042e34ba08b29ed1725f20bf7751765af084ca937,1507,ABD formal raw per-task/run record,absolute_personal_path_redaction_only,1
outputs/abd_eval300_formal_v1/task_artifacts/D__70f2a750-f403-41b8-aabb-480eb3ab4ed4_4_15.json,0db4a103396812f8b9fddbe9cf3cc3bc57b9c9e760ce5630d40a297042e89a3e,1465,content/abd_lineage/00_formal/raw_run/task_artifacts/D__70f2a750-f403-41b8-aabb-480eb3ab4ed4_4_15.json,8611c44f27be6855a8f3fb83f3981305773c10de0e79e7c974b7cdb1fc9bd524,1367,ABD formal raw per-task/run record,absolute_personal_path_redaction_only,1
outputs/abd_eval300_formal_v1/task_artifacts/D__70f2a750-f403-41b8-aabb-480eb3ab4ed4_4_20.json,e22d6fdcb4899ac14062219f4033d66becb47cdd3159a3b5d186f68b6d01b70d,1492,content/abd_lineage/00_formal/raw_run/task_artifacts/D__70f2a750-f403-41b8-aabb-480eb3ab4ed4_4_20.json,c11a90182265bf198501893fc1d9d47c75e581e88d9ebcf421ff92804a629449,1394,ABD formal raw per-task/run record,absolute_personal_path_redaction_only,1
outputs/abd_eval300_formal_v1/task_artifacts/D__70f2a750-f403-41b8-aabb-480eb3ab4ed4_4_27.json,e7eb90497c935226781fa4a2588bd1bb4b5ddf2852c305265210c3e21b69fc0b,1650,content/abd_lineage/00_formal/raw_run/task_artifacts/D__70f2a750-f403-41b8-aabb-480eb3ab4ed4_4_27.json,eabfa44d4197a89e699439e5ac76c29e9d688f966edb11f085c1d4e32a1fd975,1552,ABD formal raw per-task/run record,absolute_personal_path_redaction_only,1
outputs/abd_eval300_formal_v1/task_artifacts/D__70f2a750-f403-41b8-aabb-480eb3ab4ed4_4_6.json,1c6576c176c242a77b793a99f521951c2a9cee640e77d9c83dc7b8bac0bb0a44,1649,content/abd_lineage/00_formal/raw_run/task_artifacts/D__70f2a750-f403-41b8-aabb-480eb3ab4ed4_4_6.json,590c06eec55d8a7e184433f9e5257296435b130e5ff2de0453490735f405bb78,1551,ABD formal raw per-task/run record,absolute_personal_path_redaction_only,1
outputs/abd_eval300_formal_v1/task_artifacts/D__70f2a750-f403-41b8-aabb-480eb3ab4ed4_5_19.json,6d8c838a4e50e3ed40d7784c4c7c73009b03742ebf54a4fc16484bb41f26024e,1607,content/abd_lineage/00_formal/raw_run/task_artifacts/D__70f2a750-f403-41b8-aabb-480eb3ab4ed4_5_19.json,081fcdb5178f3e193af8846a0fec39f29065cf8416ae802fd895aaff1d0ba9d0,1509,ABD formal raw per-task/run record,absolute_personal_path_redaction_only,1
outputs/abd_eval300_formal_v1/task_artifacts/D__70f2a750-f403-41b8-aabb-480eb3ab4ed4_6_32.json,80da6cdb881a20a2ccbf6eebefc662bc94cd4a3cc1531d6bf8a8858b5d7a9b75,1559,content/abd_lineage/00_formal/raw_run/task_artifacts/D__70f2a750-f403-41b8-aabb-480eb3ab4ed4_6_32.json,4822d24fa5cb7d0fa22e4cbd6305b9d943f51720bfd58ccc8e7827dc12b79429,1461,ABD formal raw per-task/run record,absolute_personal_path_redaction_only,1
outputs/abd_eval300_formal_v1/task_artifacts/D__70f2a750-f403-41b8-aabb-480eb3ab4ed4_7_28.json,5f7c59366a6fc2304184b59c4fcf7a54de2872ef167e88391f62962e4feba8fa,1482,content/abd_lineage/00_formal/raw_run/task_artifacts/D__70f2a750-f403-41b8-aabb-480eb3ab4ed4_7_28.json,5102192d100a0cdee96c2514eeb693adea1e0c751abf622c161934f995a84f71,1384,ABD formal raw per-task/run record,absolute_personal_path_redaction_only,1
outputs/abd_eval300_formal_v1/task_artifacts/D__70f2a750-f403-41b8-aabb-480eb3ab4ed4_7_29.json,7c9f25acb2592a00f286788e6186cabea2383b0bd942bc9dbb382b2abc90b7c2,1456,content/abd_lineage/00_formal/raw_run/task_artifacts/D__70f2a750-f403-41b8-aabb-480eb3ab4ed4_7_29.json,ea2e3700560347c621a9ce5e80ccaa33938472c28e37a19954f9f66f93b20325,1358,ABD formal raw per-task/run record,absolute_personal_path_redaction_only,1
outputs/abd_eval300_formal_v1/task_artifacts/D__70f2a750-f403-41b8-aabb-480eb3ab4ed4_7_4.json,c6241b2a2b4840c5dee3d626701a484df7f91a21f2547e326ad2f804733cbc6e,1496,content/abd_lineage/00_formal/raw_run/task_artifacts/D__70f2a750-f403-41b8-aabb-480eb3ab4ed4_7_4.json,38d5c2cc8e1194e95242b3bc02c28e3be9aa4e0a563324d505f47d932765e464,1398,ABD formal raw per-task/run record,absolute_personal_path_redaction_only,1
outputs/abd_eval300_formal_v1/task_artifacts/D__70f2a750-f403-41b8-aabb-480eb3ab4ed4_7_5.json,605a4ae136906094169582f970fa4462de468682aa4095d34fd71dcdab26bccd,1506,content/abd_lineage/00_formal/raw_run/task_artifacts/D__70f2a750-f403-41b8-aabb-480eb3ab4ed4_7_5.json,9f870dd6bd6ae251b6ce9c23414d923034d9797fdd2c3f09462646b37fe96c8a,1408,ABD formal raw per-task/run record,absolute_personal_path_redaction_only,1
outputs/abd_eval300_formal_v1/task_artifacts/D__70f2a750-f403-41b8-aabb-480eb3ab4ed4_8_2.json,352d03e2f3c0a1646e509102fb03b6098043188f5a9f6acac5d62a032e366283,1577,content/abd_lineage/00_formal/raw_run/task_artifacts/D__70f2a750-f403-41b8-aabb-480eb3ab4ed4_8_2.json,296be4cc4e5bb526ca1e594830477a8b1cbf875ca3114d4ad334f46930427431,1479,ABD formal raw per-task/run record,absolute_personal_path_redaction_only,1
outputs/abd_eval300_formal_v1/task_artifacts/D__71fbc5bf-7e2a-415d-86bc-3a948742e904_12_18.json,50a92729c5b4883e006e727d34dc75db5ba7c662e7565de0a0d52e0c1c5fde06,1559,content/abd_lineage/00_formal/raw_run/task_artifacts/D__71fbc5bf-7e2a-415d-86bc-3a948742e904_12_18.json,b3a7403f95c74733df5b1c8a5e910912a0f984fa4459526f44afced0b4422320,1461,ABD formal raw per-task/run record,absolute_personal_path_redaction_only,1
outputs/abd_eval300_formal_v1/task_artifacts/D__71fbc5bf-7e2a-415d-86bc-3a948742e904_17_10.json,42a6f7da363dcdeb9558c5b1605697c58b5b6f1fa4bbc5cd62486116895f8dda,1514,content/abd_lineage/00_formal/raw_run/task_artifacts/D__71fbc5bf-7e2a-415d-86bc-3a948742e904_17_10.json,68a9bcda741201407acb484c6b8a87f838e517468abed309db943a5bbcf891df,1416,ABD formal raw per-task/run record,absolute_personal_path_redaction_only,1
outputs/abd_eval300_formal_v1/task_artifacts/D__71fbc5bf-7e2a-415d-86bc-3a948742e904_17_13.json,67fd6e795a96e626ffae9ecf8336f13aa6682898ce191cf9f97e9243ac0619ff,1656,content/abd_lineage/00_formal/raw_run/task_artifacts/D__71fbc5bf-7e2a-415d-86bc-3a948742e904_17_13.json,c5ad5ac4fd8c5842aef9aef404768ae3ad7f71ce2467ca6f47e60861f995a561,1558,ABD formal raw per-task/run record,absolute_personal_path_redaction_only,1
outputs/abd_eval300_formal_v1/task_artifacts/D__71fbc5bf-7e2a-415d-86bc-3a948742e904_17_25.json,902e155fcf266ab04c95935defbd4b75ee59448ef5f596d1c2f9a741168da8d2,1541,content/abd_lineage/00_formal/raw_run/task_artifacts/D__71fbc5bf-7e2a-415d-86bc-3a948742e904_17_25.json,03348bb5fa91837cd8f6d3861947dcd58c2ffaf5f62fee9510756ec6056d6743,1443,ABD formal raw per-task/run record,absolute_personal_path_redaction_only,1
outputs/abd_eval300_formal_v1/task_artifacts/D__71fbc5bf-7e2a-415d-86bc-3a948742e904_22_23.json,07e100b1d4ac1d1d82512d8fad3465246538217f4591b8d352b71b4d57e06798,1567,content/abd_lineage/00_formal/raw_run/task_artifacts/D__71fbc5bf-7e2a-415d-86bc-3a948742e904_22_23.json,8f532e1d06da8c58499c04b8c3675e99c32e507ec181e67894b67e3a001c1e4d,1469,ABD formal raw per-task/run record,absolute_personal_path_redaction_only,1
outputs/abd_eval300_formal_v1/task_artifacts/D__71fbc5bf-7e2a-415d-86bc-3a948742e904_22_4.json,1b40b6da2596ae2497c6462965944be10741e0b06528c95dc68aef736cdfca8c,1574,content/abd_lineage/00_formal/raw_run/task_artifacts/D__71fbc5bf-7e2a-415d-86bc-3a948742e904_22_4.json,2c488f4210a52543d1de878f7e2f41512f443391447db86f454e103950474b12,1476,ABD formal raw per-task/run record,absolute_personal_path_redaction_only,1
outputs/abd_eval300_formal_v1/task_artifacts/D__71fbc5bf-7e2a-415d-86bc-3a948742e904_22_5.json,f737dbcbdd96145008cd83a28ab6d7ad5ace5f88be5a690e0f032c0f30d9920a,1552,content/abd_lineage/00_formal/raw_run/task_artifacts/D__71fbc5bf-7e2a-415d-86bc-3a948742e904_22_5.json,b128ded3fee9bba6e67293b54d551e6f90a57b123a7937be06a046b4310b543d,1454,ABD formal raw per-task/run record,absolute_personal_path_redaction_only,1
outputs/abd_eval300_formal_v1/task_artifacts/D__71fbc5bf-7e2a-415d-86bc-3a948742e904_3_7.json,fb367336634fb66df7123d0b69884c29c39e353ebfaf68e455f9083564f6ba86,1620,content/abd_lineage/00_formal/raw_run/task_artifacts/D__71fbc5bf-7e2a-415d-86bc-3a948742e904_3_7.json,639791b4ce5906c8065c4f766ccc8f09f396bc4ba2ce8c942ec4029267610d23,1522,ABD formal raw per-task/run record,absolute_personal_path_redaction_only,1
outputs/abd_eval300_formal_v1/task_artifacts/D__71fbc5bf-7e2a-415d-86bc-3a948742e904_4_12.json,8791fb031d911310e7512c80dec72266f884d74ce88e1a07b091f35a713633e2,1622,content/abd_lineage/00_formal/raw_run/task_artifacts/D__71fbc5bf-7e2a-415d-86bc-3a948742e904_4_12.json,e5d232e0872d686dd1ddeeb0ca0ae698820374d67f6c6fb1bd873a7f3d246bb9,1524,ABD formal raw per-task/run record,absolute_personal_path_redaction_only,1
outputs/abd_eval300_formal_v1/task_artifacts/D__71fbc5bf-7e2a-415d-86bc-3a948742e904_4_22.json,c15f704f8162a8c20bdcff83cba8f9c0a7a979dc6f39845cc144f9c32eb394ad,1589,content/abd_lineage/00_formal/raw_run/task_artifacts/D__71fbc5bf-7e2a-415d-86bc-3a948742e904_4_22.json,522b921d0dad6ab115a3935936b1e0b070f74a632f010ce39ac4a5622e1e9c2f,1491,ABD formal raw per-task/run record,absolute_personal_path_redaction_only,1
outputs/abd_eval300_formal_v1/task_artifacts/D__71fbc5bf-7e2a-415d-86bc-3a948742e904_4_26.json,2fe39b74749d2169709f3c2803b395d4159dd44b492529912536a482d049ab4b,1757,content/abd_lineage/00_formal/raw_run/task_artifacts/D__71fbc5bf-7e2a-415d-86bc-3a948742e904_4_26.json,af901581e4afac7a05cd4cdb41a443c689ac3838f99fb6440d7105d2ca666728,1659,ABD formal raw per-task/run record,absolute_personal_path_redaction_only,1
outputs/abd_eval300_formal_v1/task_artifacts/D__71fbc5bf-7e2a-415d-86bc-3a948742e904_4_6.json,061df362067eec1b95b4d7d7eb523346282bd6317f8ec0ebbefe0940a76603ce,1521,content/abd_lineage/00_formal/raw_run/task_artifacts/D__71fbc5bf-7e2a-415d-86bc-3a948742e904_4_6.json,dd67df3e4523bc5bc90da4417a08b649d652b1ebe51893c440167f82a3228755,1423,ABD formal raw per-task/run record,absolute_personal_path_redaction_only,1
outputs/abd_eval300_formal_v1/task_artifacts/D__71fbc5bf-7e2a-415d-86bc-3a948742e904_5_15.json,cb0489746562233b7c264b718768b7ddb5bfd0c26f4dc00146b6f51b0825d1cd,1551,content/abd_lineage/00_formal/raw_run/task_artifacts/D__71fbc5bf-7e2a-415d-86bc-3a948742e904_5_15.json,400a64ce942bab4659f3f19af4fa6d21d41ab2046306fe6e2edd748af41f6c8b,1453,ABD formal raw per-task/run record,absolute_personal_path_redaction_only,1
outputs/abd_eval300_formal_v1/task_artifacts/D__71fbc5bf-7e2a-415d-86bc-3a948742e904_5_27.json,426c0e8f0453c7cca31ecdeeefe4dc5d2327ab272e95ed15b18021b607ad5a04,1591,content/abd_lineage/00_formal/raw_run/task_artifacts/D__71fbc5bf-7e2a-415d-86bc-3a948742e904_5_27.json,5ce74145cf9da8c8cb16bcbd27c62182dac4352bbaeac55207ec30fe5f5bbc14,1493,ABD formal raw per-task/run record,absolute_personal_path_redaction_only,1
outputs/abd_eval300_formal_v1/task_artifacts/D__71fbc5bf-7e2a-415d-86bc-3a948742e904_6_14.json,561f3761ec18e75d3d800e6d96a14885db9a1e4af9dac8c2c45ac1d7d3a21861,1595,content/abd_lineage/00_formal/raw_run/task_artifacts/D__71fbc5bf-7e2a-415d-86bc-3a948742e904_6_14.json,386371d1adb8a3326859e5ea29f2cb42e2ffb7e8685624d098b4a541dbd9d50b,1497,ABD formal raw per-task/run record,absolute_personal_path_redaction_only,1
outputs/abd_eval300_formal_v1/task_artifacts/D__71fbc5bf-7e2a-415d-86bc-3a948742e904_7_11.json,8262762b6234e8f0bc802c91bf6e7039de76a2ed0106b4960e56fa2c8cce5c4a,1576,content/abd_lineage/00_formal/raw_run/task_artifacts/D__71fbc5bf-7e2a-415d-86bc-3a948742e904_7_11.json,d37f444e3b7302eebae1145225ae092e2ec9c381e69dcbdf6b4bc83e9ce58189,1478,ABD formal raw per-task/run record,absolute_personal_path_redaction_only,1
outputs/abd_eval300_formal_v1/task_artifacts/D__71fbc5bf-7e2a-415d-86bc-3a948742e904_7_17.json,1856c6ea536863e2b9d768704f718ad4e2d3ca8d0dc19572331bc5eb83680869,1436,content/abd_lineage/00_formal/raw_run/task_artifacts/D__71fbc5bf-7e2a-415d-86bc-3a948742e904_7_17.json,8fb5c58565f9650251419fc7c03012cb223ea92fdea47b3c42725c6a9323d296,1338,ABD formal raw per-task/run record,absolute_personal_path_redaction_only,1
outputs/abd_eval300_formal_v1/task_artifacts/D__71fbc5bf-7e2a-415d-86bc-3a948742e904_7_19.json,c5c126b08092dd250fea3c9ca3b7f85a315274326b831d1872ee737f1f8f1e51,1459,content/abd_lineage/00_formal/raw_run/task_artifacts/D__71fbc5bf-7e2a-415d-86bc-3a948742e904_7_19.json,b4720d8b2816dca4627c47957e19d77d05bedb9dc9c1568086d07c3198e680c8,1361,ABD formal raw per-task/run record,absolute_personal_path_redaction_only,1
outputs/abd_eval300_formal_v1/task_artifacts/D__71fbc5bf-7e2a-415d-86bc-3a948742e904_7_2.json,4b54c84e2033097f3f67f54e1547686917466c7e2d6998e6f3c5cc353ae31865,1506,content/abd_lineage/00_formal/raw_run/task_artifacts/D__71fbc5bf-7e2a-415d-86bc-3a948742e904_7_2.json,44e21bfc98cd9b0ab7627709b7b286cd91f41164b130ae0129ab77ca038e455c,1408,ABD formal raw per-task/run record,absolute_personal_path_redaction_only,1
outputs/abd_eval300_formal_v1/task_artifacts/D__71fbc5bf-7e2a-415d-86bc-3a948742e904_7_24.json,2afeee2db3587834651b373eacc7bd4d8fe7608cd39ebaf7988820d730a8e23c,1499,content/abd_lineage/00_formal/raw_run/task_artifacts/D__71fbc5bf-7e2a-415d-86bc-3a948742e904_7_24.json,66aa09b6e9beddddcb87df2b85a79d12b7df836fe81524ca8359c704605991c3,1401,ABD formal raw per-task/run record,absolute_personal_path_redaction_only,1
outputs/abd_eval300_formal_v1/task_artifacts/D__71fbc5bf-7e2a-415d-86bc-3a948742e904_7_3.json,e42f9bcf362ee4a2e4ac5618b621abd5843d2fd8bf2198d93ebe829b059fe9ac,1486,content/abd_lineage/00_formal/raw_run/task_artifacts/D__71fbc5bf-7e2a-415d-86bc-3a948742e904_7_3.json,e5ca8697642013139c316729e7aec3c7d0465e97bed34699ffd5501c8310f438,1388,ABD formal raw per-task/run record,absolute_personal_path_redaction_only,1
outputs/abd_eval300_formal_v1/task_artifacts/D__71fbc5bf-7e2a-415d-86bc-3a948742e904_7_9.json,dcdd0e1cd517d80d3d9f9b2a8793f039e2f1682d945b886914733e4329245909,1610,content/abd_lineage/00_formal/raw_run/task_artifacts/D__71fbc5bf-7e2a-415d-86bc-3a948742e904_7_9.json,b52ef5af4da24bb8df0e0b08462ac86a5cc64448cdfb3af6bda18ef2d810fb08,1512,ABD formal raw per-task/run record,absolute_personal_path_redaction_only,1
outputs/abd_eval300_formal_v1/task_artifacts/D__71fbc5bf-7e2a-415d-86bc-3a948742e904_8_1.json,48fcbb1a70772ee2e1efc486c72d1f94704940bd9355c7d07b98c89d013c8fc7,1539,content/abd_lineage/00_formal/raw_run/task_artifacts/D__71fbc5bf-7e2a-415d-86bc-3a948742e904_8_1.json,fff35832e7e2cfc69f8b2a79301ca567daf0d1f5c8e8146d718e6a50845223fe,1441,ABD formal raw per-task/run record,absolute_personal_path_redaction_only,1
outputs/abd_eval300_formal_v1/task_artifacts/D__71fbc5bf-7e2a-415d-86bc-3a948742e904_8_20.json,4cd4b3076172a39d8e4aced880b8abefccc5bb00221b7cc406319c4e5a640163,1516,content/abd_lineage/00_formal/raw_run/task_artifacts/D__71fbc5bf-7e2a-415d-86bc-3a948742e904_8_20.json,e68f7d3c8be32fe5c57eee6a644f36ba0fcb2660de209f1c87ad9cc0bd155db6,1418,ABD formal raw per-task/run record,absolute_personal_path_redaction_only,1
outputs/abd_eval300_formal_v1/task_artifacts/D__71fbc5bf-7e2a-415d-86bc-3a948742e904_8_8.json,1b25b30c433d50ffcb229eaeeb6ce75437588d6ef60523999564cf074b2e0eb2,1492,content/abd_lineage/00_formal/raw_run/task_artifacts/D__71fbc5bf-7e2a-415d-86bc-3a948742e904_8_8.json,be4575b5a82c2b85d8d4ddcaf8cff76a1e9e2d32d55cc819b9b92af5cf2ecc3b,1394,ABD formal raw per-task/run record,absolute_personal_path_redaction_only,1
outputs/abd_eval300_formal_v1/task_artifacts/D__7ddbf8a2-5b3e-44cd-b9dc-db17ec06831b_11_12.json,71bafa7c71e7a3856cd237df288233febe6cbc0e0b4e688e1851271ccc69abaa,1688,content/abd_lineage/00_formal/raw_run/task_artifacts/D__7ddbf8a2-5b3e-44cd-b9dc-db17ec06831b_11_12.json,113508b9299be3ba67da7d43f5236ead99f079b26e94e9895a6f6dcbc4fc9f74,1590,ABD formal raw per-task/run record,absolute_personal_path_redaction_only,1
outputs/abd_eval300_formal_v1/task_artifacts/D__7ddbf8a2-5b3e-44cd-b9dc-db17ec06831b_11_14.json,b7f20ec4d36eb0c49a8d530891b959d29c579ec9f14a856a8ff9bdf55f1ef728,1662,content/abd_lineage/00_formal/raw_run/task_artifacts/D__7ddbf8a2-5b3e-44cd-b9dc-db17ec06831b_11_14.json,4837d6933f22d4d1306e4251621c43f317712ea8c643bba2332f50c7b74e23ae,1564,ABD formal raw per-task/run record,absolute_personal_path_redaction_only,1
outputs/abd_eval300_formal_v1/task_artifacts/D__7ddbf8a2-5b3e-44cd-b9dc-db17ec06831b_11_17.json,8a2b9b86b2b73c4b3a2b03e79ff782c1c784aef865fa8c3d7edb811eb3c3669c,1527,content/abd_lineage/00_formal/raw_run/task_artifacts/D__7ddbf8a2-5b3e-44cd-b9dc-db17ec06831b_11_17.json,8e5f64e1e2eea93b41e1ef9c81d3a68acb5608c46e52825f57e221d551a6097c,1429,ABD formal raw per-task/run record,absolute_personal_path_redaction_only,1
outputs/abd_eval300_formal_v1/task_artifacts/D__7ddbf8a2-5b3e-44cd-b9dc-db17ec06831b_17_15.json,9ea32367925b9eb834f463272693ec665f51ac94b33fbb712614b907d1bda101,1481,content/abd_lineage/00_formal/raw_run/task_artifacts/D__7ddbf8a2-5b3e-44cd-b9dc-db17ec06831b_17_15.json,943eab960be032f2418cc1f1789b9efc30effde3156381f62af9014b2ef6e637,1383,ABD formal raw per-task/run record,absolute_personal_path_redaction_only,1
outputs/abd_eval300_formal_v1/task_artifacts/D__7ddbf8a2-5b3e-44cd-b9dc-db17ec06831b_17_6.json,b984d5353f32f7f777b083266b89ae74abbce4bb019b488e364ab2ac810b720b,1514,content/abd_lineage/00_formal/raw_run/task_artifacts/D__7ddbf8a2-5b3e-44cd-b9dc-db17ec06831b_17_6.json,4c1f0e7f1ee5e7c3320e0368224d507a4c2b29478a6ee79607e457c6b8640408,1416,ABD formal raw per-task/run record,absolute_personal_path_redaction_only,1
outputs/abd_eval300_formal_v1/task_artifacts/D__7ddbf8a2-5b3e-44cd-b9dc-db17ec06831b_22_23.json,b03c8c40bc00f25de5abeed7e6d54e319f37ee371676e15001f6ad2dfeb36029,1553,content/abd_lineage/00_formal/raw_run/task_artifacts/D__7ddbf8a2-5b3e-44cd-b9dc-db17ec06831b_22_23.json,11ce8474c21950eb695bc09fb090a7d9b232a269682c198f4f5d245c96ea4216,1455,ABD formal raw per-task/run record,absolute_personal_path_redaction_only,1
outputs/abd_eval300_formal_v1/task_artifacts/D__7ddbf8a2-5b3e-44cd-b9dc-db17ec06831b_22_3.json,ab0dae1e4bfd0d3b940ebbec7ce7f6774ccb2f5e64ea502d51dc22dc531f80ab,1550,content/abd_lineage/00_formal/raw_run/task_artifacts/D__7ddbf8a2-5b3e-44cd-b9dc-db17ec06831b_22_3.json,d79c37dc42a0fbb22403b57ab0b2d7bc6df65cee669182da13c79a7deeeae6c4,1452,ABD formal raw per-task/run record,absolute_personal_path_redaction_only,1
outputs/abd_eval300_formal_v1/task_artifacts/D__7ddbf8a2-5b3e-44cd-b9dc-db17ec06831b_4_19.json,b1c51721f784001074c39347dcaa9cbf4958dbb10973e1a8d1cc0af475e5fcf9,1524,content/abd_lineage/00_formal/raw_run/task_artifacts/D__7ddbf8a2-5b3e-44cd-b9dc-db17ec06831b_4_19.json,b2d251b2ee71b6a76054c7b44ebafe5d2e18138f7821b924388a742f854b2415,1426,ABD formal raw per-task/run record,absolute_personal_path_redaction_only,1
outputs/abd_eval300_formal_v1/task_artifacts/D__7ddbf8a2-5b3e-44cd-b9dc-db17ec06831b_4_2.json,9f8256fd9b7bc4e60a1929ffc2cdb71ae1df4d8d0df3f161cd2f9de38f18b0b2,1536,content/abd_lineage/00_formal/raw_run/task_artifacts/D__7ddbf8a2-5b3e-44cd-b9dc-db17ec06831b_4_2.json,379b770d39d22f265e6bf872fde0420c6bcc1815daf0c545e4f92a8154e45e64,1438,ABD formal raw per-task/run record,absolute_personal_path_redaction_only,1
outputs/abd_eval300_formal_v1/task_artifacts/D__7ddbf8a2-5b3e-44cd-b9dc-db17ec06831b_4_24.json,72658354c77d336dd9be5f118169d385954a3f852f62e8fd30de6167679a02d6,1461,content/abd_lineage/00_formal/raw_run/task_artifacts/D__7ddbf8a2-5b3e-44cd-b9dc-db17ec06831b_4_24.json,e83e5ec41fa23b5d7bf2e2245e36db0fdc0520a83180360a9a9b7e153982dfb6,1363,ABD formal raw per-task/run record,absolute_personal_path_redaction_only,1
outputs/abd_eval300_formal_v1/task_artifacts/D__7ddbf8a2-5b3e-44cd-b9dc-db17ec06831b_4_9.json,02fee8a2afd70fbbb0f6b675f524edf8a9eed64775424f5c8e7db7741d7610d6,1601,content/abd_lineage/00_formal/raw_run/task_artifacts/D__7ddbf8a2-5b3e-44cd-b9dc-db17ec06831b_4_9.json,82ec3bd47f24e6738a4508f2e20cafd5e2b898a157da3b858577d37f87611360,1503,ABD formal raw per-task/run record,absolute_personal_path_redaction_only,1
outputs/abd_eval300_formal_v1/task_artifacts/D__7ddbf8a2-5b3e-44cd-b9dc-db17ec06831b_5_1.json,4bdd271e816db0bd80e0664fe005992af6cadd1cac112af3cc14b3e6ece2faa0,1562,content/abd_lineage/00_formal/raw_run/task_artifacts/D__7ddbf8a2-5b3e-44cd-b9dc-db17ec06831b_5_1.json,cd1af84fb3de8cbbf8bfcb091a1162b8941316ac219221ab52237b65ece2cba1,1464,ABD formal raw per-task/run record,absolute_personal_path_redaction_only,1
outputs/abd_eval300_formal_v1/task_artifacts/D__7ddbf8a2-5b3e-44cd-b9dc-db17ec06831b_5_22.json,8193d35e71efb6fdabe6345a112ae144922cc38a91aec9bb4f7a26eac947aada,1618,content/abd_lineage/00_formal/raw_run/task_artifacts/D__7ddbf8a2-5b3e-44cd-b9dc-db17ec06831b_5_22.json,882f2164a3a25ba4d706af425b2025662f1ba38b0921c4c69c09ec97b3fe9f2d,1520,ABD formal raw per-task/run record,absolute_personal_path_redaction_only,1
outputs/abd_eval300_formal_v1/task_artifacts/D__7ddbf8a2-5b3e-44cd-b9dc-db17ec06831b_6_7.json,5b0c23a17849e031b520751e6b13a84a07776772cf5a1c61e9d1af4065a55971,1408,content/abd_lineage/00_formal/raw_run/task_artifacts/D__7ddbf8a2-5b3e-44cd-b9dc-db17ec06831b_6_7.json,327a658a42aa2accedf279d1970357977f60f55ae7ae398b4d614fcd0c149fd5,1310,ABD formal raw per-task/run record,absolute_personal_path_redaction_only,1
outputs/abd_eval300_formal_v1/task_artifacts/D__7ddbf8a2-5b3e-44cd-b9dc-db17ec06831b_6_8.json,060e68ba296f4440ab67747ae55788c07ea216b087a0718b60077a9698506634,1484,content/abd_lineage/00_formal/raw_run/task_artifacts/D__7ddbf8a2-5b3e-44cd-b9dc-db17ec06831b_6_8.json,d3205b8a2f0a4dbc933411216f1359790ead6e7c52922891f5cad7a52dbcb66b,1386,ABD formal raw per-task/run record,absolute_personal_path_redaction_only,1
outputs/abd_eval300_formal_v1/task_artifacts/D__7ddbf8a2-5b3e-44cd-b9dc-db17ec06831b_7_11.json,2c3d870818828325ad959d283f09272710346ed1936420f72d6bcad445fa71df,1667,content/abd_lineage/00_formal/raw_run/task_artifacts/D__7ddbf8a2-5b3e-44cd-b9dc-db17ec06831b_7_11.json,ab96a3ded1ed2e02cf78819e00b0aa359e1ff9e3ed4dddac325c3287f63157f2,1569,ABD formal raw per-task/run record,absolute_personal_path_redaction_only,1
outputs/abd_eval300_formal_v1/task_artifacts/D__7ddbf8a2-5b3e-44cd-b9dc-db17ec06831b_7_16.json,992fc38ffde789f63471cb49b4a553cfb2d57559caa2826a4a62bf7c3bb71008,1558,content/abd_lineage/00_formal/raw_run/task_artifacts/D__7ddbf8a2-5b3e-44cd-b9dc-db17ec06831b_7_16.json,b5f9606cea6f0c8c7b1111a56c54acb40134dddbd6819f48d8e81d22fe657253,1460,ABD formal raw per-task/run record,absolute_personal_path_redaction_only,1
outputs/abd_eval300_formal_v1/task_artifacts/D__7ddbf8a2-5b3e-44cd-b9dc-db17ec06831b_7_21.json,a14a84d424caa6a4cac68feaa5f8964838ee6c241733af249f6cea8776fc67a6,1478,content/abd_lineage/00_formal/raw_run/task_artifacts/D__7ddbf8a2-5b3e-44cd-b9dc-db17ec06831b_7_21.json,b594323279f019f53ce93e3fa0aae836ffee318df9f9e27a15bac9a93901d341,1380,ABD formal raw per-task/run record,absolute_personal_path_redaction_only,1
outputs/abd_eval300_formal_v1/task_artifacts/D__7ddbf8a2-5b3e-44cd-b9dc-db17ec06831b_7_4.json,9ef4b9c18c517f11044d10750924683757a9587db88211e628fe183df7d66f63,1502,content/abd_lineage/00_formal/raw_run/task_artifacts/D__7ddbf8a2-5b3e-44cd-b9dc-db17ec06831b_7_4.json,4dc679a7ab9d49128e51511c5b374f2de13bb7a1db63bff29f93f47e307ab7ec,1404,ABD formal raw per-task/run record,absolute_personal_path_redaction_only,1
outputs/abd_eval300_formal_v1/task_artifacts/D__7ddbf8a2-5b3e-44cd-b9dc-db17ec06831b_7_5.json,b042bc659acd5b8ef47521b9d1106a8de887526127d08c246660b94e7a1eda11,1513,content/abd_lineage/00_formal/raw_run/task_artifacts/D__7ddbf8a2-5b3e-44cd-b9dc-db17ec06831b_7_5.json,5278487328368d5ebd7157ae63db3ffaba1e1c2799f72127b5be8970f4b99b05,1415,ABD formal raw per-task/run record,absolute_personal_path_redaction_only,1
outputs/abd_eval300_formal_v1/task_artifacts/D__7ddbf8a2-5b3e-44cd-b9dc-db17ec06831b_8_10.json,8056cb717e65485d60ec27cb5d0ba3f46af15049af2887233221ba07a478b11d,1597,content/abd_lineage/00_formal/raw_run/task_artifacts/D__7ddbf8a2-5b3e-44cd-b9dc-db17ec06831b_8_10.json,3099e72eac555e2a31e7f145ff9b94432e8412623e6a7490b471fd5cc6479c4d,1499,ABD formal raw per-task/run record,absolute_personal_path_redaction_only,1
outputs/abd_eval300_formal_v1/task_artifacts/D__7ddbf8a2-5b3e-44cd-b9dc-db17ec06831b_8_13.json,4fc35e862a19ae1ae6eb85f9bd1740cffc609313240f7c3de23253ebb82380da,1600,content/abd_lineage/00_formal/raw_run/task_artifacts/D__7ddbf8a2-5b3e-44cd-b9dc-db17ec06831b_8_13.json,9cb4f8077ae3522857aa6bb2d04a51809903e57b6a4a063c74d9fe5ae629d4d8,1502,ABD formal raw per-task/run record,absolute_personal_path_redaction_only,1
outputs/abd_eval300_formal_v1/task_artifacts/D__7ddbf8a2-5b3e-44cd-b9dc-db17ec06831b_8_18.json,e8002f4b915a91af6db1e699803bc94ac3fe365268ac3825ccef05b5b3fff600,1483,content/abd_lineage/00_formal/raw_run/task_artifacts/D__7ddbf8a2-5b3e-44cd-b9dc-db17ec06831b_8_18.json,bafa5f2cb6f7f01cd9f9a1c5f5b24561b736bb94b2e8b25aefc0f1f9dbf2c554,1385,ABD formal raw per-task/run record,absolute_personal_path_redaction_only,1
outputs/abd_eval300_formal_v1/task_artifacts/D__7ddbf8a2-5b3e-44cd-b9dc-db17ec06831b_8_20.json,d4a654d1183456f6c5cef4714e911d2c1e293223e3884a367ee6bfbba02ccf74,1494,content/abd_lineage/00_formal/raw_run/task_artifacts/D__7ddbf8a2-5b3e-44cd-b9dc-db17ec06831b_8_20.json,d499b0a8faa63a29d61b96db2e79a967913413dc866c778e75a07064908decd2,1396,ABD formal raw per-task/run record,absolute_personal_path_redaction_only,1
outputs/abd_eval300_formal_v1/task_artifacts/D__7ddbf8a2-5b3e-44cd-b9dc-db17ec06831b_8_25.json,307f6ba5a80235b18954fe70762221a7662b18a61827029dc0f4bf1edd3071ba,1545,content/abd_lineage/00_formal/raw_run/task_artifacts/D__7ddbf8a2-5b3e-44cd-b9dc-db17ec06831b_8_25.json,7688dde4594ee75c2efe893b87a83a5e57639d2a34d417b7b8a2ec7b3248edbc,1447,ABD formal raw per-task/run record,absolute_personal_path_redaction_only,1
outputs/abd_eval300_formal_v1/task_artifacts/D__7e512589-aa97-41e8-83d3-af2e83e4fd06_11_14.json,aef06c506049638e042ac3f845ae0e789288bc1be883d3826ac87c0afa63a22f,1585,content/abd_lineage/00_formal/raw_run/task_artifacts/D__7e512589-aa97-41e8-83d3-af2e83e4fd06_11_14.json,96b6a133da22c3cfd4c3ace0437a74524943b0b1808af3d8386aa222d8084b27,1487,ABD formal raw per-task/run record,absolute_personal_path_redaction_only,1
outputs/abd_eval300_formal_v1/task_artifacts/D__7e512589-aa97-41e8-83d3-af2e83e4fd06_11_18.json,5e084898abba5dfb9b9b83618d70f943de84cffc6595593fa053b75b70901d72,1508,content/abd_lineage/00_formal/raw_run/task_artifacts/D__7e512589-aa97-41e8-83d3-af2e83e4fd06_11_18.json,7cc7004d22e0db07be8308894349e6fe7b46525ed40a9ce949b1cb5112d49057,1410,ABD formal raw per-task/run record,absolute_personal_path_redaction_only,1
outputs/abd_eval300_formal_v1/task_artifacts/D__7e512589-aa97-41e8-83d3-af2e83e4fd06_11_24.json,3e300a42057f27c1f8303a9d271aca87b4b8eda5172fd79dc96f7695751e983c,1528,content/abd_lineage/00_formal/raw_run/task_artifacts/D__7e512589-aa97-41e8-83d3-af2e83e4fd06_11_24.json,67b8683f53a28e4c0205e87a8e4448bbff9e8d07448e0193fae2fe3c956bd27f,1430,ABD formal raw per-task/run record,absolute_personal_path_redaction_only,1
outputs/abd_eval300_formal_v1/task_artifacts/D__7e512589-aa97-41e8-83d3-af2e83e4fd06_17_10.json,9bfe68fafb99e316e93c3584c0a8be416cb7f8993838194191b59de82c43a3f7,1709,content/abd_lineage/00_formal/raw_run/task_artifacts/D__7e512589-aa97-41e8-83d3-af2e83e4fd06_17_10.json,e736d82662c2264e0a2ae335bfa10eed79f3276cb318af1e211cdd64fb771a11,1611,ABD formal raw per-task/run record,absolute_personal_path_redaction_only,1
outputs/abd_eval300_formal_v1/task_artifacts/D__7e512589-aa97-41e8-83d3-af2e83e4fd06_17_16.json,640479c535ec453a7faeb40a3482b497fe5df17ec882a56cc8f9311e4e3e28f4,1807,content/abd_lineage/00_formal/raw_run/task_artifacts/D__7e512589-aa97-41e8-83d3-af2e83e4fd06_17_16.json,1d6924204b34d34d179297ca10e72d0901e56d4a0f8f066cb19d450fcad0ea08,1709,ABD formal raw per-task/run record,absolute_personal_path_redaction_only,1
outputs/abd_eval300_formal_v1/task_artifacts/D__7e512589-aa97-41e8-83d3-af2e83e4fd06_17_2.json,570529d1eea56faeb326c09faf6c3596bdba1841e61086f9227a0232cfac9f2c,1424,content/abd_lineage/00_formal/raw_run/task_artifacts/D__7e512589-aa97-41e8-83d3-af2e83e4fd06_17_2.json,00c264ff211e37831152aaa400b352bd1ebe6dbda62f512fbc580a54eacc081d,1326,ABD formal raw per-task/run record,absolute_personal_path_redaction_only,1
outputs/abd_eval300_formal_v1/task_artifacts/D__7e512589-aa97-41e8-83d3-af2e83e4fd06_17_30.json,36ea41f9bb5a50576cc76e4904c27e5eda64260dd2d94ff1e1ff0f53d7446d9e,1592,content/abd_lineage/00_formal/raw_run/task_artifacts/D__7e512589-aa97-41e8-83d3-af2e83e4fd06_17_30.json,cd0c79ed5396792c1140e9dd8159dae236eb53f3319ce58cafc7eec3ea45b420,1494,ABD formal raw per-task/run record,absolute_personal_path_redaction_only,1
outputs/abd_eval300_formal_v1/task_artifacts/D__7e512589-aa97-41e8-83d3-af2e83e4fd06_17_34.json,05ef2c8d4901b437a04f0eaa5574aa76d79e5531c186dddce141ff8ef5c952c8,1500,content/abd_lineage/00_formal/raw_run/task_artifacts/D__7e512589-aa97-41e8-83d3-af2e83e4fd06_17_34.json,e8a4b8fbdd92f5d70b67992001fb82ecfbe897394c9ce194ba9f88f04fdf0e4d,1402,ABD formal raw per-task/run record,absolute_personal_path_redaction_only,1
outputs/abd_eval300_formal_v1/task_artifacts/D__7e512589-aa97-41e8-83d3-af2e83e4fd06_21_19.json,dfb493e21c3a2b7b0dcc039f92718888f11540d3029e8deffb4c6eaa1bcf0a85,1653,content/abd_lineage/00_formal/raw_run/task_artifacts/D__7e512589-aa97-41e8-83d3-af2e83e4fd06_21_19.json,0ce8236335e49ae8bb07da09c847023874a83c9cf2f91031a182610811fe22ad,1555,ABD formal raw per-task/run record,absolute_personal_path_redaction_only,1
outputs/abd_eval300_formal_v1/task_artifacts/D__7e512589-aa97-41e8-83d3-af2e83e4fd06_22_11.json,3fbe0f27d109b3aa2211ccb0f0bfaa5e6f21abd78b2b4df5e472fa58d2a701dd,1607,content/abd_lineage/00_formal/raw_run/task_artifacts/D__7e512589-aa97-41e8-83d3-af2e83e4fd06_22_11.json,5e662ecf47cab6a39fb1e903ddbc36ad6d23b4c94ccbf39c5b90526ff677c01e,1509,ABD formal raw per-task/run record,absolute_personal_path_redaction_only,1
outputs/abd_eval300_formal_v1/task_artifacts/D__7e512589-aa97-41e8-83d3-af2e83e4fd06_22_8.json,f182e51330d8725540d9202e951a3b7100b04304738234af499abcdb25c0b3c9,1575,content/abd_lineage/00_formal/raw_run/task_artifacts/D__7e512589-aa97-41e8-83d3-af2e83e4fd06_22_8.json,0552022ab30220b9c9f02ec752f9c112897a3cf040ba7b480f7ffb4011fd8aec,1477,ABD formal raw per-task/run record,absolute_personal_path_redaction_only,1
outputs/abd_eval300_formal_v1/task_artifacts/D__7e512589-aa97-41e8-83d3-af2e83e4fd06_23_28.json,d90816ed4f3788bcad247fd564d8496fd54520ccdf25e833ed40eef2d9e800ac,1518,content/abd_lineage/00_formal/raw_run/task_artifacts/D__7e512589-aa97-41e8-83d3-af2e83e4fd06_23_28.json,20a7fa6fd1b2ffe249ef542e5b71ed1808db50f21fd9ffd96e4d1bcc200eca68,1420,ABD formal raw per-task/run record,absolute_personal_path_redaction_only,1
outputs/abd_eval300_formal_v1/task_artifacts/D__7e512589-aa97-41e8-83d3-af2e83e4fd06_3_21.json,2a03f6b102bfafa64b1c5a5be81d1cec22da4da1358168c05b090c2714f46448,1709,content/abd_lineage/00_formal/raw_run/task_artifacts/D__7e512589-aa97-41e8-83d3-af2e83e4fd06_3_21.json,9c1faa88b0c009408155e89216719261d30974a4d731220c3958363397586544,1611,ABD formal raw per-task/run record,absolute_personal_path_redaction_only,1
outputs/abd_eval300_formal_v1/task_artifacts/D__7e512589-aa97-41e8-83d3-af2e83e4fd06_3_26.json,2f5e8c22672dd52a3aff4fbf1b8422e763fb9e3afe156afc8559320dfda0e218,1563,content/abd_lineage/00_formal/raw_run/task_artifacts/D__7e512589-aa97-41e8-83d3-af2e83e4fd06_3_26.json,df7c1b8fe892588bb5907c5eb4e1abf309f4516f6398478e2ce767f0988f9bbb,1465,ABD formal raw per-task/run record,absolute_personal_path_redaction_only,1
outputs/abd_eval300_formal_v1/task_artifacts/D__7e512589-aa97-41e8-83d3-af2e83e4fd06_4_3.json,387847d1f024d37d89b604b08990413a6179cf892f17f51f9876e9b5ee1c99e8,1570,content/abd_lineage/00_formal/raw_run/task_artifacts/D__7e512589-aa97-41e8-83d3-af2e83e4fd06_4_3.json,bb9bdfbf721ac9e614d064fa8e7a19682884e233e684406feb6ea81f30964d42,1472,ABD formal raw per-task/run record,absolute_personal_path_redaction_only,1
outputs/abd_eval300_formal_v1/task_artifacts/D__7e512589-aa97-41e8-83d3-af2e83e4fd06_4_5.json,9ff872b7f8f4e7f3890a7ea73592feb54996dd1324a7aadb887e0abc9b54eebc,1523,content/abd_lineage/00_formal/raw_run/task_artifacts/D__7e512589-aa97-41e8-83d3-af2e83e4fd06_4_5.json,b37512d72decd82a39577ceb9eb9d9710b7f21344e822d5c8510072314d4dc7f,1425,ABD formal raw per-task/run record,absolute_personal_path_redaction_only,1
outputs/abd_eval300_formal_v1/task_artifacts/D__7e512589-aa97-41e8-83d3-af2e83e4fd06_5_33.json,4654957ba59cb12f0ccdf944f8c9fc7b508bd3b4bda85bfae70d82dc6eb811b5,1562,content/abd_lineage/00_formal/raw_run/task_artifacts/D__7e512589-aa97-41e8-83d3-af2e83e4fd06_5_33.json,70e7cbe336bd464ec24f194787522e4477895fbb9a2806c13662df55cb484c63,1464,ABD formal raw per-task/run record,absolute_personal_path_redaction_only,1
outputs/abd_eval300_formal_v1/task_artifacts/D__7e512589-aa97-41e8-83d3-af2e83e4fd06_6_15.json,fc24c9d8cb27826dbd36a8967a0851a295cc69ece674dad0ba8780a2f425039f,1474,content/abd_lineage/00_formal/raw_run/task_artifacts/D__7e512589-aa97-41e8-83d3-af2e83e4fd06_6_15.json,dc47dfb57a3fc89d81b0bb513351db9ae2012fedb83a43ea8510ccdea9b42e57,1376,ABD formal raw per-task/run record,absolute_personal_path_redaction_only,1
outputs/abd_eval300_formal_v1/task_artifacts/D__7e512589-aa97-41e8-83d3-af2e83e4fd06_6_27.json,035143f0ee1c179125aa71ca8426e8ba2922a9502f9a0d3e1f36dd26c21fab33,1562,content/abd_lineage/00_formal/raw_run/task_artifacts/D__7e512589-aa97-41e8-83d3-af2e83e4fd06_6_27.json,d810d5584b55255674bad45571aadefb0f79f1acaead1d3537037e467ac8d7f2,1464,ABD formal raw per-task/run record,absolute_personal_path_redaction_only,1
outputs/abd_eval300_formal_v1/task_artifacts/D__7e512589-aa97-41e8-83d3-af2e83e4fd06_6_7.json,b9583a683c284ffc58fa96d4e09ca6cd574fb713cb35e8f00b7e5f2ee7c4d1d7,1416,content/abd_lineage/00_formal/raw_run/task_artifacts/D__7e512589-aa97-41e8-83d3-af2e83e4fd06_6_7.json,c659798643885cda11cbd421d91717c47dbcc2734c218f2ac2a695f09398738b,1318,ABD formal raw per-task/run record,absolute_personal_path_redaction_only,1
outputs/abd_eval300_formal_v1/task_artifacts/D__7e512589-aa97-41e8-83d3-af2e83e4fd06_7_20.json,f4dfe2f8ebb99b7d502fda20953a1a9da0c71e8e0e05498766f828c22487ade5,1464,content/abd_lineage/00_formal/raw_run/task_artifacts/D__7e512589-aa97-41e8-83d3-af2e83e4fd06_7_20.json,55d29d1af003f2160cb71dc6b785e3d3b7a0ade0e3a132cb5e1d0093b423b4af,1366,ABD formal raw per-task/run record,absolute_personal_path_redaction_only,1
outputs/abd_eval300_formal_v1/task_artifacts/D__7e512589-aa97-41e8-83d3-af2e83e4fd06_7_22.json,495c81634850f7dc7b5cac94034eeb942ca2ed39c1cbf719f17f5bd2b27c7d34,1487,content/abd_lineage/00_formal/raw_run/task_artifacts/D__7e512589-aa97-41e8-83d3-af2e83e4fd06_7_22.json,45db707bee16e5a3dca958dab4a217003e07387584bc7530df13f5254a318593,1389,ABD formal raw per-task/run record,absolute_personal_path_redaction_only,1
outputs/abd_eval300_formal_v1/task_artifacts/D__7e512589-aa97-41e8-83d3-af2e83e4fd06_7_23.json,79a1213c483b49323ed0d1dc140609a1a40e7cdc9cfbb3c41f40ad9d8f0fc708,1458,content/abd_lineage/00_formal/raw_run/task_artifacts/D__7e512589-aa97-41e8-83d3-af2e83e4fd06_7_23.json,1fe492e82026c24eef010177e21cd550f9b9362a33611a4be2481aa13685f410,1360,ABD formal raw per-task/run record,absolute_personal_path_redaction_only,1
outputs/abd_eval300_formal_v1/task_artifacts/D__7e512589-aa97-41e8-83d3-af2e83e4fd06_7_4.json,87ec0a04583c2022867a33e5a3ac4ed13369a92afe3d4801f8d0e1d9b516bab1,1529,content/abd_lineage/00_formal/raw_run/task_artifacts/D__7e512589-aa97-41e8-83d3-af2e83e4fd06_7_4.json,a72356db623f110bd97ea29091e3a4502757b09d6f3dd2ee07d84d2808c882da,1431,ABD formal raw per-task/run record,absolute_personal_path_redaction_only,1
outputs/abd_eval300_formal_v1/task_artifacts/D__7e512589-aa97-41e8-83d3-af2e83e4fd06_8_12.json,269222d95c36c9c33ad76ee00cdb540cfc973e72988a3de5eb6298d294be5656,1554,content/abd_lineage/00_formal/raw_run/task_artifacts/D__7e512589-aa97-41e8-83d3-af2e83e4fd06_8_12.json,5ef15ddc8d7c89ebfc53566332feef256c343ee201df3ff64330d3df71e3114c,1456,ABD formal raw per-task/run record,absolute_personal_path_redaction_only,1
outputs/abd_eval300_formal_v1/task_artifacts/D__819c8af7-851f-434f-ab32-318285bc54b1_11_14.json,91b124396aae23ad78ff7f80ffe4e17fadb03297f5f35287a7254663d48961a9,1636,content/abd_lineage/00_formal/raw_run/task_artifacts/D__819c8af7-851f-434f-ab32-318285bc54b1_11_14.json,7c9d22a2dc10c2dbad697620910dd030cccf137d9ee55a72d3939cc332f2a598,1538,ABD formal raw per-task/run record,absolute_personal_path_redaction_only,1
outputs/abd_eval300_formal_v1/task_artifacts/D__819c8af7-851f-434f-ab32-318285bc54b1_11_24.json,d9e75f36b8e6855b162522ab26c8d0645d332ef988ad736130c2e0dc93bdf578,1574,content/abd_lineage/00_formal/raw_run/task_artifacts/D__819c8af7-851f-434f-ab32-318285bc54b1_11_24.json,3aa097784b09edddbfe570c043e43090ea5be6221c2b7ae1db079e5047f6c7fd,1476,ABD formal raw per-task/run record,absolute_personal_path_redaction_only,1
outputs/abd_eval300_formal_v1/task_artifacts/D__819c8af7-851f-434f-ab32-318285bc54b1_11_3.json,1a77a97d8248542fafaa50238dbbc80e066268ae3df72eeaa57356c196dc1ae2,1511,content/abd_lineage/00_formal/raw_run/task_artifacts/D__819c8af7-851f-434f-ab32-318285bc54b1_11_3.json,d6c7dfdfe74fc7becf3db2ebc8a63c93f1f60af4e5fcacf7dd23d6ade20431d9,1413,ABD formal raw per-task/run record,absolute_personal_path_redaction_only,1
outputs/abd_eval300_formal_v1/task_artifacts/D__819c8af7-851f-434f-ab32-318285bc54b1_12_7.json,b2732270a067e8be6b91debc9b9fad2292fb74e293f31709d6aacb2e362179f3,1500,content/abd_lineage/00_formal/raw_run/task_artifacts/D__819c8af7-851f-434f-ab32-318285bc54b1_12_7.json,56595133855defa8140bf1134c65c3b92ad4711bd5748a3ae302cb36426fd012,1402,ABD formal raw per-task/run record,absolute_personal_path_redaction_only,1
outputs/abd_eval300_formal_v1/task_artifacts/D__819c8af7-851f-434f-ab32-318285bc54b1_17_20.json,61181ffbc314c7547bec92501bcce028c0a3aa245942786f5951923fe346436b,1519,content/abd_lineage/00_formal/raw_run/task_artifacts/D__819c8af7-851f-434f-ab32-318285bc54b1_17_20.json,f357446b2d3a20ba105bce8f854edb7c7dabd035ef83dd87e4100de338b12da2,1421,ABD formal raw per-task/run record,absolute_personal_path_redaction_only,1
outputs/abd_eval300_formal_v1/task_artifacts/D__819c8af7-851f-434f-ab32-318285bc54b1_17_22.json,335efbcb5cb827f135d471b1dc940792cc1ca7bd9de5f630c30d80dec2235efe,1550,content/abd_lineage/00_formal/raw_run/task_artifacts/D__819c8af7-851f-434f-ab32-318285bc54b1_17_22.json,9cdc5fe1eea65c93aa2151c0068cab13d9d8c6a7cc5917588512f53f14ffe499,1452,ABD formal raw per-task/run record,absolute_personal_path_redaction_only,1
outputs/abd_eval300_formal_v1/task_artifacts/D__819c8af7-851f-434f-ab32-318285bc54b1_17_26.json,91a08a0109b1a4be75c72684469b33e4106253b6f54a7e41a8c8260cf9eb9265,1493,content/abd_lineage/00_formal/raw_run/task_artifacts/D__819c8af7-851f-434f-ab32-318285bc54b1_17_26.json,bb58040d38eae6b30b1dfa0aeca54df23a98f49ee4fa97a74adcff16d189ff96,1395,ABD formal raw per-task/run record,absolute_personal_path_redaction_only,1
outputs/abd_eval300_formal_v1/task_artifacts/D__819c8af7-851f-434f-ab32-318285bc54b1_17_29.json,2fe30c649c8ebea01a44bca58b0dfdb4a6b3ed079dab8fd8efa8d88eae60b834,1578,content/abd_lineage/00_formal/raw_run/task_artifacts/D__819c8af7-851f-434f-ab32-318285bc54b1_17_29.json,ebbb1ddbeca6c9209e3c0ace350b2d3bf88378a726aea99bfa41495742bbb7cf,1480,ABD formal raw per-task/run record,absolute_personal_path_redaction_only,1
outputs/abd_eval300_formal_v1/task_artifacts/D__819c8af7-851f-434f-ab32-318285bc54b1_18_6.json,f717f87f828af44c6e9a803159765be1c435cc29b0642883ce7666ac4e7cbe24,1630,content/abd_lineage/00_formal/raw_run/task_artifacts/D__819c8af7-851f-434f-ab32-318285bc54b1_18_6.json,ae62ed693af4d7de15ea6f8d82ccc6c05331eefb778d38e0ff53854822debc79,1532,ABD formal raw per-task/run record,absolute_personal_path_redaction_only,1
outputs/abd_eval300_formal_v1/task_artifacts/D__819c8af7-851f-434f-ab32-318285bc54b1_23_5.json,ea7e5fd7b0e692c76fe0491954c9a6e9e051d649e07fe4c047ab50a6d5d15acc,1634,content/abd_lineage/00_formal/raw_run/task_artifacts/D__819c8af7-851f-434f-ab32-318285bc54b1_23_5.json,d308d715502cd2e0f280b96e572f62f57e8b543b36c1ca40adfe9dfe300d5eaa,1536,ABD formal raw per-task/run record,absolute_personal_path_redaction_only,1
outputs/abd_eval300_formal_v1/task_artifacts/D__819c8af7-851f-434f-ab32-318285bc54b1_3_12.json,2264b0d18924a680ddc7b5c1207fe3f4c7d7aa9adc0049926af4a5fc97755273,1584,content/abd_lineage/00_formal/raw_run/task_artifacts/D__819c8af7-851f-434f-ab32-318285bc54b1_3_12.json,5b16fc1db1431534eae2cca4ef3ffc0ae974823400f2b6ef6ca0c8a944af920f,1486,ABD formal raw per-task/run record,absolute_personal_path_redaction_only,1
outputs/abd_eval300_formal_v1/task_artifacts/D__819c8af7-851f-434f-ab32-318285bc54b1_3_13.json,003562d03814828a976c63151eadea3453bdc3756f843735917dbe1213e385fe,1919,content/abd_lineage/00_formal/raw_run/task_artifacts/D__819c8af7-851f-434f-ab32-318285bc54b1_3_13.json,fc66b84b4e48910a93f65242e314544996fdaf3959595104f3fff008aa65f87f,1821,ABD formal raw per-task/run record,absolute_personal_path_redaction_only,1
outputs/abd_eval300_formal_v1/task_artifacts/D__819c8af7-851f-434f-ab32-318285bc54b1_4_10.json,5691cc998ca9233c4e0812cb2e1c4ba0638120e3c1cd418d717e2b2ff326dad9,1551,content/abd_lineage/00_formal/raw_run/task_artifacts/D__819c8af7-851f-434f-ab32-318285bc54b1_4_10.json,3edd956e3e98688cb179cd4f8d8c91405c403289dc6b941aa3d73dadc2f42535,1453,ABD formal raw per-task/run record,absolute_personal_path_redaction_only,1
outputs/abd_eval300_formal_v1/task_artifacts/D__819c8af7-851f-434f-ab32-318285bc54b1_4_19.json,f772239c2d178b2a453361dee5e368c14061e7d80ede18f9433089d9fd73af5b,1559,content/abd_lineage/00_formal/raw_run/task_artifacts/D__819c8af7-851f-434f-ab32-318285bc54b1_4_19.json,5cf94d59bac7e7a7668d6205eac5f624f901fbad5b8403472992f1ded7a4468a,1461,ABD formal raw per-task/run record,absolute_personal_path_redaction_only,1
outputs/abd_eval300_formal_v1/task_artifacts/D__819c8af7-851f-434f-ab32-318285bc54b1_4_2.json,35c821cd04551f8607593ac77da6f207d7a4362810a790fa2d5823c5d2e9e953,1474,content/abd_lineage/00_formal/raw_run/task_artifacts/D__819c8af7-851f-434f-ab32-318285bc54b1_4_2.json,7aec15c178a49d77acb3f9e5dc0fc30cd43821b51191ca544352966eb35cfcdd,1376,ABD formal raw per-task/run record,absolute_personal_path_redaction_only,1
outputs/abd_eval300_formal_v1/task_artifacts/D__819c8af7-851f-434f-ab32-318285bc54b1_4_23.json,06a5709c3829544ec32b602237643baa43f68fc288c097c5025fb29949ee5385,1552,content/abd_lineage/00_formal/raw_run/task_artifacts/D__819c8af7-851f-434f-ab32-318285bc54b1_4_23.json,25d8ca452b3f5c7957cd2589d0799989bd93ef92a43cff29f08a0fe0f3c4bf3d,1454,ABD formal raw per-task/run record,absolute_personal_path_redaction_only,1
outputs/abd_eval300_formal_v1/task_artifacts/D__819c8af7-851f-434f-ab32-318285bc54b1_4_30.json,e1d437c77eb7eede0b26043c1d16259eff09927b35e59705466959de01da4a33,1494,content/abd_lineage/00_formal/raw_run/task_artifacts/D__819c8af7-851f-434f-ab32-318285bc54b1_4_30.json,1b5275b69701f0ab7d668ee9d8f15ed22f09991f4b8740969bf0d3a90f196293,1396,ABD formal raw per-task/run record,absolute_personal_path_redaction_only,1
outputs/abd_eval300_formal_v1/task_artifacts/D__819c8af7-851f-434f-ab32-318285bc54b1_4_4.json,59077994937c65092f2edf717c46ee54a19d4a650169d43a3018b83a2443a437,1517,content/abd_lineage/00_formal/raw_run/task_artifacts/D__819c8af7-851f-434f-ab32-318285bc54b1_4_4.json,49c0547e35bccdc7cb9f2def5bded2265aaea0a05331a7ee3c1b3a6573066bda,1419,ABD formal raw per-task/run record,absolute_personal_path_redaction_only,1
outputs/abd_eval300_formal_v1/task_artifacts/D__819c8af7-851f-434f-ab32-318285bc54b1_5_11.json,e6bdc0ebbc00b903716f518d6e4fb421086fa168d723da619707f085d2d3e06b,1812,content/abd_lineage/00_formal/raw_run/task_artifacts/D__819c8af7-851f-434f-ab32-318285bc54b1_5_11.json,70b9ea9c8dbbd4bfc49f67a295145f6f920c5ae648f703078f44e1e544547752,1714,ABD formal raw per-task/run record,absolute_personal_path_redaction_only,1
outputs/abd_eval300_formal_v1/task_artifacts/D__819c8af7-851f-434f-ab32-318285bc54b1_5_25.json,457ab328e8914927649070d92a6e1db61d14bbfac68777e0aab5fda47e1d8f0b,1771,content/abd_lineage/00_formal/raw_run/task_artifacts/D__819c8af7-851f-434f-ab32-318285bc54b1_5_25.json,a88e2e71b9283000d1b5d4abafdc9a0f2f6bd6ac421a855e9c5763435c59e089,1673,ABD formal raw per-task/run record,absolute_personal_path_redaction_only,1
outputs/abd_eval300_formal_v1/task_artifacts/D__819c8af7-851f-434f-ab32-318285bc54b1_5_28.json,7045454ab1477a4d5dca841e586b96952979e65ee23b77aac4171f969a9a080a,1671,content/abd_lineage/00_formal/raw_run/task_artifacts/D__819c8af7-851f-434f-ab32-318285bc54b1_5_28.json,f8b8f1b7fa23506d95ead9dc3dfeafe93da9dcde56ada568dbf61d687ab286c3,1573,ABD formal raw per-task/run record,absolute_personal_path_redaction_only,1
outputs/abd_eval300_formal_v1/task_artifacts/D__819c8af7-851f-434f-ab32-318285bc54b1_7_17.json,d09ead0981f06442b51f559d4e6f33ffc263fd7d9da1102dcf97b3441081ff35,1507,content/abd_lineage/00_formal/raw_run/task_artifacts/D__819c8af7-851f-434f-ab32-318285bc54b1_7_17.json,e7425387df1a76bb5e4134d819f80a44882a8477ba21bfb2a7d83545905eedb9,1409,ABD formal raw per-task/run record,absolute_personal_path_redaction_only,1
outputs/abd_eval300_formal_v1/task_artifacts/D__819c8af7-851f-434f-ab32-318285bc54b1_7_21.json,cab73ceb9bb7b878f1d59de28dee498283369af5058c40160a831772164fcfda,1508,content/abd_lineage/00_formal/raw_run/task_artifacts/D__819c8af7-851f-434f-ab32-318285bc54b1_7_21.json,f263d5cdb13a8a5ecb3de71a75554f3afb6d0235c51ae36761b0d289d8f1d4ab,1410,ABD formal raw per-task/run record,absolute_personal_path_redaction_only,1
outputs/abd_eval300_formal_v1/task_artifacts/D__819c8af7-851f-434f-ab32-318285bc54b1_8_1.json,79a6ce1cb6d9ee168dca4f6253c6f6f74f2dcb46ea8cc89044248bb1cbbad37d,1619,content/abd_lineage/00_formal/raw_run/task_artifacts/D__819c8af7-851f-434f-ab32-318285bc54b1_8_1.json,36712a9d1621034a3e1bad3dc772fef0e89ef79eb986af2ce28059b93469ff81,1521,ABD formal raw per-task/run record,absolute_personal_path_redaction_only,1
outputs/abd_eval300_formal_v1/task_artifacts/D__819c8af7-851f-434f-ab32-318285bc54b1_8_27.json,32792334c1fe7f3ab165147b32e716bd00e6497af67839225708903548a211b8,1712,content/abd_lineage/00_formal/raw_run/task_artifacts/D__819c8af7-851f-434f-ab32-318285bc54b1_8_27.json,156d8e7a21a7af5d7a5b5c83275439b0b6736c25b430fc05a542468c2bdbcc4c,1614,ABD formal raw per-task/run record,absolute_personal_path_redaction_only,1
outputs/abd_eval300_formal_v1/task_artifacts/D__a6d45e95-8dc0-4932-83bf-ec53e265a16a_11_14.json,b3a774859eeaed30012759068316b447d7d7be0edc0c5116cb22be51bd4ec969,1707,content/abd_lineage/00_formal/raw_run/task_artifacts/D__a6d45e95-8dc0-4932-83bf-ec53e265a16a_11_14.json,4793b02ae025b6dc261630e42f9967817e47a5828339b9b821e219e6168249e7,1609,ABD formal raw per-task/run record,absolute_personal_path_redaction_only,1
outputs/abd_eval300_formal_v1/task_artifacts/D__a6d45e95-8dc0-4932-83bf-ec53e265a16a_11_15.json,bc6aa1fde846be839c1ce19b2c2aed973a9aa84b2be5ca46a794dada6b4f1a6a,1623,content/abd_lineage/00_formal/raw_run/task_artifacts/D__a6d45e95-8dc0-4932-83bf-ec53e265a16a_11_15.json,3cc10a198e2c71b7d222210831235d308798839adec5aef1e7c9a671d4168ea9,1525,ABD formal raw per-task/run record,absolute_personal_path_redaction_only,1
outputs/abd_eval300_formal_v1/task_artifacts/D__a6d45e95-8dc0-4932-83bf-ec53e265a16a_11_28.json,2e221b385ec36ff5a01a1d00fa8db605dc1648d5c228d4f04847d674ea02a953,1475,content/abd_lineage/00_formal/raw_run/task_artifacts/D__a6d45e95-8dc0-4932-83bf-ec53e265a16a_11_28.json,04f4f94b47bb3fa57ee9276090c260da0aea03b80603304c9ff1cb1f419f02a3,1377,ABD formal raw per-task/run record,absolute_personal_path_redaction_only,1
outputs/abd_eval300_formal_v1/task_artifacts/D__a6d45e95-8dc0-4932-83bf-ec53e265a16a_12_4.json,bbe387aa1002f560fb2bd519151ca67df9e16fe376cc38c9f423fedbe282fe5f,1781,content/abd_lineage/00_formal/raw_run/task_artifacts/D__a6d45e95-8dc0-4932-83bf-ec53e265a16a_12_4.json,e77cd861cc22c70bc9c7de06eef9f402e5aeb3dc9bbe578931e5cb38fec3a94a,1683,ABD formal raw per-task/run record,absolute_personal_path_redaction_only,1
outputs/abd_eval300_formal_v1/task_artifacts/D__a6d45e95-8dc0-4932-83bf-ec53e265a16a_17_10.json,7dccb24e510748dfe05732cbf0eb3d3f364b04e86a3f3a1b85a63bb2313caaa5,1495,content/abd_lineage/00_formal/raw_run/task_artifacts/D__a6d45e95-8dc0-4932-83bf-ec53e265a16a_17_10.json,484e3a861a5171b36a99e2d98c658b15b07b752ba1127d971000c4e4feac8167,1397,ABD formal raw per-task/run record,absolute_personal_path_redaction_only,1
outputs/abd_eval300_formal_v1/task_artifacts/D__a6d45e95-8dc0-4932-83bf-ec53e265a16a_17_11.json,d9b5da5f2dde65d144a5b8940b8f2b4939bf7bee62ef2e3981934396c8e404de,1598,content/abd_lineage/00_formal/raw_run/task_artifacts/D__a6d45e95-8dc0-4932-83bf-ec53e265a16a_17_11.json,38a75bd0e50bba1409be662104e60b0f2fb1263bc84f0287d0c13b0ba747e2b1,1500,ABD formal raw per-task/run record,absolute_personal_path_redaction_only,1
outputs/abd_eval300_formal_v1/task_artifacts/D__a6d45e95-8dc0-4932-83bf-ec53e265a16a_17_12.json,1b69e06a38c96cee4243bccafd5cd42e840c447f52bb7f79e5e7f665de8892e2,1511,content/abd_lineage/00_formal/raw_run/task_artifacts/D__a6d45e95-8dc0-4932-83bf-ec53e265a16a_17_12.json,3a02f493cf9766692c2190b945d0346672c53a936ee16a55be8bef3456208598,1413,ABD formal raw per-task/run record,absolute_personal_path_redaction_only,1
outputs/abd_eval300_formal_v1/task_artifacts/D__a6d45e95-8dc0-4932-83bf-ec53e265a16a_17_2.json,d0b3cd585955093a99deff23f3dfc375f857fa9355e5ace90a9426f020e186b0,1551,content/abd_lineage/00_formal/raw_run/task_artifacts/D__a6d45e95-8dc0-4932-83bf-ec53e265a16a_17_2.json,8cd89334d5a539d489266f527fb484a82ddb52f8b33cf4d68315bf303b714978,1453,ABD formal raw per-task/run record,absolute_personal_path_redaction_only,1
outputs/abd_eval300_formal_v1/task_artifacts/D__a6d45e95-8dc0-4932-83bf-ec53e265a16a_17_21.json,6b321c63fb9066979e225f712d1286d723c57aa964b241a6914b1759b5d2975c,1543,content/abd_lineage/00_formal/raw_run/task_artifacts/D__a6d45e95-8dc0-4932-83bf-ec53e265a16a_17_21.json,a0520c4cdf53af7423309b9e182590fd00efc806143cecc0352261f3b5ac1e11,1445,ABD formal raw per-task/run record,absolute_personal_path_redaction_only,1
outputs/abd_eval300_formal_v1/task_artifacts/D__a6d45e95-8dc0-4932-83bf-ec53e265a16a_17_25.json,f97368a6ffa29ec22660d53825017bf6229612dff59f9438b44024922d5cd4c1,1566,content/abd_lineage/00_formal/raw_run/task_artifacts/D__a6d45e95-8dc0-4932-83bf-ec53e265a16a_17_25.json,d1c1b315cc6b14950d529724ccc10fa7ca3deb9620a40a6f82e2e763617e733f,1468,ABD formal raw per-task/run record,absolute_personal_path_redaction_only,1
outputs/abd_eval300_formal_v1/task_artifacts/D__a6d45e95-8dc0-4932-83bf-ec53e265a16a_17_3.json,1bc645f3f1483a4bc2bee0b21f6c8a3d5e3d52d39505d263fc3d8a629e8a4823,1498,content/abd_lineage/00_formal/raw_run/task_artifacts/D__a6d45e95-8dc0-4932-83bf-ec53e265a16a_17_3.json,556d26ea978bc24f981522b2ea1dec79a7e551bc530028d735bfdf204b85f151,1400,ABD formal raw per-task/run record,absolute_personal_path_redaction_only,1
outputs/abd_eval300_formal_v1/task_artifacts/D__a6d45e95-8dc0-4932-83bf-ec53e265a16a_18_5.json,26f493df18250f986745678c05ba3b192eeb5b940ce0751d51a34400e2656873,1520,content/abd_lineage/00_formal/raw_run/task_artifacts/D__a6d45e95-8dc0-4932-83bf-ec53e265a16a_18_5.json,e9640cdd1c88c4067de9ff40cff8652cd0df17bf9fdbe554663fdead20838cac,1422,ABD formal raw per-task/run record,absolute_personal_path_redaction_only,1
outputs/abd_eval300_formal_v1/task_artifacts/D__a6d45e95-8dc0-4932-83bf-ec53e265a16a_4_23.json,bf772c820768d89ef23c50c0de86b5a613399d6f61dd54b18189cc87ce000442,1526,content/abd_lineage/00_formal/raw_run/task_artifacts/D__a6d45e95-8dc0-4932-83bf-ec53e265a16a_4_23.json,f0fe14088c4fbd41dbf9f54dcf8ea1e097367e419d5f7d00b57da439e9842a1c,1428,ABD formal raw per-task/run record,absolute_personal_path_redaction_only,1
outputs/abd_eval300_formal_v1/task_artifacts/D__a6d45e95-8dc0-4932-83bf-ec53e265a16a_4_6.json,6668850e55812b0343ca6a8589178ec215bf057e9eef47ddcb8ab56197542d2f,1551,content/abd_lineage/00_formal/raw_run/task_artifacts/D__a6d45e95-8dc0-4932-83bf-ec53e265a16a_4_6.json,42f8fd9ef0eb13648fab350cc8887cfcc72dc411b4bf8c1ec654963ea0767404,1453,ABD formal raw per-task/run record,absolute_personal_path_redaction_only,1
outputs/abd_eval300_formal_v1/task_artifacts/D__a6d45e95-8dc0-4932-83bf-ec53e265a16a_4_9.json,2149d4b90a0d1238764414fd181ff24887a8412cf627da9e9aebbe6ef87537d0,1564,content/abd_lineage/00_formal/raw_run/task_artifacts/D__a6d45e95-8dc0-4932-83bf-ec53e265a16a_4_9.json,c0993fa688b63a1d6c4ef713cd4fba4b7fa86b2ff893b9fbd41e58c16e6d5084,1466,ABD formal raw per-task/run record,absolute_personal_path_redaction_only,1
outputs/abd_eval300_formal_v1/task_artifacts/D__a6d45e95-8dc0-4932-83bf-ec53e265a16a_5_26.json,c3947a637a02adb220601c5d237bc8f2ce882081763adefa0a78b6a79f2bac5d,1726,content/abd_lineage/00_formal/raw_run/task_artifacts/D__a6d45e95-8dc0-4932-83bf-ec53e265a16a_5_26.json,6b8dfe6361916b714e82a071aed0449b993d9bfe190e9f2b90446fedcaa4f3c7,1628,ABD formal raw per-task/run record,absolute_personal_path_redaction_only,1
outputs/abd_eval300_formal_v1/task_artifacts/D__a6d45e95-8dc0-4932-83bf-ec53e265a16a_6_24.json,b99d2c2801de9f7ceba0ac18ed9387c782321d43d776a62551f6bc5b469e023d,1432,content/abd_lineage/00_formal/raw_run/task_artifacts/D__a6d45e95-8dc0-4932-83bf-ec53e265a16a_6_24.json,f821dc0d90e4571770fe847b18ffaa91ebaeceda0bd3a43de653ebbea9eed331,1334,ABD formal raw per-task/run record,absolute_personal_path_redaction_only,1
outputs/abd_eval300_formal_v1/task_artifacts/D__a6d45e95-8dc0-4932-83bf-ec53e265a16a_7_16.json,9c954f158d0b95247e0c3ac08051cf3b24d782b06ea34f1c43eee7242af213f1,1420,content/abd_lineage/00_formal/raw_run/task_artifacts/D__a6d45e95-8dc0-4932-83bf-ec53e265a16a_7_16.json,0d6bfdc45ab1f188ccc205924adb1e537d51b4bfa9917be203e36f992347f3d6,1322,ABD formal raw per-task/run record,absolute_personal_path_redaction_only,1
outputs/abd_eval300_formal_v1/task_artifacts/D__a6d45e95-8dc0-4932-83bf-ec53e265a16a_7_19.json,dee890de57cb82a07b998641e9fced5dd2c70729e30b907fe091c0ce033960bc,1474,content/abd_lineage/00_formal/raw_run/task_artifacts/D__a6d45e95-8dc0-4932-83bf-ec53e265a16a_7_19.json,192084f1c60890cd837db13ec837c1d05c87105d0d0bccb44e135160b5beec4c,1376,ABD formal raw per-task/run record,absolute_personal_path_redaction_only,1
outputs/abd_eval300_formal_v1/task_artifacts/D__a6d45e95-8dc0-4932-83bf-ec53e265a16a_7_20.json,3348e3b125ecc7cba07aec3ef76616ccd881d7025a763ee8b9ba6d853a27b115,1419,content/abd_lineage/00_formal/raw_run/task_artifacts/D__a6d45e95-8dc0-4932-83bf-ec53e265a16a_7_20.json,9e2286cf7441179bffbdaa85535f23f904b338d99e4c24496b1a24541f153442,1321,ABD formal raw per-task/run record,absolute_personal_path_redaction_only,1
outputs/abd_eval300_formal_v1/task_artifacts/D__a6d45e95-8dc0-4932-83bf-ec53e265a16a_7_7.json,cb4eaec1d8be66a3e004b30bf4b9ad74518f42cd3a45e6a9ae0ca9e8835e63c1,1421,content/abd_lineage/00_formal/raw_run/task_artifacts/D__a6d45e95-8dc0-4932-83bf-ec53e265a16a_7_7.json,92bee20f9b370aa37f54712b5584d5a96119f699f7b43424702b5d0207bae55b,1323,ABD formal raw per-task/run record,absolute_personal_path_redaction_only,1
outputs/abd_eval300_formal_v1/task_artifacts/D__a6d45e95-8dc0-4932-83bf-ec53e265a16a_8_1.json,25c66cfbe8bb6330d82f924a30cb2fcc9c70f5b790db73da38e891a182c7befc,1721,content/abd_lineage/00_formal/raw_run/task_artifacts/D__a6d45e95-8dc0-4932-83bf-ec53e265a16a_8_1.json,314cd573a35578dec161a53d07f4b5e0a3573ee265678692f227b1f37c3da2c3,1623,ABD formal raw per-task/run record,absolute_personal_path_redaction_only,1
outputs/abd_eval300_formal_v1/task_artifacts/D__a6d45e95-8dc0-4932-83bf-ec53e265a16a_8_18.json,00c1767e0dbef7cf1b4888c26af5e8e73bfa631d1cfe290e7d040559ac5abf51,1742,content/abd_lineage/00_formal/raw_run/task_artifacts/D__a6d45e95-8dc0-4932-83bf-ec53e265a16a_8_18.json,f78838f052d231d6d60aedae2bb062c8277a35abd1f855ea1aba83437eee3202,1644,ABD formal raw per-task/run record,absolute_personal_path_redaction_only,1
outputs/abd_eval300_formal_v1/task_artifacts/D__a6d45e95-8dc0-4932-83bf-ec53e265a16a_8_22.json,d014238b1fac7df727fa6dfc9cb1128cbab05e56afba411bd2186f2e09a82fbb,1501,content/abd_lineage/00_formal/raw_run/task_artifacts/D__a6d45e95-8dc0-4932-83bf-ec53e265a16a_8_22.json,0c3dde0b49648fa5470ac4ca0b7ac6c357a1c5f876ecd8f1c06eb392ead4c38a,1403,ABD formal raw per-task/run record,absolute_personal_path_redaction_only,1
outputs/abd_eval300_formal_v1/task_artifacts/D__a6d45e95-8dc0-4932-83bf-ec53e265a16a_8_27.json,176b7267245bd6090e84cdd42a87738fe37ebd9cbf59f28b2c794dae69edc2a3,1514,content/abd_lineage/00_formal/raw_run/task_artifacts/D__a6d45e95-8dc0-4932-83bf-ec53e265a16a_8_27.json,b7438bd522b9bb7929b94946b9d3a809aac5c379db89be871a616a68021c11c4,1416,ABD formal raw per-task/run record,absolute_personal_path_redaction_only,1
outputs/abd_eval300_formal_v1/task_artifacts/D__d3a0899e-2093-454c-9f65-30087883193a_11_17.json,4b5b461d75f68afd7068fd4a6fed5a95dc9ea1265bac9339de44ac613396f46a,1565,content/abd_lineage/00_formal/raw_run/task_artifacts/D__d3a0899e-2093-454c-9f65-30087883193a_11_17.json,e38418a713a121ea30df0175290e34d81ab83e64d6cf54db742054e623f0bbd6,1467,ABD formal raw per-task/run record,absolute_personal_path_redaction_only,1
outputs/abd_eval300_formal_v1/task_artifacts/D__d3a0899e-2093-454c-9f65-30087883193a_12_22.json,c6b8c1f992cc31a056245855e0f963494f2619c6df396666cc3009b7c62ddfe3,1749,content/abd_lineage/00_formal/raw_run/task_artifacts/D__d3a0899e-2093-454c-9f65-30087883193a_12_22.json,b2d0fd8c612696e90b2941d5d0b706fc82630c93301a7a13c04234698783f1ee,1651,ABD formal raw per-task/run record,absolute_personal_path_redaction_only,1
outputs/abd_eval300_formal_v1/task_artifacts/D__d3a0899e-2093-454c-9f65-30087883193a_17_13.json,7647b54158a10561b7667fd6152b556383223ef421bb1abb14af38afc05a477c,1559,content/abd_lineage/00_formal/raw_run/task_artifacts/D__d3a0899e-2093-454c-9f65-30087883193a_17_13.json,de4c5e41536c308400c7f166a1991d8e947e1984a839b7c53600952ccd59167d,1461,ABD formal raw per-task/run record,absolute_personal_path_redaction_only,1
outputs/abd_eval300_formal_v1/task_artifacts/D__d3a0899e-2093-454c-9f65-30087883193a_17_19.json,9ac24adb4a7baab760a2b11e694ed3496b3fc254ad9f77f151ea0db82d9de128,1468,content/abd_lineage/00_formal/raw_run/task_artifacts/D__d3a0899e-2093-454c-9f65-30087883193a_17_19.json,5b681cb92384b1ff91d32775a9da4074e803bc4679e94119f886d2f518bf167a,1370,ABD formal raw per-task/run record,absolute_personal_path_redaction_only,1
outputs/abd_eval300_formal_v1/task_artifacts/D__d3a0899e-2093-454c-9f65-30087883193a_17_2.json,e64a903a548477cea8bd6ce71bdd72c16d7e426a6c34e36744d1c58412d65634,1497,content/abd_lineage/00_formal/raw_run/task_artifacts/D__d3a0899e-2093-454c-9f65-30087883193a_17_2.json,a2e625018aab204273ac964d3505771446dfe760cde5cc765bf45f6a51ea097d,1399,ABD formal raw per-task/run record,absolute_personal_path_redaction_only,1
outputs/abd_eval300_formal_v1/task_artifacts/D__d3a0899e-2093-454c-9f65-30087883193a_17_20.json,6f3065f4c532f471a433692c850479f87875e6ffbf923864da7590fd0cc36460,1568,content/abd_lineage/00_formal/raw_run/task_artifacts/D__d3a0899e-2093-454c-9f65-30087883193a_17_20.json,06459e86f660295654a334a7430a2f903c26025eba33335171918aac3c21560e,1470,ABD formal raw per-task/run record,absolute_personal_path_redaction_only,1
outputs/abd_eval300_formal_v1/task_artifacts/D__d3a0899e-2093-454c-9f65-30087883193a_17_28.json,3dc3d8de4583a62d0272e055b434584adf9be0c1122a11d51e5e25747049a430,1576,content/abd_lineage/00_formal/raw_run/task_artifacts/D__d3a0899e-2093-454c-9f65-30087883193a_17_28.json,54f6dd1635f8a41688c89a917571587e30dca06778d98c23fcabd2340e512b6e,1478,ABD formal raw per-task/run record,absolute_personal_path_redaction_only,1
outputs/abd_eval300_formal_v1/task_artifacts/D__d3a0899e-2093-454c-9f65-30087883193a_17_35.json,5aacc576e682537237551df408304c80aefac5e7ec51a92f62bcbb81b4d67e69,1514,content/abd_lineage/00_formal/raw_run/task_artifacts/D__d3a0899e-2093-454c-9f65-30087883193a_17_35.json,7c6b782cac34d4e7ac5e7cf316957b83524aa597d9da95a06f2cbfd6fb468b33,1416,ABD formal raw per-task/run record,absolute_personal_path_redaction_only,1
outputs/abd_eval300_formal_v1/task_artifacts/D__d3a0899e-2093-454c-9f65-30087883193a_17_8.json,6c5e9c2ffc720271a2c0f2e8799dc8b4eccda55944d35c4070f1b36102554800,1565,content/abd_lineage/00_formal/raw_run/task_artifacts/D__d3a0899e-2093-454c-9f65-30087883193a_17_8.json,e6a4deae7349d9e8f783d704ab08540337e38ed170a288c76f15f693af10aadb,1467,ABD formal raw per-task/run record,absolute_personal_path_redaction_only,1
outputs/abd_eval300_formal_v1/task_artifacts/D__d3a0899e-2093-454c-9f65-30087883193a_1_1.json,e81550a239375a2217c184672dda4a17ba174cb60935d03679f75eca8ee4a369,1728,content/abd_lineage/00_formal/raw_run/task_artifacts/D__d3a0899e-2093-454c-9f65-30087883193a_1_1.json,f40cbc7c6ef420771cc03aa46e0ce280b919dd7edd2352f0f29f5cac9dc4c7eb,1630,ABD formal raw per-task/run record,absolute_personal_path_redaction_only,1
outputs/abd_eval300_formal_v1/task_artifacts/D__d3a0899e-2093-454c-9f65-30087883193a_22_14.json,81d2180f1c6ffdeb009d199b434af529c0655ab46ef6f119edc1bf3251903f2b,1524,content/abd_lineage/00_formal/raw_run/task_artifacts/D__d3a0899e-2093-454c-9f65-30087883193a_22_14.json,5ee93506fc1491a36c16bfefce2239ed94e6f30f46aeefca1c5c30785ee0c63a,1426,ABD formal raw per-task/run record,absolute_personal_path_redaction_only,1
outputs/abd_eval300_formal_v1/task_artifacts/D__d3a0899e-2093-454c-9f65-30087883193a_22_32.json,261b0caf2b757ac61ec52c8100c283ffa0879380202e1db8dd0c276aa6f5a34e,1570,content/abd_lineage/00_formal/raw_run/task_artifacts/D__d3a0899e-2093-454c-9f65-30087883193a_22_32.json,fc5d245948fd7034e9c8d6b977219d4d9db31bb74e5bd9ac5b8015ef48e330a6,1472,ABD formal raw per-task/run record,absolute_personal_path_redaction_only,1
outputs/abd_eval300_formal_v1/task_artifacts/D__d3a0899e-2093-454c-9f65-30087883193a_2_1.json,53a12f28bb8c28afff9842bdb33649b16e2216b817a21b3729b2355ddb4ba618,1538,content/abd_lineage/00_formal/raw_run/task_artifacts/D__d3a0899e-2093-454c-9f65-30087883193a_2_1.json,e70674161deac2a1fa2e34efa8a5dc59da92bb1806bcc0a5c2c5ae8a4c7e2821,1440,ABD formal raw per-task/run record,absolute_personal_path_redaction_only,1
outputs/abd_eval300_formal_v1/task_artifacts/D__d3a0899e-2093-454c-9f65-30087883193a_4_10.json,6963ef2a652563321ae5a8d49ee2244d9ba30529b873bab37c0840e9b0f1ac3d,1622,content/abd_lineage/00_formal/raw_run/task_artifacts/D__d3a0899e-2093-454c-9f65-30087883193a_4_10.json,0988497923efc42c4532ebd52e4118f198ded0fb4b145ee6eaf3515dd616972d,1524,ABD formal raw per-task/run record,absolute_personal_path_redaction_only,1
outputs/abd_eval300_formal_v1/task_artifacts/D__d3a0899e-2093-454c-9f65-30087883193a_4_33.json,f36d66b00a17d5ce78e1a73f38ba9eb99fa752a35555746c237b49696e799ccf,1590,content/abd_lineage/00_formal/raw_run/task_artifacts/D__d3a0899e-2093-454c-9f65-30087883193a_4_33.json,09c468ea152b61284f9ac1bc6881c18c0c0663eabd409cc98ce6087c967d267f,1492,ABD formal raw per-task/run record,absolute_personal_path_redaction_only,1
outputs/abd_eval300_formal_v1/task_artifacts/D__d3a0899e-2093-454c-9f65-30087883193a_4_7.json,1e7511a3974719c6c6d2add9a867e8869c5ee07319da7865a2720aed1a829b4d,1548,content/abd_lineage/00_formal/raw_run/task_artifacts/D__d3a0899e-2093-454c-9f65-30087883193a_4_7.json,243131583c5e0646a82342d6597dd13da57436495c27fbf55ae41a18d056cbf2,1450,ABD formal raw per-task/run record,absolute_personal_path_redaction_only,1
outputs/abd_eval300_formal_v1/task_artifacts/D__d3a0899e-2093-454c-9f65-30087883193a_5_24.json,09844de40b4b89c2fb5000b9132fba173f807304ecebfcbbec7e493e9f52569c,1702,content/abd_lineage/00_formal/raw_run/task_artifacts/D__d3a0899e-2093-454c-9f65-30087883193a_5_24.json,e1fa2d2ba432d417c5b692ef1da71b127ab41a083b7b797477bef16cdef2941a,1604,ABD formal raw per-task/run record,absolute_personal_path_redaction_only,1
outputs/abd_eval300_formal_v1/task_artifacts/D__d3a0899e-2093-454c-9f65-30087883193a_7_11.json,95f611325ae5c1f58d0d5adcfff52adc365cd6542a655562c29b1fc6b89044be,1540,content/abd_lineage/00_formal/raw_run/task_artifacts/D__d3a0899e-2093-454c-9f65-30087883193a_7_11.json,724c6d29f4ccb07116b7bfaf1d85274e4f04ece84a5c602cff3fb6648f35c6c6,1442,ABD formal raw per-task/run record,absolute_personal_path_redaction_only,1
outputs/abd_eval300_formal_v1/task_artifacts/D__d3a0899e-2093-454c-9f65-30087883193a_7_26.json,6a21f6bd497c8f761dca81a2419b3731a1eea64511d0f117f9c8ce22983e787e,1450,content/abd_lineage/00_formal/raw_run/task_artifacts/D__d3a0899e-2093-454c-9f65-30087883193a_7_26.json,10ed36904d54702d8ea6554be179b42ce51e70f20a383a7252d30e701d48e186,1352,ABD formal raw per-task/run record,absolute_personal_path_redaction_only,1
outputs/abd_eval300_formal_v1/task_artifacts/D__d3a0899e-2093-454c-9f65-30087883193a_7_29.json,cdcae0e192fc287acdb2809387a2bb3157189d20a706694ecb47017aac2ff8b5,1499,content/abd_lineage/00_formal/raw_run/task_artifacts/D__d3a0899e-2093-454c-9f65-30087883193a_7_29.json,f81b5179e989850c760772e3076ef392f60c6d1ce967cbba479ca3ee8bdbfa44,1401,ABD formal raw per-task/run record,absolute_personal_path_redaction_only,1
outputs/abd_eval300_formal_v1/task_artifacts/D__d3a0899e-2093-454c-9f65-30087883193a_7_9.json,48484d6efcbb2b08979a08cceee4565da7acbb022a6f393ac9b074fc3d686b47,1488,content/abd_lineage/00_formal/raw_run/task_artifacts/D__d3a0899e-2093-454c-9f65-30087883193a_7_9.json,55270daf04c058b02730009d1bb7e67217996d6b01e0e6082ac048074f78d7b8,1390,ABD formal raw per-task/run record,absolute_personal_path_redaction_only,1
outputs/abd_eval300_formal_v1/task_artifacts/D__d3a0899e-2093-454c-9f65-30087883193a_8_16.json,cca11a20678659e50c51250ac8b89f00ae40cbf9431ce651aa19dd9b6dd77f31,1602,content/abd_lineage/00_formal/raw_run/task_artifacts/D__d3a0899e-2093-454c-9f65-30087883193a_8_16.json,fb9d367ff51d8eb1f4718488cb4b398c9c6a1c4eda89eaafe921641b94fa32bc,1504,ABD formal raw per-task/run record,absolute_personal_path_redaction_only,1
outputs/abd_eval300_formal_v1/task_artifacts/D__d3a0899e-2093-454c-9f65-30087883193a_8_21.json,4346ee647a765a9d5ff9b29ed6c5b00cb5d4629b9493521690a249bc2d15faf2,1472,content/abd_lineage/00_formal/raw_run/task_artifacts/D__d3a0899e-2093-454c-9f65-30087883193a_8_21.json,8dbc9848c8f50ba34b1630aca4cd3b78af06ced76c1890888e8040f3ca36b0ae,1374,ABD formal raw per-task/run record,absolute_personal_path_redaction_only,1
outputs/abd_eval300_formal_v1/task_artifacts/D__d3a0899e-2093-454c-9f65-30087883193a_8_3.json,f979019c2525d9ba790601237e2d57170848e4729392bf86c2cc0fc1fc92dd7a,1424,content/abd_lineage/00_formal/raw_run/task_artifacts/D__d3a0899e-2093-454c-9f65-30087883193a_8_3.json,2fc1e49e7a40d1b1840beddef14d4c23864bf2e4f813c8355f075e90b822979d,1326,ABD formal raw per-task/run record,absolute_personal_path_redaction_only,1
outputs/abd_eval300_formal_v1/task_artifacts/D__d3a0899e-2093-454c-9f65-30087883193a_8_36.json,17f024a263f234841a0d7bb150df17d878163160b20e62607d3303792dbde2ee,1621,content/abd_lineage/00_formal/raw_run/task_artifacts/D__d3a0899e-2093-454c-9f65-30087883193a_8_36.json,8786c4338ebcf0108a3863cb8915e7d8e89b522f1ad28efecd0e969ce46c91a7,1523,ABD formal raw per-task/run record,absolute_personal_path_redaction_only,1
outputs/abd_eval300_formal_v1/task_artifacts/D__db3f7933-dfa0-4678-9d4f-393b628ded45_11_2.json,f156daa30649a49dbed2929619a4e786a55af864753fea9a1189a8e11231de32,1557,content/abd_lineage/00_formal/raw_run/task_artifacts/D__db3f7933-dfa0-4678-9d4f-393b628ded45_11_2.json,d149274adaff97ba6ce267854fde29c41604ec0088fdd97894fe2d4b524be6cf,1459,ABD formal raw per-task/run record,absolute_personal_path_redaction_only,1
outputs/abd_eval300_formal_v1/task_artifacts/D__db3f7933-dfa0-4678-9d4f-393b628ded45_12_15.json,b4df77c18556ded215bcf4675917b9f1b0059a5ac7c0072b369a5429c0f9b22c,1469,content/abd_lineage/00_formal/raw_run/task_artifacts/D__db3f7933-dfa0-4678-9d4f-393b628ded45_12_15.json,7b010cefccd5a9ebc9a8c0c2aa582f1aa89cd068d34b3d9ce58ccfb64c01dcf1,1371,ABD formal raw per-task/run record,absolute_personal_path_redaction_only,1
outputs/abd_eval300_formal_v1/task_artifacts/D__db3f7933-dfa0-4678-9d4f-393b628ded45_17_1.json,54702aeab56d5aed2ced1c881e088eb972bb651bccbba55f4bbdeafc84c02f52,1428,content/abd_lineage/00_formal/raw_run/task_artifacts/D__db3f7933-dfa0-4678-9d4f-393b628ded45_17_1.json,e904cd83ab9acfc67db75767f9771f7d9c55c65d62da77f6ae1084d1d0f13d7e,1330,ABD formal raw per-task/run record,absolute_personal_path_redaction_only,1
outputs/abd_eval300_formal_v1/task_artifacts/D__db3f7933-dfa0-4678-9d4f-393b628ded45_17_11.json,3fd809fa54eeb0935489b9a8ff14dd490790bc33b5f6777b868c3891c9679f4f,1651,content/abd_lineage/00_formal/raw_run/task_artifacts/D__db3f7933-dfa0-4678-9d4f-393b628ded45_17_11.json,dc92e4388a3dadb66fc86ea0ba762a997a10d964259fc0c62f1e35aa1b754860,1553,ABD formal raw per-task/run record,absolute_personal_path_redaction_only,1
outputs/abd_eval300_formal_v1/task_artifacts/D__db3f7933-dfa0-4678-9d4f-393b628ded45_17_13.json,d6eeeab351a1272bc4d39d8e241fdc6187d9bb62bf4cc38043759fae52b6a6eb,1437,content/abd_lineage/00_formal/raw_run/task_artifacts/D__db3f7933-dfa0-4678-9d4f-393b628ded45_17_13.json,3aa5e0352a1f983dd075b9805b7022d8ac572ca6fb4c8e29c0af8f6a5b40a8d2,1339,ABD formal raw per-task/run record,absolute_personal_path_redaction_only,1
outputs/abd_eval300_formal_v1/task_artifacts/D__db3f7933-dfa0-4678-9d4f-393b628ded45_17_29.json,965baf86348c0559a06a5d7c6a28270c311dbe8b470dca8ced5a8b92748fb9ce,1643,content/abd_lineage/00_formal/raw_run/task_artifacts/D__db3f7933-dfa0-4678-9d4f-393b628ded45_17_29.json,3de5e6969769dcc5d186e9c21b8c349015cec12b9ef808d56b26033931dd9373,1545,ABD formal raw per-task/run record,absolute_personal_path_redaction_only,1
outputs/abd_eval300_formal_v1/task_artifacts/D__db3f7933-dfa0-4678-9d4f-393b628ded45_20_1.json,85d92855e98ce04bc054ecfeeda0a162bc446e11eecd78e32e66041bfae8095c,1552,content/abd_lineage/00_formal/raw_run/task_artifacts/D__db3f7933-dfa0-4678-9d4f-393b628ded45_20_1.json,1f7c64a754a15060fbabd2ee6beca690bcc6cda7cf8f6230cfbec6ffaf51c43b,1454,ABD formal raw per-task/run record,absolute_personal_path_redaction_only,1
outputs/abd_eval300_formal_v1/task_artifacts/D__db3f7933-dfa0-4678-9d4f-393b628ded45_21_27.json,6ca0cf43fda1ee2897c00df11ef4aebcfb4bbc209daf8b3dd9271e5ef2257c00,1597,content/abd_lineage/00_formal/raw_run/task_artifacts/D__db3f7933-dfa0-4678-9d4f-393b628ded45_21_27.json,a7121009314bc19a502d53022f6f908b70df9a9fd8c2e088202e0db7ce392f5e,1499,ABD formal raw per-task/run record,absolute_personal_path_redaction_only,1
outputs/abd_eval300_formal_v1/task_artifacts/D__db3f7933-dfa0-4678-9d4f-393b628ded45_22_12.json,f872a42322c182a923be61f829e0de21e7f96f50b99b9e923c0b1af1b727c35d,1583,content/abd_lineage/00_formal/raw_run/task_artifacts/D__db3f7933-dfa0-4678-9d4f-393b628ded45_22_12.json,0559580ab0139f421a2e89e2dd59bae63ed16635e091f5b65655fd1cf5675870,1485,ABD formal raw per-task/run record,absolute_personal_path_redaction_only,1
outputs/abd_eval300_formal_v1/task_artifacts/D__db3f7933-dfa0-4678-9d4f-393b628ded45_22_24.json,904adfa127ff3a0b985de98b06182c05ddb278b8f66af9fa842bcc61eca87e68,1647,content/abd_lineage/00_formal/raw_run/task_artifacts/D__db3f7933-dfa0-4678-9d4f-393b628ded45_22_24.json,4486bb427f867ef8b3c8ed060dd49ffe3f038c88fec14bfb058c778ba5f6ded5,1549,ABD formal raw per-task/run record,absolute_personal_path_redaction_only,1
outputs/abd_eval300_formal_v1/task_artifacts/D__db3f7933-dfa0-4678-9d4f-393b628ded45_22_5.json,406e066384a2fc6a955fa538e331bd372b8b0628ab36e4abe0641a9d60c57e8c,1601,content/abd_lineage/00_formal/raw_run/task_artifacts/D__db3f7933-dfa0-4678-9d4f-393b628ded45_22_5.json,d5bce4fb591765f3523d74d93f7c665d42d6c7ef297980c52dca53aaa095acca,1503,ABD formal raw per-task/run record,absolute_personal_path_redaction_only,1
outputs/abd_eval300_formal_v1/task_artifacts/D__db3f7933-dfa0-4678-9d4f-393b628ded45_2_1.json,da9fde814a94dd44780fa49bf5ea5e8e3261b8ed26e27b67b3343e9c42d05c19,1491,content/abd_lineage/00_formal/raw_run/task_artifacts/D__db3f7933-dfa0-4678-9d4f-393b628ded45_2_1.json,218cc327ea3dbb40030d83cc6c08e60927cfecabe6833ef5aa07c2e14da899cb,1393,ABD formal raw per-task/run record,absolute_personal_path_redaction_only,1
outputs/abd_eval300_formal_v1/task_artifacts/D__db3f7933-dfa0-4678-9d4f-393b628ded45_4_22.json,520eef743a6061870830c0da57fef773f8a97bf2ffa7dc07d14f44800e194811,1571,content/abd_lineage/00_formal/raw_run/task_artifacts/D__db3f7933-dfa0-4678-9d4f-393b628ded45_4_22.json,9c46533d0b2879a0dfb91f4f804dacfdce84d62cda2637763dd8e7c0b292d402,1473,ABD formal raw per-task/run record,absolute_personal_path_redaction_only,1
outputs/abd_eval300_formal_v1/task_artifacts/D__db3f7933-dfa0-4678-9d4f-393b628ded45_6_17.json,d28d33e3bd88bc76272ff2cdca37ad729264e92b9891fc41baac8c576a430344,1490,content/abd_lineage/00_formal/raw_run/task_artifacts/D__db3f7933-dfa0-4678-9d4f-393b628ded45_6_17.json,ad17a283f0aa509a8dff20d4636add0ce1f2d7ad5efe574713d665c6b66262e6,1392,ABD formal raw per-task/run record,absolute_personal_path_redaction_only,1
outputs/abd_eval300_formal_v1/task_artifacts/D__db3f7933-dfa0-4678-9d4f-393b628ded45_6_25.json,d9f8fc401bc7203af2d396b9e556dbd9bb2e9a996fe7f6e072da76c8a0cd4978,1550,content/abd_lineage/00_formal/raw_run/task_artifacts/D__db3f7933-dfa0-4678-9d4f-393b628ded45_6_25.json,db92bbf7055899dc5e0a9d911e3fc17221bf8f8c78129b73df43bdb8a86a9a2c,1452,ABD formal raw per-task/run record,absolute_personal_path_redaction_only,1
outputs/abd_eval300_formal_v1/task_artifacts/D__db3f7933-dfa0-4678-9d4f-393b628ded45_6_7.json,1ac45bc10c031282a337bce4864359a5824075a75e3ce7f9dd2957b34ac701e5,1493,content/abd_lineage/00_formal/raw_run/task_artifacts/D__db3f7933-dfa0-4678-9d4f-393b628ded45_6_7.json,72d51e6319a5ef564041e37d5c9a97417e235c3f5922a987448f20fca2297db3,1395,ABD formal raw per-task/run record,absolute_personal_path_redaction_only,1
outputs/abd_eval300_formal_v1/task_artifacts/D__db3f7933-dfa0-4678-9d4f-393b628ded45_7_10.json,f42891385d0b96f258b95a391c22f58000218a95b020f11d38f659c4d774845b,1516,content/abd_lineage/00_formal/raw_run/task_artifacts/D__db3f7933-dfa0-4678-9d4f-393b628ded45_7_10.json,a0a0554b5f3148bac10f2770da87e18d5ecc1127801869392819e933cc1dcd8f,1418,ABD formal raw per-task/run record,absolute_personal_path_redaction_only,1
outputs/abd_eval300_formal_v1/task_artifacts/D__db3f7933-dfa0-4678-9d4f-393b628ded45_7_14.json,a0860294f5dfa058ece1d6cf46dac90009533bbe449fe49e3536629929d46f37,1433,content/abd_lineage/00_formal/raw_run/task_artifacts/D__db3f7933-dfa0-4678-9d4f-393b628ded45_7_14.json,88a43aacba827ac766e32db26782c98e5fe2f7f7af19c5f2616a873443b50dee,1335,ABD formal raw per-task/run record,absolute_personal_path_redaction_only,1
outputs/abd_eval300_formal_v1/task_artifacts/D__db3f7933-dfa0-4678-9d4f-393b628ded45_7_19.json,3a50c5d519dced76172b9dcd6740fd5cec39044bd84227b7ca2e2ce3cf73bcad,1451,content/abd_lineage/00_formal/raw_run/task_artifacts/D__db3f7933-dfa0-4678-9d4f-393b628ded45_7_19.json,9f1812c632325bcc5f21aabb85c3fff0b4f5002897c52720c923c67b6f8a4c44,1353,ABD formal raw per-task/run record,absolute_personal_path_redaction_only,1
outputs/abd_eval300_formal_v1/task_artifacts/D__db3f7933-dfa0-4678-9d4f-393b628ded45_7_21.json,f4e8064ce7786eb10d9b7d78b5ee863249900eef44f140bcdfdfc4390f33528c,1433,content/abd_lineage/00_formal/raw_run/task_artifacts/D__db3f7933-dfa0-4678-9d4f-393b628ded45_7_21.json,f37820c81a72b223549fc0d4db46fb18046241b87760e74641c54f51a130737e,1335,ABD formal raw per-task/run record,absolute_personal_path_redaction_only,1
outputs/abd_eval300_formal_v1/task_artifacts/D__db3f7933-dfa0-4678-9d4f-393b628ded45_7_23.json,501034d17834513d71499dbebcf662e7e41fbddfd7164c0a1ddbecb9a0bd3d35,1411,content/abd_lineage/00_formal/raw_run/task_artifacts/D__db3f7933-dfa0-4678-9d4f-393b628ded45_7_23.json,195892c0d352bcfa56ebb482c8ce85b0e9eaadd3e4724253c9f8d1703d801e4c,1313,ABD formal raw per-task/run record,absolute_personal_path_redaction_only,1
outputs/abd_eval300_formal_v1/task_artifacts/D__db3f7933-dfa0-4678-9d4f-393b628ded45_7_28.json,d017b88c03f53aac80c28eb76afd40202d4efc61335c22005089e3684a811e04,1418,content/abd_lineage/00_formal/raw_run/task_artifacts/D__db3f7933-dfa0-4678-9d4f-393b628ded45_7_28.json,0ad60dea66048b449fc5b17a716b9adef8642ace3186831142f4e7cfd2ec0845,1320,ABD formal raw per-task/run record,absolute_personal_path_redaction_only,1
outputs/abd_eval300_formal_v1/task_artifacts/D__db3f7933-dfa0-4678-9d4f-393b628ded45_7_6.json,6ddedc17baa158155418b3bfc3f123af627819beafe632f653d2cd346d6350fd,1474,content/abd_lineage/00_formal/raw_run/task_artifacts/D__db3f7933-dfa0-4678-9d4f-393b628ded45_7_6.json,55e439e0e2051180057702ee317cdfd52e17e38d88e102c697b98853881d6257,1376,ABD formal raw per-task/run record,absolute_personal_path_redaction_only,1
outputs/abd_eval300_formal_v1/task_artifacts/D__db3f7933-dfa0-4678-9d4f-393b628ded45_7_8.json,1d7bff73dc0944f82b66d7383cdaca7b028252c40f279d201de678f06752c87d,1484,content/abd_lineage/00_formal/raw_run/task_artifacts/D__db3f7933-dfa0-4678-9d4f-393b628ded45_7_8.json,12fd2259c12b4dacfb5d73f91709219d0e36e30f6fa920418ee11101823f0dce,1386,ABD formal raw per-task/run record,absolute_personal_path_redaction_only,1
outputs/abd_eval300_formal_v1/task_artifacts/D__db3f7933-dfa0-4678-9d4f-393b628ded45_8_4.json,dd32e48fbd9b36ed7ff4df51ffd429099cbd527176d3ce74fa1fc0465557bb7f,1426,content/abd_lineage/00_formal/raw_run/task_artifacts/D__db3f7933-dfa0-4678-9d4f-393b628ded45_8_4.json,6240353af21b402576784a9957c2039350d989a19323973e9249a18eb6c9968b,1328,ABD formal raw per-task/run record,absolute_personal_path_redaction_only,1
outputs/abd_eval300_formal_v1/task_status/A__115774b6-534d-444f-b7aa-d1b834eb0ee7_12_27.json,a3769b63003d95ea273a04f5503a41e9981a9420c15ce453c12e0c8d863a1c16,619,content/abd_lineage/00_formal/raw_run/task_status/A__115774b6-534d-444f-b7aa-d1b834eb0ee7_12_27.json,62dfd3b71362958d599a5a5f7da336b702cdf938282a558f3dd7ae68904f5b96,521,ABD formal raw per-task/run record,absolute_personal_path_redaction_only,1
outputs/abd_eval300_formal_v1/task_status/A__115774b6-534d-444f-b7aa-d1b834eb0ee7_17_12.json,ce9161f04a54386ac75b88bd5a8f4d8d048b3be016c6c2f0347c922afe9f0685,619,content/abd_lineage/00_formal/raw_run/task_status/A__115774b6-534d-444f-b7aa-d1b834eb0ee7_17_12.json,5777f844fa5efc7f505f17d5316301799a283389e8ea12614439a09058aa4f29,521,ABD formal raw per-task/run record,absolute_personal_path_redaction_only,1
outputs/abd_eval300_formal_v1/task_status/A__115774b6-534d-444f-b7aa-d1b834eb0ee7_17_14.json,103e87b1571a4af9b0666da4d4b10eab779518b171b626e24eed20bf2a9999c0,619,content/abd_lineage/00_formal/raw_run/task_status/A__115774b6-534d-444f-b7aa-d1b834eb0ee7_17_14.json,e6351aee4f589b0074fcd9053f8ef5f98c1624f9b0ced9e55e6e48d73cb976cd,521,ABD formal raw per-task/run record,absolute_personal_path_redaction_only,1
outputs/abd_eval300_formal_v1/task_status/A__115774b6-534d-444f-b7aa-d1b834eb0ee7_17_31.json,218c7e734c312aa2f8cc88033b3b632719eea6ec9c4d3e1f7dda66ba1fcf7636,619,content/abd_lineage/00_formal/raw_run/task_status/A__115774b6-534d-444f-b7aa-d1b834eb0ee7_17_31.json,a90d61def58a7159e5ee14aeff2720f64a109676b0cbfb95a3d1f201a7efad2c,521,ABD formal raw per-task/run record,absolute_personal_path_redaction_only,1
outputs/abd_eval300_formal_v1/task_status/A__115774b6-534d-444f-b7aa-d1b834eb0ee7_17_7.json,2198273ca0666629b949e85aa58422c08cdc6b24da8007651b043cedb634093e,616,content/abd_lineage/00_formal/raw_run/task_status/A__115774b6-534d-444f-b7aa-d1b834eb0ee7_17_7.json,6bd00e6fae83bcbe6e7c2ab47be680fc1faacac160673984f0726086524f838e,518,ABD formal raw per-task/run record,absolute_personal_path_redaction_only,1
outputs/abd_eval300_formal_v1/task_status/A__115774b6-534d-444f-b7aa-d1b834eb0ee7_1_1.json,89331680e75852cba73bd91cc38512103b26a56aa51c2b146276c5be7818d922,613,content/abd_lineage/00_formal/raw_run/task_status/A__115774b6-534d-444f-b7aa-d1b834eb0ee7_1_1.json,f1629fb387603bf9123dddd031166f6d2e6c1b289f675bb32a74a0b67f53d98f,515,ABD formal raw per-task/run record,absolute_personal_path_redaction_only,1
outputs/abd_eval300_formal_v1/task_status/A__115774b6-534d-444f-b7aa-d1b834eb0ee7_1_3.json,7d915f418fa894e83ed2718b9f13d9a311a8dc3cf940904b5a026a7f47a827fc,613,content/abd_lineage/00_formal/raw_run/task_status/A__115774b6-534d-444f-b7aa-d1b834eb0ee7_1_3.json,4f16450e88ac875a7b7856fbadeab230f49bd4aa35204c8fb980813a326bd334,515,ABD formal raw per-task/run record,absolute_personal_path_redaction_only,1
outputs/abd_eval300_formal_v1/task_status/A__115774b6-534d-444f-b7aa-d1b834eb0ee7_2_2.json,f247e3722b8c59c56c006436635c6f10bce39c1abe9ceeed74c11a4b40b41a18,613,content/abd_lineage/00_formal/raw_run/task_status/A__115774b6-534d-444f-b7aa-d1b834eb0ee7_2_2.json,7d8bb6b48b6c0ac5ab74c83efd9dee94e944d2c5f07ed9cb277dc2d1b20828b7,515,ABD formal raw per-task/run record,absolute_personal_path_redaction_only,1
outputs/abd_eval300_formal_v1/task_status/A__115774b6-534d-444f-b7aa-d1b834eb0ee7_2_4.json,09e3b5abac9ffd233b166b660cf68a872788972738d752e6334bfee20d465e58,613,content/abd_lineage/00_formal/raw_run/task_status/A__115774b6-534d-444f-b7aa-d1b834eb0ee7_2_4.json,a436122189e3c110081a6af350d68cea846c80430f7a1e4e25a5fc60a40d133d,515,ABD formal raw per-task/run record,absolute_personal_path_redaction_only,1
outputs/abd_eval300_formal_v1/task_status/A__115774b6-534d-444f-b7aa-d1b834eb0ee7_3_21.json,f5f6a06cb9a7e9b1914ac71d0c0dbdfc382b9476802c4a9ebde43d1b9e65ac3d,616,content/abd_lineage/00_formal/raw_run/task_status/A__115774b6-534d-444f-b7aa-d1b834eb0ee7_3_21.json,5b4b5c55ee42594cfdbb83038a7e6a0b42216a1054ffad50d2b795857bb666d6,518,ABD formal raw per-task/run record,absolute_personal_path_redaction_only,1
outputs/abd_eval300_formal_v1/task_status/A__115774b6-534d-444f-b7aa-d1b834eb0ee7_3_23.json,9d59299310668ee0ce7e2af8c3e683a4a1d6422d01b4ad7dba22e6bdd8a2bb43,616,content/abd_lineage/00_formal/raw_run/task_status/A__115774b6-534d-444f-b7aa-d1b834eb0ee7_3_23.json,83b1cf442454652b73836d7f533143e33d43babaa6d4024af730871d88b071f0,518,ABD formal raw per-task/run record,absolute_personal_path_redaction_only,1
outputs/abd_eval300_formal_v1/task_status/A__115774b6-534d-444f-b7aa-d1b834eb0ee7_3_6.json,d14647f11e44dcac7e38facf8c8718754084fce8fe6e1b3ba19a966179b9ac63,613,content/abd_lineage/00_formal/raw_run/task_status/A__115774b6-534d-444f-b7aa-d1b834eb0ee7_3_6.json,41eaf6a5c6008dcaf5eef34cb5954e04b4b30ce442d4ee85b8aec8cccc9d8f53,515,ABD formal raw per-task/run record,absolute_personal_path_redaction_only,1
outputs/abd_eval300_formal_v1/task_status/A__115774b6-534d-444f-b7aa-d1b834eb0ee7_4_1.json,4c0cf4a127d6669a6927526c5a328dec35031dfe72b720cc0414e49e17bd8a21,613,content/abd_lineage/00_formal/raw_run/task_status/A__115774b6-534d-444f-b7aa-d1b834eb0ee7_4_1.json,d8fa32d6696e5b60f46e315d13ed7fca0ed32f6bb20a454367f9a3811ffe1ac5,515,ABD formal raw per-task/run record,absolute_personal_path_redaction_only,1
outputs/abd_eval300_formal_v1/task_status/A__115774b6-534d-444f-b7aa-d1b834eb0ee7_4_25.json,0f4dcfd379cee7a950fe3aff54af97c30f87e9dbb25d1db81f261fdbc4a97443,616,content/abd_lineage/00_formal/raw_run/task_status/A__115774b6-534d-444f-b7aa-d1b834eb0ee7_4_25.json,1911cb2d94f7d383be042a3a38213194e98625050716f829bddb2877a14989e7,518,ABD formal raw per-task/run record,absolute_personal_path_redaction_only,1
outputs/abd_eval300_formal_v1/task_status/A__115774b6-534d-444f-b7aa-d1b834eb0ee7_5_29.json,0c9845eee75d2917fe9ed3062654aded91c51e3eb06c72d5752e69be515c283a,616,content/abd_lineage/00_formal/raw_run/task_status/A__115774b6-534d-444f-b7aa-d1b834eb0ee7_5_29.json,94d3e533308127c77c3eafaca144c35539a2b0c2897df6b90bc3e2cd9d1829d2,518,ABD formal raw per-task/run record,absolute_personal_path_redaction_only,1
outputs/abd_eval300_formal_v1/task_status/A__115774b6-534d-444f-b7aa-d1b834eb0ee7_5_5.json,77e0a8e9be0fb710769fbda8c37d6d007cf3363ae6bffe5711755f4991deaa5a,613,content/abd_lineage/00_formal/raw_run/task_status/A__115774b6-534d-444f-b7aa-d1b834eb0ee7_5_5.json,2043a6a39c184fa4319a7070add66ada846550bfdd2297ba575354289b76437b,515,ABD formal raw per-task/run record,absolute_personal_path_redaction_only,1
outputs/abd_eval300_formal_v1/task_status/A__115774b6-534d-444f-b7aa-d1b834eb0ee7_6_2.json,ba76d0f4a1cc2cecf590b93cd2ea5a602499bc15a32c1969c9cc216d30df3ad4,613,content/abd_lineage/00_formal/raw_run/task_status/A__115774b6-534d-444f-b7aa-d1b834eb0ee7_6_2.json,d555f0f671c25af103f599ea654e517f2cf18291815d7d94601818434f9df2c8,515,ABD formal raw per-task/run record,absolute_personal_path_redaction_only,1
outputs/abd_eval300_formal_v1/task_status/A__115774b6-534d-444f-b7aa-d1b834eb0ee7_6_24.json,a81da86b01b8b8a8cc718c294b6af2292c5c74835f34ce2ca3f502d7341d12d8,616,content/abd_lineage/00_formal/raw_run/task_status/A__115774b6-534d-444f-b7aa-d1b834eb0ee7_6_24.json,58ef6aa6e8696e035481be8f298567e247607e95bb223c60b81308d75f644bcb,518,ABD formal raw per-task/run record,absolute_personal_path_redaction_only,1
outputs/abd_eval300_formal_v1/task_status/A__115774b6-534d-444f-b7aa-d1b834eb0ee7_6_3.json,a51d074a6dbad443d5cf3674242c85507a62009c0ae0815d537413da3940e92a,613,content/abd_lineage/00_formal/raw_run/task_status/A__115774b6-534d-444f-b7aa-d1b834eb0ee7_6_3.json,b8ddd863b8616554970de9dcd5ea1c50c4128b592613a35466770502cd2f4960,515,ABD formal raw per-task/run record,absolute_personal_path_redaction_only,1
outputs/abd_eval300_formal_v1/task_status/A__115774b6-534d-444f-b7aa-d1b834eb0ee7_6_4.json,da12f19b2b26ee093cf20598af9e189ca48d8d263ed04b7945cc2f4515ac2a00,613,content/abd_lineage/00_formal/raw_run/task_status/A__115774b6-534d-444f-b7aa-d1b834eb0ee7_6_4.json,a76155d74a22a7ce4c85ee9fc50152e49dad9faa748f6c0c0a36039f62b23f94,515,ABD formal raw per-task/run record,absolute_personal_path_redaction_only,1
outputs/abd_eval300_formal_v1/task_status/A__115774b6-534d-444f-b7aa-d1b834eb0ee7_7_10.json,32c0785f68c4730d0bda825bf5e73210b21bcbcc72ba0f56f580a83783204c82,616,content/abd_lineage/00_formal/raw_run/task_status/A__115774b6-534d-444f-b7aa-d1b834eb0ee7_7_10.json,74d9e3d4598f25eed8dbe47ce51178899688703c18c532ea6e8da9d9de786e76,518,ABD formal raw per-task/run record,absolute_personal_path_redaction_only,1
outputs/abd_eval300_formal_v1/task_status/A__115774b6-534d-444f-b7aa-d1b834eb0ee7_7_22.json,d944d4eaa9bd657fbb14fe81a187fb573d045cf797b7233e7f2a99378585a267,616,content/abd_lineage/00_formal/raw_run/task_status/A__115774b6-534d-444f-b7aa-d1b834eb0ee7_7_22.json,f80860c9bb35c93699505197391952e252c10f805d9b70094bceb62212621c2a,518,ABD formal raw per-task/run record,absolute_personal_path_redaction_only,1
outputs/abd_eval300_formal_v1/task_status/A__115774b6-534d-444f-b7aa-d1b834eb0ee7_8_13.json,3f771c76588bda170efca9ef2632a48c6ce3f82b79492bbacc213596c59a7b75,616,content/abd_lineage/00_formal/raw_run/task_status/A__115774b6-534d-444f-b7aa-d1b834eb0ee7_8_13.json,f7f3a42b6d7d90974f5f9089d3017594c960eb001b5d7871ec1ec97b31fda744,518,ABD formal raw per-task/run record,absolute_personal_path_redaction_only,1
outputs/abd_eval300_formal_v1/task_status/A__115774b6-534d-444f-b7aa-d1b834eb0ee7_8_26.json,84913a11c0a58263f2a038ecd22dea9ffd33c7d4e6979e94a1d6107f4838c9f0,616,content/abd_lineage/00_formal/raw_run/task_status/A__115774b6-534d-444f-b7aa-d1b834eb0ee7_8_26.json,1c274a876fac3ad60dbb203eaf0bf9b029067b417db8d597bed7c67e7953cf2a,518,ABD formal raw per-task/run record,absolute_personal_path_redaction_only,1
outputs/abd_eval300_formal_v1/task_status/A__115774b6-534d-444f-b7aa-d1b834eb0ee7_8_8.json,ef2867877a85e066a62322376e76a5901608b06fd8ddb6a5453cd6c19e08857b,613,content/abd_lineage/00_formal/raw_run/task_status/A__115774b6-534d-444f-b7aa-d1b834eb0ee7_8_8.json,135b2340d1606c870716692a35c81ccddae9e2bf613327169337b55b60931cb8,515,ABD formal raw per-task/run record,absolute_personal_path_redaction_only,1
outputs/abd_eval300_formal_v1/task_status/A__41a86310-2cc1-48f9-b5b5-6b495a95fbac_11_1.json,5b59c193b1ddeb78da1b94e646a7933a273134d1cfea4e220579ca6fcf30424f,616,content/abd_lineage/00_formal/raw_run/task_status/A__41a86310-2cc1-48f9-b5b5-6b495a95fbac_11_1.json,ea9ad989ec0683d4d9e54b0ebe832d77b590a1507558471a2afaf1816b1fdfae,518,ABD formal raw per-task/run record,absolute_personal_path_redaction_only,1
outputs/abd_eval300_formal_v1/task_status/A__41a86310-2cc1-48f9-b5b5-6b495a95fbac_11_19.json,f378f4a9c95b899178ec59d8ec171c584bae3e31fe38e522eb1f6ca77e80fe6c,619,content/abd_lineage/00_formal/raw_run/task_status/A__41a86310-2cc1-48f9-b5b5-6b495a95fbac_11_19.json,2ce4128d8b440561eedc4a2f918f49cf3166522d18863fe004aa037a7c93f957,521,ABD formal raw per-task/run record,absolute_personal_path_redaction_only,1
outputs/abd_eval300_formal_v1/task_status/A__41a86310-2cc1-48f9-b5b5-6b495a95fbac_11_31.json,fa204952622975ad325e81056d69a7f4b2e5b777df3fe4fecb2acfc78299c752,619,content/abd_lineage/00_formal/raw_run/task_status/A__41a86310-2cc1-48f9-b5b5-6b495a95fbac_11_31.json,0b1df5eb54a2177f0805e21d7ff1af3d3e2cb18e4c40200a38ee08f789577da5,521,ABD formal raw per-task/run record,absolute_personal_path_redaction_only,1
outputs/abd_eval300_formal_v1/task_status/A__41a86310-2cc1-48f9-b5b5-6b495a95fbac_11_34.json,18172bc239e537832ade53e0409b77c478b6d42e688958f03c35f2a3d23b186f,619,content/abd_lineage/00_formal/raw_run/task_status/A__41a86310-2cc1-48f9-b5b5-6b495a95fbac_11_34.json,1f21b33db2d9609ce1cbd070da4e63a245ba888b247a8ae0f78a3b82fa7f0b85,521,ABD formal raw per-task/run record,absolute_personal_path_redaction_only,1
outputs/abd_eval300_formal_v1/task_status/A__41a86310-2cc1-48f9-b5b5-6b495a95fbac_11_4.json,60f3a7eaf7763fafcb207722ad93d39c4008dd41d64f08c489202668635f11ca,616,content/abd_lineage/00_formal/raw_run/task_status/A__41a86310-2cc1-48f9-b5b5-6b495a95fbac_11_4.json,917b2e2aa8cc412c48bdaa9bde80e8c49b5c36a612325673a53bcdcbdbe50eea,518,ABD formal raw per-task/run record,absolute_personal_path_redaction_only,1
outputs/abd_eval300_formal_v1/task_status/A__41a86310-2cc1-48f9-b5b5-6b495a95fbac_17_10.json,c1fcc3064525aca92b08ab2ebfd5d9b226a6cb826ee53dbe80a670219fabac84,619,content/abd_lineage/00_formal/raw_run/task_status/A__41a86310-2cc1-48f9-b5b5-6b495a95fbac_17_10.json,98902412004da6dac741e98e46df619776fdb1146d805dc6e7c695820fb7a588,521,ABD formal raw per-task/run record,absolute_personal_path_redaction_only,1
outputs/abd_eval300_formal_v1/task_status/A__41a86310-2cc1-48f9-b5b5-6b495a95fbac_17_13.json,dee3c0e939cd7a1ca1f89cdef4b1e73b21f775e01c2ba5d75f747d4b5ac18e75,619,content/abd_lineage/00_formal/raw_run/task_status/A__41a86310-2cc1-48f9-b5b5-6b495a95fbac_17_13.json,a57c4e862ca8fde147a919bb09881e6c3ce5529a946358c51ccb82732dbe7aee,521,ABD formal raw per-task/run record,absolute_personal_path_redaction_only,1
outputs/abd_eval300_formal_v1/task_status/A__41a86310-2cc1-48f9-b5b5-6b495a95fbac_17_15.json,01580a855ed951c5db401b3a5bc4022393977b5a7e2f13eb916bf19a0e1e0c79,619,content/abd_lineage/00_formal/raw_run/task_status/A__41a86310-2cc1-48f9-b5b5-6b495a95fbac_17_15.json,bcfcfb24aa830f85ffcca9d31b54f4961b1e23d8e2e590a8fc23adb38718c294,521,ABD formal raw per-task/run record,absolute_personal_path_redaction_only,1
outputs/abd_eval300_formal_v1/task_status/A__41a86310-2cc1-48f9-b5b5-6b495a95fbac_17_2.json,6eac444861affd943c18364d2d1545090402593ce2edfa17e2c7f7a7c7ccdbff,616,content/abd_lineage/00_formal/raw_run/task_status/A__41a86310-2cc1-48f9-b5b5-6b495a95fbac_17_2.json,5d45920760590b8df5eb8e90c76c1bb7d26c53512798d51796b3e360189320b9,518,ABD formal raw per-task/run record,absolute_personal_path_redaction_only,1
outputs/abd_eval300_formal_v1/task_status/A__41a86310-2cc1-48f9-b5b5-6b495a95fbac_17_21.json,39f1e6327affa0ef3fce97abb911fa4eea47c16194bac810773b950cefef0cc2,619,content/abd_lineage/00_formal/raw_run/task_status/A__41a86310-2cc1-48f9-b5b5-6b495a95fbac_17_21.json,128213057801088d87ffe1e9db7255cbaa66825b37270d3f5b7b48f9d869ccb4,521,ABD formal raw per-task/run record,absolute_personal_path_redaction_only,1
outputs/abd_eval300_formal_v1/task_status/A__41a86310-2cc1-48f9-b5b5-6b495a95fbac_17_23.json,a2e891c6c12034864e80051b50a70ae54ed658f3227a90f5eec0f7a1ee0eed82,619,content/abd_lineage/00_formal/raw_run/task_status/A__41a86310-2cc1-48f9-b5b5-6b495a95fbac_17_23.json,305c2e0dc48120db38ed791692b870a43567bd750c947d6e0f51d22bd311fcc0,521,ABD formal raw per-task/run record,absolute_personal_path_redaction_only,1
outputs/abd_eval300_formal_v1/task_status/A__41a86310-2cc1-48f9-b5b5-6b495a95fbac_17_26.json,7a377b571ef884727704220aef3ca6a1ab29f7336866b33d490852448f380f9b,619,content/abd_lineage/00_formal/raw_run/task_status/A__41a86310-2cc1-48f9-b5b5-6b495a95fbac_17_26.json,072748526132d1544958f88a727502602e03d98c2b29441e055564973e28b2f3,521,ABD formal raw per-task/run record,absolute_personal_path_redaction_only,1
outputs/abd_eval300_formal_v1/task_status/A__41a86310-2cc1-48f9-b5b5-6b495a95fbac_17_33.json,a09f8e6a8d8bc49f115cfa45956645f5367b093c1c6afa7316fd1dce0acd9c5d,619,content/abd_lineage/00_formal/raw_run/task_status/A__41a86310-2cc1-48f9-b5b5-6b495a95fbac_17_33.json,0a4ac3c84e93f1bc52a172c5c000c4e1936fb1a476bffc971099c67450be9ad3,521,ABD formal raw per-task/run record,absolute_personal_path_redaction_only,1
outputs/abd_eval300_formal_v1/task_status/A__41a86310-2cc1-48f9-b5b5-6b495a95fbac_17_38.json,9639fbaca2a9e7d15321f05e3107c48153fc84f0ef5783fbf675b217cf948437,619,content/abd_lineage/00_formal/raw_run/task_status/A__41a86310-2cc1-48f9-b5b5-6b495a95fbac_17_38.json,94c700625d4fce1b155ea3be83265997ffdfc4ea205e1a4bb025a52fec95b8fd,521,ABD formal raw per-task/run record,absolute_personal_path_redaction_only,1
outputs/abd_eval300_formal_v1/task_status/A__41a86310-2cc1-48f9-b5b5-6b495a95fbac_23_8.json,1d4f02da307ccd060554d0552dc10eacf23ba4545416486f2c126b0cee9f349e,616,content/abd_lineage/00_formal/raw_run/task_status/A__41a86310-2cc1-48f9-b5b5-6b495a95fbac_23_8.json,357f9516fd23f6296f99b764c9c7611e59c66b5295648132c94b7347c9bc90cd,518,ABD formal raw per-task/run record,absolute_personal_path_redaction_only,1
outputs/abd_eval300_formal_v1/task_status/A__41a86310-2cc1-48f9-b5b5-6b495a95fbac_4_25.json,560719a583f98a39ed0385c6d8bf9480ae73615869ce9a221e20f77c34739d8b,616,content/abd_lineage/00_formal/raw_run/task_status/A__41a86310-2cc1-48f9-b5b5-6b495a95fbac_4_25.json,033b6b2b5684abe06feae8212618187adc5e6fb5b58c9668fc70631ca2f2e78e,518,ABD formal raw per-task/run record,absolute_personal_path_redaction_only,1
outputs/abd_eval300_formal_v1/task_status/A__41a86310-2cc1-48f9-b5b5-6b495a95fbac_5_20.json,2b2012d7db4a2b2033c1810582563cbadc4f669ac15678bd9af371b2257866f8,616,content/abd_lineage/00_formal/raw_run/task_status/A__41a86310-2cc1-48f9-b5b5-6b495a95fbac_5_20.json,ff4961b1fc593d499dc01589286f398fa073a5948fe66524c9f8c6e8e6fbccfa,518,ABD formal raw per-task/run record,absolute_personal_path_redaction_only,1
outputs/abd_eval300_formal_v1/task_status/A__41a86310-2cc1-48f9-b5b5-6b495a95fbac_6_14.json,3d8b7dee19122ef83702d6e684094f9039d0704f3bb1be32a5e1fd66ad8cb253,616,content/abd_lineage/00_formal/raw_run/task_status/A__41a86310-2cc1-48f9-b5b5-6b495a95fbac_6_14.json,8621487e1cc85e7194ad16301cd7dfd65acfd8614a81645f5d7ae108a1faedb2,518,ABD formal raw per-task/run record,absolute_personal_path_redaction_only,1
outputs/abd_eval300_formal_v1/task_status/A__41a86310-2cc1-48f9-b5b5-6b495a95fbac_6_24.json,cf65dfa1b3fa1d0fe0e4cf58ab24da41de456e78a326753518a7765ad72cd589,616,content/abd_lineage/00_formal/raw_run/task_status/A__41a86310-2cc1-48f9-b5b5-6b495a95fbac_6_24.json,e2d0c80b256296e1c98763d3dcbd71323dc3733dc5907c5707966d7dea3cf948,518,ABD formal raw per-task/run record,absolute_personal_path_redaction_only,1
outputs/abd_eval300_formal_v1/task_status/A__41a86310-2cc1-48f9-b5b5-6b495a95fbac_6_27.json,741f2bcd882dbba219ff2ca259ddac34a0a47461c46f3c39522f8a52dff8ad7b,616,content/abd_lineage/00_formal/raw_run/task_status/A__41a86310-2cc1-48f9-b5b5-6b495a95fbac_6_27.json,4706bb8810d5f35164b5a957710e5ba649b4dc63aa402c20b8c27bfee97a4286,518,ABD formal raw per-task/run record,absolute_personal_path_redaction_only,1
outputs/abd_eval300_formal_v1/task_status/A__41a86310-2cc1-48f9-b5b5-6b495a95fbac_6_32.json,9795fb8a8b9e6bdaf332b8478788cf8db789190e2148195871e03007da5fca0b,616,content/abd_lineage/00_formal/raw_run/task_status/A__41a86310-2cc1-48f9-b5b5-6b495a95fbac_6_32.json,85c5aefa0bd893983ab1ffffe70e7637ae300de7a9a7a82d45e1e300cee4269f,518,ABD formal raw per-task/run record,absolute_personal_path_redaction_only,1
outputs/abd_eval300_formal_v1/task_status/A__41a86310-2cc1-48f9-b5b5-6b495a95fbac_7_17.json,11d29eba4f21eb2fb6298a4d61b1d6a99e6e8490dd2bdb9400d0fef87b897d7a,616,content/abd_lineage/00_formal/raw_run/task_status/A__41a86310-2cc1-48f9-b5b5-6b495a95fbac_7_17.json,dcc8f41d00b6f248135445f43c325b533a45e609c3f4d4ec657a8741c21e6f09,518,ABD formal raw per-task/run record,absolute_personal_path_redaction_only,1
outputs/abd_eval300_formal_v1/task_status/A__41a86310-2cc1-48f9-b5b5-6b495a95fbac_7_39.json,0de5cd7cc9c3c573ee119291d650e5d6c440c3a23f0bfee5c335da0944b7775e,616,content/abd_lineage/00_formal/raw_run/task_status/A__41a86310-2cc1-48f9-b5b5-6b495a95fbac_7_39.json,8ee8a701a427343cd5950d2a028f4e3b24456381b58e282c7fa9395549540ab7,518,ABD formal raw per-task/run record,absolute_personal_path_redaction_only,1
outputs/abd_eval300_formal_v1/task_status/A__41a86310-2cc1-48f9-b5b5-6b495a95fbac_8_11.json,820eddc1fb554dd911cca057ab2041f6727d53edcdc663c8840bac2fccb16365,616,content/abd_lineage/00_formal/raw_run/task_status/A__41a86310-2cc1-48f9-b5b5-6b495a95fbac_8_11.json,a8dd4a1d7b008b8a04657fbe7a4362eb74f48a405b5ba7a6182665772319a412,518,ABD formal raw per-task/run record,absolute_personal_path_redaction_only,1
outputs/abd_eval300_formal_v1/task_status/A__41a86310-2cc1-48f9-b5b5-6b495a95fbac_8_22.json,0dca8a12f5e79d6b93b228d686a50b41df8643f0ee052ba6656cf0ae44e9b61b,616,content/abd_lineage/00_formal/raw_run/task_status/A__41a86310-2cc1-48f9-b5b5-6b495a95fbac_8_22.json,bf9a99f87d8ba39ac96411196166f99fc045ed32f98658d44ab553de4a020292,518,ABD formal raw per-task/run record,absolute_personal_path_redaction_only,1
outputs/abd_eval300_formal_v1/task_status/A__4572b198-2c1c-4920-bcf0-95fcebe12261_13_1.json,e5308919fb50502da4e370ed0a176798f1c57cdea98775bc6092e0683064af46,616,content/abd_lineage/00_formal/raw_run/task_status/A__4572b198-2c1c-4920-bcf0-95fcebe12261_13_1.json,5690695905950b7915f323bfee94379bd9006e604af6129396403bd74ba1a484,518,ABD formal raw per-task/run record,absolute_personal_path_redaction_only,1
outputs/abd_eval300_formal_v1/task_status/A__4572b198-2c1c-4920-bcf0-95fcebe12261_15_1.json,bcb0d9f27a7642ed5958a98f7c984fa5af28647df7ce6239a10fae6e69e5c0c2,616,content/abd_lineage/00_formal/raw_run/task_status/A__4572b198-2c1c-4920-bcf0-95fcebe12261_15_1.json,d697458e450f9cc3ee1f960c7c88aa312294f96223aa01ac0cd578f20fb813cb,518,ABD formal raw per-task/run record,absolute_personal_path_redaction_only,1
outputs/abd_eval300_formal_v1/task_status/A__4572b198-2c1c-4920-bcf0-95fcebe12261_17_10.json,ab9787a49baf5c735ce9f282e22038dab73fc0048ecb158b680b788d465e592b,619,content/abd_lineage/00_formal/raw_run/task_status/A__4572b198-2c1c-4920-bcf0-95fcebe12261_17_10.json,8ebc80fe8d4649e4e8076e98b763ed55042c7b7699fd4dfe7e270ed4350e6c97,521,ABD formal raw per-task/run record,absolute_personal_path_redaction_only,1
outputs/abd_eval300_formal_v1/task_status/A__4572b198-2c1c-4920-bcf0-95fcebe12261_17_14.json,52abd53231bab632b23a89bf738381afa126ab0282dfeb7883adfea392fe5f8c,619,content/abd_lineage/00_formal/raw_run/task_status/A__4572b198-2c1c-4920-bcf0-95fcebe12261_17_14.json,cb41b0feb511b3b69944ba21c5a62ed7f4e6603169fb2c0643fd7369eeb7d80c,521,ABD formal raw per-task/run record,absolute_personal_path_redaction_only,1
outputs/abd_eval300_formal_v1/task_status/A__4572b198-2c1c-4920-bcf0-95fcebe12261_17_15.json,9b029c3aab47d1dbe4eacd5178db3bce7de44120c2180d35a20bf8bb62132a68,619,content/abd_lineage/00_formal/raw_run/task_status/A__4572b198-2c1c-4920-bcf0-95fcebe12261_17_15.json,6418ed09a856d964ca3cf3d16b6b192be3a13b9f56cb9220394445ed39b13e9b,521,ABD formal raw per-task/run record,absolute_personal_path_redaction_only,1
outputs/abd_eval300_formal_v1/task_status/A__4572b198-2c1c-4920-bcf0-95fcebe12261_17_17.json,221ff7644a8c9581fafeae79f1c2db15cdc2e876483280e680bceeca546442f0,619,content/abd_lineage/00_formal/raw_run/task_status/A__4572b198-2c1c-4920-bcf0-95fcebe12261_17_17.json,8bb5e3241f7a6282f7e823b257f44f8206bd8a8ba5c7718e195769e0e0060ffd,521,ABD formal raw per-task/run record,absolute_personal_path_redaction_only,1
outputs/abd_eval300_formal_v1/task_status/A__4572b198-2c1c-4920-bcf0-95fcebe12261_17_25.json,0cc53b82792435825fd3183f6c5caa30b39adf9cd3f7548f104d98cd11cd9bf9,619,content/abd_lineage/00_formal/raw_run/task_status/A__4572b198-2c1c-4920-bcf0-95fcebe12261_17_25.json,94c30a03e82bf166bffec4291653defe85efb0c297d47a460a3e165b2e851c8b,521,ABD formal raw per-task/run record,absolute_personal_path_redaction_only,1
outputs/abd_eval300_formal_v1/task_status/A__4572b198-2c1c-4920-bcf0-95fcebe12261_17_26.json,70b07c0c1329e711746fc04ed708350b01466491b74fd9fc7df2cbd53c7259ac,619,content/abd_lineage/00_formal/raw_run/task_status/A__4572b198-2c1c-4920-bcf0-95fcebe12261_17_26.json,55934527cb9cc9901c60f95c57bb05ddf8e944e947487de040ce0b50327e5162,521,ABD formal raw per-task/run record,absolute_personal_path_redaction_only,1
outputs/abd_eval300_formal_v1/task_status/A__4572b198-2c1c-4920-bcf0-95fcebe12261_17_29.json,53f3533a7586bf6d141de5ed123e0a10cbfac30965abac25ef6ee38efd4d78b3,619,content/abd_lineage/00_formal/raw_run/task_status/A__4572b198-2c1c-4920-bcf0-95fcebe12261_17_29.json,44cc0c186e353a1c989a69500fcb75346ad5e8a1d434235b0dc731fb8951f4a3,521,ABD formal raw per-task/run record,absolute_personal_path_redaction_only,1
outputs/abd_eval300_formal_v1/task_status/A__4572b198-2c1c-4920-bcf0-95fcebe12261_17_39.json,6532e2d04f202d06ad64c2d884ac43b2c806b3ec3e9f8dbfba2db805a3d455ca,619,content/abd_lineage/00_formal/raw_run/task_status/A__4572b198-2c1c-4920-bcf0-95fcebe12261_17_39.json,72a369861daedbceeb7742d94e523d75f6b8b4d891a51ff666e881a590a46f68,521,ABD formal raw per-task/run record,absolute_personal_path_redaction_only,1
outputs/abd_eval300_formal_v1/task_status/A__4572b198-2c1c-4920-bcf0-95fcebe12261_2_1.json,fb516d407a24fd9bd109e5ca6ae8f4a3a7fa946905a744e543bc747e12df48bf,613,content/abd_lineage/00_formal/raw_run/task_status/A__4572b198-2c1c-4920-bcf0-95fcebe12261_2_1.json,b83ec9ac913e9ccb99d5ef54db82aa9651dd8a2630aaa76a40bf57848d126261,515,ABD formal raw per-task/run record,absolute_personal_path_redaction_only,1
outputs/abd_eval300_formal_v1/task_status/A__4572b198-2c1c-4920-bcf0-95fcebe12261_3_21.json,0adccd931bc59e20d6297c25c26c4fe5f0124453a8f3dc78ba2b6702e7f085a1,616,content/abd_lineage/00_formal/raw_run/task_status/A__4572b198-2c1c-4920-bcf0-95fcebe12261_3_21.json,925b4b1dfd7529623bfac1ba40f3905baad9c5beb2e27e5f821f0345874dbcb6,518,ABD formal raw per-task/run record,absolute_personal_path_redaction_only,1
outputs/abd_eval300_formal_v1/task_status/A__4572b198-2c1c-4920-bcf0-95fcebe12261_4_20.json,e4b9ca3f14a4253f46cfe4cd3743d73bdeee63cf50a6242b35311321530ca7d8,616,content/abd_lineage/00_formal/raw_run/task_status/A__4572b198-2c1c-4920-bcf0-95fcebe12261_4_20.json,eb2e70ebe7dc9520a3d103bd5c700eb79380e08270bb13512ec23dc998eed493,518,ABD formal raw per-task/run record,absolute_personal_path_redaction_only,1
outputs/abd_eval300_formal_v1/task_status/A__4572b198-2c1c-4920-bcf0-95fcebe12261_4_23.json,929fde1f2f896ff0732feff83734e1ea78a0d6e81fecd4298edafe06bf94fb28,616,content/abd_lineage/00_formal/raw_run/task_status/A__4572b198-2c1c-4920-bcf0-95fcebe12261_4_23.json,31399bd71b1496d755aa3c935f6ebae7bec2c7aab519e5e804c68380da9fa212,518,ABD formal raw per-task/run record,absolute_personal_path_redaction_only,1
outputs/abd_eval300_formal_v1/task_status/A__4572b198-2c1c-4920-bcf0-95fcebe12261_4_28.json,155c37bc7b062eeed8ea7b52b48c3ea7684a4a006288836d276227f32bf17dde,616,content/abd_lineage/00_formal/raw_run/task_status/A__4572b198-2c1c-4920-bcf0-95fcebe12261_4_28.json,87d77a834e31769d514340b691957a9210f675e39a757cd1e106d2ee70ddc455,518,ABD formal raw per-task/run record,absolute_personal_path_redaction_only,1
outputs/abd_eval300_formal_v1/task_status/A__4572b198-2c1c-4920-bcf0-95fcebe12261_4_3.json,5d9f95c2978994c4ea27e486bb27c99373cee568e245f6fc6209066dec9f46ab,613,content/abd_lineage/00_formal/raw_run/task_status/A__4572b198-2c1c-4920-bcf0-95fcebe12261_4_3.json,ecb684c29ec3720ca1a082e839459d0bbbcc270290201cd0f4f3c1c9df5a7617,515,ABD formal raw per-task/run record,absolute_personal_path_redaction_only,1
outputs/abd_eval300_formal_v1/task_status/A__4572b198-2c1c-4920-bcf0-95fcebe12261_4_40.json,09210a1a4abf1ffcdba4d6f9084678158289182df32ca8dfac9fbb849214c126,616,content/abd_lineage/00_formal/raw_run/task_status/A__4572b198-2c1c-4920-bcf0-95fcebe12261_4_40.json,ac9186c1de25fd6861fb6a83da81857f1fbb930c93c6b248f7e75991c9a04626,518,ABD formal raw per-task/run record,absolute_personal_path_redaction_only,1
outputs/abd_eval300_formal_v1/task_status/A__4572b198-2c1c-4920-bcf0-95fcebe12261_5_11.json,a6809d693f5a4ebc5347585faa667fb84d0f7073043ce9c0f4cccda333dc5ad7,616,content/abd_lineage/00_formal/raw_run/task_status/A__4572b198-2c1c-4920-bcf0-95fcebe12261_5_11.json,9225c2ff94e06e1d222ab61adb0cdb3b0b28ffb483e7ba83ee0e8144925b1e64,518,ABD formal raw per-task/run record,absolute_personal_path_redaction_only,1
outputs/abd_eval300_formal_v1/task_status/A__4572b198-2c1c-4920-bcf0-95fcebe12261_6_22.json,f61f4ca25a3491ca4fdd84db21c40ac3f2e5735b1a154e4dc2a7f49c5f77ce11,616,content/abd_lineage/00_formal/raw_run/task_status/A__4572b198-2c1c-4920-bcf0-95fcebe12261_6_22.json,db8c35cb8e85179b7fe35809aacf4242b76b0d45757ca0fbde3d099ce66a9c50,518,ABD formal raw per-task/run record,absolute_personal_path_redaction_only,1
outputs/abd_eval300_formal_v1/task_status/A__4572b198-2c1c-4920-bcf0-95fcebe12261_6_24.json,28b00c94af26d2cc093ac46528bfab1e118b6fa06ed56be991388b1f404b0a7c,616,content/abd_lineage/00_formal/raw_run/task_status/A__4572b198-2c1c-4920-bcf0-95fcebe12261_6_24.json,ef8a17f05bb3cb861f861562f994653b9754ceec2cfc465dd796eb1478af6b80,518,ABD formal raw per-task/run record,absolute_personal_path_redaction_only,1
outputs/abd_eval300_formal_v1/task_status/A__4572b198-2c1c-4920-bcf0-95fcebe12261_6_7.json,35c532b0b60fee5a86dea879361a9b7e2e1d49ae5364336de96c09bad84951ca,613,content/abd_lineage/00_formal/raw_run/task_status/A__4572b198-2c1c-4920-bcf0-95fcebe12261_6_7.json,1ca7f9c5f2298fc965ffbe7fc1c8e10b41f2eb7cd2d0ac352ec2a4bdbeb22d9a,515,ABD formal raw per-task/run record,absolute_personal_path_redaction_only,1
outputs/abd_eval300_formal_v1/task_status/A__4572b198-2c1c-4920-bcf0-95fcebe12261_7_32.json,1a1a10c19c9c60eac8d88f7bf22542376936059075bc1686a0bb3b42b54a8788,616,content/abd_lineage/00_formal/raw_run/task_status/A__4572b198-2c1c-4920-bcf0-95fcebe12261_7_32.json,6f8018493f9e3b968c5338c4b5d6933ef9c4a9e5f93361e99a1d5169bbb0b353,518,ABD formal raw per-task/run record,absolute_personal_path_redaction_only,1
outputs/abd_eval300_formal_v1/task_status/A__4572b198-2c1c-4920-bcf0-95fcebe12261_7_5.json,def44a6671b1d0c4dc99ee8b0c971b3200d3d71317e4177272a8a8f2e2399795,613,content/abd_lineage/00_formal/raw_run/task_status/A__4572b198-2c1c-4920-bcf0-95fcebe12261_7_5.json,5b6efa15dafd9fb9301848cc33065224e28f579580bdac10374099f90fcc6559,515,ABD formal raw per-task/run record,absolute_personal_path_redaction_only,1
outputs/abd_eval300_formal_v1/task_status/A__4572b198-2c1c-4920-bcf0-95fcebe12261_8_13.json,1458fe0a36172a3ffe549e927cedee01a5f50cdd88181e43d64559e2a166d2f1,616,content/abd_lineage/00_formal/raw_run/task_status/A__4572b198-2c1c-4920-bcf0-95fcebe12261_8_13.json,bc092ad1588e520eeeb0faa2bf862cee7020f0a8954c99001e20f5a2af5d7060,518,ABD formal raw per-task/run record,absolute_personal_path_redaction_only,1
outputs/abd_eval300_formal_v1/task_status/A__4572b198-2c1c-4920-bcf0-95fcebe12261_8_34.json,f80e69e80b4ddc92195ed31666aae38f723b56026d8292a254ec9d3fb58814ca,616,content/abd_lineage/00_formal/raw_run/task_status/A__4572b198-2c1c-4920-bcf0-95fcebe12261_8_34.json,a8a7f04511980553e8e87e954e0506c636aae1a3ab2edf0109879ec0e6fdb3ab,518,ABD formal raw per-task/run record,absolute_personal_path_redaction_only,1
outputs/abd_eval300_formal_v1/task_status/A__6fd90f8d-7a4d-425d-a812-3268db0b0342_11_29.json,a730a6017f11c145771fb5275cca8029f8d024b675b076c66667dfaa60574e41,619,content/abd_lineage/00_formal/raw_run/task_status/A__6fd90f8d-7a4d-425d-a812-3268db0b0342_11_29.json,b54c59fad9c5aa4605d09ec7fd476972e9f2f12e0a13aa3789c196200f43b6da,521,ABD formal raw per-task/run record,absolute_personal_path_redaction_only,1
outputs/abd_eval300_formal_v1/task_status/A__6fd90f8d-7a4d-425d-a812-3268db0b0342_12_28.json,eddbe52bdfb2b2e6ea0d4da383ab755ae9ebf99472238bb515e2acb65ba75a79,619,content/abd_lineage/00_formal/raw_run/task_status/A__6fd90f8d-7a4d-425d-a812-3268db0b0342_12_28.json,0f9263acea595cfaa8d5567e3c1b206ad544851b277254fbb35e7439ed17263d,521,ABD formal raw per-task/run record,absolute_personal_path_redaction_only,1
outputs/abd_eval300_formal_v1/task_status/A__6fd90f8d-7a4d-425d-a812-3268db0b0342_13_2.json,65d02530f1d65f3993d924790f9fb6e7b2c3942d2e8918ef8e3e4662ec17d644,616,content/abd_lineage/00_formal/raw_run/task_status/A__6fd90f8d-7a4d-425d-a812-3268db0b0342_13_2.json,8081408ab69f911b9566e9b1fc4fccebdc218f033706b506c4f3ece937bfb5cd,518,ABD formal raw per-task/run record,absolute_personal_path_redaction_only,1
outputs/abd_eval300_formal_v1/task_status/A__6fd90f8d-7a4d-425d-a812-3268db0b0342_14_3.json,4ba3af59f6b0f0579b93c042e266f5c8c7223562041c2735843fa016718062d7,616,content/abd_lineage/00_formal/raw_run/task_status/A__6fd90f8d-7a4d-425d-a812-3268db0b0342_14_3.json,8004dcc4f2d3ca971aac10b400b875f98fa3e0fd842162830abc824982eab518,518,ABD formal raw per-task/run record,absolute_personal_path_redaction_only,1
outputs/abd_eval300_formal_v1/task_status/A__6fd90f8d-7a4d-425d-a812-3268db0b0342_14_4.json,cc265938550499e60bbda8738905a8f1d479f8501e87c9f08147788fdc395c7f,616,content/abd_lineage/00_formal/raw_run/task_status/A__6fd90f8d-7a4d-425d-a812-3268db0b0342_14_4.json,fb950b6661addf64392de23c1f74653b55ab5cdc8aea9b4970a10dae0ed4a8dc,518,ABD formal raw per-task/run record,absolute_personal_path_redaction_only,1
outputs/abd_eval300_formal_v1/task_status/A__6fd90f8d-7a4d-425d-a812-3268db0b0342_14_5.json,811b9dca21028d3f4e96c8a680724605a405ec0cd45b22d9d71aaed20a1a1ecc,616,content/abd_lineage/00_formal/raw_run/task_status/A__6fd90f8d-7a4d-425d-a812-3268db0b0342_14_5.json,73de72061bcc0321969c44e509cd75578ca9c6b81407aea155d9fe51740cfbce,518,ABD formal raw per-task/run record,absolute_personal_path_redaction_only,1
outputs/abd_eval300_formal_v1/task_status/A__6fd90f8d-7a4d-425d-a812-3268db0b0342_15_2.json,89a50a0ff0f7329e25d3545890e5a2ef82d311bf2d471c3290fd252aeabcbc4e,616,content/abd_lineage/00_formal/raw_run/task_status/A__6fd90f8d-7a4d-425d-a812-3268db0b0342_15_2.json,d992f858310a77c01edd6653fbb6f2b3cf471f790aecbeedc807213ce8dd5a2f,518,ABD formal raw per-task/run record,absolute_personal_path_redaction_only,1
outputs/abd_eval300_formal_v1/task_status/A__6fd90f8d-7a4d-425d-a812-3268db0b0342_16_3.json,6dcec63dedd9bd22caf2944fe76b34470c2b02d240d43f29be64e51f6c8c360f,616,content/abd_lineage/00_formal/raw_run/task_status/A__6fd90f8d-7a4d-425d-a812-3268db0b0342_16_3.json,2442c7f0a7760b2bc11f1d4f64f3a98c48ce21c43a6209833778ec84ac75fa6c,518,ABD formal raw per-task/run record,absolute_personal_path_redaction_only,1
outputs/abd_eval300_formal_v1/task_status/A__6fd90f8d-7a4d-425d-a812-3268db0b0342_16_4.json,7eb93902f99680b54803637d927fc889113f1bfc8a8d469b41dbbe187e5de5ef,616,content/abd_lineage/00_formal/raw_run/task_status/A__6fd90f8d-7a4d-425d-a812-3268db0b0342_16_4.json,d56916d1a41e4e18f7b2daaac6b3f7e076e72582f86f391ea960303f8237d45e,518,ABD formal raw per-task/run record,absolute_personal_path_redaction_only,1
outputs/abd_eval300_formal_v1/task_status/A__6fd90f8d-7a4d-425d-a812-3268db0b0342_16_5.json,7daaa03d8ee4d0a85c256b44d2d45c901cf5f4681fe429c30725a29dbc93f734,616,content/abd_lineage/00_formal/raw_run/task_status/A__6fd90f8d-7a4d-425d-a812-3268db0b0342_16_5.json,efd5ea5863e7ed9b5120d3c3bb838ef71cece36e5252517652f6327ab9e96464,518,ABD formal raw per-task/run record,absolute_personal_path_redaction_only,1
outputs/abd_eval300_formal_v1/task_status/A__6fd90f8d-7a4d-425d-a812-3268db0b0342_17_25.json,161baba37bf4e0cd7913baa36df592e0b89f1ac340492d14dcc7be9e9f5c5f46,619,content/abd_lineage/00_formal/raw_run/task_status/A__6fd90f8d-7a4d-425d-a812-3268db0b0342_17_25.json,ccad663e02749a4304e5223239b4725d2264f13499f43b1d30d7b1a848cbd7b2,521,ABD formal raw per-task/run record,absolute_personal_path_redaction_only,1
outputs/abd_eval300_formal_v1/task_status/A__6fd90f8d-7a4d-425d-a812-3268db0b0342_17_36.json,c411579dfcc1c82e99e8a94c568a4c0b59f68709d5ba3171e187de95311d816d,619,content/abd_lineage/00_formal/raw_run/task_status/A__6fd90f8d-7a4d-425d-a812-3268db0b0342_17_36.json,885ab1e3ef18e36686473282da8865b4bf418d1f8fc86a2b13873c710d7f3023,521,ABD formal raw per-task/run record,absolute_personal_path_redaction_only,1
outputs/abd_eval300_formal_v1/task_status/A__6fd90f8d-7a4d-425d-a812-3268db0b0342_17_5.json,51a04b947382ba1ab621e7f0f73a8926ee477e011e88241959161dae18fed236,616,content/abd_lineage/00_formal/raw_run/task_status/A__6fd90f8d-7a4d-425d-a812-3268db0b0342_17_5.json,69927fb48b5b84fc5ce3b5691c6d7bf976324836223629f28f0d17d82d4dab03,518,ABD formal raw per-task/run record,absolute_personal_path_redaction_only,1
outputs/abd_eval300_formal_v1/task_status/A__6fd90f8d-7a4d-425d-a812-3268db0b0342_18_16.json,4aeea36721dcac72c7e6fb13eda28f73b503425fb09df271b0ff7e955257c5e9,619,content/abd_lineage/00_formal/raw_run/task_status/A__6fd90f8d-7a4d-425d-a812-3268db0b0342_18_16.json,fa869bb6b4f54424b4f2559184e0c25213dc80f2792d622fedaab9916f7726f4,521,ABD formal raw per-task/run record,absolute_personal_path_redaction_only,1
outputs/abd_eval300_formal_v1/task_status/A__6fd90f8d-7a4d-425d-a812-3268db0b0342_18_17.json,e35425fa2211872d015be65195c1256b84e057748062ca337715359f63652b99,619,content/abd_lineage/00_formal/raw_run/task_status/A__6fd90f8d-7a4d-425d-a812-3268db0b0342_18_17.json,f5cac6781ea0b0a61aaec50d10e0354aafcf727c331829b63231ed3a5384db88,521,ABD formal raw per-task/run record,absolute_personal_path_redaction_only,1
outputs/abd_eval300_formal_v1/task_status/A__6fd90f8d-7a4d-425d-a812-3268db0b0342_1_1.json,06e63b47987c21071e3062f944d334afecf5b1148bbaddadf8c8b162b37a4f6d,613,content/abd_lineage/00_formal/raw_run/task_status/A__6fd90f8d-7a4d-425d-a812-3268db0b0342_1_1.json,2c20c2518db3da02b823bf006f34003f93559cebf3202a55b5adcbf31122a7d1,515,ABD formal raw per-task/run record,absolute_personal_path_redaction_only,1
outputs/abd_eval300_formal_v1/task_status/A__6fd90f8d-7a4d-425d-a812-3268db0b0342_21_11.json,0036647d128cfbd2cf215b9d73f8f405532cc52b9fd8c62f814c298f467e81df,619,content/abd_lineage/00_formal/raw_run/task_status/A__6fd90f8d-7a4d-425d-a812-3268db0b0342_21_11.json,26eb6b4d5c1ee3aab158b8d7720f2c12ae076573ed9e0ce021012faeefc91289,521,ABD formal raw per-task/run record,absolute_personal_path_redaction_only,1
outputs/abd_eval300_formal_v1/task_status/A__6fd90f8d-7a4d-425d-a812-3268db0b0342_3_32.json,dca89527ac72851d89542917ca9b4d731bb57de8f56e708171610482649cd21e,616,content/abd_lineage/00_formal/raw_run/task_status/A__6fd90f8d-7a4d-425d-a812-3268db0b0342_3_32.json,fd3835e475e1003fe459e5512517d17c4e494df497188a084b1a62a864b5b593,518,ABD formal raw per-task/run record,absolute_personal_path_redaction_only,1
outputs/abd_eval300_formal_v1/task_status/A__6fd90f8d-7a4d-425d-a812-3268db0b0342_4_1.json,ebeb72c699d4a1dbf3cf3bc356c0798ae430e14e9e18c285e065b2bc84c372d2,613,content/abd_lineage/00_formal/raw_run/task_status/A__6fd90f8d-7a4d-425d-a812-3268db0b0342_4_1.json,719d1733959220c4fcafa82997f7251c1e1203f613ccf9e9e54d0a46164f2f7a,515,ABD formal raw per-task/run record,absolute_personal_path_redaction_only,1
outputs/abd_eval300_formal_v1/task_status/A__6fd90f8d-7a4d-425d-a812-3268db0b0342_6_8.json,cdcceda2ee9891f862e4b056a85d330164d58a7c2b933e32b966f1ba3c31dab1,613,content/abd_lineage/00_formal/raw_run/task_status/A__6fd90f8d-7a4d-425d-a812-3268db0b0342_6_8.json,fa10eaa7d41c954eaa19b8da96f68fa34e738d1aa67e76faf3e3f2e72e96e183,515,ABD formal raw per-task/run record,absolute_personal_path_redaction_only,1
outputs/abd_eval300_formal_v1/task_status/A__6fd90f8d-7a4d-425d-a812-3268db0b0342_7_27.json,51dbbe88634c84fe57b2a8e426b69c8101c95c1a44ef0f0f6469ae00ed8868d8,616,content/abd_lineage/00_formal/raw_run/task_status/A__6fd90f8d-7a4d-425d-a812-3268db0b0342_7_27.json,3eca2994db86275d1dddf3df254462a5fcc4cfc6600753f13c4dd35ffc1d17a7,518,ABD formal raw per-task/run record,absolute_personal_path_redaction_only,1
outputs/abd_eval300_formal_v1/task_status/A__6fd90f8d-7a4d-425d-a812-3268db0b0342_7_7.json,a48261abe0ff4d235069aa809c3ddfdbdd985c1a1c207faa719d1249abfd7478,613,content/abd_lineage/00_formal/raw_run/task_status/A__6fd90f8d-7a4d-425d-a812-3268db0b0342_7_7.json,b21d85b8fbf1af7b71123a88e80a69c10bc9264331cd73bb18f4c45d15f52ab2,515,ABD formal raw per-task/run record,absolute_personal_path_redaction_only,1
outputs/abd_eval300_formal_v1/task_status/A__6fd90f8d-7a4d-425d-a812-3268db0b0342_8_10.json,0eab7680128239daf50ba6cc392787b9e59e9e8f86679be15f969163f13a9b1c,616,content/abd_lineage/00_formal/raw_run/task_status/A__6fd90f8d-7a4d-425d-a812-3268db0b0342_8_10.json,60a9bcff29508aaca461ff544dcff61301e9f17051b8aa39ca2ed57ce58935e3,518,ABD formal raw per-task/run record,absolute_personal_path_redaction_only,1
outputs/abd_eval300_formal_v1/task_status/A__6fd90f8d-7a4d-425d-a812-3268db0b0342_8_31.json,984f1dda23bb3596a4b315c93f09e6e5dde97b7f643023d08a9243293e472a53,616,content/abd_lineage/00_formal/raw_run/task_status/A__6fd90f8d-7a4d-425d-a812-3268db0b0342_8_31.json,f6185a192007876be8189dba8cbb06d9fc0abbd79ba51927989323a3293f2712,518,ABD formal raw per-task/run record,absolute_personal_path_redaction_only,1
outputs/abd_eval300_formal_v1/task_status/A__6fd90f8d-7a4d-425d-a812-3268db0b0342_8_9.json,e68936a02e6624a435b9b02a594b5555e7d5f2857123815739783d093a9f02f7,613,content/abd_lineage/00_formal/raw_run/task_status/A__6fd90f8d-7a4d-425d-a812-3268db0b0342_8_9.json,69505341fd4ff50f5612c1dc6a145c0302f89b7f85610ddfbeaa1c333e2a2e04,515,ABD formal raw per-task/run record,absolute_personal_path_redaction_only,1
outputs/abd_eval300_formal_v1/task_status/A__70f2a750-f403-41b8-aabb-480eb3ab4ed4_11_23.json,6c0a70127607f0d5fdb0f5e51b686db8b92a24d014b063e902f00287f0762561,619,content/abd_lineage/00_formal/raw_run/task_status/A__70f2a750-f403-41b8-aabb-480eb3ab4ed4_11_23.json,0680df97c4c69134a619d40f0beadedce1475801031eaef90c9e595234d55d26,521,ABD formal raw per-task/run record,absolute_personal_path_redaction_only,1
outputs/abd_eval300_formal_v1/task_status/A__70f2a750-f403-41b8-aabb-480eb3ab4ed4_11_7.json,74c2b4a26870d1e601c68dff65448d6df5684f9362585fde47f0d390c95860d4,616,content/abd_lineage/00_formal/raw_run/task_status/A__70f2a750-f403-41b8-aabb-480eb3ab4ed4_11_7.json,e2bb4e0b1dab604cc4a4f373176220a8ef22292c3b6db350463be9de24017616,518,ABD formal raw per-task/run record,absolute_personal_path_redaction_only,1
outputs/abd_eval300_formal_v1/task_status/A__70f2a750-f403-41b8-aabb-480eb3ab4ed4_12_17.json,dc94fdfc511ab15de5bf6a7c3a05381e395c3279843cbd671c3470f7eabb10f6,619,content/abd_lineage/00_formal/raw_run/task_status/A__70f2a750-f403-41b8-aabb-480eb3ab4ed4_12_17.json,de8a21b996bb094aeff66e71a562510e170acee245da85306d16b0ab3f502b7a,521,ABD formal raw per-task/run record,absolute_personal_path_redaction_only,1
outputs/abd_eval300_formal_v1/task_status/A__70f2a750-f403-41b8-aabb-480eb3ab4ed4_17_13.json,059fe1b25dc58ee1e1593d507d02b712822687677683919f882a2cec2a13942c,619,content/abd_lineage/00_formal/raw_run/task_status/A__70f2a750-f403-41b8-aabb-480eb3ab4ed4_17_13.json,ca509a7adff41634cd3d59f6fa07ceffb08368f0592151ccc30d03c3922d8165,521,ABD formal raw per-task/run record,absolute_personal_path_redaction_only,1
outputs/abd_eval300_formal_v1/task_status/A__70f2a750-f403-41b8-aabb-480eb3ab4ed4_17_14.json,f4f20d37942643d971c7825f90389b79d8170374f06543980d009a004e170f39,619,content/abd_lineage/00_formal/raw_run/task_status/A__70f2a750-f403-41b8-aabb-480eb3ab4ed4_17_14.json,1328e6dc5db5964959d68c0e57111933d776e10e13b6caae1466397a0ca6b9c7,521,ABD formal raw per-task/run record,absolute_personal_path_redaction_only,1
outputs/abd_eval300_formal_v1/task_status/A__70f2a750-f403-41b8-aabb-480eb3ab4ed4_17_16.json,4a4b1543e60490e0d8c5a9501c0be7dc8e5339ac36faaf3d866860e671b3eb2b,619,content/abd_lineage/00_formal/raw_run/task_status/A__70f2a750-f403-41b8-aabb-480eb3ab4ed4_17_16.json,04d48d23f31f4fb2d460d07d959ce72a097eeb462db7ba1a6ad98d92e640dbc9,521,ABD formal raw per-task/run record,absolute_personal_path_redaction_only,1
outputs/abd_eval300_formal_v1/task_status/A__70f2a750-f403-41b8-aabb-480eb3ab4ed4_17_30.json,f9fd254bd7e6baa0fae7fb863eb2b60b01e20e5e05b878341b033ed9783ae946,619,content/abd_lineage/00_formal/raw_run/task_status/A__70f2a750-f403-41b8-aabb-480eb3ab4ed4_17_30.json,f4da2a1c2c1f7c8d4aa9070471a77e43446b1179edcb8579a7c4190f5e4a00d1,521,ABD formal raw per-task/run record,absolute_personal_path_redaction_only,1
outputs/abd_eval300_formal_v1/task_status/A__70f2a750-f403-41b8-aabb-480eb3ab4ed4_17_31.json,01d3a518ad819f8628951b44fd6c26454e8f58a245137640d226f9322dddfbf7,619,content/abd_lineage/00_formal/raw_run/task_status/A__70f2a750-f403-41b8-aabb-480eb3ab4ed4_17_31.json,f19f37d4acd850f3cdff8ed097b452d332d8ea1ee8424a899990c8c7a0c58084,521,ABD formal raw per-task/run record,absolute_personal_path_redaction_only,1
outputs/abd_eval300_formal_v1/task_status/A__70f2a750-f403-41b8-aabb-480eb3ab4ed4_17_8.json,779a96a1e986b8288c384b4feff0ae52c8465a611ab8581d6aa317edfdc03e6a,616,content/abd_lineage/00_formal/raw_run/task_status/A__70f2a750-f403-41b8-aabb-480eb3ab4ed4_17_8.json,09aae8018705d69e7554c913d46b180efea412c3ba4e70fb45075f1cb0e99928,518,ABD formal raw per-task/run record,absolute_personal_path_redaction_only,1
outputs/abd_eval300_formal_v1/task_status/A__70f2a750-f403-41b8-aabb-480eb3ab4ed4_17_9.json,36463692be919189f4e249f5530ee235be47a7a2f06b16ce2e7dc0d0aad87124,616,content/abd_lineage/00_formal/raw_run/task_status/A__70f2a750-f403-41b8-aabb-480eb3ab4ed4_17_9.json,307e72a4e4effa5db03fb3d2f2e48c6532c989dca14299fe39a0c9b1f905151e,518,ABD formal raw per-task/run record,absolute_personal_path_redaction_only,1
outputs/abd_eval300_formal_v1/task_status/A__70f2a750-f403-41b8-aabb-480eb3ab4ed4_21_26.json,302fb59c50f075e45a6b899b4fa255a4277ae7429ba3cb3f83816c1a247ad950,619,content/abd_lineage/00_formal/raw_run/task_status/A__70f2a750-f403-41b8-aabb-480eb3ab4ed4_21_26.json,f8f7a23cb820c6914d40b065d43f7bde5f3b5b6656cfc164157d8f1eb3cf8357,521,ABD formal raw per-task/run record,absolute_personal_path_redaction_only,1
outputs/abd_eval300_formal_v1/task_status/A__70f2a750-f403-41b8-aabb-480eb3ab4ed4_22_10.json,7d7dc992875db2a1520c02de32da406d74cd5889267981071eeb21a7a6354956,619,content/abd_lineage/00_formal/raw_run/task_status/A__70f2a750-f403-41b8-aabb-480eb3ab4ed4_22_10.json,e97316e83501db6a423ef25260800c526cdf6869d5a75106911d563b33f30458,521,ABD formal raw per-task/run record,absolute_personal_path_redaction_only,1
outputs/abd_eval300_formal_v1/task_status/A__70f2a750-f403-41b8-aabb-480eb3ab4ed4_22_12.json,69ba9aa206ae5f2e205fdf3706cc5d6abc3a0d8d389c1ab5ca6445ba95d17738,619,content/abd_lineage/00_formal/raw_run/task_status/A__70f2a750-f403-41b8-aabb-480eb3ab4ed4_22_12.json,2fa4f240583911a9d77e32dbfbf83115259fde45ee1bfa80bbb477a0bad4321e,521,ABD formal raw per-task/run record,absolute_personal_path_redaction_only,1
outputs/abd_eval300_formal_v1/task_status/A__70f2a750-f403-41b8-aabb-480eb3ab4ed4_4_11.json,a86f4d5678c593252317c68e6c6ae4c7430f4542a769ebdc2fc43a7a58e4dce1,616,content/abd_lineage/00_formal/raw_run/task_status/A__70f2a750-f403-41b8-aabb-480eb3ab4ed4_4_11.json,d9df3b299e277bde1b2e68bda5c3c87c6dba136ad321f01e82ea58a50c175c1c,518,ABD formal raw per-task/run record,absolute_personal_path_redaction_only,1
outputs/abd_eval300_formal_v1/task_status/A__70f2a750-f403-41b8-aabb-480eb3ab4ed4_4_15.json,68109b0daef8b61fd016f36bc85684efc534faa1c76232640b931f2cd71731e3,616,content/abd_lineage/00_formal/raw_run/task_status/A__70f2a750-f403-41b8-aabb-480eb3ab4ed4_4_15.json,6d9bc0f65141bd40b49ef61ad61916a651219e0c78e195c49f0a7d215e84defa,518,ABD formal raw per-task/run record,absolute_personal_path_redaction_only,1
outputs/abd_eval300_formal_v1/task_status/A__70f2a750-f403-41b8-aabb-480eb3ab4ed4_4_20.json,1299c85127f39ff2c19bd0817888a6c34e3d8b5c8e3d03b19c42c4b975917978,616,content/abd_lineage/00_formal/raw_run/task_status/A__70f2a750-f403-41b8-aabb-480eb3ab4ed4_4_20.json,20b0d1fe11f301f5714ce2254c555465eaf2fa57b279f6980a654d5074a75ce0,518,ABD formal raw per-task/run record,absolute_personal_path_redaction_only,1
outputs/abd_eval300_formal_v1/task_status/A__70f2a750-f403-41b8-aabb-480eb3ab4ed4_4_27.json,cdbaf73741fcbd95936fa3ea537ba28d4cac00abe07318a73b8393ebd0d452ea,616,content/abd_lineage/00_formal/raw_run/task_status/A__70f2a750-f403-41b8-aabb-480eb3ab4ed4_4_27.json,6946e7dda7c4993489307e7b6a927b06733287fd09446440b2d0c6539c346aa9,518,ABD formal raw per-task/run record,absolute_personal_path_redaction_only,1
outputs/abd_eval300_formal_v1/task_status/A__70f2a750-f403-41b8-aabb-480eb3ab4ed4_4_6.json,db22eaa6fbd99e3f9e97cba08f12c59165819f4a3ccdf6eec2b1e92f45c16623,613,content/abd_lineage/00_formal/raw_run/task_status/A__70f2a750-f403-41b8-aabb-480eb3ab4ed4_4_6.json,81439b137d4ae0bf7342d4cacfd80e9ee271b9cda0a1e448b22ecfe84ccf442a,515,ABD formal raw per-task/run record,absolute_personal_path_redaction_only,1
outputs/abd_eval300_formal_v1/task_status/A__70f2a750-f403-41b8-aabb-480eb3ab4ed4_5_19.json,f2e4b875d1caf0fd41fba33ed2bc01f8bf96e2e37dd03b7b197d493f99da7305,616,content/abd_lineage/00_formal/raw_run/task_status/A__70f2a750-f403-41b8-aabb-480eb3ab4ed4_5_19.json,d19b9185e8bdd22d11cba0cda61a5de2862f86eb525040ee500724f662d4b682,518,ABD formal raw per-task/run record,absolute_personal_path_redaction_only,1
outputs/abd_eval300_formal_v1/task_status/A__70f2a750-f403-41b8-aabb-480eb3ab4ed4_6_32.json,c4870a764e7a383e2221f9036ad3ef5a520a176d85c752926a698c6c911dc95b,616,content/abd_lineage/00_formal/raw_run/task_status/A__70f2a750-f403-41b8-aabb-480eb3ab4ed4_6_32.json,b3efa6303622767c44d5235b1cca091f36850019ff435dfed867a4bd94108821,518,ABD formal raw per-task/run record,absolute_personal_path_redaction_only,1
outputs/abd_eval300_formal_v1/task_status/A__70f2a750-f403-41b8-aabb-480eb3ab4ed4_7_28.json,9afd5e5006da56dd74e968c34e035b642a31e70ee1328f62c5f517930d28306c,616,content/abd_lineage/00_formal/raw_run/task_status/A__70f2a750-f403-41b8-aabb-480eb3ab4ed4_7_28.json,4a464ad5cb1005afa1335ac874fa00bebf874a04ec140acecd6f983ce3129396,518,ABD formal raw per-task/run record,absolute_personal_path_redaction_only,1
outputs/abd_eval300_formal_v1/task_status/A__70f2a750-f403-41b8-aabb-480eb3ab4ed4_7_29.json,08b5185a97dd4df90a873d2e8a8367b1f19fdd8a7f4a75a71096a42ed9bd7624,616,content/abd_lineage/00_formal/raw_run/task_status/A__70f2a750-f403-41b8-aabb-480eb3ab4ed4_7_29.json,2215b4bfd4ad2011efc1c1fc429c3ba4a498e006ef35541d92a950cc95bcdb4c,518,ABD formal raw per-task/run record,absolute_personal_path_redaction_only,1
outputs/abd_eval300_formal_v1/task_status/A__70f2a750-f403-41b8-aabb-480eb3ab4ed4_7_4.json,584577e85080075b24c3ddba65d740300795fd86b6b68a31a8140332516abcd0,613,content/abd_lineage/00_formal/raw_run/task_status/A__70f2a750-f403-41b8-aabb-480eb3ab4ed4_7_4.json,63a58f0f2d57a4844f1f9986922af77dd6664b302557d4d5991381b3e90d17dc,515,ABD formal raw per-task/run record,absolute_personal_path_redaction_only,1
outputs/abd_eval300_formal_v1/task_status/A__70f2a750-f403-41b8-aabb-480eb3ab4ed4_7_5.json,29659eb9e5f999450378aacc3e41c6d6ac48a00e6a0276a2a975e291fa14986d,613,content/abd_lineage/00_formal/raw_run/task_status/A__70f2a750-f403-41b8-aabb-480eb3ab4ed4_7_5.json,b72b0c24d31148e02bab000bb0019e34e1b33a834d9eed1f5a5a9d2d5cbf8872,515,ABD formal raw per-task/run record,absolute_personal_path_redaction_only,1
outputs/abd_eval300_formal_v1/task_status/A__70f2a750-f403-41b8-aabb-480eb3ab4ed4_8_2.json,39ea41e811e63005a7eade69b3ab54b339e303a91824a5fce8baf553d6d0fd81,613,content/abd_lineage/00_formal/raw_run/task_status/A__70f2a750-f403-41b8-aabb-480eb3ab4ed4_8_2.json,ad3452a8827321efc7c53ee4fdbf6379b1c9fd1773f5f6eed891e11e104d1f37,515,ABD formal raw per-task/run record,absolute_personal_path_redaction_only,1
outputs/abd_eval300_formal_v1/task_status/A__71fbc5bf-7e2a-415d-86bc-3a948742e904_12_18.json,e8e7c1b2abfd260d23393132a847df33c9197d47985fd47d5251af8baa50427b,619,content/abd_lineage/00_formal/raw_run/task_status/A__71fbc5bf-7e2a-415d-86bc-3a948742e904_12_18.json,d218b8d15cac7229826fe078ccfb90bebdc9534d8cdaff7ef96c444bd08ad7fe,521,ABD formal raw per-task/run record,absolute_personal_path_redaction_only,1
outputs/abd_eval300_formal_v1/task_status/A__71fbc5bf-7e2a-415d-86bc-3a948742e904_17_10.json,ce264eec59d7e46afb06a7df41accc8d1e34a7555e8a30856e6cbb1978bb1085,619,content/abd_lineage/00_formal/raw_run/task_status/A__71fbc5bf-7e2a-415d-86bc-3a948742e904_17_10.json,3fd6793e3df823f825ea33e9fb728aae368648033376ba02048bc5065440b2b0,521,ABD formal raw per-task/run record,absolute_personal_path_redaction_only,1
outputs/abd_eval300_formal_v1/task_status/A__71fbc5bf-7e2a-415d-86bc-3a948742e904_17_13.json,d6ea87cfa025cfbb9ecced8a25417846b1b55fc0fea3302cd94bca927502d400,619,content/abd_lineage/00_formal/raw_run/task_status/A__71fbc5bf-7e2a-415d-86bc-3a948742e904_17_13.json,774ae2dfe6d90616bd9c3654114133ecef1385d8d8558552f8f6a68f97c95002,521,ABD formal raw per-task/run record,absolute_personal_path_redaction_only,1
outputs/abd_eval300_formal_v1/task_status/A__71fbc5bf-7e2a-415d-86bc-3a948742e904_17_25.json,5aab2c59a6e63c175db41325472faa18ab65b1e9bf7a94ce220d448a7b1d15e4,619,content/abd_lineage/00_formal/raw_run/task_status/A__71fbc5bf-7e2a-415d-86bc-3a948742e904_17_25.json,4a85da6b6086fd0bc1ef7ed9a4a0166d11c1f74e96fb91f1ebbf9dc4b0d97593,521,ABD formal raw per-task/run record,absolute_personal_path_redaction_only,1
outputs/abd_eval300_formal_v1/task_status/A__71fbc5bf-7e2a-415d-86bc-3a948742e904_22_23.json,063496bb0d2ba581d8adc8de145af7f597771706af5478eac1eb87148bd138fe,619,content/abd_lineage/00_formal/raw_run/task_status/A__71fbc5bf-7e2a-415d-86bc-3a948742e904_22_23.json,767b3e1312851d9d883430b1913be8f31566f9721c67eede8dda9f8066255ec3,521,ABD formal raw per-task/run record,absolute_personal_path_redaction_only,1
outputs/abd_eval300_formal_v1/task_status/A__71fbc5bf-7e2a-415d-86bc-3a948742e904_22_4.json,e6af099be4d871896238f3d994acef685c749d6d60417979761a8d1d91a4b153,616,content/abd_lineage/00_formal/raw_run/task_status/A__71fbc5bf-7e2a-415d-86bc-3a948742e904_22_4.json,f858670b83e3ffcb52c2c07cc910df7333b974e7a5ae6534e339eca121425ed9,518,ABD formal raw per-task/run record,absolute_personal_path_redaction_only,1
outputs/abd_eval300_formal_v1/task_status/A__71fbc5bf-7e2a-415d-86bc-3a948742e904_22_5.json,157477d3766028b1e5970f3ccea9c21f3893021a3259c0b0c0c6e45d3153e6e4,616,content/abd_lineage/00_formal/raw_run/task_status/A__71fbc5bf-7e2a-415d-86bc-3a948742e904_22_5.json,076ffd6aec8356306da708aca4ed3122d04c9c5eab5a0f4737a76b5ba32ae026,518,ABD formal raw per-task/run record,absolute_personal_path_redaction_only,1
outputs/abd_eval300_formal_v1/task_status/A__71fbc5bf-7e2a-415d-86bc-3a948742e904_3_7.json,80e292c236937935ace183a5a4f213f566b3b729b497c2587b2daeb8a073833f,613,content/abd_lineage/00_formal/raw_run/task_status/A__71fbc5bf-7e2a-415d-86bc-3a948742e904_3_7.json,69b26761caa41c0fb52854fb65c353a2482d1417ad4dac6093828b7fde30467d,515,ABD formal raw per-task/run record,absolute_personal_path_redaction_only,1
outputs/abd_eval300_formal_v1/task_status/A__71fbc5bf-7e2a-415d-86bc-3a948742e904_4_12.json,0ff71a5bf3e2bf7774e7add9a8a4ac00be4f4da72daffce99746edb9acd0de98,616,content/abd_lineage/00_formal/raw_run/task_status/A__71fbc5bf-7e2a-415d-86bc-3a948742e904_4_12.json,0123b764786491bc84a02eda73128d2cd971e3eedfd43253aecc9262c0fcd544,518,ABD formal raw per-task/run record,absolute_personal_path_redaction_only,1
outputs/abd_eval300_formal_v1/task_status/A__71fbc5bf-7e2a-415d-86bc-3a948742e904_4_22.json,5d3f75246ec8f81f4a5c30f8fa77c926ab63ae2c253033abadb5911dfc9daf49,616,content/abd_lineage/00_formal/raw_run/task_status/A__71fbc5bf-7e2a-415d-86bc-3a948742e904_4_22.json,4586f7b96ebf2bd16715d566737535fba3cae40dfc8d5fdaa931559a60813b26,518,ABD formal raw per-task/run record,absolute_personal_path_redaction_only,1
outputs/abd_eval300_formal_v1/task_status/A__71fbc5bf-7e2a-415d-86bc-3a948742e904_4_26.json,346fd5b9aafd82e48e48f6b3669c93b2aeb565a81dcf2781cac5ca90a5cfa0c6,616,content/abd_lineage/00_formal/raw_run/task_status/A__71fbc5bf-7e2a-415d-86bc-3a948742e904_4_26.json,cd17198409a3144c4745ac50c200b839212dab2d6f2b14d00640c9fd0017ef6e,518,ABD formal raw per-task/run record,absolute_personal_path_redaction_only,1
outputs/abd_eval300_formal_v1/task_status/A__71fbc5bf-7e2a-415d-86bc-3a948742e904_4_6.json,70d0d9a00bb4b685af4220dfe9d1bfde28716d67601800a0b3ac50e8a4a2ba89,613,content/abd_lineage/00_formal/raw_run/task_status/A__71fbc5bf-7e2a-415d-86bc-3a948742e904_4_6.json,bcdb5aabc77cd530146d0d8f368a8395d7dcba174018c0458b72b41b075919a2,515,ABD formal raw per-task/run record,absolute_personal_path_redaction_only,1
outputs/abd_eval300_formal_v1/task_status/A__71fbc5bf-7e2a-415d-86bc-3a948742e904_5_15.json,c23c25ea6c1eef536b45ca0dcd927bb4bf52f7cfc071948f9a5f45dc37f3d7c1,616,content/abd_lineage/00_formal/raw_run/task_status/A__71fbc5bf-7e2a-415d-86bc-3a948742e904_5_15.json,a672e04de1e85b991509a98fa3635053df104e9134ba37fb4a1e5d8d1d52c19b,518,ABD formal raw per-task/run record,absolute_personal_path_redaction_only,1
outputs/abd_eval300_formal_v1/task_status/A__71fbc5bf-7e2a-415d-86bc-3a948742e904_5_27.json,e7aed286f70239771db57f65f415124d2e4f6cb0117125e783606d293d349384,616,content/abd_lineage/00_formal/raw_run/task_status/A__71fbc5bf-7e2a-415d-86bc-3a948742e904_5_27.json,65f14606c2d965eec820cbd1ea035410f9c55fd13a43bd638d28cdba8a3b4414,518,ABD formal raw per-task/run record,absolute_personal_path_redaction_only,1
outputs/abd_eval300_formal_v1/task_status/A__71fbc5bf-7e2a-415d-86bc-3a948742e904_6_14.json,bf9f4bc06f42eb296ccc6ae36bd2de181812ef2551b4b127823817856e1a1e64,616,content/abd_lineage/00_formal/raw_run/task_status/A__71fbc5bf-7e2a-415d-86bc-3a948742e904_6_14.json,a52554643a95b4521d128d5f8473932f886fe944846b2ec9e1506609869e7871,518,ABD formal raw per-task/run record,absolute_personal_path_redaction_only,1
outputs/abd_eval300_formal_v1/task_status/A__71fbc5bf-7e2a-415d-86bc-3a948742e904_7_11.json,11762e1760ba90b6c54a3a1145a6c716d4f96c45ec268bcbdc12ed848bbef474,616,content/abd_lineage/00_formal/raw_run/task_status/A__71fbc5bf-7e2a-415d-86bc-3a948742e904_7_11.json,f0dfaf177ad8ca3aa240fc2bfc9af36dabe18631652702b9f5bdbf0eae36009a,518,ABD formal raw per-task/run record,absolute_personal_path_redaction_only,1
outputs/abd_eval300_formal_v1/task_status/A__71fbc5bf-7e2a-415d-86bc-3a948742e904_7_17.json,7bd60c033fb71cc7d0e851312ef05f40987f572386ac68b05d939bd01474734f,616,content/abd_lineage/00_formal/raw_run/task_status/A__71fbc5bf-7e2a-415d-86bc-3a948742e904_7_17.json,e4c551eae4e1b6285f42f699ecfa6f8a4b3a9c283369f81d7dfac77d7e920476,518,ABD formal raw per-task/run record,absolute_personal_path_redaction_only,1
outputs/abd_eval300_formal_v1/task_status/A__71fbc5bf-7e2a-415d-86bc-3a948742e904_7_19.json,c23e7a48432b7683ea431d8b4d83b756431b0917fd94fee320651f035ce1058a,616,content/abd_lineage/00_formal/raw_run/task_status/A__71fbc5bf-7e2a-415d-86bc-3a948742e904_7_19.json,22f1fca723a59fc4d6680db90ba474d08df1b83456bbb3ab979004faba304c13,518,ABD formal raw per-task/run record,absolute_personal_path_redaction_only,1
outputs/abd_eval300_formal_v1/task_status/A__71fbc5bf-7e2a-415d-86bc-3a948742e904_7_2.json,79f811553b7a2a4e55836dd0c68add40645eb4b44f71eb5ecfe41f66637146c9,613,content/abd_lineage/00_formal/raw_run/task_status/A__71fbc5bf-7e2a-415d-86bc-3a948742e904_7_2.json,88a7df4dcc2fe7841e699a05d3c160d5e7bb3b15a948bc702471c7b3b9e41d4c,515,ABD formal raw per-task/run record,absolute_personal_path_redaction_only,1
outputs/abd_eval300_formal_v1/task_status/A__71fbc5bf-7e2a-415d-86bc-3a948742e904_7_24.json,ad5cbd4dcff797cd080dfb495c1e711bece4e7e69581a3fe6d6ad6d7be1118c8,616,content/abd_lineage/00_formal/raw_run/task_status/A__71fbc5bf-7e2a-415d-86bc-3a948742e904_7_24.json,1545e97612074ff56cae01698908e349457e28d38116eaaf5e98584323e9c713,518,ABD formal raw per-task/run record,absolute_personal_path_redaction_only,1
outputs/abd_eval300_formal_v1/task_status/A__71fbc5bf-7e2a-415d-86bc-3a948742e904_7_3.json,45a7470d18078b1e1e5164b06c880d02870b0510d419a227dd3d9a92d5b32b95,613,content/abd_lineage/00_formal/raw_run/task_status/A__71fbc5bf-7e2a-415d-86bc-3a948742e904_7_3.json,58a1510353d924c8ca8b19802cf0f6c2c422c94c06fb0ffdbe9b30b362c91d60,515,ABD formal raw per-task/run record,absolute_personal_path_redaction_only,1
outputs/abd_eval300_formal_v1/task_status/A__71fbc5bf-7e2a-415d-86bc-3a948742e904_7_9.json,4515d09f60835fa8ad6a0823ac88d83d2ff5c0e46933300b658fb318ae527c53,613,content/abd_lineage/00_formal/raw_run/task_status/A__71fbc5bf-7e2a-415d-86bc-3a948742e904_7_9.json,6f6978cd594a6c11300928e63cb5c327111fc6294b0688bfe2c00ecf1e0c9938,515,ABD formal raw per-task/run record,absolute_personal_path_redaction_only,1
outputs/abd_eval300_formal_v1/task_status/A__71fbc5bf-7e2a-415d-86bc-3a948742e904_8_1.json,84d6f32c1aa2c16cbe48b9296230a00ee3db232eb191fa61bc098e4cff1edb50,613,content/abd_lineage/00_formal/raw_run/task_status/A__71fbc5bf-7e2a-415d-86bc-3a948742e904_8_1.json,0da04318dc8c4120cab2e756cc20dd2c02f018a489606b74162a894e62154942,515,ABD formal raw per-task/run record,absolute_personal_path_redaction_only,1
outputs/abd_eval300_formal_v1/task_status/A__71fbc5bf-7e2a-415d-86bc-3a948742e904_8_20.json,a2344179628cae97ffa7b6675c9f2ec6466c15c865f05a436a9a0026ee9fe76c,616,content/abd_lineage/00_formal/raw_run/task_status/A__71fbc5bf-7e2a-415d-86bc-3a948742e904_8_20.json,9afe0265349be87739b80a068221e38e47a07924dd32760df10f1a5dcef87da2,518,ABD formal raw per-task/run record,absolute_personal_path_redaction_only,1
outputs/abd_eval300_formal_v1/task_status/A__71fbc5bf-7e2a-415d-86bc-3a948742e904_8_8.json,d5d1a46e43bff30894748664004bd10291f37bf90f96859fa164b37964c7e9b0,613,content/abd_lineage/00_formal/raw_run/task_status/A__71fbc5bf-7e2a-415d-86bc-3a948742e904_8_8.json,befabd0a2e7c3468ae3a5267d6e08460942492222045b8f77493f2f029950951,515,ABD formal raw per-task/run record,absolute_personal_path_redaction_only,1
outputs/abd_eval300_formal_v1/task_status/A__7ddbf8a2-5b3e-44cd-b9dc-db17ec06831b_11_12.json,24c28aedf142a94fedd912e5fad17281cef3a8b71fbc280b122175d35448ec26,619,content/abd_lineage/00_formal/raw_run/task_status/A__7ddbf8a2-5b3e-44cd-b9dc-db17ec06831b_11_12.json,19a959d890a4f89a9a83435d0269b5f26760bcacaaafb03ae02252daf4130b9a,521,ABD formal raw per-task/run record,absolute_personal_path_redaction_only,1
outputs/abd_eval300_formal_v1/task_status/A__7ddbf8a2-5b3e-44cd-b9dc-db17ec06831b_11_14.json,9c0e10c3b64d64705cee6b7319c9dd77b70919996d7ed86ae23087d85280f841,619,content/abd_lineage/00_formal/raw_run/task_status/A__7ddbf8a2-5b3e-44cd-b9dc-db17ec06831b_11_14.json,f850cfbca9d5dd9423640f9e7489cbf31ddd45a79c3601959608243cdc0608fd,521,ABD formal raw per-task/run record,absolute_personal_path_redaction_only,1
outputs/abd_eval300_formal_v1/task_status/A__7ddbf8a2-5b3e-44cd-b9dc-db17ec06831b_11_17.json,519d33c4d5d9d91c0ec515261dcf7ac25f93df207c3de868479d3a369bb57a0c,619,content/abd_lineage/00_formal/raw_run/task_status/A__7ddbf8a2-5b3e-44cd-b9dc-db17ec06831b_11_17.json,df000cdea6f85842907e0b6935f6289d2526b42e4cc402f20697b3afee4b327e,521,ABD formal raw per-task/run record,absolute_personal_path_redaction_only,1
outputs/abd_eval300_formal_v1/task_status/A__7ddbf8a2-5b3e-44cd-b9dc-db17ec06831b_17_15.json,be2ffadfbbbc5c1c0d6a34d92a18febfb6a82f0d80be4e6bf768e15291fd31eb,619,content/abd_lineage/00_formal/raw_run/task_status/A__7ddbf8a2-5b3e-44cd-b9dc-db17ec06831b_17_15.json,cc478ce6665addbf98eaf2e4ab73364c71c58a3bb6ffd7563df5a86a88d827a3,521,ABD formal raw per-task/run record,absolute_personal_path_redaction_only,1
outputs/abd_eval300_formal_v1/task_status/A__7ddbf8a2-5b3e-44cd-b9dc-db17ec06831b_17_6.json,17ff261ab3c0180b79c8ec78942e04806ccb3d69bb67de21d8bc7e37d642e83b,616,content/abd_lineage/00_formal/raw_run/task_status/A__7ddbf8a2-5b3e-44cd-b9dc-db17ec06831b_17_6.json,5234c4adf386b204bbaa9b84ca77233946ba9caf929aae756939613cc8be69a5,518,ABD formal raw per-task/run record,absolute_personal_path_redaction_only,1
outputs/abd_eval300_formal_v1/task_status/A__7ddbf8a2-5b3e-44cd-b9dc-db17ec06831b_22_23.json,4945888c8912696c23eb16fcd4ff319c048b0ad258ea0969520d91d896226711,619,content/abd_lineage/00_formal/raw_run/task_status/A__7ddbf8a2-5b3e-44cd-b9dc-db17ec06831b_22_23.json,ca118fbde8aa6a6004921846a48c1ddfbafacdc83add0e2a317ac16685c2a904,521,ABD formal raw per-task/run record,absolute_personal_path_redaction_only,1
outputs/abd_eval300_formal_v1/task_status/A__7ddbf8a2-5b3e-44cd-b9dc-db17ec06831b_22_3.json,b84ebbd7c704fcc7a92b4b5d7f7ab2576240b0104fd133ebbf1e35fd060dea6c,616,content/abd_lineage/00_formal/raw_run/task_status/A__7ddbf8a2-5b3e-44cd-b9dc-db17ec06831b_22_3.json,f77677a5fdb9524971251fa8b065c48ec228072b9d12b5e6cb822772cdc88da9,518,ABD formal raw per-task/run record,absolute_personal_path_redaction_only,1
outputs/abd_eval300_formal_v1/task_status/A__7ddbf8a2-5b3e-44cd-b9dc-db17ec06831b_4_19.json,710c69ac63c2615def7b0eb7eebd5bf0aff9ea776021c89069ca090e294019dd,616,content/abd_lineage/00_formal/raw_run/task_status/A__7ddbf8a2-5b3e-44cd-b9dc-db17ec06831b_4_19.json,01f65f948995329a3e87b2e12f648f840ba33035a29b2e2b66fb2cdad392c91b,518,ABD formal raw per-task/run record,absolute_personal_path_redaction_only,1
outputs/abd_eval300_formal_v1/task_status/A__7ddbf8a2-5b3e-44cd-b9dc-db17ec06831b_4_2.json,524cc4d8a4e016dd53a4309c7a4a0fd743949970223e071f1aa3b36ec7a70365,613,content/abd_lineage/00_formal/raw_run/task_status/A__7ddbf8a2-5b3e-44cd-b9dc-db17ec06831b_4_2.json,e08623a58b580a63e0c6836fce528bf8a1cb3e063b6d69fedbf185976a322427,515,ABD formal raw per-task/run record,absolute_personal_path_redaction_only,1
outputs/abd_eval300_formal_v1/task_status/A__7ddbf8a2-5b3e-44cd-b9dc-db17ec06831b_4_24.json,68df5651fe06c68d93f320c01ae7f6660e8c41e83f32ac3a69fd19fad1665d6c,616,content/abd_lineage/00_formal/raw_run/task_status/A__7ddbf8a2-5b3e-44cd-b9dc-db17ec06831b_4_24.json,c97f209f2d91cd5119d9bbba8e799cb1dfb6b292140763f0f0fbd5c2674f00be,518,ABD formal raw per-task/run record,absolute_personal_path_redaction_only,1
outputs/abd_eval300_formal_v1/task_status/A__7ddbf8a2-5b3e-44cd-b9dc-db17ec06831b_4_9.json,9447a8e5c13b25c1436a3589bb810415224cc58119fb9f81d4a684933b9b5b2f,613,content/abd_lineage/00_formal/raw_run/task_status/A__7ddbf8a2-5b3e-44cd-b9dc-db17ec06831b_4_9.json,96ed2e09567f9b9d8f98c23d28be30cfe8eebcb05cd7d39941fadbfc59a52857,515,ABD formal raw per-task/run record,absolute_personal_path_redaction_only,1
outputs/abd_eval300_formal_v1/task_status/A__7ddbf8a2-5b3e-44cd-b9dc-db17ec06831b_5_1.json,2946abd27578f1feef99562e53082009f368768035352f71858ea81278c305ed,613,content/abd_lineage/00_formal/raw_run/task_status/A__7ddbf8a2-5b3e-44cd-b9dc-db17ec06831b_5_1.json,f28850fde42472e65d26594b9d1c05bf4b580e07764b7550310b68b4d5f873ba,515,ABD formal raw per-task/run record,absolute_personal_path_redaction_only,1
outputs/abd_eval300_formal_v1/task_status/A__7ddbf8a2-5b3e-44cd-b9dc-db17ec06831b_5_22.json,7f68d61f981db110c9183c3c0e620d644a074b5b13c7d89d1f1770569d2d0d93,616,content/abd_lineage/00_formal/raw_run/task_status/A__7ddbf8a2-5b3e-44cd-b9dc-db17ec06831b_5_22.json,6dd7857126f285d48a3eb5338402bd8f5e3f7e811ac476d9b9021835601172fb,518,ABD formal raw per-task/run record,absolute_personal_path_redaction_only,1
outputs/abd_eval300_formal_v1/task_status/A__7ddbf8a2-5b3e-44cd-b9dc-db17ec06831b_6_7.json,b53bb1342d535d17c38f3e9a6c9d1507b5890a5432e1a5e3dbe74af9255522a5,613,content/abd_lineage/00_formal/raw_run/task_status/A__7ddbf8a2-5b3e-44cd-b9dc-db17ec06831b_6_7.json,42c4aa8aa2ce486a3d7464c8fdce023e6bf128316095b7ead303023e3ea061f7,515,ABD formal raw per-task/run record,absolute_personal_path_redaction_only,1
outputs/abd_eval300_formal_v1/task_status/A__7ddbf8a2-5b3e-44cd-b9dc-db17ec06831b_6_8.json,0b58a780d5894e016e6b4386d34496f25441e58d974acfc0c9ab9aadf638f399,613,content/abd_lineage/00_formal/raw_run/task_status/A__7ddbf8a2-5b3e-44cd-b9dc-db17ec06831b_6_8.json,edaf7ef04e619d78a67d500bc068a690a8a308e5b2e37aef3606abc7c7da039d,515,ABD formal raw per-task/run record,absolute_personal_path_redaction_only,1
outputs/abd_eval300_formal_v1/task_status/A__7ddbf8a2-5b3e-44cd-b9dc-db17ec06831b_7_11.json,a2ca60d361adfaecb87d3425fcae1f2435c66c00def1e314d0f51ed062038594,616,content/abd_lineage/00_formal/raw_run/task_status/A__7ddbf8a2-5b3e-44cd-b9dc-db17ec06831b_7_11.json,ed5ce77a6010d47a01dab33bbc9708bc596a21a6348ac4935e08b358476b0893,518,ABD formal raw per-task/run record,absolute_personal_path_redaction_only,1
outputs/abd_eval300_formal_v1/task_status/A__7ddbf8a2-5b3e-44cd-b9dc-db17ec06831b_7_16.json,d6d5a817afb5290c5665bfa9cddef70f0b8bd6348e046657a48e03de8354e8f2,616,content/abd_lineage/00_formal/raw_run/task_status/A__7ddbf8a2-5b3e-44cd-b9dc-db17ec06831b_7_16.json,75f06d119b786626bddeb35dd3d0a1d1b713f544a1edee27a70963f515f9a0bd,518,ABD formal raw per-task/run record,absolute_personal_path_redaction_only,1
outputs/abd_eval300_formal_v1/task_status/A__7ddbf8a2-5b3e-44cd-b9dc-db17ec06831b_7_21.json,e1a2e7e915b0a8e5442fe80bcf8665923eddd63317f7feaf12011228b57ce0a1,616,content/abd_lineage/00_formal/raw_run/task_status/A__7ddbf8a2-5b3e-44cd-b9dc-db17ec06831b_7_21.json,6891630636d1ce9a9cfa8682baf5184e12ae6a4d4172807e6fc5482483e2a919,518,ABD formal raw per-task/run record,absolute_personal_path_redaction_only,1
outputs/abd_eval300_formal_v1/task_status/A__7ddbf8a2-5b3e-44cd-b9dc-db17ec06831b_7_4.json,29f727eb109825936e29fbfca0951bf5c82e55e5bd3008bff33d26cdb5c1cb1a,613,content/abd_lineage/00_formal/raw_run/task_status/A__7ddbf8a2-5b3e-44cd-b9dc-db17ec06831b_7_4.json,662a7cf537aae187c8a982b2b11d56afa94f239524e61beb2a4a654325b76f77,515,ABD formal raw per-task/run record,absolute_personal_path_redaction_only,1
outputs/abd_eval300_formal_v1/task_status/A__7ddbf8a2-5b3e-44cd-b9dc-db17ec06831b_7_5.json,2371b5faead3d3004704ffe2d298ad57b88ba8d9560c9f66e0b85ad8256d8f09,613,content/abd_lineage/00_formal/raw_run/task_status/A__7ddbf8a2-5b3e-44cd-b9dc-db17ec06831b_7_5.json,cf0c4a1f28eafdb26461240f32712fa86713df652ee7e6691365fc91e65be299,515,ABD formal raw per-task/run record,absolute_personal_path_redaction_only,1
outputs/abd_eval300_formal_v1/task_status/A__7ddbf8a2-5b3e-44cd-b9dc-db17ec06831b_8_10.json,ad749b07029d7caa2eb57be2d10898c06abd6a6cdc1db8b939663f856f91b4e9,616,content/abd_lineage/00_formal/raw_run/task_status/A__7ddbf8a2-5b3e-44cd-b9dc-db17ec06831b_8_10.json,69c70a3a155dde1fd35f7729fe2241f87c9972e82e0fff32c5ed3fb0cdb7f3ac,518,ABD formal raw per-task/run record,absolute_personal_path_redaction_only,1
outputs/abd_eval300_formal_v1/task_status/A__7ddbf8a2-5b3e-44cd-b9dc-db17ec06831b_8_13.json,eed984db3c83819bc9e395837ce6e3110d0d9240d2e5f0003f03cecff989a6d6,616,content/abd_lineage/00_formal/raw_run/task_status/A__7ddbf8a2-5b3e-44cd-b9dc-db17ec06831b_8_13.json,c8e45a3cd2afdeb38567423f917da6be43cd4dbf22cb99ea7775c9581f766996,518,ABD formal raw per-task/run record,absolute_personal_path_redaction_only,1
outputs/abd_eval300_formal_v1/task_status/A__7ddbf8a2-5b3e-44cd-b9dc-db17ec06831b_8_18.json,58fd97bf50f3021377a3e1d618c14ead19fc96fd9c761ba065676b65100f79ac,616,content/abd_lineage/00_formal/raw_run/task_status/A__7ddbf8a2-5b3e-44cd-b9dc-db17ec06831b_8_18.json,de55f75bcbc7b4a9fcffd592884c32e2a7d69eaabafb4b1457b6da51cd21e314,518,ABD formal raw per-task/run record,absolute_personal_path_redaction_only,1
outputs/abd_eval300_formal_v1/task_status/A__7ddbf8a2-5b3e-44cd-b9dc-db17ec06831b_8_20.json,f345d181ed7b9c780874ab79206e87351b54f01b274854116b2ce2964523fd2e,616,content/abd_lineage/00_formal/raw_run/task_status/A__7ddbf8a2-5b3e-44cd-b9dc-db17ec06831b_8_20.json,ca7e3c8dd25093bdae2150636d67dbd1cbca05cdeca2cd51aa11c7fd89f2f79f,518,ABD formal raw per-task/run record,absolute_personal_path_redaction_only,1
outputs/abd_eval300_formal_v1/task_status/A__7ddbf8a2-5b3e-44cd-b9dc-db17ec06831b_8_25.json,ab6a5bad73a0b8219c2d4c98a87b0e296157f30fcc974b748aedefb5f2220b36,616,content/abd_lineage/00_formal/raw_run/task_status/A__7ddbf8a2-5b3e-44cd-b9dc-db17ec06831b_8_25.json,5bbc1a968ec4cd7c9f2df8ed37c96f545139b2ae5f75fdb4696d586bc7b77a99,518,ABD formal raw per-task/run record,absolute_personal_path_redaction_only,1
outputs/abd_eval300_formal_v1/task_status/A__7e512589-aa97-41e8-83d3-af2e83e4fd06_11_14.json,b3e2309d67eb18f6a990a44e9f37d47c749e20e8ba74dc5a8593813bb368bcd3,619,content/abd_lineage/00_formal/raw_run/task_status/A__7e512589-aa97-41e8-83d3-af2e83e4fd06_11_14.json,ca5b41a1c7f87d908a75b3401d8c70bb54980a0f9cf231ddd3cb8241e6ba12fb,521,ABD formal raw per-task/run record,absolute_personal_path_redaction_only,1
outputs/abd_eval300_formal_v1/task_status/A__7e512589-aa97-41e8-83d3-af2e83e4fd06_11_18.json,a9fd0cf640730b20901a4424d750c2ffd104ec42bff2a956f476e3a6f788c04c,619,content/abd_lineage/00_formal/raw_run/task_status/A__7e512589-aa97-41e8-83d3-af2e83e4fd06_11_18.json,c6245802092e5850e94a4adfbf0c2eed749787c02d6e6b338e4ae1cdb342e869,521,ABD formal raw per-task/run record,absolute_personal_path_redaction_only,1
outputs/abd_eval300_formal_v1/task_status/A__7e512589-aa97-41e8-83d3-af2e83e4fd06_11_24.json,ddf61098056faf89f609ada3f9b2ecda455026a69da852003e9ce4f999b35086,619,content/abd_lineage/00_formal/raw_run/task_status/A__7e512589-aa97-41e8-83d3-af2e83e4fd06_11_24.json,0c61e4e36e5048aed4d270489d4d0777609d000dde400fed9c0374790e9184e9,521,ABD formal raw per-task/run record,absolute_personal_path_redaction_only,1
outputs/abd_eval300_formal_v1/task_status/A__7e512589-aa97-41e8-83d3-af2e83e4fd06_17_10.json,4b1a2cd373303cfdeb009f084051af1fb693831ced9fc60f55f03b8f1e15872a,619,content/abd_lineage/00_formal/raw_run/task_status/A__7e512589-aa97-41e8-83d3-af2e83e4fd06_17_10.json,7b934bcce69c95816c5f3beb2f7255981955f2f5b498b163d05fd86abd52ca41,521,ABD formal raw per-task/run record,absolute_personal_path_redaction_only,1
outputs/abd_eval300_formal_v1/task_status/A__7e512589-aa97-41e8-83d3-af2e83e4fd06_17_16.json,837c686cbc0e1b7f12f115a893cf23aba59e62531fc6a55b167d34f57c2f5e98,619,content/abd_lineage/00_formal/raw_run/task_status/A__7e512589-aa97-41e8-83d3-af2e83e4fd06_17_16.json,7a6c8ca36c9ee102f0722ad3ebaa03e9355dd052ae1a7e356f385de45959f45d,521,ABD formal raw per-task/run record,absolute_personal_path_redaction_only,1
outputs/abd_eval300_formal_v1/task_status/A__7e512589-aa97-41e8-83d3-af2e83e4fd06_17_2.json,ea89511307d49c4ef1250da6a1315830027149402d4d244e028c0bd475578698,616,content/abd_lineage/00_formal/raw_run/task_status/A__7e512589-aa97-41e8-83d3-af2e83e4fd06_17_2.json,c12a6e3d0b4b9b754d0d074d72b5330ab5f9007b6a9eb816231c62ee9c015138,518,ABD formal raw per-task/run record,absolute_personal_path_redaction_only,1
outputs/abd_eval300_formal_v1/task_status/A__7e512589-aa97-41e8-83d3-af2e83e4fd06_17_30.json,350ea7094896bdcc826cd44fbea9079c562f7ba4e921d72bd30bc7768438fa6a,619,content/abd_lineage/00_formal/raw_run/task_status/A__7e512589-aa97-41e8-83d3-af2e83e4fd06_17_30.json,073f039f1a5e2fe47ec7ee61e1106b607008286690d53fc724d11549813a8b62,521,ABD formal raw per-task/run record,absolute_personal_path_redaction_only,1
outputs/abd_eval300_formal_v1/task_status/A__7e512589-aa97-41e8-83d3-af2e83e4fd06_17_34.json,3f6b3a69c0c3e994bcfdbd0dbe9b8ceae85b5f66a31a3e8e60963826663491da,619,content/abd_lineage/00_formal/raw_run/task_status/A__7e512589-aa97-41e8-83d3-af2e83e4fd06_17_34.json,c6181ff881fe387b84b2bbdbc1cee04663f0572358ada0498d81e40d632fed4c,521,ABD formal raw per-task/run record,absolute_personal_path_redaction_only,1
outputs/abd_eval300_formal_v1/task_status/A__7e512589-aa97-41e8-83d3-af2e83e4fd06_21_19.json,34a029353577825a0a10e6f692e6d4ee1b8370756c8b8aecedecc43c1205b23b,619,content/abd_lineage/00_formal/raw_run/task_status/A__7e512589-aa97-41e8-83d3-af2e83e4fd06_21_19.json,70d4870dd5ebf3d0d0f9eb00836f48f70084c03ac8e74ca023be731a25140f87,521,ABD formal raw per-task/run record,absolute_personal_path_redaction_only,1
outputs/abd_eval300_formal_v1/task_status/A__7e512589-aa97-41e8-83d3-af2e83e4fd06_22_11.json,4908211977021b3b346d17ed6835aba17796db4eea651ae4ccf05e29f347e896,619,content/abd_lineage/00_formal/raw_run/task_status/A__7e512589-aa97-41e8-83d3-af2e83e4fd06_22_11.json,e7d9e7e78a00dc7a259c642d460a27923e0e2f0961c52e6899c3a24a44cc0bca,521,ABD formal raw per-task/run record,absolute_personal_path_redaction_only,1
outputs/abd_eval300_formal_v1/task_status/A__7e512589-aa97-41e8-83d3-af2e83e4fd06_22_8.json,fbdddb03a4653c6ed496841f2e0d6641e03c560c2063800f676199f26a395783,616,content/abd_lineage/00_formal/raw_run/task_status/A__7e512589-aa97-41e8-83d3-af2e83e4fd06_22_8.json,180753029dc3bc7cf2e1811044d539f041bc93b9f878c3e5904c713756ad1c83,518,ABD formal raw per-task/run record,absolute_personal_path_redaction_only,1
outputs/abd_eval300_formal_v1/task_status/A__7e512589-aa97-41e8-83d3-af2e83e4fd06_23_28.json,104d1ef04d688c48b474a32cd9a8acea2ae31c91af272d033abdfed347d36db1,619,content/abd_lineage/00_formal/raw_run/task_status/A__7e512589-aa97-41e8-83d3-af2e83e4fd06_23_28.json,3b41bdf4c3d71a2bc770835d6ba5ae1b49d9fe3cd214fd28cb2e84fa7e937be1,521,ABD formal raw per-task/run record,absolute_personal_path_redaction_only,1
outputs/abd_eval300_formal_v1/task_status/A__7e512589-aa97-41e8-83d3-af2e83e4fd06_3_21.json,58a53873ff61d334b93b84c8d7ea2b896c2806d98ce6770154ea8a416ffb2ba9,616,content/abd_lineage/00_formal/raw_run/task_status/A__7e512589-aa97-41e8-83d3-af2e83e4fd06_3_21.json,e69374fae0fd6d2cd15b54d969329e7de7d243d03ce4840d38acb6b423ece5f8,518,ABD formal raw per-task/run record,absolute_personal_path_redaction_only,1
outputs/abd_eval300_formal_v1/task_status/A__7e512589-aa97-41e8-83d3-af2e83e4fd06_3_26.json,5bdc3d319dc4f1e0cbba72565cd74b72d2db155df293befcb1bc922a20b5dec5,616,content/abd_lineage/00_formal/raw_run/task_status/A__7e512589-aa97-41e8-83d3-af2e83e4fd06_3_26.json,924035b584670accea437008e7969a788f766b481bd0ef4113bf7a71593307b5,518,ABD formal raw per-task/run record,absolute_personal_path_redaction_only,1
outputs/abd_eval300_formal_v1/task_status/A__7e512589-aa97-41e8-83d3-af2e83e4fd06_4_3.json,66872c0deaaafe2475d200e977e1be40d5e663ce4d8639c34e21e7573c7ea3b4,613,content/abd_lineage/00_formal/raw_run/task_status/A__7e512589-aa97-41e8-83d3-af2e83e4fd06_4_3.json,aba23cefbd4658adad9e5286fd82bd77fde52a2717ba93cf0bed0f3d9bf1ae16,515,ABD formal raw per-task/run record,absolute_personal_path_redaction_only,1
outputs/abd_eval300_formal_v1/task_status/A__7e512589-aa97-41e8-83d3-af2e83e4fd06_4_5.json,90162265d6785d263e33a8efc339d159e1f8d67af1b1f8c41afdf741b99b377b,613,content/abd_lineage/00_formal/raw_run/task_status/A__7e512589-aa97-41e8-83d3-af2e83e4fd06_4_5.json,c3c3c18d0d0c0506ba0a3e401034ad18d74116efe31ef3a3b8479973e0bbc2dd,515,ABD formal raw per-task/run record,absolute_personal_path_redaction_only,1
outputs/abd_eval300_formal_v1/task_status/A__7e512589-aa97-41e8-83d3-af2e83e4fd06_5_33.json,595471f072e9ab662ecf0c6e9f5b2af3c75e33747f2d0e4d92dee47b95b873e0,616,content/abd_lineage/00_formal/raw_run/task_status/A__7e512589-aa97-41e8-83d3-af2e83e4fd06_5_33.json,ad2369f9199c1290784f32920c916315d4784aa2efaffd7404361b2660d09ab4,518,ABD formal raw per-task/run record,absolute_personal_path_redaction_only,1
outputs/abd_eval300_formal_v1/task_status/A__7e512589-aa97-41e8-83d3-af2e83e4fd06_6_15.json,3d5935b01c50c55bdc43cce038101c1f68e032103a76b34ed41d055d78a5f87c,616,content/abd_lineage/00_formal/raw_run/task_status/A__7e512589-aa97-41e8-83d3-af2e83e4fd06_6_15.json,ba79ec42b28f209671b29c8702501db639b041b642f7e9986a0dd5741311dec6,518,ABD formal raw per-task/run record,absolute_personal_path_redaction_only,1
outputs/abd_eval300_formal_v1/task_status/A__7e512589-aa97-41e8-83d3-af2e83e4fd06_6_27.json,61f3e299a48c782a7bbfdb565279dc317ea02a91c09e933bb4a974afcd3cd61a,616,content/abd_lineage/00_formal/raw_run/task_status/A__7e512589-aa97-41e8-83d3-af2e83e4fd06_6_27.json,ddf083421af12f6f3e7b017d8aa331c6396b063b7f811ab42bc0a52b161caa01,518,ABD formal raw per-task/run record,absolute_personal_path_redaction_only,1
outputs/abd_eval300_formal_v1/task_status/A__7e512589-aa97-41e8-83d3-af2e83e4fd06_6_7.json,b4433171b3dbd1d5128f5ee5b2aa48ee0a53dd05b15a6d6f0c43fd2dab7dfd7c,613,content/abd_lineage/00_formal/raw_run/task_status/A__7e512589-aa97-41e8-83d3-af2e83e4fd06_6_7.json,7d22ee0a37ff41c53e0f6c4b415a9810f110d935b26bff9da9c15823c5dd7108,515,ABD formal raw per-task/run record,absolute_personal_path_redaction_only,1
outputs/abd_eval300_formal_v1/task_status/A__7e512589-aa97-41e8-83d3-af2e83e4fd06_7_20.json,af027cce0847cca15992ffe1b380e65ac79c029932ad7f3abf2c87bd7fc311f3,616,content/abd_lineage/00_formal/raw_run/task_status/A__7e512589-aa97-41e8-83d3-af2e83e4fd06_7_20.json,098998cf42f7b4e15787e950b2b30f1e8eb81458c6201bddbfe788dab9ba0890,518,ABD formal raw per-task/run record,absolute_personal_path_redaction_only,1
outputs/abd_eval300_formal_v1/task_status/A__7e512589-aa97-41e8-83d3-af2e83e4fd06_7_22.json,d2725ad991ec7445f505cb2b0c5af42f018d41cda4aa3801c6483f98501924d0,616,content/abd_lineage/00_formal/raw_run/task_status/A__7e512589-aa97-41e8-83d3-af2e83e4fd06_7_22.json,62d361cacced99998bb753c9345ed6d95455d5202bd146c41502b5bc5a3c17ec,518,ABD formal raw per-task/run record,absolute_personal_path_redaction_only,1
outputs/abd_eval300_formal_v1/task_status/A__7e512589-aa97-41e8-83d3-af2e83e4fd06_7_23.json,3148d794c032d790dc39ab36a9ace909f54fcd0721e0ba41e027613d0782e6a6,616,content/abd_lineage/00_formal/raw_run/task_status/A__7e512589-aa97-41e8-83d3-af2e83e4fd06_7_23.json,f60a02e00058c0bb90cd25644777f09b4ee3b10832ea36ff156ff342f89ada28,518,ABD formal raw per-task/run record,absolute_personal_path_redaction_only,1
outputs/abd_eval300_formal_v1/task_status/A__7e512589-aa97-41e8-83d3-af2e83e4fd06_7_4.json,91a1663c513c6cc0fd52001443e77f5476cf8bfaafdf3e06936f79d4c9173567,613,content/abd_lineage/00_formal/raw_run/task_status/A__7e512589-aa97-41e8-83d3-af2e83e4fd06_7_4.json,8a88b1f40c896cd162346a0f559070ab601db663f2526be2257d78b1dae2185a,515,ABD formal raw per-task/run record,absolute_personal_path_redaction_only,1
outputs/abd_eval300_formal_v1/task_status/A__7e512589-aa97-41e8-83d3-af2e83e4fd06_8_12.json,894a761cff4ba6502612cec08f9922843121583369981be2b9f998f1868b88fe,616,content/abd_lineage/00_formal/raw_run/task_status/A__7e512589-aa97-41e8-83d3-af2e83e4fd06_8_12.json,bd8211bc8c19dfbffec0a5b6ad65feae84a49daabe597cfa79430e54e78028a9,518,ABD formal raw per-task/run record,absolute_personal_path_redaction_only,1
outputs/abd_eval300_formal_v1/task_status/A__819c8af7-851f-434f-ab32-318285bc54b1_11_14.json,557d81910b531d3be8d7206a32dfd38ff2ade0dccb313d5bc4014b455842ed3c,619,content/abd_lineage/00_formal/raw_run/task_status/A__819c8af7-851f-434f-ab32-318285bc54b1_11_14.json,70b38573390f46d65e5bd2ce74094fceccca9089c5e26ce011dfb08f047d26fe,521,ABD formal raw per-task/run record,absolute_personal_path_redaction_only,1
outputs/abd_eval300_formal_v1/task_status/A__819c8af7-851f-434f-ab32-318285bc54b1_11_24.json,05fde83ee36511fab5c51b14a9491fdd819c9a7f4f27d152a4ddea963569c985,619,content/abd_lineage/00_formal/raw_run/task_status/A__819c8af7-851f-434f-ab32-318285bc54b1_11_24.json,6d95dab90421d115514ef1b062d7ea6d4ec21b170606292c2becdae146f81c3c,521,ABD formal raw per-task/run record,absolute_personal_path_redaction_only,1
outputs/abd_eval300_formal_v1/task_status/A__819c8af7-851f-434f-ab32-318285bc54b1_11_3.json,6c9d4899031b22c3bc0ac6397bec00930c09664ae77ae9c51505e798954fc8e1,616,content/abd_lineage/00_formal/raw_run/task_status/A__819c8af7-851f-434f-ab32-318285bc54b1_11_3.json,ad2338f6944057b0ecab8cc09026efb9096e062f4c79b4fa9b27dcff682d7712,518,ABD formal raw per-task/run record,absolute_personal_path_redaction_only,1
outputs/abd_eval300_formal_v1/task_status/A__819c8af7-851f-434f-ab32-318285bc54b1_12_7.json,311355a5ff73ad93ecbc557bd1e36281927f23fe3e78dd7913c496beb7501453,616,content/abd_lineage/00_formal/raw_run/task_status/A__819c8af7-851f-434f-ab32-318285bc54b1_12_7.json,3c420c2c6eb6fd3c9cdcf5d1abe2252041f9f30c88700da2da950feda1153b09,518,ABD formal raw per-task/run record,absolute_personal_path_redaction_only,1
outputs/abd_eval300_formal_v1/task_status/A__819c8af7-851f-434f-ab32-318285bc54b1_17_20.json,be1f3cd7f706a94d01670184c449270cec231cb3dae7235e80b09b4287729127,619,content/abd_lineage/00_formal/raw_run/task_status/A__819c8af7-851f-434f-ab32-318285bc54b1_17_20.json,22bed97c882604e1602a5726ba1474c7d0330aedc199fd324f251f1779745794,521,ABD formal raw per-task/run record,absolute_personal_path_redaction_only,1
outputs/abd_eval300_formal_v1/task_status/A__819c8af7-851f-434f-ab32-318285bc54b1_17_22.json,8a70130799eac6ece781471f2bde09bb07c98fa1dcc5cb6c546254e209b01f66,619,content/abd_lineage/00_formal/raw_run/task_status/A__819c8af7-851f-434f-ab32-318285bc54b1_17_22.json,6eb765afed84a2beb2c7ced7a32f37117b52448b20b2baaedb9ba941242cad7b,521,ABD formal raw per-task/run record,absolute_personal_path_redaction_only,1
outputs/abd_eval300_formal_v1/task_status/A__819c8af7-851f-434f-ab32-318285bc54b1_17_26.json,5c7d7d95163fee8d32b1f69a5dd66302369cac2e25b14bf71f3c7d248c69e4f9,619,content/abd_lineage/00_formal/raw_run/task_status/A__819c8af7-851f-434f-ab32-318285bc54b1_17_26.json,157e0b908d4d32cc0190128322e3654373465d22f5d18b3a50338fccd520066b,521,ABD formal raw per-task/run record,absolute_personal_path_redaction_only,1
outputs/abd_eval300_formal_v1/task_status/A__819c8af7-851f-434f-ab32-318285bc54b1_17_29.json,aef1546c45ccc321ad02cd1684f17ee19c9f18b62dd7fc93956595992a3f64f9,619,content/abd_lineage/00_formal/raw_run/task_status/A__819c8af7-851f-434f-ab32-318285bc54b1_17_29.json,378de670a1fd14dcc3d442e6b320395e40e048beaefa97a3f540b71d848a9bcb,521,ABD formal raw per-task/run record,absolute_personal_path_redaction_only,1
outputs/abd_eval300_formal_v1/task_status/A__819c8af7-851f-434f-ab32-318285bc54b1_18_6.json,1a57b87db5c238de8fd916302fed7bc10a354de01007c5742087a2c9c06004ff,616,content/abd_lineage/00_formal/raw_run/task_status/A__819c8af7-851f-434f-ab32-318285bc54b1_18_6.json,b3d44131cc611053b8f740cb4b7e37b15e9d631b3107ee57a3c5d2a686d2e020,518,ABD formal raw per-task/run record,absolute_personal_path_redaction_only,1
outputs/abd_eval300_formal_v1/task_status/A__819c8af7-851f-434f-ab32-318285bc54b1_23_5.json,a12983c30f3f70b0e839e397e54566e2c126fa75fc24b6338346542120e85318,616,content/abd_lineage/00_formal/raw_run/task_status/A__819c8af7-851f-434f-ab32-318285bc54b1_23_5.json,fec252b8d6235aa82a54581f39f427cb7e274f40dcb7de421122e71a07c03e58,518,ABD formal raw per-task/run record,absolute_personal_path_redaction_only,1
outputs/abd_eval300_formal_v1/task_status/A__819c8af7-851f-434f-ab32-318285bc54b1_3_12.json,5b034915e056b07c0697d6e0c8be9dec7042d376f0f85e6745d310925ad23798,616,content/abd_lineage/00_formal/raw_run/task_status/A__819c8af7-851f-434f-ab32-318285bc54b1_3_12.json,91066ea8c35d184820eb72d3d4450bc6d443c54755015f2b606a57f96b7949a1,518,ABD formal raw per-task/run record,absolute_personal_path_redaction_only,1
outputs/abd_eval300_formal_v1/task_status/A__819c8af7-851f-434f-ab32-318285bc54b1_3_13.json,2cd2c0efd1314b4cfd7f5474557cd8cba382b99bfb72c98bf5d2201568c942fa,616,content/abd_lineage/00_formal/raw_run/task_status/A__819c8af7-851f-434f-ab32-318285bc54b1_3_13.json,0e000f0006a2c0941096bdb11473507af7a484c308d07306fd3a91abfbbd9d7c,518,ABD formal raw per-task/run record,absolute_personal_path_redaction_only,1
outputs/abd_eval300_formal_v1/task_status/A__819c8af7-851f-434f-ab32-318285bc54b1_4_10.json,ed9bce874e82318d81c475c90a345c6ab9364825b1942bc835d302fcde61c837,616,content/abd_lineage/00_formal/raw_run/task_status/A__819c8af7-851f-434f-ab32-318285bc54b1_4_10.json,3404ee61e2ee7698339b0d7ca6f15e6f65af5e7bfb41524d24db1b19cbc5c83e,518,ABD formal raw per-task/run record,absolute_personal_path_redaction_only,1
outputs/abd_eval300_formal_v1/task_status/A__819c8af7-851f-434f-ab32-318285bc54b1_4_19.json,6c73f074a708fbe66891d780e5ccbd733b32319fa1a7063847c66593c5be5e51,616,content/abd_lineage/00_formal/raw_run/task_status/A__819c8af7-851f-434f-ab32-318285bc54b1_4_19.json,fc3094e52020cb5d5f7b24589e0ca7e6a37c92b82d680cc8d0284a442b7195a7,518,ABD formal raw per-task/run record,absolute_personal_path_redaction_only,1
outputs/abd_eval300_formal_v1/task_status/A__819c8af7-851f-434f-ab32-318285bc54b1_4_2.json,e8c4fe47fcdd7c55d4614e3fd2af51fe2523048b587ddffc9f0c81dddafe2280,613,content/abd_lineage/00_formal/raw_run/task_status/A__819c8af7-851f-434f-ab32-318285bc54b1_4_2.json,bbd4a49e3fb6d250fba3f7066db876ce8306defa1d292fc193e47fab7a57c800,515,ABD formal raw per-task/run record,absolute_personal_path_redaction_only,1
outputs/abd_eval300_formal_v1/task_status/A__819c8af7-851f-434f-ab32-318285bc54b1_4_23.json,6cda8970b27d4e52e60708e7ffc4ac27dffd5ec9c18be805f29cb4e26b874c3c,616,content/abd_lineage/00_formal/raw_run/task_status/A__819c8af7-851f-434f-ab32-318285bc54b1_4_23.json,dad075f6471c17a14cc70c27819375102a5ea13d523514a90bf716ae0a373a7c,518,ABD formal raw per-task/run record,absolute_personal_path_redaction_only,1
outputs/abd_eval300_formal_v1/task_status/A__819c8af7-851f-434f-ab32-318285bc54b1_4_30.json,ca1e949b676d96149abdfc2c2f8cb68e0350516006a7a3beb0c7f34ce3b7006f,616,content/abd_lineage/00_formal/raw_run/task_status/A__819c8af7-851f-434f-ab32-318285bc54b1_4_30.json,dfd6ccaeaece0f9f32a992550dac6732429a49505f964575f523f41dd43ad8e6,518,ABD formal raw per-task/run record,absolute_personal_path_redaction_only,1
outputs/abd_eval300_formal_v1/task_status/A__819c8af7-851f-434f-ab32-318285bc54b1_4_4.json,0d5cca6bd22983bd2f8c8a99f7ae01b935233a373c91b3544f1b3eaba215ed3d,613,content/abd_lineage/00_formal/raw_run/task_status/A__819c8af7-851f-434f-ab32-318285bc54b1_4_4.json,167b5102ceaf1966597827d3d6aeade8a65f2061963322d60966c0c175a8a4fc,515,ABD formal raw per-task/run record,absolute_personal_path_redaction_only,1
outputs/abd_eval300_formal_v1/task_status/A__819c8af7-851f-434f-ab32-318285bc54b1_5_11.json,6b20f256119049e783d7efa1a287211df5a97bc4a12ba7fcb3ca2e887e693e3e,616,content/abd_lineage/00_formal/raw_run/task_status/A__819c8af7-851f-434f-ab32-318285bc54b1_5_11.json,46faf5864504d2bc4d1a6b788cc136ce903230d740232f83e491ed3c75830a2d,518,ABD formal raw per-task/run record,absolute_personal_path_redaction_only,1
outputs/abd_eval300_formal_v1/task_status/A__819c8af7-851f-434f-ab32-318285bc54b1_5_25.json,d4264fda425e81230f39b7ebcc9fa23d3d45e385470f43dfb4d22e29408b9e60,616,content/abd_lineage/00_formal/raw_run/task_status/A__819c8af7-851f-434f-ab32-318285bc54b1_5_25.json,57e48011d2b4891f8a806f59378d3dbc51875db3c609d16e956fec7608d6fb8a,518,ABD formal raw per-task/run record,absolute_personal_path_redaction_only,1
outputs/abd_eval300_formal_v1/task_status/A__819c8af7-851f-434f-ab32-318285bc54b1_5_28.json,132a5908a57a9a44728b7b97cfa798eeba128a3fde13f25c0f27c012c27471c5,616,content/abd_lineage/00_formal/raw_run/task_status/A__819c8af7-851f-434f-ab32-318285bc54b1_5_28.json,876d4487cb22dc12d8c3cb529dfb916706d0179530b1cae7147275a4918d02b0,518,ABD formal raw per-task/run record,absolute_personal_path_redaction_only,1
outputs/abd_eval300_formal_v1/task_status/A__819c8af7-851f-434f-ab32-318285bc54b1_7_17.json,19a7b31a8e85341607b882f17355d3598d1991f83fc3fb82145cb81ea1cf18ff,616,content/abd_lineage/00_formal/raw_run/task_status/A__819c8af7-851f-434f-ab32-318285bc54b1_7_17.json,7f66778b222f6a7a0d7bd904a35d8aa5271b63888e8fea175f332b1ea0c09d82,518,ABD formal raw per-task/run record,absolute_personal_path_redaction_only,1
outputs/abd_eval300_formal_v1/task_status/A__819c8af7-851f-434f-ab32-318285bc54b1_7_21.json,637b0e562262c6f827fa0778c631a13a5e86ec460d338af9e2e1cf0525e22773,616,content/abd_lineage/00_formal/raw_run/task_status/A__819c8af7-851f-434f-ab32-318285bc54b1_7_21.json,d3fe4c5751da21acb91fef78b2d2c8c86c70473cf4b95a07909ae36099899e12,518,ABD formal raw per-task/run record,absolute_personal_path_redaction_only,1
outputs/abd_eval300_formal_v1/task_status/A__819c8af7-851f-434f-ab32-318285bc54b1_8_1.json,d2271deee32da85a63acaacdbaf9c5acf4153653a69a9f593a1d812cdbfce9dd,613,content/abd_lineage/00_formal/raw_run/task_status/A__819c8af7-851f-434f-ab32-318285bc54b1_8_1.json,b9920eb6b94783770b51e0ee0a453ab9ba2814a125264732043f10f00265a59e,515,ABD formal raw per-task/run record,absolute_personal_path_redaction_only,1
outputs/abd_eval300_formal_v1/task_status/A__819c8af7-851f-434f-ab32-318285bc54b1_8_27.json,e48212db4af29c777446d9418c8e747c8b3937fb72a683ff5f04d889f2657334,616,content/abd_lineage/00_formal/raw_run/task_status/A__819c8af7-851f-434f-ab32-318285bc54b1_8_27.json,473c9b75527274f7d856953656882aed48d4918b728008a585c09383b1fb8887,518,ABD formal raw per-task/run record,absolute_personal_path_redaction_only,1
outputs/abd_eval300_formal_v1/task_status/A__a6d45e95-8dc0-4932-83bf-ec53e265a16a_11_14.json,3ee27f310f807852725792a99dcfbd0873d7d47de6511a56982d969142966858,619,content/abd_lineage/00_formal/raw_run/task_status/A__a6d45e95-8dc0-4932-83bf-ec53e265a16a_11_14.json,712bdf7a1f74322f003d6900c1179cda7033ce21d1b6878ac6aa5e5b4d039f4c,521,ABD formal raw per-task/run record,absolute_personal_path_redaction_only,1
outputs/abd_eval300_formal_v1/task_status/A__a6d45e95-8dc0-4932-83bf-ec53e265a16a_11_15.json,76caaca0ad970e92dc86e15a634c5884518cc0ff8a98e89d8f5105923e7d72a1,619,content/abd_lineage/00_formal/raw_run/task_status/A__a6d45e95-8dc0-4932-83bf-ec53e265a16a_11_15.json,95ba31ae9c5645c71b8e4b45098e4c2bd1010bc3acf9cfcd85a18a3d22fdd2ef,521,ABD formal raw per-task/run record,absolute_personal_path_redaction_only,1
outputs/abd_eval300_formal_v1/task_status/A__a6d45e95-8dc0-4932-83bf-ec53e265a16a_11_28.json,3efbaf02238930c8640f25bb4f803fa11d1e35ec826776da6e4dc649eb6adb8c,619,content/abd_lineage/00_formal/raw_run/task_status/A__a6d45e95-8dc0-4932-83bf-ec53e265a16a_11_28.json,d316dc0a8cd503ea01af96aaea4fb7eb9764e344e236ce5174a2fbd699f930f4,521,ABD formal raw per-task/run record,absolute_personal_path_redaction_only,1
outputs/abd_eval300_formal_v1/task_status/A__a6d45e95-8dc0-4932-83bf-ec53e265a16a_12_4.json,9b6cebf4143db35a0a08ff6f323752071020888db6e16887bc54dcc057e586c4,616,content/abd_lineage/00_formal/raw_run/task_status/A__a6d45e95-8dc0-4932-83bf-ec53e265a16a_12_4.json,cf4e0040a86ede6c1d2d624e36f5e9e816252a437f9d86212575608e444c9640,518,ABD formal raw per-task/run record,absolute_personal_path_redaction_only,1
outputs/abd_eval300_formal_v1/task_status/A__a6d45e95-8dc0-4932-83bf-ec53e265a16a_17_10.json,0f67e829ad9ae4cb2fbfb0c91e36c67100675824eb3d3f8c52819ea51e64fc4b,619,content/abd_lineage/00_formal/raw_run/task_status/A__a6d45e95-8dc0-4932-83bf-ec53e265a16a_17_10.json,ec1149a8efb206df11d7aa2bac8a1af7828749d7efb4ad35a837cf4d0842d07a,521,ABD formal raw per-task/run record,absolute_personal_path_redaction_only,1
outputs/abd_eval300_formal_v1/task_status/A__a6d45e95-8dc0-4932-83bf-ec53e265a16a_17_11.json,5667e5d7a6bf83d5a3818bb12bd45d99762be0cca85987df101c09f0911d26a8,619,content/abd_lineage/00_formal/raw_run/task_status/A__a6d45e95-8dc0-4932-83bf-ec53e265a16a_17_11.json,5a6bba0a376fcbbac374eaa51c2e47ace5c87908000067a411a48609e38f516a,521,ABD formal raw per-task/run record,absolute_personal_path_redaction_only,1
outputs/abd_eval300_formal_v1/task_status/A__a6d45e95-8dc0-4932-83bf-ec53e265a16a_17_12.json,3b7fa5a3462e4dff81408f9cce97f80ad5eae14398d9b3e7ff48bf2d8a1210b2,619,content/abd_lineage/00_formal/raw_run/task_status/A__a6d45e95-8dc0-4932-83bf-ec53e265a16a_17_12.json,917445d4ba44f80a778f6680e45399bdc08736fc1279f68c1f6287aaf4de3451,521,ABD formal raw per-task/run record,absolute_personal_path_redaction_only,1
outputs/abd_eval300_formal_v1/task_status/A__a6d45e95-8dc0-4932-83bf-ec53e265a16a_17_2.json,013f8d2ce9dc61b19c57f5479a7db80b0a89d39965a41c0e057a5cb04efa630f,616,content/abd_lineage/00_formal/raw_run/task_status/A__a6d45e95-8dc0-4932-83bf-ec53e265a16a_17_2.json,b0d03b7c815fdd65062e392f956d2b53070628ede047e193315e739ab2ddc2f7,518,ABD formal raw per-task/run record,absolute_personal_path_redaction_only,1
outputs/abd_eval300_formal_v1/task_status/A__a6d45e95-8dc0-4932-83bf-ec53e265a16a_17_21.json,211f47dfef5640c4d7233ae94b7a3dd4312cf6090425b15ffa39d317d4e15704,619,content/abd_lineage/00_formal/raw_run/task_status/A__a6d45e95-8dc0-4932-83bf-ec53e265a16a_17_21.json,b5261e408a6dfbe54f7ff477d5f22b68a8c02b90c02c357395e94454fd73b3ca,521,ABD formal raw per-task/run record,absolute_personal_path_redaction_only,1
outputs/abd_eval300_formal_v1/task_status/A__a6d45e95-8dc0-4932-83bf-ec53e265a16a_17_25.json,78b86bdf4753a865599df356d43958e248055eee708b761e860995dc546bc867,619,content/abd_lineage/00_formal/raw_run/task_status/A__a6d45e95-8dc0-4932-83bf-ec53e265a16a_17_25.json,f053438cbb6365d9d66a46d6cb6072e1d4d5b7edfb914b4a60bd7fb08ac794f5,521,ABD formal raw per-task/run record,absolute_personal_path_redaction_only,1
outputs/abd_eval300_formal_v1/task_status/A__a6d45e95-8dc0-4932-83bf-ec53e265a16a_17_3.json,eec22dab470f0e1f540b98740dd1bb896a447626fea46d93aa25f43b44269804,616,content/abd_lineage/00_formal/raw_run/task_status/A__a6d45e95-8dc0-4932-83bf-ec53e265a16a_17_3.json,a9982654d2789a157495482300cc6b5533a9e4fb3591db663f857e8fa86ecfa1,518,ABD formal raw per-task/run record,absolute_personal_path_redaction_only,1
outputs/abd_eval300_formal_v1/task_status/A__a6d45e95-8dc0-4932-83bf-ec53e265a16a_18_5.json,744856d4b425d20258d45c3f72c9ac7d2a7b5927da868d16fdc7d5382130cd1c,616,content/abd_lineage/00_formal/raw_run/task_status/A__a6d45e95-8dc0-4932-83bf-ec53e265a16a_18_5.json,ed86d1355de64eaa1bf112a75065c52fb9ea47cc6e9271605e0b14757b310935,518,ABD formal raw per-task/run record,absolute_personal_path_redaction_only,1
outputs/abd_eval300_formal_v1/task_status/A__a6d45e95-8dc0-4932-83bf-ec53e265a16a_4_23.json,a0e5dd3f17e8ac9c59340d5b875b8a3529d4c08eb7f6280b6199bddb3ab3a1c0,616,content/abd_lineage/00_formal/raw_run/task_status/A__a6d45e95-8dc0-4932-83bf-ec53e265a16a_4_23.json,0d37303b3ffbd5b7aff467a59e79738d8d67d0ec5836906870f10fdfd3981cb3,518,ABD formal raw per-task/run record,absolute_personal_path_redaction_only,1
outputs/abd_eval300_formal_v1/task_status/A__a6d45e95-8dc0-4932-83bf-ec53e265a16a_4_6.json,9b9157e454bb5be259c8a7a7aeb682399d40a91f9f0739ec0f9644e91ca5535c,613,content/abd_lineage/00_formal/raw_run/task_status/A__a6d45e95-8dc0-4932-83bf-ec53e265a16a_4_6.json,688844796000c3f492dcbd7e6c0352a8779a63db705c6df9b47ff184c6f7d4d1,515,ABD formal raw per-task/run record,absolute_personal_path_redaction_only,1
outputs/abd_eval300_formal_v1/task_status/A__a6d45e95-8dc0-4932-83bf-ec53e265a16a_4_9.json,46051d9c9e0a8cde9a8fb36f596b8c2d1a0b8162ae40c5c4065ff490db4954bb,613,content/abd_lineage/00_formal/raw_run/task_status/A__a6d45e95-8dc0-4932-83bf-ec53e265a16a_4_9.json,12f6d9869a27e89a3aa9a0f5e44460a8e8895582148c23359ecb8e18e78eba4a,515,ABD formal raw per-task/run record,absolute_personal_path_redaction_only,1
outputs/abd_eval300_formal_v1/task_status/A__a6d45e95-8dc0-4932-83bf-ec53e265a16a_5_26.json,c34bbbb6836b3f481227e34d7696bcc086be47b7bd269610a5aac4e395927114,616,content/abd_lineage/00_formal/raw_run/task_status/A__a6d45e95-8dc0-4932-83bf-ec53e265a16a_5_26.json,11414fcec738d1bb1e65079a621e20a7240f40374b06ad6ae91d603cfb178a4c,518,ABD formal raw per-task/run record,absolute_personal_path_redaction_only,1
outputs/abd_eval300_formal_v1/task_status/A__a6d45e95-8dc0-4932-83bf-ec53e265a16a_6_24.json,1b5de3f19be9635c50ad763305acc0440fc26c8e8c6ae43cf2e87bae735a5d2e,616,content/abd_lineage/00_formal/raw_run/task_status/A__a6d45e95-8dc0-4932-83bf-ec53e265a16a_6_24.json,35cd4239cffcbfb95709ddeebaa22a0f82e1d72fca6849269445bda393827a51,518,ABD formal raw per-task/run record,absolute_personal_path_redaction_only,1
outputs/abd_eval300_formal_v1/task_status/A__a6d45e95-8dc0-4932-83bf-ec53e265a16a_7_16.json,096f4986c56f76ee49db9be014b1d36a496838d39a0618b8044800df09ed273e,616,content/abd_lineage/00_formal/raw_run/task_status/A__a6d45e95-8dc0-4932-83bf-ec53e265a16a_7_16.json,62257f71d9d948a63b3dfee341d7bf3b76e0767001d5bc2adda2264a525ae533,518,ABD formal raw per-task/run record,absolute_personal_path_redaction_only,1
outputs/abd_eval300_formal_v1/task_status/A__a6d45e95-8dc0-4932-83bf-ec53e265a16a_7_19.json,ea994e42d6a40b4a1006ebe065377eb1bd0cd903b50a7b959a6def10f057a93a,616,content/abd_lineage/00_formal/raw_run/task_status/A__a6d45e95-8dc0-4932-83bf-ec53e265a16a_7_19.json,03504fc0b4c773380d9847abffe95a52b65c8d4bef4a660da19bdcec893f4ce0,518,ABD formal raw per-task/run record,absolute_personal_path_redaction_only,1
outputs/abd_eval300_formal_v1/task_status/A__a6d45e95-8dc0-4932-83bf-ec53e265a16a_7_20.json,13837f4c0f8bb3a9609d3266e5e251bcac52db5c9302213e1e6eabff4469bb0d,616,content/abd_lineage/00_formal/raw_run/task_status/A__a6d45e95-8dc0-4932-83bf-ec53e265a16a_7_20.json,97ce0f7bd8bb9272ff2f2ff873a7cee7df7b8c5de09fc39cd912db1c5972122d,518,ABD formal raw per-task/run record,absolute_personal_path_redaction_only,1
outputs/abd_eval300_formal_v1/task_status/A__a6d45e95-8dc0-4932-83bf-ec53e265a16a_7_7.json,6c203f71a3415bee1d4c43c5b21cef0dedb90876ae976b01bd6985dbe11bfc3a,613,content/abd_lineage/00_formal/raw_run/task_status/A__a6d45e95-8dc0-4932-83bf-ec53e265a16a_7_7.json,e702faa3ea3b5b5ab9bf255937996c86e1df064bc777c402e13dda9330fa96ed,515,ABD formal raw per-task/run record,absolute_personal_path_redaction_only,1
outputs/abd_eval300_formal_v1/task_status/A__a6d45e95-8dc0-4932-83bf-ec53e265a16a_8_1.json,8087dae8d5b41f94a805a477a337507546adde03d36635ed4e5b1fcf80de9716,613,content/abd_lineage/00_formal/raw_run/task_status/A__a6d45e95-8dc0-4932-83bf-ec53e265a16a_8_1.json,437de8e3f9b20392219f879fdb7e75d93cd71b1b0a84bc1d53eb7e24a3fc53ba,515,ABD formal raw per-task/run record,absolute_personal_path_redaction_only,1
outputs/abd_eval300_formal_v1/task_status/A__a6d45e95-8dc0-4932-83bf-ec53e265a16a_8_18.json,d7939973beab7dafec1efca2dd4e904855eb650799dfaf6a612374a12ede8ea9,616,content/abd_lineage/00_formal/raw_run/task_status/A__a6d45e95-8dc0-4932-83bf-ec53e265a16a_8_18.json,5658c5cc02f0d13f6dfd4f46eaea3c90595bf21585661d61e9309158d39875c6,518,ABD formal raw per-task/run record,absolute_personal_path_redaction_only,1
outputs/abd_eval300_formal_v1/task_status/A__a6d45e95-8dc0-4932-83bf-ec53e265a16a_8_22.json,09fe343ef87420c808c74bb2b10a848e064f4c2f5b0377aec04a10cae9dad08a,616,content/abd_lineage/00_formal/raw_run/task_status/A__a6d45e95-8dc0-4932-83bf-ec53e265a16a_8_22.json,88dfe5b26476c1d91cfc894d858acedffe5d3d33c035c72d1098f46fe8822710,518,ABD formal raw per-task/run record,absolute_personal_path_redaction_only,1
outputs/abd_eval300_formal_v1/task_status/A__a6d45e95-8dc0-4932-83bf-ec53e265a16a_8_27.json,84c9edc80bd378034e65bf39281c50aa32cb32d3fa345ce7bb5fd7eefc4d6cdb,616,content/abd_lineage/00_formal/raw_run/task_status/A__a6d45e95-8dc0-4932-83bf-ec53e265a16a_8_27.json,f71b46a2c0d6bf9a6944be659af21df6ff5b6ef4eeeff09395c39bb6daa06101,518,ABD formal raw per-task/run record,absolute_personal_path_redaction_only,1
outputs/abd_eval300_formal_v1/task_status/A__d3a0899e-2093-454c-9f65-30087883193a_11_17.json,a0002d4a02fab0f2182e61e4eb4d905a0e1c8a16b8bfd49a411972d6999a7be6,619,content/abd_lineage/00_formal/raw_run/task_status/A__d3a0899e-2093-454c-9f65-30087883193a_11_17.json,52d8bb7066d31dce8ccb399c2948ecd4a6e0583edf37246d8ca0eed40e35a4c9,521,ABD formal raw per-task/run record,absolute_personal_path_redaction_only,1
outputs/abd_eval300_formal_v1/task_status/A__d3a0899e-2093-454c-9f65-30087883193a_12_22.json,536a87c6e09bebb612c02c20696c1f9065e734eeea8f3d14783e93234e59c37b,619,content/abd_lineage/00_formal/raw_run/task_status/A__d3a0899e-2093-454c-9f65-30087883193a_12_22.json,fb6b249e37207c06ce6c3c52ca4cb1ee1a33ca7ce88a0bf23fbe426ebd0974cb,521,ABD formal raw per-task/run record,absolute_personal_path_redaction_only,1
outputs/abd_eval300_formal_v1/task_status/A__d3a0899e-2093-454c-9f65-30087883193a_17_13.json,5e6ff4ea8f5632c8d6abcae7642c3b3cd2e7459f52023af5bf196ac12f2bccc9,619,content/abd_lineage/00_formal/raw_run/task_status/A__d3a0899e-2093-454c-9f65-30087883193a_17_13.json,286790c6959eb2b1cf13dc42364bd8a07a631910933ed317abfae56d7e4f4fc0,521,ABD formal raw per-task/run record,absolute_personal_path_redaction_only,1
outputs/abd_eval300_formal_v1/task_status/A__d3a0899e-2093-454c-9f65-30087883193a_17_19.json,8aff0d1bb3f675419c9b6cc3798f871e11f2f1cadb9fc2b5fd00f18f9e39d069,619,content/abd_lineage/00_formal/raw_run/task_status/A__d3a0899e-2093-454c-9f65-30087883193a_17_19.json,ef0cd9624b964062c04cc6701ba3d0629868691e87e9f55e05f15b4bb38f1170,521,ABD formal raw per-task/run record,absolute_personal_path_redaction_only,1
outputs/abd_eval300_formal_v1/task_status/A__d3a0899e-2093-454c-9f65-30087883193a_17_2.json,1e38f763eff5e1940908b3f53c24ee074c3b288465e589ee4246302e1d96c7dc,616,content/abd_lineage/00_formal/raw_run/task_status/A__d3a0899e-2093-454c-9f65-30087883193a_17_2.json,1e0d6ffeb6d30498b55bd58bbd3b086fd25b4da1f69e1b23ea7b0ac4fa8f349b,518,ABD formal raw per-task/run record,absolute_personal_path_redaction_only,1
outputs/abd_eval300_formal_v1/task_status/A__d3a0899e-2093-454c-9f65-30087883193a_17_20.json,f9666a08e1ecc2dabcf3f63f0b15a88ca499d595532768ed1cd5041fa1db0097,619,content/abd_lineage/00_formal/raw_run/task_status/A__d3a0899e-2093-454c-9f65-30087883193a_17_20.json,da4f8f47b850c568efa0f5f18176d55e15c58c2c58261e69ce4151bb1494da2f,521,ABD formal raw per-task/run record,absolute_personal_path_redaction_only,1
outputs/abd_eval300_formal_v1/task_status/A__d3a0899e-2093-454c-9f65-30087883193a_17_28.json,e5bd038f9a01bad45146b9bc83c8c6a4c68b389a4d2ad80a271a9a060e1c57ba,619,content/abd_lineage/00_formal/raw_run/task_status/A__d3a0899e-2093-454c-9f65-30087883193a_17_28.json,b4ae1c00a20605e742a5d85f4c8eb53c152ef94e54588dc8298a56153c9b4f8a,521,ABD formal raw per-task/run record,absolute_personal_path_redaction_only,1
outputs/abd_eval300_formal_v1/task_status/A__d3a0899e-2093-454c-9f65-30087883193a_17_35.json,4126583bff364b9190cec42fa46488426b0c1dae9ea7a372913e1a2998db4a07,619,content/abd_lineage/00_formal/raw_run/task_status/A__d3a0899e-2093-454c-9f65-30087883193a_17_35.json,5baf374b8579f292b4efd5640c96ae1f17ff68714666141b00218cd7bae8f001,521,ABD formal raw per-task/run record,absolute_personal_path_redaction_only,1
outputs/abd_eval300_formal_v1/task_status/A__d3a0899e-2093-454c-9f65-30087883193a_17_8.json,553a2f6e14d7c8785454a73d8f6e4626eb630fe05c227cb9a0e18dc9b64c5adf,616,content/abd_lineage/00_formal/raw_run/task_status/A__d3a0899e-2093-454c-9f65-30087883193a_17_8.json,6957c5a70d4cec1ce41bdaeb14cb0fc6bac003f9fd8ff4cdf6ac2c97bd50fbd9,518,ABD formal raw per-task/run record,absolute_personal_path_redaction_only,1
outputs/abd_eval300_formal_v1/task_status/A__d3a0899e-2093-454c-9f65-30087883193a_1_1.json,f17b14023f58ea5b82c1ddea29ac13ab7f12e50bab47de531f18eb3d5c67ff78,613,content/abd_lineage/00_formal/raw_run/task_status/A__d3a0899e-2093-454c-9f65-30087883193a_1_1.json,6b349bb311d6a36987a3b962c2abef318c12a7a8a91fc79720c9a2a6a7fa8bfc,515,ABD formal raw per-task/run record,absolute_personal_path_redaction_only,1
outputs/abd_eval300_formal_v1/task_status/A__d3a0899e-2093-454c-9f65-30087883193a_22_14.json,25d0b376db99968409d2cba16a0884603041d9cd8b8508210ff364b439a690ad,619,content/abd_lineage/00_formal/raw_run/task_status/A__d3a0899e-2093-454c-9f65-30087883193a_22_14.json,f8cc2aff1508e610800df56c15b37b58192e9144256738169a3e3afc2843f427,521,ABD formal raw per-task/run record,absolute_personal_path_redaction_only,1
outputs/abd_eval300_formal_v1/task_status/A__d3a0899e-2093-454c-9f65-30087883193a_22_32.json,4b4bcbc4303cd61ba0b6fa951944938838af9cae54de2881b25d5e8eff387bc8,619,content/abd_lineage/00_formal/raw_run/task_status/A__d3a0899e-2093-454c-9f65-30087883193a_22_32.json,7e7df950dd206ec4ec4e76322fd86dc3254bf28b3e08bbdddaceca1d9fe08a61,521,ABD formal raw per-task/run record,absolute_personal_path_redaction_only,1
outputs/abd_eval300_formal_v1/task_status/A__d3a0899e-2093-454c-9f65-30087883193a_2_1.json,beeb8cf63d49027a2a79ef7fc137c406bc8faf5d398c42b44c89546432caa7b3,613,content/abd_lineage/00_formal/raw_run/task_status/A__d3a0899e-2093-454c-9f65-30087883193a_2_1.json,0025e9cbf04eb52d02f9a6359d7dfa0c253af4422e3b6f495b1d9204be4c1ef2,515,ABD formal raw per-task/run record,absolute_personal_path_redaction_only,1
outputs/abd_eval300_formal_v1/task_status/A__d3a0899e-2093-454c-9f65-30087883193a_4_10.json,15bc340a1297315390250753d12ec25a41f2ad6172264fdcf551b2fffcd6f66b,616,content/abd_lineage/00_formal/raw_run/task_status/A__d3a0899e-2093-454c-9f65-30087883193a_4_10.json,5a81c537bb805b269c453f5ad117266861969b3c3d38e0db92ad619179bcd446,518,ABD formal raw per-task/run record,absolute_personal_path_redaction_only,1
outputs/abd_eval300_formal_v1/task_status/A__d3a0899e-2093-454c-9f65-30087883193a_4_33.json,7a11d49e5e607fff5d24f54eed95a9bded3a15cdf692e80455546b0e3bad09db,616,content/abd_lineage/00_formal/raw_run/task_status/A__d3a0899e-2093-454c-9f65-30087883193a_4_33.json,effefacdcafa27f549f255c6d554169272d3e9c716b23bf6adea5538f54ecd5b,518,ABD formal raw per-task/run record,absolute_personal_path_redaction_only,1
outputs/abd_eval300_formal_v1/task_status/A__d3a0899e-2093-454c-9f65-30087883193a_4_7.json,f23353efabc27988e825d27d3c577ff7311d0317b12702bf6af0a9ea90ad9d15,613,content/abd_lineage/00_formal/raw_run/task_status/A__d3a0899e-2093-454c-9f65-30087883193a_4_7.json,b49886a8490aa901ef8f49f384ba060916eca9ea88646a5a6d6ff012c2892168,515,ABD formal raw per-task/run record,absolute_personal_path_redaction_only,1
outputs/abd_eval300_formal_v1/task_status/A__d3a0899e-2093-454c-9f65-30087883193a_5_24.json,e6e426433c794309d45f6c7b1a6d56018b5d54593820e9d4446c5218591cec11,616,content/abd_lineage/00_formal/raw_run/task_status/A__d3a0899e-2093-454c-9f65-30087883193a_5_24.json,5fde02a4c78ffaa4bb0a0e136d770bbf54bd85e09824178c731ef4b8b49f2bda,518,ABD formal raw per-task/run record,absolute_personal_path_redaction_only,1
outputs/abd_eval300_formal_v1/task_status/A__d3a0899e-2093-454c-9f65-30087883193a_7_11.json,a4461abdbc26f849c1791b94bca64f6e356a3f19590c2ab5347a0f73e03e9ace,616,content/abd_lineage/00_formal/raw_run/task_status/A__d3a0899e-2093-454c-9f65-30087883193a_7_11.json,102365edc10063780b326e747b6a155a5b3c481fb4fc155e0275473974dd5f6f,518,ABD formal raw per-task/run record,absolute_personal_path_redaction_only,1
outputs/abd_eval300_formal_v1/task_status/A__d3a0899e-2093-454c-9f65-30087883193a_7_26.json,fee4c4ad081acaa202fab96d834daccc1a2d180da7aded86c01915424ca9ae6d,616,content/abd_lineage/00_formal/raw_run/task_status/A__d3a0899e-2093-454c-9f65-30087883193a_7_26.json,a0b7f2abf8ffe1e419d3be2ab7c045c535d6f37b31f66bb155e8edc71eba7de7,518,ABD formal raw per-task/run record,absolute_personal_path_redaction_only,1
outputs/abd_eval300_formal_v1/task_status/A__d3a0899e-2093-454c-9f65-30087883193a_7_29.json,4b6461f4c1e201e72a751a14a5323159149f090ab0b788911460d6c97ea78278,616,content/abd_lineage/00_formal/raw_run/task_status/A__d3a0899e-2093-454c-9f65-30087883193a_7_29.json,9d8d6761d4be5fbab72f8d709ba240d8900d5679c879223f0b4b2ec4bd1b0e5d,518,ABD formal raw per-task/run record,absolute_personal_path_redaction_only,1
outputs/abd_eval300_formal_v1/task_status/A__d3a0899e-2093-454c-9f65-30087883193a_7_9.json,ee89d75b6392030bcb5ae963948a1a6aaaa646b42b08d5fda6e3e1decad66ce1,613,content/abd_lineage/00_formal/raw_run/task_status/A__d3a0899e-2093-454c-9f65-30087883193a_7_9.json,5734ee8e7092fdbbb61b0fa84a8e0aa34f626436e2381856b8cff95ef1332f7c,515,ABD formal raw per-task/run record,absolute_personal_path_redaction_only,1
outputs/abd_eval300_formal_v1/task_status/A__d3a0899e-2093-454c-9f65-30087883193a_8_16.json,debb4f1b9487898b446c4e8734e40f0fe5cb51e7f590f77c49c3897f241239c5,616,content/abd_lineage/00_formal/raw_run/task_status/A__d3a0899e-2093-454c-9f65-30087883193a_8_16.json,495e219adb39cc190cff3fd42e44fcba610226d287e88f839be2dc2ee024e5d6,518,ABD formal raw per-task/run record,absolute_personal_path_redaction_only,1
outputs/abd_eval300_formal_v1/task_status/A__d3a0899e-2093-454c-9f65-30087883193a_8_21.json,00e9d35c5197ac50cb89eccf615aee0b61498ef803a21684a282b0f9b5066226,616,content/abd_lineage/00_formal/raw_run/task_status/A__d3a0899e-2093-454c-9f65-30087883193a_8_21.json,0ec2e9fa3dd1102e00b02f2cb9b622470b9aa397f4a80da946df35de510edc7d,518,ABD formal raw per-task/run record,absolute_personal_path_redaction_only,1
outputs/abd_eval300_formal_v1/task_status/A__d3a0899e-2093-454c-9f65-30087883193a_8_3.json,a86094905becea96b1ff9a90db72556dd0a0de11a7cba04a0322d30543cefdfa,613,content/abd_lineage/00_formal/raw_run/task_status/A__d3a0899e-2093-454c-9f65-30087883193a_8_3.json,6a15a8b02c50796c837e68813fa16ed7bbdcfcf8ae87ff00da7aa39351cbafd5,515,ABD formal raw per-task/run record,absolute_personal_path_redaction_only,1
outputs/abd_eval300_formal_v1/task_status/A__d3a0899e-2093-454c-9f65-30087883193a_8_36.json,f10c18a1eaab1ea35d64bab96eab5543466494e763a5435b59a186956d105b16,616,content/abd_lineage/00_formal/raw_run/task_status/A__d3a0899e-2093-454c-9f65-30087883193a_8_36.json,90558c3f034486798a87091f68a622c5491bc6138db97cd53af0a2bfb85dafb0,518,ABD formal raw per-task/run record,absolute_personal_path_redaction_only,1
outputs/abd_eval300_formal_v1/task_status/A__db3f7933-dfa0-4678-9d4f-393b628ded45_11_2.json,f2472d5775d422e9e564a8f7b900c68355221b1e49d3381dd37e41e11accf54f,616,content/abd_lineage/00_formal/raw_run/task_status/A__db3f7933-dfa0-4678-9d4f-393b628ded45_11_2.json,3db448bab2f451d06ae6a106792559fa8ec789982f1e5916af9fe12a9cbc898c,518,ABD formal raw per-task/run record,absolute_personal_path_redaction_only,1
outputs/abd_eval300_formal_v1/task_status/A__db3f7933-dfa0-4678-9d4f-393b628ded45_12_15.json,1a5311a1ae0ec7422ded43de7660f3912b055e071731a5713289591bf501c2b0,619,content/abd_lineage/00_formal/raw_run/task_status/A__db3f7933-dfa0-4678-9d4f-393b628ded45_12_15.json,6aae80419ebb12c3c0551b8a5b9e52eaa35db7a69317ac34ce8cc8082eb4e11e,521,ABD formal raw per-task/run record,absolute_personal_path_redaction_only,1
outputs/abd_eval300_formal_v1/task_status/A__db3f7933-dfa0-4678-9d4f-393b628ded45_17_1.json,41f1bc1ccc7b304989901eea844dafd2e50532a37908041f53c907fac75d068e,616,content/abd_lineage/00_formal/raw_run/task_status/A__db3f7933-dfa0-4678-9d4f-393b628ded45_17_1.json,e2742b90c21f8f0c382ebc0cbe8288386dcd8b9d2a67b9dbd110058c4875b1c0,518,ABD formal raw per-task/run record,absolute_personal_path_redaction_only,1
outputs/abd_eval300_formal_v1/task_status/A__db3f7933-dfa0-4678-9d4f-393b628ded45_17_11.json,b8e11bf5b4518daf29abcced3d3c1de1eb01d9a8ecef07d278dbffdf34c979c5,619,content/abd_lineage/00_formal/raw_run/task_status/A__db3f7933-dfa0-4678-9d4f-393b628ded45_17_11.json,dae301c967c212936627de1b008e3732d190e2113eb3b8593b3b3b2aefb4c915,521,ABD formal raw per-task/run record,absolute_personal_path_redaction_only,1
outputs/abd_eval300_formal_v1/task_status/A__db3f7933-dfa0-4678-9d4f-393b628ded45_17_13.json,b4c0d51300f1c7b02e85b69636fdd13e7f2fbdc7b23cea33c1837451730efc0b,619,content/abd_lineage/00_formal/raw_run/task_status/A__db3f7933-dfa0-4678-9d4f-393b628ded45_17_13.json,a1971abb641745f2881bc02d675c7cf34adf2fda4bd420ba7708409ec813e917,521,ABD formal raw per-task/run record,absolute_personal_path_redaction_only,1
outputs/abd_eval300_formal_v1/task_status/A__db3f7933-dfa0-4678-9d4f-393b628ded45_17_29.json,58309bc13bb4c86eb411284e573656994fdbae2eb3d04a944d6aba7cbc347687,619,content/abd_lineage/00_formal/raw_run/task_status/A__db3f7933-dfa0-4678-9d4f-393b628ded45_17_29.json,903af2aa5631310ee9a7e6492444bdbe2c4566b6c67c3ca53137f592ef339333,521,ABD formal raw per-task/run record,absolute_personal_path_redaction_only,1
outputs/abd_eval300_formal_v1/task_status/A__db3f7933-dfa0-4678-9d4f-393b628ded45_20_1.json,d10125adbca0f18fda0d93d7ca385b8d075347df1bebaa911e42c9c9ab7b47f7,616,content/abd_lineage/00_formal/raw_run/task_status/A__db3f7933-dfa0-4678-9d4f-393b628ded45_20_1.json,2a441f4db3a2dca73b7005f58aaaa03146e446457b46355b9504ac423593c8de,518,ABD formal raw per-task/run record,absolute_personal_path_redaction_only,1
outputs/abd_eval300_formal_v1/task_status/A__db3f7933-dfa0-4678-9d4f-393b628ded45_21_27.json,9992064ae32fbb22935019a5717ac1ad09404c0301a8e81648ce91132212f2ef,619,content/abd_lineage/00_formal/raw_run/task_status/A__db3f7933-dfa0-4678-9d4f-393b628ded45_21_27.json,8c576ee34eed8b636532d4887931eb69998cb236db4b6e7180e2df030ffc4c5a,521,ABD formal raw per-task/run record,absolute_personal_path_redaction_only,1
outputs/abd_eval300_formal_v1/task_status/A__db3f7933-dfa0-4678-9d4f-393b628ded45_22_12.json,b673958ff1c516e9c87b33a281d6d7cfcf52b1d932aef3f18ccac43e54c7d410,619,content/abd_lineage/00_formal/raw_run/task_status/A__db3f7933-dfa0-4678-9d4f-393b628ded45_22_12.json,8ee05de1e0507562c591f9c1ff1a39901f63b8a710cd9ae14cccb9bc49d1a7d9,521,ABD formal raw per-task/run record,absolute_personal_path_redaction_only,1
outputs/abd_eval300_formal_v1/task_status/A__db3f7933-dfa0-4678-9d4f-393b628ded45_22_24.json,d73da31b15522c5fbfd803db9b649355d20ad5988d53056c8a03ab07f1e2ded6,619,content/abd_lineage/00_formal/raw_run/task_status/A__db3f7933-dfa0-4678-9d4f-393b628ded45_22_24.json,b80c3d88a378fce772f4fad4856c812005db406236eef911f1f7d78336e38c54,521,ABD formal raw per-task/run record,absolute_personal_path_redaction_only,1
outputs/abd_eval300_formal_v1/task_status/A__db3f7933-dfa0-4678-9d4f-393b628ded45_22_5.json,001d1bb864ad1a734d7d15a1c15b23549f665b2b041927cf81a13824fcbc279e,616,content/abd_lineage/00_formal/raw_run/task_status/A__db3f7933-dfa0-4678-9d4f-393b628ded45_22_5.json,008a9092630166ba0a77e87f761506d15f4d4b55388a5919eb057d91162ec2fd,518,ABD formal raw per-task/run record,absolute_personal_path_redaction_only,1
outputs/abd_eval300_formal_v1/task_status/A__db3f7933-dfa0-4678-9d4f-393b628ded45_2_1.json,3eb305b1e4949d6fd7ba93b02ef8ce09ef468751697a864d3a712dc4c2f68cce,613,content/abd_lineage/00_formal/raw_run/task_status/A__db3f7933-dfa0-4678-9d4f-393b628ded45_2_1.json,c0d29e607bcf78a35a0c7026544ee9a6426a6853125201b265025a3853c94395,515,ABD formal raw per-task/run record,absolute_personal_path_redaction_only,1
outputs/abd_eval300_formal_v1/task_status/A__db3f7933-dfa0-4678-9d4f-393b628ded45_4_22.json,a3dce905440e2a965cf9e4ddfce17d4155e7bf6c34fcde175a2d26e17ab2c802,616,content/abd_lineage/00_formal/raw_run/task_status/A__db3f7933-dfa0-4678-9d4f-393b628ded45_4_22.json,88b61b698681680418e22db9204386f5ac112b0a15578962e41b797e808f206b,518,ABD formal raw per-task/run record,absolute_personal_path_redaction_only,1
outputs/abd_eval300_formal_v1/task_status/A__db3f7933-dfa0-4678-9d4f-393b628ded45_6_17.json,d34554fa5097037865a51074cc412ca5257a8077a4e48f877f3818bf1a349098,616,content/abd_lineage/00_formal/raw_run/task_status/A__db3f7933-dfa0-4678-9d4f-393b628ded45_6_17.json,56ee05f1a3fdab245a7ada267c4c6e900b423e44cb0aa3a0fa0d316c2b6c299e,518,ABD formal raw per-task/run record,absolute_personal_path_redaction_only,1
outputs/abd_eval300_formal_v1/task_status/A__db3f7933-dfa0-4678-9d4f-393b628ded45_6_25.json,c704a93a26391b20dd0e692b3ef8275268decdd7d84db3c337d5396e50d4692a,616,content/abd_lineage/00_formal/raw_run/task_status/A__db3f7933-dfa0-4678-9d4f-393b628ded45_6_25.json,b8c09f5cf538d1308645218d1d15bbce451d751d5a33175e323351425e70fb15,518,ABD formal raw per-task/run record,absolute_personal_path_redaction_only,1
outputs/abd_eval300_formal_v1/task_status/A__db3f7933-dfa0-4678-9d4f-393b628ded45_6_7.json,3093220ebdc442950c51f22b38053c2fabc34ee58846eae667484c4bf834bf97,613,content/abd_lineage/00_formal/raw_run/task_status/A__db3f7933-dfa0-4678-9d4f-393b628ded45_6_7.json,99028e73d1262f9d4591df3e3d5c930d879972d21a4a22577bdb0cd5cc417576,515,ABD formal raw per-task/run record,absolute_personal_path_redaction_only,1
outputs/abd_eval300_formal_v1/task_status/A__db3f7933-dfa0-4678-9d4f-393b628ded45_7_10.json,a7382dbf9e255c5a3223d7d7d2098a6c835c6c76351ea21d1fd08b8810e1ac2b,616,content/abd_lineage/00_formal/raw_run/task_status/A__db3f7933-dfa0-4678-9d4f-393b628ded45_7_10.json,2a5d4d79c7891d49b934ae0b0d6a2637964acc953d4f955a9e2ca80dfbf9f9ad,518,ABD formal raw per-task/run record,absolute_personal_path_redaction_only,1
outputs/abd_eval300_formal_v1/task_status/A__db3f7933-dfa0-4678-9d4f-393b628ded45_7_14.json,ea593e9c1e15fb63ccc579e143778819b3cea2f1283265f00db4503bd6ff6f8f,616,content/abd_lineage/00_formal/raw_run/task_status/A__db3f7933-dfa0-4678-9d4f-393b628ded45_7_14.json,5583a89c502d58afbbddddc6c213b412582038ccc43bbe9ec7791b9f252206d3,518,ABD formal raw per-task/run record,absolute_personal_path_redaction_only,1
outputs/abd_eval300_formal_v1/task_status/A__db3f7933-dfa0-4678-9d4f-393b628ded45_7_19.json,b0087eca4a7a0c79aad151685bcc113c6a439ec80f6027522889b6fd31972bec,616,content/abd_lineage/00_formal/raw_run/task_status/A__db3f7933-dfa0-4678-9d4f-393b628ded45_7_19.json,68483961a11b4629a6cdab6187bdc1324ff1b0aa731b79ed49442675fcea2d9d,518,ABD formal raw per-task/run record,absolute_personal_path_redaction_only,1
outputs/abd_eval300_formal_v1/task_status/A__db3f7933-dfa0-4678-9d4f-393b628ded45_7_21.json,18641461afc985d1109d790f6fdcfab90a4fb669139c21ce0dd2dc846fc6b172,616,content/abd_lineage/00_formal/raw_run/task_status/A__db3f7933-dfa0-4678-9d4f-393b628ded45_7_21.json,3544d7ac13aec3ead854f5365ab622a56eb3d6e959a9e4e6fed6f133c60a53bb,518,ABD formal raw per-task/run record,absolute_personal_path_redaction_only,1
outputs/abd_eval300_formal_v1/task_status/A__db3f7933-dfa0-4678-9d4f-393b628ded45_7_23.json,152da65dfbc509f5ab10225015e16744bd4b2970fcb5ece266114de9149abf62,616,content/abd_lineage/00_formal/raw_run/task_status/A__db3f7933-dfa0-4678-9d4f-393b628ded45_7_23.json,c291feb05040e0f25adfa060beb5cfdd1331ac181e3c8aa212b2b1f317ca339a,518,ABD formal raw per-task/run record,absolute_personal_path_redaction_only,1
outputs/abd_eval300_formal_v1/task_status/A__db3f7933-dfa0-4678-9d4f-393b628ded45_7_28.json,dd093ac70bf301e99280ac3d95a8cab0577516c1cea120575dc7c53848ce01c4,616,content/abd_lineage/00_formal/raw_run/task_status/A__db3f7933-dfa0-4678-9d4f-393b628ded45_7_28.json,041ea22bebe29b71e89e4459ab8502342037446140856112cbff3b04c2a6e439,518,ABD formal raw per-task/run record,absolute_personal_path_redaction_only,1
outputs/abd_eval300_formal_v1/task_status/A__db3f7933-dfa0-4678-9d4f-393b628ded45_7_6.json,f0866fc65762acb3886bdf5cb4d0dc9fa947b53b04433efb4b8827af9f27a92c,613,content/abd_lineage/00_formal/raw_run/task_status/A__db3f7933-dfa0-4678-9d4f-393b628ded45_7_6.json,3501e2cd51b8a26deb2342b4efaa3dd101424ef8923aeae403b631c8b281eae3,515,ABD formal raw per-task/run record,absolute_personal_path_redaction_only,1
outputs/abd_eval300_formal_v1/task_status/A__db3f7933-dfa0-4678-9d4f-393b628ded45_7_8.json,e324c911071e81578129640e3c16302e67d36501930ea6028d4eeb77b54ce27b,613,content/abd_lineage/00_formal/raw_run/task_status/A__db3f7933-dfa0-4678-9d4f-393b628ded45_7_8.json,230e5531e5878d7e1340172774cf51b080fb203454b11436fe1894eccfb021ce,515,ABD formal raw per-task/run record,absolute_personal_path_redaction_only,1
outputs/abd_eval300_formal_v1/task_status/A__db3f7933-dfa0-4678-9d4f-393b628ded45_8_4.json,6abc47d10ec5ce346c7de663073a7c10735b1cb03b3b6b75f6f8cccd337e66ae,613,content/abd_lineage/00_formal/raw_run/task_status/A__db3f7933-dfa0-4678-9d4f-393b628ded45_8_4.json,54cf5122af794cb23329a7ed86743ede690fe4d5633cee190d8f006b7e0488ea,515,ABD formal raw per-task/run record,absolute_personal_path_redaction_only,1
outputs/abd_eval300_formal_v1/task_status/B__115774b6-534d-444f-b7aa-d1b834eb0ee7_12_27.json,dc00d98ea5b0170158a71ad8ce5443eba126338f8019ce382b7f17bf47233e0c,619,content/abd_lineage/00_formal/raw_run/task_status/B__115774b6-534d-444f-b7aa-d1b834eb0ee7_12_27.json,bde724b3825aa006b048d76bf03ed2a6fca9ef6c5e3f3b76cb0f8b9fe8729522,521,ABD formal raw per-task/run record,absolute_personal_path_redaction_only,1
outputs/abd_eval300_formal_v1/task_status/B__115774b6-534d-444f-b7aa-d1b834eb0ee7_17_12.json,bc85cef442844c7d357b3b3978d5b643b02be65ab21b1c19354838bdc262df04,619,content/abd_lineage/00_formal/raw_run/task_status/B__115774b6-534d-444f-b7aa-d1b834eb0ee7_17_12.json,338ed1431400a74a0a27b773a9258b2d72420be042d01946e761a1350d6b1440,521,ABD formal raw per-task/run record,absolute_personal_path_redaction_only,1
outputs/abd_eval300_formal_v1/task_status/B__115774b6-534d-444f-b7aa-d1b834eb0ee7_17_14.json,ecf6a8bee8c52f84d9e9de23bd3adbff5e707c891b687ee0dee0674fe3882f2e,619,content/abd_lineage/00_formal/raw_run/task_status/B__115774b6-534d-444f-b7aa-d1b834eb0ee7_17_14.json,be833cdb68bdf49f93a59ddc98e00962acf98b63a8d3ea48f84e22e2c723e995,521,ABD formal raw per-task/run record,absolute_personal_path_redaction_only,1
outputs/abd_eval300_formal_v1/task_status/B__115774b6-534d-444f-b7aa-d1b834eb0ee7_17_31.json,e4a56159c27faff6345232425c4c0e4beef5e74f6ed5faedea92174cce484c73,619,content/abd_lineage/00_formal/raw_run/task_status/B__115774b6-534d-444f-b7aa-d1b834eb0ee7_17_31.json,46777b9b01cfacaefc79eee31e2eb07bc26c991af994c7b3b3b7ae53dbaaeb9b,521,ABD formal raw per-task/run record,absolute_personal_path_redaction_only,1
outputs/abd_eval300_formal_v1/task_status/B__115774b6-534d-444f-b7aa-d1b834eb0ee7_17_7.json,73bc79fbca7c0d25c0c81d9c32336e2c6d68c5ea85ccd827535c1986c3b5d92b,616,content/abd_lineage/00_formal/raw_run/task_status/B__115774b6-534d-444f-b7aa-d1b834eb0ee7_17_7.json,1831bb9e9e07722def042c2d5f2fb8abe2e11dc698f084cd96ac0ed40100cea6,518,ABD formal raw per-task/run record,absolute_personal_path_redaction_only,1
outputs/abd_eval300_formal_v1/task_status/B__115774b6-534d-444f-b7aa-d1b834eb0ee7_1_1.json,eccc1fab4384d11faed1f5b4802f43434a29fa071cb0aa6cf0ed72a0830e6e9a,613,content/abd_lineage/00_formal/raw_run/task_status/B__115774b6-534d-444f-b7aa-d1b834eb0ee7_1_1.json,d57d3407717c457039de81d6d6b84e9559b4bbb6fd844dc1e417f2bf22cdf92a,515,ABD formal raw per-task/run record,absolute_personal_path_redaction_only,1
outputs/abd_eval300_formal_v1/task_status/B__115774b6-534d-444f-b7aa-d1b834eb0ee7_1_3.json,60aea4c4b966e320fd0f2828a4f0caa0ad0d9a61bdb1b944d5ed41d3ebe2a64d,613,content/abd_lineage/00_formal/raw_run/task_status/B__115774b6-534d-444f-b7aa-d1b834eb0ee7_1_3.json,3d2edf67252f0ad66838c82005db08effd34ab1e2cc8da1b19d50201ebe78182,515,ABD formal raw per-task/run record,absolute_personal_path_redaction_only,1
outputs/abd_eval300_formal_v1/task_status/B__115774b6-534d-444f-b7aa-d1b834eb0ee7_2_2.json,cfe5bcbba5989b1c4b8e827482e97d52be1000ad642a440430224a6d82010425,613,content/abd_lineage/00_formal/raw_run/task_status/B__115774b6-534d-444f-b7aa-d1b834eb0ee7_2_2.json,1969b231eb90358e70d8f5f14250863ab044cde6c5dfb2edeca0fa9f9a1b34f1,515,ABD formal raw per-task/run record,absolute_personal_path_redaction_only,1
outputs/abd_eval300_formal_v1/task_status/B__115774b6-534d-444f-b7aa-d1b834eb0ee7_2_4.json,964932cb0d463e8cf6d94a8b04ea6413c0ccc557f1503e03e4c674944ac0ab16,613,content/abd_lineage/00_formal/raw_run/task_status/B__115774b6-534d-444f-b7aa-d1b834eb0ee7_2_4.json,607e40e494914241f770b1b534df0954d22050d7642dc1fb12b1c0188ce75ed1,515,ABD formal raw per-task/run record,absolute_personal_path_redaction_only,1
outputs/abd_eval300_formal_v1/task_status/B__115774b6-534d-444f-b7aa-d1b834eb0ee7_3_21.json,5bdcf127603cb5354862b8eb06d31ebbef7c08484139ec127a90a81f6efd44d5,616,content/abd_lineage/00_formal/raw_run/task_status/B__115774b6-534d-444f-b7aa-d1b834eb0ee7_3_21.json,2e5d9ff5276e948077a769b3f6590477e6494867bcfc2815f94e985a5e6e78ec,518,ABD formal raw per-task/run record,absolute_personal_path_redaction_only,1
outputs/abd_eval300_formal_v1/task_status/B__115774b6-534d-444f-b7aa-d1b834eb0ee7_3_23.json,7c40e838ea76a94d98ee6318fa99c9f7d75c2b0f536c4a71ace1a86e96b32abc,616,content/abd_lineage/00_formal/raw_run/task_status/B__115774b6-534d-444f-b7aa-d1b834eb0ee7_3_23.json,8d2c833cf791cc5c3a3873d65e5011ee345d4965243cbdf3eb1bba9a1cd628b1,518,ABD formal raw per-task/run record,absolute_personal_path_redaction_only,1
outputs/abd_eval300_formal_v1/task_status/B__115774b6-534d-444f-b7aa-d1b834eb0ee7_3_6.json,29f498272976f738ff15fa067a61f5b62f4225bc442fe5506ca1cbfb97fdf877,613,content/abd_lineage/00_formal/raw_run/task_status/B__115774b6-534d-444f-b7aa-d1b834eb0ee7_3_6.json,6b6f1ade81c3417a4d0ee7c69bc20ca7d3d577f00e1c41ae12504dc0f1bf5dcb,515,ABD formal raw per-task/run record,absolute_personal_path_redaction_only,1
outputs/abd_eval300_formal_v1/task_status/B__115774b6-534d-444f-b7aa-d1b834eb0ee7_4_1.json,42e5b3b379c985112db34b1a414adf5374651b64c3bb2334293bd5cbcbaea512,613,content/abd_lineage/00_formal/raw_run/task_status/B__115774b6-534d-444f-b7aa-d1b834eb0ee7_4_1.json,8e9627972c68b4f0036317ab83622efa0656db5e1116d44b5d0efb49674e3ead,515,ABD formal raw per-task/run record,absolute_personal_path_redaction_only,1
outputs/abd_eval300_formal_v1/task_status/B__115774b6-534d-444f-b7aa-d1b834eb0ee7_4_25.json,ee712c31f8368f11e69550394280093b336b2e17b8409f7473c77b1ec30ff4bc,616,content/abd_lineage/00_formal/raw_run/task_status/B__115774b6-534d-444f-b7aa-d1b834eb0ee7_4_25.json,79db716a1c3274e1e4979fe74dbbe72deb6597bea8c58eba462ce9118a2ee556,518,ABD formal raw per-task/run record,absolute_personal_path_redaction_only,1
outputs/abd_eval300_formal_v1/task_status/B__115774b6-534d-444f-b7aa-d1b834eb0ee7_5_29.json,fc5410dbda47dd881025f2bd589c6d9341b00d46436e1d52555a4fc4e2b06134,616,content/abd_lineage/00_formal/raw_run/task_status/B__115774b6-534d-444f-b7aa-d1b834eb0ee7_5_29.json,b5173aed2ffc3f14d44341ad631f2900c52aff7e0cec05fc85493eef1193220a,518,ABD formal raw per-task/run record,absolute_personal_path_redaction_only,1
outputs/abd_eval300_formal_v1/task_status/B__115774b6-534d-444f-b7aa-d1b834eb0ee7_5_5.json,17483706d33a00cd4049e16ab249558f19b4a1699ab2d90980271b068ccc268c,613,content/abd_lineage/00_formal/raw_run/task_status/B__115774b6-534d-444f-b7aa-d1b834eb0ee7_5_5.json,742d46a194fda4c8e944b4b1e55974b43b373ea1e060c449ba40d3fa1ae0dc55,515,ABD formal raw per-task/run record,absolute_personal_path_redaction_only,1
outputs/abd_eval300_formal_v1/task_status/B__115774b6-534d-444f-b7aa-d1b834eb0ee7_6_2.json,1ed0e11b38f11634327de200320cdc2a78f4ff6167903818c8255ea27afff872,613,content/abd_lineage/00_formal/raw_run/task_status/B__115774b6-534d-444f-b7aa-d1b834eb0ee7_6_2.json,889fba6cf17e7b2a71a5b3a7b204e5a7f8e5d01f7ec179597d89b6bdf9d791f0,515,ABD formal raw per-task/run record,absolute_personal_path_redaction_only,1
outputs/abd_eval300_formal_v1/task_status/B__115774b6-534d-444f-b7aa-d1b834eb0ee7_6_24.json,e5d801116b2a5bde7bb57c6a221278b5e10f8b1c961769d8b0857e2d96521d0c,616,content/abd_lineage/00_formal/raw_run/task_status/B__115774b6-534d-444f-b7aa-d1b834eb0ee7_6_24.json,6f06629adcf747fcf03071ee1ca6e1eac1921f4e14d3486a3ae06e1ac9f737ee,518,ABD formal raw per-task/run record,absolute_personal_path_redaction_only,1
outputs/abd_eval300_formal_v1/task_status/B__115774b6-534d-444f-b7aa-d1b834eb0ee7_6_3.json,68cfc92028ec077aa71b8c60f2814089a88bc5e257422045beacd173f281900c,613,content/abd_lineage/00_formal/raw_run/task_status/B__115774b6-534d-444f-b7aa-d1b834eb0ee7_6_3.json,8b28d883ccc7b31d02837312d2c9a3cf30793d858efa34e526404a1eaf0a7033,515,ABD formal raw per-task/run record,absolute_personal_path_redaction_only,1
outputs/abd_eval300_formal_v1/task_status/B__115774b6-534d-444f-b7aa-d1b834eb0ee7_6_4.json,3250e632cb417b60f54a3c50182dda04b114ee40c0599d7a6de1e6bd85039d5a,613,content/abd_lineage/00_formal/raw_run/task_status/B__115774b6-534d-444f-b7aa-d1b834eb0ee7_6_4.json,420a14dd6e6ba7ee7578ba852993cc2e4b256392f7f3465ffeac177b47577c17,515,ABD formal raw per-task/run record,absolute_personal_path_redaction_only,1
outputs/abd_eval300_formal_v1/task_status/B__115774b6-534d-444f-b7aa-d1b834eb0ee7_7_10.json,5c3b6290e24811e1e19efb3b51888c85227c6a1d9ece8a30aac052d05a2dda4f,616,content/abd_lineage/00_formal/raw_run/task_status/B__115774b6-534d-444f-b7aa-d1b834eb0ee7_7_10.json,8ee2758248306c0483a6c4a28c1a42f5e0db10ba793dcf443bdf2100d2abf9ce,518,ABD formal raw per-task/run record,absolute_personal_path_redaction_only,1
outputs/abd_eval300_formal_v1/task_status/B__115774b6-534d-444f-b7aa-d1b834eb0ee7_7_22.json,3db05290052dbaea820bcbb8085795b0ecb8416aa0a8b435498675e1617be4eb,616,content/abd_lineage/00_formal/raw_run/task_status/B__115774b6-534d-444f-b7aa-d1b834eb0ee7_7_22.json,4ff776eb5553db875f5492f8a007207ae2325aa1ec75fa711abaa956d9f4a88e,518,ABD formal raw per-task/run record,absolute_personal_path_redaction_only,1
outputs/abd_eval300_formal_v1/task_status/B__115774b6-534d-444f-b7aa-d1b834eb0ee7_8_13.json,fc6c257fd68e4694592acc7475231ef857a183435b0ac9704ee4a5aa53cbef5f,616,content/abd_lineage/00_formal/raw_run/task_status/B__115774b6-534d-444f-b7aa-d1b834eb0ee7_8_13.json,c388c39f4554d55bca521c9329ef23df72fca91cd98ad61a0fac6f7e79a94ec8,518,ABD formal raw per-task/run record,absolute_personal_path_redaction_only,1
outputs/abd_eval300_formal_v1/task_status/B__115774b6-534d-444f-b7aa-d1b834eb0ee7_8_26.json,c74827d523751fde58345177b831ed980ab657388bbb3dcdb4b9c23509e376cd,616,content/abd_lineage/00_formal/raw_run/task_status/B__115774b6-534d-444f-b7aa-d1b834eb0ee7_8_26.json,f87e5b016d6cede311b52a882345a5887116698abcc2825dab1185be6f941ebb,518,ABD formal raw per-task/run record,absolute_personal_path_redaction_only,1
outputs/abd_eval300_formal_v1/task_status/B__115774b6-534d-444f-b7aa-d1b834eb0ee7_8_8.json,bfbebd2d4e710a6bff47c6fb1c1685f46cf65f30f300fa79b6d5a4a447f92358,613,content/abd_lineage/00_formal/raw_run/task_status/B__115774b6-534d-444f-b7aa-d1b834eb0ee7_8_8.json,51b959a26aa03b52bd6fca65d94c8511e1d6c4ec7d7abc180ed16e54ca18ab13,515,ABD formal raw per-task/run record,absolute_personal_path_redaction_only,1
outputs/abd_eval300_formal_v1/task_status/B__41a86310-2cc1-48f9-b5b5-6b495a95fbac_11_1.json,8f8db225039a633afb31857961811b23a6a88c122d6a092802e3500f612aa2d5,616,content/abd_lineage/00_formal/raw_run/task_status/B__41a86310-2cc1-48f9-b5b5-6b495a95fbac_11_1.json,83f598a7317a658c46f0ac199e5558804df24b85d86e589d02322b48f269d251,518,ABD formal raw per-task/run record,absolute_personal_path_redaction_only,1
outputs/abd_eval300_formal_v1/task_status/B__41a86310-2cc1-48f9-b5b5-6b495a95fbac_11_19.json,b478bb99d1224d146517e5b6ea735f2f0c357541d6e6ac270e46ba4e24b4ae1e,619,content/abd_lineage/00_formal/raw_run/task_status/B__41a86310-2cc1-48f9-b5b5-6b495a95fbac_11_19.json,a4ff8f5aee0e68cc459a9e6a5d266926c47cd35376ae23fa63df465b276f6e98,521,ABD formal raw per-task/run record,absolute_personal_path_redaction_only,1
outputs/abd_eval300_formal_v1/task_status/B__41a86310-2cc1-48f9-b5b5-6b495a95fbac_11_31.json,382dd8134d7b289e410f088c7f1404c450ed83d47865365004cac5935060095b,619,content/abd_lineage/00_formal/raw_run/task_status/B__41a86310-2cc1-48f9-b5b5-6b495a95fbac_11_31.json,4795f10891c3c61de63b2db0a8bd8bb48847cf2a4540ffeeac0abdf6d4ebbcad,521,ABD formal raw per-task/run record,absolute_personal_path_redaction_only,1
outputs/abd_eval300_formal_v1/task_status/B__41a86310-2cc1-48f9-b5b5-6b495a95fbac_11_34.json,bf1def3a6eb180286141d758a4c0b237aee231806bc8d468820830815868b344,619,content/abd_lineage/00_formal/raw_run/task_status/B__41a86310-2cc1-48f9-b5b5-6b495a95fbac_11_34.json,e2dc01feb6ecd307e086f22d8323b2767cfcf82d3283ac54041f4965ace6d71c,521,ABD formal raw per-task/run record,absolute_personal_path_redaction_only,1
outputs/abd_eval300_formal_v1/task_status/B__41a86310-2cc1-48f9-b5b5-6b495a95fbac_11_4.json,a143dfca98cdb558f13f09220ee8fe4a305afa1f77a712d6c783131dc9964015,616,content/abd_lineage/00_formal/raw_run/task_status/B__41a86310-2cc1-48f9-b5b5-6b495a95fbac_11_4.json,7bb2c3699c697cbc97bbdc2bf91afd443597ca5630f54d9c826c4323d0399d14,518,ABD formal raw per-task/run record,absolute_personal_path_redaction_only,1
outputs/abd_eval300_formal_v1/task_status/B__41a86310-2cc1-48f9-b5b5-6b495a95fbac_17_10.json,e264d7b3c777a3396d7bac61f69684d7fabe3bbe9603ec461ccfaf5b5df217ca,619,content/abd_lineage/00_formal/raw_run/task_status/B__41a86310-2cc1-48f9-b5b5-6b495a95fbac_17_10.json,63cc5b9450a28a79f2948c0fb138f64b95f39d6f06b4cf4e3af2edafd5d2e58c,521,ABD formal raw per-task/run record,absolute_personal_path_redaction_only,1
outputs/abd_eval300_formal_v1/task_status/B__41a86310-2cc1-48f9-b5b5-6b495a95fbac_17_13.json,a5e784a372e8826419d8dfe9114566f64e2529f4d923e820705b70574541583d,619,content/abd_lineage/00_formal/raw_run/task_status/B__41a86310-2cc1-48f9-b5b5-6b495a95fbac_17_13.json,73f04bf528ed157a4927a036f4b48c4dfed8c9aa6c6a8c2313b85e064b19b758,521,ABD formal raw per-task/run record,absolute_personal_path_redaction_only,1
outputs/abd_eval300_formal_v1/task_status/B__41a86310-2cc1-48f9-b5b5-6b495a95fbac_17_15.json,6956a781364578bec47f321228a56c3d3d8264b31ea5a9c8d0eeebc5f57f5cdf,619,content/abd_lineage/00_formal/raw_run/task_status/B__41a86310-2cc1-48f9-b5b5-6b495a95fbac_17_15.json,fa9839e6fdf0bafabe2e6061bc2ef0615295ac37dbe6c2a1bcf9022dda6d9c8b,521,ABD formal raw per-task/run record,absolute_personal_path_redaction_only,1
outputs/abd_eval300_formal_v1/task_status/B__41a86310-2cc1-48f9-b5b5-6b495a95fbac_17_2.json,eeb317cbb65828ff30536c66625c38d9cd343261b9752e7aaa4628f0b2bd9160,616,content/abd_lineage/00_formal/raw_run/task_status/B__41a86310-2cc1-48f9-b5b5-6b495a95fbac_17_2.json,a99239e5d2557e4cab5cff6f932a0e2809b36eb1b67c8786a60f5a4d6c6bc78c,518,ABD formal raw per-task/run record,absolute_personal_path_redaction_only,1
outputs/abd_eval300_formal_v1/task_status/B__41a86310-2cc1-48f9-b5b5-6b495a95fbac_17_21.json,31473ed5d593462191f6fc676c9488d2c6b023351978a1085fb07228e9de621f,619,content/abd_lineage/00_formal/raw_run/task_status/B__41a86310-2cc1-48f9-b5b5-6b495a95fbac_17_21.json,7a8624b579559be7a2bece6136875d0114ab0b7e51b3dff66418c4101a41d1ce,521,ABD formal raw per-task/run record,absolute_personal_path_redaction_only,1
outputs/abd_eval300_formal_v1/task_status/B__41a86310-2cc1-48f9-b5b5-6b495a95fbac_17_23.json,62cc7bfe20ee1636a5b851cb614f2630a7d517617148242e917160eed90b0e4f,619,content/abd_lineage/00_formal/raw_run/task_status/B__41a86310-2cc1-48f9-b5b5-6b495a95fbac_17_23.json,92164f450f8adc5796d3e5019f522c19e89e0c1baa80d86a4bbbf18e2589b7f6,521,ABD formal raw per-task/run record,absolute_personal_path_redaction_only,1
outputs/abd_eval300_formal_v1/task_status/B__41a86310-2cc1-48f9-b5b5-6b495a95fbac_17_26.json,a55a01cfa7e2c4912fc6fcf7d284e5d94f886833ea78d2d7756137935b21d7bc,619,content/abd_lineage/00_formal/raw_run/task_status/B__41a86310-2cc1-48f9-b5b5-6b495a95fbac_17_26.json,67f32d20acd2b32cb9d1457cfec2a2f4f11eb2893d8c5f60c772a57df9efee77,521,ABD formal raw per-task/run record,absolute_personal_path_redaction_only,1
outputs/abd_eval300_formal_v1/task_status/B__41a86310-2cc1-48f9-b5b5-6b495a95fbac_17_33.json,4253dea0715386b142cc0f100b4f402764b02903bd8fa0b7be80fdc8fda515b1,619,content/abd_lineage/00_formal/raw_run/task_status/B__41a86310-2cc1-48f9-b5b5-6b495a95fbac_17_33.json,8ce562512d6985c3848fc4c32e44709e97cdd27198e566fb77433661a68cbeca,521,ABD formal raw per-task/run record,absolute_personal_path_redaction_only,1
outputs/abd_eval300_formal_v1/task_status/B__41a86310-2cc1-48f9-b5b5-6b495a95fbac_17_38.json,3f944a50ee09e59744b6ed70055bff1d3cbf469cc76ad76fbaf208fb5c38d57b,619,content/abd_lineage/00_formal/raw_run/task_status/B__41a86310-2cc1-48f9-b5b5-6b495a95fbac_17_38.json,a267064a6736b193315ebbbb907a811dc5a927254ee5c6afa88cb88e0234d513,521,ABD formal raw per-task/run record,absolute_personal_path_redaction_only,1
outputs/abd_eval300_formal_v1/task_status/B__41a86310-2cc1-48f9-b5b5-6b495a95fbac_23_8.json,2e19cdbd338d88d13e119a29c502a8d02052982597ffdf82dc9ff8548618f622,616,content/abd_lineage/00_formal/raw_run/task_status/B__41a86310-2cc1-48f9-b5b5-6b495a95fbac_23_8.json,81ef22f4ae5fcdd77e8e931d1ae92f69f5f60541f2c046396baab6d38a25cb93,518,ABD formal raw per-task/run record,absolute_personal_path_redaction_only,1
outputs/abd_eval300_formal_v1/task_status/B__41a86310-2cc1-48f9-b5b5-6b495a95fbac_4_25.json,405b9e330780f5b960fb4e2c1a1b0b2153366f662d38526bc5d6acfc721b0f57,616,content/abd_lineage/00_formal/raw_run/task_status/B__41a86310-2cc1-48f9-b5b5-6b495a95fbac_4_25.json,5e53254084fc2c23e7ee713f4f962299ce3ac0f2ea1cd63d64b71e85734af030,518,ABD formal raw per-task/run record,absolute_personal_path_redaction_only,1
outputs/abd_eval300_formal_v1/task_status/B__41a86310-2cc1-48f9-b5b5-6b495a95fbac_5_20.json,61ed19772bcf807b7a7ab0da5a5d487ed3a55d5132587b5ba3dbe67eeaaecafa,616,content/abd_lineage/00_formal/raw_run/task_status/B__41a86310-2cc1-48f9-b5b5-6b495a95fbac_5_20.json,a76458d9905f7296328de044bae36dea1325fd68f0116426562f2fae8b9c76c7,518,ABD formal raw per-task/run record,absolute_personal_path_redaction_only,1
outputs/abd_eval300_formal_v1/task_status/B__41a86310-2cc1-48f9-b5b5-6b495a95fbac_6_14.json,e799aaaceed8ff423a51801af82451e39f0015c5f8cd744d39c01361751926fe,616,content/abd_lineage/00_formal/raw_run/task_status/B__41a86310-2cc1-48f9-b5b5-6b495a95fbac_6_14.json,f734d73727d9861740a81d8c73f387c6c46ef504cf3c1ee5faa24f2c6964bd57,518,ABD formal raw per-task/run record,absolute_personal_path_redaction_only,1
outputs/abd_eval300_formal_v1/task_status/B__41a86310-2cc1-48f9-b5b5-6b495a95fbac_6_24.json,954e81ac286b7b1a7d9f65fecb1ced2dc6673c66f87b78ba419c06023acf3114,616,content/abd_lineage/00_formal/raw_run/task_status/B__41a86310-2cc1-48f9-b5b5-6b495a95fbac_6_24.json,134d7fa75e9cf1336251ffd350ff028810cfb951c11c7309cb22c823f9f2bf69,518,ABD formal raw per-task/run record,absolute_personal_path_redaction_only,1
outputs/abd_eval300_formal_v1/task_status/B__41a86310-2cc1-48f9-b5b5-6b495a95fbac_6_27.json,25e6d5ea69bbcd9a76072607b123419b4dc6e623d65a45e44903dc6897ddc3d9,616,content/abd_lineage/00_formal/raw_run/task_status/B__41a86310-2cc1-48f9-b5b5-6b495a95fbac_6_27.json,cbb5d0495285d43620c7b4fab3cba6e94a4862097d4c19dcfce72d498faa8d79,518,ABD formal raw per-task/run record,absolute_personal_path_redaction_only,1
outputs/abd_eval300_formal_v1/task_status/B__41a86310-2cc1-48f9-b5b5-6b495a95fbac_6_32.json,3e077896759ee5ae62550f0b3954ea8e7018e5fe18620cb0530c074d8abf4c0b,616,content/abd_lineage/00_formal/raw_run/task_status/B__41a86310-2cc1-48f9-b5b5-6b495a95fbac_6_32.json,ff9458e707f0fa6895b7179cfe98520775491418df4322b75368973e9e054567,518,ABD formal raw per-task/run record,absolute_personal_path_redaction_only,1
outputs/abd_eval300_formal_v1/task_status/B__41a86310-2cc1-48f9-b5b5-6b495a95fbac_7_17.json,68cf7e046d68b054674b5d7ce6a8614960fe47fb1ea91ce052414860eade4e59,616,content/abd_lineage/00_formal/raw_run/task_status/B__41a86310-2cc1-48f9-b5b5-6b495a95fbac_7_17.json,a90c99ac19905b2a5b8124d900625bcba3dfb81a532dd19dbc168a2c84161d58,518,ABD formal raw per-task/run record,absolute_personal_path_redaction_only,1
outputs/abd_eval300_formal_v1/task_status/B__41a86310-2cc1-48f9-b5b5-6b495a95fbac_7_39.json,51388e79f284fa0386709fd8e6720be4a1bafa71e693e080a216452742352b27,616,content/abd_lineage/00_formal/raw_run/task_status/B__41a86310-2cc1-48f9-b5b5-6b495a95fbac_7_39.json,154b9f2bafc1a1f8fc2b45534917ce7524ba43755962ffab1c8162214a04cf8b,518,ABD formal raw per-task/run record,absolute_personal_path_redaction_only,1
outputs/abd_eval300_formal_v1/task_status/B__41a86310-2cc1-48f9-b5b5-6b495a95fbac_8_11.json,53648d25bbf5d2829fbe0031d1815e631288f3e60ec03d377346f36d2cc57f94,616,content/abd_lineage/00_formal/raw_run/task_status/B__41a86310-2cc1-48f9-b5b5-6b495a95fbac_8_11.json,af6253227671bbc55082b84fb6bd0d92ac2252578fd1f54e9ff60cf43c3a8ec8,518,ABD formal raw per-task/run record,absolute_personal_path_redaction_only,1
outputs/abd_eval300_formal_v1/task_status/B__41a86310-2cc1-48f9-b5b5-6b495a95fbac_8_22.json,d710c39b2cb2692c4ca98fe11e7b2d753ab12a2f0e41bdd4f223ecf035c154b9,616,content/abd_lineage/00_formal/raw_run/task_status/B__41a86310-2cc1-48f9-b5b5-6b495a95fbac_8_22.json,151c1f77268ef509a37e6d16859d35eea6a74a60c54df8cc49657c23f0b0f352,518,ABD formal raw per-task/run record,absolute_personal_path_redaction_only,1
outputs/abd_eval300_formal_v1/task_status/B__4572b198-2c1c-4920-bcf0-95fcebe12261_13_1.json,1891c972e9d66ebaeb16735fd761dd03401a71d60f5e99d69d4e22a728cd36cc,616,content/abd_lineage/00_formal/raw_run/task_status/B__4572b198-2c1c-4920-bcf0-95fcebe12261_13_1.json,457691725c0fa6cfd111f88845f470eb0f09534cdb290641f7a6a847c397b05c,518,ABD formal raw per-task/run record,absolute_personal_path_redaction_only,1
outputs/abd_eval300_formal_v1/task_status/B__4572b198-2c1c-4920-bcf0-95fcebe12261_15_1.json,4c3f4c9507f7728cb7873fa51d2348dc192bb4c736984ab3d68f0c8ce94f034b,616,content/abd_lineage/00_formal/raw_run/task_status/B__4572b198-2c1c-4920-bcf0-95fcebe12261_15_1.json,dd0d5d32c66e615d1ef5fa39424565fea886512679eb82aba433fd6ed06e9eff,518,ABD formal raw per-task/run record,absolute_personal_path_redaction_only,1
outputs/abd_eval300_formal_v1/task_status/B__4572b198-2c1c-4920-bcf0-95fcebe12261_17_10.json,818ff99d9442bc4ee2c2aee8ec62a2a0cbc389f67663512c81ebe644f77e6b79,619,content/abd_lineage/00_formal/raw_run/task_status/B__4572b198-2c1c-4920-bcf0-95fcebe12261_17_10.json,b1dde5a591a752b4f72c503a02c4cf996b7b96669126f16ea475cd00fadc5dcf,521,ABD formal raw per-task/run record,absolute_personal_path_redaction_only,1
outputs/abd_eval300_formal_v1/task_status/B__4572b198-2c1c-4920-bcf0-95fcebe12261_17_14.json,449f95ee5c69d3589fbd35d8fde0d31e42a88dfa4868d568acf8edf19670dcd5,619,content/abd_lineage/00_formal/raw_run/task_status/B__4572b198-2c1c-4920-bcf0-95fcebe12261_17_14.json,eceedf2921de613e177217ade489d4e9ba1f3e3e95056faef31a899cabba73ea,521,ABD formal raw per-task/run record,absolute_personal_path_redaction_only,1
outputs/abd_eval300_formal_v1/task_status/B__4572b198-2c1c-4920-bcf0-95fcebe12261_17_15.json,9a473bbf99a0801042be5fa6eba4caa7d313c212f75938b82043e118ac2e4a9c,619,content/abd_lineage/00_formal/raw_run/task_status/B__4572b198-2c1c-4920-bcf0-95fcebe12261_17_15.json,dfaf743a2ae47fcd891d6c3c1b431b556542996e3b5ae26c7cda3edcb30fc56c,521,ABD formal raw per-task/run record,absolute_personal_path_redaction_only,1
outputs/abd_eval300_formal_v1/task_status/B__4572b198-2c1c-4920-bcf0-95fcebe12261_17_17.json,db630528e072916dc94c90083577a55b2589ae34d355400d31ebabf7acceee76,619,content/abd_lineage/00_formal/raw_run/task_status/B__4572b198-2c1c-4920-bcf0-95fcebe12261_17_17.json,39b23214e1d6aeb566d082b3becb71c36cd49f692a7e5fe951b10b83dd5532e0,521,ABD formal raw per-task/run record,absolute_personal_path_redaction_only,1
outputs/abd_eval300_formal_v1/task_status/B__4572b198-2c1c-4920-bcf0-95fcebe12261_17_25.json,67434c9533482311a7709b4f160e41d3b66bb83e8683ac7993d8ba43e12e910f,619,content/abd_lineage/00_formal/raw_run/task_status/B__4572b198-2c1c-4920-bcf0-95fcebe12261_17_25.json,9e7f412969d1c206c3ccb62def5fc3ef5aece4f5900cd7abd8622f13c55e573a,521,ABD formal raw per-task/run record,absolute_personal_path_redaction_only,1
outputs/abd_eval300_formal_v1/task_status/B__4572b198-2c1c-4920-bcf0-95fcebe12261_17_26.json,de77ca25319947c460fc7a50926ad89c3f2f54d3a470cc9881b599be85c320ca,619,content/abd_lineage/00_formal/raw_run/task_status/B__4572b198-2c1c-4920-bcf0-95fcebe12261_17_26.json,6d6a4438d6645dd5ae1849feb1ff2730ba60d6c056b44b79d4fc3fdcaed96beb,521,ABD formal raw per-task/run record,absolute_personal_path_redaction_only,1
outputs/abd_eval300_formal_v1/task_status/B__4572b198-2c1c-4920-bcf0-95fcebe12261_17_29.json,93362edc628d0beab5d04bd038f38295d975e9f77ae98b3af7576ce60fdaca34,619,content/abd_lineage/00_formal/raw_run/task_status/B__4572b198-2c1c-4920-bcf0-95fcebe12261_17_29.json,ac46c0e6a8cfd0a2fb38bfcec842de10ddfd70605de72ac7c7debac01b024fe4,521,ABD formal raw per-task/run record,absolute_personal_path_redaction_only,1
outputs/abd_eval300_formal_v1/task_status/B__4572b198-2c1c-4920-bcf0-95fcebe12261_17_39.json,166621e37d351b8f18afd0d0f52b3f84c783101883ba8835f0ea497736dba9da,619,content/abd_lineage/00_formal/raw_run/task_status/B__4572b198-2c1c-4920-bcf0-95fcebe12261_17_39.json,f6822d22ff85ab10f42363b009d3a1dca7d93fc032b966aa17186fd04614059c,521,ABD formal raw per-task/run record,absolute_personal_path_redaction_only,1
outputs/abd_eval300_formal_v1/task_status/B__4572b198-2c1c-4920-bcf0-95fcebe12261_2_1.json,d1c75599de396a8d9796a377607a2ec5c3e32af723dd43e01cca1b700e7602d1,613,content/abd_lineage/00_formal/raw_run/task_status/B__4572b198-2c1c-4920-bcf0-95fcebe12261_2_1.json,604d3b3232ee606029fd875ee837237297668dbf708db3ace0923d19042bebcd,515,ABD formal raw per-task/run record,absolute_personal_path_redaction_only,1
outputs/abd_eval300_formal_v1/task_status/B__4572b198-2c1c-4920-bcf0-95fcebe12261_3_21.json,873706392a4b150cbcb531b85cddecbeaa133307166bbb072cfc58303d2bbe3c,616,content/abd_lineage/00_formal/raw_run/task_status/B__4572b198-2c1c-4920-bcf0-95fcebe12261_3_21.json,ad0fc9c5a9aeeafb33a059c6f8d846d32676fc7e8573d051aa702c44e838ce1c,518,ABD formal raw per-task/run record,absolute_personal_path_redaction_only,1
outputs/abd_eval300_formal_v1/task_status/B__4572b198-2c1c-4920-bcf0-95fcebe12261_4_20.json,2572504b8231177efe9d3f462a87c4d550566d4815cb50392c7d7b3d8a95a5c8,616,content/abd_lineage/00_formal/raw_run/task_status/B__4572b198-2c1c-4920-bcf0-95fcebe12261_4_20.json,69da09e2f1c554603ce28d8133f9ab9b45959f7630ed8888ceeefcd7712820d5,518,ABD formal raw per-task/run record,absolute_personal_path_redaction_only,1
outputs/abd_eval300_formal_v1/task_status/B__4572b198-2c1c-4920-bcf0-95fcebe12261_4_23.json,8e8a617996fc7a2f78c313e542d0a9c1510e6e01a8ac2ae6167f9630d95b81eb,616,content/abd_lineage/00_formal/raw_run/task_status/B__4572b198-2c1c-4920-bcf0-95fcebe12261_4_23.json,f7e03120f34ff201236410fd82dd6f579ffa56adb9ead059f4c2b5f345c9998c,518,ABD formal raw per-task/run record,absolute_personal_path_redaction_only,1
outputs/abd_eval300_formal_v1/task_status/B__4572b198-2c1c-4920-bcf0-95fcebe12261_4_28.json,55bfeaafd902507e46b0a10aa1d6902368b64f4e66a446c486a34fc33cd6f200,616,content/abd_lineage/00_formal/raw_run/task_status/B__4572b198-2c1c-4920-bcf0-95fcebe12261_4_28.json,efd9b3f8475e34d44e7362a0c726f9bd284a69448ad61ad69866482a3670e8f4,518,ABD formal raw per-task/run record,absolute_personal_path_redaction_only,1
outputs/abd_eval300_formal_v1/task_status/B__4572b198-2c1c-4920-bcf0-95fcebe12261_4_3.json,e1df0128339ce5fe9d3ee427b0b975553b2a5412ab313c8c8e752833cd3a95d0,613,content/abd_lineage/00_formal/raw_run/task_status/B__4572b198-2c1c-4920-bcf0-95fcebe12261_4_3.json,c99dc2bde003b8e8c26f461549571d46bfcc65ae660a342f8c1715700020bf97,515,ABD formal raw per-task/run record,absolute_personal_path_redaction_only,1
outputs/abd_eval300_formal_v1/task_status/B__4572b198-2c1c-4920-bcf0-95fcebe12261_4_40.json,5863db9c75f0c40a9b11dd87b14b3212955bcd2b34b869931189a90d168da515,616,content/abd_lineage/00_formal/raw_run/task_status/B__4572b198-2c1c-4920-bcf0-95fcebe12261_4_40.json,2305b5d805c42bdcf084944d37d6156084c5f3284cd08880752198d3ec81783f,518,ABD formal raw per-task/run record,absolute_personal_path_redaction_only,1
outputs/abd_eval300_formal_v1/task_status/B__4572b198-2c1c-4920-bcf0-95fcebe12261_5_11.json,29655d320f145df8c9479a5d7206166720c6cdabaa7655646f7023eee3dbc0f3,616,content/abd_lineage/00_formal/raw_run/task_status/B__4572b198-2c1c-4920-bcf0-95fcebe12261_5_11.json,221e8b2d5100b8b661fb2c36db5f54b212c9ca5e8b973db13793497a0d4e2ff8,518,ABD formal raw per-task/run record,absolute_personal_path_redaction_only,1
outputs/abd_eval300_formal_v1/task_status/B__4572b198-2c1c-4920-bcf0-95fcebe12261_6_22.json,b41a303efc38618364b74add004864272601a1c8b666a0dff5cea8a24f8a6e51,616,content/abd_lineage/00_formal/raw_run/task_status/B__4572b198-2c1c-4920-bcf0-95fcebe12261_6_22.json,5a2590893da3231326bf236128f83e6d66ab414a794df33bd7841b1e53718d9a,518,ABD formal raw per-task/run record,absolute_personal_path_redaction_only,1
outputs/abd_eval300_formal_v1/task_status/B__4572b198-2c1c-4920-bcf0-95fcebe12261_6_24.json,0636886770e8e46acdb421492d5980fa4a4eb6f1998030f487da9cebe4d5124f,616,content/abd_lineage/00_formal/raw_run/task_status/B__4572b198-2c1c-4920-bcf0-95fcebe12261_6_24.json,121b2e829c8cc6ce4fd32057d130ddbc0d4b18d4fc5abe2aac539abf95a21c09,518,ABD formal raw per-task/run record,absolute_personal_path_redaction_only,1
outputs/abd_eval300_formal_v1/task_status/B__4572b198-2c1c-4920-bcf0-95fcebe12261_6_7.json,130431d2d9376ed2ec5f7fa61bcbfa9c899fe96fd217f7e861ff49d45e4d61d9,613,content/abd_lineage/00_formal/raw_run/task_status/B__4572b198-2c1c-4920-bcf0-95fcebe12261_6_7.json,929366c6925144328ba4037e2f850eab617ec016e66db40b97c7e75d3fc7afa0,515,ABD formal raw per-task/run record,absolute_personal_path_redaction_only,1
outputs/abd_eval300_formal_v1/task_status/B__4572b198-2c1c-4920-bcf0-95fcebe12261_7_32.json,bf04387369c9a181b8d21e0493d671505aefde8a2a999bf2499a3166f51f5dd0,616,content/abd_lineage/00_formal/raw_run/task_status/B__4572b198-2c1c-4920-bcf0-95fcebe12261_7_32.json,921633ff086a5cf798af5e6cceecfcaa99f8f1fd853a64a9a70b1316b4516834,518,ABD formal raw per-task/run record,absolute_personal_path_redaction_only,1
outputs/abd_eval300_formal_v1/task_status/B__4572b198-2c1c-4920-bcf0-95fcebe12261_7_5.json,d9a7060a8daf01ce35a5924227660f1317359dc7dedf0989d0ad5af74a520ecd,613,content/abd_lineage/00_formal/raw_run/task_status/B__4572b198-2c1c-4920-bcf0-95fcebe12261_7_5.json,c1f6f88e3bfddc944cb08e47a89fdfe34fc3fa590e056d8ffdd0cf660ac2d07d,515,ABD formal raw per-task/run record,absolute_personal_path_redaction_only,1
outputs/abd_eval300_formal_v1/task_status/B__4572b198-2c1c-4920-bcf0-95fcebe12261_8_13.json,7ce60eb10ae8ee49449fa8d29c4d8ec4d28287e3c2aa37b67da4a994c975b3f0,616,content/abd_lineage/00_formal/raw_run/task_status/B__4572b198-2c1c-4920-bcf0-95fcebe12261_8_13.json,5fbee0a92c37bdd21dab1e2e46cab55b127d3e5500dad082cb01d59dd6001c9c,518,ABD formal raw per-task/run record,absolute_personal_path_redaction_only,1
outputs/abd_eval300_formal_v1/task_status/B__4572b198-2c1c-4920-bcf0-95fcebe12261_8_34.json,ad39ef60947fc52ab919402d7e0db34c1502c33828a7d3236b6481fcfeaf2645,616,content/abd_lineage/00_formal/raw_run/task_status/B__4572b198-2c1c-4920-bcf0-95fcebe12261_8_34.json,169eddf73a2957b3cf6569b82aa74d8a3522b19b69cd084df84c80bf6455703c,518,ABD formal raw per-task/run record,absolute_personal_path_redaction_only,1
outputs/abd_eval300_formal_v1/task_status/B__6fd90f8d-7a4d-425d-a812-3268db0b0342_11_29.json,9c38a943c14c67edf27350e187e04343c5361c22b610ed8301b760a3e019ddb1,619,content/abd_lineage/00_formal/raw_run/task_status/B__6fd90f8d-7a4d-425d-a812-3268db0b0342_11_29.json,7fc616a9091e0168916c407276f798dfafe5bdf80bbabaea7756e8fa3a20e4cf,521,ABD formal raw per-task/run record,absolute_personal_path_redaction_only,1
outputs/abd_eval300_formal_v1/task_status/B__6fd90f8d-7a4d-425d-a812-3268db0b0342_12_28.json,09e09ce7dcb92c4eab9a78322169c378011edf70f5d35c9cb9dee56a886e1481,619,content/abd_lineage/00_formal/raw_run/task_status/B__6fd90f8d-7a4d-425d-a812-3268db0b0342_12_28.json,cca811d82bad78c6c535b91f934d1f37cb3fbd362266a27292f9b66e182cf10c,521,ABD formal raw per-task/run record,absolute_personal_path_redaction_only,1
outputs/abd_eval300_formal_v1/task_status/B__6fd90f8d-7a4d-425d-a812-3268db0b0342_13_2.json,94ecf7b03aa72ed88ac28b7ca381509a0466208a758108fb38977f49feb40811,616,content/abd_lineage/00_formal/raw_run/task_status/B__6fd90f8d-7a4d-425d-a812-3268db0b0342_13_2.json,c2659dd53510deb5af67a9d59ef6f1f496684fdd03bc4a832aa0d752a08ed81d,518,ABD formal raw per-task/run record,absolute_personal_path_redaction_only,1
outputs/abd_eval300_formal_v1/task_status/B__6fd90f8d-7a4d-425d-a812-3268db0b0342_14_3.json,5d43342b46044e49ab637f2401f115745c76560d18a25b5c4f1a47861ef53f5f,616,content/abd_lineage/00_formal/raw_run/task_status/B__6fd90f8d-7a4d-425d-a812-3268db0b0342_14_3.json,2005449b4267316966f0ca52334301147a4dfd80f9adc205890fa1a95ab2570f,518,ABD formal raw per-task/run record,absolute_personal_path_redaction_only,1
outputs/abd_eval300_formal_v1/task_status/B__6fd90f8d-7a4d-425d-a812-3268db0b0342_14_4.json,212fe09217576a19227a6dfbe6bf105ef869da91e75326ec54e6b3ce767f2733,616,content/abd_lineage/00_formal/raw_run/task_status/B__6fd90f8d-7a4d-425d-a812-3268db0b0342_14_4.json,4623711c0bf75302a8c04b67899bb4e2506a15e74510d1ffa11c54e233e87544,518,ABD formal raw per-task/run record,absolute_personal_path_redaction_only,1
outputs/abd_eval300_formal_v1/task_status/B__6fd90f8d-7a4d-425d-a812-3268db0b0342_14_5.json,388aa50d8322f9bfbd25630d631f553a25171c5e6f94824aa1141648a98f7526,616,content/abd_lineage/00_formal/raw_run/task_status/B__6fd90f8d-7a4d-425d-a812-3268db0b0342_14_5.json,43ff05ca4651488ee3b2c663bd1facf0e72bea5ccf89c602f6cd653bb6a64294,518,ABD formal raw per-task/run record,absolute_personal_path_redaction_only,1
outputs/abd_eval300_formal_v1/task_status/B__6fd90f8d-7a4d-425d-a812-3268db0b0342_15_2.json,bce5b1cd58fbf1154943dd7dc93698c6751b2b584fb7d2d61809cd2b0e7bba05,616,content/abd_lineage/00_formal/raw_run/task_status/B__6fd90f8d-7a4d-425d-a812-3268db0b0342_15_2.json,026e0070c53fa9d391a6127991b1db41986d4cd95ce427e24f203ccc7d3d8ff9,518,ABD formal raw per-task/run record,absolute_personal_path_redaction_only,1
outputs/abd_eval300_formal_v1/task_status/B__6fd90f8d-7a4d-425d-a812-3268db0b0342_16_3.json,cb91cdb3faa35d9cd1bce5e55a2f5118947e5c675f173164455ca267159e7098,616,content/abd_lineage/00_formal/raw_run/task_status/B__6fd90f8d-7a4d-425d-a812-3268db0b0342_16_3.json,5401d0c99807dfe4a292f7d8c6039769456816ec00ab469a084d80e749ec8e44,518,ABD formal raw per-task/run record,absolute_personal_path_redaction_only,1
outputs/abd_eval300_formal_v1/task_status/B__6fd90f8d-7a4d-425d-a812-3268db0b0342_16_4.json,f33bbd2afa8c6c474d9102e8d05a78734d7e38cbdde210d8cfc3c40e7440b130,616,content/abd_lineage/00_formal/raw_run/task_status/B__6fd90f8d-7a4d-425d-a812-3268db0b0342_16_4.json,ede56ba16f977d0a06e100186111641ba7243eca1a13d828aa26b82c3d9b0ee5,518,ABD formal raw per-task/run record,absolute_personal_path_redaction_only,1
outputs/abd_eval300_formal_v1/task_status/B__6fd90f8d-7a4d-425d-a812-3268db0b0342_16_5.json,da01ed3ecfddd722727b5da8c25c512b3912d43f1088f644b2f344857415f843,616,content/abd_lineage/00_formal/raw_run/task_status/B__6fd90f8d-7a4d-425d-a812-3268db0b0342_16_5.json,55f316492b2ae06e8ee27d85beeb9419f8e940eba04a060e8ad474365b0d90f4,518,ABD formal raw per-task/run record,absolute_personal_path_redaction_only,1
outputs/abd_eval300_formal_v1/task_status/B__6fd90f8d-7a4d-425d-a812-3268db0b0342_17_25.json,996fc75774d885b1f055b538a385eaa8f471ed573841605800632a41d69cd28a,619,content/abd_lineage/00_formal/raw_run/task_status/B__6fd90f8d-7a4d-425d-a812-3268db0b0342_17_25.json,85b8411621fd228e7159815ce17efb21f2bf3ad2dc9f6b598f025a185055754e,521,ABD formal raw per-task/run record,absolute_personal_path_redaction_only,1
outputs/abd_eval300_formal_v1/task_status/B__6fd90f8d-7a4d-425d-a812-3268db0b0342_17_36.json,8d24d04cce58add171c627aa1c8fd68b65bbe90451f25fcd7577c957cb773221,619,content/abd_lineage/00_formal/raw_run/task_status/B__6fd90f8d-7a4d-425d-a812-3268db0b0342_17_36.json,2db512315cfa0d5b42f43d059292e7024a1add5d832ec6d050716f0c51f9bee3,521,ABD formal raw per-task/run record,absolute_personal_path_redaction_only,1
outputs/abd_eval300_formal_v1/task_status/B__6fd90f8d-7a4d-425d-a812-3268db0b0342_17_5.json,723d6b5943c049d38db040920b75e729eb359c3b3136f8f104f8f1867fa0b47e,616,content/abd_lineage/00_formal/raw_run/task_status/B__6fd90f8d-7a4d-425d-a812-3268db0b0342_17_5.json,f710d3d65027fbe8c0fccfa7129f4d52f0ce1f2ea69f5aea7a755ec40d11a89e,518,ABD formal raw per-task/run record,absolute_personal_path_redaction_only,1
outputs/abd_eval300_formal_v1/task_status/B__6fd90f8d-7a4d-425d-a812-3268db0b0342_18_16.json,5931386c3960bc5b4af46304130bce78f5cd730ddcb89d22539aad392bada4fc,619,content/abd_lineage/00_formal/raw_run/task_status/B__6fd90f8d-7a4d-425d-a812-3268db0b0342_18_16.json,bf061a4bf2561b4fcbc7557d6f841d24f68fd14eeb3563de29632228064e426d,521,ABD formal raw per-task/run record,absolute_personal_path_redaction_only,1
outputs/abd_eval300_formal_v1/task_status/B__6fd90f8d-7a4d-425d-a812-3268db0b0342_18_17.json,2792a4325d8db751da5ed12e2e158bd5dd2c48572f2e3a1f6bb06d19a3d28d94,619,content/abd_lineage/00_formal/raw_run/task_status/B__6fd90f8d-7a4d-425d-a812-3268db0b0342_18_17.json,336a58624191fbb0cbaa6c076c591d0dff4ee28aca59a1a168e7a0bf061c9c19,521,ABD formal raw per-task/run record,absolute_personal_path_redaction_only,1
outputs/abd_eval300_formal_v1/task_status/B__6fd90f8d-7a4d-425d-a812-3268db0b0342_1_1.json,79fa836cbd497e1486723c37ea3e2bc354001cc8124b5e51808a97bc3f74cb1f,613,content/abd_lineage/00_formal/raw_run/task_status/B__6fd90f8d-7a4d-425d-a812-3268db0b0342_1_1.json,7220b878559af6ea35989d7b2194b649cbbe68afdd42b3c6d60809b8ba662f9c,515,ABD formal raw per-task/run record,absolute_personal_path_redaction_only,1
outputs/abd_eval300_formal_v1/task_status/B__6fd90f8d-7a4d-425d-a812-3268db0b0342_21_11.json,ff5ba070baadaf28b701b084a5d08e0e8b0aa0ba8bffc19f0757aaf280f799a7,619,content/abd_lineage/00_formal/raw_run/task_status/B__6fd90f8d-7a4d-425d-a812-3268db0b0342_21_11.json,24a8d2c2e05ad2d92988638f05fbdb389d68d0cddcd5a99fa236203f8c9b3c4a,521,ABD formal raw per-task/run record,absolute_personal_path_redaction_only,1
outputs/abd_eval300_formal_v1/task_status/B__6fd90f8d-7a4d-425d-a812-3268db0b0342_3_32.json,8d400fdf332b948324081d97e0624a8462d790448c3bce838f5e4972b168a900,616,content/abd_lineage/00_formal/raw_run/task_status/B__6fd90f8d-7a4d-425d-a812-3268db0b0342_3_32.json,7aa806513d0444c4b40e5aa010c7bfaf53425595cd5835c3c27cf0e99e6f06dd,518,ABD formal raw per-task/run record,absolute_personal_path_redaction_only,1
outputs/abd_eval300_formal_v1/task_status/B__6fd90f8d-7a4d-425d-a812-3268db0b0342_4_1.json,12c7d47f9b83907d76cb7904feb59e345f8d452e88857061421e7c7b46c7d879,613,content/abd_lineage/00_formal/raw_run/task_status/B__6fd90f8d-7a4d-425d-a812-3268db0b0342_4_1.json,832fd9b8540ab402808fc19c3222bd9f2de0d8a311916029711c96e427d3a96c,515,ABD formal raw per-task/run record,absolute_personal_path_redaction_only,1
outputs/abd_eval300_formal_v1/task_status/B__6fd90f8d-7a4d-425d-a812-3268db0b0342_6_8.json,85af5b123ac683a4f3a63d689a7f6b7579921f759711044659e689d153584ab7,613,content/abd_lineage/00_formal/raw_run/task_status/B__6fd90f8d-7a4d-425d-a812-3268db0b0342_6_8.json,ccc008ec1300a144f75b5f5c0ae61ef02156cabe3c7a71e27112231fe383e52a,515,ABD formal raw per-task/run record,absolute_personal_path_redaction_only,1
outputs/abd_eval300_formal_v1/task_status/B__6fd90f8d-7a4d-425d-a812-3268db0b0342_7_27.json,aab20aa63c0b7b78787a81ba5d3dadab3b2679c363164f8a265629a5309218c0,616,content/abd_lineage/00_formal/raw_run/task_status/B__6fd90f8d-7a4d-425d-a812-3268db0b0342_7_27.json,749e301f84be0928da9724f46402b43e7cd63f975699924f835257446b0a61d1,518,ABD formal raw per-task/run record,absolute_personal_path_redaction_only,1
outputs/abd_eval300_formal_v1/task_status/B__6fd90f8d-7a4d-425d-a812-3268db0b0342_7_7.json,88ac1b81ca4d215fda984c078f64b2ebacb3d491c4292d6a84bb658c3dc19f28,613,content/abd_lineage/00_formal/raw_run/task_status/B__6fd90f8d-7a4d-425d-a812-3268db0b0342_7_7.json,76b3aabc068abb54e2901c509d5b3dc6e8e7185b54ba0edc2f69a20999c536a1,515,ABD formal raw per-task/run record,absolute_personal_path_redaction_only,1
outputs/abd_eval300_formal_v1/task_status/B__6fd90f8d-7a4d-425d-a812-3268db0b0342_8_10.json,b3953b74d43234837b2aca4d3b4ddd6fa715c364b0caf0bcfd4554ba988db6ea,616,content/abd_lineage/00_formal/raw_run/task_status/B__6fd90f8d-7a4d-425d-a812-3268db0b0342_8_10.json,d2638f44b4c11db9cc3e4f25c5949eb5b6ab08802bbcd58d60def538ca8b4984,518,ABD formal raw per-task/run record,absolute_personal_path_redaction_only,1
outputs/abd_eval300_formal_v1/task_status/B__6fd90f8d-7a4d-425d-a812-3268db0b0342_8_31.json,933a2afa86b026ed02e7850f0438ccdde6820c33fe2c207e43852c070855f769,616,content/abd_lineage/00_formal/raw_run/task_status/B__6fd90f8d-7a4d-425d-a812-3268db0b0342_8_31.json,31238e2706354024fe1b12f75012dc0e3df53fc8096fc76ccfe112a223f1e9b4,518,ABD formal raw per-task/run record,absolute_personal_path_redaction_only,1
outputs/abd_eval300_formal_v1/task_status/B__6fd90f8d-7a4d-425d-a812-3268db0b0342_8_9.json,0444626daa3bc48613fc71f6453cd4a8d71b2b954ae968fa4d2cd93b7e9ece54,613,content/abd_lineage/00_formal/raw_run/task_status/B__6fd90f8d-7a4d-425d-a812-3268db0b0342_8_9.json,ad486d717236b3164e439ec1a3f804b37ebd08c73d1c0753d354ef2537db4c2e,515,ABD formal raw per-task/run record,absolute_personal_path_redaction_only,1
outputs/abd_eval300_formal_v1/task_status/B__70f2a750-f403-41b8-aabb-480eb3ab4ed4_11_23.json,d560a39dfd49e4af95eabcf297203732667cd10bcbbcb0789b37defac36135f8,619,content/abd_lineage/00_formal/raw_run/task_status/B__70f2a750-f403-41b8-aabb-480eb3ab4ed4_11_23.json,4a963fcff14d8a3268c1e18d88edf871eee394a05e89d53808dcc54e38f65b7b,521,ABD formal raw per-task/run record,absolute_personal_path_redaction_only,1
outputs/abd_eval300_formal_v1/task_status/B__70f2a750-f403-41b8-aabb-480eb3ab4ed4_11_7.json,8ada456ed810d0c32f28e15e5f409cdcd1cfdd017514f3f06fccfbbfcf30a665,616,content/abd_lineage/00_formal/raw_run/task_status/B__70f2a750-f403-41b8-aabb-480eb3ab4ed4_11_7.json,6fd6a3f3b9173007c159024de19fded425eaa17da8db704f13e9b73bfea5bd72,518,ABD formal raw per-task/run record,absolute_personal_path_redaction_only,1
outputs/abd_eval300_formal_v1/task_status/B__70f2a750-f403-41b8-aabb-480eb3ab4ed4_12_17.json,3889827b6d4651b8df41c70338e8fe155b2e4fff99a9e285e8dff75aca2c1f07,619,content/abd_lineage/00_formal/raw_run/task_status/B__70f2a750-f403-41b8-aabb-480eb3ab4ed4_12_17.json,94b323eec44eb4aa7aa97dbe23c966f91e336ccd754a3659cff77c713e794e5d,521,ABD formal raw per-task/run record,absolute_personal_path_redaction_only,1
outputs/abd_eval300_formal_v1/task_status/B__70f2a750-f403-41b8-aabb-480eb3ab4ed4_17_13.json,634ccc3f05ae5cf2f1859d524d9a4197a1c2f398c093a3e617fd704af6380807,619,content/abd_lineage/00_formal/raw_run/task_status/B__70f2a750-f403-41b8-aabb-480eb3ab4ed4_17_13.json,1dc529e80761b5878b9357dd3186377b271b39425a4b8f3cef7732c2e5a14eb6,521,ABD formal raw per-task/run record,absolute_personal_path_redaction_only,1
outputs/abd_eval300_formal_v1/task_status/B__70f2a750-f403-41b8-aabb-480eb3ab4ed4_17_14.json,aaea399f40d81a4b717bc48eb5a4a0b26b40548204dc3a9ce01fa96eb9100ea3,619,content/abd_lineage/00_formal/raw_run/task_status/B__70f2a750-f403-41b8-aabb-480eb3ab4ed4_17_14.json,9c6e061681d215516c86a80793b773c3dc3730fa474838a623d7b1414cdaa5c1,521,ABD formal raw per-task/run record,absolute_personal_path_redaction_only,1
outputs/abd_eval300_formal_v1/task_status/B__70f2a750-f403-41b8-aabb-480eb3ab4ed4_17_16.json,f85b75283e51b3e98a1e13f4946051845384aef3f230b82dfbe6ccb445ec8396,619,content/abd_lineage/00_formal/raw_run/task_status/B__70f2a750-f403-41b8-aabb-480eb3ab4ed4_17_16.json,f0c16796fbcdf823f1fb473d8bf3c5e6ac63e82029740c1dad7b141140230b0a,521,ABD formal raw per-task/run record,absolute_personal_path_redaction_only,1
outputs/abd_eval300_formal_v1/task_status/B__70f2a750-f403-41b8-aabb-480eb3ab4ed4_17_30.json,f301064f272ac0d7cef68664d07e618263a48e42c5b0bae2d1445bbf0c598a32,619,content/abd_lineage/00_formal/raw_run/task_status/B__70f2a750-f403-41b8-aabb-480eb3ab4ed4_17_30.json,248a024d7c60b81ffa1f432aca16b97b427360bc6e21ea214f2582d1bcd559bf,521,ABD formal raw per-task/run record,absolute_personal_path_redaction_only,1
outputs/abd_eval300_formal_v1/task_status/B__70f2a750-f403-41b8-aabb-480eb3ab4ed4_17_31.json,30663f6195da49b9e308f37e947f3af3e6745d2a0182656489bce6389c429d8d,619,content/abd_lineage/00_formal/raw_run/task_status/B__70f2a750-f403-41b8-aabb-480eb3ab4ed4_17_31.json,db2664f180644ce2cd0b0b55c98bba273267a878390a80a2856e900df4f9b4f7,521,ABD formal raw per-task/run record,absolute_personal_path_redaction_only,1
outputs/abd_eval300_formal_v1/task_status/B__70f2a750-f403-41b8-aabb-480eb3ab4ed4_17_8.json,90f10d9f9d1e87cc92ea1c8117d6580277f87fba38b55ca0462ce5a8cc7c7116,616,content/abd_lineage/00_formal/raw_run/task_status/B__70f2a750-f403-41b8-aabb-480eb3ab4ed4_17_8.json,06cd63196d542219cdce3d3f017a5b6567eecce6def10c2aef430dd22f203c8e,518,ABD formal raw per-task/run record,absolute_personal_path_redaction_only,1
outputs/abd_eval300_formal_v1/task_status/B__70f2a750-f403-41b8-aabb-480eb3ab4ed4_17_9.json,6e0b6cbf76578f55f79198bf74f7bdde09069159fa339fdb407d8360a7c66856,616,content/abd_lineage/00_formal/raw_run/task_status/B__70f2a750-f403-41b8-aabb-480eb3ab4ed4_17_9.json,ef14b44d1aa0c5be8f722e11629a8dd5791d159216c9fe750ae480e929e35587,518,ABD formal raw per-task/run record,absolute_personal_path_redaction_only,1
outputs/abd_eval300_formal_v1/task_status/B__70f2a750-f403-41b8-aabb-480eb3ab4ed4_21_26.json,94cb3148e409cbbcd13b443b017dde4a83bd113342dadeadd794cb105329fa5f,619,content/abd_lineage/00_formal/raw_run/task_status/B__70f2a750-f403-41b8-aabb-480eb3ab4ed4_21_26.json,4239da40c38b6b8e1bca4fbe215acf0fe15ed1146b352fb6a73bd419c8c68983,521,ABD formal raw per-task/run record,absolute_personal_path_redaction_only,1
outputs/abd_eval300_formal_v1/task_status/B__70f2a750-f403-41b8-aabb-480eb3ab4ed4_22_10.json,64089afa0cadc3c32aa14f990ebd7cb5d267d222cb54000955657873d1d42206,619,content/abd_lineage/00_formal/raw_run/task_status/B__70f2a750-f403-41b8-aabb-480eb3ab4ed4_22_10.json,63c1f290ddc5a779ebcb82d020e3d4f38053f5e734bbe03e219196653502da98,521,ABD formal raw per-task/run record,absolute_personal_path_redaction_only,1
outputs/abd_eval300_formal_v1/task_status/B__70f2a750-f403-41b8-aabb-480eb3ab4ed4_22_12.json,86fadbb696a058121bc1f455dd881543fd3e43815c7c26faee11e34f0ba5612a,619,content/abd_lineage/00_formal/raw_run/task_status/B__70f2a750-f403-41b8-aabb-480eb3ab4ed4_22_12.json,26ef26829bf15d2188dc67e64da96441f642f40aa5ff1ff8c546d1b058ecbcaa,521,ABD formal raw per-task/run record,absolute_personal_path_redaction_only,1
outputs/abd_eval300_formal_v1/task_status/B__70f2a750-f403-41b8-aabb-480eb3ab4ed4_4_11.json,30c2d45f46a5c9d3f9ee149cd193f93137ae68f76ac395841498f604a842ffab,616,content/abd_lineage/00_formal/raw_run/task_status/B__70f2a750-f403-41b8-aabb-480eb3ab4ed4_4_11.json,5fd98488190830859cabff28229a1535cef5aadd4c494477d7224d7a0d80d91b,518,ABD formal raw per-task/run record,absolute_personal_path_redaction_only,1
outputs/abd_eval300_formal_v1/task_status/B__70f2a750-f403-41b8-aabb-480eb3ab4ed4_4_15.json,dbc14a26e90459d1012720b7c5c6adbbcc8b534b438e38b78f952bac802ece0f,616,content/abd_lineage/00_formal/raw_run/task_status/B__70f2a750-f403-41b8-aabb-480eb3ab4ed4_4_15.json,cb034c6d9b0bbf36a4535e7b20e7dbc2db2f98fe448d7e084f1e37279245816b,518,ABD formal raw per-task/run record,absolute_personal_path_redaction_only,1
outputs/abd_eval300_formal_v1/task_status/B__70f2a750-f403-41b8-aabb-480eb3ab4ed4_4_20.json,1dd6201f3a657bbb4567782bda57d56eb68d4a33ad622e75e647b07b71341399,616,content/abd_lineage/00_formal/raw_run/task_status/B__70f2a750-f403-41b8-aabb-480eb3ab4ed4_4_20.json,a182a42b3a5124a64c5ee86ab20215c91e8df0c12259ebb547968e2cd71b0ea5,518,ABD formal raw per-task/run record,absolute_personal_path_redaction_only,1
outputs/abd_eval300_formal_v1/task_status/B__70f2a750-f403-41b8-aabb-480eb3ab4ed4_4_27.json,6ccaf0a28002fd8c02eded16f1a07ee7b7390949fbae689b256c76708860323c,616,content/abd_lineage/00_formal/raw_run/task_status/B__70f2a750-f403-41b8-aabb-480eb3ab4ed4_4_27.json,51dbc45b25c85959c1ef24d5d37b8d4d46eb720e565bdb0161eb6c031ba80819,518,ABD formal raw per-task/run record,absolute_personal_path_redaction_only,1
outputs/abd_eval300_formal_v1/task_status/B__70f2a750-f403-41b8-aabb-480eb3ab4ed4_4_6.json,8fccfd8d231812a0d7ff07465af2b8e4846f011f146a27308ff5608716083716,613,content/abd_lineage/00_formal/raw_run/task_status/B__70f2a750-f403-41b8-aabb-480eb3ab4ed4_4_6.json,dc9dc8d882a7f08643a0f485ed538c0bc05bb10fc69c4125b1003303c1f23946,515,ABD formal raw per-task/run record,absolute_personal_path_redaction_only,1
outputs/abd_eval300_formal_v1/task_status/B__70f2a750-f403-41b8-aabb-480eb3ab4ed4_5_19.json,775b0a1a14a1da4432298ee45d473c656423165cbf7932f882889c02b11e88b9,616,content/abd_lineage/00_formal/raw_run/task_status/B__70f2a750-f403-41b8-aabb-480eb3ab4ed4_5_19.json,27124aad187c011ac236bdf35552381bb2c2b55ba7569c2ceed6993d2346d209,518,ABD formal raw per-task/run record,absolute_personal_path_redaction_only,1
outputs/abd_eval300_formal_v1/task_status/B__70f2a750-f403-41b8-aabb-480eb3ab4ed4_6_32.json,22f9aff358bab61ac3aa902b515522e1778b80df1d77b13f6aac4c2e1920af6c,616,content/abd_lineage/00_formal/raw_run/task_status/B__70f2a750-f403-41b8-aabb-480eb3ab4ed4_6_32.json,a3fe9e22b2a039b0488147158f695f0a037689a90d70cefe41344156712f453e,518,ABD formal raw per-task/run record,absolute_personal_path_redaction_only,1
outputs/abd_eval300_formal_v1/task_status/B__70f2a750-f403-41b8-aabb-480eb3ab4ed4_7_28.json,4a2eca9403c80d76b41ff8c4cf204c43deb99ecafeeaa7219e7db5b7a6eed9bf,616,content/abd_lineage/00_formal/raw_run/task_status/B__70f2a750-f403-41b8-aabb-480eb3ab4ed4_7_28.json,37a3a3550a38397de92a3df9925f5b0ac2706d265fdd8bedc4b2cb92fbf39150,518,ABD formal raw per-task/run record,absolute_personal_path_redaction_only,1
outputs/abd_eval300_formal_v1/task_status/B__70f2a750-f403-41b8-aabb-480eb3ab4ed4_7_29.json,97cb5d31ec4968e8c1b966705b5871133c70207f62f0ba91ad0236876a9d73e8,616,content/abd_lineage/00_formal/raw_run/task_status/B__70f2a750-f403-41b8-aabb-480eb3ab4ed4_7_29.json,bc60a718b3906b9d3c054cb5e4d0dc65584f03c46ece4e5721c4928b0e9ad9e7,518,ABD formal raw per-task/run record,absolute_personal_path_redaction_only,1
outputs/abd_eval300_formal_v1/task_status/B__70f2a750-f403-41b8-aabb-480eb3ab4ed4_7_4.json,b0cb1e665570ab08c0ff2fcd8f130f26027b369f61968e970cb8a25346ce4593,613,content/abd_lineage/00_formal/raw_run/task_status/B__70f2a750-f403-41b8-aabb-480eb3ab4ed4_7_4.json,fb7cc8b5623161352c749c3342f1724d58c97cc75baae741f9d3222365b412cb,515,ABD formal raw per-task/run record,absolute_personal_path_redaction_only,1
outputs/abd_eval300_formal_v1/task_status/B__70f2a750-f403-41b8-aabb-480eb3ab4ed4_7_5.json,fe2d16e39c7f9ed88a09d043ea4dd5352407a99594712912d77c483d5bfbb599,613,content/abd_lineage/00_formal/raw_run/task_status/B__70f2a750-f403-41b8-aabb-480eb3ab4ed4_7_5.json,39244b0d1aa4b31d1ae03931ef067af57a191edfce4b577eadf760855fb43fe8,515,ABD formal raw per-task/run record,absolute_personal_path_redaction_only,1
outputs/abd_eval300_formal_v1/task_status/B__70f2a750-f403-41b8-aabb-480eb3ab4ed4_8_2.json,3f3476c48edda00dcc54b2cce10c05db21a987d136d41a8ec0f3df194272a309,613,content/abd_lineage/00_formal/raw_run/task_status/B__70f2a750-f403-41b8-aabb-480eb3ab4ed4_8_2.json,6a174ac21f92c64ff555cb0ebff7bf56dbffbabc0a3083a3d9f3085e46ab81ce,515,ABD formal raw per-task/run record,absolute_personal_path_redaction_only,1
outputs/abd_eval300_formal_v1/task_status/B__71fbc5bf-7e2a-415d-86bc-3a948742e904_12_18.json,657ec25f3b53e83c602359f811d28e5a61250ce84be004a128d829e7b7f87861,619,content/abd_lineage/00_formal/raw_run/task_status/B__71fbc5bf-7e2a-415d-86bc-3a948742e904_12_18.json,b3f878d99712c746c335491f78a16ce73104d1b41259321da30b711699e6bd6c,521,ABD formal raw per-task/run record,absolute_personal_path_redaction_only,1
outputs/abd_eval300_formal_v1/task_status/B__71fbc5bf-7e2a-415d-86bc-3a948742e904_17_10.json,1b5a4fa7fc7c3ffc69d8d4f780e20f8544f541cc1aa2644dfed9b8aff5e5d994,619,content/abd_lineage/00_formal/raw_run/task_status/B__71fbc5bf-7e2a-415d-86bc-3a948742e904_17_10.json,c76ef0efec98e684e6c4772b56074098af59c099b9cb9fdfa9609aad7591bb9b,521,ABD formal raw per-task/run record,absolute_personal_path_redaction_only,1
outputs/abd_eval300_formal_v1/task_status/B__71fbc5bf-7e2a-415d-86bc-3a948742e904_17_13.json,e4cc478c8bc8a8cd83e4b8a7e787aa6ce2beb0f1adea07f24eb1fb2841ee4810,619,content/abd_lineage/00_formal/raw_run/task_status/B__71fbc5bf-7e2a-415d-86bc-3a948742e904_17_13.json,3b87f86c1e14347c7e29d1d43a5adb3ee3ceb55f59b0282f77eb7cfc36b4b7d5,521,ABD formal raw per-task/run record,absolute_personal_path_redaction_only,1
outputs/abd_eval300_formal_v1/task_status/B__71fbc5bf-7e2a-415d-86bc-3a948742e904_17_25.json,ab6be58872873e50fa8a2502b1dd9104f8577e80be22bb3fc1f171f87a27c03d,619,content/abd_lineage/00_formal/raw_run/task_status/B__71fbc5bf-7e2a-415d-86bc-3a948742e904_17_25.json,110a53ee992145931426ef598879f713ed2d6ca474b867e24bf0d37264dca2bf,521,ABD formal raw per-task/run record,absolute_personal_path_redaction_only,1
outputs/abd_eval300_formal_v1/task_status/B__71fbc5bf-7e2a-415d-86bc-3a948742e904_22_23.json,8d7b9452c82bdc8ec572b9b6f1168d8ed7fc5c4f29a5a174dbb54fcc7a04874e,619,content/abd_lineage/00_formal/raw_run/task_status/B__71fbc5bf-7e2a-415d-86bc-3a948742e904_22_23.json,e2d1eaf1bf9b6c922b4b5749186ad574db2b7cfaa570663ec481b500104e4c54,521,ABD formal raw per-task/run record,absolute_personal_path_redaction_only,1
outputs/abd_eval300_formal_v1/task_status/B__71fbc5bf-7e2a-415d-86bc-3a948742e904_22_4.json,f071605a3eb5e6225260b7c799d950ecad3945fa5473711f5fd7d27d2a19c41d,616,content/abd_lineage/00_formal/raw_run/task_status/B__71fbc5bf-7e2a-415d-86bc-3a948742e904_22_4.json,b6f1a6e9af96bca856cc749a34120771675b166bcc7cb51c369c335005ccf9e3,518,ABD formal raw per-task/run record,absolute_personal_path_redaction_only,1
outputs/abd_eval300_formal_v1/task_status/B__71fbc5bf-7e2a-415d-86bc-3a948742e904_22_5.json,e91728c7c99753d2f9570342b5615895cd726145794cba1d5d1727d65ccb9f5e,616,content/abd_lineage/00_formal/raw_run/task_status/B__71fbc5bf-7e2a-415d-86bc-3a948742e904_22_5.json,023b283fd2df3701a4afbfdf10fae885a25737a67a5b30e79cb19badfd7e0bdb,518,ABD formal raw per-task/run record,absolute_personal_path_redaction_only,1
outputs/abd_eval300_formal_v1/task_status/B__71fbc5bf-7e2a-415d-86bc-3a948742e904_3_7.json,2a9ff19ca1781347fa6be7375774f104d9d77f988782d1c27717382587127fe1,613,content/abd_lineage/00_formal/raw_run/task_status/B__71fbc5bf-7e2a-415d-86bc-3a948742e904_3_7.json,12093f350b33e363d718ae7faffa260d562cc404d3d00282b766df0c98f809ed,515,ABD formal raw per-task/run record,absolute_personal_path_redaction_only,1
outputs/abd_eval300_formal_v1/task_status/B__71fbc5bf-7e2a-415d-86bc-3a948742e904_4_12.json,9e4b48e498a0cae63bca5c2eab3b2bda9d8303363e5ac9e0381e5790257cb97f,616,content/abd_lineage/00_formal/raw_run/task_status/B__71fbc5bf-7e2a-415d-86bc-3a948742e904_4_12.json,2543ae5a661eb33c3a63ef906828ccc3d36a6359747623946cdcbe125e8ac241,518,ABD formal raw per-task/run record,absolute_personal_path_redaction_only,1
outputs/abd_eval300_formal_v1/task_status/B__71fbc5bf-7e2a-415d-86bc-3a948742e904_4_22.json,2658285aef142ae1d660ada373f88a94fc7adaaec88f98e3980ab558a56d1f17,616,content/abd_lineage/00_formal/raw_run/task_status/B__71fbc5bf-7e2a-415d-86bc-3a948742e904_4_22.json,c024c9c4df09f1bc5054e8d161b46d4cb47f6c452363c236cd8049dc887e752a,518,ABD formal raw per-task/run record,absolute_personal_path_redaction_only,1
outputs/abd_eval300_formal_v1/task_status/B__71fbc5bf-7e2a-415d-86bc-3a948742e904_4_26.json,726b6f5fc4384dd0ecd33cef84afd8e6886d0859ea8a8009058c79a5c7a80e10,616,content/abd_lineage/00_formal/raw_run/task_status/B__71fbc5bf-7e2a-415d-86bc-3a948742e904_4_26.json,2f3f725eca04bf5b5cf38ab8e83942b356b9efab6ba85004e6f5dea58de8cab0,518,ABD formal raw per-task/run record,absolute_personal_path_redaction_only,1
outputs/abd_eval300_formal_v1/task_status/B__71fbc5bf-7e2a-415d-86bc-3a948742e904_4_6.json,88382133e692a02bd892de08a93de438c8b9941ffca2837236d9220f7e81c09c,613,content/abd_lineage/00_formal/raw_run/task_status/B__71fbc5bf-7e2a-415d-86bc-3a948742e904_4_6.json,cf0c331d05aef173d106babee497c2f1f5954fd3c8d0797be0e428f9cbafb2be,515,ABD formal raw per-task/run record,absolute_personal_path_redaction_only,1
outputs/abd_eval300_formal_v1/task_status/B__71fbc5bf-7e2a-415d-86bc-3a948742e904_5_15.json,c315c956ea41c5c7b34e584ea58253a362489b724cd331dd1fcb79b20971ff75,616,content/abd_lineage/00_formal/raw_run/task_status/B__71fbc5bf-7e2a-415d-86bc-3a948742e904_5_15.json,a6eb8df15f18ff4e0da82c5330abba0c2a17aa5f03cf50c839e0d257385ecc23,518,ABD formal raw per-task/run record,absolute_personal_path_redaction_only,1
outputs/abd_eval300_formal_v1/task_status/B__71fbc5bf-7e2a-415d-86bc-3a948742e904_5_27.json,45b0ef828410933b4e117a2c462bf3195947bce0bb8c57ea17d7ed4cde387d5f,616,content/abd_lineage/00_formal/raw_run/task_status/B__71fbc5bf-7e2a-415d-86bc-3a948742e904_5_27.json,68a1b5f0c39fee6ee0e0bbb1b18888052c31c5972ee50975cad4677a8c880745,518,ABD formal raw per-task/run record,absolute_personal_path_redaction_only,1
outputs/abd_eval300_formal_v1/task_status/B__71fbc5bf-7e2a-415d-86bc-3a948742e904_6_14.json,23b10ef027f81ce1d173f7d50568b8e9e312f335fa4e94b331a079ccb582cff3,616,content/abd_lineage/00_formal/raw_run/task_status/B__71fbc5bf-7e2a-415d-86bc-3a948742e904_6_14.json,fb549ce05add1036e404b55a05651cc339be032dbd6695423798376ddc38bb63,518,ABD formal raw per-task/run record,absolute_personal_path_redaction_only,1
outputs/abd_eval300_formal_v1/task_status/B__71fbc5bf-7e2a-415d-86bc-3a948742e904_7_11.json,01f96d05afe9bd4bac8e1aec12e896246a8a854a7900c9fea2e5f4f4cd47265d,616,content/abd_lineage/00_formal/raw_run/task_status/B__71fbc5bf-7e2a-415d-86bc-3a948742e904_7_11.json,b6dd6427de7fa44ba2d7a23ece4d53fb9514d7dcc29925a3dcb95be156be91e6,518,ABD formal raw per-task/run record,absolute_personal_path_redaction_only,1
outputs/abd_eval300_formal_v1/task_status/B__71fbc5bf-7e2a-415d-86bc-3a948742e904_7_17.json,594d11c7cb485eb8c92665457329570102401de12f88db2fb9672726cb320fab,616,content/abd_lineage/00_formal/raw_run/task_status/B__71fbc5bf-7e2a-415d-86bc-3a948742e904_7_17.json,394efebb50f6762579d911fc2f9b0fb0cc36e88e32b901a3e2096eaa5bb654fa,518,ABD formal raw per-task/run record,absolute_personal_path_redaction_only,1
outputs/abd_eval300_formal_v1/task_status/B__71fbc5bf-7e2a-415d-86bc-3a948742e904_7_19.json,17263469ffc76ec7deff8354caed369c9c7b1ce494a6b934db1e2a45549720e0,616,content/abd_lineage/00_formal/raw_run/task_status/B__71fbc5bf-7e2a-415d-86bc-3a948742e904_7_19.json,a2aa1caf5796c7bd51c6c71ceacd0bca14d6d50fca553ffe8daa7f80b0f3135e,518,ABD formal raw per-task/run record,absolute_personal_path_redaction_only,1
outputs/abd_eval300_formal_v1/task_status/B__71fbc5bf-7e2a-415d-86bc-3a948742e904_7_2.json,f38cfb3fd4267402640ff469afad3b94deac178b8028896ab5aafbf1011992d9,613,content/abd_lineage/00_formal/raw_run/task_status/B__71fbc5bf-7e2a-415d-86bc-3a948742e904_7_2.json,c0f7e092bba4c69d455b580dcd5df7945c44656e0aa126a1c2a3e37f7c51782b,515,ABD formal raw per-task/run record,absolute_personal_path_redaction_only,1
outputs/abd_eval300_formal_v1/task_status/B__71fbc5bf-7e2a-415d-86bc-3a948742e904_7_24.json,48b25659377f928df40c06066b86b7d4832e281befeceda955c8c0be967d2a78,616,content/abd_lineage/00_formal/raw_run/task_status/B__71fbc5bf-7e2a-415d-86bc-3a948742e904_7_24.json,f18b9e2e72974911b40b1335b0b8180f5f1f49cbb30c9f1299cf38c757f4b38f,518,ABD formal raw per-task/run record,absolute_personal_path_redaction_only,1
outputs/abd_eval300_formal_v1/task_status/B__71fbc5bf-7e2a-415d-86bc-3a948742e904_7_3.json,2295fda870bf569d85ae1d980aafc644a1f5cda2a19f34fefb60dc43afd0cb63,613,content/abd_lineage/00_formal/raw_run/task_status/B__71fbc5bf-7e2a-415d-86bc-3a948742e904_7_3.json,c13fc759d20b706d492b47316151d7f76e885d286270535b8a3f9aa410afff0a,515,ABD formal raw per-task/run record,absolute_personal_path_redaction_only,1
outputs/abd_eval300_formal_v1/task_status/B__71fbc5bf-7e2a-415d-86bc-3a948742e904_7_9.json,00d7d3e58ce8ff444d10f7ca048b357f5dda68f7b7ed468bd951089b2a005bec,613,content/abd_lineage/00_formal/raw_run/task_status/B__71fbc5bf-7e2a-415d-86bc-3a948742e904_7_9.json,2b36115f04377e6b0a9ab3ebd3d10871c274839b8cadb7bd6d24504f7eb7436e,515,ABD formal raw per-task/run record,absolute_personal_path_redaction_only,1
outputs/abd_eval300_formal_v1/task_status/B__71fbc5bf-7e2a-415d-86bc-3a948742e904_8_1.json,b77ae8f58f2c35db3f90299faa67ea812f9cab069bbc8dd37ad83cecc598ed1f,613,content/abd_lineage/00_formal/raw_run/task_status/B__71fbc5bf-7e2a-415d-86bc-3a948742e904_8_1.json,ce2f4016e83ced23fd32942e585e092260bf8115cb0a83d5941beb06a84a9e4e,515,ABD formal raw per-task/run record,absolute_personal_path_redaction_only,1
outputs/abd_eval300_formal_v1/task_status/B__71fbc5bf-7e2a-415d-86bc-3a948742e904_8_20.json,c6500e6f3e4fc295dd41db1d7e284b4bfcd155cb6a767e597dc658086ad4f38c,616,content/abd_lineage/00_formal/raw_run/task_status/B__71fbc5bf-7e2a-415d-86bc-3a948742e904_8_20.json,61c37bc75c40cee37319807fd7933454eb4b17f4124faa1bfd694e13415f795d,518,ABD formal raw per-task/run record,absolute_personal_path_redaction_only,1
outputs/abd_eval300_formal_v1/task_status/B__71fbc5bf-7e2a-415d-86bc-3a948742e904_8_8.json,e79fc4f21d5230186bb50ab93cdba98e8e031727b434a4a7a677ec0eb92dd178,613,content/abd_lineage/00_formal/raw_run/task_status/B__71fbc5bf-7e2a-415d-86bc-3a948742e904_8_8.json,015b5afae174a570fbde98a3673ea440c6bb004d78c0aac857f5654f607942ef,515,ABD formal raw per-task/run record,absolute_personal_path_redaction_only,1
outputs/abd_eval300_formal_v1/task_status/B__7ddbf8a2-5b3e-44cd-b9dc-db17ec06831b_11_12.json,248f54e3c56f7f3681a16f041f070c080be526b33fa840b1f592fdc71f1d5055,619,content/abd_lineage/00_formal/raw_run/task_status/B__7ddbf8a2-5b3e-44cd-b9dc-db17ec06831b_11_12.json,03d26006b5a9ca2d8e951739c1ea9972818283dcc50af81def1c2b82d01ff10d,521,ABD formal raw per-task/run record,absolute_personal_path_redaction_only,1
outputs/abd_eval300_formal_v1/task_status/B__7ddbf8a2-5b3e-44cd-b9dc-db17ec06831b_11_14.json,0684a2cee4fd77aad8f806dd1aa40b27bca42e0e4c977c7d057978a1130c1d60,619,content/abd_lineage/00_formal/raw_run/task_status/B__7ddbf8a2-5b3e-44cd-b9dc-db17ec06831b_11_14.json,b10abe310dfbcd696fd163b6d59c7864946dfacbd77b74df3f2d47509d8617b8,521,ABD formal raw per-task/run record,absolute_personal_path_redaction_only,1
outputs/abd_eval300_formal_v1/task_status/B__7ddbf8a2-5b3e-44cd-b9dc-db17ec06831b_11_17.json,a754757653ed188b34972f685fd680223b9803b9eb41ee7cf54c42c16367faca,619,content/abd_lineage/00_formal/raw_run/task_status/B__7ddbf8a2-5b3e-44cd-b9dc-db17ec06831b_11_17.json,a9b99a0b503e0c42ef308c4430f95d8730897529d32e2d6e8b18b9f0e62b2f7e,521,ABD formal raw per-task/run record,absolute_personal_path_redaction_only,1
outputs/abd_eval300_formal_v1/task_status/B__7ddbf8a2-5b3e-44cd-b9dc-db17ec06831b_17_15.json,eaf492c1e3e737742d9ffb65fc9100e4ec6015c4903833e0e5bc33fa7a352dc7,619,content/abd_lineage/00_formal/raw_run/task_status/B__7ddbf8a2-5b3e-44cd-b9dc-db17ec06831b_17_15.json,08ad005466e7039baea5ff4ec7cada075987ff6021acd12797857d797162fec3,521,ABD formal raw per-task/run record,absolute_personal_path_redaction_only,1
outputs/abd_eval300_formal_v1/task_status/B__7ddbf8a2-5b3e-44cd-b9dc-db17ec06831b_17_6.json,ee40fb0156831e303ee9586183fd540ceca94ec9eaac183c7c4cd31c09394449,616,content/abd_lineage/00_formal/raw_run/task_status/B__7ddbf8a2-5b3e-44cd-b9dc-db17ec06831b_17_6.json,118dc0cb1d2fd5ef2d5c97cae231ca376ac4eb0ea57b4dfed3799e458f1f626e,518,ABD formal raw per-task/run record,absolute_personal_path_redaction_only,1
outputs/abd_eval300_formal_v1/task_status/B__7ddbf8a2-5b3e-44cd-b9dc-db17ec06831b_22_23.json,4a4b380cc85edcd848627977f53b1c910085cd5f7cb22b42cfe05bc0db02967b,619,content/abd_lineage/00_formal/raw_run/task_status/B__7ddbf8a2-5b3e-44cd-b9dc-db17ec06831b_22_23.json,f487bb9e212ad61e06231f5d24c974c6800af76b5189e1d17d76014234bf89b2,521,ABD formal raw per-task/run record,absolute_personal_path_redaction_only,1
outputs/abd_eval300_formal_v1/task_status/B__7ddbf8a2-5b3e-44cd-b9dc-db17ec06831b_22_3.json,6b7386ebe2718b5a8938b6fbb26a9ea0b88889c3df6e3bbe87fd8953ef7cfa25,616,content/abd_lineage/00_formal/raw_run/task_status/B__7ddbf8a2-5b3e-44cd-b9dc-db17ec06831b_22_3.json,285739c5b43688d26eddcb792b4fcb89872ca80d4b2b2145d7a2fe7cff25f497,518,ABD formal raw per-task/run record,absolute_personal_path_redaction_only,1
outputs/abd_eval300_formal_v1/task_status/B__7ddbf8a2-5b3e-44cd-b9dc-db17ec06831b_4_19.json,97d024ea8800d0c62303fe41c0244e57adb68a8686f3dafab2243f6c4dd13524,616,content/abd_lineage/00_formal/raw_run/task_status/B__7ddbf8a2-5b3e-44cd-b9dc-db17ec06831b_4_19.json,8ed6a2266a1ea4ac1f9923adf1a1af51dd331462271879a1aed0b031b8e7f236,518,ABD formal raw per-task/run record,absolute_personal_path_redaction_only,1
outputs/abd_eval300_formal_v1/task_status/B__7ddbf8a2-5b3e-44cd-b9dc-db17ec06831b_4_2.json,12a5306dac7449f086e9168d7c835471fd5a0c28554345b8adb1e8dcb23531ac,613,content/abd_lineage/00_formal/raw_run/task_status/B__7ddbf8a2-5b3e-44cd-b9dc-db17ec06831b_4_2.json,873fa20ce21cab9c77ed9ff2ade9a77507b429bc8453f281b59bab5eb421f4c2,515,ABD formal raw per-task/run record,absolute_personal_path_redaction_only,1
outputs/abd_eval300_formal_v1/task_status/B__7ddbf8a2-5b3e-44cd-b9dc-db17ec06831b_4_24.json,7d321cb7b22bace3b01809e7ac3213dd8f8d8a5726f4a81d09d69b078573ad4a,616,content/abd_lineage/00_formal/raw_run/task_status/B__7ddbf8a2-5b3e-44cd-b9dc-db17ec06831b_4_24.json,dc0deff43357e77a7824b631da1d5c22fe03825e5ece034b6bd7750ff6023eab,518,ABD formal raw per-task/run record,absolute_personal_path_redaction_only,1
outputs/abd_eval300_formal_v1/task_status/B__7ddbf8a2-5b3e-44cd-b9dc-db17ec06831b_4_9.json,137cfbb688aff3d3a893a589620df60ea9fd818966504182ed2faff3f73e398e,613,content/abd_lineage/00_formal/raw_run/task_status/B__7ddbf8a2-5b3e-44cd-b9dc-db17ec06831b_4_9.json,f66e3a7ded0f45ce6f57a0d6b5e4b4de1f4fb31ba4666e96f6a1c49aeebcc57c,515,ABD formal raw per-task/run record,absolute_personal_path_redaction_only,1
outputs/abd_eval300_formal_v1/task_status/B__7ddbf8a2-5b3e-44cd-b9dc-db17ec06831b_5_1.json,f98724ab68d34b01264e8019a0fdd706fd51719eb4fc4b5295932bcf5c9c981d,613,content/abd_lineage/00_formal/raw_run/task_status/B__7ddbf8a2-5b3e-44cd-b9dc-db17ec06831b_5_1.json,519fda0bf12e92cd3732d03423c60de806125eb674035db994c0672c7976a58b,515,ABD formal raw per-task/run record,absolute_personal_path_redaction_only,1
outputs/abd_eval300_formal_v1/task_status/B__7ddbf8a2-5b3e-44cd-b9dc-db17ec06831b_5_22.json,46f7efef4e734f82438906147cbd03150a636501b718cea061d686f9a08667a5,616,content/abd_lineage/00_formal/raw_run/task_status/B__7ddbf8a2-5b3e-44cd-b9dc-db17ec06831b_5_22.json,4178361b73c326821894d5e35cfb6946b628050d4803432e7595b947690c238e,518,ABD formal raw per-task/run record,absolute_personal_path_redaction_only,1
outputs/abd_eval300_formal_v1/task_status/B__7ddbf8a2-5b3e-44cd-b9dc-db17ec06831b_6_7.json,b9ef90273fc961fc9f9a9c78fe0e5c5a0f3bbfe14b4bc0d7e7d769b9c9844296,613,content/abd_lineage/00_formal/raw_run/task_status/B__7ddbf8a2-5b3e-44cd-b9dc-db17ec06831b_6_7.json,1d60db4191c5180db331f9352ef1f483f90d3cb300c2fc15e4cf293c8e6b7802,515,ABD formal raw per-task/run record,absolute_personal_path_redaction_only,1
outputs/abd_eval300_formal_v1/task_status/B__7ddbf8a2-5b3e-44cd-b9dc-db17ec06831b_6_8.json,b233fced3d2fcbcc1b93f658fdbc2482443b552dc97c46d091ce08772a739517,613,content/abd_lineage/00_formal/raw_run/task_status/B__7ddbf8a2-5b3e-44cd-b9dc-db17ec06831b_6_8.json,a9f42858a1e0e6f66360504b1ae18cb332a5f086ddbc0a5e0ec2d0e72000582a,515,ABD formal raw per-task/run record,absolute_personal_path_redaction_only,1
outputs/abd_eval300_formal_v1/task_status/B__7ddbf8a2-5b3e-44cd-b9dc-db17ec06831b_7_11.json,af28f8d7b07336dfee4589f0d5c8c58e84d37022e87bcfa4199663af0ad29d20,616,content/abd_lineage/00_formal/raw_run/task_status/B__7ddbf8a2-5b3e-44cd-b9dc-db17ec06831b_7_11.json,85c0108160aee7cd084556d41ed2d4ec95eb72b16a7dfd376f11047885d74fde,518,ABD formal raw per-task/run record,absolute_personal_path_redaction_only,1
outputs/abd_eval300_formal_v1/task_status/B__7ddbf8a2-5b3e-44cd-b9dc-db17ec06831b_7_16.json,5df4b01f152cc9103c69e81a758d8f77633776a8dc7a3ba5fedd4521573db08a,616,content/abd_lineage/00_formal/raw_run/task_status/B__7ddbf8a2-5b3e-44cd-b9dc-db17ec06831b_7_16.json,fdbd7584f0ed62d326b4ffc2eb906ed76a03310a3d3b5506ae281d03c4c8b247,518,ABD formal raw per-task/run record,absolute_personal_path_redaction_only,1
outputs/abd_eval300_formal_v1/task_status/B__7ddbf8a2-5b3e-44cd-b9dc-db17ec06831b_7_21.json,c6f2ee0b9d24185e06ae0b90b3745e3ba83d9aee9c8b7d86eebe75de100d880e,616,content/abd_lineage/00_formal/raw_run/task_status/B__7ddbf8a2-5b3e-44cd-b9dc-db17ec06831b_7_21.json,123f3ad5ee731ea42d9f6bbe0570caf409e33ed2768b072f36e6a7079ff796aa,518,ABD formal raw per-task/run record,absolute_personal_path_redaction_only,1
outputs/abd_eval300_formal_v1/task_status/B__7ddbf8a2-5b3e-44cd-b9dc-db17ec06831b_7_4.json,c94b6006bc8590cb75b28b445056370b229f8fc05b67f1fedde3889980ff1e1b,613,content/abd_lineage/00_formal/raw_run/task_status/B__7ddbf8a2-5b3e-44cd-b9dc-db17ec06831b_7_4.json,e361b2546d59bbb6fc0179a21b3f94993f529e966672d990d9076e47000833fc,515,ABD formal raw per-task/run record,absolute_personal_path_redaction_only,1
outputs/abd_eval300_formal_v1/task_status/B__7ddbf8a2-5b3e-44cd-b9dc-db17ec06831b_7_5.json,fd6cb70ded73b3274c13958b27f7b942fc14556ea3438e0b2338d3f523448367,613,content/abd_lineage/00_formal/raw_run/task_status/B__7ddbf8a2-5b3e-44cd-b9dc-db17ec06831b_7_5.json,0c883439392e3a35acfac87c2819d49ab1e80cd2cdbd632dfe04b17975201eee,515,ABD formal raw per-task/run record,absolute_personal_path_redaction_only,1
outputs/abd_eval300_formal_v1/task_status/B__7ddbf8a2-5b3e-44cd-b9dc-db17ec06831b_8_10.json,30af14ea8227c5217e430a982cc53cbcb1aa7ba66a4616527566af50fe6c7006,616,content/abd_lineage/00_formal/raw_run/task_status/B__7ddbf8a2-5b3e-44cd-b9dc-db17ec06831b_8_10.json,9d47118e8cd35cf9125e980a1db3a1950a97eb3f9ffe934c44e82684877b38d7,518,ABD formal raw per-task/run record,absolute_personal_path_redaction_only,1
outputs/abd_eval300_formal_v1/task_status/B__7ddbf8a2-5b3e-44cd-b9dc-db17ec06831b_8_13.json,d2e977a1220635d763f977bba68c49f02d25de9ad7fef87abfafb087100a76fc,616,content/abd_lineage/00_formal/raw_run/task_status/B__7ddbf8a2-5b3e-44cd-b9dc-db17ec06831b_8_13.json,8871e65b53e32f6618e49953e98f55e7ecf08b9ac287022c32fc378d2d1df023,518,ABD formal raw per-task/run record,absolute_personal_path_redaction_only,1
outputs/abd_eval300_formal_v1/task_status/B__7ddbf8a2-5b3e-44cd-b9dc-db17ec06831b_8_18.json,6620c4df3d2302c3a6aafe2dfbbbcbbe6f9ae06d2ce9828ce3ec1fbcb67c8fef,616,content/abd_lineage/00_formal/raw_run/task_status/B__7ddbf8a2-5b3e-44cd-b9dc-db17ec06831b_8_18.json,bd78904993ae3d7887bcba01f0f0c4d6a7a3e2ceedac5b7eefa8397ec85bcdb3,518,ABD formal raw per-task/run record,absolute_personal_path_redaction_only,1
outputs/abd_eval300_formal_v1/task_status/B__7ddbf8a2-5b3e-44cd-b9dc-db17ec06831b_8_20.json,31ba78883307932dc31764101b2ceaed19aa56c1fb62b8928bad72249d700f7d,616,content/abd_lineage/00_formal/raw_run/task_status/B__7ddbf8a2-5b3e-44cd-b9dc-db17ec06831b_8_20.json,a42a177a05a66f36334d732dea144481ac19fc7cb0c49f0eff58d2614c9adda2,518,ABD formal raw per-task/run record,absolute_personal_path_redaction_only,1
outputs/abd_eval300_formal_v1/task_status/B__7ddbf8a2-5b3e-44cd-b9dc-db17ec06831b_8_25.json,4853e628d29c8ea4b4cc57bf0a8c096adb4662e0486333e5dc70d0bf1fbd08df,616,content/abd_lineage/00_formal/raw_run/task_status/B__7ddbf8a2-5b3e-44cd-b9dc-db17ec06831b_8_25.json,33c388d515b4c5b36b11c2c0a75264d694a2cb65bd991176ab7a3342b7ed765b,518,ABD formal raw per-task/run record,absolute_personal_path_redaction_only,1
outputs/abd_eval300_formal_v1/task_status/B__7e512589-aa97-41e8-83d3-af2e83e4fd06_11_14.json,94c3251f0fd5c4a51228e7571e99e41273e3d0f1c954486b88688c94cc730c2a,619,content/abd_lineage/00_formal/raw_run/task_status/B__7e512589-aa97-41e8-83d3-af2e83e4fd06_11_14.json,c53de7149cbb877cfbb3b30ae55cee0e13788032d67afde9a9b7dc0bf87671f2,521,ABD formal raw per-task/run record,absolute_personal_path_redaction_only,1
outputs/abd_eval300_formal_v1/task_status/B__7e512589-aa97-41e8-83d3-af2e83e4fd06_11_18.json,b03686480761f65c40d02c2c65d179f58c8a634e852107363592fb204cc4fe46,619,content/abd_lineage/00_formal/raw_run/task_status/B__7e512589-aa97-41e8-83d3-af2e83e4fd06_11_18.json,f8ecc6fd08f3296653ef85f96252154205111383d5c66881179630e5eb2739c5,521,ABD formal raw per-task/run record,absolute_personal_path_redaction_only,1
outputs/abd_eval300_formal_v1/task_status/B__7e512589-aa97-41e8-83d3-af2e83e4fd06_11_24.json,28c11b4eab144a3e29ee9cf70441b315c05298a0063a8ec95ded3223562a80ad,619,content/abd_lineage/00_formal/raw_run/task_status/B__7e512589-aa97-41e8-83d3-af2e83e4fd06_11_24.json,1427189e32cdec6c2c2bcf634d3d2b2c942d1e73998c7e4bb85b6c9f1b56cf30,521,ABD formal raw per-task/run record,absolute_personal_path_redaction_only,1
outputs/abd_eval300_formal_v1/task_status/B__7e512589-aa97-41e8-83d3-af2e83e4fd06_17_10.json,a42c1c69f645a7b37697fed57f5490fd7a3dba196db21fcb189dab617a9c1b5a,619,content/abd_lineage/00_formal/raw_run/task_status/B__7e512589-aa97-41e8-83d3-af2e83e4fd06_17_10.json,8f2eee4bb332b39cc248768e6053b280d9daf1fbc10413cfcd047ede73753d18,521,ABD formal raw per-task/run record,absolute_personal_path_redaction_only,1
outputs/abd_eval300_formal_v1/task_status/B__7e512589-aa97-41e8-83d3-af2e83e4fd06_17_16.json,9a3df6507ae2fe1d0e3ad185b87abd6568b1872013c219b693d142c34951a05f,619,content/abd_lineage/00_formal/raw_run/task_status/B__7e512589-aa97-41e8-83d3-af2e83e4fd06_17_16.json,8192ff729a98127b5d3de1e019b6f3cbbc2f385d8958fd799f80c7806821a693,521,ABD formal raw per-task/run record,absolute_personal_path_redaction_only,1
outputs/abd_eval300_formal_v1/task_status/B__7e512589-aa97-41e8-83d3-af2e83e4fd06_17_2.json,30702a690a4f7511b0e9542582f1d25be943d3ee5814bd260fb6505be190871a,616,content/abd_lineage/00_formal/raw_run/task_status/B__7e512589-aa97-41e8-83d3-af2e83e4fd06_17_2.json,2d6e653b5d0c0630ba6f692caeaefc137bb33bfc5b638ec023413bab5cf949b9,518,ABD formal raw per-task/run record,absolute_personal_path_redaction_only,1
outputs/abd_eval300_formal_v1/task_status/B__7e512589-aa97-41e8-83d3-af2e83e4fd06_17_30.json,803218e9ea1291c3481eb9b61aa29ae90771cce8f311e7cafe3419121170de8d,619,content/abd_lineage/00_formal/raw_run/task_status/B__7e512589-aa97-41e8-83d3-af2e83e4fd06_17_30.json,51310d6ca6b2e3d9c4d0bee466fac95db6ea6cfd3433d05b63629bbfd5252817,521,ABD formal raw per-task/run record,absolute_personal_path_redaction_only,1
outputs/abd_eval300_formal_v1/task_status/B__7e512589-aa97-41e8-83d3-af2e83e4fd06_17_34.json,150330735d472a54fea504d6fbd6e8e5eee0eb0d63b7241442c2b45c740de201,619,content/abd_lineage/00_formal/raw_run/task_status/B__7e512589-aa97-41e8-83d3-af2e83e4fd06_17_34.json,177a09e3fd4b8f7400611feb9bbdd896ef1fb53cc5646390a00f9ec687ce7dff,521,ABD formal raw per-task/run record,absolute_personal_path_redaction_only,1
outputs/abd_eval300_formal_v1/task_status/B__7e512589-aa97-41e8-83d3-af2e83e4fd06_21_19.json,5fa9335e9b9b8e9985f4afb360ab82699eeced4d2a2c04f61aceed0fa0a39075,619,content/abd_lineage/00_formal/raw_run/task_status/B__7e512589-aa97-41e8-83d3-af2e83e4fd06_21_19.json,2e063c96179be5f5fea39f058b0c54aacbafabde852b254dc502f38f678e0d8d,521,ABD formal raw per-task/run record,absolute_personal_path_redaction_only,1
outputs/abd_eval300_formal_v1/task_status/B__7e512589-aa97-41e8-83d3-af2e83e4fd06_22_11.json,a308d32133ebf0dec9af308db0e3e0ed94bd87d7af981972fecb52b38f887d64,619,content/abd_lineage/00_formal/raw_run/task_status/B__7e512589-aa97-41e8-83d3-af2e83e4fd06_22_11.json,301df5f08ecd6bc3502df5eb1797f7eae85f72dd16c086bc6121fee7d29c4de5,521,ABD formal raw per-task/run record,absolute_personal_path_redaction_only,1
outputs/abd_eval300_formal_v1/task_status/B__7e512589-aa97-41e8-83d3-af2e83e4fd06_22_8.json,d1e6dba03d7d1e64c263ab22af157ac3e57c1a666faf4fe89c76e9e898dbbd1b,616,content/abd_lineage/00_formal/raw_run/task_status/B__7e512589-aa97-41e8-83d3-af2e83e4fd06_22_8.json,a2988f10a3c7b7362953c9a9e71ef3cd00e410611104316243fa43541f8dd320,518,ABD formal raw per-task/run record,absolute_personal_path_redaction_only,1
outputs/abd_eval300_formal_v1/task_status/B__7e512589-aa97-41e8-83d3-af2e83e4fd06_23_28.json,74d872f91c11a032a5db3b48bf89de93de98288b49e4d0fe550f81e7d6a8ebfc,619,content/abd_lineage/00_formal/raw_run/task_status/B__7e512589-aa97-41e8-83d3-af2e83e4fd06_23_28.json,b2337d7ab91d21b7a475ebbee51ec03b8b908f092ad4e4f63c4d2d2b79a29226,521,ABD formal raw per-task/run record,absolute_personal_path_redaction_only,1
outputs/abd_eval300_formal_v1/task_status/B__7e512589-aa97-41e8-83d3-af2e83e4fd06_3_21.json,d14f9677c8295fa8dbec7db486fceec3f72d51a4380572d52dd4469d29883eb8,616,content/abd_lineage/00_formal/raw_run/task_status/B__7e512589-aa97-41e8-83d3-af2e83e4fd06_3_21.json,bc8e5dfbf80f6f2ab3cc892508ba5e22d4212a5588870c54f4088c429a123f46,518,ABD formal raw per-task/run record,absolute_personal_path_redaction_only,1
outputs/abd_eval300_formal_v1/task_status/B__7e512589-aa97-41e8-83d3-af2e83e4fd06_3_26.json,58542975647f3d08e8254216a7ce8b4212ef90e8980c9ba2d85ac7540a5b80f5,616,content/abd_lineage/00_formal/raw_run/task_status/B__7e512589-aa97-41e8-83d3-af2e83e4fd06_3_26.json,51d9831ac6c55e9a3ba9453d485efa55f6fd57f8c62d19727fdcff30c985535d,518,ABD formal raw per-task/run record,absolute_personal_path_redaction_only,1
outputs/abd_eval300_formal_v1/task_status/B__7e512589-aa97-41e8-83d3-af2e83e4fd06_4_3.json,48df56c4149a6de3c8e38bd96171de1c19a239ce8a44f8e712eb80cb97d7f553,613,content/abd_lineage/00_formal/raw_run/task_status/B__7e512589-aa97-41e8-83d3-af2e83e4fd06_4_3.json,1953c1a78abd66e5ce2d6aa819154c22012f7affafc6d0284e92c6247e950a5e,515,ABD formal raw per-task/run record,absolute_personal_path_redaction_only,1
outputs/abd_eval300_formal_v1/task_status/B__7e512589-aa97-41e8-83d3-af2e83e4fd06_4_5.json,bf664f297777949630724f4d3f28c36f76b39b62d9bd38472ec6acc62d9d3237,613,content/abd_lineage/00_formal/raw_run/task_status/B__7e512589-aa97-41e8-83d3-af2e83e4fd06_4_5.json,d5e54d1b64d38e4f94bf9528a78ff1e4659fd8df69e6f5c99775fd54bcb18eef,515,ABD formal raw per-task/run record,absolute_personal_path_redaction_only,1
outputs/abd_eval300_formal_v1/task_status/B__7e512589-aa97-41e8-83d3-af2e83e4fd06_5_33.json,d7e7dd1a1289ac9b8d6b24c448d9be016aa9713fb97a4d99b6587386f4b7d1c8,616,content/abd_lineage/00_formal/raw_run/task_status/B__7e512589-aa97-41e8-83d3-af2e83e4fd06_5_33.json,200907986747ced6840678620cd369a6c1bfcaea11cfdd771117e8582696dc76,518,ABD formal raw per-task/run record,absolute_personal_path_redaction_only,1
outputs/abd_eval300_formal_v1/task_status/B__7e512589-aa97-41e8-83d3-af2e83e4fd06_6_15.json,c296c19cfc37bc8a1204782c6ae5d15d139c665fbf8a4156c16d483cd70f052a,616,content/abd_lineage/00_formal/raw_run/task_status/B__7e512589-aa97-41e8-83d3-af2e83e4fd06_6_15.json,9d2ce3f7040e271258b18e81e25aed700ba549330fa39d5d39439e203048045a,518,ABD formal raw per-task/run record,absolute_personal_path_redaction_only,1
outputs/abd_eval300_formal_v1/task_status/B__7e512589-aa97-41e8-83d3-af2e83e4fd06_6_27.json,a893791367c7b89293aee7e380965986358cd6f0a052e95176a31799948bd666,616,content/abd_lineage/00_formal/raw_run/task_status/B__7e512589-aa97-41e8-83d3-af2e83e4fd06_6_27.json,337ff2ac7478615a320937ff3c0becb7ece85cca007436aa7cd76ba4df471e06,518,ABD formal raw per-task/run record,absolute_personal_path_redaction_only,1
outputs/abd_eval300_formal_v1/task_status/B__7e512589-aa97-41e8-83d3-af2e83e4fd06_6_7.json,2acd72434db25306fede299916f29a308eeaa1e6a9348a14de845a133d7fba55,613,content/abd_lineage/00_formal/raw_run/task_status/B__7e512589-aa97-41e8-83d3-af2e83e4fd06_6_7.json,ae3251ea141a24f6bcf62a00d9cce84f83b542948dd1f73955da89c6f79aa15a,515,ABD formal raw per-task/run record,absolute_personal_path_redaction_only,1
outputs/abd_eval300_formal_v1/task_status/B__7e512589-aa97-41e8-83d3-af2e83e4fd06_7_20.json,6d3d7cba1b5b17a80ff606ea1334052d0eeefffdde78bf2f59e56be74745a8ce,616,content/abd_lineage/00_formal/raw_run/task_status/B__7e512589-aa97-41e8-83d3-af2e83e4fd06_7_20.json,1c497806b6f7b7d0622d2c915597582e9bb2ecbf24a65afdf229feecfbfedccf,518,ABD formal raw per-task/run record,absolute_personal_path_redaction_only,1
outputs/abd_eval300_formal_v1/task_status/B__7e512589-aa97-41e8-83d3-af2e83e4fd06_7_22.json,4a4a96d4521d8ef1a9e888890e3fd1ded4bd39df5395167d6405fed17e2c87b3,616,content/abd_lineage/00_formal/raw_run/task_status/B__7e512589-aa97-41e8-83d3-af2e83e4fd06_7_22.json,c687f49bcb68b7824b9ef794c31ae79cdeb960b8eac12b5aa864791ecf4cd283,518,ABD formal raw per-task/run record,absolute_personal_path_redaction_only,1
outputs/abd_eval300_formal_v1/task_status/B__7e512589-aa97-41e8-83d3-af2e83e4fd06_7_23.json,58b8bdbbeb5b6cfc8079574d25aceeeb259bd5b48648cd8a782b31d80b0ebb0d,616,content/abd_lineage/00_formal/raw_run/task_status/B__7e512589-aa97-41e8-83d3-af2e83e4fd06_7_23.json,d27be28562d5f3eefcf4b0f2840be271a76e51790475ff7dc319275b57d428ce,518,ABD formal raw per-task/run record,absolute_personal_path_redaction_only,1
outputs/abd_eval300_formal_v1/task_status/B__7e512589-aa97-41e8-83d3-af2e83e4fd06_7_4.json,923b13b5122bec7b21bc725994a38ca6e14ec7b1c41246d9703d862555a3b17f,613,content/abd_lineage/00_formal/raw_run/task_status/B__7e512589-aa97-41e8-83d3-af2e83e4fd06_7_4.json,a82ab5bc93bb184258e50d4238a2bd4960289db926d3a942d78128485fc5213d,515,ABD formal raw per-task/run record,absolute_personal_path_redaction_only,1
outputs/abd_eval300_formal_v1/task_status/B__7e512589-aa97-41e8-83d3-af2e83e4fd06_8_12.json,be7192bca23ab8fa7d06ec784e9299fda1971b3ee8d79d6c5e30ee8a48b17c05,616,content/abd_lineage/00_formal/raw_run/task_status/B__7e512589-aa97-41e8-83d3-af2e83e4fd06_8_12.json,880074d6510ed52de27cd52b2aad81bab8c9797bb55ac62afd42ce4736f24bd9,518,ABD formal raw per-task/run record,absolute_personal_path_redaction_only,1
outputs/abd_eval300_formal_v1/task_status/B__819c8af7-851f-434f-ab32-318285bc54b1_11_14.json,5c7773ac7c5dc8f9bc27f087e10f371f16d8f4ad67d4422d42709d2a3ac232fe,619,content/abd_lineage/00_formal/raw_run/task_status/B__819c8af7-851f-434f-ab32-318285bc54b1_11_14.json,f9db92f3cfeae907e589838b2899e50826f370a071b0e1aef38a1635cf4cbf4d,521,ABD formal raw per-task/run record,absolute_personal_path_redaction_only,1
outputs/abd_eval300_formal_v1/task_status/B__819c8af7-851f-434f-ab32-318285bc54b1_11_24.json,f021df72e60814083dd3bceae0cc422a81057a3a208696d2f6d39db57e7aea5b,619,content/abd_lineage/00_formal/raw_run/task_status/B__819c8af7-851f-434f-ab32-318285bc54b1_11_24.json,cb0389ba8e5669e67c12758094804a043750e38af20d87f2db87ae7294702dab,521,ABD formal raw per-task/run record,absolute_personal_path_redaction_only,1
outputs/abd_eval300_formal_v1/task_status/B__819c8af7-851f-434f-ab32-318285bc54b1_11_3.json,916013d0490630b63fe0c31a435629fd4a044feb0fdfe5e0d59b279129ae31e8,616,content/abd_lineage/00_formal/raw_run/task_status/B__819c8af7-851f-434f-ab32-318285bc54b1_11_3.json,a9ad04dde067a8430f13346e84b0dbdab0e9c8b247d1213967871d917b18edfa,518,ABD formal raw per-task/run record,absolute_personal_path_redaction_only,1
outputs/abd_eval300_formal_v1/task_status/B__819c8af7-851f-434f-ab32-318285bc54b1_12_7.json,8fd325461de205f13892cc4204ffc3b303735ef4ec63c5ce0a5a8c2d7d927d67,616,content/abd_lineage/00_formal/raw_run/task_status/B__819c8af7-851f-434f-ab32-318285bc54b1_12_7.json,878259be62cf1099235ca66b0e7849abdec80983f6cb1205776b07d453a9bbde,518,ABD formal raw per-task/run record,absolute_personal_path_redaction_only,1
outputs/abd_eval300_formal_v1/task_status/B__819c8af7-851f-434f-ab32-318285bc54b1_17_20.json,48bbcd23699a384b9dcbc07afecc299eecc12c506f743529855644201f7e70d1,619,content/abd_lineage/00_formal/raw_run/task_status/B__819c8af7-851f-434f-ab32-318285bc54b1_17_20.json,de0841d3a6793a5539a7d03f9df073a5c958bf85008eed118583972d16214b59,521,ABD formal raw per-task/run record,absolute_personal_path_redaction_only,1
outputs/abd_eval300_formal_v1/task_status/B__819c8af7-851f-434f-ab32-318285bc54b1_17_22.json,d0c961a8bf10ac366fa1556fb430ac6022e508cdb7cd52d9a82026824c4484b1,619,content/abd_lineage/00_formal/raw_run/task_status/B__819c8af7-851f-434f-ab32-318285bc54b1_17_22.json,2c4e57cbb37fd00f5f9e7171e9e2e474afdac9ae1c082faa42a96569f2f7e2a2,521,ABD formal raw per-task/run record,absolute_personal_path_redaction_only,1
outputs/abd_eval300_formal_v1/task_status/B__819c8af7-851f-434f-ab32-318285bc54b1_17_26.json,6506ac461c572cfd0768af4a06f6426b7e6c4ca6f768f0c46c329eb90f53bb01,619,content/abd_lineage/00_formal/raw_run/task_status/B__819c8af7-851f-434f-ab32-318285bc54b1_17_26.json,4dd45ddef5680c36d13a47ec8da5d38ec721723b39d76ae733d1b6a2c3f9006b,521,ABD formal raw per-task/run record,absolute_personal_path_redaction_only,1
outputs/abd_eval300_formal_v1/task_status/B__819c8af7-851f-434f-ab32-318285bc54b1_17_29.json,8e5d3c835328a8189b8f05abf6a3708dfecd4bcbaec1c6068f2c9f12e8f2243f,619,content/abd_lineage/00_formal/raw_run/task_status/B__819c8af7-851f-434f-ab32-318285bc54b1_17_29.json,20105eaa8d3130b88c4e1f42d124ccb0bacc5b9240f2c0b22dffc9eeed1e001d,521,ABD formal raw per-task/run record,absolute_personal_path_redaction_only,1
outputs/abd_eval300_formal_v1/task_status/B__819c8af7-851f-434f-ab32-318285bc54b1_18_6.json,df57f39890f600abb3f3365f5fcfaca157ff435477e00e7fc705706b096a17dd,616,content/abd_lineage/00_formal/raw_run/task_status/B__819c8af7-851f-434f-ab32-318285bc54b1_18_6.json,d30ca944bed8453ce03e17750a95d7964d1460117efb00652c5b6513b2d0c3fe,518,ABD formal raw per-task/run record,absolute_personal_path_redaction_only,1
outputs/abd_eval300_formal_v1/task_status/B__819c8af7-851f-434f-ab32-318285bc54b1_23_5.json,de329e9c65d485adce2ea388f5c972bd9239fc3f25816e36bbb09d3a2954cc0a,616,content/abd_lineage/00_formal/raw_run/task_status/B__819c8af7-851f-434f-ab32-318285bc54b1_23_5.json,ec9c9b5cd69650868f8aefee97502c74627e9cdbc825e7ff919ec35d9c0231c0,518,ABD formal raw per-task/run record,absolute_personal_path_redaction_only,1
outputs/abd_eval300_formal_v1/task_status/B__819c8af7-851f-434f-ab32-318285bc54b1_3_12.json,28e81a81741f9ca9ffdf5d69ecf419a18a4676724780dd23c987ccd31e5af142,616,content/abd_lineage/00_formal/raw_run/task_status/B__819c8af7-851f-434f-ab32-318285bc54b1_3_12.json,fbe35d5859b1eede6b1abbedd1cb2e491ab4fc48c4785720eeb94a1a860a06a7,518,ABD formal raw per-task/run record,absolute_personal_path_redaction_only,1
outputs/abd_eval300_formal_v1/task_status/B__819c8af7-851f-434f-ab32-318285bc54b1_3_13.json,5b192837d28056a895940664a96619d618ad706009cb46aad79726c6cde20288,616,content/abd_lineage/00_formal/raw_run/task_status/B__819c8af7-851f-434f-ab32-318285bc54b1_3_13.json,24ffc4da52fd2bbd7cfee2dea5cec78f51026b5a45346d1e2a8dca213315c905,518,ABD formal raw per-task/run record,absolute_personal_path_redaction_only,1
outputs/abd_eval300_formal_v1/task_status/B__819c8af7-851f-434f-ab32-318285bc54b1_4_10.json,b4189ed2c3f8e6043a6773465e8c0c03c2a4e7356a618a98484527d49ad8527d,616,content/abd_lineage/00_formal/raw_run/task_status/B__819c8af7-851f-434f-ab32-318285bc54b1_4_10.json,7315a13614796a9c854ba3c253e678eed1c73d0e9cedc93fd6e3e6f2115f613c,518,ABD formal raw per-task/run record,absolute_personal_path_redaction_only,1
outputs/abd_eval300_formal_v1/task_status/B__819c8af7-851f-434f-ab32-318285bc54b1_4_19.json,f7d6121723724d687adc5e81cfff63490a59c5a304a16d9dc3a559712ce122dd,616,content/abd_lineage/00_formal/raw_run/task_status/B__819c8af7-851f-434f-ab32-318285bc54b1_4_19.json,f6f631fb1125c95235a8f69dc556c726b74b51b4fd1ab0e8da2e327b4d291ea7,518,ABD formal raw per-task/run record,absolute_personal_path_redaction_only,1
outputs/abd_eval300_formal_v1/task_status/B__819c8af7-851f-434f-ab32-318285bc54b1_4_2.json,5718ec8c294cf417b7bc9852826661d8670caf0ceee6935f0e1146229dcb6d6d,613,content/abd_lineage/00_formal/raw_run/task_status/B__819c8af7-851f-434f-ab32-318285bc54b1_4_2.json,5856ce6aee9fe5376ef0098e81ddf06045afaf83060dbb20b281f6a18afd361b,515,ABD formal raw per-task/run record,absolute_personal_path_redaction_only,1
outputs/abd_eval300_formal_v1/task_status/B__819c8af7-851f-434f-ab32-318285bc54b1_4_23.json,a4acadc4558e4706b20593a173908268a09ef9ff6b1c47f5fe42fae8393df224,616,content/abd_lineage/00_formal/raw_run/task_status/B__819c8af7-851f-434f-ab32-318285bc54b1_4_23.json,5e47109bdbe5b221ce0723b5e5a86cca109e5cd327c8402c0933abee35d95b08,518,ABD formal raw per-task/run record,absolute_personal_path_redaction_only,1
outputs/abd_eval300_formal_v1/task_status/B__819c8af7-851f-434f-ab32-318285bc54b1_4_30.json,67f6fa341de57cb68a8d3d086d58a5dbd3a5f229634da23f237e1f0502e613b2,616,content/abd_lineage/00_formal/raw_run/task_status/B__819c8af7-851f-434f-ab32-318285bc54b1_4_30.json,e235a9a5d58bd66e004b4f5da7347037db6e3efc9d1018c86681864db23bb3c7,518,ABD formal raw per-task/run record,absolute_personal_path_redaction_only,1
outputs/abd_eval300_formal_v1/task_status/B__819c8af7-851f-434f-ab32-318285bc54b1_4_4.json,aeab3fc259674683561be13af6ada75809a0e53a37cd6d4c9bfe1a267a129276,613,content/abd_lineage/00_formal/raw_run/task_status/B__819c8af7-851f-434f-ab32-318285bc54b1_4_4.json,2292df7b987b798980ba24637b2dda3949f3e3f0fa7dab52ccddd7751f6f4f73,515,ABD formal raw per-task/run record,absolute_personal_path_redaction_only,1
outputs/abd_eval300_formal_v1/task_status/B__819c8af7-851f-434f-ab32-318285bc54b1_5_11.json,399e4315d8f27670804da5870623d1ab0d689609ac6c60ac95aa4c14bf207aeb,616,content/abd_lineage/00_formal/raw_run/task_status/B__819c8af7-851f-434f-ab32-318285bc54b1_5_11.json,275d4adf1ceaff156401c668dbc8d60fb92ecf0bb19c7fff4cb9d0bf92879452,518,ABD formal raw per-task/run record,absolute_personal_path_redaction_only,1
outputs/abd_eval300_formal_v1/task_status/B__819c8af7-851f-434f-ab32-318285bc54b1_5_25.json,b28cceb3e780c8dccbbacee7d6502287e5c8afe05b4995f8ddfd29b42770afc3,616,content/abd_lineage/00_formal/raw_run/task_status/B__819c8af7-851f-434f-ab32-318285bc54b1_5_25.json,98be7d24e1fe1078ccda5f21bde96ae2f84a602a69c9e14cd642852d0d444677,518,ABD formal raw per-task/run record,absolute_personal_path_redaction_only,1
outputs/abd_eval300_formal_v1/task_status/B__819c8af7-851f-434f-ab32-318285bc54b1_5_28.json,c5b27a4a9f8a66161e114a24ab83ae51aa963ab05ef1ec1d99b8bcf82d78037e,616,content/abd_lineage/00_formal/raw_run/task_status/B__819c8af7-851f-434f-ab32-318285bc54b1_5_28.json,e8bb72758c21a66768a635945d2e074774cdbb1b67bfb5d76144db9de231fec1,518,ABD formal raw per-task/run record,absolute_personal_path_redaction_only,1
outputs/abd_eval300_formal_v1/task_status/B__819c8af7-851f-434f-ab32-318285bc54b1_7_17.json,0424f67fb359e043a503b0d67be2c2fa312f48d9cc1719d4e19cc9d85d9cfaa7,616,content/abd_lineage/00_formal/raw_run/task_status/B__819c8af7-851f-434f-ab32-318285bc54b1_7_17.json,b4ec19a82def5c9d5ccdcf676011f7b202e09fa463b3c5c034aa91558cd06950,518,ABD formal raw per-task/run record,absolute_personal_path_redaction_only,1
outputs/abd_eval300_formal_v1/task_status/B__819c8af7-851f-434f-ab32-318285bc54b1_7_21.json,23d02e7e18f5999c8463dce48fd675c94129a689daaf59a4944bd50bd066b4a1,616,content/abd_lineage/00_formal/raw_run/task_status/B__819c8af7-851f-434f-ab32-318285bc54b1_7_21.json,a4ada46a4f9d654827b438ce514431406fe3d6de6fbe6de382289f04b5a7c9f5,518,ABD formal raw per-task/run record,absolute_personal_path_redaction_only,1
outputs/abd_eval300_formal_v1/task_status/B__819c8af7-851f-434f-ab32-318285bc54b1_8_1.json,e3d2cbd05e56d08a9c37260c3884343e282bf30da962dcaef7d0bd12d6f8eab3,613,content/abd_lineage/00_formal/raw_run/task_status/B__819c8af7-851f-434f-ab32-318285bc54b1_8_1.json,dd08bf7e310419237dc518030271140ad130f0224744803c4a06aed9f4203adc,515,ABD formal raw per-task/run record,absolute_personal_path_redaction_only,1
outputs/abd_eval300_formal_v1/task_status/B__819c8af7-851f-434f-ab32-318285bc54b1_8_27.json,460f3030d31ac4c8296b4d5c3ecdccb16525239f0d84231fc77358cfb52386ab,616,content/abd_lineage/00_formal/raw_run/task_status/B__819c8af7-851f-434f-ab32-318285bc54b1_8_27.json,6bbfbc42c131f2554c0cadc4b95a4f7a9eab4ef5371b4f176352e8bed010104d,518,ABD formal raw per-task/run record,absolute_personal_path_redaction_only,1
outputs/abd_eval300_formal_v1/task_status/B__a6d45e95-8dc0-4932-83bf-ec53e265a16a_11_14.json,1fac4ab12957954267a1f702bbc4b9e2f1ec0c2e3cd57975b21f9eaf83094e1b,619,content/abd_lineage/00_formal/raw_run/task_status/B__a6d45e95-8dc0-4932-83bf-ec53e265a16a_11_14.json,e51752906dd914aaef448de65e6aec204b9b74b2b725eabcca73231e448c8c07,521,ABD formal raw per-task/run record,absolute_personal_path_redaction_only,1
outputs/abd_eval300_formal_v1/task_status/B__a6d45e95-8dc0-4932-83bf-ec53e265a16a_11_15.json,e0c258d9cda5ea5bcc5e3b12b1dc7b01249034972b84a7f82496d06ac9ecf28c,619,content/abd_lineage/00_formal/raw_run/task_status/B__a6d45e95-8dc0-4932-83bf-ec53e265a16a_11_15.json,66aae0a870ead493122ad7a03d063899262bb5664798154e841e6e946320fac5,521,ABD formal raw per-task/run record,absolute_personal_path_redaction_only,1
outputs/abd_eval300_formal_v1/task_status/B__a6d45e95-8dc0-4932-83bf-ec53e265a16a_11_28.json,41f4878dfe53e0f3779800da188fdf55a79f1d8bf9fbbd550c71079a2253b00b,619,content/abd_lineage/00_formal/raw_run/task_status/B__a6d45e95-8dc0-4932-83bf-ec53e265a16a_11_28.json,2db54438dd0c8b243224fa3d5690277071ff17e24c9eacf8e09509423841079b,521,ABD formal raw per-task/run record,absolute_personal_path_redaction_only,1
outputs/abd_eval300_formal_v1/task_status/B__a6d45e95-8dc0-4932-83bf-ec53e265a16a_12_4.json,88441429446c9eef0fb0835ed3b937110b065668d85a0b24f0c459d491dd5d5a,616,content/abd_lineage/00_formal/raw_run/task_status/B__a6d45e95-8dc0-4932-83bf-ec53e265a16a_12_4.json,c5fbb62d36d61f3b9df42d30481aa06fbc36171b77d68d23a079e1ba6ad7c8bc,518,ABD formal raw per-task/run record,absolute_personal_path_redaction_only,1
outputs/abd_eval300_formal_v1/task_status/B__a6d45e95-8dc0-4932-83bf-ec53e265a16a_17_10.json,44d9e02a3ad5dda401ef31ae62dc225938ca7625afaf1f1d776ecf438bcd4dd1,619,content/abd_lineage/00_formal/raw_run/task_status/B__a6d45e95-8dc0-4932-83bf-ec53e265a16a_17_10.json,c180c5c7c5a7e4f928486f95829f1851853c62ac530dc99df5aea819da379af7,521,ABD formal raw per-task/run record,absolute_personal_path_redaction_only,1
outputs/abd_eval300_formal_v1/task_status/B__a6d45e95-8dc0-4932-83bf-ec53e265a16a_17_11.json,31340a77ad8d6b0ac38cd7d2efc75a06e736b9c4fb6698cf702fc9ed1e15fbd5,619,content/abd_lineage/00_formal/raw_run/task_status/B__a6d45e95-8dc0-4932-83bf-ec53e265a16a_17_11.json,2c382488e7d164983a1cc282a59ae72992363dcfc597faa610e2fb452d3cd132,521,ABD formal raw per-task/run record,absolute_personal_path_redaction_only,1
outputs/abd_eval300_formal_v1/task_status/B__a6d45e95-8dc0-4932-83bf-ec53e265a16a_17_12.json,3e7ca784ab5757c8da21a67f65ed95ff7e276b9a37a0c819885c503167e738b3,619,content/abd_lineage/00_formal/raw_run/task_status/B__a6d45e95-8dc0-4932-83bf-ec53e265a16a_17_12.json,236b311ac8e82a1cbb41e926b3e10b4a922c73a58b39f77d95d5d582c1ad76ea,521,ABD formal raw per-task/run record,absolute_personal_path_redaction_only,1
outputs/abd_eval300_formal_v1/task_status/B__a6d45e95-8dc0-4932-83bf-ec53e265a16a_17_2.json,04b3147b3e35e83b7754c46fec782ec1ebc7bd56c02dab0422c6ecf67b83958f,616,content/abd_lineage/00_formal/raw_run/task_status/B__a6d45e95-8dc0-4932-83bf-ec53e265a16a_17_2.json,0069f77441cfd35480591bfb18664fbf05aa14c23d98e25289bb657e1898a1e8,518,ABD formal raw per-task/run record,absolute_personal_path_redaction_only,1
outputs/abd_eval300_formal_v1/task_status/B__a6d45e95-8dc0-4932-83bf-ec53e265a16a_17_21.json,ea398ecfb13a4a44670baa53a6d948827f28a084a49b1c844b29782536d2e720,619,content/abd_lineage/00_formal/raw_run/task_status/B__a6d45e95-8dc0-4932-83bf-ec53e265a16a_17_21.json,a0f98b3d52f9b9ce6d06ebeb843b2c698e580280171c75e78b9de2a6d12e9b69,521,ABD formal raw per-task/run record,absolute_personal_path_redaction_only,1
outputs/abd_eval300_formal_v1/task_status/B__a6d45e95-8dc0-4932-83bf-ec53e265a16a_17_25.json,085b7fed66f42934c65c1097e2e0e3b08b9ace790bb943e4cf431c92df450237,619,content/abd_lineage/00_formal/raw_run/task_status/B__a6d45e95-8dc0-4932-83bf-ec53e265a16a_17_25.json,9e7fa7226ebf26ab422fcd7cb2bd0f74238cb55f71bd46cbef73dc654840b061,521,ABD formal raw per-task/run record,absolute_personal_path_redaction_only,1
outputs/abd_eval300_formal_v1/task_status/B__a6d45e95-8dc0-4932-83bf-ec53e265a16a_17_3.json,ac29ae8675d51faff0af6ef9e37497094b9ac53f36dbe4b3c8a3c19703be989d,616,content/abd_lineage/00_formal/raw_run/task_status/B__a6d45e95-8dc0-4932-83bf-ec53e265a16a_17_3.json,d79109fcddaf77a827c75d5844b66754f9d8217e298b366ec607974bc56345d9,518,ABD formal raw per-task/run record,absolute_personal_path_redaction_only,1
outputs/abd_eval300_formal_v1/task_status/B__a6d45e95-8dc0-4932-83bf-ec53e265a16a_18_5.json,7338353609735df72f05531f15f85dc6e78f297b8f9d084f0b0893b177956e09,616,content/abd_lineage/00_formal/raw_run/task_status/B__a6d45e95-8dc0-4932-83bf-ec53e265a16a_18_5.json,bb1714a5e1dae0b74586558d796e156a248747f1fd27ba7c1af2a94f5e5719b6,518,ABD formal raw per-task/run record,absolute_personal_path_redaction_only,1
outputs/abd_eval300_formal_v1/task_status/B__a6d45e95-8dc0-4932-83bf-ec53e265a16a_4_23.json,fdfd2844b4b66ddb849798a77eb3e10d5be782e8039c2252680510b085002c21,616,content/abd_lineage/00_formal/raw_run/task_status/B__a6d45e95-8dc0-4932-83bf-ec53e265a16a_4_23.json,f6ccec8a0385e8b1e44ca3da4cd2a7c17affa24cd4d15ebf7908bc73f3707763,518,ABD formal raw per-task/run record,absolute_personal_path_redaction_only,1
outputs/abd_eval300_formal_v1/task_status/B__a6d45e95-8dc0-4932-83bf-ec53e265a16a_4_6.json,dd22d440ce39e750bd0b5e4ed67c2f335fb2f1de8c1ce325c011f51a9b179861,613,content/abd_lineage/00_formal/raw_run/task_status/B__a6d45e95-8dc0-4932-83bf-ec53e265a16a_4_6.json,2473217c25720bbaa780ba6be3d718ddaa3f5c93cdc0a854c283ef9787c1f1ce,515,ABD formal raw per-task/run record,absolute_personal_path_redaction_only,1
outputs/abd_eval300_formal_v1/task_status/B__a6d45e95-8dc0-4932-83bf-ec53e265a16a_4_9.json,62744adcbdb782ee2aa4dc067474eb32e4c099b64344b986659e02e1c0f54877,613,content/abd_lineage/00_formal/raw_run/task_status/B__a6d45e95-8dc0-4932-83bf-ec53e265a16a_4_9.json,37c04d86c3e23af814df6334bbbea33109d0010f4fd380ecc1c94d8108342799,515,ABD formal raw per-task/run record,absolute_personal_path_redaction_only,1
outputs/abd_eval300_formal_v1/task_status/B__a6d45e95-8dc0-4932-83bf-ec53e265a16a_5_26.json,71b683d26b572364545c19917f1654316d92a656788a0e63807d911afdf0e2c9,616,content/abd_lineage/00_formal/raw_run/task_status/B__a6d45e95-8dc0-4932-83bf-ec53e265a16a_5_26.json,cf6c347acbac596d5b4a45bcf695c746c3b303813db251bfd0fd1043afe3538b,518,ABD formal raw per-task/run record,absolute_personal_path_redaction_only,1
outputs/abd_eval300_formal_v1/task_status/B__a6d45e95-8dc0-4932-83bf-ec53e265a16a_6_24.json,e0f9248c60d08c024be9c9fbb2f3e0a227f70dc00b83bfab84a8df17c269a151,616,content/abd_lineage/00_formal/raw_run/task_status/B__a6d45e95-8dc0-4932-83bf-ec53e265a16a_6_24.json,8dc63070f2ec6c5d6085defe518d1c50a96facf95a5ef42498ca0f89803af3af,518,ABD formal raw per-task/run record,absolute_personal_path_redaction_only,1
outputs/abd_eval300_formal_v1/task_status/B__a6d45e95-8dc0-4932-83bf-ec53e265a16a_7_16.json,9bf2ad5356c78e8e4c51e75884c788dff39c3be03a2c18407529ad6b31d5bb9e,616,content/abd_lineage/00_formal/raw_run/task_status/B__a6d45e95-8dc0-4932-83bf-ec53e265a16a_7_16.json,ad4ec702ed3cd9d576fa00070a3b391bd1e4128f51de5f8c8a000dc3b429e396,518,ABD formal raw per-task/run record,absolute_personal_path_redaction_only,1
outputs/abd_eval300_formal_v1/task_status/B__a6d45e95-8dc0-4932-83bf-ec53e265a16a_7_19.json,384139a2d6a57aec883d5bf1c6e0de60b8b36f10eb2ee13b5eb646b11b1eea76,616,content/abd_lineage/00_formal/raw_run/task_status/B__a6d45e95-8dc0-4932-83bf-ec53e265a16a_7_19.json,b2b83f5911352dc65f597283fccfe5b450ea050224d482d90a5f2144b1cf3fcc,518,ABD formal raw per-task/run record,absolute_personal_path_redaction_only,1
outputs/abd_eval300_formal_v1/task_status/B__a6d45e95-8dc0-4932-83bf-ec53e265a16a_7_20.json,7ff83dd009b862deefa95fa29e346f513e32977937e87f712f74fd40fa3fe35b,616,content/abd_lineage/00_formal/raw_run/task_status/B__a6d45e95-8dc0-4932-83bf-ec53e265a16a_7_20.json,f2ab02af71d0e8e7144932098a45b462b6fe2e86cfc1cdb4ae30a6c27a2ab202,518,ABD formal raw per-task/run record,absolute_personal_path_redaction_only,1
outputs/abd_eval300_formal_v1/task_status/B__a6d45e95-8dc0-4932-83bf-ec53e265a16a_7_7.json,e73569ef414723703345d716f645ad0ecf8d1b76e85af440b3006d8bdc35412f,613,content/abd_lineage/00_formal/raw_run/task_status/B__a6d45e95-8dc0-4932-83bf-ec53e265a16a_7_7.json,17626258e7fd9166459e1cc063e8bcb9ab74254d80a9c43c8186f03be968616c,515,ABD formal raw per-task/run record,absolute_personal_path_redaction_only,1
outputs/abd_eval300_formal_v1/task_status/B__a6d45e95-8dc0-4932-83bf-ec53e265a16a_8_1.json,8e6b5d3a4f90ef1c01b1784c60bb72fd0e2f91a7d186e4a5b690145adf17280c,613,content/abd_lineage/00_formal/raw_run/task_status/B__a6d45e95-8dc0-4932-83bf-ec53e265a16a_8_1.json,910798dd224c5da2c75e00d696cefc9998bd3df8a29a8bae06901f9e56a5d4aa,515,ABD formal raw per-task/run record,absolute_personal_path_redaction_only,1
outputs/abd_eval300_formal_v1/task_status/B__a6d45e95-8dc0-4932-83bf-ec53e265a16a_8_18.json,7263f665e364320571fb99c74405927f34bae69fb53373abbc722a4509dddab7,616,content/abd_lineage/00_formal/raw_run/task_status/B__a6d45e95-8dc0-4932-83bf-ec53e265a16a_8_18.json,cbd6862b1cc196b172ed1799e7eafafd114be0717dfcda6a73cbabd03779655d,518,ABD formal raw per-task/run record,absolute_personal_path_redaction_only,1
outputs/abd_eval300_formal_v1/task_status/B__a6d45e95-8dc0-4932-83bf-ec53e265a16a_8_22.json,662e9cdfa016434230bdadeaa50573a25ce4045a2da5a9bb3f1ba4486fe0a2af,616,content/abd_lineage/00_formal/raw_run/task_status/B__a6d45e95-8dc0-4932-83bf-ec53e265a16a_8_22.json,1bf587fc2b1a63b21911034997e2490eb245bdb638b19ad49fa765b6a198ae74,518,ABD formal raw per-task/run record,absolute_personal_path_redaction_only,1
outputs/abd_eval300_formal_v1/task_status/B__a6d45e95-8dc0-4932-83bf-ec53e265a16a_8_27.json,37c84a32b6a6f2f87af145d697643072077d994fb5d0fac161c026489cb1dd8a,616,content/abd_lineage/00_formal/raw_run/task_status/B__a6d45e95-8dc0-4932-83bf-ec53e265a16a_8_27.json,9fc9222f2d61daf46bb2f23397a19c052084950bf25c4f783d21bf034f79199d,518,ABD formal raw per-task/run record,absolute_personal_path_redaction_only,1
outputs/abd_eval300_formal_v1/task_status/B__d3a0899e-2093-454c-9f65-30087883193a_11_17.json,02bb621be297d465a69750064aa9b6af9f72e39bb2036422ffd291049d7dd3c1,619,content/abd_lineage/00_formal/raw_run/task_status/B__d3a0899e-2093-454c-9f65-30087883193a_11_17.json,fd991269efd55171d0f2e3de49d343df992ccd941fbd99b271244ed87625aee8,521,ABD formal raw per-task/run record,absolute_personal_path_redaction_only,1
outputs/abd_eval300_formal_v1/task_status/B__d3a0899e-2093-454c-9f65-30087883193a_12_22.json,5d76630fdd6299a0f704287f13f2f4575d418be7e1654386ea9cf329ca82f07c,619,content/abd_lineage/00_formal/raw_run/task_status/B__d3a0899e-2093-454c-9f65-30087883193a_12_22.json,67ff5c4ae50620f4dde0a294d8856db3eceba84a1a3e7a9233ea09d07ebde648,521,ABD formal raw per-task/run record,absolute_personal_path_redaction_only,1
outputs/abd_eval300_formal_v1/task_status/B__d3a0899e-2093-454c-9f65-30087883193a_17_13.json,c12b6ab9070fb3004019bd30f489a400795e890b9a95e8bdfa20f03a346ae1af,619,content/abd_lineage/00_formal/raw_run/task_status/B__d3a0899e-2093-454c-9f65-30087883193a_17_13.json,ec82377df2a2bc54812fd411027764d01c864480f354c08eac617764d0d61c01,521,ABD formal raw per-task/run record,absolute_personal_path_redaction_only,1
outputs/abd_eval300_formal_v1/task_status/B__d3a0899e-2093-454c-9f65-30087883193a_17_19.json,0abc8b9769347894854048b626c6e7dd831bfbb76549c0f41187c6720243a7aa,619,content/abd_lineage/00_formal/raw_run/task_status/B__d3a0899e-2093-454c-9f65-30087883193a_17_19.json,437fa50835f65513d8b9e80d82d9578bdeadfe7e5d2aa5a7a73d38e2c719e32f,521,ABD formal raw per-task/run record,absolute_personal_path_redaction_only,1
outputs/abd_eval300_formal_v1/task_status/B__d3a0899e-2093-454c-9f65-30087883193a_17_2.json,91c20512a9b84e76fbf0f5aad51700bcd684edbcd75f1ee221a88555ebc919d3,616,content/abd_lineage/00_formal/raw_run/task_status/B__d3a0899e-2093-454c-9f65-30087883193a_17_2.json,8d7ffe65f2c54a46cf5424decc48ed743d2448687893d9f652917cb54af2c3f6,518,ABD formal raw per-task/run record,absolute_personal_path_redaction_only,1
outputs/abd_eval300_formal_v1/task_status/B__d3a0899e-2093-454c-9f65-30087883193a_17_20.json,9ab44a24cd34718694c7191e6bed3ea853a34fa2b7d25cf6f7a01131d85a087c,619,content/abd_lineage/00_formal/raw_run/task_status/B__d3a0899e-2093-454c-9f65-30087883193a_17_20.json,f9da031baa1d250c67d25a51b22892bb6f4e1aeaaf587a7babaee02005b0d905,521,ABD formal raw per-task/run record,absolute_personal_path_redaction_only,1
outputs/abd_eval300_formal_v1/task_status/B__d3a0899e-2093-454c-9f65-30087883193a_17_28.json,7966b849ff70d17ee4c5dcd1ef216e68ae6c3a8806d4fba1da8f5d24844ecdae,619,content/abd_lineage/00_formal/raw_run/task_status/B__d3a0899e-2093-454c-9f65-30087883193a_17_28.json,0fd0b006fd398f0b366795c8b3db7aec4f3038db9bd2a4279488ff534c209b4d,521,ABD formal raw per-task/run record,absolute_personal_path_redaction_only,1
outputs/abd_eval300_formal_v1/task_status/B__d3a0899e-2093-454c-9f65-30087883193a_17_35.json,464606f47f68585ee839da68749188805e0b8dbe8463916ed898493b6938a057,619,content/abd_lineage/00_formal/raw_run/task_status/B__d3a0899e-2093-454c-9f65-30087883193a_17_35.json,46a5c6c37f16f5a2aa019485c2cd184c5ddb0ca8191d8e85e0cd32c6f4084e47,521,ABD formal raw per-task/run record,absolute_personal_path_redaction_only,1
outputs/abd_eval300_formal_v1/task_status/B__d3a0899e-2093-454c-9f65-30087883193a_17_8.json,111a2e5b4afbb900e2db0a21c568dfb50f16e854f60082972918e550a9409307,616,content/abd_lineage/00_formal/raw_run/task_status/B__d3a0899e-2093-454c-9f65-30087883193a_17_8.json,d724ebf2f08886df2860d6613360dc5877765ee24d412dcb1739972d30d0717c,518,ABD formal raw per-task/run record,absolute_personal_path_redaction_only,1
outputs/abd_eval300_formal_v1/task_status/B__d3a0899e-2093-454c-9f65-30087883193a_1_1.json,fd35069e9aa764d014c06333ff8da8286f71ee96d7f3d5a8bf2c087d4bd7d4ff,613,content/abd_lineage/00_formal/raw_run/task_status/B__d3a0899e-2093-454c-9f65-30087883193a_1_1.json,01987c7fa12ec3ee2cd2a53e2341278b2ac889d281e1377ce2167cba9e231659,515,ABD formal raw per-task/run record,absolute_personal_path_redaction_only,1
outputs/abd_eval300_formal_v1/task_status/B__d3a0899e-2093-454c-9f65-30087883193a_22_14.json,830f5309d7960982ca41d31aaa35f81e034e2abb6699bd588eabd67a6e21136b,619,content/abd_lineage/00_formal/raw_run/task_status/B__d3a0899e-2093-454c-9f65-30087883193a_22_14.json,50626dadca1c38baa96e012cb78b3adb9bf9ca986678068a95ac678023b6980f,521,ABD formal raw per-task/run record,absolute_personal_path_redaction_only,1
outputs/abd_eval300_formal_v1/task_status/B__d3a0899e-2093-454c-9f65-30087883193a_22_32.json,d25ef99f059b74fd1c60217bf8427067cb3cd6fb477abfb8d1cb943ee7b8817f,619,content/abd_lineage/00_formal/raw_run/task_status/B__d3a0899e-2093-454c-9f65-30087883193a_22_32.json,8884d77dc44c5fcd1fd286a51b92b9efd66ed853a630cff27a17f21d83f0ee78,521,ABD formal raw per-task/run record,absolute_personal_path_redaction_only,1
outputs/abd_eval300_formal_v1/task_status/B__d3a0899e-2093-454c-9f65-30087883193a_2_1.json,4225fffd01bbb4768eb7e31962e39874f6dbab11c5c473745d7b1f3a6b1261bb,613,content/abd_lineage/00_formal/raw_run/task_status/B__d3a0899e-2093-454c-9f65-30087883193a_2_1.json,b13b61c2f25be83a6ee5c3dd1a2c2ac134b77fb0384cfa2c2c370b0213909550,515,ABD formal raw per-task/run record,absolute_personal_path_redaction_only,1
outputs/abd_eval300_formal_v1/task_status/B__d3a0899e-2093-454c-9f65-30087883193a_4_10.json,b754c34a918bd20701669f0bf233bd192a617e7abd5c2a5468c56b657497c251,616,content/abd_lineage/00_formal/raw_run/task_status/B__d3a0899e-2093-454c-9f65-30087883193a_4_10.json,e3bca8e2231405e945f3583294c106ee53a7143235ca9854c4b8e887a0a4db47,518,ABD formal raw per-task/run record,absolute_personal_path_redaction_only,1
outputs/abd_eval300_formal_v1/task_status/B__d3a0899e-2093-454c-9f65-30087883193a_4_33.json,1d6b611b69baef8027a3240ff48babed3eff6ff1a4eb6a7f699806327cd57d50,616,content/abd_lineage/00_formal/raw_run/task_status/B__d3a0899e-2093-454c-9f65-30087883193a_4_33.json,f38a54ad50abc3defd2a09c288378eb9ad7d242d1838b8b5d3c795da89791800,518,ABD formal raw per-task/run record,absolute_personal_path_redaction_only,1
outputs/abd_eval300_formal_v1/task_status/B__d3a0899e-2093-454c-9f65-30087883193a_4_7.json,90c7023956d56598ff06d2f4203c992ab5ca3d46e40d00eaf319b98df671bac2,613,content/abd_lineage/00_formal/raw_run/task_status/B__d3a0899e-2093-454c-9f65-30087883193a_4_7.json,a9af3b49052328c18eb6067d9ac8f07f0057ce99890417354ff78d5403bc8f23,515,ABD formal raw per-task/run record,absolute_personal_path_redaction_only,1
outputs/abd_eval300_formal_v1/task_status/B__d3a0899e-2093-454c-9f65-30087883193a_5_24.json,2dad7820686744ecf0773e6d47c3efe0523d3942ce8e76658434ad50c88e8783,616,content/abd_lineage/00_formal/raw_run/task_status/B__d3a0899e-2093-454c-9f65-30087883193a_5_24.json,081895ccf5e543476dcc42c3b3d74cdfe19058cd3f28f74bb6e1169039c3446e,518,ABD formal raw per-task/run record,absolute_personal_path_redaction_only,1
outputs/abd_eval300_formal_v1/task_status/B__d3a0899e-2093-454c-9f65-30087883193a_7_11.json,2edc2f2e72944ee19503072fce7615813ebff7d76e60f40b8918cecfb6cc1d1d,616,content/abd_lineage/00_formal/raw_run/task_status/B__d3a0899e-2093-454c-9f65-30087883193a_7_11.json,ed9907428408ca040a92504066a4081c95e1465cd770d8ab46ff2f7b719e7182,518,ABD formal raw per-task/run record,absolute_personal_path_redaction_only,1
outputs/abd_eval300_formal_v1/task_status/B__d3a0899e-2093-454c-9f65-30087883193a_7_26.json,59dbcc07dcb01e03bd22e9f7ea94ed4b9a557b24e3530fe5086101ddbb85ac0a,616,content/abd_lineage/00_formal/raw_run/task_status/B__d3a0899e-2093-454c-9f65-30087883193a_7_26.json,1291cd79b98335f3fd98669ebafe8900f6a5ffbd1124320a17c8afa043eff612,518,ABD formal raw per-task/run record,absolute_personal_path_redaction_only,1
outputs/abd_eval300_formal_v1/task_status/B__d3a0899e-2093-454c-9f65-30087883193a_7_29.json,64cafc10758ff1bc9cc4645e2a1aef89d70fbea0a6495d4fe1ff0ab16437d22f,616,content/abd_lineage/00_formal/raw_run/task_status/B__d3a0899e-2093-454c-9f65-30087883193a_7_29.json,9d7a84b0cbf530925f6aec36eb89183a14ec91527702b1752d60584e0ab3f336,518,ABD formal raw per-task/run record,absolute_personal_path_redaction_only,1
outputs/abd_eval300_formal_v1/task_status/B__d3a0899e-2093-454c-9f65-30087883193a_7_9.json,2227f59f2f8767a3fec34204c757f3016b4fb5361ef19e735cd807c1001c6787,613,content/abd_lineage/00_formal/raw_run/task_status/B__d3a0899e-2093-454c-9f65-30087883193a_7_9.json,85e55d713f1e5e022776e558ff1a3f9a322a9f3989b01e88f0c1434cf25652ee,515,ABD formal raw per-task/run record,absolute_personal_path_redaction_only,1
outputs/abd_eval300_formal_v1/task_status/B__d3a0899e-2093-454c-9f65-30087883193a_8_16.json,694c1bda5267854f6a41a61c311a070d93e60a4d05af0bf1d673e84b0d80dd45,616,content/abd_lineage/00_formal/raw_run/task_status/B__d3a0899e-2093-454c-9f65-30087883193a_8_16.json,054f542ee8e957217939664c271ff97d69487ceabc4f6a86de507eae2f7509ca,518,ABD formal raw per-task/run record,absolute_personal_path_redaction_only,1
outputs/abd_eval300_formal_v1/task_status/B__d3a0899e-2093-454c-9f65-30087883193a_8_21.json,89b94aae1af293f841a9f0a0190dbc3a1f6378c914ac84f8cce7f9716525736b,616,content/abd_lineage/00_formal/raw_run/task_status/B__d3a0899e-2093-454c-9f65-30087883193a_8_21.json,2a1bddbbdb5a23b9c9f0526148e58d9ddd47d68fd4910f6ae7f8288959b1e4c7,518,ABD formal raw per-task/run record,absolute_personal_path_redaction_only,1
outputs/abd_eval300_formal_v1/task_status/B__d3a0899e-2093-454c-9f65-30087883193a_8_3.json,2793b3544e0cca6bbc0129dc560d05a61b2568463b159ebddae596787770ff2c,613,content/abd_lineage/00_formal/raw_run/task_status/B__d3a0899e-2093-454c-9f65-30087883193a_8_3.json,913c0a9165231879157af27a4c54bf6ec0099c2747d0d1c79f07df533b97bbdd,515,ABD formal raw per-task/run record,absolute_personal_path_redaction_only,1
outputs/abd_eval300_formal_v1/task_status/B__d3a0899e-2093-454c-9f65-30087883193a_8_36.json,6f01c1265eb7eb0c8ae1a6e5b78a29692d8a54deeee63d0b7f4673d30e9bd433,616,content/abd_lineage/00_formal/raw_run/task_status/B__d3a0899e-2093-454c-9f65-30087883193a_8_36.json,9bd2465a1f7429be153dacb69480ebb1b98233bf4ba010137934d24b83993643,518,ABD formal raw per-task/run record,absolute_personal_path_redaction_only,1
outputs/abd_eval300_formal_v1/task_status/B__db3f7933-dfa0-4678-9d4f-393b628ded45_11_2.json,c90ecf1850b9e5e9cd9fdaab46d4becc607c289ac4261d95c68e41ccb7310c5c,616,content/abd_lineage/00_formal/raw_run/task_status/B__db3f7933-dfa0-4678-9d4f-393b628ded45_11_2.json,c67416927964d540dcde2e2282d4ef3e410cfffb03c9d83df2f3ebec6c825953,518,ABD formal raw per-task/run record,absolute_personal_path_redaction_only,1
outputs/abd_eval300_formal_v1/task_status/B__db3f7933-dfa0-4678-9d4f-393b628ded45_12_15.json,10cb69ac0827b808a63ff8192670f4bd55480eee2017f62e42d0e6dc8383f70c,619,content/abd_lineage/00_formal/raw_run/task_status/B__db3f7933-dfa0-4678-9d4f-393b628ded45_12_15.json,5e5426391349c5749b73673d441313696daa92bc84c662d18de10bdbf2244d65,521,ABD formal raw per-task/run record,absolute_personal_path_redaction_only,1
outputs/abd_eval300_formal_v1/task_status/B__db3f7933-dfa0-4678-9d4f-393b628ded45_17_1.json,547a3744693f9659ca984f943e87ce275cd2596f9d98a9dc273b8e1d61c70f8d,616,content/abd_lineage/00_formal/raw_run/task_status/B__db3f7933-dfa0-4678-9d4f-393b628ded45_17_1.json,b868d73519602ef8e4913e003a65a4eadf7446ce401c8f909ce7249beaf1dafd,518,ABD formal raw per-task/run record,absolute_personal_path_redaction_only,1
outputs/abd_eval300_formal_v1/task_status/B__db3f7933-dfa0-4678-9d4f-393b628ded45_17_11.json,6b8408b22f5f9b7bdebbdf4e0d274d103cb0c61d7b6fffd70287a67f4d531eef,619,content/abd_lineage/00_formal/raw_run/task_status/B__db3f7933-dfa0-4678-9d4f-393b628ded45_17_11.json,e68baf21af256d9e4318b3a46f3ba82f347bef7695bf96deaaf0531220a65392,521,ABD formal raw per-task/run record,absolute_personal_path_redaction_only,1
outputs/abd_eval300_formal_v1/task_status/B__db3f7933-dfa0-4678-9d4f-393b628ded45_17_13.json,9c29bef6288b823d0abedb8a9c001ea376e55db4161c4c1bac9a0aa64009cfc7,619,content/abd_lineage/00_formal/raw_run/task_status/B__db3f7933-dfa0-4678-9d4f-393b628ded45_17_13.json,c7b78d74e9691847385796fc069bf577b89418f8dc2aa151b639de266f64b506,521,ABD formal raw per-task/run record,absolute_personal_path_redaction_only,1
outputs/abd_eval300_formal_v1/task_status/B__db3f7933-dfa0-4678-9d4f-393b628ded45_17_29.json,621a70baa059dfe9ea30aea3224efc42a0901ad17f584fee2ce1bea3f3cd566e,619,content/abd_lineage/00_formal/raw_run/task_status/B__db3f7933-dfa0-4678-9d4f-393b628ded45_17_29.json,7b6a3360f9a0e3121b9b931ffa8d137e3ed93ed59fa4783ee76c470984aa11c1,521,ABD formal raw per-task/run record,absolute_personal_path_redaction_only,1
outputs/abd_eval300_formal_v1/task_status/B__db3f7933-dfa0-4678-9d4f-393b628ded45_20_1.json,949fe2ec714982ac0c7a5a4d58cd33a6e053bbd0350fdd25172ad527f23c7542,616,content/abd_lineage/00_formal/raw_run/task_status/B__db3f7933-dfa0-4678-9d4f-393b628ded45_20_1.json,250d34a9e33006ed18c94c078069c1e03c81197fedd95c68043dcef35887de1d,518,ABD formal raw per-task/run record,absolute_personal_path_redaction_only,1
outputs/abd_eval300_formal_v1/task_status/B__db3f7933-dfa0-4678-9d4f-393b628ded45_21_27.json,1bfb48ec8bd6af2a4f447b0cd411c9ba123b5d8230c55137e1620461a3147d5d,619,content/abd_lineage/00_formal/raw_run/task_status/B__db3f7933-dfa0-4678-9d4f-393b628ded45_21_27.json,f8f6db7ae32cad5726fc95dd29ccdeb710fcd83ce6919d429d91d9c7348e468d,521,ABD formal raw per-task/run record,absolute_personal_path_redaction_only,1
outputs/abd_eval300_formal_v1/task_status/B__db3f7933-dfa0-4678-9d4f-393b628ded45_22_12.json,4ecabbf6b0085bb92b3610d8c904e804feedc7f136d39963d944327418edc547,619,content/abd_lineage/00_formal/raw_run/task_status/B__db3f7933-dfa0-4678-9d4f-393b628ded45_22_12.json,4ba4e5ad32d9d6ea7a46ff484e4789dae7d255588e9f32bd5f381b754d61f9d9,521,ABD formal raw per-task/run record,absolute_personal_path_redaction_only,1
outputs/abd_eval300_formal_v1/task_status/B__db3f7933-dfa0-4678-9d4f-393b628ded45_22_24.json,2c266746aa99f0c8de4acd66ee3cb1ccfc5b80d0adb296c98900963283fe0147,619,content/abd_lineage/00_formal/raw_run/task_status/B__db3f7933-dfa0-4678-9d4f-393b628ded45_22_24.json,8cf204339cdaa93a735a219e2581496747e5945ae73570f5a5b6bd3110a749d5,521,ABD formal raw per-task/run record,absolute_personal_path_redaction_only,1
outputs/abd_eval300_formal_v1/task_status/B__db3f7933-dfa0-4678-9d4f-393b628ded45_22_5.json,086b5c4d26421edb059b9b159394fca18f018c8634307e1057f575541b25cde3,616,content/abd_lineage/00_formal/raw_run/task_status/B__db3f7933-dfa0-4678-9d4f-393b628ded45_22_5.json,4b262d5296412136eb6c90d32552c650f0f8003c23c87b6130928c57e74d3ac0,518,ABD formal raw per-task/run record,absolute_personal_path_redaction_only,1
outputs/abd_eval300_formal_v1/task_status/B__db3f7933-dfa0-4678-9d4f-393b628ded45_2_1.json,3e6c7e54ff45397a7686f0df12e3a7395cfc7113a86b348735867f6d710fc32e,613,content/abd_lineage/00_formal/raw_run/task_status/B__db3f7933-dfa0-4678-9d4f-393b628ded45_2_1.json,cb6b26d6f2cbfee6e07cb85c72506624d1ee4deaceaedea1ad1a58b45c8603fe,515,ABD formal raw per-task/run record,absolute_personal_path_redaction_only,1
outputs/abd_eval300_formal_v1/task_status/B__db3f7933-dfa0-4678-9d4f-393b628ded45_4_22.json,d6e5dc663de12b2c91c172d30fcd3d4bbff11aa77704e29e2fceea7bac2796f6,616,content/abd_lineage/00_formal/raw_run/task_status/B__db3f7933-dfa0-4678-9d4f-393b628ded45_4_22.json,4c1ed0104e7d15770ecae844bee1450e2d1993ef6035869a79b4cbe7ed084bcf,518,ABD formal raw per-task/run record,absolute_personal_path_redaction_only,1
outputs/abd_eval300_formal_v1/task_status/B__db3f7933-dfa0-4678-9d4f-393b628ded45_6_17.json,6d6fcc54efbb4f90bdb1bb48314beddb4ff3fea7fb14cf59250ecb24684f857e,616,content/abd_lineage/00_formal/raw_run/task_status/B__db3f7933-dfa0-4678-9d4f-393b628ded45_6_17.json,e53f2b6458069c7c0ad0c6735b4daa93fef49e306977d2c02bb6ff62951ddbef,518,ABD formal raw per-task/run record,absolute_personal_path_redaction_only,1
outputs/abd_eval300_formal_v1/task_status/B__db3f7933-dfa0-4678-9d4f-393b628ded45_6_25.json,09ff1bcf5ab6a2dbd5269821d39409b7f2a9ae1de9957208790549e2bad794e5,616,content/abd_lineage/00_formal/raw_run/task_status/B__db3f7933-dfa0-4678-9d4f-393b628ded45_6_25.json,f051c148eb1be1ba0c210e6b6fe6dcf46138b4ea9430c1db8fbf9eea2eb39bec,518,ABD formal raw per-task/run record,absolute_personal_path_redaction_only,1
outputs/abd_eval300_formal_v1/task_status/B__db3f7933-dfa0-4678-9d4f-393b628ded45_6_7.json,c48ed66f3eba2706a8f3bf6915d4893e58d23585a0d7df35ae80baaac84454d8,613,content/abd_lineage/00_formal/raw_run/task_status/B__db3f7933-dfa0-4678-9d4f-393b628ded45_6_7.json,6a103ea1584019582ecc11df619a99e10f235af3f80c78d38918983536a40260,515,ABD formal raw per-task/run record,absolute_personal_path_redaction_only,1
outputs/abd_eval300_formal_v1/task_status/B__db3f7933-dfa0-4678-9d4f-393b628ded45_7_10.json,72c88df6b50f870d05521ff8aa8ecc0c9321a1ff19a75d6331649fdbddf2db03,616,content/abd_lineage/00_formal/raw_run/task_status/B__db3f7933-dfa0-4678-9d4f-393b628ded45_7_10.json,93573266ae6ff27b0703d01db14e70c7bb0c9eaf4151ecdac3a61cfbb43170ee,518,ABD formal raw per-task/run record,absolute_personal_path_redaction_only,1
outputs/abd_eval300_formal_v1/task_status/B__db3f7933-dfa0-4678-9d4f-393b628ded45_7_14.json,5e2be28552d86f83cdb0e357dbf7fca9c553fcb085ac6f8d75dee4316aeee0d9,616,content/abd_lineage/00_formal/raw_run/task_status/B__db3f7933-dfa0-4678-9d4f-393b628ded45_7_14.json,e6b520cc4594b381259702ae0ae0908566672db2e21c94f18ed289025dc83f92,518,ABD formal raw per-task/run record,absolute_personal_path_redaction_only,1
outputs/abd_eval300_formal_v1/task_status/B__db3f7933-dfa0-4678-9d4f-393b628ded45_7_19.json,adb0fa8ce5ad1f869b045a8943aeee09f3198f0d5e762e5a57a3f0297714cd04,616,content/abd_lineage/00_formal/raw_run/task_status/B__db3f7933-dfa0-4678-9d4f-393b628ded45_7_19.json,36b7de9decc56eb9b8f83e964cf587acac3d6cbfabbf44331fbeaf1fc4a17d02,518,ABD formal raw per-task/run record,absolute_personal_path_redaction_only,1
outputs/abd_eval300_formal_v1/task_status/B__db3f7933-dfa0-4678-9d4f-393b628ded45_7_21.json,e5428f78a30a3cf67c49112c45eb63af85f8f9e7c9b3b94dcd085fe52aea647f,616,content/abd_lineage/00_formal/raw_run/task_status/B__db3f7933-dfa0-4678-9d4f-393b628ded45_7_21.json,47840a8546dbbc7ff102023c023c85d4e1fceb0bb8994d77d6fd9dfe69fcaede,518,ABD formal raw per-task/run record,absolute_personal_path_redaction_only,1
outputs/abd_eval300_formal_v1/task_status/B__db3f7933-dfa0-4678-9d4f-393b628ded45_7_23.json,b14dff224b7a8ae3d399c8704cd19f24755874ef29c93c8f0cbbd0baf7ee43f9,616,content/abd_lineage/00_formal/raw_run/task_status/B__db3f7933-dfa0-4678-9d4f-393b628ded45_7_23.json,647d2f26b4d4e8d1dd7b0e024cb89c461f831fc6f1917745d8b57c4758a18fe5,518,ABD formal raw per-task/run record,absolute_personal_path_redaction_only,1
outputs/abd_eval300_formal_v1/task_status/B__db3f7933-dfa0-4678-9d4f-393b628ded45_7_28.json,31b69022adcc5fe9fb4f68fce5dd844317f1e2747a4dc58f8db54559aac6ce1f,616,content/abd_lineage/00_formal/raw_run/task_status/B__db3f7933-dfa0-4678-9d4f-393b628ded45_7_28.json,1f592e797e1d179bdf3e9f9239464ab429253b107b4f662cfc4d99704a139d29,518,ABD formal raw per-task/run record,absolute_personal_path_redaction_only,1
outputs/abd_eval300_formal_v1/task_status/B__db3f7933-dfa0-4678-9d4f-393b628ded45_7_6.json,43536de6ab17c79cc98399686213cec8d09e047cc88b8494599b26e1c37f80aa,613,content/abd_lineage/00_formal/raw_run/task_status/B__db3f7933-dfa0-4678-9d4f-393b628ded45_7_6.json,adc7b498cbef9406d50a59024340fcbeea0b5667a81c1b413f5b9e20d58bdc5a,515,ABD formal raw per-task/run record,absolute_personal_path_redaction_only,1
outputs/abd_eval300_formal_v1/task_status/B__db3f7933-dfa0-4678-9d4f-393b628ded45_7_8.json,2ff460520a9df9261652a5c574bcc396dc732f46ca868563df3235611ee0dc73,613,content/abd_lineage/00_formal/raw_run/task_status/B__db3f7933-dfa0-4678-9d4f-393b628ded45_7_8.json,986c28f82610dea65f7f0f169f32ac25e48f23a2a6135f0417afd11aee8094d7,515,ABD formal raw per-task/run record,absolute_personal_path_redaction_only,1
outputs/abd_eval300_formal_v1/task_status/B__db3f7933-dfa0-4678-9d4f-393b628ded45_8_4.json,8ff6062695938d88799270f0600fe53abcb6f4b2c63ebe62827893a0d6bde733,613,content/abd_lineage/00_formal/raw_run/task_status/B__db3f7933-dfa0-4678-9d4f-393b628ded45_8_4.json,805476beb64ab2531f50caa641b6a9a52127e74c558aea51845da0c7f5c4c2ea,515,ABD formal raw per-task/run record,absolute_personal_path_redaction_only,1
outputs/abd_eval300_formal_v1/task_status/D__115774b6-534d-444f-b7aa-d1b834eb0ee7_12_27.json,4917e7c41b7803c23d02177cde3759e30cbb21c2df9ed96f99e4b05b20aa91f1,619,content/abd_lineage/00_formal/raw_run/task_status/D__115774b6-534d-444f-b7aa-d1b834eb0ee7_12_27.json,3f46a2e900f8b86338a766e1b4bff2e97b373712fa54d23fd971b2fe382ca232,521,ABD formal raw per-task/run record,absolute_personal_path_redaction_only,1
outputs/abd_eval300_formal_v1/task_status/D__115774b6-534d-444f-b7aa-d1b834eb0ee7_17_12.json,17ab9e35dade63c0d51e5d939e9fa78e7db44598da191b7090803af7fb602bee,619,content/abd_lineage/00_formal/raw_run/task_status/D__115774b6-534d-444f-b7aa-d1b834eb0ee7_17_12.json,64c1e84697c7583cecd2224977d49a2e782cb2594f7c536dcb38872bf7d4af1c,521,ABD formal raw per-task/run record,absolute_personal_path_redaction_only,1
outputs/abd_eval300_formal_v1/task_status/D__115774b6-534d-444f-b7aa-d1b834eb0ee7_17_14.json,0fcf38b6548ec16d6a30019a2e6b2335709d766675f22e79bc094b7324529a96,619,content/abd_lineage/00_formal/raw_run/task_status/D__115774b6-534d-444f-b7aa-d1b834eb0ee7_17_14.json,881271cd90cd2dd5a1580116209e88464440c42d02be8f3aedcc33b17dec261e,521,ABD formal raw per-task/run record,absolute_personal_path_redaction_only,1
outputs/abd_eval300_formal_v1/task_status/D__115774b6-534d-444f-b7aa-d1b834eb0ee7_17_31.json,6643a29953a2d44417465034dcc834bf8d37a02358342ef206b39f4b5b7d103b,619,content/abd_lineage/00_formal/raw_run/task_status/D__115774b6-534d-444f-b7aa-d1b834eb0ee7_17_31.json,f53df35f035a3f4ce4042190aca21e2804ef7ef47d841c0085df8f403870bc11,521,ABD formal raw per-task/run record,absolute_personal_path_redaction_only,1
outputs/abd_eval300_formal_v1/task_status/D__115774b6-534d-444f-b7aa-d1b834eb0ee7_17_7.json,db72266322828d0ab0ee127fb479a43f20f149e7783a67760845290ce979ea67,616,content/abd_lineage/00_formal/raw_run/task_status/D__115774b6-534d-444f-b7aa-d1b834eb0ee7_17_7.json,24b9cbb10204399652f6fbb408ff1588d7eb6d7db34d7a980080aa2e3ed52b17,518,ABD formal raw per-task/run record,absolute_personal_path_redaction_only,1
outputs/abd_eval300_formal_v1/task_status/D__115774b6-534d-444f-b7aa-d1b834eb0ee7_1_1.json,32f67815a06b5674be4d7c6a6d6e8360b0282fc08bf7dae91576d14b2f0b6fc4,613,content/abd_lineage/00_formal/raw_run/task_status/D__115774b6-534d-444f-b7aa-d1b834eb0ee7_1_1.json,a382bee86b1cd71d34035ae509c668cd8b8e5837190679502f9bcd919752872f,515,ABD formal raw per-task/run record,absolute_personal_path_redaction_only,1
outputs/abd_eval300_formal_v1/task_status/D__115774b6-534d-444f-b7aa-d1b834eb0ee7_1_3.json,155896fcee6419ddb8eb469941096bd6041b8933aa95374082dc5bee1a488497,613,content/abd_lineage/00_formal/raw_run/task_status/D__115774b6-534d-444f-b7aa-d1b834eb0ee7_1_3.json,107ad00d28807c94d6063c58415be73404158b11216281cfa8e8747d827f4c71,515,ABD formal raw per-task/run record,absolute_personal_path_redaction_only,1
outputs/abd_eval300_formal_v1/task_status/D__115774b6-534d-444f-b7aa-d1b834eb0ee7_2_2.json,3abf87d9ec6dd2104ea6402a84367bdb1d3c3fbf746f7872936c5b04a76583f7,613,content/abd_lineage/00_formal/raw_run/task_status/D__115774b6-534d-444f-b7aa-d1b834eb0ee7_2_2.json,ecb54f8a2ce8b63a6304f29493d071eb58c4c2a157ff75004efd5791560c0345,515,ABD formal raw per-task/run record,absolute_personal_path_redaction_only,1
outputs/abd_eval300_formal_v1/task_status/D__115774b6-534d-444f-b7aa-d1b834eb0ee7_2_4.json,19d05fdffcccac91c62dc98b71c75450b6a2df04542b595b5eb63c4a1232b12d,613,content/abd_lineage/00_formal/raw_run/task_status/D__115774b6-534d-444f-b7aa-d1b834eb0ee7_2_4.json,a9bb48518635d0895b2c39bafac3822257f9c1e1fff2484d665d9b263e4f754c,515,ABD formal raw per-task/run record,absolute_personal_path_redaction_only,1
outputs/abd_eval300_formal_v1/task_status/D__115774b6-534d-444f-b7aa-d1b834eb0ee7_3_21.json,64753462e61b94880a5fefb3a280f55bac36d6a9aa1abd74c63c58e6467f1dbc,616,content/abd_lineage/00_formal/raw_run/task_status/D__115774b6-534d-444f-b7aa-d1b834eb0ee7_3_21.json,87cf6a396982fa17b0e836be63df7036a21a9812cfe84e89a9dcd65f8feb2b7a,518,ABD formal raw per-task/run record,absolute_personal_path_redaction_only,1
outputs/abd_eval300_formal_v1/task_status/D__115774b6-534d-444f-b7aa-d1b834eb0ee7_3_23.json,1a7c8f31d0fb6d57aee9b7604b35f31af94dac9c7023fb753da6091a47e823fb,616,content/abd_lineage/00_formal/raw_run/task_status/D__115774b6-534d-444f-b7aa-d1b834eb0ee7_3_23.json,b9b14c40a1568ca806a847133fcdb1d9d1e0e0e0a1650fbe27e87c9063c4873c,518,ABD formal raw per-task/run record,absolute_personal_path_redaction_only,1
outputs/abd_eval300_formal_v1/task_status/D__115774b6-534d-444f-b7aa-d1b834eb0ee7_3_6.json,1f4b92b4f23d2e256b771b13e9e13b258656eecffef59128c1b4b31ad03e8e27,613,content/abd_lineage/00_formal/raw_run/task_status/D__115774b6-534d-444f-b7aa-d1b834eb0ee7_3_6.json,97886729d33c3abb64d48eeeb386296739fddcfa5501e0dab3cfc4e1283afaa7,515,ABD formal raw per-task/run record,absolute_personal_path_redaction_only,1
outputs/abd_eval300_formal_v1/task_status/D__115774b6-534d-444f-b7aa-d1b834eb0ee7_4_1.json,48fcbd14df1563cf249045bfd41150529594e47db065d405be9be3821cef1427,613,content/abd_lineage/00_formal/raw_run/task_status/D__115774b6-534d-444f-b7aa-d1b834eb0ee7_4_1.json,afbad431ca7a8825d26868872794813b887eb24df0c03fcc2e8955a66d3f9401,515,ABD formal raw per-task/run record,absolute_personal_path_redaction_only,1
outputs/abd_eval300_formal_v1/task_status/D__115774b6-534d-444f-b7aa-d1b834eb0ee7_4_25.json,aedaf1433293939562e59be11b05537ded5fdb33429fb9ee45bf0e2183fb2200,616,content/abd_lineage/00_formal/raw_run/task_status/D__115774b6-534d-444f-b7aa-d1b834eb0ee7_4_25.json,c53990ce7696aff86d7834e3e854fe23a3a5e2f36302f3b8b6afdbe42ab86dff,518,ABD formal raw per-task/run record,absolute_personal_path_redaction_only,1
outputs/abd_eval300_formal_v1/task_status/D__115774b6-534d-444f-b7aa-d1b834eb0ee7_5_29.json,d040a86c57c2ecca23cadf8d9bbb7fa3161ffe18a22ffe426f2e3f6f547b2324,616,content/abd_lineage/00_formal/raw_run/task_status/D__115774b6-534d-444f-b7aa-d1b834eb0ee7_5_29.json,6e9d05ebcacbfbb9090d9711e7a4c8d0af685063fa51ecb7b30761c4b31ca224,518,ABD formal raw per-task/run record,absolute_personal_path_redaction_only,1
outputs/abd_eval300_formal_v1/task_status/D__115774b6-534d-444f-b7aa-d1b834eb0ee7_5_5.json,a0691b48e9a0a8a70a6e80b0db1a132e4ff613ae2a00086e994b8d5b7d386fb9,613,content/abd_lineage/00_formal/raw_run/task_status/D__115774b6-534d-444f-b7aa-d1b834eb0ee7_5_5.json,9b1d5c2a20bb1635c7d9ef11afea62d56d972f8ad6ade024ea59947c630b2b29,515,ABD formal raw per-task/run record,absolute_personal_path_redaction_only,1
outputs/abd_eval300_formal_v1/task_status/D__115774b6-534d-444f-b7aa-d1b834eb0ee7_6_2.json,9a2e9d9d0519ac3286cbf1b7cec245f36193ed9dd7bff5ee01fba677e20753f2,613,content/abd_lineage/00_formal/raw_run/task_status/D__115774b6-534d-444f-b7aa-d1b834eb0ee7_6_2.json,e7d4ef102f63873d29c24074f425098c79aa75a771ac418f562edafa5119d30e,515,ABD formal raw per-task/run record,absolute_personal_path_redaction_only,1
outputs/abd_eval300_formal_v1/task_status/D__115774b6-534d-444f-b7aa-d1b834eb0ee7_6_24.json,cf11470463250cff2244356823ac188140b18d9b03ce0aabed9461a34a0643ad,616,content/abd_lineage/00_formal/raw_run/task_status/D__115774b6-534d-444f-b7aa-d1b834eb0ee7_6_24.json,ffae1d9e81e8dfe7a918053eb21c14c65b8cc88f9bdb3531a6373c2131c8ae83,518,ABD formal raw per-task/run record,absolute_personal_path_redaction_only,1
outputs/abd_eval300_formal_v1/task_status/D__115774b6-534d-444f-b7aa-d1b834eb0ee7_6_3.json,a168c2d853cd9d31451457ac645cf9d9f73b28e0459a691f01bd0debbbb922d0,613,content/abd_lineage/00_formal/raw_run/task_status/D__115774b6-534d-444f-b7aa-d1b834eb0ee7_6_3.json,f0da6bb3f214baf577117ec4f5c71e2b8ca437b79d173fa0f2736bf3843fc1f4,515,ABD formal raw per-task/run record,absolute_personal_path_redaction_only,1
outputs/abd_eval300_formal_v1/task_status/D__115774b6-534d-444f-b7aa-d1b834eb0ee7_6_4.json,a8e27eb5cbe5e8e05dd6b316258d454bb1d00400fdb6192bab99d18faa3f8390,613,content/abd_lineage/00_formal/raw_run/task_status/D__115774b6-534d-444f-b7aa-d1b834eb0ee7_6_4.json,53615bb399fa98f5c191d1df83c4e6bbeab3a4bfd0a03ed81c6eb80fcb4f9c4a,515,ABD formal raw per-task/run record,absolute_personal_path_redaction_only,1
outputs/abd_eval300_formal_v1/task_status/D__115774b6-534d-444f-b7aa-d1b834eb0ee7_7_10.json,6ddb4b07949f865754c08c9f1b87766d91b7ae038231b067e57936d30d8488a8,616,content/abd_lineage/00_formal/raw_run/task_status/D__115774b6-534d-444f-b7aa-d1b834eb0ee7_7_10.json,0e98049c85833f3991821c0a1fad3b1eb0529d9d6880e2b0b197d8b3403b1983,518,ABD formal raw per-task/run record,absolute_personal_path_redaction_only,1
outputs/abd_eval300_formal_v1/task_status/D__115774b6-534d-444f-b7aa-d1b834eb0ee7_7_22.json,91a945c00716e40d74770544317484ba57288ed1ec6d80187659f0eb32b30828,616,content/abd_lineage/00_formal/raw_run/task_status/D__115774b6-534d-444f-b7aa-d1b834eb0ee7_7_22.json,5af25803f97d6e97cd50b7171935a6f5779fe51f427d91bb20e527f53abf7957,518,ABD formal raw per-task/run record,absolute_personal_path_redaction_only,1
outputs/abd_eval300_formal_v1/task_status/D__115774b6-534d-444f-b7aa-d1b834eb0ee7_8_13.json,16f530fec79f56b49dbdea6e03c4279a6061e758fdc66487a0876c95aff62479,616,content/abd_lineage/00_formal/raw_run/task_status/D__115774b6-534d-444f-b7aa-d1b834eb0ee7_8_13.json,4f42ac35b80cb05bba0eb85b3a00f2f25949e0ea4ea45d519a3f7e1378614a18,518,ABD formal raw per-task/run record,absolute_personal_path_redaction_only,1
outputs/abd_eval300_formal_v1/task_status/D__115774b6-534d-444f-b7aa-d1b834eb0ee7_8_26.json,7c56e9adbb598320e3d4c91cadc554e73a54e155d9552ead76e780eca55bb94c,616,content/abd_lineage/00_formal/raw_run/task_status/D__115774b6-534d-444f-b7aa-d1b834eb0ee7_8_26.json,170c31d16473465bb5f35b8c07f5dfe6241925c4fadd98c397c8ba2d963fdd5f,518,ABD formal raw per-task/run record,absolute_personal_path_redaction_only,1
outputs/abd_eval300_formal_v1/task_status/D__115774b6-534d-444f-b7aa-d1b834eb0ee7_8_8.json,d6e148d37975fc05771c8d887b93f0e02060a19fb473a49bc449acf770ad8bc2,613,content/abd_lineage/00_formal/raw_run/task_status/D__115774b6-534d-444f-b7aa-d1b834eb0ee7_8_8.json,d11a1db924af5c919db8a11759b89a9fba55548e380077996f495a6783aa19c4,515,ABD formal raw per-task/run record,absolute_personal_path_redaction_only,1
outputs/abd_eval300_formal_v1/task_status/D__41a86310-2cc1-48f9-b5b5-6b495a95fbac_11_1.json,a4b95640b1ee79f52101a6ad19bed00ba200c77b9decae784c63a9cf3c5d1d0d,616,content/abd_lineage/00_formal/raw_run/task_status/D__41a86310-2cc1-48f9-b5b5-6b495a95fbac_11_1.json,cb43cc0557542ed81a1a0d0896fb36a9ac5cfdb922ac3739412343969263ebe4,518,ABD formal raw per-task/run record,absolute_personal_path_redaction_only,1
outputs/abd_eval300_formal_v1/task_status/D__41a86310-2cc1-48f9-b5b5-6b495a95fbac_11_19.json,c9880eacd731680d6617a718485d3e1048122474b46796ebdc635635caf766c1,619,content/abd_lineage/00_formal/raw_run/task_status/D__41a86310-2cc1-48f9-b5b5-6b495a95fbac_11_19.json,df468a5f565fdf772c17021d14cc1b6718681cf4121152e67074130d9ce076da,521,ABD formal raw per-task/run record,absolute_personal_path_redaction_only,1
outputs/abd_eval300_formal_v1/task_status/D__41a86310-2cc1-48f9-b5b5-6b495a95fbac_11_31.json,9155b3652c3cd7a064a3828b364a08630eae344e419a504817d249f887ac4476,619,content/abd_lineage/00_formal/raw_run/task_status/D__41a86310-2cc1-48f9-b5b5-6b495a95fbac_11_31.json,2ed4eafa4b7cca712f60fff1b9fc4492d9e143e934835a99ffd81a7a4ed37513,521,ABD formal raw per-task/run record,absolute_personal_path_redaction_only,1
outputs/abd_eval300_formal_v1/task_status/D__41a86310-2cc1-48f9-b5b5-6b495a95fbac_11_34.json,5ab567944a8fdae002b9b0f4c99704df07fb278e0535ec07c90f6985a715b5b6,619,content/abd_lineage/00_formal/raw_run/task_status/D__41a86310-2cc1-48f9-b5b5-6b495a95fbac_11_34.json,b63147cbc12f50ef3f5223cfb437aa51daa4e5af4ee553ef1ad34d55371b3a05,521,ABD formal raw per-task/run record,absolute_personal_path_redaction_only,1
outputs/abd_eval300_formal_v1/task_status/D__41a86310-2cc1-48f9-b5b5-6b495a95fbac_11_4.json,d7958c2a77d23b8f4fa65a0a169d7fccee6f927088ef9645509adccb6b3f9898,616,content/abd_lineage/00_formal/raw_run/task_status/D__41a86310-2cc1-48f9-b5b5-6b495a95fbac_11_4.json,184cc4a32b5207ac714e7e03881206ab281bac128dd7678c23bfd8bff318f011,518,ABD formal raw per-task/run record,absolute_personal_path_redaction_only,1
outputs/abd_eval300_formal_v1/task_status/D__41a86310-2cc1-48f9-b5b5-6b495a95fbac_17_10.json,d3600de08e20bd4458d5ba2fb653deb31c001750685a2f50e58a9358f1e017fb,619,content/abd_lineage/00_formal/raw_run/task_status/D__41a86310-2cc1-48f9-b5b5-6b495a95fbac_17_10.json,6985a86d7f949d3625a92ea1d1b000c47666681e8151e6bce2a27050d46dad78,521,ABD formal raw per-task/run record,absolute_personal_path_redaction_only,1
outputs/abd_eval300_formal_v1/task_status/D__41a86310-2cc1-48f9-b5b5-6b495a95fbac_17_13.json,b9fdad37cd1c8e78aabfcb9767a218e390efdc3f8d83a1b3a659a0b8c9b58552,619,content/abd_lineage/00_formal/raw_run/task_status/D__41a86310-2cc1-48f9-b5b5-6b495a95fbac_17_13.json,e30d587eb358e09195e2590a77fa03939b6783979726782d5f3da0551f023105,521,ABD formal raw per-task/run record,absolute_personal_path_redaction_only,1
outputs/abd_eval300_formal_v1/task_status/D__41a86310-2cc1-48f9-b5b5-6b495a95fbac_17_15.json,0543f7e1171e9247320827951499733005071cf84169e2fb719cbcf16811ee33,619,content/abd_lineage/00_formal/raw_run/task_status/D__41a86310-2cc1-48f9-b5b5-6b495a95fbac_17_15.json,a0dc1e506c6f2da17e8b0fbead14f6fed72ac39c9ef08a48476df40f1b87c213,521,ABD formal raw per-task/run record,absolute_personal_path_redaction_only,1
outputs/abd_eval300_formal_v1/task_status/D__41a86310-2cc1-48f9-b5b5-6b495a95fbac_17_2.json,d014a09ed56e7da427add4ba8cb44a8b12e220310aa4ec2c5a803b89220e9f6e,616,content/abd_lineage/00_formal/raw_run/task_status/D__41a86310-2cc1-48f9-b5b5-6b495a95fbac_17_2.json,578767b3810452e0d6082708037180bd3cca0a7b8411921cc480556c01748e56,518,ABD formal raw per-task/run record,absolute_personal_path_redaction_only,1
outputs/abd_eval300_formal_v1/task_status/D__41a86310-2cc1-48f9-b5b5-6b495a95fbac_17_21.json,239eb6d5ddf7df6bb874cc69aeaed740b4db30278333446dde485fb1aba84340,619,content/abd_lineage/00_formal/raw_run/task_status/D__41a86310-2cc1-48f9-b5b5-6b495a95fbac_17_21.json,f1f51e690074df0ed8e0aae8fcbabf43ab927943a3735ea30fd60039f6e331db,521,ABD formal raw per-task/run record,absolute_personal_path_redaction_only,1
outputs/abd_eval300_formal_v1/task_status/D__41a86310-2cc1-48f9-b5b5-6b495a95fbac_17_23.json,ffad685cb69d5fe2bcf64319c2af585492bb65d12cac62e8dd04e38cbf7c15c9,619,content/abd_lineage/00_formal/raw_run/task_status/D__41a86310-2cc1-48f9-b5b5-6b495a95fbac_17_23.json,ed6b5c338d6dde3affdbe4857fdc6607d2cd0fa5122547fcdf2b13e33ef13630,521,ABD formal raw per-task/run record,absolute_personal_path_redaction_only,1
outputs/abd_eval300_formal_v1/task_status/D__41a86310-2cc1-48f9-b5b5-6b495a95fbac_17_26.json,7796aa893524ad435968d32c8ff340b1c1b36a7f343c6d925db0eb53f394a664,619,content/abd_lineage/00_formal/raw_run/task_status/D__41a86310-2cc1-48f9-b5b5-6b495a95fbac_17_26.json,d9bb2db1a6e6a2283fb59c93667b8299347fe5086dcc4e9d55e41c09b929edab,521,ABD formal raw per-task/run record,absolute_personal_path_redaction_only,1
outputs/abd_eval300_formal_v1/task_status/D__41a86310-2cc1-48f9-b5b5-6b495a95fbac_17_33.json,ef0f7b02b19acdc63354d7577939690efa17ed616b0d142f0c5d038139a08b25,619,content/abd_lineage/00_formal/raw_run/task_status/D__41a86310-2cc1-48f9-b5b5-6b495a95fbac_17_33.json,f1f5c703f6b2d5e395f886bbc9babf3998afef1f1525557904fd0e2f8672c6fd,521,ABD formal raw per-task/run record,absolute_personal_path_redaction_only,1
outputs/abd_eval300_formal_v1/task_status/D__41a86310-2cc1-48f9-b5b5-6b495a95fbac_17_38.json,bdd1a10fd9f52887005fe16a026c5ff49db9d3c735d79f72c0128196dfd8ab17,619,content/abd_lineage/00_formal/raw_run/task_status/D__41a86310-2cc1-48f9-b5b5-6b495a95fbac_17_38.json,75fed3c49da6631d4031d78e338fa7d9e18a863fdf0be344aab0d4ecb42b8559,521,ABD formal raw per-task/run record,absolute_personal_path_redaction_only,1
outputs/abd_eval300_formal_v1/task_status/D__41a86310-2cc1-48f9-b5b5-6b495a95fbac_23_8.json,d258021e534a647c2145a44e7bd71bf891aa9eeef7a0f67122451a46d8778c18,616,content/abd_lineage/00_formal/raw_run/task_status/D__41a86310-2cc1-48f9-b5b5-6b495a95fbac_23_8.json,dfae0b632832ba1b68df1601d07feed9d046baa8e5b0d034f3228fac65d405d1,518,ABD formal raw per-task/run record,absolute_personal_path_redaction_only,1
outputs/abd_eval300_formal_v1/task_status/D__41a86310-2cc1-48f9-b5b5-6b495a95fbac_4_25.json,35b717ee9dab8f78f2d40870219ab7d0d0316830d0ab4a9f1685a7e6bf6c628a,616,content/abd_lineage/00_formal/raw_run/task_status/D__41a86310-2cc1-48f9-b5b5-6b495a95fbac_4_25.json,51797fa654bceb6d9bd5d8287b65f13ec893ba9c2d68fc3ba2688a869a08ff70,518,ABD formal raw per-task/run record,absolute_personal_path_redaction_only,1
outputs/abd_eval300_formal_v1/task_status/D__41a86310-2cc1-48f9-b5b5-6b495a95fbac_5_20.json,0760637116bd6705530fe55f0f7412fe4ea14eb313e16345aea647d5f248ed4d,616,content/abd_lineage/00_formal/raw_run/task_status/D__41a86310-2cc1-48f9-b5b5-6b495a95fbac_5_20.json,64bb942c1ee650950da58ac030c943023a4d2a424d62014e465571b109a38f02,518,ABD formal raw per-task/run record,absolute_personal_path_redaction_only,1
outputs/abd_eval300_formal_v1/task_status/D__41a86310-2cc1-48f9-b5b5-6b495a95fbac_6_14.json,d84714383cd2119df86d1368180dce15e45e5725b68c9f608d8a9953e58622c4,616,content/abd_lineage/00_formal/raw_run/task_status/D__41a86310-2cc1-48f9-b5b5-6b495a95fbac_6_14.json,c9ca9cb2f6fbed633e5f0c908df9b5b18e7861353eb8697dc49298110ff6adb7,518,ABD formal raw per-task/run record,absolute_personal_path_redaction_only,1
outputs/abd_eval300_formal_v1/task_status/D__41a86310-2cc1-48f9-b5b5-6b495a95fbac_6_24.json,8fd9ec181aa1ec079763ab761fbf37c90ae0f37de708baf35aee983fe6abf7c3,616,content/abd_lineage/00_formal/raw_run/task_status/D__41a86310-2cc1-48f9-b5b5-6b495a95fbac_6_24.json,6259dbb70e83ee8b11fc5a79f80a5300cf4ca99a597bb9dc105c9e1838b094f9,518,ABD formal raw per-task/run record,absolute_personal_path_redaction_only,1
outputs/abd_eval300_formal_v1/task_status/D__41a86310-2cc1-48f9-b5b5-6b495a95fbac_6_27.json,90c3108a7a0c54642d21d00b542df0863a97e1780b383e8d0411b612a8df37da,616,content/abd_lineage/00_formal/raw_run/task_status/D__41a86310-2cc1-48f9-b5b5-6b495a95fbac_6_27.json,fc0393b8c3974d5a6b9f8e3c27b5a15d4aab24ff981fdb518732dec9c348e2ae,518,ABD formal raw per-task/run record,absolute_personal_path_redaction_only,1
outputs/abd_eval300_formal_v1/task_status/D__41a86310-2cc1-48f9-b5b5-6b495a95fbac_6_32.json,8db44ba42ff7801f24fac3da26f5f80ec452a2c77236a6735ce078841b20457a,616,content/abd_lineage/00_formal/raw_run/task_status/D__41a86310-2cc1-48f9-b5b5-6b495a95fbac_6_32.json,b2dfa1b24e3feca6e1f5f66bbc4c13256e7f61939ec3162ebe30e7931bf0e0ad,518,ABD formal raw per-task/run record,absolute_personal_path_redaction_only,1
outputs/abd_eval300_formal_v1/task_status/D__41a86310-2cc1-48f9-b5b5-6b495a95fbac_7_17.json,4e9ab6502c6ca6b769078a9124459094517073ce0f8c9178a781375baad1daf1,616,content/abd_lineage/00_formal/raw_run/task_status/D__41a86310-2cc1-48f9-b5b5-6b495a95fbac_7_17.json,fc7b8dd827da65768503575c9373d944e1529cd47289d02f3302b84dbd0e1162,518,ABD formal raw per-task/run record,absolute_personal_path_redaction_only,1
outputs/abd_eval300_formal_v1/task_status/D__41a86310-2cc1-48f9-b5b5-6b495a95fbac_7_39.json,63611554d14d57bb6b32f425f1888d335ef9473b85f1295c75fbfc3dfcf6612b,616,content/abd_lineage/00_formal/raw_run/task_status/D__41a86310-2cc1-48f9-b5b5-6b495a95fbac_7_39.json,1c65b1ef8319bdc03e6a7053c807586024c4d0579987c091b8a18c776f70e2a4,518,ABD formal raw per-task/run record,absolute_personal_path_redaction_only,1
outputs/abd_eval300_formal_v1/task_status/D__41a86310-2cc1-48f9-b5b5-6b495a95fbac_8_11.json,294bedaec11531964676034a1690808672cdfe949cc257a26cc572b504f44287,616,content/abd_lineage/00_formal/raw_run/task_status/D__41a86310-2cc1-48f9-b5b5-6b495a95fbac_8_11.json,8b6606bdc912c0324ee14c7e91d8671b46732e33f7807cefa5fc1a639049379a,518,ABD formal raw per-task/run record,absolute_personal_path_redaction_only,1
outputs/abd_eval300_formal_v1/task_status/D__41a86310-2cc1-48f9-b5b5-6b495a95fbac_8_22.json,75332f193f12da1dadd445940287e90cf3adc371c1f4263525ba35773f153f05,616,content/abd_lineage/00_formal/raw_run/task_status/D__41a86310-2cc1-48f9-b5b5-6b495a95fbac_8_22.json,ae471c02d8ad82ee9caeff5cc52349ec5495f53ac8f40dc3eea79c40ff6e9f05,518,ABD formal raw per-task/run record,absolute_personal_path_redaction_only,1
outputs/abd_eval300_formal_v1/task_status/D__4572b198-2c1c-4920-bcf0-95fcebe12261_13_1.json,b22841c8cddfb284bb7fbf45e9f543b5f8acdef8110b48a88e4f7c7caff9fad8,616,content/abd_lineage/00_formal/raw_run/task_status/D__4572b198-2c1c-4920-bcf0-95fcebe12261_13_1.json,8b97347f7d08375bea8939261f315d729e7d1cf5c2a3e22aa384656591a2d5a1,518,ABD formal raw per-task/run record,absolute_personal_path_redaction_only,1
outputs/abd_eval300_formal_v1/task_status/D__4572b198-2c1c-4920-bcf0-95fcebe12261_15_1.json,43318b594a2f1edee1fddd3c54c01f1e0958b82640eba3d71dbe182177f08bb6,616,content/abd_lineage/00_formal/raw_run/task_status/D__4572b198-2c1c-4920-bcf0-95fcebe12261_15_1.json,e366f021dc64fc698bab929ce732f3fa0288338c58112c9387f64eee6a337104,518,ABD formal raw per-task/run record,absolute_personal_path_redaction_only,1
outputs/abd_eval300_formal_v1/task_status/D__4572b198-2c1c-4920-bcf0-95fcebe12261_17_10.json,91276fade031ce80be7d84fa5b2c77d6326b947cbcd81dad3a4c88574fe58235,619,content/abd_lineage/00_formal/raw_run/task_status/D__4572b198-2c1c-4920-bcf0-95fcebe12261_17_10.json,459189af382771ac1b132d469802563df7d6278ca311387d22677ffe747614fb,521,ABD formal raw per-task/run record,absolute_personal_path_redaction_only,1
outputs/abd_eval300_formal_v1/task_status/D__4572b198-2c1c-4920-bcf0-95fcebe12261_17_14.json,34430ccaa1122b335d460f2c5df4ae69616096922a4a643debcbdedf1b1ec31c,619,content/abd_lineage/00_formal/raw_run/task_status/D__4572b198-2c1c-4920-bcf0-95fcebe12261_17_14.json,8dc3516665fef5f6fe06bf69223f4b3b7567acffa703fc6e73cbb7026dbe9acc,521,ABD formal raw per-task/run record,absolute_personal_path_redaction_only,1
outputs/abd_eval300_formal_v1/task_status/D__4572b198-2c1c-4920-bcf0-95fcebe12261_17_15.json,1a1c819842471bcdcb6fdab779a197db12fbb61b2f8b7a0263959fe6283c8dfe,619,content/abd_lineage/00_formal/raw_run/task_status/D__4572b198-2c1c-4920-bcf0-95fcebe12261_17_15.json,45987879b46f70d498435ac4158b5e843c437fb61cccea7f95e8704576c6b0aa,521,ABD formal raw per-task/run record,absolute_personal_path_redaction_only,1
outputs/abd_eval300_formal_v1/task_status/D__4572b198-2c1c-4920-bcf0-95fcebe12261_17_17.json,ba3c71fd33f0a882a030fe44db105fc5126aec31105dfca907df8103f7f063db,619,content/abd_lineage/00_formal/raw_run/task_status/D__4572b198-2c1c-4920-bcf0-95fcebe12261_17_17.json,e8a540be45b5ec5b125211e034214dd3330bbd4ccc8addb28a5f28e40f68ddeb,521,ABD formal raw per-task/run record,absolute_personal_path_redaction_only,1
outputs/abd_eval300_formal_v1/task_status/D__4572b198-2c1c-4920-bcf0-95fcebe12261_17_25.json,5ff65b9143c7d3f61690521405d0440f490fd34e8174a3a39031cb2631b0c799,619,content/abd_lineage/00_formal/raw_run/task_status/D__4572b198-2c1c-4920-bcf0-95fcebe12261_17_25.json,b37b658d366783bd34b540d93f46c24201cee3e76aa0515bb7ff8b9417c28153,521,ABD formal raw per-task/run record,absolute_personal_path_redaction_only,1
outputs/abd_eval300_formal_v1/task_status/D__4572b198-2c1c-4920-bcf0-95fcebe12261_17_26.json,2a4e9823803ba76bdf2cfcf11871d932b9a5ce5a4e4889f56fdbd4d31df72b23,619,content/abd_lineage/00_formal/raw_run/task_status/D__4572b198-2c1c-4920-bcf0-95fcebe12261_17_26.json,e88899e782a3b75998b8e1201eb688679a7a29e247833e6347677821e5d58e4c,521,ABD formal raw per-task/run record,absolute_personal_path_redaction_only,1
outputs/abd_eval300_formal_v1/task_status/D__4572b198-2c1c-4920-bcf0-95fcebe12261_17_29.json,7adb06c7e7b33e562742bdce8b6fceff998ff8bac88ffdb4d696c5fa59476634,619,content/abd_lineage/00_formal/raw_run/task_status/D__4572b198-2c1c-4920-bcf0-95fcebe12261_17_29.json,2d67911b4f08c2c8d45f076addcb447ee87ccc5d244d9005ebfa41f237892459,521,ABD formal raw per-task/run record,absolute_personal_path_redaction_only,1
outputs/abd_eval300_formal_v1/task_status/D__4572b198-2c1c-4920-bcf0-95fcebe12261_17_39.json,8915ac73dc3dc591ee1faffaf91c740bcb0b15fec3ce741d1e167c9dcee9c552,619,content/abd_lineage/00_formal/raw_run/task_status/D__4572b198-2c1c-4920-bcf0-95fcebe12261_17_39.json,4c7d7490062df7369099c7c486514b6004edff1beb09e11f0027aaeda739ba6a,521,ABD formal raw per-task/run record,absolute_personal_path_redaction_only,1
outputs/abd_eval300_formal_v1/task_status/D__4572b198-2c1c-4920-bcf0-95fcebe12261_2_1.json,9e361a0c40c6bf598072cf8f2074b5382ce44cffc3e7b0c8523a0c7ee82f5c34,613,content/abd_lineage/00_formal/raw_run/task_status/D__4572b198-2c1c-4920-bcf0-95fcebe12261_2_1.json,c09ffc8436b15e9a57ce71109d0c9fb5f0cb0f62d49cec16a9543e0ff0a1690c,515,ABD formal raw per-task/run record,absolute_personal_path_redaction_only,1
outputs/abd_eval300_formal_v1/task_status/D__4572b198-2c1c-4920-bcf0-95fcebe12261_3_21.json,44e09ec6affd0920600d10f2989be407865d92c0941d26f266b77f6fcf84b85f,616,content/abd_lineage/00_formal/raw_run/task_status/D__4572b198-2c1c-4920-bcf0-95fcebe12261_3_21.json,2336642722b0b8fed82faca6c837f9b87393c2d7e75b8e9fd7db625b6e861c8b,518,ABD formal raw per-task/run record,absolute_personal_path_redaction_only,1
outputs/abd_eval300_formal_v1/task_status/D__4572b198-2c1c-4920-bcf0-95fcebe12261_4_20.json,0c06d6d0c8ed8c8b15bf66b84e81e09789d499e24aec8f29bc9c00804978ff9c,616,content/abd_lineage/00_formal/raw_run/task_status/D__4572b198-2c1c-4920-bcf0-95fcebe12261_4_20.json,0ae2fe4c68156caf7c8f7f9d811f29f802098e0771324ba68df99b5d6facdb45,518,ABD formal raw per-task/run record,absolute_personal_path_redaction_only,1
outputs/abd_eval300_formal_v1/task_status/D__4572b198-2c1c-4920-bcf0-95fcebe12261_4_23.json,2d0d381a6e75af3f82cf668e46bf7cdb94b9168302f385b9404af383fcff104a,616,content/abd_lineage/00_formal/raw_run/task_status/D__4572b198-2c1c-4920-bcf0-95fcebe12261_4_23.json,f0495f66aa622b3943639ac8a57b5fd57544ac896ba33dbfa074a8dc5d283bfb,518,ABD formal raw per-task/run record,absolute_personal_path_redaction_only,1
outputs/abd_eval300_formal_v1/task_status/D__4572b198-2c1c-4920-bcf0-95fcebe12261_4_28.json,02709ed6a4ebbe51441e03a0d86f5aaf2c4481afea5712f2be8d45415d49b0a0,616,content/abd_lineage/00_formal/raw_run/task_status/D__4572b198-2c1c-4920-bcf0-95fcebe12261_4_28.json,9ea5df7f3cb906bd2ac19f5f7eec1a20796dc709b3888621ca97e013acdff28a,518,ABD formal raw per-task/run record,absolute_personal_path_redaction_only,1
outputs/abd_eval300_formal_v1/task_status/D__4572b198-2c1c-4920-bcf0-95fcebe12261_4_3.json,825e8eac21eddade639b7353914ecc3f6f45fd25396dc26eabc13397eb432d4c,613,content/abd_lineage/00_formal/raw_run/task_status/D__4572b198-2c1c-4920-bcf0-95fcebe12261_4_3.json,ecce0b215a6daa92e2ac8f86956d21947859f25846816a74db5f13f12cecb60e,515,ABD formal raw per-task/run record,absolute_personal_path_redaction_only,1
outputs/abd_eval300_formal_v1/task_status/D__4572b198-2c1c-4920-bcf0-95fcebe12261_4_40.json,cb7220d8523c2d8b564c25192d0668ba78057281f8ca2d1facd2df8e0442ae6b,616,content/abd_lineage/00_formal/raw_run/task_status/D__4572b198-2c1c-4920-bcf0-95fcebe12261_4_40.json,4d9f43d44254ff71e4055d0ef6168eb616c3ca0454582f1d84e6b14893127238,518,ABD formal raw per-task/run record,absolute_personal_path_redaction_only,1
outputs/abd_eval300_formal_v1/task_status/D__4572b198-2c1c-4920-bcf0-95fcebe12261_5_11.json,4c8a79daee052a14def1b32b04e75b57ae0371860d7087dc22ab081ceefcb620,616,content/abd_lineage/00_formal/raw_run/task_status/D__4572b198-2c1c-4920-bcf0-95fcebe12261_5_11.json,9e62c098c97a37483c5c2b7376c1e89b2efbd1a392cccf0a0ed8e2eb46a1506e,518,ABD formal raw per-task/run record,absolute_personal_path_redaction_only,1
outputs/abd_eval300_formal_v1/task_status/D__4572b198-2c1c-4920-bcf0-95fcebe12261_6_22.json,0ef9365a21b794963a6ffab938d13ad14928b941a39998fe6f7bbf1604916042,616,content/abd_lineage/00_formal/raw_run/task_status/D__4572b198-2c1c-4920-bcf0-95fcebe12261_6_22.json,add85bef075964c7bb3d4b562d657c0ff22b0a4009f4ea7971f2c9227bbd6e90,518,ABD formal raw per-task/run record,absolute_personal_path_redaction_only,1
outputs/abd_eval300_formal_v1/task_status/D__4572b198-2c1c-4920-bcf0-95fcebe12261_6_24.json,4efc0fdc7ef3e25c6f644dda2d0df45c7cd3670dd06d5164952ad37de50546a1,616,content/abd_lineage/00_formal/raw_run/task_status/D__4572b198-2c1c-4920-bcf0-95fcebe12261_6_24.json,b77a2ccf6b9b037d54b6c58049bb88a831cf33b4d1591da1cb65b4ff8d70ee1a,518,ABD formal raw per-task/run record,absolute_personal_path_redaction_only,1
outputs/abd_eval300_formal_v1/task_status/D__4572b198-2c1c-4920-bcf0-95fcebe12261_6_7.json,f2c37b97a62d709555b93c85f69eb6fede5cc364e724ff869b88611748b71a65,613,content/abd_lineage/00_formal/raw_run/task_status/D__4572b198-2c1c-4920-bcf0-95fcebe12261_6_7.json,3186d993fdce54c3cc1bd73d230c054698763d3d30bdccb4890b97150d6324d6,515,ABD formal raw per-task/run record,absolute_personal_path_redaction_only,1
outputs/abd_eval300_formal_v1/task_status/D__4572b198-2c1c-4920-bcf0-95fcebe12261_7_32.json,12f8b91b771a37953ed7ad93f96793c9bfcb03f8b94ad881f22ae63a26d46156,616,content/abd_lineage/00_formal/raw_run/task_status/D__4572b198-2c1c-4920-bcf0-95fcebe12261_7_32.json,ab51bdb2aa69ad5982d82ca66db874a2a6a5b35a5bf0bd7a086893ef7c17bb6f,518,ABD formal raw per-task/run record,absolute_personal_path_redaction_only,1
outputs/abd_eval300_formal_v1/task_status/D__4572b198-2c1c-4920-bcf0-95fcebe12261_7_5.json,adc0f33959b99f7a76796b747f06f1590a995d01c53eeaa1dc1749a8a83887b1,613,content/abd_lineage/00_formal/raw_run/task_status/D__4572b198-2c1c-4920-bcf0-95fcebe12261_7_5.json,b9beb02ab478ec6947d969848cf692fc53a8d0727b2de1ab02b8f5ab093c3bcb,515,ABD formal raw per-task/run record,absolute_personal_path_redaction_only,1
outputs/abd_eval300_formal_v1/task_status/D__4572b198-2c1c-4920-bcf0-95fcebe12261_8_13.json,793b1113dd36ab2db2cf11c6a7d73c30487d33c556abf35c7326bd2f449a1500,616,content/abd_lineage/00_formal/raw_run/task_status/D__4572b198-2c1c-4920-bcf0-95fcebe12261_8_13.json,7ab3cf667d0805c753708011d9979076fe4f100541cca13c0a2611d6a49e6393,518,ABD formal raw per-task/run record,absolute_personal_path_redaction_only,1
outputs/abd_eval300_formal_v1/task_status/D__4572b198-2c1c-4920-bcf0-95fcebe12261_8_34.json,3817c3a0c5c3507ed25d25b6dd9f2efe4ec8d45e1602061e33735b6a59a3a379,616,content/abd_lineage/00_formal/raw_run/task_status/D__4572b198-2c1c-4920-bcf0-95fcebe12261_8_34.json,1810ace8397c7f43eaaeb4f986eeb7f42f07cd042a1d04b34f68c7eff00d4cee,518,ABD formal raw per-task/run record,absolute_personal_path_redaction_only,1
outputs/abd_eval300_formal_v1/task_status/D__6fd90f8d-7a4d-425d-a812-3268db0b0342_11_29.json,6d168f3d227b97a2a57234676c7c989d9035edd01f4520e1d230d5ec084bb9de,619,content/abd_lineage/00_formal/raw_run/task_status/D__6fd90f8d-7a4d-425d-a812-3268db0b0342_11_29.json,6dfc22552366a319b9f5b1541ceafca204dd60415a9e45fcde443f3c01ae418c,521,ABD formal raw per-task/run record,absolute_personal_path_redaction_only,1
outputs/abd_eval300_formal_v1/task_status/D__6fd90f8d-7a4d-425d-a812-3268db0b0342_12_28.json,383464a202428e8188c730d2337e57b6acf9d80af20789500891d225289856fe,619,content/abd_lineage/00_formal/raw_run/task_status/D__6fd90f8d-7a4d-425d-a812-3268db0b0342_12_28.json,25e7aef768bde95d621f27d50c25212c5ac85906f56b5b17b0c4995d9812a49e,521,ABD formal raw per-task/run record,absolute_personal_path_redaction_only,1
outputs/abd_eval300_formal_v1/task_status/D__6fd90f8d-7a4d-425d-a812-3268db0b0342_13_2.json,4addaa49b9756d2c184b987a62ec2967eb743c113742b36f830a20628fa43af7,616,content/abd_lineage/00_formal/raw_run/task_status/D__6fd90f8d-7a4d-425d-a812-3268db0b0342_13_2.json,b81e75e5e0e1e0767fa9786365727ffe52bcac89495011585bbc72f925358e61,518,ABD formal raw per-task/run record,absolute_personal_path_redaction_only,1
outputs/abd_eval300_formal_v1/task_status/D__6fd90f8d-7a4d-425d-a812-3268db0b0342_14_3.json,5fb7bbad12549b06815349adf29d5a8c286afb881718f57c44fc7d243dc202b8,616,content/abd_lineage/00_formal/raw_run/task_status/D__6fd90f8d-7a4d-425d-a812-3268db0b0342_14_3.json,c8a3108c4737da5da1217c14c34f268f578c00fb7e5fefa248a48c654bbcb97f,518,ABD formal raw per-task/run record,absolute_personal_path_redaction_only,1
outputs/abd_eval300_formal_v1/task_status/D__6fd90f8d-7a4d-425d-a812-3268db0b0342_14_4.json,a5866962f8185f41f650c31b5d01449edd53c09c0bf26d603097d05abaa2d548,616,content/abd_lineage/00_formal/raw_run/task_status/D__6fd90f8d-7a4d-425d-a812-3268db0b0342_14_4.json,98a647d5f09bfc7dd6b5cb521728fa69883c39a59b9b15a27013869635b58cdd,518,ABD formal raw per-task/run record,absolute_personal_path_redaction_only,1
outputs/abd_eval300_formal_v1/task_status/D__6fd90f8d-7a4d-425d-a812-3268db0b0342_14_5.json,c9ad6becc512d9805d5b4608fb7daace5fd1fef52e9f051f4d8092dbbfad780c,616,content/abd_lineage/00_formal/raw_run/task_status/D__6fd90f8d-7a4d-425d-a812-3268db0b0342_14_5.json,7110f92bc287aeb47f60de163b87f8a8f52d39e262e8302c5d6a9e7ae53be41b,518,ABD formal raw per-task/run record,absolute_personal_path_redaction_only,1
outputs/abd_eval300_formal_v1/task_status/D__6fd90f8d-7a4d-425d-a812-3268db0b0342_15_2.json,86fb1fbc8f189f362527cf3d27e54b37fe2b084a0e4583a16061eca9c101afb1,616,content/abd_lineage/00_formal/raw_run/task_status/D__6fd90f8d-7a4d-425d-a812-3268db0b0342_15_2.json,bc9c280cc0126640ef302d22f3f094391ff98f3f1649c98a2cb7fc58be814214,518,ABD formal raw per-task/run record,absolute_personal_path_redaction_only,1
outputs/abd_eval300_formal_v1/task_status/D__6fd90f8d-7a4d-425d-a812-3268db0b0342_16_3.json,9ccc7b5c3819008c42cebfd299689c304a55ef59d15308e2f5b2e39457359248,616,content/abd_lineage/00_formal/raw_run/task_status/D__6fd90f8d-7a4d-425d-a812-3268db0b0342_16_3.json,348c1afa06db4e21320f801c4eebcdf72557250040b148a50bc8063551a63055,518,ABD formal raw per-task/run record,absolute_personal_path_redaction_only,1
outputs/abd_eval300_formal_v1/task_status/D__6fd90f8d-7a4d-425d-a812-3268db0b0342_16_4.json,976f10ebf14fab70e973a351bee4f01f21f1354b41a3de00c490b280553bbd7b,616,content/abd_lineage/00_formal/raw_run/task_status/D__6fd90f8d-7a4d-425d-a812-3268db0b0342_16_4.json,43dfec6f3f4d0df507a0ecdeff7269446c467e9b72b91f96bab23e462b010ae9,518,ABD formal raw per-task/run record,absolute_personal_path_redaction_only,1
outputs/abd_eval300_formal_v1/task_status/D__6fd90f8d-7a4d-425d-a812-3268db0b0342_16_5.json,01511132a02406f77ffb7b8c305065b3f23b05c71fd0525bd88cc1fb3795fdd1,616,content/abd_lineage/00_formal/raw_run/task_status/D__6fd90f8d-7a4d-425d-a812-3268db0b0342_16_5.json,e17403a9127b0f15b3670ae21786e6b152c1c870e24254b868b69811bb2ef334,518,ABD formal raw per-task/run record,absolute_personal_path_redaction_only,1
outputs/abd_eval300_formal_v1/task_status/D__6fd90f8d-7a4d-425d-a812-3268db0b0342_17_25.json,4948207d1787aa817ca5e6544874fbbb15de1a31c4d992890b6a5d0dad6e06bd,619,content/abd_lineage/00_formal/raw_run/task_status/D__6fd90f8d-7a4d-425d-a812-3268db0b0342_17_25.json,15ec7c527135ff449e461ecf0abab282c9f987d25f58a1719b4de6414184268c,521,ABD formal raw per-task/run record,absolute_personal_path_redaction_only,1
outputs/abd_eval300_formal_v1/task_status/D__6fd90f8d-7a4d-425d-a812-3268db0b0342_17_36.json,2defab40aeb370105bd938ce413564b55cf5dddf145610d6837c55d76b1416db,619,content/abd_lineage/00_formal/raw_run/task_status/D__6fd90f8d-7a4d-425d-a812-3268db0b0342_17_36.json,437bb81cddbc2c96224a5b3f43b7311aea1fbe41deb623f23fca3890097571f2,521,ABD formal raw per-task/run record,absolute_personal_path_redaction_only,1
outputs/abd_eval300_formal_v1/task_status/D__6fd90f8d-7a4d-425d-a812-3268db0b0342_17_5.json,36d1d06f5ceb366db2ecc85d82a6a7f13359a9a15364c68ca02155b3dede4e2a,616,content/abd_lineage/00_formal/raw_run/task_status/D__6fd90f8d-7a4d-425d-a812-3268db0b0342_17_5.json,2c1e305f6afa28f7bb28e278785ca0b677801f008734d1dd286a5b5ab65d013c,518,ABD formal raw per-task/run record,absolute_personal_path_redaction_only,1
outputs/abd_eval300_formal_v1/task_status/D__6fd90f8d-7a4d-425d-a812-3268db0b0342_18_16.json,900f21df51a2bee67a5183c5eefee0ecedbedeaf658eb359af3cf7bea539f3a9,619,content/abd_lineage/00_formal/raw_run/task_status/D__6fd90f8d-7a4d-425d-a812-3268db0b0342_18_16.json,64cefb3c27bc218991655f4d65241418294398e1fc92b83afd06c5dfe1525c0e,521,ABD formal raw per-task/run record,absolute_personal_path_redaction_only,1
outputs/abd_eval300_formal_v1/task_status/D__6fd90f8d-7a4d-425d-a812-3268db0b0342_18_17.json,ab2a23bba3f260c8ce2d25e9088b32cc6df8c9f8118dc059aafa555688fd8538,619,content/abd_lineage/00_formal/raw_run/task_status/D__6fd90f8d-7a4d-425d-a812-3268db0b0342_18_17.json,e44e0b4ca2695444fe845ca308bd6073cda9a922511ec7573bf27db5e82bbb33,521,ABD formal raw per-task/run record,absolute_personal_path_redaction_only,1
outputs/abd_eval300_formal_v1/task_status/D__6fd90f8d-7a4d-425d-a812-3268db0b0342_1_1.json,7a4742e6bb04030d1245395ef09652691830275f7d75681b3cb320be8040240a,613,content/abd_lineage/00_formal/raw_run/task_status/D__6fd90f8d-7a4d-425d-a812-3268db0b0342_1_1.json,d3b4998ab32ef5aa53e164c9d6ea86e8cc858f74ae96bb5914dd84f9aec045e7,515,ABD formal raw per-task/run record,absolute_personal_path_redaction_only,1
outputs/abd_eval300_formal_v1/task_status/D__6fd90f8d-7a4d-425d-a812-3268db0b0342_21_11.json,59687975ff879ea11c7decc23392ed9b7157f08809965fd9c58d1a782e44a20e,619,content/abd_lineage/00_formal/raw_run/task_status/D__6fd90f8d-7a4d-425d-a812-3268db0b0342_21_11.json,be52c0877fea6f2b75cbb87953532627272f14d1aa43659b6cd91f6e4e473c1c,521,ABD formal raw per-task/run record,absolute_personal_path_redaction_only,1
outputs/abd_eval300_formal_v1/task_status/D__6fd90f8d-7a4d-425d-a812-3268db0b0342_3_32.json,8c21bcae12793eb0d90899e58d83b0db303834d90603025a63a0f4bd9879dceb,616,content/abd_lineage/00_formal/raw_run/task_status/D__6fd90f8d-7a4d-425d-a812-3268db0b0342_3_32.json,dcbf9e81edb644f9cafa701644e2294d0a8f0c47860ea1916dcc623270c805f9,518,ABD formal raw per-task/run record,absolute_personal_path_redaction_only,1
outputs/abd_eval300_formal_v1/task_status/D__6fd90f8d-7a4d-425d-a812-3268db0b0342_4_1.json,1265c299427e1841b44f4c28df6306b75ae184c61bd51ccb18eb1f841e394063,613,content/abd_lineage/00_formal/raw_run/task_status/D__6fd90f8d-7a4d-425d-a812-3268db0b0342_4_1.json,7fb222373b97aa2556e48d79781e5b690a87b9eb441f7401b1284183d6d1c8cd,515,ABD formal raw per-task/run record,absolute_personal_path_redaction_only,1
outputs/abd_eval300_formal_v1/task_status/D__6fd90f8d-7a4d-425d-a812-3268db0b0342_6_8.json,d136efd29b86cea815cdfec62e8f0ab201d6e0c8cfd499b9ae257c2a7d803185,613,content/abd_lineage/00_formal/raw_run/task_status/D__6fd90f8d-7a4d-425d-a812-3268db0b0342_6_8.json,92c927799ff66bfd0fe6ffa61062ff2906e0ca35cce76b84042be507f980b3c3,515,ABD formal raw per-task/run record,absolute_personal_path_redaction_only,1
outputs/abd_eval300_formal_v1/task_status/D__6fd90f8d-7a4d-425d-a812-3268db0b0342_7_27.json,d0abf40a1577e04b9a8a4fab2b95405a99a5b1fdefec0b1bf5f3ec75d697e7a0,616,content/abd_lineage/00_formal/raw_run/task_status/D__6fd90f8d-7a4d-425d-a812-3268db0b0342_7_27.json,67f2c5308b020e11a30ca2080eb42f74d1854b1a180e764faa07e26323fb4044,518,ABD formal raw per-task/run record,absolute_personal_path_redaction_only,1
outputs/abd_eval300_formal_v1/task_status/D__6fd90f8d-7a4d-425d-a812-3268db0b0342_7_7.json,52318c210710c2c1b1a6b437b0824d0d68826ae4e754ee81c61a4854880dedff,613,content/abd_lineage/00_formal/raw_run/task_status/D__6fd90f8d-7a4d-425d-a812-3268db0b0342_7_7.json,9b36f2b7bfc321167725b11df4ee5605b0b9628bf84386da6faafbfbcc245fc8,515,ABD formal raw per-task/run record,absolute_personal_path_redaction_only,1
outputs/abd_eval300_formal_v1/task_status/D__6fd90f8d-7a4d-425d-a812-3268db0b0342_8_10.json,d2f39198e07561d9d5769b0168a271eab48ae93b5a392e10ee7d4a6a1ce325fb,616,content/abd_lineage/00_formal/raw_run/task_status/D__6fd90f8d-7a4d-425d-a812-3268db0b0342_8_10.json,da3b86b91484de7d5eb1a6f0ae4662a279cb6d4d97a9c9310a980dd1b6cc5b95,518,ABD formal raw per-task/run record,absolute_personal_path_redaction_only,1
outputs/abd_eval300_formal_v1/task_status/D__6fd90f8d-7a4d-425d-a812-3268db0b0342_8_31.json,f1ca8311401d220fc7b95475f5f915768db8b5d09d68448eee8e7eb37913bf06,616,content/abd_lineage/00_formal/raw_run/task_status/D__6fd90f8d-7a4d-425d-a812-3268db0b0342_8_31.json,276b66e70a8e4371346804a69cb9c950c4efc73723e2111cb04bbeedab533a9a,518,ABD formal raw per-task/run record,absolute_personal_path_redaction_only,1
outputs/abd_eval300_formal_v1/task_status/D__6fd90f8d-7a4d-425d-a812-3268db0b0342_8_9.json,24fbc3eb6ec6fd4ee0ccb11412fec38f482c6d31b9e1d16b4f4ce59cdcc86f73,613,content/abd_lineage/00_formal/raw_run/task_status/D__6fd90f8d-7a4d-425d-a812-3268db0b0342_8_9.json,f2c1fe9d21b30e07583e3a3c35202a90e25311fde27c5d27010932f6c92b9d4b,515,ABD formal raw per-task/run record,absolute_personal_path_redaction_only,1
outputs/abd_eval300_formal_v1/task_status/D__70f2a750-f403-41b8-aabb-480eb3ab4ed4_11_23.json,1ecbe17db6e7aa65163257d594088a4a645873f71124e0b69c71306eb1d92c54,619,content/abd_lineage/00_formal/raw_run/task_status/D__70f2a750-f403-41b8-aabb-480eb3ab4ed4_11_23.json,f9aac96993aeb10ebfa353c91e242b2b2d90f6f7f91de02f3ad33e8fc6c4ba8f,521,ABD formal raw per-task/run record,absolute_personal_path_redaction_only,1
outputs/abd_eval300_formal_v1/task_status/D__70f2a750-f403-41b8-aabb-480eb3ab4ed4_11_7.json,17c3b36a4e530ececa53fed670505588235bd9bb4fb71cea1c31dd13b2e720a2,616,content/abd_lineage/00_formal/raw_run/task_status/D__70f2a750-f403-41b8-aabb-480eb3ab4ed4_11_7.json,0aba75ae92cab9a6b0fdada2c8d2e3820b26ce2b29aeba41421eadc0a7a4728e,518,ABD formal raw per-task/run record,absolute_personal_path_redaction_only,1
outputs/abd_eval300_formal_v1/task_status/D__70f2a750-f403-41b8-aabb-480eb3ab4ed4_12_17.json,1d67ef6a1c0ec38c6955ff9f7ec782275e46aed6f906fdc0dd521425a06c4078,619,content/abd_lineage/00_formal/raw_run/task_status/D__70f2a750-f403-41b8-aabb-480eb3ab4ed4_12_17.json,c3304e2618293e52631d2cce91f82c03c05b728b6ee2663c476d5c41b7f7da2e,521,ABD formal raw per-task/run record,absolute_personal_path_redaction_only,1
outputs/abd_eval300_formal_v1/task_status/D__70f2a750-f403-41b8-aabb-480eb3ab4ed4_17_13.json,9f27875ac93339324e28ba75f580a0193120484f4e987b14eeac7b77f7850779,619,content/abd_lineage/00_formal/raw_run/task_status/D__70f2a750-f403-41b8-aabb-480eb3ab4ed4_17_13.json,13cb2cec9c96f36d6ed798002ccd71c7f4133a25616f523ff1996f13c0ea2ee4,521,ABD formal raw per-task/run record,absolute_personal_path_redaction_only,1
outputs/abd_eval300_formal_v1/task_status/D__70f2a750-f403-41b8-aabb-480eb3ab4ed4_17_14.json,174f9226edb709c559870a0ead80a33693c96040c5e36766bf311b73903df554,619,content/abd_lineage/00_formal/raw_run/task_status/D__70f2a750-f403-41b8-aabb-480eb3ab4ed4_17_14.json,bf0cda904badfa32bb5a67131a4004fdebf676823412b3634ad6915c0b6a1584,521,ABD formal raw per-task/run record,absolute_personal_path_redaction_only,1
outputs/abd_eval300_formal_v1/task_status/D__70f2a750-f403-41b8-aabb-480eb3ab4ed4_17_16.json,86a151a848c017994531b49ac863850c8a46e645a4d503518bba75651e484568,619,content/abd_lineage/00_formal/raw_run/task_status/D__70f2a750-f403-41b8-aabb-480eb3ab4ed4_17_16.json,7cf1d073cb14aefcfc39e808245adb2fb413bda4bcf73e8cc43185bb4c57a4ac,521,ABD formal raw per-task/run record,absolute_personal_path_redaction_only,1
outputs/abd_eval300_formal_v1/task_status/D__70f2a750-f403-41b8-aabb-480eb3ab4ed4_17_30.json,1b37c5e1ed83e2a4f031c271a37493c6634e6ad9d3554b67f009900daa8949bf,619,content/abd_lineage/00_formal/raw_run/task_status/D__70f2a750-f403-41b8-aabb-480eb3ab4ed4_17_30.json,8585c4fce0fc22ceadf29c29d9d3198cf73f3d3d3d789ab5a7cf529e78c6b887,521,ABD formal raw per-task/run record,absolute_personal_path_redaction_only,1
outputs/abd_eval300_formal_v1/task_status/D__70f2a750-f403-41b8-aabb-480eb3ab4ed4_17_31.json,8d2314aff4b044e3b70fa213798f82184222243ccce4fccf3be6949025c4a9a5,619,content/abd_lineage/00_formal/raw_run/task_status/D__70f2a750-f403-41b8-aabb-480eb3ab4ed4_17_31.json,4bfbc2b849010e737f7aecb23efe55ac63b219bc8c6a6dd77fa5a67b01a4184f,521,ABD formal raw per-task/run record,absolute_personal_path_redaction_only,1
outputs/abd_eval300_formal_v1/task_status/D__70f2a750-f403-41b8-aabb-480eb3ab4ed4_17_8.json,82f1e7bb6f23cb45996c4bd88225b2a17e42a11eef5649be8dd5a3ed993f7d2b,616,content/abd_lineage/00_formal/raw_run/task_status/D__70f2a750-f403-41b8-aabb-480eb3ab4ed4_17_8.json,8bed64c96a0ecc6916a4476d40dd08611e57aa42b0c5b526d7bc7c332bbf4030,518,ABD formal raw per-task/run record,absolute_personal_path_redaction_only,1
outputs/abd_eval300_formal_v1/task_status/D__70f2a750-f403-41b8-aabb-480eb3ab4ed4_17_9.json,9ea39b2288f32e25cbda6fddc2bc915c501e2055d641f65723e83fcb6d92f297,616,content/abd_lineage/00_formal/raw_run/task_status/D__70f2a750-f403-41b8-aabb-480eb3ab4ed4_17_9.json,84049d070029ec0b1802d71eec56ae17a4c08303ab19a311c08a1864478798a5,518,ABD formal raw per-task/run record,absolute_personal_path_redaction_only,1
outputs/abd_eval300_formal_v1/task_status/D__70f2a750-f403-41b8-aabb-480eb3ab4ed4_21_26.json,83e02d13644a04c5f235fe75fafdce6821f12a7cdb639115f7f37953cd4a14bc,619,content/abd_lineage/00_formal/raw_run/task_status/D__70f2a750-f403-41b8-aabb-480eb3ab4ed4_21_26.json,3dfb41ee2b44efd4a91c5ee8d8dfa2e641920a1ad8786d7fa968cd7376f162fe,521,ABD formal raw per-task/run record,absolute_personal_path_redaction_only,1
outputs/abd_eval300_formal_v1/task_status/D__70f2a750-f403-41b8-aabb-480eb3ab4ed4_22_10.json,38f6fa040c8376b24de0dbf35672cdf8a7661a70efe50f00202dee64c76ec994,619,content/abd_lineage/00_formal/raw_run/task_status/D__70f2a750-f403-41b8-aabb-480eb3ab4ed4_22_10.json,a015bf7760a92c735974ba99befda65aabf9695f8214f9542c75b44b36add9f5,521,ABD formal raw per-task/run record,absolute_personal_path_redaction_only,1
outputs/abd_eval300_formal_v1/task_status/D__70f2a750-f403-41b8-aabb-480eb3ab4ed4_22_12.json,6e88880cd56886e74ed41294c4832a3cf5eef373e051745042bc06df441ac63b,619,content/abd_lineage/00_formal/raw_run/task_status/D__70f2a750-f403-41b8-aabb-480eb3ab4ed4_22_12.json,dbaaa90caacd1561805c4eaedc05b284b65b0df5095df64a7441ca9af7063631,521,ABD formal raw per-task/run record,absolute_personal_path_redaction_only,1
outputs/abd_eval300_formal_v1/task_status/D__70f2a750-f403-41b8-aabb-480eb3ab4ed4_4_11.json,b1e1ddcf014e3a7d654f694cbbf8beaa23b935d5f316ba9a5a786a0d29f37ce9,616,content/abd_lineage/00_formal/raw_run/task_status/D__70f2a750-f403-41b8-aabb-480eb3ab4ed4_4_11.json,6c1d9cd94383e78f9b0bde8ea70aa5fc3d69df4646d01c0125123ea68424faf8,518,ABD formal raw per-task/run record,absolute_personal_path_redaction_only,1
outputs/abd_eval300_formal_v1/task_status/D__70f2a750-f403-41b8-aabb-480eb3ab4ed4_4_15.json,5b1304e13d41aaba36fb5967c5eb31bab53a24d9251d995626cdf3fd525ead28,616,content/abd_lineage/00_formal/raw_run/task_status/D__70f2a750-f403-41b8-aabb-480eb3ab4ed4_4_15.json,db17463b9014a0e7e46466aedc9aac30d906b068824d28550398f8dc6fb779a5,518,ABD formal raw per-task/run record,absolute_personal_path_redaction_only,1
outputs/abd_eval300_formal_v1/task_status/D__70f2a750-f403-41b8-aabb-480eb3ab4ed4_4_20.json,d1bd91b5fd7c3ddfed49bf171e8eccca4c8d1add9a826ba2899959eed54c14d8,616,content/abd_lineage/00_formal/raw_run/task_status/D__70f2a750-f403-41b8-aabb-480eb3ab4ed4_4_20.json,f25dfd826ce855a2b7bfb4da5f6dacd27250a6114248bb0745aa6f04b50126f8,518,ABD formal raw per-task/run record,absolute_personal_path_redaction_only,1
outputs/abd_eval300_formal_v1/task_status/D__70f2a750-f403-41b8-aabb-480eb3ab4ed4_4_27.json,a1e2c787e3622fc781e1029e2f1e2fa7737eb8f12b935ec08e6a254ba2f380e2,616,content/abd_lineage/00_formal/raw_run/task_status/D__70f2a750-f403-41b8-aabb-480eb3ab4ed4_4_27.json,7925415977fe2eeb407d10f8df41fb2ad79bd01a0598c289fa4e639b52109d9b,518,ABD formal raw per-task/run record,absolute_personal_path_redaction_only,1
outputs/abd_eval300_formal_v1/task_status/D__70f2a750-f403-41b8-aabb-480eb3ab4ed4_4_6.json,7aa13b5699ad43fbaab9658ef43d5cb5a8eef1c29c8184dd639f89e71530ea31,613,content/abd_lineage/00_formal/raw_run/task_status/D__70f2a750-f403-41b8-aabb-480eb3ab4ed4_4_6.json,2a21ff3e063b9e964bc2ffd69cd3bd8eaa1dbed03d3c8dd0c91c59d7914a6b96,515,ABD formal raw per-task/run record,absolute_personal_path_redaction_only,1
outputs/abd_eval300_formal_v1/task_status/D__70f2a750-f403-41b8-aabb-480eb3ab4ed4_5_19.json,0ba0d587a0ed7c09dfb165303840f5453b93295719ec12401380c309e9975772,616,content/abd_lineage/00_formal/raw_run/task_status/D__70f2a750-f403-41b8-aabb-480eb3ab4ed4_5_19.json,9e17dd105fce42a55d75227dde3bc43b9fc66a19494e57bf5a3e46ce84d799ae,518,ABD formal raw per-task/run record,absolute_personal_path_redaction_only,1
outputs/abd_eval300_formal_v1/task_status/D__70f2a750-f403-41b8-aabb-480eb3ab4ed4_6_32.json,32da9d64dc58ddd82d91bf1c93c1141093894d1becb7099f5c00d5995b237a08,616,content/abd_lineage/00_formal/raw_run/task_status/D__70f2a750-f403-41b8-aabb-480eb3ab4ed4_6_32.json,c4adc1fed9a22ddda04722d5e601ba56de189389a8c4fc320f9f4823056d0b3d,518,ABD formal raw per-task/run record,absolute_personal_path_redaction_only,1
outputs/abd_eval300_formal_v1/task_status/D__70f2a750-f403-41b8-aabb-480eb3ab4ed4_7_28.json,59e738d7f1d38ab3f3f9418fb3cb986fd7b0792982327d9444256a9dd0012168,616,content/abd_lineage/00_formal/raw_run/task_status/D__70f2a750-f403-41b8-aabb-480eb3ab4ed4_7_28.json,dd8e7a0e684d6e2def817d8b63a1f604a4155212056572e9f89cad37cfeb608a,518,ABD formal raw per-task/run record,absolute_personal_path_redaction_only,1
outputs/abd_eval300_formal_v1/task_status/D__70f2a750-f403-41b8-aabb-480eb3ab4ed4_7_29.json,a9a0e0fc99e83f97716d6a7d8b6df763437cf585b9a177e254c7478dfe1e2b70,616,content/abd_lineage/00_formal/raw_run/task_status/D__70f2a750-f403-41b8-aabb-480eb3ab4ed4_7_29.json,10f52fc6eb14b022212a7ecc13d787b976ea6faefac2bf29b6ced1136710f106,518,ABD formal raw per-task/run record,absolute_personal_path_redaction_only,1
outputs/abd_eval300_formal_v1/task_status/D__70f2a750-f403-41b8-aabb-480eb3ab4ed4_7_4.json,7362f1820ad6b52085393456646f8439e74c33a4cd919b398145e2f112cf633e,613,content/abd_lineage/00_formal/raw_run/task_status/D__70f2a750-f403-41b8-aabb-480eb3ab4ed4_7_4.json,d66aac5c701faab9fe12c364f4bb49fda6bd017cd6b9db1d766a2d706a3e6681,515,ABD formal raw per-task/run record,absolute_personal_path_redaction_only,1
outputs/abd_eval300_formal_v1/task_status/D__70f2a750-f403-41b8-aabb-480eb3ab4ed4_7_5.json,033510627d9ce2c23899c73092504f8b2a260c373880a42d11122b768c2b0019,613,content/abd_lineage/00_formal/raw_run/task_status/D__70f2a750-f403-41b8-aabb-480eb3ab4ed4_7_5.json,3dbabaf28034bc23f0ec9394eb9b01aa18759af7ea816e0e13bfe8fc5eee24f9,515,ABD formal raw per-task/run record,absolute_personal_path_redaction_only,1
outputs/abd_eval300_formal_v1/task_status/D__70f2a750-f403-41b8-aabb-480eb3ab4ed4_8_2.json,8a356f4b3ccb3eb6d524ef5c82f590a33a0e91116d2a67579c4ddecaa966b46a,613,content/abd_lineage/00_formal/raw_run/task_status/D__70f2a750-f403-41b8-aabb-480eb3ab4ed4_8_2.json,e2700a279a274b8ce4037f8c8c35f6969c0cc0afd695fcb0bce40bbc566804c1,515,ABD formal raw per-task/run record,absolute_personal_path_redaction_only,1
outputs/abd_eval300_formal_v1/task_status/D__71fbc5bf-7e2a-415d-86bc-3a948742e904_12_18.json,8658bc76d83d369fdf54c37d7fcb751d1d9970e6e7c1f4718f0bf7585312ae5b,619,content/abd_lineage/00_formal/raw_run/task_status/D__71fbc5bf-7e2a-415d-86bc-3a948742e904_12_18.json,6eeb5499b21f46bdd8f255810a4bad18441bf4b9e91894f425aa5400648227d0,521,ABD formal raw per-task/run record,absolute_personal_path_redaction_only,1
outputs/abd_eval300_formal_v1/task_status/D__71fbc5bf-7e2a-415d-86bc-3a948742e904_17_10.json,ebbd998145783f7a4df1189ba3f7689a69dd1a8c8e262132ccb58e8221bd84c7,619,content/abd_lineage/00_formal/raw_run/task_status/D__71fbc5bf-7e2a-415d-86bc-3a948742e904_17_10.json,ad034d7db978e0d92383accb8af750cb1405020226388258dc6b82ba497fd48f,521,ABD formal raw per-task/run record,absolute_personal_path_redaction_only,1
outputs/abd_eval300_formal_v1/task_status/D__71fbc5bf-7e2a-415d-86bc-3a948742e904_17_13.json,2efabc506514b704ae34a004cacbc4b94404403f38ff6d8c5e22ceaf0cc2c458,619,content/abd_lineage/00_formal/raw_run/task_status/D__71fbc5bf-7e2a-415d-86bc-3a948742e904_17_13.json,ba219e8c323f87bf7d2b7b15a78bb01f460391c9746af533d7890e9b73970fb7,521,ABD formal raw per-task/run record,absolute_personal_path_redaction_only,1
outputs/abd_eval300_formal_v1/task_status/D__71fbc5bf-7e2a-415d-86bc-3a948742e904_17_25.json,454d480c56cc52cf8f04f9e0558f0f16cf27a18739219ed968261f49021f84e7,619,content/abd_lineage/00_formal/raw_run/task_status/D__71fbc5bf-7e2a-415d-86bc-3a948742e904_17_25.json,c6ad08461ee42f5a2c0cf907fad5e6c4870215a8581d5e6f7a7706e42562c436,521,ABD formal raw per-task/run record,absolute_personal_path_redaction_only,1
outputs/abd_eval300_formal_v1/task_status/D__71fbc5bf-7e2a-415d-86bc-3a948742e904_22_23.json,0fd5b583f4cb40db112f764123697938fa31ec31abd786eb5529845991e601de,619,content/abd_lineage/00_formal/raw_run/task_status/D__71fbc5bf-7e2a-415d-86bc-3a948742e904_22_23.json,c0691bc4bdd4eec8ff04244f6ff24751d6b6b6c94c8ab7f4485468b50401c9c1,521,ABD formal raw per-task/run record,absolute_personal_path_redaction_only,1
outputs/abd_eval300_formal_v1/task_status/D__71fbc5bf-7e2a-415d-86bc-3a948742e904_22_4.json,fe5bde78f4f5da9d300f2452a959c6953d4def242defe72fa7bf6334b19e0eff,616,content/abd_lineage/00_formal/raw_run/task_status/D__71fbc5bf-7e2a-415d-86bc-3a948742e904_22_4.json,ba7a7e9268dde2acb0b00c2abfcc55b7c8334337895fc512507353712e158de8,518,ABD formal raw per-task/run record,absolute_personal_path_redaction_only,1
outputs/abd_eval300_formal_v1/task_status/D__71fbc5bf-7e2a-415d-86bc-3a948742e904_22_5.json,208fb811dcd9559e1492adc23b228d02711ef19ef5c7be9fd555aa31b9f73095,616,content/abd_lineage/00_formal/raw_run/task_status/D__71fbc5bf-7e2a-415d-86bc-3a948742e904_22_5.json,2330e68474f3a5e4911e1dd37a27ceaa41ee7bcaee38689f7ec4bba7a9c43cf1,518,ABD formal raw per-task/run record,absolute_personal_path_redaction_only,1
outputs/abd_eval300_formal_v1/task_status/D__71fbc5bf-7e2a-415d-86bc-3a948742e904_3_7.json,f6300500e7e15d3e8fdd42c968015e80c98c6026564d97a4a66f4f2df44b0fd8,613,content/abd_lineage/00_formal/raw_run/task_status/D__71fbc5bf-7e2a-415d-86bc-3a948742e904_3_7.json,c1260037221a9162f3957a730bbb33c5a360e8f216d44b29089f5ee00147d643,515,ABD formal raw per-task/run record,absolute_personal_path_redaction_only,1
outputs/abd_eval300_formal_v1/task_status/D__71fbc5bf-7e2a-415d-86bc-3a948742e904_4_12.json,8bc877fa40089466d6dd97250574706d72dccd02af03d450f849afc477a4f750,616,content/abd_lineage/00_formal/raw_run/task_status/D__71fbc5bf-7e2a-415d-86bc-3a948742e904_4_12.json,ae4b6128fc66a332fee9f4d479d2f5221db08f2242cea208eff2e80b477e5f0b,518,ABD formal raw per-task/run record,absolute_personal_path_redaction_only,1
outputs/abd_eval300_formal_v1/task_status/D__71fbc5bf-7e2a-415d-86bc-3a948742e904_4_22.json,763df4127a4db4385c72f40398a101e6fde13e13c1c74941d0a96f8b4c7afa6a,616,content/abd_lineage/00_formal/raw_run/task_status/D__71fbc5bf-7e2a-415d-86bc-3a948742e904_4_22.json,662eb48a8437e78b997169649f0269d8444edc09e2eb4a2e2edea7c6e4ae0d8e,518,ABD formal raw per-task/run record,absolute_personal_path_redaction_only,1
outputs/abd_eval300_formal_v1/task_status/D__71fbc5bf-7e2a-415d-86bc-3a948742e904_4_26.json,4d2596f73a570c27c6e991d8d3ddfdc385b6a466fb96bb30d0df0d78510d48c3,616,content/abd_lineage/00_formal/raw_run/task_status/D__71fbc5bf-7e2a-415d-86bc-3a948742e904_4_26.json,d87aae53b272ce8a408a1b4a32ed397e6e1fe5eb1fe4c366d0e55edf547e9628,518,ABD formal raw per-task/run record,absolute_personal_path_redaction_only,1
outputs/abd_eval300_formal_v1/task_status/D__71fbc5bf-7e2a-415d-86bc-3a948742e904_4_6.json,a68df36fa53e2602c2ceae7a14107c7615b5dd36b0d6f366ae735395b27c1f41,613,content/abd_lineage/00_formal/raw_run/task_status/D__71fbc5bf-7e2a-415d-86bc-3a948742e904_4_6.json,13c9cdf9531702547f5bee65b926072a418218c28f32c4afc8f23dfb2d9f41c1,515,ABD formal raw per-task/run record,absolute_personal_path_redaction_only,1
outputs/abd_eval300_formal_v1/task_status/D__71fbc5bf-7e2a-415d-86bc-3a948742e904_5_15.json,4c5a34cdc6ec65c99183952d84fe42db6e8fb00495cca648e5166648566d8727,616,content/abd_lineage/00_formal/raw_run/task_status/D__71fbc5bf-7e2a-415d-86bc-3a948742e904_5_15.json,d4393eda8936cacb89cfa3de2c3bf7f179ff9c6d2237e9421a9a6649fac57489,518,ABD formal raw per-task/run record,absolute_personal_path_redaction_only,1
outputs/abd_eval300_formal_v1/task_status/D__71fbc5bf-7e2a-415d-86bc-3a948742e904_5_27.json,30afa4ed52a1e9d6af7109c0f630f762f4cc2cee4729d6f6636fa0f997c2f551,616,content/abd_lineage/00_formal/raw_run/task_status/D__71fbc5bf-7e2a-415d-86bc-3a948742e904_5_27.json,25d9e4e5044a2e424c8f9626eadd41005bec774ce1f1297b4df6aae8f586d81b,518,ABD formal raw per-task/run record,absolute_personal_path_redaction_only,1
outputs/abd_eval300_formal_v1/task_status/D__71fbc5bf-7e2a-415d-86bc-3a948742e904_6_14.json,551670248ef201bddb2affe432e6bbc48a00384b57f6606b82a57aff5122c7cf,616,content/abd_lineage/00_formal/raw_run/task_status/D__71fbc5bf-7e2a-415d-86bc-3a948742e904_6_14.json,8086f592bfccf12f9d7a61c0e57b253919fc7a684fc75daf0967a533a65d44ce,518,ABD formal raw per-task/run record,absolute_personal_path_redaction_only,1
outputs/abd_eval300_formal_v1/task_status/D__71fbc5bf-7e2a-415d-86bc-3a948742e904_7_11.json,dd6944712dcdcf6b701fa058443ace22f37019bb16e27654f1ecabba716e07fc,616,content/abd_lineage/00_formal/raw_run/task_status/D__71fbc5bf-7e2a-415d-86bc-3a948742e904_7_11.json,ee6508902e6b4265a8ed7cef32805057bc651befc27a62692d96dcf2b1f48b2b,518,ABD formal raw per-task/run record,absolute_personal_path_redaction_only,1
outputs/abd_eval300_formal_v1/task_status/D__71fbc5bf-7e2a-415d-86bc-3a948742e904_7_17.json,b8a6f8fbd71e7dc52073d517f20d686fd11b4cf6fe2fbfd34d9871c93cb8fe6f,616,content/abd_lineage/00_formal/raw_run/task_status/D__71fbc5bf-7e2a-415d-86bc-3a948742e904_7_17.json,12913c2d8ab86c30a3597f0386546845b5d837acebf3846d1fc488e89710c2ff,518,ABD formal raw per-task/run record,absolute_personal_path_redaction_only,1
outputs/abd_eval300_formal_v1/task_status/D__71fbc5bf-7e2a-415d-86bc-3a948742e904_7_19.json,67f55b19c5a80a1401f6b01c34196e8f109f1c162720958f42fadc993ed2be27,616,content/abd_lineage/00_formal/raw_run/task_status/D__71fbc5bf-7e2a-415d-86bc-3a948742e904_7_19.json,aa7d44e6f102a5ef3bd0e35330c78d12ec9a1092aaed4b061bc6b13a4b6bf7b0,518,ABD formal raw per-task/run record,absolute_personal_path_redaction_only,1
outputs/abd_eval300_formal_v1/task_status/D__71fbc5bf-7e2a-415d-86bc-3a948742e904_7_2.json,84532265e0d06b566ab11e96e33be721ae008a6fece6e5f0336b25f94b3f07d1,613,content/abd_lineage/00_formal/raw_run/task_status/D__71fbc5bf-7e2a-415d-86bc-3a948742e904_7_2.json,b6156633b083709e0c94f7e94a880a15bc6831f61a90f01568169be11dfefa72,515,ABD formal raw per-task/run record,absolute_personal_path_redaction_only,1
outputs/abd_eval300_formal_v1/task_status/D__71fbc5bf-7e2a-415d-86bc-3a948742e904_7_24.json,b940e52858f858a90063dc86efa93767220e6689213c7a02e44fd861e48ab406,616,content/abd_lineage/00_formal/raw_run/task_status/D__71fbc5bf-7e2a-415d-86bc-3a948742e904_7_24.json,32809ff3c03117323c1fab3f1a0c3b53003b37ef5ebc3e787430bdba321f3c0a,518,ABD formal raw per-task/run record,absolute_personal_path_redaction_only,1
outputs/abd_eval300_formal_v1/task_status/D__71fbc5bf-7e2a-415d-86bc-3a948742e904_7_3.json,f2ed4d0d6198e119b060fd088851e7432a38cb630c30e41694f8e69bc35a587f,613,content/abd_lineage/00_formal/raw_run/task_status/D__71fbc5bf-7e2a-415d-86bc-3a948742e904_7_3.json,4e688da721335e7cf35834f7c30b7001b09b75a40c971eb2a75f46af24528ce1,515,ABD formal raw per-task/run record,absolute_personal_path_redaction_only,1
outputs/abd_eval300_formal_v1/task_status/D__71fbc5bf-7e2a-415d-86bc-3a948742e904_7_9.json,cf4669d9a1056ebde1f6a1919e86dce3d86a63e5e6427446cf2220b5e950ceeb,613,content/abd_lineage/00_formal/raw_run/task_status/D__71fbc5bf-7e2a-415d-86bc-3a948742e904_7_9.json,a2a837561a3a9f1123adc9a8c0449951333aa4d54af6e396b795d6f8680b8645,515,ABD formal raw per-task/run record,absolute_personal_path_redaction_only,1
outputs/abd_eval300_formal_v1/task_status/D__71fbc5bf-7e2a-415d-86bc-3a948742e904_8_1.json,cf3bc346ed0f9dfe15c1a5ee746d218ebdb3ca081c2d8125451883f6a50de1b9,613,content/abd_lineage/00_formal/raw_run/task_status/D__71fbc5bf-7e2a-415d-86bc-3a948742e904_8_1.json,352b252ded2156a381333927823fe9234795d5fb377bd9dc27fdb1165b2eec03,515,ABD formal raw per-task/run record,absolute_personal_path_redaction_only,1
outputs/abd_eval300_formal_v1/task_status/D__71fbc5bf-7e2a-415d-86bc-3a948742e904_8_20.json,c6ba93762b6ecd8fd4d694f899eff24760327759e3886f895d5f4537a9d7fdf5,616,content/abd_lineage/00_formal/raw_run/task_status/D__71fbc5bf-7e2a-415d-86bc-3a948742e904_8_20.json,1d1a20b2e0922021f4ea7302183c4194e1832fdb9384f54049039ca82d1fe7d6,518,ABD formal raw per-task/run record,absolute_personal_path_redaction_only,1
outputs/abd_eval300_formal_v1/task_status/D__71fbc5bf-7e2a-415d-86bc-3a948742e904_8_8.json,705a3d756088d0be38fb813e93165be07fab119d0d0299a447abddcbe1b3667b,613,content/abd_lineage/00_formal/raw_run/task_status/D__71fbc5bf-7e2a-415d-86bc-3a948742e904_8_8.json,523b1cd3cdaa74226eb3ad693858b3373051547d62af53a507947550bc93c3b6,515,ABD formal raw per-task/run record,absolute_personal_path_redaction_only,1
outputs/abd_eval300_formal_v1/task_status/D__7ddbf8a2-5b3e-44cd-b9dc-db17ec06831b_11_12.json,8c72b683521944002d9555961e6fd6023a49afad10bae71f9f201156d66d6ad0,619,content/abd_lineage/00_formal/raw_run/task_status/D__7ddbf8a2-5b3e-44cd-b9dc-db17ec06831b_11_12.json,62e820bae7fa20ea1623d98ec0e08f904081ce5b31bfd0f8b38729351d12ce1f,521,ABD formal raw per-task/run record,absolute_personal_path_redaction_only,1
outputs/abd_eval300_formal_v1/task_status/D__7ddbf8a2-5b3e-44cd-b9dc-db17ec06831b_11_14.json,c3d366115109c4b20c6f1f7090dd41dbe9c8686c54ac71e462fed309e68c1bfd,619,content/abd_lineage/00_formal/raw_run/task_status/D__7ddbf8a2-5b3e-44cd-b9dc-db17ec06831b_11_14.json,f214f101cf7dad7e7f0e2fd86789a7025da1afc32839b19d2830cf3dab502448,521,ABD formal raw per-task/run record,absolute_personal_path_redaction_only,1
outputs/abd_eval300_formal_v1/task_status/D__7ddbf8a2-5b3e-44cd-b9dc-db17ec06831b_11_17.json,2ddfdd85c09da9c668c19eb599734d8123e27e7bb9d13186bdf27448ac1b6793,619,content/abd_lineage/00_formal/raw_run/task_status/D__7ddbf8a2-5b3e-44cd-b9dc-db17ec06831b_11_17.json,c89711569ec2c263015b7668f44c3e19505298dfb198734245f87f42540c1987,521,ABD formal raw per-task/run record,absolute_personal_path_redaction_only,1
outputs/abd_eval300_formal_v1/task_status/D__7ddbf8a2-5b3e-44cd-b9dc-db17ec06831b_17_15.json,e2b18e38b6e80ddab0c3049bcdec2c9d71609ee15c592e37704eac8d9bc20fed,619,content/abd_lineage/00_formal/raw_run/task_status/D__7ddbf8a2-5b3e-44cd-b9dc-db17ec06831b_17_15.json,e1def521356896c8485d62c9f6eca9060ec679593b8fa06109510479fb9dd785,521,ABD formal raw per-task/run record,absolute_personal_path_redaction_only,1
outputs/abd_eval300_formal_v1/task_status/D__7ddbf8a2-5b3e-44cd-b9dc-db17ec06831b_17_6.json,326ac0a10a8a43d7c8729affd2ca7c6d0b1e372ff853535fb2f7de99301732d0,616,content/abd_lineage/00_formal/raw_run/task_status/D__7ddbf8a2-5b3e-44cd-b9dc-db17ec06831b_17_6.json,c086849662363cd0897d42c3cf27511d57a66d7454468f6ac1dc8b00568a8a0c,518,ABD formal raw per-task/run record,absolute_personal_path_redaction_only,1
outputs/abd_eval300_formal_v1/task_status/D__7ddbf8a2-5b3e-44cd-b9dc-db17ec06831b_22_23.json,4f14bc69c59047a917bcbe80c0bd1a8797ef90d4885a1a63d1ca9794ec46def2,619,content/abd_lineage/00_formal/raw_run/task_status/D__7ddbf8a2-5b3e-44cd-b9dc-db17ec06831b_22_23.json,e5d7c8ddb349f5968f04198de2fc829ba9c7ff55fbe8f91ff343c9c467f14d85,521,ABD formal raw per-task/run record,absolute_personal_path_redaction_only,1
outputs/abd_eval300_formal_v1/task_status/D__7ddbf8a2-5b3e-44cd-b9dc-db17ec06831b_22_3.json,0216a3ce36b768ee4750ce2581d60a8d58557efde673c027f0823b082ae19be0,616,content/abd_lineage/00_formal/raw_run/task_status/D__7ddbf8a2-5b3e-44cd-b9dc-db17ec06831b_22_3.json,60aac123ae1b108330b2fe5697c16d522f76b75bb22fb6633b83fc64c4a85960,518,ABD formal raw per-task/run record,absolute_personal_path_redaction_only,1
outputs/abd_eval300_formal_v1/task_status/D__7ddbf8a2-5b3e-44cd-b9dc-db17ec06831b_4_19.json,9b8f7fbe686d1a2c639e1560d7a97fb6383f64db2fbef44a0f88850b7d091080,616,content/abd_lineage/00_formal/raw_run/task_status/D__7ddbf8a2-5b3e-44cd-b9dc-db17ec06831b_4_19.json,99d153c0beb281c21bf8f2b186e8bc8bac2308173819ac1f78ad1cecf388267d,518,ABD formal raw per-task/run record,absolute_personal_path_redaction_only,1
outputs/abd_eval300_formal_v1/task_status/D__7ddbf8a2-5b3e-44cd-b9dc-db17ec06831b_4_2.json,7c5e0a53348588ef5452ce1ef3e7ba2bd2918e430ad7ae0e0671081ecacf4e8b,613,content/abd_lineage/00_formal/raw_run/task_status/D__7ddbf8a2-5b3e-44cd-b9dc-db17ec06831b_4_2.json,0a0f751f9ae90c8fdbc10d6353b4148049428d65fd7fb3bcf854e94cd14abe83,515,ABD formal raw per-task/run record,absolute_personal_path_redaction_only,1
outputs/abd_eval300_formal_v1/task_status/D__7ddbf8a2-5b3e-44cd-b9dc-db17ec06831b_4_24.json,e43b4d9718ce2baa99fa04c01626c406bd1b1c37e37c818b0b04b3d2d5659ee1,616,content/abd_lineage/00_formal/raw_run/task_status/D__7ddbf8a2-5b3e-44cd-b9dc-db17ec06831b_4_24.json,19fb1367ef71822adccc03c49fff3d0c021434cc43d42fddd6d6b9cba88a78b3,518,ABD formal raw per-task/run record,absolute_personal_path_redaction_only,1
outputs/abd_eval300_formal_v1/task_status/D__7ddbf8a2-5b3e-44cd-b9dc-db17ec06831b_4_9.json,c71abae022176c8d650a011d0b57717ab8f11176ad361576357fb673bdd363c5,613,content/abd_lineage/00_formal/raw_run/task_status/D__7ddbf8a2-5b3e-44cd-b9dc-db17ec06831b_4_9.json,0ad2f27654428159fead48aca97e8d94a4d05586d55dc4da043f385b51412430,515,ABD formal raw per-task/run record,absolute_personal_path_redaction_only,1
outputs/abd_eval300_formal_v1/task_status/D__7ddbf8a2-5b3e-44cd-b9dc-db17ec06831b_5_1.json,f339fd8c699c5f42e7fc084741a1fd3f107b3e2db6b6e51c223dd48b85ea58dc,613,content/abd_lineage/00_formal/raw_run/task_status/D__7ddbf8a2-5b3e-44cd-b9dc-db17ec06831b_5_1.json,8947f6108fb9b76e1248cf723af1820c51dba7d0d7bac565db261d1f17fa9109,515,ABD formal raw per-task/run record,absolute_personal_path_redaction_only,1
outputs/abd_eval300_formal_v1/task_status/D__7ddbf8a2-5b3e-44cd-b9dc-db17ec06831b_5_22.json,29021eebe08717f0a5337d3b60103d42aaea6d5e4304ea2b074443db5ae4a06e,616,content/abd_lineage/00_formal/raw_run/task_status/D__7ddbf8a2-5b3e-44cd-b9dc-db17ec06831b_5_22.json,f7a00cbc6763b0d495e06f7403a0d46eb09c84edf261d64f797a09d10b9c6550,518,ABD formal raw per-task/run record,absolute_personal_path_redaction_only,1
outputs/abd_eval300_formal_v1/task_status/D__7ddbf8a2-5b3e-44cd-b9dc-db17ec06831b_6_7.json,762d3358a60193f16ce8f7cc0b69b4007f10314112c490148bfb359f4a8a88ee,613,content/abd_lineage/00_formal/raw_run/task_status/D__7ddbf8a2-5b3e-44cd-b9dc-db17ec06831b_6_7.json,77a0609acd05c49d04fded410d0209598c8c8584888cf5915b37f0b1ccf6c92e,515,ABD formal raw per-task/run record,absolute_personal_path_redaction_only,1
outputs/abd_eval300_formal_v1/task_status/D__7ddbf8a2-5b3e-44cd-b9dc-db17ec06831b_6_8.json,088b122f7c263c09a379a29fedfe67b777eedebe26e2c0f20f146e37d0c3483b,613,content/abd_lineage/00_formal/raw_run/task_status/D__7ddbf8a2-5b3e-44cd-b9dc-db17ec06831b_6_8.json,c605de445dc401220b6d9ba4aff24810fefad3522bc1d3c9d06f3bc361c6c338,515,ABD formal raw per-task/run record,absolute_personal_path_redaction_only,1
outputs/abd_eval300_formal_v1/task_status/D__7ddbf8a2-5b3e-44cd-b9dc-db17ec06831b_7_11.json,e1e6e2287b238827664abfb69f196de9ede8b2ced13989c60ea68f25ff13a200,616,content/abd_lineage/00_formal/raw_run/task_status/D__7ddbf8a2-5b3e-44cd-b9dc-db17ec06831b_7_11.json,c6ec0d8fa8f740b2cb83bc6f5a5dd2d1ce93b51e71c551ee51d2681bd036cace,518,ABD formal raw per-task/run record,absolute_personal_path_redaction_only,1
outputs/abd_eval300_formal_v1/task_status/D__7ddbf8a2-5b3e-44cd-b9dc-db17ec06831b_7_16.json,484166829a02f7f53c8cec966d60f49419252c76f36172098ed2be68217dd828,616,content/abd_lineage/00_formal/raw_run/task_status/D__7ddbf8a2-5b3e-44cd-b9dc-db17ec06831b_7_16.json,6f05f84882addd74ab082b03413c0dcb52fb6caaba707ba3a7c107d31ac3b14c,518,ABD formal raw per-task/run record,absolute_personal_path_redaction_only,1
outputs/abd_eval300_formal_v1/task_status/D__7ddbf8a2-5b3e-44cd-b9dc-db17ec06831b_7_21.json,07fe623a9d8b79feeeb6f62c9af28953812c4a966d5e1e044b63bce5584c9a53,616,content/abd_lineage/00_formal/raw_run/task_status/D__7ddbf8a2-5b3e-44cd-b9dc-db17ec06831b_7_21.json,0945afcebee33c46520a74007f9bc596c5843385fc72fadddb2a5e8acbfd4e6d,518,ABD formal raw per-task/run record,absolute_personal_path_redaction_only,1
outputs/abd_eval300_formal_v1/task_status/D__7ddbf8a2-5b3e-44cd-b9dc-db17ec06831b_7_4.json,b65e9ca1a5a39c1e40558f3cdb724ccbd086a4a7a68faaccdb91268ddb6b3fa3,613,content/abd_lineage/00_formal/raw_run/task_status/D__7ddbf8a2-5b3e-44cd-b9dc-db17ec06831b_7_4.json,38868093b4227faf47cdfac26518c6b9d518544068afb316f5230080b62cd732,515,ABD formal raw per-task/run record,absolute_personal_path_redaction_only,1
outputs/abd_eval300_formal_v1/task_status/D__7ddbf8a2-5b3e-44cd-b9dc-db17ec06831b_7_5.json,ba882c9f2c62bec744d5eebefccce666737e30a4b07f25f363734e363f81497b,613,content/abd_lineage/00_formal/raw_run/task_status/D__7ddbf8a2-5b3e-44cd-b9dc-db17ec06831b_7_5.json,2a4b8937827375fe582bae8d526f7329bf384e67e2c16037abb5dbf785d35c45,515,ABD formal raw per-task/run record,absolute_personal_path_redaction_only,1
outputs/abd_eval300_formal_v1/task_status/D__7ddbf8a2-5b3e-44cd-b9dc-db17ec06831b_8_10.json,0d305e4f8eb3b2dabcb89293ce6effcdcf62dac4eaeb9bc713c9a45d6b49a3cf,616,content/abd_lineage/00_formal/raw_run/task_status/D__7ddbf8a2-5b3e-44cd-b9dc-db17ec06831b_8_10.json,69ee1e23411d7b2615067f630b235d544800a4e187f9e4a0d1541d2733673f5b,518,ABD formal raw per-task/run record,absolute_personal_path_redaction_only,1
outputs/abd_eval300_formal_v1/task_status/D__7ddbf8a2-5b3e-44cd-b9dc-db17ec06831b_8_13.json,7b32891a06c9e53ab3408cc143e806061ffd888f599a599c8cdcc5c54714da0d,616,content/abd_lineage/00_formal/raw_run/task_status/D__7ddbf8a2-5b3e-44cd-b9dc-db17ec06831b_8_13.json,9f6865fe2a0bde5ffda14f02c715c0f0d83e65e3c8153037101854165d7031d7,518,ABD formal raw per-task/run record,absolute_personal_path_redaction_only,1
outputs/abd_eval300_formal_v1/task_status/D__7ddbf8a2-5b3e-44cd-b9dc-db17ec06831b_8_18.json,531fcfe63c2e640fde25e225d414cc9dcdb8731657894934d06771b7c894089f,616,content/abd_lineage/00_formal/raw_run/task_status/D__7ddbf8a2-5b3e-44cd-b9dc-db17ec06831b_8_18.json,81beb93e032cbc801d0aa53f365a0335a04582432b48065bd7e7d654e707de0a,518,ABD formal raw per-task/run record,absolute_personal_path_redaction_only,1
outputs/abd_eval300_formal_v1/task_status/D__7ddbf8a2-5b3e-44cd-b9dc-db17ec06831b_8_20.json,cc0a05d4b693f833c6f7cd80631298b64d7ffcea0b5ee7504368cf69fe8c3103,616,content/abd_lineage/00_formal/raw_run/task_status/D__7ddbf8a2-5b3e-44cd-b9dc-db17ec06831b_8_20.json,b330ed97a43c5e1f6551b5890de3c32fabc6a869fd4aa32b464a644f216a9052,518,ABD formal raw per-task/run record,absolute_personal_path_redaction_only,1
outputs/abd_eval300_formal_v1/task_status/D__7ddbf8a2-5b3e-44cd-b9dc-db17ec06831b_8_25.json,430f8af6d2cb5428926331783247a8e0cc6fae1216cc3a2a159dc37c5343fbb8,616,content/abd_lineage/00_formal/raw_run/task_status/D__7ddbf8a2-5b3e-44cd-b9dc-db17ec06831b_8_25.json,31cf5b0f587a3a053c23b933795e9d93a3094f0cf5c70657f0f8aad6dd4ac2f9,518,ABD formal raw per-task/run record,absolute_personal_path_redaction_only,1
outputs/abd_eval300_formal_v1/task_status/D__7e512589-aa97-41e8-83d3-af2e83e4fd06_11_14.json,02fa76e54b14d62e0efdc8e7999b240b65cae3bccf08822703769be97289585e,619,content/abd_lineage/00_formal/raw_run/task_status/D__7e512589-aa97-41e8-83d3-af2e83e4fd06_11_14.json,e26e954c1e08c0af3234ba9d2645b57b57dd0cffb3385e99d6b603bbcd690a95,521,ABD formal raw per-task/run record,absolute_personal_path_redaction_only,1
outputs/abd_eval300_formal_v1/task_status/D__7e512589-aa97-41e8-83d3-af2e83e4fd06_11_18.json,d6e1a77d4be2c9fec4a71ff863b7583118bcd1702ca8516f78a6646a98c435f2,619,content/abd_lineage/00_formal/raw_run/task_status/D__7e512589-aa97-41e8-83d3-af2e83e4fd06_11_18.json,ccd64b60edae19e1fffaa84fa8e57d88319508417ba2cdbc77c62bbff5a09768,521,ABD formal raw per-task/run record,absolute_personal_path_redaction_only,1
outputs/abd_eval300_formal_v1/task_status/D__7e512589-aa97-41e8-83d3-af2e83e4fd06_11_24.json,3159bfdffe2f741e1425077d4829fa7a2061e9f70aa768a671d70c900aca9937,619,content/abd_lineage/00_formal/raw_run/task_status/D__7e512589-aa97-41e8-83d3-af2e83e4fd06_11_24.json,1264cae3928e8d89f356c52214702571580a14136605a5a5fc965f67bc55af58,521,ABD formal raw per-task/run record,absolute_personal_path_redaction_only,1
outputs/abd_eval300_formal_v1/task_status/D__7e512589-aa97-41e8-83d3-af2e83e4fd06_17_10.json,5f96de8dab80345ca035d4cf83ce79eb364b4814102488aedfc9ceba7935fed6,619,content/abd_lineage/00_formal/raw_run/task_status/D__7e512589-aa97-41e8-83d3-af2e83e4fd06_17_10.json,501f34ecef03b163fa5b24bef9f5301bc541c09126ba84b071c966f75e0fce9a,521,ABD formal raw per-task/run record,absolute_personal_path_redaction_only,1
outputs/abd_eval300_formal_v1/task_status/D__7e512589-aa97-41e8-83d3-af2e83e4fd06_17_16.json,d51b7c95f19abccbdc332dbc61546fbff73a4f435ea1854ab42812ed61a489ba,619,content/abd_lineage/00_formal/raw_run/task_status/D__7e512589-aa97-41e8-83d3-af2e83e4fd06_17_16.json,78bdcff2f059c44d9f64192f343286b4b1e53f4bc8fee8c28b67d1677933079a,521,ABD formal raw per-task/run record,absolute_personal_path_redaction_only,1
outputs/abd_eval300_formal_v1/task_status/D__7e512589-aa97-41e8-83d3-af2e83e4fd06_17_2.json,e878a8583b87f22b07e67860be6b9222c25087fef16ecae30ec6985e4c1741e4,616,content/abd_lineage/00_formal/raw_run/task_status/D__7e512589-aa97-41e8-83d3-af2e83e4fd06_17_2.json,cc1d59408cf1e7e988f26a7a733353a964d37cbd9496ed7a00dbf87a478cda0f,518,ABD formal raw per-task/run record,absolute_personal_path_redaction_only,1
outputs/abd_eval300_formal_v1/task_status/D__7e512589-aa97-41e8-83d3-af2e83e4fd06_17_30.json,c5290781aef8a2106d3de95158c9f236df10c475077ec0586904cf45b02f2b1b,619,content/abd_lineage/00_formal/raw_run/task_status/D__7e512589-aa97-41e8-83d3-af2e83e4fd06_17_30.json,8473231f448f18b5a2e857f279b1a61a80732ca095efa19014f651319ef19af2,521,ABD formal raw per-task/run record,absolute_personal_path_redaction_only,1
outputs/abd_eval300_formal_v1/task_status/D__7e512589-aa97-41e8-83d3-af2e83e4fd06_17_34.json,058c0092d819ac99439f20c6def626da6f0aaebfca14009c58cc3c0ffc295f4e,619,content/abd_lineage/00_formal/raw_run/task_status/D__7e512589-aa97-41e8-83d3-af2e83e4fd06_17_34.json,18553f3daf3136ba3392f0f5079acaa1ba32b4377e67c25c38ff5137557b314c,521,ABD formal raw per-task/run record,absolute_personal_path_redaction_only,1
outputs/abd_eval300_formal_v1/task_status/D__7e512589-aa97-41e8-83d3-af2e83e4fd06_21_19.json,211a9bae995d7ea676f4d331b32f5257ca7121e1967622eef212d428077780b3,619,content/abd_lineage/00_formal/raw_run/task_status/D__7e512589-aa97-41e8-83d3-af2e83e4fd06_21_19.json,9f1d3133423755b20beb72752e5f667825f0e127bcbef18e1805c8e7e537fe41,521,ABD formal raw per-task/run record,absolute_personal_path_redaction_only,1
outputs/abd_eval300_formal_v1/task_status/D__7e512589-aa97-41e8-83d3-af2e83e4fd06_22_11.json,67c24e6bb526aba1b968695e02e0cf44e75b2c7ebcafb27d81bd57b37d8592e7,619,content/abd_lineage/00_formal/raw_run/task_status/D__7e512589-aa97-41e8-83d3-af2e83e4fd06_22_11.json,651bf800b0b6501ccddf240aba0801e40bb051e9fc932ee8330e8e316fa62843,521,ABD formal raw per-task/run record,absolute_personal_path_redaction_only,1
outputs/abd_eval300_formal_v1/task_status/D__7e512589-aa97-41e8-83d3-af2e83e4fd06_22_8.json,a04774215ac322732c83e67a5d557ec0913ccbd7c56f20aedf91f35bcec5738e,616,content/abd_lineage/00_formal/raw_run/task_status/D__7e512589-aa97-41e8-83d3-af2e83e4fd06_22_8.json,48b4d35fe30223b3dafe216c0c3417fdfa5a6216beebfd4de38a7810e81fda2d,518,ABD formal raw per-task/run record,absolute_personal_path_redaction_only,1
outputs/abd_eval300_formal_v1/task_status/D__7e512589-aa97-41e8-83d3-af2e83e4fd06_23_28.json,351b1889d447eac4b582b3d6018e02bbb271da173679daf4747fe4223a422275,619,content/abd_lineage/00_formal/raw_run/task_status/D__7e512589-aa97-41e8-83d3-af2e83e4fd06_23_28.json,90ac3ba74559c16f95536fe25fe1f766f905ae20a97a8e1d3d84e18e0df7ca7c,521,ABD formal raw per-task/run record,absolute_personal_path_redaction_only,1
outputs/abd_eval300_formal_v1/task_status/D__7e512589-aa97-41e8-83d3-af2e83e4fd06_3_21.json,9ac3d076784cf72afe8c8ec843225c62bb640bcbc9e16b7a224cbae11580221a,616,content/abd_lineage/00_formal/raw_run/task_status/D__7e512589-aa97-41e8-83d3-af2e83e4fd06_3_21.json,b3dbbfd2c80075fcf3132a8a1e690f93c944c538edd6d52338fd305e7b91fa0d,518,ABD formal raw per-task/run record,absolute_personal_path_redaction_only,1
outputs/abd_eval300_formal_v1/task_status/D__7e512589-aa97-41e8-83d3-af2e83e4fd06_3_26.json,b5848b6c202628afe89f3524ab7d5ba23fc4c2cd8e09c6348505ffffadd69dfd,616,content/abd_lineage/00_formal/raw_run/task_status/D__7e512589-aa97-41e8-83d3-af2e83e4fd06_3_26.json,46d4261244dfe3b2166f2446488b8625ce7bb52d0505eaec06cd4a337ad0dbeb,518,ABD formal raw per-task/run record,absolute_personal_path_redaction_only,1
outputs/abd_eval300_formal_v1/task_status/D__7e512589-aa97-41e8-83d3-af2e83e4fd06_4_3.json,6212af7ba2b9616407e45c7ba6770da994fca09928f585f6aea8eff8450c9744,613,content/abd_lineage/00_formal/raw_run/task_status/D__7e512589-aa97-41e8-83d3-af2e83e4fd06_4_3.json,39b51c86ad9a96fc6c4b3ca867a9bf6f115ec2b4b60d01d105e81b03fb438893,515,ABD formal raw per-task/run record,absolute_personal_path_redaction_only,1
outputs/abd_eval300_formal_v1/task_status/D__7e512589-aa97-41e8-83d3-af2e83e4fd06_4_5.json,a2c635e17920baf3d4cbf8fc59493e62a743032b6e90bc2c4783dff4c5f5f7a0,613,content/abd_lineage/00_formal/raw_run/task_status/D__7e512589-aa97-41e8-83d3-af2e83e4fd06_4_5.json,2a1e2eb6c9d0a75dffd7d255da60d24c5ca0ebb075f2e8bb8dc72d9ee4dd7c2d,515,ABD formal raw per-task/run record,absolute_personal_path_redaction_only,1
outputs/abd_eval300_formal_v1/task_status/D__7e512589-aa97-41e8-83d3-af2e83e4fd06_5_33.json,d4c13308e1778ccca473454c65f69921659481673879068e76f0eb13a00d50bf,616,content/abd_lineage/00_formal/raw_run/task_status/D__7e512589-aa97-41e8-83d3-af2e83e4fd06_5_33.json,a956a235e2f9f16dc4799b933a6af7ace57865cfb7df105eb568b69fbe191f97,518,ABD formal raw per-task/run record,absolute_personal_path_redaction_only,1
outputs/abd_eval300_formal_v1/task_status/D__7e512589-aa97-41e8-83d3-af2e83e4fd06_6_15.json,f2a6e6cbc488269e5732f78466e4a57f6d3d2a7d46c1e366814e7285ec931961,616,content/abd_lineage/00_formal/raw_run/task_status/D__7e512589-aa97-41e8-83d3-af2e83e4fd06_6_15.json,6dffb05c88c901fbd35464f739fa557d91ba21ce27d5dc427bb63390cae84453,518,ABD formal raw per-task/run record,absolute_personal_path_redaction_only,1
outputs/abd_eval300_formal_v1/task_status/D__7e512589-aa97-41e8-83d3-af2e83e4fd06_6_27.json,9c32de739adbea5976fcb912811958af72f6ac7c62fafc1269c64edeb5284d0c,616,content/abd_lineage/00_formal/raw_run/task_status/D__7e512589-aa97-41e8-83d3-af2e83e4fd06_6_27.json,a885274df75cf6832f5621998bea6bbe70354a5fd971c69bb43de13983f84af2,518,ABD formal raw per-task/run record,absolute_personal_path_redaction_only,1
outputs/abd_eval300_formal_v1/task_status/D__7e512589-aa97-41e8-83d3-af2e83e4fd06_6_7.json,4988577f4975b1784b32363d2c180cdc5a195ddfa7a8c6257ae2195062881eab,613,content/abd_lineage/00_formal/raw_run/task_status/D__7e512589-aa97-41e8-83d3-af2e83e4fd06_6_7.json,3130e8216d5b7694e3b245d2a7b0aa502de3af0f64e967c1149171693f658b58,515,ABD formal raw per-task/run record,absolute_personal_path_redaction_only,1
outputs/abd_eval300_formal_v1/task_status/D__7e512589-aa97-41e8-83d3-af2e83e4fd06_7_20.json,df40bc4cbc507e712ba9404a21351394b3fa89da9c335ac916827d6791ea008d,616,content/abd_lineage/00_formal/raw_run/task_status/D__7e512589-aa97-41e8-83d3-af2e83e4fd06_7_20.json,e9b23b2ab10ef15efbcb8eb37231aa4f4578f53af4ae094679b8da9efcbc7f4d,518,ABD formal raw per-task/run record,absolute_personal_path_redaction_only,1
outputs/abd_eval300_formal_v1/task_status/D__7e512589-aa97-41e8-83d3-af2e83e4fd06_7_22.json,2ae62fa774aa747514413a94c25332055e01298160c4e53f0e8bf17945436935,616,content/abd_lineage/00_formal/raw_run/task_status/D__7e512589-aa97-41e8-83d3-af2e83e4fd06_7_22.json,a9711402594c6e9ee12fb1aa8611705639225ae98ebebc76ce6bc1dcab4b394f,518,ABD formal raw per-task/run record,absolute_personal_path_redaction_only,1
outputs/abd_eval300_formal_v1/task_status/D__7e512589-aa97-41e8-83d3-af2e83e4fd06_7_23.json,b73bb4bdf2e3665c6e6f7d402b5cc77ca335e7566b886c70b93e9c5abd159f0d,616,content/abd_lineage/00_formal/raw_run/task_status/D__7e512589-aa97-41e8-83d3-af2e83e4fd06_7_23.json,9307544073af4a61a58541a24b8b0fe293f5e88c7571668930aadec7536eeac5,518,ABD formal raw per-task/run record,absolute_personal_path_redaction_only,1
outputs/abd_eval300_formal_v1/task_status/D__7e512589-aa97-41e8-83d3-af2e83e4fd06_7_4.json,1a91a23df09f30b158d9f91ed6e68c1c57801c2a02810b13f006a50e7434a52a,613,content/abd_lineage/00_formal/raw_run/task_status/D__7e512589-aa97-41e8-83d3-af2e83e4fd06_7_4.json,c02ee8cdb65484f2a77f136f72ae2d304403f7b39011095be0d1ff14e9f9fbc6,515,ABD formal raw per-task/run record,absolute_personal_path_redaction_only,1
outputs/abd_eval300_formal_v1/task_status/D__7e512589-aa97-41e8-83d3-af2e83e4fd06_8_12.json,32a6bfbfcc6e4f011f7fb9ae304884a1883cac4c004cf12fce75a396c8034cae,616,content/abd_lineage/00_formal/raw_run/task_status/D__7e512589-aa97-41e8-83d3-af2e83e4fd06_8_12.json,1f8bd68e7a509f38542c76fc8f53651aafb508de935fbcaa4efd3c344b4b3ad0,518,ABD formal raw per-task/run record,absolute_personal_path_redaction_only,1
outputs/abd_eval300_formal_v1/task_status/D__819c8af7-851f-434f-ab32-318285bc54b1_11_14.json,bad6d5c197fc35b46a193d66479e429c34de331ca4c9094c8acd6b197c0ad2f1,619,content/abd_lineage/00_formal/raw_run/task_status/D__819c8af7-851f-434f-ab32-318285bc54b1_11_14.json,69ee8986ef927ead4fd3a649d4c34d8b45553d77e36c05aff40ae6a7f10383e6,521,ABD formal raw per-task/run record,absolute_personal_path_redaction_only,1
outputs/abd_eval300_formal_v1/task_status/D__819c8af7-851f-434f-ab32-318285bc54b1_11_24.json,0c65d5903f8718539d6cad6901a88394a28ae3a4e154792a8bd3cae4f757feb4,619,content/abd_lineage/00_formal/raw_run/task_status/D__819c8af7-851f-434f-ab32-318285bc54b1_11_24.json,bb537bfc6ad7faa299be7efbf2c2128230031c4f5b9067c5d04fcf9b17f84999,521,ABD formal raw per-task/run record,absolute_personal_path_redaction_only,1
outputs/abd_eval300_formal_v1/task_status/D__819c8af7-851f-434f-ab32-318285bc54b1_11_3.json,6425d044ae368758efcd9b5e5a46f8b3003a60226a8169549b3a751319e8eb03,616,content/abd_lineage/00_formal/raw_run/task_status/D__819c8af7-851f-434f-ab32-318285bc54b1_11_3.json,0abf77c0f333a6994fa3ef3db8604819c29b95beb82ac491116e8394e3115baf,518,ABD formal raw per-task/run record,absolute_personal_path_redaction_only,1
outputs/abd_eval300_formal_v1/task_status/D__819c8af7-851f-434f-ab32-318285bc54b1_12_7.json,0f08747af48c2a414db9d15dbee432e78e6858fcaeac8aca3b001dbb9a7c7655,616,content/abd_lineage/00_formal/raw_run/task_status/D__819c8af7-851f-434f-ab32-318285bc54b1_12_7.json,63d36b99abad0803239e6189e341209e9355c164c5d0b9cdbef104db3d336aa0,518,ABD formal raw per-task/run record,absolute_personal_path_redaction_only,1
outputs/abd_eval300_formal_v1/task_status/D__819c8af7-851f-434f-ab32-318285bc54b1_17_20.json,4fcfd935425aa87cde6836ef0ecf91e30c11b9f65cc69c0e441f4cffcd218538,619,content/abd_lineage/00_formal/raw_run/task_status/D__819c8af7-851f-434f-ab32-318285bc54b1_17_20.json,5d8a0e761a594b5787199fa4aadc9f915bb1c9b03147f83ff934f99b72814d05,521,ABD formal raw per-task/run record,absolute_personal_path_redaction_only,1
outputs/abd_eval300_formal_v1/task_status/D__819c8af7-851f-434f-ab32-318285bc54b1_17_22.json,86803026022ef9ab14b25fdfc2e183d4c8a366d4b7af9b46f491126516549bb1,619,content/abd_lineage/00_formal/raw_run/task_status/D__819c8af7-851f-434f-ab32-318285bc54b1_17_22.json,12b7722c91da8c6b95965ae03f10b5669be722c5f9dcf3f59d4252ddb0936f04,521,ABD formal raw per-task/run record,absolute_personal_path_redaction_only,1
outputs/abd_eval300_formal_v1/task_status/D__819c8af7-851f-434f-ab32-318285bc54b1_17_26.json,7b6783f846fc697dd9b34443607adc849669ae51795f450eade92904d76be723,619,content/abd_lineage/00_formal/raw_run/task_status/D__819c8af7-851f-434f-ab32-318285bc54b1_17_26.json,cd4c439c5ae773441b847b4119c9b968af660d1db103901161c8a01e6be710fd,521,ABD formal raw per-task/run record,absolute_personal_path_redaction_only,1
outputs/abd_eval300_formal_v1/task_status/D__819c8af7-851f-434f-ab32-318285bc54b1_17_29.json,16a9c2fbcbd048f6009004daf48b783dc831932b2c7e2c00af3f4dcd07001689,619,content/abd_lineage/00_formal/raw_run/task_status/D__819c8af7-851f-434f-ab32-318285bc54b1_17_29.json,9b26e9474b21f216261732c7f23afe49b2ea62013cc64c768c823467c9f70fd4,521,ABD formal raw per-task/run record,absolute_personal_path_redaction_only,1
outputs/abd_eval300_formal_v1/task_status/D__819c8af7-851f-434f-ab32-318285bc54b1_18_6.json,4735ca75f6a2fe97464143835c8bca0400af603d8800b80d014222c9d709d395,616,content/abd_lineage/00_formal/raw_run/task_status/D__819c8af7-851f-434f-ab32-318285bc54b1_18_6.json,11fd1425fd3cc1ad13bfcdb7ffff51339804732e3b76a78aa07587f79cb8890f,518,ABD formal raw per-task/run record,absolute_personal_path_redaction_only,1
outputs/abd_eval300_formal_v1/task_status/D__819c8af7-851f-434f-ab32-318285bc54b1_23_5.json,125a52c44d6b99974c404a1eb1c51637a3ad79ef454951ec3e3eb0a23fea26a0,616,content/abd_lineage/00_formal/raw_run/task_status/D__819c8af7-851f-434f-ab32-318285bc54b1_23_5.json,c9f7aba25a8370811199269c4a5b87c130320a2f6ca5d377b1409c017bf2d561,518,ABD formal raw per-task/run record,absolute_personal_path_redaction_only,1
outputs/abd_eval300_formal_v1/task_status/D__819c8af7-851f-434f-ab32-318285bc54b1_3_12.json,534b88fa960c869e45d17a40fc4403492594889e2f5d5a8ab97e46aed2c355b6,616,content/abd_lineage/00_formal/raw_run/task_status/D__819c8af7-851f-434f-ab32-318285bc54b1_3_12.json,18363a1351b14c5f0c9f328be0736ea7ac621965d0def5c531f17d3e01b44785,518,ABD formal raw per-task/run record,absolute_personal_path_redaction_only,1
outputs/abd_eval300_formal_v1/task_status/D__819c8af7-851f-434f-ab32-318285bc54b1_3_13.json,dd804e4af79a94d50b972f1383c264f174cfcd26b37d140f9c72adf8146a5b7d,616,content/abd_lineage/00_formal/raw_run/task_status/D__819c8af7-851f-434f-ab32-318285bc54b1_3_13.json,c93aff870e711b8e492536707daf0be67b120053ff11ce6a93a63587a4ecd612,518,ABD formal raw per-task/run record,absolute_personal_path_redaction_only,1
outputs/abd_eval300_formal_v1/task_status/D__819c8af7-851f-434f-ab32-318285bc54b1_4_10.json,4a9638c76af7767e1cfb81df9314875f3ac321c266d656ba2eab557be08601d2,616,content/abd_lineage/00_formal/raw_run/task_status/D__819c8af7-851f-434f-ab32-318285bc54b1_4_10.json,ac2743be2fa749705c485c36ffc10e6faeb623543e81aa710bfcd9b3d381218b,518,ABD formal raw per-task/run record,absolute_personal_path_redaction_only,1
outputs/abd_eval300_formal_v1/task_status/D__819c8af7-851f-434f-ab32-318285bc54b1_4_19.json,990e45e1505b83b8f29ca5c0d0cbf052a7cbf9b4ad40ffef206b43fbedd5590f,616,content/abd_lineage/00_formal/raw_run/task_status/D__819c8af7-851f-434f-ab32-318285bc54b1_4_19.json,99314ba59c1e2d17e1ee47c09b4933f5f3225dd34852342f0dc7fe420789ba7e,518,ABD formal raw per-task/run record,absolute_personal_path_redaction_only,1
outputs/abd_eval300_formal_v1/task_status/D__819c8af7-851f-434f-ab32-318285bc54b1_4_2.json,31db2f85fcf7b8410e334c78e0e0c02547f148eef9e6db78bb5fef4b5e1a138e,613,content/abd_lineage/00_formal/raw_run/task_status/D__819c8af7-851f-434f-ab32-318285bc54b1_4_2.json,170d94c921bc20af56e4b98debacdc5af9a3248265bdba88b05cfda6e1b5259f,515,ABD formal raw per-task/run record,absolute_personal_path_redaction_only,1
outputs/abd_eval300_formal_v1/task_status/D__819c8af7-851f-434f-ab32-318285bc54b1_4_23.json,f8e0dc9422a8f1109073a09f4f78981bc0d0f18308f764bcaca3c149f279d643,616,content/abd_lineage/00_formal/raw_run/task_status/D__819c8af7-851f-434f-ab32-318285bc54b1_4_23.json,71c12f33008697226b63b6ac7d44680f6e9a05edf0b1223ae81ed7f764c1ca9c,518,ABD formal raw per-task/run record,absolute_personal_path_redaction_only,1
outputs/abd_eval300_formal_v1/task_status/D__819c8af7-851f-434f-ab32-318285bc54b1_4_30.json,458847aaddc7328cca7e82f546dc47c8b0b5ae8122dfbaf6fef77531fcb0f668,616,content/abd_lineage/00_formal/raw_run/task_status/D__819c8af7-851f-434f-ab32-318285bc54b1_4_30.json,a10473c6972888da2845cc6d797df5af675fc1800116056c3cd0ca17987849c0,518,ABD formal raw per-task/run record,absolute_personal_path_redaction_only,1
outputs/abd_eval300_formal_v1/task_status/D__819c8af7-851f-434f-ab32-318285bc54b1_4_4.json,4c2c01f13848259ce838afccf9e6d77309161b5c116ace2d95c038b0d51d04f9,613,content/abd_lineage/00_formal/raw_run/task_status/D__819c8af7-851f-434f-ab32-318285bc54b1_4_4.json,1b5712558a8ea9e9318c43a1798e95afdbad5f6efcd1acec7c079495eede4f50,515,ABD formal raw per-task/run record,absolute_personal_path_redaction_only,1
outputs/abd_eval300_formal_v1/task_status/D__819c8af7-851f-434f-ab32-318285bc54b1_5_11.json,77762fac24abec67dd384cbe6252ea3513d1eed9c4bb6016c5de2c2ebfa65d76,616,content/abd_lineage/00_formal/raw_run/task_status/D__819c8af7-851f-434f-ab32-318285bc54b1_5_11.json,04e3b474528425898bcdfc831ebc566f638e9ef5d84a66f095689bc742e62d2d,518,ABD formal raw per-task/run record,absolute_personal_path_redaction_only,1
outputs/abd_eval300_formal_v1/task_status/D__819c8af7-851f-434f-ab32-318285bc54b1_5_25.json,c4957768e78a68d4f81ec147751f36d2895183d2c17bdbde3a3164d01f317203,616,content/abd_lineage/00_formal/raw_run/task_status/D__819c8af7-851f-434f-ab32-318285bc54b1_5_25.json,9ebe62f7752493420c6609c562c0a53749c055281746376141863ef2eb84b705,518,ABD formal raw per-task/run record,absolute_personal_path_redaction_only,1
outputs/abd_eval300_formal_v1/task_status/D__819c8af7-851f-434f-ab32-318285bc54b1_5_28.json,e38198054db743426e04eb2cde270e79ae06bf1dc1b354c0794118fb99df1216,616,content/abd_lineage/00_formal/raw_run/task_status/D__819c8af7-851f-434f-ab32-318285bc54b1_5_28.json,f835cb6a4843fbfaf1df8cbb426f39fae2dd887ef11e8f8a6efa368f2015e6a1,518,ABD formal raw per-task/run record,absolute_personal_path_redaction_only,1
outputs/abd_eval300_formal_v1/task_status/D__819c8af7-851f-434f-ab32-318285bc54b1_7_17.json,9418f5ba9448c309060ac49ff902deab82801e665e133e7142d6bed6a8315ee4,616,content/abd_lineage/00_formal/raw_run/task_status/D__819c8af7-851f-434f-ab32-318285bc54b1_7_17.json,82a2224386e902b61e513d95ad7c9e1532d041f08068a4ffc115b7c6fbef0753,518,ABD formal raw per-task/run record,absolute_personal_path_redaction_only,1
outputs/abd_eval300_formal_v1/task_status/D__819c8af7-851f-434f-ab32-318285bc54b1_7_21.json,9ea45a5cfebeae48235a5df3f52af04ae06ebb745840ee511d2309e3c3b9c17e,616,content/abd_lineage/00_formal/raw_run/task_status/D__819c8af7-851f-434f-ab32-318285bc54b1_7_21.json,001435f5deb1caa3c904dba08758e3b57196740d89ebb3d68e124559fbd23f6c,518,ABD formal raw per-task/run record,absolute_personal_path_redaction_only,1
outputs/abd_eval300_formal_v1/task_status/D__819c8af7-851f-434f-ab32-318285bc54b1_8_1.json,b2cf2c03053b1fdc83b5b19da08da75b9c50a773acbcc974833cb45b9961ed81,613,content/abd_lineage/00_formal/raw_run/task_status/D__819c8af7-851f-434f-ab32-318285bc54b1_8_1.json,ac7b700bacec985a698df039ebb7e5b20b82c0dab34683439a9d55d0419dec80,515,ABD formal raw per-task/run record,absolute_personal_path_redaction_only,1
outputs/abd_eval300_formal_v1/task_status/D__819c8af7-851f-434f-ab32-318285bc54b1_8_27.json,be2df3da9e0cc446a77ae8de6a9fc51935b70df19c4c15d4015141ecf64e31e7,616,content/abd_lineage/00_formal/raw_run/task_status/D__819c8af7-851f-434f-ab32-318285bc54b1_8_27.json,67d92ba2df431305635b5db47662f0bc746e9532b092d6304e86c1fb39b496db,518,ABD formal raw per-task/run record,absolute_personal_path_redaction_only,1
outputs/abd_eval300_formal_v1/task_status/D__a6d45e95-8dc0-4932-83bf-ec53e265a16a_11_14.json,1c36a19a55886f53c7bfea7095ede57789bf03206895ccd0a428923fbc834a9d,619,content/abd_lineage/00_formal/raw_run/task_status/D__a6d45e95-8dc0-4932-83bf-ec53e265a16a_11_14.json,1cda2c567b652836a640db7c79745e9f76f20eb8801bcee3d8e0fb17a9c3ff6d,521,ABD formal raw per-task/run record,absolute_personal_path_redaction_only,1
outputs/abd_eval300_formal_v1/task_status/D__a6d45e95-8dc0-4932-83bf-ec53e265a16a_11_15.json,94277a093b452f7ec3709ed099fa245a3f8ca7247a1ba703ca337527cc6c311a,619,content/abd_lineage/00_formal/raw_run/task_status/D__a6d45e95-8dc0-4932-83bf-ec53e265a16a_11_15.json,a8224208ad4d69e3a90b1377846afefdbfc5281fd14b68e136a3e07f4d1f336f,521,ABD formal raw per-task/run record,absolute_personal_path_redaction_only,1
outputs/abd_eval300_formal_v1/task_status/D__a6d45e95-8dc0-4932-83bf-ec53e265a16a_11_28.json,7da76cc528efd9e952ad961e6724e1486fd7b1c349308fbfca1189db37c5e125,619,content/abd_lineage/00_formal/raw_run/task_status/D__a6d45e95-8dc0-4932-83bf-ec53e265a16a_11_28.json,705ff65dbb6f39c0fe5256d9bd24841a33d6a5677e36d7c4e3659775036a1204,521,ABD formal raw per-task/run record,absolute_personal_path_redaction_only,1
outputs/abd_eval300_formal_v1/task_status/D__a6d45e95-8dc0-4932-83bf-ec53e265a16a_12_4.json,94076f9e0c762fe722852b5d1bb117f3a10ddae67cb5616903340a0cc880d0bb,616,content/abd_lineage/00_formal/raw_run/task_status/D__a6d45e95-8dc0-4932-83bf-ec53e265a16a_12_4.json,2d7f8dd06f09d55ebaf4b76f65bff9f089444c44a5b3754a8d2ac81e8b9f331f,518,ABD formal raw per-task/run record,absolute_personal_path_redaction_only,1
outputs/abd_eval300_formal_v1/task_status/D__a6d45e95-8dc0-4932-83bf-ec53e265a16a_17_10.json,bd990ac36f5ded19b4c8193fd1b4ac6c14a92270669b90081380c82e44eaf864,619,content/abd_lineage/00_formal/raw_run/task_status/D__a6d45e95-8dc0-4932-83bf-ec53e265a16a_17_10.json,d809bb20827016bf4bed3d5669c3ce1f9577891f46c72613046049fe88937bad,521,ABD formal raw per-task/run record,absolute_personal_path_redaction_only,1
outputs/abd_eval300_formal_v1/task_status/D__a6d45e95-8dc0-4932-83bf-ec53e265a16a_17_11.json,7faff5fa81f0bbb3441173b24d91f9951136692a7d5a108743d84c0b1518daa8,619,content/abd_lineage/00_formal/raw_run/task_status/D__a6d45e95-8dc0-4932-83bf-ec53e265a16a_17_11.json,3381ec22466d67b4b6a0f7f00d00e56326ff618268bde39ebfaf9d7ce14b58bf,521,ABD formal raw per-task/run record,absolute_personal_path_redaction_only,1
outputs/abd_eval300_formal_v1/task_status/D__a6d45e95-8dc0-4932-83bf-ec53e265a16a_17_12.json,3f56a9a33db2798c469c8e925443d0d6b1040f8f09b8d229e9b8e828d96adf0b,619,content/abd_lineage/00_formal/raw_run/task_status/D__a6d45e95-8dc0-4932-83bf-ec53e265a16a_17_12.json,979ebd02c0be3463cf613d6c3f64b34cb4c56909c692ad0331db781926ac2491,521,ABD formal raw per-task/run record,absolute_personal_path_redaction_only,1
outputs/abd_eval300_formal_v1/task_status/D__a6d45e95-8dc0-4932-83bf-ec53e265a16a_17_2.json,87caf288627cfff29bd96ee33b10f42c0d68f17eaa46837e025230632eb1471e,616,content/abd_lineage/00_formal/raw_run/task_status/D__a6d45e95-8dc0-4932-83bf-ec53e265a16a_17_2.json,c40092432b435ddf60752c5e1c3a27ea6da00f1d7adc44a968784079b34f9e36,518,ABD formal raw per-task/run record,absolute_personal_path_redaction_only,1
outputs/abd_eval300_formal_v1/task_status/D__a6d45e95-8dc0-4932-83bf-ec53e265a16a_17_21.json,c003513de0259b7741872ab596db07f352ae4fd1c1074799671a2f16aad8c9db,619,content/abd_lineage/00_formal/raw_run/task_status/D__a6d45e95-8dc0-4932-83bf-ec53e265a16a_17_21.json,64572e89d1c3278fc4235d5a22fd3f3b3924b00b5960a663816f501acc8b8b4d,521,ABD formal raw per-task/run record,absolute_personal_path_redaction_only,1
outputs/abd_eval300_formal_v1/task_status/D__a6d45e95-8dc0-4932-83bf-ec53e265a16a_17_25.json,6502e0ee7c8fd32e66020f2ef030a88e316b28eab745f86fade4cde25c753628,619,content/abd_lineage/00_formal/raw_run/task_status/D__a6d45e95-8dc0-4932-83bf-ec53e265a16a_17_25.json,b0660442ee48f577a44ab68d342555934878987ad7825aac491037b94c97a257,521,ABD formal raw per-task/run record,absolute_personal_path_redaction_only,1
outputs/abd_eval300_formal_v1/task_status/D__a6d45e95-8dc0-4932-83bf-ec53e265a16a_17_3.json,5533374d4b4fb297c616ca12496d0f389c27f4d0927802d24920afd4d2c315f2,616,content/abd_lineage/00_formal/raw_run/task_status/D__a6d45e95-8dc0-4932-83bf-ec53e265a16a_17_3.json,b08d47d7258059bf4807986396af2b33adf17a595d50fca1f83289253a86cd10,518,ABD formal raw per-task/run record,absolute_personal_path_redaction_only,1
outputs/abd_eval300_formal_v1/task_status/D__a6d45e95-8dc0-4932-83bf-ec53e265a16a_18_5.json,4faf58fb73dc6bb875e2e36d09c86a0a112800595f510bf74c4b8eb7308f55e6,616,content/abd_lineage/00_formal/raw_run/task_status/D__a6d45e95-8dc0-4932-83bf-ec53e265a16a_18_5.json,ff7c4892e3f3483331d8f2ca5dbc654e5b1ea43c73d2c0ffbc37a282c44925a4,518,ABD formal raw per-task/run record,absolute_personal_path_redaction_only,1
outputs/abd_eval300_formal_v1/task_status/D__a6d45e95-8dc0-4932-83bf-ec53e265a16a_4_23.json,54eeb286ed82735978a4ae7653ab6d84292685e7ca146362bc335c04cb9702b7,616,content/abd_lineage/00_formal/raw_run/task_status/D__a6d45e95-8dc0-4932-83bf-ec53e265a16a_4_23.json,abf879066e1e9d73cb5f5f7da1991fb600e6470fb52ed7f1eb500a43b9ca0349,518,ABD formal raw per-task/run record,absolute_personal_path_redaction_only,1
outputs/abd_eval300_formal_v1/task_status/D__a6d45e95-8dc0-4932-83bf-ec53e265a16a_4_6.json,c3fde39bbeafb105e157ddb00ad943023b5481aa609862273ef5c2d80df8f698,613,content/abd_lineage/00_formal/raw_run/task_status/D__a6d45e95-8dc0-4932-83bf-ec53e265a16a_4_6.json,9cb1a115f7c19d889757ec16fbd40d25fd87502bf151415c92adccab8b07a251,515,ABD formal raw per-task/run record,absolute_personal_path_redaction_only,1
outputs/abd_eval300_formal_v1/task_status/D__a6d45e95-8dc0-4932-83bf-ec53e265a16a_4_9.json,3bbdfc1f2ec4b908b7ac402ab96df4ee5fedf11f05ea756cccc11c80a0f46f28,613,content/abd_lineage/00_formal/raw_run/task_status/D__a6d45e95-8dc0-4932-83bf-ec53e265a16a_4_9.json,a1d7712861dcfa067c719db5f9ce0cad96428505e08eea7c4e9d42b3bf38a6f7,515,ABD formal raw per-task/run record,absolute_personal_path_redaction_only,1
outputs/abd_eval300_formal_v1/task_status/D__a6d45e95-8dc0-4932-83bf-ec53e265a16a_5_26.json,8215582593190d13281ba224d626f3bea4f1c44644d8d5a939001873ed6e47c7,616,content/abd_lineage/00_formal/raw_run/task_status/D__a6d45e95-8dc0-4932-83bf-ec53e265a16a_5_26.json,73be2e395cd66aa46453d50f1dd4fb5e1ce607aec7e840afe4d409239beae18c,518,ABD formal raw per-task/run record,absolute_personal_path_redaction_only,1
outputs/abd_eval300_formal_v1/task_status/D__a6d45e95-8dc0-4932-83bf-ec53e265a16a_6_24.json,46fe2438f1ba0065a2e89aa77b74fa0854afee737c2034a9a543cb019a9fc03c,616,content/abd_lineage/00_formal/raw_run/task_status/D__a6d45e95-8dc0-4932-83bf-ec53e265a16a_6_24.json,0fed07fe2472f5f18e5b6369b4bdf07d8f054e413e3d26289179ef684db33cb1,518,ABD formal raw per-task/run record,absolute_personal_path_redaction_only,1
outputs/abd_eval300_formal_v1/task_status/D__a6d45e95-8dc0-4932-83bf-ec53e265a16a_7_16.json,08d3783f989fc00d9d9c0d9b54d0266c3a3a992bc796180e5f9756718f152f7d,616,content/abd_lineage/00_formal/raw_run/task_status/D__a6d45e95-8dc0-4932-83bf-ec53e265a16a_7_16.json,ac5bf9148cfe6239b55a486974fd5ebddc18a67fa40c85d6da3bffe77aadc099,518,ABD formal raw per-task/run record,absolute_personal_path_redaction_only,1
outputs/abd_eval300_formal_v1/task_status/D__a6d45e95-8dc0-4932-83bf-ec53e265a16a_7_19.json,5e5474c1c20db5966600c6383249ffaf225aefba75dfcd15e175e39504fbdcd4,616,content/abd_lineage/00_formal/raw_run/task_status/D__a6d45e95-8dc0-4932-83bf-ec53e265a16a_7_19.json,0ce80161e728a00efc240ead14adc22284f9b270667d1de7c86bd9dc3a6d81a0,518,ABD formal raw per-task/run record,absolute_personal_path_redaction_only,1
outputs/abd_eval300_formal_v1/task_status/D__a6d45e95-8dc0-4932-83bf-ec53e265a16a_7_20.json,39fe1d5ac0bced52e9efba84cbe635146a19d2797f9498173747f3a2a8a577dd,616,content/abd_lineage/00_formal/raw_run/task_status/D__a6d45e95-8dc0-4932-83bf-ec53e265a16a_7_20.json,cb2557c05dd0e5574ec3abcee69afae6297589d3897e0458601f4ae5b9114912,518,ABD formal raw per-task/run record,absolute_personal_path_redaction_only,1
outputs/abd_eval300_formal_v1/task_status/D__a6d45e95-8dc0-4932-83bf-ec53e265a16a_7_7.json,6156bde2f98789d10b1ade158448268a55ecf502cd0a07b32c0f5aef9c435585,613,content/abd_lineage/00_formal/raw_run/task_status/D__a6d45e95-8dc0-4932-83bf-ec53e265a16a_7_7.json,e6f6b5a5888ea238697d8d85967e1fda121a5be683a53076139e734615cf792e,515,ABD formal raw per-task/run record,absolute_personal_path_redaction_only,1
outputs/abd_eval300_formal_v1/task_status/D__a6d45e95-8dc0-4932-83bf-ec53e265a16a_8_1.json,520993a29eb861dd793264c6ccf4416d46ea821b2c556f0ca6a212c76750424a,613,content/abd_lineage/00_formal/raw_run/task_status/D__a6d45e95-8dc0-4932-83bf-ec53e265a16a_8_1.json,287451813a398fe2edc3fd7b483a8837f922b0390690dbd10b426a794ac7e5fe,515,ABD formal raw per-task/run record,absolute_personal_path_redaction_only,1
outputs/abd_eval300_formal_v1/task_status/D__a6d45e95-8dc0-4932-83bf-ec53e265a16a_8_18.json,34b00214e03226c2e9ecd07a50551dc81f4fdac050c6e1d3582cbae3f4fa3626,616,content/abd_lineage/00_formal/raw_run/task_status/D__a6d45e95-8dc0-4932-83bf-ec53e265a16a_8_18.json,2725a70826ec21157ea53ee766d04294242814aa92caff179e634679d74dea6a,518,ABD formal raw per-task/run record,absolute_personal_path_redaction_only,1
outputs/abd_eval300_formal_v1/task_status/D__a6d45e95-8dc0-4932-83bf-ec53e265a16a_8_22.json,808a4e855f634a13016f8deb860b280df6aeae3ada4ec9eb0fd66247e6c7a5a6,616,content/abd_lineage/00_formal/raw_run/task_status/D__a6d45e95-8dc0-4932-83bf-ec53e265a16a_8_22.json,c80ac70c570e593b8243bff96f6d7ea249a50909d91d14832b92a2367a011a2b,518,ABD formal raw per-task/run record,absolute_personal_path_redaction_only,1
outputs/abd_eval300_formal_v1/task_status/D__a6d45e95-8dc0-4932-83bf-ec53e265a16a_8_27.json,2f2e6c3b37351580aae77576b72fcd375685ccf441d8eeb7d7a76a7056f11e9c,616,content/abd_lineage/00_formal/raw_run/task_status/D__a6d45e95-8dc0-4932-83bf-ec53e265a16a_8_27.json,81ecad2a21ead7a8933b34a80e69ac19dbfb14ef21b31b618ca0995ae7d88214,518,ABD formal raw per-task/run record,absolute_personal_path_redaction_only,1
outputs/abd_eval300_formal_v1/task_status/D__d3a0899e-2093-454c-9f65-30087883193a_11_17.json,6429ba651469cba2ec8e70e2b7e176cb8154640ea3f5da6f84e275d6b435cc06,619,content/abd_lineage/00_formal/raw_run/task_status/D__d3a0899e-2093-454c-9f65-30087883193a_11_17.json,4a9c9a3918c510804672ddcc72e39627a1f6157c0c73c419c0730cf208f0970b,521,ABD formal raw per-task/run record,absolute_personal_path_redaction_only,1
outputs/abd_eval300_formal_v1/task_status/D__d3a0899e-2093-454c-9f65-30087883193a_12_22.json,7f0aeaa9825910debcd666a8f3254ec05c980e7a845d250558629858ed9b0d6e,619,content/abd_lineage/00_formal/raw_run/task_status/D__d3a0899e-2093-454c-9f65-30087883193a_12_22.json,afd7869034cf5250d55836718cf06c440105aebb0a8a6694552718f630620113,521,ABD formal raw per-task/run record,absolute_personal_path_redaction_only,1
outputs/abd_eval300_formal_v1/task_status/D__d3a0899e-2093-454c-9f65-30087883193a_17_13.json,67d5af41d096b532034d98f88be24193006c89113f45488cca5d01497a3b9d19,619,content/abd_lineage/00_formal/raw_run/task_status/D__d3a0899e-2093-454c-9f65-30087883193a_17_13.json,96ddf58d3737b4cf4b2a22e4c5f4df00fe6096c3afa09920d3675123c66d3a2b,521,ABD formal raw per-task/run record,absolute_personal_path_redaction_only,1
outputs/abd_eval300_formal_v1/task_status/D__d3a0899e-2093-454c-9f65-30087883193a_17_19.json,d9fe69acdabed9691bfbe56a9fcf5b1c509321940ed69a012598ef470870fcb5,619,content/abd_lineage/00_formal/raw_run/task_status/D__d3a0899e-2093-454c-9f65-30087883193a_17_19.json,777ad56ed80af423560bf033d3d7750fa3490c6391f3ad67665453befc112509,521,ABD formal raw per-task/run record,absolute_personal_path_redaction_only,1
outputs/abd_eval300_formal_v1/task_status/D__d3a0899e-2093-454c-9f65-30087883193a_17_2.json,ab5a7d0c807d01132e7c8356addc8c72d4c0e006ff743df4140dc5bc7923e4fe,616,content/abd_lineage/00_formal/raw_run/task_status/D__d3a0899e-2093-454c-9f65-30087883193a_17_2.json,e149f53c6effd66429d923b4aa92230bab0612de2079a1fba29f116e88b93602,518,ABD formal raw per-task/run record,absolute_personal_path_redaction_only,1
outputs/abd_eval300_formal_v1/task_status/D__d3a0899e-2093-454c-9f65-30087883193a_17_20.json,891cacd30b8762736244399124e1a3e8f435a0710addbb51f259523e5b7a1a5d,619,content/abd_lineage/00_formal/raw_run/task_status/D__d3a0899e-2093-454c-9f65-30087883193a_17_20.json,d3a7c17e4e7749491f2f528ff18f4022bed09ea713bc91af265142e4683e4302,521,ABD formal raw per-task/run record,absolute_personal_path_redaction_only,1
outputs/abd_eval300_formal_v1/task_status/D__d3a0899e-2093-454c-9f65-30087883193a_17_28.json,4cd1930cf6b4f14b4f77c3ede07185d901d09b95ce9b53bb56f30902c743bbac,619,content/abd_lineage/00_formal/raw_run/task_status/D__d3a0899e-2093-454c-9f65-30087883193a_17_28.json,c1a32a842ec8076c1ba5b5fae6e9fbb3f25f856ea2a7d45664c17fea4fe48447,521,ABD formal raw per-task/run record,absolute_personal_path_redaction_only,1
outputs/abd_eval300_formal_v1/task_status/D__d3a0899e-2093-454c-9f65-30087883193a_17_35.json,7628fb7a1749cb71db052eabe4332f40fa28e3bccdb36652d3d777a34b855367,619,content/abd_lineage/00_formal/raw_run/task_status/D__d3a0899e-2093-454c-9f65-30087883193a_17_35.json,283164dfb818d1f7e327f8db3d778dfa57775746f45a6d718a40cea5d08d380b,521,ABD formal raw per-task/run record,absolute_personal_path_redaction_only,1
outputs/abd_eval300_formal_v1/task_status/D__d3a0899e-2093-454c-9f65-30087883193a_17_8.json,b60e87fbd5e0e926d283f939ec9b0b9ada34a831516dfcd7e7823f0a75908caa,616,content/abd_lineage/00_formal/raw_run/task_status/D__d3a0899e-2093-454c-9f65-30087883193a_17_8.json,583b3e5fd032878932cef2452697b5a70407f13376bd5fab832536044026a813,518,ABD formal raw per-task/run record,absolute_personal_path_redaction_only,1
outputs/abd_eval300_formal_v1/task_status/D__d3a0899e-2093-454c-9f65-30087883193a_1_1.json,63815ba967eb5bd959769311e659399ea9876353da6839b88be934812ca723b2,613,content/abd_lineage/00_formal/raw_run/task_status/D__d3a0899e-2093-454c-9f65-30087883193a_1_1.json,74a287df2b9916383303fec85629e9cbc4a75a4b6ecd503a13ad3183f7323953,515,ABD formal raw per-task/run record,absolute_personal_path_redaction_only,1
outputs/abd_eval300_formal_v1/task_status/D__d3a0899e-2093-454c-9f65-30087883193a_22_14.json,f74ae6e85c901652494e5930c02eb685840f2e13ecfbe4f172adc36106c68c07,619,content/abd_lineage/00_formal/raw_run/task_status/D__d3a0899e-2093-454c-9f65-30087883193a_22_14.json,91ae7f4ad72cd5e943b0698ce8ab268a2e82473312ab606b6b5581843bb199eb,521,ABD formal raw per-task/run record,absolute_personal_path_redaction_only,1
outputs/abd_eval300_formal_v1/task_status/D__d3a0899e-2093-454c-9f65-30087883193a_22_32.json,9581486cfb7ec1431dcdcb417d8903fdb5ebe9fee92cc74cafa4c9a4ca958ec5,619,content/abd_lineage/00_formal/raw_run/task_status/D__d3a0899e-2093-454c-9f65-30087883193a_22_32.json,36862809ac5737ee99d57ab809e1ddd4c39276263dc723f09a7cdc240be8bed9,521,ABD formal raw per-task/run record,absolute_personal_path_redaction_only,1
outputs/abd_eval300_formal_v1/task_status/D__d3a0899e-2093-454c-9f65-30087883193a_2_1.json,4bf4cc02851d2d8dc4ba8a6ef53630dd3af766e9b1010a6d44ba154f06be4a4f,613,content/abd_lineage/00_formal/raw_run/task_status/D__d3a0899e-2093-454c-9f65-30087883193a_2_1.json,828a528f4a02d6abfaa8c25daa81efbd4786553e20c531dfea14be676b2628ff,515,ABD formal raw per-task/run record,absolute_personal_path_redaction_only,1
outputs/abd_eval300_formal_v1/task_status/D__d3a0899e-2093-454c-9f65-30087883193a_4_10.json,888dad723366ab1f13deb6f3414e210f64ddf809f2128d4b84bdea7d139a3a51,616,content/abd_lineage/00_formal/raw_run/task_status/D__d3a0899e-2093-454c-9f65-30087883193a_4_10.json,25b9273e94705ccde6ab8126a9a5899cfae93344a0a7fb527374ee346d683b1e,518,ABD formal raw per-task/run record,absolute_personal_path_redaction_only,1
outputs/abd_eval300_formal_v1/task_status/D__d3a0899e-2093-454c-9f65-30087883193a_4_33.json,eef2442a1c4af80b482bf99ee4f1f99532b3455148f0a2232ffdccc1671baf99,616,content/abd_lineage/00_formal/raw_run/task_status/D__d3a0899e-2093-454c-9f65-30087883193a_4_33.json,ef35d196053f704c9c3155c1e75757da490299eff46cf95c109ebea924ef3028,518,ABD formal raw per-task/run record,absolute_personal_path_redaction_only,1
outputs/abd_eval300_formal_v1/task_status/D__d3a0899e-2093-454c-9f65-30087883193a_4_7.json,d0d11f70e9e41476c86936f3cd46611b01ef0f25fe6328668fe69e6d1e64663d,613,content/abd_lineage/00_formal/raw_run/task_status/D__d3a0899e-2093-454c-9f65-30087883193a_4_7.json,1313eb02209962b65e613e346f0975e732eebf3978d6f93ba37c8afd6393aad4,515,ABD formal raw per-task/run record,absolute_personal_path_redaction_only,1
outputs/abd_eval300_formal_v1/task_status/D__d3a0899e-2093-454c-9f65-30087883193a_5_24.json,463c997974895b09ec2b15e318c183db70a76dfeae649bfad96c431d1cb80a48,616,content/abd_lineage/00_formal/raw_run/task_status/D__d3a0899e-2093-454c-9f65-30087883193a_5_24.json,196ab8668184aab86a4bca9fdfe23edf8c075d7f19717e8f6236dce33c4a5952,518,ABD formal raw per-task/run record,absolute_personal_path_redaction_only,1
outputs/abd_eval300_formal_v1/task_status/D__d3a0899e-2093-454c-9f65-30087883193a_7_11.json,46564b4c236a5b58cf8673703cd93424b638127d73a71697e959e0848144f4b0,616,content/abd_lineage/00_formal/raw_run/task_status/D__d3a0899e-2093-454c-9f65-30087883193a_7_11.json,b45f31773efc14444772b6ddb6fe121a14c3cb33f917d4a361870b3ebfffdf65,518,ABD formal raw per-task/run record,absolute_personal_path_redaction_only,1
outputs/abd_eval300_formal_v1/task_status/D__d3a0899e-2093-454c-9f65-30087883193a_7_26.json,af6b59886b14a2dbcc9f7a2c58482a6429c10a26a096c38441a29aecf304d666,616,content/abd_lineage/00_formal/raw_run/task_status/D__d3a0899e-2093-454c-9f65-30087883193a_7_26.json,642c500063de15204b7afb7476a876df04dd911547ca22949891e0b837e69064,518,ABD formal raw per-task/run record,absolute_personal_path_redaction_only,1
outputs/abd_eval300_formal_v1/task_status/D__d3a0899e-2093-454c-9f65-30087883193a_7_29.json,27dbf8e07d63bb32e8bb1cd3c4a8446d95c026ca3054b37b630cd2af8c35fa26,616,content/abd_lineage/00_formal/raw_run/task_status/D__d3a0899e-2093-454c-9f65-30087883193a_7_29.json,026118e6f624626c408cb9d240182c0729cf82346e19d198559fa208da0dd045,518,ABD formal raw per-task/run record,absolute_personal_path_redaction_only,1
outputs/abd_eval300_formal_v1/task_status/D__d3a0899e-2093-454c-9f65-30087883193a_7_9.json,54f48890d4ecaf1ebc4da6bdef87d204b7a73be3ff3c4c9d8e8ace155ecce8b6,613,content/abd_lineage/00_formal/raw_run/task_status/D__d3a0899e-2093-454c-9f65-30087883193a_7_9.json,eee41b7dcbb06bac4e67b342e8c752f6b141cd7440e0ce6246a907d73baad7cf,515,ABD formal raw per-task/run record,absolute_personal_path_redaction_only,1
outputs/abd_eval300_formal_v1/task_status/D__d3a0899e-2093-454c-9f65-30087883193a_8_16.json,cbdfce1da71815a7e61e62daea6f9b73e4843c8c4ec1ef84770e163080a382fc,616,content/abd_lineage/00_formal/raw_run/task_status/D__d3a0899e-2093-454c-9f65-30087883193a_8_16.json,8bb9455a3b2e80450663cd27227db29358a1a2ab8fbf200b3cf080f5c24b8549,518,ABD formal raw per-task/run record,absolute_personal_path_redaction_only,1
outputs/abd_eval300_formal_v1/task_status/D__d3a0899e-2093-454c-9f65-30087883193a_8_21.json,be42233f41db700d66defc36062a9d837754d3b910a348c364f60f5f524ae22f,616,content/abd_lineage/00_formal/raw_run/task_status/D__d3a0899e-2093-454c-9f65-30087883193a_8_21.json,437afe3d048a24d9c40b4ee624f6b8eea2e0f3935d04bd1c179dd4d8cd15c48a,518,ABD formal raw per-task/run record,absolute_personal_path_redaction_only,1
outputs/abd_eval300_formal_v1/task_status/D__d3a0899e-2093-454c-9f65-30087883193a_8_3.json,cbcacfd61db3b31933f2649869e4731e76633ff39a0794c1ea0776b676ec2f2f,613,content/abd_lineage/00_formal/raw_run/task_status/D__d3a0899e-2093-454c-9f65-30087883193a_8_3.json,d42ea9a24856ec5fc81ff722caaa23041e324b67cf80e94a7f5d1501867cfc5e,515,ABD formal raw per-task/run record,absolute_personal_path_redaction_only,1
outputs/abd_eval300_formal_v1/task_status/D__d3a0899e-2093-454c-9f65-30087883193a_8_36.json,c1d20b15816b7f400292927bbe5c44f757c6bb6cce5ceb81cc7d3fff6088cb71,616,content/abd_lineage/00_formal/raw_run/task_status/D__d3a0899e-2093-454c-9f65-30087883193a_8_36.json,979b9611e5cca7cd4071ed42e67356d6197d183767f803125e7efe4d768b5edf,518,ABD formal raw per-task/run record,absolute_personal_path_redaction_only,1
outputs/abd_eval300_formal_v1/task_status/D__db3f7933-dfa0-4678-9d4f-393b628ded45_11_2.json,cd1b60e828b48666773a4a69f663931781be421fa4b313ec80c8d3b6c482f80d,616,content/abd_lineage/00_formal/raw_run/task_status/D__db3f7933-dfa0-4678-9d4f-393b628ded45_11_2.json,355cf5f52e134d171f69edaafb9899e53d9f4807f5055294d57c67e23c344e27,518,ABD formal raw per-task/run record,absolute_personal_path_redaction_only,1
outputs/abd_eval300_formal_v1/task_status/D__db3f7933-dfa0-4678-9d4f-393b628ded45_12_15.json,7ad13543e86c6edcb65c111fef2cebc3b57e4156826fc22ed24dbe127f49add9,619,content/abd_lineage/00_formal/raw_run/task_status/D__db3f7933-dfa0-4678-9d4f-393b628ded45_12_15.json,eea983a95f02928ff872f52abb11441e82d55f6f76b2754531dac18206119671,521,ABD formal raw per-task/run record,absolute_personal_path_redaction_only,1
outputs/abd_eval300_formal_v1/task_status/D__db3f7933-dfa0-4678-9d4f-393b628ded45_17_1.json,35bdfa712f756ce60d04d1fc2c748dea47c1fec2c47c97952ec3d8f92f813529,616,content/abd_lineage/00_formal/raw_run/task_status/D__db3f7933-dfa0-4678-9d4f-393b628ded45_17_1.json,33d739454b130ffacdff86afe2056e2b6fe43ed6a3c08b1cecdeb943fc4b350f,518,ABD formal raw per-task/run record,absolute_personal_path_redaction_only,1
outputs/abd_eval300_formal_v1/task_status/D__db3f7933-dfa0-4678-9d4f-393b628ded45_17_11.json,d196becb8d38c2d24c72da346d10dd1cabf386ce900cadc7bce54eb3bcd505d9,619,content/abd_lineage/00_formal/raw_run/task_status/D__db3f7933-dfa0-4678-9d4f-393b628ded45_17_11.json,fcad0dc0269fb9cc37148902fe9d1ac3401f0eb36f422dec521d9db8d0dee2fd,521,ABD formal raw per-task/run record,absolute_personal_path_redaction_only,1
outputs/abd_eval300_formal_v1/task_status/D__db3f7933-dfa0-4678-9d4f-393b628ded45_17_13.json,40376dd6058e97ed7dc542752fe741b81329f65f265aae72c51e7c71fefebfdc,619,content/abd_lineage/00_formal/raw_run/task_status/D__db3f7933-dfa0-4678-9d4f-393b628ded45_17_13.json,d33264bfb56bc6b284a86c0e216b7d3b9fd444f877c79bf8bfb03930e2baeea2,521,ABD formal raw per-task/run record,absolute_personal_path_redaction_only,1
outputs/abd_eval300_formal_v1/task_status/D__db3f7933-dfa0-4678-9d4f-393b628ded45_17_29.json,462b0adc1bd3c731272cad0d5524ab907e551604c18e0e8376ed6a4d4a83c1d9,619,content/abd_lineage/00_formal/raw_run/task_status/D__db3f7933-dfa0-4678-9d4f-393b628ded45_17_29.json,a3da0623851f5ef1071285a6da140218c09d90ff230a37db93d3b7b36644c651,521,ABD formal raw per-task/run record,absolute_personal_path_redaction_only,1
outputs/abd_eval300_formal_v1/task_status/D__db3f7933-dfa0-4678-9d4f-393b628ded45_20_1.json,315b46be885b07595e7fc3fc758e53e673738491493627884fa6ba8ae72b2649,616,content/abd_lineage/00_formal/raw_run/task_status/D__db3f7933-dfa0-4678-9d4f-393b628ded45_20_1.json,e111a04cd5e587696472c60d19f82739897903433c38ce127918a629136a4433,518,ABD formal raw per-task/run record,absolute_personal_path_redaction_only,1
outputs/abd_eval300_formal_v1/task_status/D__db3f7933-dfa0-4678-9d4f-393b628ded45_21_27.json,6cf0c0209a36d4577776dd1b2841320992c440cd0d66cd5cd0b3950059f91803,619,content/abd_lineage/00_formal/raw_run/task_status/D__db3f7933-dfa0-4678-9d4f-393b628ded45_21_27.json,5df3a83d882cb04c05234832511c20c6c3a50e72a0315d4880eb4880c3ba2698,521,ABD formal raw per-task/run record,absolute_personal_path_redaction_only,1
outputs/abd_eval300_formal_v1/task_status/D__db3f7933-dfa0-4678-9d4f-393b628ded45_22_12.json,dc1b56fe3d07df804e472f6d0d67b021b2c794f008f6c510b2a00d6ec8483541,619,content/abd_lineage/00_formal/raw_run/task_status/D__db3f7933-dfa0-4678-9d4f-393b628ded45_22_12.json,115d5a0af0335f7195164f110d5919851c1e65bb9f908ee44f9daa7887eea284,521,ABD formal raw per-task/run record,absolute_personal_path_redaction_only,1
outputs/abd_eval300_formal_v1/task_status/D__db3f7933-dfa0-4678-9d4f-393b628ded45_22_24.json,447c4783fda376198bd8bc03c0dde2ed9d9a2f5c5be25660abcb90fdf5ee61bd,619,content/abd_lineage/00_formal/raw_run/task_status/D__db3f7933-dfa0-4678-9d4f-393b628ded45_22_24.json,0980400d55a1c0ea9ee886be3887370d698de7915773281c83464a172f82bcfc,521,ABD formal raw per-task/run record,absolute_personal_path_redaction_only,1
outputs/abd_eval300_formal_v1/task_status/D__db3f7933-dfa0-4678-9d4f-393b628ded45_22_5.json,23f0b7027e9c7420cce53ea467dcd075adae08cdfcd84f07a855c654eb5d85d6,616,content/abd_lineage/00_formal/raw_run/task_status/D__db3f7933-dfa0-4678-9d4f-393b628ded45_22_5.json,441ce20b3a7e7ac0147269ae56eee177a80c1cb60adffcb9510365b87721d731,518,ABD formal raw per-task/run record,absolute_personal_path_redaction_only,1
outputs/abd_eval300_formal_v1/task_status/D__db3f7933-dfa0-4678-9d4f-393b628ded45_2_1.json,2c0d1b4af6f377f41dc2794e9808c278961ff01a82cf88eb989dae7f77206cf1,613,content/abd_lineage/00_formal/raw_run/task_status/D__db3f7933-dfa0-4678-9d4f-393b628ded45_2_1.json,586a801727cb6c12cef0b462d39a73d373da7c2c2e387caa0f39fda476a72000,515,ABD formal raw per-task/run record,absolute_personal_path_redaction_only,1
outputs/abd_eval300_formal_v1/task_status/D__db3f7933-dfa0-4678-9d4f-393b628ded45_4_22.json,5ef841739b597b1ceff359cff33fe7b571aaed226e29ed38592b8881b4d8781c,616,content/abd_lineage/00_formal/raw_run/task_status/D__db3f7933-dfa0-4678-9d4f-393b628ded45_4_22.json,4477c2380fae5f2570821846cdd7c9dd7316b30e70a4d38e6f668d010f26efdc,518,ABD formal raw per-task/run record,absolute_personal_path_redaction_only,1
outputs/abd_eval300_formal_v1/task_status/D__db3f7933-dfa0-4678-9d4f-393b628ded45_6_17.json,eee814c856a0617350eb8d545d0c2ed36e0e518eca5607618b4a7f021338585c,616,content/abd_lineage/00_formal/raw_run/task_status/D__db3f7933-dfa0-4678-9d4f-393b628ded45_6_17.json,61bf76795ceefe9bb41abbaf0b23db0124bfcec46f51b8038d09d6788147b59a,518,ABD formal raw per-task/run record,absolute_personal_path_redaction_only,1
outputs/abd_eval300_formal_v1/task_status/D__db3f7933-dfa0-4678-9d4f-393b628ded45_6_25.json,9a0f71b6b11e83545e2fd5f5824ae3da3aa15d5aa6762c20833019f75f1be7b0,616,content/abd_lineage/00_formal/raw_run/task_status/D__db3f7933-dfa0-4678-9d4f-393b628ded45_6_25.json,2d43b4da078f1c3b62c23f0c7311734b07e96e49adb9e8c762b4d90ad6187b8f,518,ABD formal raw per-task/run record,absolute_personal_path_redaction_only,1
outputs/abd_eval300_formal_v1/task_status/D__db3f7933-dfa0-4678-9d4f-393b628ded45_6_7.json,d4accf48330b4f278a2bf7cdcb144e6e6308e0cd7616a17ac4ddb9d127efdce5,613,content/abd_lineage/00_formal/raw_run/task_status/D__db3f7933-dfa0-4678-9d4f-393b628ded45_6_7.json,61939da659cdde64de672f19b734107c02943a824551b977317907ed66a6db0d,515,ABD formal raw per-task/run record,absolute_personal_path_redaction_only,1
outputs/abd_eval300_formal_v1/task_status/D__db3f7933-dfa0-4678-9d4f-393b628ded45_7_10.json,88cee74efb5750d479c2595ee6cb9944aacf834c315e90e61a12b18a6c8beab2,616,content/abd_lineage/00_formal/raw_run/task_status/D__db3f7933-dfa0-4678-9d4f-393b628ded45_7_10.json,fbccb4ffbc5e9bfb7f0d09d1c9c9905f8eb21dfad975667144a7d6286093a7fd,518,ABD formal raw per-task/run record,absolute_personal_path_redaction_only,1
outputs/abd_eval300_formal_v1/task_status/D__db3f7933-dfa0-4678-9d4f-393b628ded45_7_14.json,c2026362e013c986f24601fb1821be3d56dce95b86376578dafb480fadfbcd8c,616,content/abd_lineage/00_formal/raw_run/task_status/D__db3f7933-dfa0-4678-9d4f-393b628ded45_7_14.json,a9c7dc06aaeb59dc1fa93739fcf606257be34bb3f8ec7d29464d1a4fda0ebef7,518,ABD formal raw per-task/run record,absolute_personal_path_redaction_only,1
outputs/abd_eval300_formal_v1/task_status/D__db3f7933-dfa0-4678-9d4f-393b628ded45_7_19.json,f1d8aaf2f394c00b534f79290cdee3f5ada06a4b4db839eb22b417f45bc5e5b5,616,content/abd_lineage/00_formal/raw_run/task_status/D__db3f7933-dfa0-4678-9d4f-393b628ded45_7_19.json,843400d747bbc5994a6a9463c4b3e8800965ceb11c9de5f3b8ffbd453e06fa57,518,ABD formal raw per-task/run record,absolute_personal_path_redaction_only,1
outputs/abd_eval300_formal_v1/task_status/D__db3f7933-dfa0-4678-9d4f-393b628ded45_7_21.json,0f28f082cf70e28cf69025e06482f06419c7c93fbde170d4e4a962fd6819fd84,616,content/abd_lineage/00_formal/raw_run/task_status/D__db3f7933-dfa0-4678-9d4f-393b628ded45_7_21.json,39d4364249248afde3b458bcf79aca27ee2566f11d0b71b20727ae55fcaa9ba3,518,ABD formal raw per-task/run record,absolute_personal_path_redaction_only,1
outputs/abd_eval300_formal_v1/task_status/D__db3f7933-dfa0-4678-9d4f-393b628ded45_7_23.json,15bb460e321ae2dc71137253cf9cc8d5b0cc77c5f005d027052698a502a8c74f,616,content/abd_lineage/00_formal/raw_run/task_status/D__db3f7933-dfa0-4678-9d4f-393b628ded45_7_23.json,67fde304c78c47e1ba110ac2a5a9a7aa66b55375dd103fdbabc48e88151d3aab,518,ABD formal raw per-task/run record,absolute_personal_path_redaction_only,1
outputs/abd_eval300_formal_v1/task_status/D__db3f7933-dfa0-4678-9d4f-393b628ded45_7_28.json,55dc1debdfc28e6c6b3a6c394516edae8b072f0e163fe88587675df87b41615a,616,content/abd_lineage/00_formal/raw_run/task_status/D__db3f7933-dfa0-4678-9d4f-393b628ded45_7_28.json,e6f27fabb572075b2f40f06c5a4ce3540cb16ed707f2f5d6824b0afe99fc194a,518,ABD formal raw per-task/run record,absolute_personal_path_redaction_only,1
outputs/abd_eval300_formal_v1/task_status/D__db3f7933-dfa0-4678-9d4f-393b628ded45_7_6.json,1449d779c7ea0b4ee049a9ae08f73befa4356c3aa39dde4bb5296519f682905f,613,content/abd_lineage/00_formal/raw_run/task_status/D__db3f7933-dfa0-4678-9d4f-393b628ded45_7_6.json,39f977e64a779e3404a5bd8c30a02f389f49b4cc29ab153a25600eabca267003,515,ABD formal raw per-task/run record,absolute_personal_path_redaction_only,1
outputs/abd_eval300_formal_v1/task_status/D__db3f7933-dfa0-4678-9d4f-393b628ded45_7_8.json,b0e2e9adb19af8e432fad66a22462ffb9c9b8d9619160255e455512ef5f172b2,613,content/abd_lineage/00_formal/raw_run/task_status/D__db3f7933-dfa0-4678-9d4f-393b628ded45_7_8.json,eccc6973f28bbbb34b4d121c11463c23affda6edc667f0a0b20192d622effae8,515,ABD formal raw per-task/run record,absolute_personal_path_redaction_only,1
outputs/abd_eval300_formal_v1/task_status/D__db3f7933-dfa0-4678-9d4f-393b628ded45_8_4.json,887ca6102962c1792196bdb4ac7976f2b4d4147982476d4b0c9746c2883d943b,613,content/abd_lineage/00_formal/raw_run/task_status/D__db3f7933-dfa0-4678-9d4f-393b628ded45_8_4.json,de9ef00190d6e26e3165d47593706bf2dbc930cb6996f5acacdc0d0b5eabadc1,515,ABD formal raw per-task/run record,absolute_personal_path_redaction_only,1
config/abd_common_system_prompt_v1.txt,5f6e5e665e6806c0a9d7466bfc0c76c10b9fbef1ee0bff9dee505da67e046a71,848,content/abd_lineage/00_formal/config/abd_common_system_prompt_v1.txt,5f6e5e665e6806c0a9d7466bfc0c76c10b9fbef1ee0bff9dee505da67e046a71,848,ABD frozen configuration/prompt,exact_copy,0
config/abd_draft_v1.json,a4dd7d7aeaf88d5b34d4cca7e046a59ec861c5dd0b84b666ce6f7988265f4949,887,content/abd_lineage/00_formal/config/abd_draft_v1.json,a4dd7d7aeaf88d5b34d4cca7e046a59ec861c5dd0b84b666ce6f7988265f4949,887,ABD frozen configuration/prompt,exact_copy,0
config/abd_formal_candidate_v1.json,c08aa1d8dda8d8bd90b3edb13718ad7f2e3f274052181f4740bef93fe1cd4929,1289,content/abd_lineage/00_formal/config/abd_formal_candidate_v1.json,c79881427f86eb65d003c07aab40beb4e5153b0aa09a7f51e09d03d2fd6df3b2,1253,ABD frozen configuration/prompt,absolute_personal_path_redaction_only,2
src/abd_draft_v1/__init__.py,7a11c64c6e7b59c75f68ecb005c70c17bab455ad3e18da92a315a8ee70053d87,494,content/abd_lineage/00_formal/runtime_source/abd_draft_v1/__init__.py,7a11c64c6e7b59c75f68ecb005c70c17bab455ad3e18da92a315a8ee70053d87,494,ABD runtime source,exact_copy,0
src/abd_draft_v1/batch_control.py,c785f5097f9954cd68de81ca65900b226651afa1ed539e5840eebf0465f9c423,13354,content/abd_lineage/00_formal/runtime_source/abd_draft_v1/batch_control.py,c785f5097f9954cd68de81ca65900b226651afa1ed539e5840eebf0465f9c423,13354,ABD runtime source,exact_copy,0
src/abd_draft_v1/continuation_control.py,84041a6727b00cf87f0844842bebafb51233121af0a4e5bd7fdc72a5ad6e8f8b,15490,content/abd_lineage/00_formal/runtime_source/abd_draft_v1/continuation_control.py,84041a6727b00cf87f0844842bebafb51233121af0a4e5bd7fdc72a5ad6e8f8b,15490,ABD runtime source,exact_copy,0
src/abd_draft_v1/core.py,a8879e206f8c3322f9ae1c083522065bf2aeb242f49373c59a00fa8511827745,11994,content/abd_lineage/00_formal/runtime_source/abd_draft_v1/core.py,a8879e206f8c3322f9ae1c083522065bf2aeb242f49373c59a00fa8511827745,11994,ABD runtime source,exact_copy,0
src/abd_draft_v1/formal_runtime.py,cb02a882c9e15bf749ab6019456611a583ad98b481ef448e26352cb33d6d7031,21603,content/abd_lineage/00_formal/runtime_source/abd_draft_v1/formal_runtime.py,cb02a882c9e15bf749ab6019456611a583ad98b481ef448e26352cb33d6d7031,21603,ABD runtime source,exact_copy,0
src/abd_draft_v1/provider.py,435ffd85328c9e145a151cb8390638cb96015dc6cc25c6e07f7850b693c2a1fb,4112,content/abd_lineage/00_formal/runtime_source/abd_draft_v1/provider.py,435ffd85328c9e145a151cb8390638cb96015dc6cc25c6e07f7850b693c2a1fb,4112,ABD runtime source,exact_copy,0
src/abd_draft_v1/store.py,1b95f2b7294ff41284ab7b2581c9e783f0ab93a5c00f89ef3214615d89f6f962,11149,content/abd_lineage/00_formal/runtime_source/abd_draft_v1/store.py,1b95f2b7294ff41284ab7b2581c9e783f0ab93a5c00f89ef3214615d89f6f962,11149,ABD runtime source,exact_copy,0
drafts/abd_direct_eval300_v1/COMMON_ABD_PROMPT_AND_EXACT_DIFF.json,8b4b7a81c60a743021cae2a15f3b14faaf76637c9fdc2ec7b79a2bd700f5e4cb,2577,content/abd_lineage/00_formal/frozen_inputs_and_controls/COMMON_ABD_PROMPT_AND_EXACT_DIFF.json,8b4b7a81c60a743021cae2a15f3b14faaf76637c9fdc2ec7b79a2bd700f5e4cb,2577,ABD frozen launch/input identity provenance,exact_copy,0
drafts/abd_direct_eval300_v1/COMMON_ABD_PROMPT_AND_EXACT_DIFF.md,ff72b5d290c807dbb3f1d136858b76f304b853da44d8b6316a6241189834aea6,3338,content/abd_lineage/00_formal/frozen_inputs_and_controls/COMMON_ABD_PROMPT_AND_EXACT_DIFF.md,ff72b5d290c807dbb3f1d136858b76f304b853da44d8b6316a6241189834aea6,3338,ABD frozen launch/input identity provenance,exact_copy,0
drafts/abd_direct_eval300_v1/ORIGINAL_GENS_V3_PROMPT_AND_CONTRACT.md,5e8c8f8db0bbbadb60e363074a5821884976803c62dd252090815a73aab817e7,7051,content/abd_lineage/00_formal/frozen_inputs_and_controls/ORIGINAL_GENS_V3_PROMPT_AND_CONTRACT.md,5e8c8f8db0bbbadb60e363074a5821884976803c62dd252090815a73aab817e7,7051,ABD frozen launch/input identity provenance,exact_copy,0
drafts/abd_direct_eval300_v1/OUTPUT_CONTRACT_COMPARISON.md,172cb44e6ffce444dcfaf06ee615d0f8513ec10aaafb74acbbc54f88b156e678,1568,content/abd_lineage/00_formal/frozen_inputs_and_controls/OUTPUT_CONTRACT_COMPARISON.md,172cb44e6ffce444dcfaf06ee615d0f8513ec10aaafb74acbbc54f88b156e678,1568,ABD frozen launch/input identity provenance,exact_copy,0
drafts/abd_direct_eval300_v1/README.md,bdd84a1937cf4b41849c97a97fb7ff2c7b250f7a0bfa57392bcf2ee1f24b7bfd,1659,content/abd_lineage/00_formal/frozen_inputs_and_controls/README.md,bdd84a1937cf4b41849c97a97fb7ff2c7b250f7a0bfa57392bcf2ee1f24b7bfd,1659,ABD frozen launch/input identity provenance,exact_copy,0
drafts/abd_direct_eval300_v1/original_gens_v3_contract.json,76606da033434211eee469212fa7d99c011101bacd194e7c0dcd741be031dea6,12204,content/abd_lineage/00_formal/frozen_inputs_and_controls/original_gens_v3_contract.json,76606da033434211eee469212fa7d99c011101bacd194e7c0dcd741be031dea6,12204,ABD frozen launch/input identity provenance,exact_copy,0
drafts/abd_direct_eval300_v1/formal_candidate/FROZEN_FILES_AND_RECOVERY.md,fe10055ba7475ce9ec9158a2e13b2d94184cc383e8bd3d3362eee1e05827d593,1837,content/abd_lineage/00_formal/frozen_inputs_and_controls/formal_candidate/FROZEN_FILES_AND_RECOVERY.md,fe10055ba7475ce9ec9158a2e13b2d94184cc383e8bd3d3362eee1e05827d593,1837,ABD frozen launch/input identity provenance,exact_copy,0
drafts/abd_direct_eval300_v1/formal_candidate/PREFLIGHT_REPORT.md,abad2086d6bea568d49c0d96f5402fe7cb59002b309d7054a220816450b265ed,3597,content/abd_lineage/00_formal/frozen_inputs_and_controls/formal_candidate/PREFLIGHT_REPORT.md,c0c64f3e92a8975513250d18482e9af15498457cf92c430049147e173cdb88a9,3579,ABD frozen launch/input identity provenance,absolute_personal_path_redaction_only,1
drafts/abd_direct_eval300_v1/formal_candidate/capacity_per_task.csv,634989d3e5b4e3152568fb84dbe4f6717e450baee04340ff03c04dd2469cede2,162256,content/abd_lineage/00_formal/frozen_inputs_and_controls/formal_candidate/capacity_per_task.csv,634989d3e5b4e3152568fb84dbe4f6717e450baee04340ff03c04dd2469cede2,162256,ABD frozen launch/input identity provenance,exact_copy,0
drafts/abd_direct_eval300_v1/formal_candidate/formal_candidate_manifest.json,24e6305d798378c352099ee963b00efb54d5b40b545c34221949dfba36cd36dc,377676,content/abd_lineage/00_formal/frozen_inputs_and_controls/formal_candidate/formal_candidate_manifest.json,6753aa078e029244bfb1c74d9173bf1e5b69fad6b9443277c8164afde6aff091,377346,ABD frozen launch/input identity provenance,absolute_personal_path_redaction_only,5
drafts/abd_direct_eval300_v1/formal_candidate/freeze_record.json,de9877eaa10dc115de73341fe3a52591e5e6c09539eb900011901c49dfe4d0cf,436,content/abd_lineage/00_formal/frozen_inputs_and_controls/formal_candidate/freeze_record.json,de9877eaa10dc115de73341fe3a52591e5e6c09539eb900011901c49dfe4d0cf,436,ABD frozen launch/input identity provenance,exact_copy,0
drafts/abd_direct_eval300_v1/formal_candidate/preflight_report.json,886c9ced6d0f5e3e3bf38614a6cd71dc318c71af1c27dafd5a193bcc79ecbd15,7253,content/abd_lineage/00_formal/frozen_inputs_and_controls/formal_candidate/preflight_report.json,1ea0b27dcdba93179ee7523498e9b4f05e67491765560e7f38793ef00841b13b,7235,ABD frozen launch/input identity provenance,absolute_personal_path_redaction_only,1
drafts/abd_direct_eval300_v1/limited_batch_v1/BATCH_PREFLIGHT_REPORT.json,610738a4bd57ae681e7803ad7c1f1fc5835e751f020d93f9ac21a4e2dd5fb6ef,3816,content/abd_lineage/00_formal/frozen_inputs_and_controls/limited_batch_v1/BATCH_PREFLIGHT_REPORT.json,b833bf86afaf3fb4fc7ce8d69940ca09a5457737abedd21e6290511c19edacc5,3718,ABD frozen launch/input identity provenance,absolute_personal_path_redaction_only,1
drafts/abd_direct_eval300_v1/limited_batch_v1/BATCH_PREFLIGHT_REPORT.md,0446dee5c47d53fe28c53cdcb19f7a1fe975fcaeffd6dafe753533e2f45f2d62,1820,content/abd_lineage/00_formal/frozen_inputs_and_controls/limited_batch_v1/BATCH_PREFLIGHT_REPORT.md,fc3ac327e6c19e26f0a35cdad2bf26b6ee8ea83ee72eaa11a20d82032a721480,1802,ABD frozen launch/input identity provenance,absolute_personal_path_redaction_only,1
drafts/abd_direct_eval300_v1/limited_batch_v1/authorization_APPROVED_FIRST_QUESTION_ABD.json,f288ae41ece2d6c1e1ad7c0423dcac9f9c9839d4591ebe75d9ef8965852fb91f,2707,content/abd_lineage/00_formal/frozen_inputs_and_controls/limited_batch_v1/authorization_APPROVED_FIRST_QUESTION_ABD.json,f288ae41ece2d6c1e1ad7c0423dcac9f9c9839d4591ebe75d9ef8965852fb91f,2707,ABD frozen launch/input identity provenance,exact_copy,0
drafts/abd_direct_eval300_v1/limited_batch_v1/batch_control_manifest.json,ed1b98bc17b5c0172113cf64849e9658f7d2c96b49643b48bb1775e3703babb2,2738,content/abd_lineage/00_formal/frozen_inputs_and_controls/limited_batch_v1/batch_control_manifest.json,ed1b98bc17b5c0172113cf64849e9658f7d2c96b49643b48bb1775e3703babb2,2738,ABD frozen launch/input identity provenance,exact_copy,0
drafts/abd_direct_eval300_v1/limited_batch_v1/execution_identity_mapping.json,0e5c61caa7c274b7957d3a6b340a724999e3e7e9983ff5f636e376ade829782d,1357,content/abd_lineage/00_formal/frozen_inputs_and_controls/limited_batch_v1/execution_identity_mapping.json,0e5c61caa7c274b7957d3a6b340a724999e3e7e9983ff5f636e376ade829782d,1357,ABD frozen launch/input identity provenance,exact_copy,0
drafts/abd_direct_eval300_v1/continuation_v1/TARGETED_PREFLIGHT_REPORT.json,d1121ba516b55581a184b7f90a6028bfc82fc6f6fa2e6340b17dbba431d69609,1064,content/abd_lineage/00_formal/frozen_inputs_and_controls/continuation_v1/TARGETED_PREFLIGHT_REPORT.json,d1121ba516b55581a184b7f90a6028bfc82fc6f6fa2e6340b17dbba431d69609,1064,ABD frozen launch/input identity provenance,exact_copy,0
drafts/abd_direct_eval300_v1/continuation_v1/authorization_APPROVED_REMAINING_897.json,099a2dbdbbed9a0f4961009888c72ab7a5d5167b468017746f7e3ed29e2f8d96,2092,content/abd_lineage/00_formal/frozen_inputs_and_controls/continuation_v1/authorization_APPROVED_REMAINING_897.json,099a2dbdbbed9a0f4961009888c72ab7a5d5167b468017746f7e3ed29e2f8d96,2092,ABD frozen launch/input identity provenance,exact_copy,0
drafts/abd_direct_eval300_v1/continuation_v1/continuation_control_manifest.json,9e27e15273a66039e4688f49e07c8852bfbf863047e6210db9cd2ca876a9e58b,2570,content/abd_lineage/00_formal/frozen_inputs_and_controls/continuation_v1/continuation_control_manifest.json,9e27e15273a66039e4688f49e07c8852bfbf863047e6210db9cd2ca876a9e58b,2570,ABD frozen launch/input identity provenance,exact_copy,0
drafts/abd_direct_eval300_v1/continuation_v1/execution_identity_mapping.json,1c0af6566556d6a0a4f591b11e7210e623aee39a52c68006cc3ff4806e1bd59c,1328,content/abd_lineage/00_formal/frozen_inputs_and_controls/continuation_v1/execution_identity_mapping.json,1c0af6566556d6a0a4f591b11e7210e623aee39a52c68006cc3ff4806e1bd59c,1328,ABD frozen launch/input identity provenance,exact_copy,0
scripts/analyze_abd_results_v1.py,da8deeca3f6e6fdaa7615714460a713780a4cbff56a96d5db91a4c8a654d4887,16230,content/abd_lineage/code/analyze_abd_results_v1.py,da8deeca3f6e6fdaa7615714460a713780a4cbff56a96d5db91a4c8a654d4887,16230,ABD generation/freeze/validation/comparison script,exact_copy,0
scripts/preflight_abd_formal_candidate_v1.py,c6c4c8dd1e246b0e3efb3bdc516fde1eac98603982b31cf1890c7b3971e0500f,21919,content/abd_lineage/code/preflight_abd_formal_candidate_v1.py,c6c4c8dd1e246b0e3efb3bdc516fde1eac98603982b31cf1890c7b3971e0500f,21919,ABD generation/freeze/validation/comparison script,exact_copy,0
scripts/run_abd_formal_v1.py,48c4a87d9e92cfb89620384625de2fd9facc29b9d00ee1ae4a633efd5923252a,2549,content/abd_lineage/code/run_abd_formal_v1.py,48c4a87d9e92cfb89620384625de2fd9facc29b9d00ee1ae4a633efd5923252a,2549,ABD generation/freeze/validation/comparison script,exact_copy,0
scripts/preflight_abd_limited_batch_v1.py,50ac27048db47208955a8e292cd8848094af08897074b8b80892785238ca5ce5,10561,content/abd_lineage/code/preflight_abd_limited_batch_v1.py,50ac27048db47208955a8e292cd8848094af08897074b8b80892785238ca5ce5,10561,ABD generation/freeze/validation/comparison script,exact_copy,0
scripts/run_abd_limited_batch_v1.py,4ef7014d75f47757a9c0add7622d2e2d958bac3134f7be1b08d6ea00f2720284,3044,content/abd_lineage/code/run_abd_limited_batch_v1.py,4ef7014d75f47757a9c0add7622d2e2d958bac3134f7be1b08d6ea00f2720284,3044,ABD generation/freeze/validation/comparison script,exact_copy,0
scripts/preflight_abd_continuation_v1.py,3067533d7e13bfd4d8f58e118d4d25c5e27f6396ab0271a19d0dbf6b694a3eab,4790,content/abd_lineage/code/preflight_abd_continuation_v1.py,3067533d7e13bfd4d8f58e118d4d25c5e27f6396ab0271a19d0dbf6b694a3eab,4790,ABD generation/freeze/validation/comparison script,exact_copy,0
scripts/run_abd_continuation_v1.py,481f80684540cf67ff6e86493944d28d6e110d65b747c1f8a52771e76b783ab2,2915,content/abd_lineage/code/run_abd_continuation_v1.py,481f80684540cf67ff6e86493944d28d6e110d65b747c1f8a52771e76b783ab2,2915,ABD generation/freeze/validation/comparison script,exact_copy,0
scripts/freeze_abd_raw_closure_v1.py,2722fe232eb8a51eba9c0aec99cc115afe71c1114536c356a5db21a0200be5b2,8157,content/abd_lineage/code/freeze_abd_raw_closure_v1.py,2722fe232eb8a51eba9c0aec99cc115afe71c1114536c356a5db21a0200be5b2,8157,ABD generation/freeze/validation/comparison script,exact_copy,0
scripts/prepare_abd_evidence_audit_v1.py,2f64df6ef2e01982366119364d51d90a1ece12b94351ae84ebb89352b6ac2eb1,6662,content/abd_lineage/code/prepare_abd_evidence_audit_v1.py,2f64df6ef2e01982366119364d51d90a1ece12b94351ae84ebb89352b6ac2eb1,6662,ABD generation/freeze/validation/comparison script,exact_copy,0
scripts/verify_abd_evidence_audit_inputs_v1.py,f325c402e0dcb09883681325c0cefc247890e6d960046f264b4959dea54c057c,3125,content/abd_lineage/code/verify_abd_evidence_audit_inputs_v1.py,f325c402e0dcb09883681325c0cefc247890e6d960046f264b4959dea54c057c,3125,ABD generation/freeze/validation/comparison script,exact_copy,0
scripts/merge_abd_audit_batch_fragments_v1.py,9dfd96a46a34dc512a62bd993ec2eca9115d681fa57b86cb7f97ca39fa3788f1,2193,content/abd_lineage/code/merge_abd_audit_batch_fragments_v1.py,9dfd96a46a34dc512a62bd993ec2eca9115d681fa57b86cb7f97ca39fa3788f1,2193,ABD generation/freeze/validation/comparison script,exact_copy,0
scripts/register_abd_valid_second_pass_batches_v1.py,01f9d0dd582d27c8c7d01637cb135e353af7e6b3589895def853553c16050e55,2371,content/abd_lineage/code/register_abd_valid_second_pass_batches_v1.py,01f9d0dd582d27c8c7d01637cb135e353af7e6b3589895def853553c16050e55,2371,ABD generation/freeze/validation/comparison script,exact_copy,0
scripts/freeze_abd_blinded_audit_v1.py,961f7a47f836e70a41cb3b3c30e52e53a7c5a21d0fe556dcd4ac9cd62b4a556e,6934,content/abd_lineage/code/freeze_abd_blinded_audit_v1.py,961f7a47f836e70a41cb3b3c30e52e53a7c5a21d0fe556dcd4ac9cd62b4a556e,6934,ABD generation/freeze/validation/comparison script,exact_copy,0
scripts/finalize_abd_evidence_audit_v1.py,fb45104fb852a486cc88479e8ce6d26523953741eff451669b356917ff229d5f,18949,content/abd_lineage/code/finalize_abd_evidence_audit_v1.py,fb45104fb852a486cc88479e8ce6d26523953741eff451669b356917ff229d5f,18949,ABD generation/freeze/validation/comparison script,exact_copy,0
scripts/build_abd_evidence_audit_correction_blinded_inputs_v1.py,a53d69bdad53b1b4ca6aa0931fb6f0a1ebcd547ef4ff8d8033fd259f566312f5,10495,content/abd_lineage/code/build_abd_evidence_audit_correction_blinded_inputs_v1.py,a53d69bdad53b1b4ca6aa0931fb6f0a1ebcd547ef4ff8d8033fd259f566312f5,10495,ABD generation/freeze/validation/comparison script,exact_copy,0
scripts/validate_abd_correction_results_v1.py,53854d84284f708991e0de560e4ab9a2dde92342dbd1a4210b55b31bb8bf7467,23196,content/abd_lineage/code/validate_abd_correction_results_v1.py,53854d84284f708991e0de560e4ab9a2dde92342dbd1a4210b55b31bb8bf7467,23196,ABD generation/freeze/validation/comparison script,exact_copy,0
scripts/diagnose_abd_audit_disagreements_v1.py,da64f2af06087ef41ee69fa75698764609528c7d0df3dc003689bf986c4fa51e,18857,content/abd_lineage/code/diagnose_abd_audit_disagreements_v1.py,da64f2af06087ef41ee69fa75698764609528c7d0df3dc003689bf986c4fa51e,18857,ABD generation/freeze/validation/comparison script,exact_copy,0
scripts/prepare_abd_disagreement_independent_review_v1.py,40c74ba108087faaad5fee7b9cbcd54122b3f6ec2ae86475fdf040483ce3e461,9944,content/abd_lineage/code/prepare_abd_disagreement_independent_review_v1.py,40c74ba108087faaad5fee7b9cbcd54122b3f6ec2ae86475fdf040483ce3e461,9944,ABD generation/freeze/validation/comparison script,exact_copy,0
scripts/freeze_abd_disagreement_independent_review_v1.py,6fb0653930797cefe1f76f3f75f354ddf5d6c82ddb62fc73d99b1aaf63b9e0a7,6206,content/abd_lineage/code/freeze_abd_disagreement_independent_review_v1.py,6fb0653930797cefe1f76f3f75f354ddf5d6c82ddb62fc73d99b1aaf63b9e0a7,6206,ABD generation/freeze/validation/comparison script,exact_copy,0
scripts/compare_abd_disagreement_independent_review_v1.py,76b4200262e664b178771def069e7fa9d6416342ce027664fb5d255e366166cb,10405,content/abd_lineage/code/compare_abd_disagreement_independent_review_v1.py,76b4200262e664b178771def069e7fa9d6416342ce027664fb5d255e366166cb,10405,ABD generation/freeze/validation/comparison script,exact_copy,0
scripts/analyze_abd_strict_support_disagreements_v1.py,b56fb482970148818c4a13181bbc0da584c3d3f85c12dc9ba717a25aba5edf9a,15495,content/abd_lineage/code/analyze_abd_strict_support_disagreements_v1.py,b56fb482970148818c4a13181bbc0da584c3d3f85c12dc9ba717a25aba5edf9a,15495,ABD generation/freeze/validation/comparison script,exact_copy,0
scripts/finalize_abd_evidence_audit_final_v1.py,be307260371c1d938700040b1821249145fbaa99f048a0e77d259b180408cea3,29094,content/abd_lineage/code/finalize_abd_evidence_audit_final_v1.py,be307260371c1d938700040b1821249145fbaa99f048a0e77d259b180408cea3,29094,ABD generation/freeze/validation/comparison script,exact_copy,0
scripts/score_abd_formal_v1.py,1ae5f0b69afe33d2778388f833c8669f77b849b02a4653a55c5a99eeec4fe1fc,2813,content/abd_lineage/code/score_abd_formal_v1.py,1ae5f0b69afe33d2778388f833c8669f77b849b02a4653a55c5a99eeec4fe1fc,2813,ABD generation/freeze/validation/comparison script,exact_copy,0
outputs/abd_eval300_evidence_audit_v1/ABD_CROSS_ANALYSIS_REPORT.md,f27eebad8ebb70c45bc5dd0c8cdbb6629a0e38e3640fd0edc0fe26e19a7c66f8,2482,content/abd_lineage/01_initial_audit_900/ABD_CROSS_ANALYSIS_REPORT.md,f27eebad8ebb70c45bc5dd0c8cdbb6629a0e38e3640fd0edc0fe26e19a7c66f8,2482,ABD initial 900 freeze/report/reproducibility artifact,exact_copy,0
outputs/abd_eval300_evidence_audit_v1/ABD_EVIDENCE_AUDIT_REPORT.md,5bc13efa5ab85d1d19b7b3a2f1e72cdf70206e1257beea76441f7b9fd2445bba,1273,content/abd_lineage/01_initial_audit_900/ABD_EVIDENCE_AUDIT_REPORT.md,5bc13efa5ab85d1d19b7b3a2f1e72cdf70206e1257beea76441f7b9fd2445bba,1273,ABD initial 900 freeze/report/reproducibility artifact,exact_copy,0
outputs/abd_eval300_evidence_audit_v1/AUDIT_CRITERIA_FROZEN.md,7e9e25909a97ade16b86c896e5b086f5148b7d3f1bda8a8118db8c07f318f4e3,1744,content/abd_lineage/01_initial_audit_900/AUDIT_CRITERIA_FROZEN.md,7e9e25909a97ade16b86c896e5b086f5148b7d3f1bda8a8118db8c07f318f4e3,1744,ABD initial 900 freeze/report/reproducibility artifact,exact_copy,0
outputs/abd_eval300_evidence_audit_v1/analysis_reproducibility_manifest.json,09089bc685407d891d421df228666796626dd165a4d95ec06e2573315fbc5062,2444,content/abd_lineage/01_initial_audit_900/analysis_reproducibility_manifest.json,09089bc685407d891d421df228666796626dd165a4d95ec06e2573315fbc5062,2444,ABD initial 900 freeze/report/reproducibility artifact,exact_copy,0
outputs/abd_eval300_evidence_audit_v1/archive_manifest.json,08953916e7800900193b4f99e7e8a286526010b5ae20060a7728fe375748e90e,28514,content/abd_lineage/01_initial_audit_900/archive_manifest.json,08953916e7800900193b4f99e7e8a286526010b5ae20060a7728fe375748e90e,28514,ABD initial 900 freeze/report/reproducibility artifact,exact_copy,0
outputs/abd_eval300_evidence_audit_v1/audit_freeze.json,274ec87afe996403a873520e2f5446821e18b73b157505ab5309b83db37d2855,1215,content/abd_lineage/01_initial_audit_900/audit_freeze.json,274ec87afe996403a873520e2f5446821e18b73b157505ab5309b83db37d2855,1215,ABD initial 900 freeze/report/reproducibility artifact,exact_copy,0
outputs/abd_eval300_evidence_audit_v1/batch_manifest.json,c26a16f22a725256fdbda1d223e70d8fc8c8c1031494ce18d29365de804e1c85,37606,content/abd_lineage/01_initial_audit_900/batch_manifest.json,c26a16f22a725256fdbda1d223e70d8fc8c8c1031494ce18d29365de804e1c85,37606,ABD initial 900 freeze/report/reproducibility artifact,exact_copy,0
outputs/abd_eval300_evidence_audit_v1/by_question_type.csv,efb1028e8ab40266b0e1ab5bd4c0c13a202bd2fac37f7e41cb4060b985c2c7ad,2501,content/abd_lineage/01_initial_audit_900/by_question_type.csv,efb1028e8ab40266b0e1ab5bd4c0c13a202bd2fac37f7e41cb4060b985c2c7ad,2501,ABD initial 900 freeze/report/reproducibility artifact,exact_copy,0
outputs/abd_eval300_evidence_audit_v1/by_video.csv,9d67869ca8d4cb28294e3c7ba567090036fffe5468dff5acb62afd6882ca2897,1490,content/abd_lineage/01_initial_audit_900/by_video.csv,9d67869ca8d4cb28294e3c7ba567090036fffe5468dff5acb62afd6882ca2897,1490,ABD initial 900 freeze/report/reproducibility artifact,exact_copy,0
outputs/abd_eval300_evidence_audit_v1/completion_ledger_B001_B064.json,c16653552664f0173c77df8a590bf31dd27470a34ef08b7f2e7bbfdcc54e6125,9021,content/abd_lineage/01_initial_audit_900/completion_ledger_B001_B064.json,c16653552664f0173c77df8a590bf31dd27470a34ef08b7f2e7bbfdcc54e6125,9021,ABD initial 900 freeze/report/reproducibility artifact,exact_copy,0
outputs/abd_eval300_evidence_audit_v1/evidence_score_cross_stats.json,1726cb182f8ebd6f87c245609ca4f1b58d9db5dd2c535fe8c23a172240946bc4,11156,content/abd_lineage/01_initial_audit_900/evidence_score_cross_stats.json,1726cb182f8ebd6f87c245609ca4f1b58d9db5dd2c535fe8c23a172240946bc4,11156,ABD initial 900 freeze/report/reproducibility artifact,exact_copy,0
outputs/abd_eval300_evidence_audit_v1/identity_mapping.json,8d9c8accf2316fe6ce86c7fe03e1bc42716c2fb6df1aa19840883920cf814edd,172178,content/abd_lineage/01_initial_audit_900/identity_mapping.json,8d9c8accf2316fe6ce86c7fe03e1bc42716c2fb6df1aa19840883920cf814edd,172178,ABD initial 900 freeze/report/reproducibility artifact,exact_copy,0
outputs/abd_eval300_evidence_audit_v1/invalid_first_pass_manifest.json,fd93d7f9cfca83f06d5bce227434d3d7a871f14de626f15dd3500d55dc14468c,73047,content/abd_lineage/01_initial_audit_900/invalid_first_pass_manifest.json,8880f72a01b3d883ebe1293b720b7209d99bd41aa7f08f36ad76cc2fb2af2b3f,55015,ABD initial 900 freeze/report/reproducibility artifact,absolute_personal_path_redaction_only,184
outputs/abd_eval300_evidence_audit_v1/ledger_B065_B128.json,cf3596c7e47544d94b360af86401291a20c87d6918e83254fecd848a09a047b4,19552,content/abd_lineage/01_initial_audit_900/ledger_B065_B128.json,cf3596c7e47544d94b360af86401291a20c87d6918e83254fecd848a09a047b4,19552,ABD initial 900 freeze/report/reproducibility artifact,exact_copy,0
outputs/abd_eval300_evidence_audit_v1/ledger_B129_B192.json,485d79c012ba9158bc72b3a994f3f4627f4c6683ebb75b4843a6ed2884e1678f,18156,content/abd_lineage/01_initial_audit_900/ledger_B129_B192.json,485d79c012ba9158bc72b3a994f3f4627f4c6683ebb75b4843a6ed2884e1678f,18156,ABD initial 900 freeze/report/reproducibility artifact,exact_copy,0
outputs/abd_eval300_evidence_audit_v1/package_freeze.json,7d668442fefdb85de5a4ced9809426b4b11fd469231538b0c65e19d5f62b3843,578,content/abd_lineage/01_initial_audit_900/package_freeze.json,7d668442fefdb85de5a4ced9809426b4b11fd469231538b0c65e19d5f62b3843,578,ABD initial 900 freeze/report/reproducibility artifact,exact_copy,0
outputs/abd_eval300_evidence_audit_v1/package_freeze_manifest.json,26896bfafcdca7c77becd1ec1d96462eec70d88107ba59f830d55aa6b02dbd65,832,content/abd_lineage/01_initial_audit_900/package_freeze_manifest.json,26896bfafcdca7c77becd1ec1d96462eec70d88107ba59f830d55aa6b02dbd65,832,ABD initial 900 freeze/report/reproducibility artifact,exact_copy,0
outputs/abd_eval300_evidence_audit_v1/pairwise_correctness.csv,35a3a69e0adff6cc1e0e595438e2dc025ddbfb2716333db62de5c30c3213cb75,266,content/abd_lineage/01_initial_audit_900/pairwise_correctness.csv,35a3a69e0adff6cc1e0e595438e2dc025ddbfb2716333db62de5c30c3213cb75,266,ABD initial 900 freeze/report/reproducibility artifact,exact_copy,0
outputs/abd_eval300_evidence_audit_v1/pairwise_support_transitions.csv,c4a3a78dc7af3516c0dd39ecca16b8b204dbb2b9b2247743ee70c567d67cb588,2624,content/abd_lineage/01_initial_audit_900/pairwise_support_transitions.csv,c4a3a78dc7af3516c0dd39ecca16b8b204dbb2b9b2247743ee70c567d67cb588,2624,ABD initial 900 freeze/report/reproducibility artifact,exact_copy,0
outputs/abd_eval300_evidence_audit_v1/raw_integrity.json,8c98d5efea03d5d9a22256d64b84a7b950c458f0b2f904fb9b6d1d32154931a3,875,content/abd_lineage/01_initial_audit_900/raw_integrity.json,8c98d5efea03d5d9a22256d64b84a7b950c458f0b2f904fb9b6d1d32154931a3,875,ABD initial 900 freeze/report/reproducibility artifact,exact_copy,0
outputs/abd_eval300_evidence_audit_v1/review_progress.json,eaf622f34296c9fb50e962967230db64de68d97764ecdef58c97b9a14b1889fe,56198,content/abd_lineage/01_initial_audit_900/review_progress.json,eaf622f34296c9fb50e962967230db64de68d97764ecdef58c97b9a14b1889fe,56198,ABD initial 900 freeze/report/reproducibility artifact,exact_copy,0
outputs/abd_eval300_evidence_audit_v1/scored_evidence_audit.jsonl,caaea6d247cc94a05b110db3f99df982bcf573de9a8b19b34ff08bb350fa03ec,1471520,content/abd_lineage/01_initial_audit_900/scored_evidence_audit.jsonl,be393221efe55843d9b79b2efa28f1acaa8ee2f634bf88750e07c93cfe224624,1462602,ABD initial 900 freeze/report/reproducibility artifact,absolute_personal_path_redaction_only,91
outputs/abd_eval300_evidence_audit_v1/scored_evidence_audit_blinded.jsonl,c44d08c95c22bc5f82fc5b97107d366b561ff0b617207e57a2899ec91a265c38,1224075,content/abd_lineage/01_initial_audit_900/scored_evidence_audit_blinded.jsonl,271e02918d29d00b14b83a495089f3896b2880447c78b22fab9da251de9f9266,1215157,ABD initial 900 freeze/report/reproducibility artifact,absolute_personal_path_redaction_only,91
outputs/abd_eval300_evidence_audit_v1/semantic_audit_acceptance.json,4d1246494d476af0eccacb7e74997e8669f8e02c439147a533d50e31f2ea48b0,518,content/abd_lineage/01_initial_audit_900/semantic_audit_acceptance.json,4d1246494d476af0eccacb7e74997e8669f8e02c439147a533d50e31f2ea48b0,518,ABD initial 900 freeze/report/reproducibility artifact,exact_copy,0
outputs/abd_eval300_evidence_audit_v1/unified_summary.csv,30218f8e56170ea65002b2707e649a5a99895054f49d665e8a5019b2aa0b9026,1293419,content/abd_lineage/01_initial_audit_900/unified_summary.csv,86989e68e0e553767cafe80db0012958ab9774d7e753934697924b19119528a9,1283600,ABD initial 900 freeze/report/reproducibility artifact,absolute_personal_path_redaction_only,91
outputs/abd_eval300_evidence_audit_v1/valid_second_pass_batches.json,3e2df4a48dcc126e50cd5ac42fdc013d45d017c5fa8d7c46d4c1ed59f910f45f,86065,content/abd_lineage/01_initial_audit_900/valid_second_pass_batches.json,3e2df4a48dcc126e50cd5ac42fdc013d45d017c5fa8d7c46d4c1ed59f910f45f,86065,ABD initial 900 freeze/report/reproducibility artifact,exact_copy,0
outputs/abd_eval300_evidence_audit_v1/reviews/B001.jsonl,1e2de8817eb301cd4ef2412a11634cb9fd3186a2cf508ec2365e0a0c7d2211ce,4626,content/abd_lineage/01_initial_audit_900/reviews/B001.jsonl,1e2de8817eb301cd4ef2412a11634cb9fd3186a2cf508ec2365e0a0c7d2211ce,4626,ABD initial accepted review batch,exact_copy,0
outputs/abd_eval300_evidence_audit_v1/reviews/B002.jsonl,598952fce6e49780a3af21508ec3a1aa6b35bfd47fb6354157cd39cd5afd8681,3488,content/abd_lineage/01_initial_audit_900/reviews/B002.jsonl,598952fce6e49780a3af21508ec3a1aa6b35bfd47fb6354157cd39cd5afd8681,3488,ABD initial accepted review batch,exact_copy,0
outputs/abd_eval300_evidence_audit_v1/reviews/B003.jsonl,d76c393795f6830e0fd5a955fe00188bded9f0898755b9d9d90cd9ab285f684e,3596,content/abd_lineage/01_initial_audit_900/reviews/B003.jsonl,d76c393795f6830e0fd5a955fe00188bded9f0898755b9d9d90cd9ab285f684e,3596,ABD initial accepted review batch,exact_copy,0
outputs/abd_eval300_evidence_audit_v1/reviews/B004.jsonl,4bab7a8d8e7cad6fc4b4fdb24e5a762e61d40abd150a14b52b7c9d8341873f96,4197,content/abd_lineage/01_initial_audit_900/reviews/B004.jsonl,2453358c2a6cb580b5a388d359d4e1c2dd5816f9c2ed9370bbd37c65b919871d,3707,ABD initial accepted review batch,absolute_personal_path_redaction_only,5
outputs/abd_eval300_evidence_audit_v1/reviews/B005.jsonl,7da4f1e588c6026984b8ccd44ac1fe6b82be9b8ac77e5af2ad116a8461779a5d,3638,content/abd_lineage/01_initial_audit_900/reviews/B005.jsonl,afb9aa92aa6321217296cfc8b5eac6adfec313d7a222bf9ee5717430f9b14f06,3344,ABD initial accepted review batch,absolute_personal_path_redaction_only,3
outputs/abd_eval300_evidence_audit_v1/reviews/B006.jsonl,cb2337e304fb24d603335c714d9a462dcdaec52d4e1c081a43279ca2fd6e1800,4308,content/abd_lineage/01_initial_audit_900/reviews/B006.jsonl,7f3bb308831738ab21058a9741ced5c40ce1a58169dc461e4b106d9198a5ff3e,3916,ABD initial accepted review batch,absolute_personal_path_redaction_only,4
outputs/abd_eval300_evidence_audit_v1/reviews/B007.jsonl,ad7b51aefef7609240d0c81ea8fa2729209fe6f8656b1d0193ae4b82f806d8ab,3503,content/abd_lineage/01_initial_audit_900/reviews/B007.jsonl,fe02a829f631c798b8b54e921b03e51caec9c2d3231642a3c6a3e30d5a869325,3111,ABD initial accepted review batch,absolute_personal_path_redaction_only,4
outputs/abd_eval300_evidence_audit_v1/reviews/B008.jsonl,a01fa7d6d3cf5a338f61e0ed08a16267aa3619e28502ca737a3de2140a1fa1a4,3330,content/abd_lineage/01_initial_audit_900/reviews/B008.jsonl,9783ade872be2feaaeca8133feddb71e3d15163fa9087f407256bdb6bc202216,2938,ABD initial accepted review batch,absolute_personal_path_redaction_only,4
outputs/abd_eval300_evidence_audit_v1/reviews/B009.jsonl,0a3035c97c0b877d7a1f9b7e971622c2b8656f94a96c7309d9ec785e3b0b2fbe,2968,content/abd_lineage/01_initial_audit_900/reviews/B009.jsonl,f81f8b1dae17ee321aa2f0eb3ed1abaf17244f106784d045cb8d0adb252f7704,2870,ABD initial accepted review batch,absolute_personal_path_redaction_only,1
outputs/abd_eval300_evidence_audit_v1/reviews/B010.jsonl,35fb3629140f26f629e8b60a79988c6cb266b5e61056901dce29332ae8e9476f,4099,content/abd_lineage/01_initial_audit_900/reviews/B010.jsonl,ca7bdca0d5ccfc00c4fd1c5e30187c14d8f037d8c57df7e8952c83fa981dc679,3609,ABD initial accepted review batch,absolute_personal_path_redaction_only,5
outputs/abd_eval300_evidence_audit_v1/reviews/B011.jsonl,1b5cb34446fa3e6e7085c41e0504247682711642bc4c689db1391eb93a97ec03,3401,content/abd_lineage/01_initial_audit_900/reviews/B011.jsonl,f9b3d1a9f9335f37580b4728c856114c6a4a8248737b37dcb768533d135835f4,3009,ABD initial accepted review batch,absolute_personal_path_redaction_only,4
outputs/abd_eval300_evidence_audit_v1/reviews/B012.jsonl,0f0221bafa6c1e69dd24e5851c99cbff6b136e2cb4ffe3072bcbfe29763ee3a0,3729,content/abd_lineage/01_initial_audit_900/reviews/B012.jsonl,448926f9473046b8a592aa95faea5b0b71d90a7e174b4e6e5276347c952865a0,3435,ABD initial accepted review batch,absolute_personal_path_redaction_only,3
outputs/abd_eval300_evidence_audit_v1/reviews/B013.jsonl,96f79074a34cbefb9381d1670fa4d3ae3b0a28d7fb555fe529af32ba2a4376ff,4015,content/abd_lineage/01_initial_audit_900/reviews/B013.jsonl,8598c6d30d8d979b13691e7433584f0b60c518a4658bc6950df10759b4acf8b6,3721,ABD initial accepted review batch,absolute_personal_path_redaction_only,3
outputs/abd_eval300_evidence_audit_v1/reviews/B014.jsonl,1b8e64e2745d96dae12b0e75d26a91439f18c60e01afedc1f00e040b69d7fedb,3485,content/abd_lineage/01_initial_audit_900/reviews/B014.jsonl,d40e7c00d0357ffc4422818735898aa2362285a41bcead9178d7ceeb6b08e2f6,3289,ABD initial accepted review batch,absolute_personal_path_redaction_only,2
outputs/abd_eval300_evidence_audit_v1/reviews/B015.jsonl,bb332358f03cd9840f37d0959cd8a28d55d03c9acd367377ddd32421d3e4e5f7,3685,content/abd_lineage/01_initial_audit_900/reviews/B015.jsonl,b735faf5dfeccd0da9d7c7aab1f0c6183d15a93e7763bf50e08033fd82c7e519,3489,ABD initial accepted review batch,absolute_personal_path_redaction_only,2
outputs/abd_eval300_evidence_audit_v1/reviews/B016.jsonl,6d103f01ab73c648b4d9a90864af7a99e0015d72d055b7f0efb0c0e8b14467f7,4006,content/abd_lineage/01_initial_audit_900/reviews/B016.jsonl,c18614431a182d86727de917c6ba4ea0a034851dcef088a6eb762629b80efbe1,3516,ABD initial accepted review batch,absolute_personal_path_redaction_only,5
outputs/abd_eval300_evidence_audit_v1/reviews/B017.jsonl,28a2db0f6cf63a9cf210e7537523329cf63bb5186e82f8817e822d3d8bfedc31,3634,content/abd_lineage/01_initial_audit_900/reviews/B017.jsonl,1183050949e97e39a1d829f10f0e1095b6a6c834bd0f1b8234c83353ac1a8ab8,3536,ABD initial accepted review batch,absolute_personal_path_redaction_only,1
outputs/abd_eval300_evidence_audit_v1/reviews/B018.jsonl,4d11fdc870ff78b745968d3e9c65e22d4fcbaf994b91d25ed4cbb6da2cf531f9,2944,content/abd_lineage/01_initial_audit_900/reviews/B018.jsonl,3cbdbedf3afca20641fcccc3d382ae102c57acf6397e4bb873b1d398fdfb7e01,2552,ABD initial accepted review batch,absolute_personal_path_redaction_only,4
outputs/abd_eval300_evidence_audit_v1/reviews/B019.jsonl,24b79b46875d16c9f6a4a800a3fe3c7439dba96f1e6eada5992ff10daafa2972,3078,content/abd_lineage/01_initial_audit_900/reviews/B019.jsonl,7854042d42d1a8806f31bb5a698ee33a046a01ea0e4f0aaab3f4c006074e5bff,2784,ABD initial accepted review batch,absolute_personal_path_redaction_only,3
outputs/abd_eval300_evidence_audit_v1/reviews/B020.jsonl,35e82b068692a627a5b311fd631b40f2e4341838e5c3da055f4c08bb61c1b9f9,9838,content/abd_lineage/01_initial_audit_900/reviews/B020.jsonl,35e82b068692a627a5b311fd631b40f2e4341838e5c3da055f4c08bb61c1b9f9,9838,ABD initial accepted review batch,exact_copy,0
outputs/abd_eval300_evidence_audit_v1/reviews/B021.jsonl,8d91c2525638c9ff72fb79670f10963fec34151a14ab1a1df5006124afe7018f,8417,content/abd_lineage/01_initial_audit_900/reviews/B021.jsonl,8d91c2525638c9ff72fb79670f10963fec34151a14ab1a1df5006124afe7018f,8417,ABD initial accepted review batch,exact_copy,0
outputs/abd_eval300_evidence_audit_v1/reviews/B022.jsonl,b5194e27f8671dcca5bb36fc6a15ae95472ff211394f5adeff29584d85844f7f,3932,content/abd_lineage/01_initial_audit_900/reviews/B022.jsonl,b5194e27f8671dcca5bb36fc6a15ae95472ff211394f5adeff29584d85844f7f,3932,ABD initial accepted review batch,exact_copy,0
outputs/abd_eval300_evidence_audit_v1/reviews/B023.jsonl,fb003bff2773461b9d49777036bc00792aaf6c37ed7334a3786e75096ffa6b3d,11313,content/abd_lineage/01_initial_audit_900/reviews/B023.jsonl,fb003bff2773461b9d49777036bc00792aaf6c37ed7334a3786e75096ffa6b3d,11313,ABD initial accepted review batch,exact_copy,0
outputs/abd_eval300_evidence_audit_v1/reviews/B024.jsonl,8fdcb8b8ed581ad47e6d748c8ad956248ad70f53851033a05b5367cd8d9c329d,3813,content/abd_lineage/01_initial_audit_900/reviews/B024.jsonl,dcc6f4979f02391974e8d716f652911b9aa725828d6b074b8d2e9a504cbe7384,3617,ABD initial accepted review batch,absolute_personal_path_redaction_only,2
outputs/abd_eval300_evidence_audit_v1/reviews/B025.jsonl,b3b35d43a27b16c20656c2297fecc283e0ba4586c58095b24917353a37690739,3880,content/abd_lineage/01_initial_audit_900/reviews/B025.jsonl,b3b35d43a27b16c20656c2297fecc283e0ba4586c58095b24917353a37690739,3880,ABD initial accepted review batch,exact_copy,0
outputs/abd_eval300_evidence_audit_v1/reviews/B026.jsonl,3d1310d66fe94e8e0a1eeb1c6cfc83e83a44685b6e77c894e44a0af1df11504d,4114,content/abd_lineage/01_initial_audit_900/reviews/B026.jsonl,a09ebc15ce9c6653e32bc0d6cce42a82ab2510cac84e56eec0fa893173481d78,3918,ABD initial accepted review batch,absolute_personal_path_redaction_only,2
outputs/abd_eval300_evidence_audit_v1/reviews/B027.jsonl,bf5a3bcb5613b846e90e7356b1b39711e41cae3a0e9dc70a80b1a06b816c3c65,3685,content/abd_lineage/01_initial_audit_900/reviews/B027.jsonl,2dad1ee18efd4712aa12dd232c9825b74a3732b9cfc4742647099589111d9264,3293,ABD initial accepted review batch,absolute_personal_path_redaction_only,4
outputs/abd_eval300_evidence_audit_v1/reviews/B028.jsonl,a219b3687f9ef830a07a6243d41c55a196caf422058d8e049d99528863255ae7,2720,content/abd_lineage/01_initial_audit_900/reviews/B028.jsonl,7adce071c65cdc9a2c14fd4c424aefd99335cb26911103f7d3a8023f9029b721,2426,ABD initial accepted review batch,absolute_personal_path_redaction_only,3
outputs/abd_eval300_evidence_audit_v1/reviews/B029.jsonl,66cd58d468cd3921193279972e9744953fbf5b7a8bd260e4de3d79d66be14118,4515,content/abd_lineage/01_initial_audit_900/reviews/B029.jsonl,66cd58d468cd3921193279972e9744953fbf5b7a8bd260e4de3d79d66be14118,4515,ABD initial accepted review batch,exact_copy,0
outputs/abd_eval300_evidence_audit_v1/reviews/B030.jsonl,91e0f6fd6ae6a37bf3a9d3e4afb9b5c179f5414a6a0f5cc119eb175cf9415ece,3027,content/abd_lineage/01_initial_audit_900/reviews/B030.jsonl,242546086a3d40288f550ade97b27f0200e00cf5ac9929d250e5974662797f3f,2635,ABD initial accepted review batch,absolute_personal_path_redaction_only,4
outputs/abd_eval300_evidence_audit_v1/reviews/B031.jsonl,991c4b1df1915de5770199861ed6985506fe32d4362139d64b7ad511458fe3d3,3071,content/abd_lineage/01_initial_audit_900/reviews/B031.jsonl,f02f8a03ec06b30e21fce3ff3684ca5e56112ad789c149ff508e807d2917ca01,2973,ABD initial accepted review batch,absolute_personal_path_redaction_only,1
outputs/abd_eval300_evidence_audit_v1/reviews/B032.jsonl,e72e385c4b31010620a7233e0482cc4627388c06b110923894e9542b1d5a2ba7,4154,content/abd_lineage/01_initial_audit_900/reviews/B032.jsonl,e32c136088cd5a2e82edf05c6349167493b570aeffd04b4404370575581ea787,3860,ABD initial accepted review batch,absolute_personal_path_redaction_only,3
outputs/abd_eval300_evidence_audit_v1/reviews/B033.jsonl,122d29047aea00438d47bde084b394f6add96845765227129f62d933a759ac86,4501,content/abd_lineage/01_initial_audit_900/reviews/B033.jsonl,9bcdee771331c875af6c54b8bf28f5f51e25d0485fbc3c06e7af6454feba47eb,4109,ABD initial accepted review batch,absolute_personal_path_redaction_only,4
outputs/abd_eval300_evidence_audit_v1/reviews/B034.jsonl,4453062c27e80ade618d5d5a437315ed2936246ecc61a953eff8a41cdd842c0a,3102,content/abd_lineage/01_initial_audit_900/reviews/B034.jsonl,e4acaa707b76f5f48a6bd0263445d2998c7001fe9f886461a3c2e929119af8b5,2808,ABD initial accepted review batch,absolute_personal_path_redaction_only,3
outputs/abd_eval300_evidence_audit_v1/reviews/B035.jsonl,e7050b8e50929b87ae3693ecb68cc66dc6b3412b5a3a331580c6c80b0b6b9e3e,4439,content/abd_lineage/01_initial_audit_900/reviews/B035.jsonl,8928db6cad17ca036fc5c28f28c5eb60f5a9fb6fa64dca276b5280d660776e60,4243,ABD initial accepted review batch,absolute_personal_path_redaction_only,2
outputs/abd_eval300_evidence_audit_v1/reviews/B036.jsonl,ab29ce1161d094b72a3dadfbdf5f0124fe4da57c1c3928cb5318972a9ce62d63,4491,content/abd_lineage/01_initial_audit_900/reviews/B036.jsonl,7755468c523298d406c0268c1534dacc07cd8523ef82146314e3b8250f506434,4197,ABD initial accepted review batch,absolute_personal_path_redaction_only,3
outputs/abd_eval300_evidence_audit_v1/reviews/B037.jsonl,a8f7f4566f7708d133aadb75531057a91976c6d4e8ee08bd9cb4fdb5ab65e4d5,3421,content/abd_lineage/01_initial_audit_900/reviews/B037.jsonl,b045e874411a018deeb6ed14b40e4610e102ff23e2b379d8d8810721130beb60,3225,ABD initial accepted review batch,absolute_personal_path_redaction_only,2
outputs/abd_eval300_evidence_audit_v1/reviews/B038.jsonl,5cd520244ef2ffd1f6457d85d6b77dd2cb3803bbe111089db8c0d93a060f0c7b,4555,content/abd_lineage/01_initial_audit_900/reviews/B038.jsonl,4afd0665deb3f6199ed36a5c3ebbe103b4120a120b73a8e683c908a51775a6cf,4261,ABD initial accepted review batch,absolute_personal_path_redaction_only,3
outputs/abd_eval300_evidence_audit_v1/reviews/B039.jsonl,c9f3851c8b6e6162b40be4161e44df58aa8043e497e66680a95c4190471c6438,3978,content/abd_lineage/01_initial_audit_900/reviews/B039.jsonl,9e754035d28ed4b850046d821a80124e0dbdb97f325d30745781949d03f3aabb,3782,ABD initial accepted review batch,absolute_personal_path_redaction_only,2
outputs/abd_eval300_evidence_audit_v1/reviews/B040.jsonl,0d70c73b280d75a59eb2129a7c4e725903a74625232f26aadd6f5b4e4425354a,4740,content/abd_lineage/01_initial_audit_900/reviews/B040.jsonl,0d70c73b280d75a59eb2129a7c4e725903a74625232f26aadd6f5b4e4425354a,4740,ABD initial accepted review batch,exact_copy,0
outputs/abd_eval300_evidence_audit_v1/reviews/B041.jsonl,e7d508031465ce9197737857ed79f18c84510a34de8617df6e348b17615475d9,3796,content/abd_lineage/01_initial_audit_900/reviews/B041.jsonl,e7d508031465ce9197737857ed79f18c84510a34de8617df6e348b17615475d9,3796,ABD initial accepted review batch,exact_copy,0
outputs/abd_eval300_evidence_audit_v1/reviews/B042.jsonl,5e895009da49037485f12c2df64705e15a8c6e969543feae8fe99d73272d4b8a,4414,content/abd_lineage/01_initial_audit_900/reviews/B042.jsonl,5e895009da49037485f12c2df64705e15a8c6e969543feae8fe99d73272d4b8a,4414,ABD initial accepted review batch,exact_copy,0
outputs/abd_eval300_evidence_audit_v1/reviews/B043.jsonl,902319d636637e7f6c506a1804736054b7ed97d727973ef323a7ce7975bc984c,4494,content/abd_lineage/01_initial_audit_900/reviews/B043.jsonl,902319d636637e7f6c506a1804736054b7ed97d727973ef323a7ce7975bc984c,4494,ABD initial accepted review batch,exact_copy,0
outputs/abd_eval300_evidence_audit_v1/reviews/B044.jsonl,355e3d464f02156c9f0607f930c77a535472669c06999794e372dc8322751756,4191,content/abd_lineage/01_initial_audit_900/reviews/B044.jsonl,355e3d464f02156c9f0607f930c77a535472669c06999794e372dc8322751756,4191,ABD initial accepted review batch,exact_copy,0
outputs/abd_eval300_evidence_audit_v1/reviews/B045.jsonl,66607f828dbc713709687d41050229b2576a6e8e800eda64d16ca9c5689de6b1,4664,content/abd_lineage/01_initial_audit_900/reviews/B045.jsonl,66607f828dbc713709687d41050229b2576a6e8e800eda64d16ca9c5689de6b1,4664,ABD initial accepted review batch,exact_copy,0
outputs/abd_eval300_evidence_audit_v1/reviews/B046.jsonl,0938030236e457571eaa5dd019e6a197024726e92830924f0aef1db82ea66ad2,5128,content/abd_lineage/01_initial_audit_900/reviews/B046.jsonl,0938030236e457571eaa5dd019e6a197024726e92830924f0aef1db82ea66ad2,5128,ABD initial accepted review batch,exact_copy,0
outputs/abd_eval300_evidence_audit_v1/reviews/B047.jsonl,d10c1e165bf2c12a04f4be53f74af4ff2a4fd00e5a478ecbd03d3a0083bf8309,3484,content/abd_lineage/01_initial_audit_900/reviews/B047.jsonl,d10c1e165bf2c12a04f4be53f74af4ff2a4fd00e5a478ecbd03d3a0083bf8309,3484,ABD initial accepted review batch,exact_copy,0
outputs/abd_eval300_evidence_audit_v1/reviews/B048.jsonl,f1c4fb8b9af466c9f3814fb9403331a76c440cf4781702a6137cf1fc29b3d87e,5080,content/abd_lineage/01_initial_audit_900/reviews/B048.jsonl,f1c4fb8b9af466c9f3814fb9403331a76c440cf4781702a6137cf1fc29b3d87e,5080,ABD initial accepted review batch,exact_copy,0
outputs/abd_eval300_evidence_audit_v1/reviews/B049.jsonl,f8081651f61b6cbca5d93265dd3e981436eb3202698386f8aada6fcc1befb0e1,4122,content/abd_lineage/01_initial_audit_900/reviews/B049.jsonl,f8081651f61b6cbca5d93265dd3e981436eb3202698386f8aada6fcc1befb0e1,4122,ABD initial accepted review batch,exact_copy,0
outputs/abd_eval300_evidence_audit_v1/reviews/B050.jsonl,02f3572e2519d233bdb8e0fecb5255083db8858c139748bf2d434cf94b7a5adf,3026,content/abd_lineage/01_initial_audit_900/reviews/B050.jsonl,02f3572e2519d233bdb8e0fecb5255083db8858c139748bf2d434cf94b7a5adf,3026,ABD initial accepted review batch,exact_copy,0
outputs/abd_eval300_evidence_audit_v1/reviews/B051.jsonl,5086ff64e832c2b92b9659606c256c9786df535969d631df4006aa6128438a0a,3956,content/abd_lineage/01_initial_audit_900/reviews/B051.jsonl,5086ff64e832c2b92b9659606c256c9786df535969d631df4006aa6128438a0a,3956,ABD initial accepted review batch,exact_copy,0
outputs/abd_eval300_evidence_audit_v1/reviews/B052.jsonl,3c9055a2501294448f8ba66f144d4c513516b34f5e6df6b0ebd3b9b4bcc17f02,3978,content/abd_lineage/01_initial_audit_900/reviews/B052.jsonl,3c9055a2501294448f8ba66f144d4c513516b34f5e6df6b0ebd3b9b4bcc17f02,3978,ABD initial accepted review batch,exact_copy,0
outputs/abd_eval300_evidence_audit_v1/reviews/B053.jsonl,6c17c18e05ac0d6543a9663ce8599015b6bcee5669fa3f8c322c74c585341ffd,3232,content/abd_lineage/01_initial_audit_900/reviews/B053.jsonl,6c17c18e05ac0d6543a9663ce8599015b6bcee5669fa3f8c322c74c585341ffd,3232,ABD initial accepted review batch,exact_copy,0
outputs/abd_eval300_evidence_audit_v1/reviews/B054.jsonl,4c39a50b190d8e0cd9359c0e9a9a837f742c318375394d1214515929f080bf8b,3686,content/abd_lineage/01_initial_audit_900/reviews/B054.jsonl,4c39a50b190d8e0cd9359c0e9a9a837f742c318375394d1214515929f080bf8b,3686,ABD initial accepted review batch,exact_copy,0
outputs/abd_eval300_evidence_audit_v1/reviews/B055.jsonl,4d1d5d00be56227da729cf32a4290d348ea236090ce3a07c7d2b3b0e05607a5c,3959,content/abd_lineage/01_initial_audit_900/reviews/B055.jsonl,4d1d5d00be56227da729cf32a4290d348ea236090ce3a07c7d2b3b0e05607a5c,3959,ABD initial accepted review batch,exact_copy,0
outputs/abd_eval300_evidence_audit_v1/reviews/B056.jsonl,de26c7d9ca09a477dd3d2efa489166b0bda52ee404715e42dca8674bcd7aa429,2852,content/abd_lineage/01_initial_audit_900/reviews/B056.jsonl,de26c7d9ca09a477dd3d2efa489166b0bda52ee404715e42dca8674bcd7aa429,2852,ABD initial accepted review batch,exact_copy,0
outputs/abd_eval300_evidence_audit_v1/reviews/B057.jsonl,f0618f83e5799c2ebc0a5c2d62a58bea965a69a6c49260a0dcbd11f5dffbbe63,4289,content/abd_lineage/01_initial_audit_900/reviews/B057.jsonl,f0618f83e5799c2ebc0a5c2d62a58bea965a69a6c49260a0dcbd11f5dffbbe63,4289,ABD initial accepted review batch,exact_copy,0
outputs/abd_eval300_evidence_audit_v1/reviews/B058.jsonl,37ca13804b88e79315fbec390a8faf4ae0f7bfee3e63ff20af5ed6c2245c34de,3907,content/abd_lineage/01_initial_audit_900/reviews/B058.jsonl,37ca13804b88e79315fbec390a8faf4ae0f7bfee3e63ff20af5ed6c2245c34de,3907,ABD initial accepted review batch,exact_copy,0
outputs/abd_eval300_evidence_audit_v1/reviews/B059.jsonl,5265bad50ebae3b17fa46fc5b9fc5e110a45408bb3dcec29394422edc6c1934f,3526,content/abd_lineage/01_initial_audit_900/reviews/B059.jsonl,5265bad50ebae3b17fa46fc5b9fc5e110a45408bb3dcec29394422edc6c1934f,3526,ABD initial accepted review batch,exact_copy,0
outputs/abd_eval300_evidence_audit_v1/reviews/B060.jsonl,8a46672a49f37565defc70e91c7e7e1b64d42faf96c8a1519ad22f8c39a6f1f9,2991,content/abd_lineage/01_initial_audit_900/reviews/B060.jsonl,8a46672a49f37565defc70e91c7e7e1b64d42faf96c8a1519ad22f8c39a6f1f9,2991,ABD initial accepted review batch,exact_copy,0
outputs/abd_eval300_evidence_audit_v1/reviews/B061.jsonl,d4bb5d02c6c3b63c73dadc34e95835995faf4a8ea320320a7f02af07acb87ba8,3755,content/abd_lineage/01_initial_audit_900/reviews/B061.jsonl,d4bb5d02c6c3b63c73dadc34e95835995faf4a8ea320320a7f02af07acb87ba8,3755,ABD initial accepted review batch,exact_copy,0
outputs/abd_eval300_evidence_audit_v1/reviews/B062.jsonl,4937c22125a030aa6aedfd7047a6fa24a74c17b4a665cbec4e0da58d9ff33b01,3957,content/abd_lineage/01_initial_audit_900/reviews/B062.jsonl,4937c22125a030aa6aedfd7047a6fa24a74c17b4a665cbec4e0da58d9ff33b01,3957,ABD initial accepted review batch,exact_copy,0
outputs/abd_eval300_evidence_audit_v1/reviews/B063.jsonl,5a8cd72d3f5b08b14197f0b16d207fd7f9820d2ec120afc2c3a5e63fa16e7895,2840,content/abd_lineage/01_initial_audit_900/reviews/B063.jsonl,5a8cd72d3f5b08b14197f0b16d207fd7f9820d2ec120afc2c3a5e63fa16e7895,2840,ABD initial accepted review batch,exact_copy,0
outputs/abd_eval300_evidence_audit_v1/reviews/B064.jsonl,b095eaf91f817bd6390bf428766c510adefe5839488fc01373d4ac181a545083,4252,content/abd_lineage/01_initial_audit_900/reviews/B064.jsonl,b095eaf91f817bd6390bf428766c510adefe5839488fc01373d4ac181a545083,4252,ABD initial accepted review batch,exact_copy,0
outputs/abd_eval300_evidence_audit_v1/reviews/B065.jsonl,95f90ea18b5a5345bd9443f8e342a38fb9f3516996d2da89660724d0f3f007d0,12290,content/abd_lineage/01_initial_audit_900/reviews/B065.jsonl,95f90ea18b5a5345bd9443f8e342a38fb9f3516996d2da89660724d0f3f007d0,12290,ABD initial accepted review batch,exact_copy,0
outputs/abd_eval300_evidence_audit_v1/reviews/B066.jsonl,5966de807520b7c16770197ca00948dde0a2f0dece6ae7a96477ba30d159d86f,8996,content/abd_lineage/01_initial_audit_900/reviews/B066.jsonl,5966de807520b7c16770197ca00948dde0a2f0dece6ae7a96477ba30d159d86f,8996,ABD initial accepted review batch,exact_copy,0
outputs/abd_eval300_evidence_audit_v1/reviews/B067.jsonl,60b418da823069691ad45cdada3172e260ac93bbee6f1ee8b445e436c3858152,22588,content/abd_lineage/01_initial_audit_900/reviews/B067.jsonl,60b418da823069691ad45cdada3172e260ac93bbee6f1ee8b445e436c3858152,22588,ABD initial accepted review batch,exact_copy,0
outputs/abd_eval300_evidence_audit_v1/reviews/B068.jsonl,99fb167a29f9b6d7d7234a834c5afe660cc9bbc6e0cdedcf34176efc5f5206d3,6497,content/abd_lineage/01_initial_audit_900/reviews/B068.jsonl,99fb167a29f9b6d7d7234a834c5afe660cc9bbc6e0cdedcf34176efc5f5206d3,6497,ABD initial accepted review batch,exact_copy,0
outputs/abd_eval300_evidence_audit_v1/reviews/B069.jsonl,1b87f06dbfe50ee6e64bc5b1db28172dea400548aa76d666a62b0f72acea9259,5825,content/abd_lineage/01_initial_audit_900/reviews/B069.jsonl,1b87f06dbfe50ee6e64bc5b1db28172dea400548aa76d666a62b0f72acea9259,5825,ABD initial accepted review batch,exact_copy,0
outputs/abd_eval300_evidence_audit_v1/reviews/B070.jsonl,3796cdb72fbcc13eb4f3a32130f5185a44b42da6e7b1b71fa48a987e29352ca9,16511,content/abd_lineage/01_initial_audit_900/reviews/B070.jsonl,3796cdb72fbcc13eb4f3a32130f5185a44b42da6e7b1b71fa48a987e29352ca9,16511,ABD initial accepted review batch,exact_copy,0
outputs/abd_eval300_evidence_audit_v1/reviews/B071.jsonl,9afd8b9f39a90f521f66533fb3d7e86192f4ae7d2ee9a7b3ba292d8bd97705ee,10068,content/abd_lineage/01_initial_audit_900/reviews/B071.jsonl,9afd8b9f39a90f521f66533fb3d7e86192f4ae7d2ee9a7b3ba292d8bd97705ee,10068,ABD initial accepted review batch,exact_copy,0
outputs/abd_eval300_evidence_audit_v1/reviews/B072.jsonl,b9fb9687983d974cb63fccccf2a54c397de8963d69bd0c85e5cfcad777c07fac,13452,content/abd_lineage/01_initial_audit_900/reviews/B072.jsonl,b9fb9687983d974cb63fccccf2a54c397de8963d69bd0c85e5cfcad777c07fac,13452,ABD initial accepted review batch,exact_copy,0
outputs/abd_eval300_evidence_audit_v1/reviews/B073.jsonl,126e99691ba5b0dd386a54c67a4a705920e98dd0284586b0e3ba40467dba294c,10493,content/abd_lineage/01_initial_audit_900/reviews/B073.jsonl,126e99691ba5b0dd386a54c67a4a705920e98dd0284586b0e3ba40467dba294c,10493,ABD initial accepted review batch,exact_copy,0
outputs/abd_eval300_evidence_audit_v1/reviews/B074.jsonl,0488d586b2004ac24260791273059ba8fdefeedd3f2296a9c8f53f04e0f42d7b,12448,content/abd_lineage/01_initial_audit_900/reviews/B074.jsonl,0488d586b2004ac24260791273059ba8fdefeedd3f2296a9c8f53f04e0f42d7b,12448,ABD initial accepted review batch,exact_copy,0
outputs/abd_eval300_evidence_audit_v1/reviews/B075.jsonl,8f1d7b28ce72f6e50ef7c012d0094459a89d0b74999f9f0bc5e6b6b81c4ef446,15512,content/abd_lineage/01_initial_audit_900/reviews/B075.jsonl,8f1d7b28ce72f6e50ef7c012d0094459a89d0b74999f9f0bc5e6b6b81c4ef446,15512,ABD initial accepted review batch,exact_copy,0
outputs/abd_eval300_evidence_audit_v1/reviews/B076.jsonl,ceeeafd5e47d01870a6cf2e272541892cad13fa275ed17604513f70f49e3969e,8592,content/abd_lineage/01_initial_audit_900/reviews/B076.jsonl,ceeeafd5e47d01870a6cf2e272541892cad13fa275ed17604513f70f49e3969e,8592,ABD initial accepted review batch,exact_copy,0
outputs/abd_eval300_evidence_audit_v1/reviews/B077.jsonl,b8dc8087fd09aba1b7a0496214cbb3400449e110dd07e832ba9fda40a9570dfd,12299,content/abd_lineage/01_initial_audit_900/reviews/B077.jsonl,b8dc8087fd09aba1b7a0496214cbb3400449e110dd07e832ba9fda40a9570dfd,12299,ABD initial accepted review batch,exact_copy,0
outputs/abd_eval300_evidence_audit_v1/reviews/B078.jsonl,fe1924a7d72f89699cdb5666fb28c77a8c211b0b9c641317d1d7cf4641f7816c,13936,content/abd_lineage/01_initial_audit_900/reviews/B078.jsonl,fe1924a7d72f89699cdb5666fb28c77a8c211b0b9c641317d1d7cf4641f7816c,13936,ABD initial accepted review batch,exact_copy,0
outputs/abd_eval300_evidence_audit_v1/reviews/B079.jsonl,56c3bdffa5a77d7d707beed5c1496ebf18de447e3583f310275e25d01814b92f,5882,content/abd_lineage/01_initial_audit_900/reviews/B079.jsonl,56c3bdffa5a77d7d707beed5c1496ebf18de447e3583f310275e25d01814b92f,5882,ABD initial accepted review batch,exact_copy,0
outputs/abd_eval300_evidence_audit_v1/reviews/B080.jsonl,41321b506600609a8486eabe5d2297f0996243e92457023b62c31b532a137546,15997,content/abd_lineage/01_initial_audit_900/reviews/B080.jsonl,41321b506600609a8486eabe5d2297f0996243e92457023b62c31b532a137546,15997,ABD initial accepted review batch,exact_copy,0
outputs/abd_eval300_evidence_audit_v1/reviews/B081.jsonl,8bcf975a9cd49fa58320b8ea69529745611dbf4cca7b28eacc38961e17288a46,11941,content/abd_lineage/01_initial_audit_900/reviews/B081.jsonl,8bcf975a9cd49fa58320b8ea69529745611dbf4cca7b28eacc38961e17288a46,11941,ABD initial accepted review batch,exact_copy,0
outputs/abd_eval300_evidence_audit_v1/reviews/B082.jsonl,655c18115e848661a3937401e2c418e0d8b3f3869c447c3174c8c0468a855016,10480,content/abd_lineage/01_initial_audit_900/reviews/B082.jsonl,655c18115e848661a3937401e2c418e0d8b3f3869c447c3174c8c0468a855016,10480,ABD initial accepted review batch,exact_copy,0
outputs/abd_eval300_evidence_audit_v1/reviews/B083.jsonl,9bf2b928bd3d4167a6a7fc78e9d10f72b6e629f397caf6315e0fe648d317f979,5799,content/abd_lineage/01_initial_audit_900/reviews/B083.jsonl,9bf2b928bd3d4167a6a7fc78e9d10f72b6e629f397caf6315e0fe648d317f979,5799,ABD initial accepted review batch,exact_copy,0
outputs/abd_eval300_evidence_audit_v1/reviews/B084.jsonl,a7c0ba3eec2de956f5bf1a02a367146546620826ad463d2ae5c75e0c45b90a2d,20036,content/abd_lineage/01_initial_audit_900/reviews/B084.jsonl,a7c0ba3eec2de956f5bf1a02a367146546620826ad463d2ae5c75e0c45b90a2d,20036,ABD initial accepted review batch,exact_copy,0
outputs/abd_eval300_evidence_audit_v1/reviews/B085.jsonl,aa781301058cce6434f69c8f17cfe345475ef6df1e1cca7505adc7db57230336,9016,content/abd_lineage/01_initial_audit_900/reviews/B085.jsonl,aa781301058cce6434f69c8f17cfe345475ef6df1e1cca7505adc7db57230336,9016,ABD initial accepted review batch,exact_copy,0
outputs/abd_eval300_evidence_audit_v1/reviews/B086.jsonl,6a30b7b2bda70aae644f997a450baf2cf332c367f3a29788dd7b883c4d38fd76,16134,content/abd_lineage/01_initial_audit_900/reviews/B086.jsonl,6a30b7b2bda70aae644f997a450baf2cf332c367f3a29788dd7b883c4d38fd76,16134,ABD initial accepted review batch,exact_copy,0
outputs/abd_eval300_evidence_audit_v1/reviews/B087.jsonl,3eebb2b62c76d02b27e9bdf62753299a0b6b355a0856227d6cb5c05794f00f1b,8895,content/abd_lineage/01_initial_audit_900/reviews/B087.jsonl,3eebb2b62c76d02b27e9bdf62753299a0b6b355a0856227d6cb5c05794f00f1b,8895,ABD initial accepted review batch,exact_copy,0
outputs/abd_eval300_evidence_audit_v1/reviews/B088.jsonl,c7d1d19773848a57fdb3f76b0f0aefb93f32b8da7dc9a07b167fd44d97bcb7bb,11048,content/abd_lineage/01_initial_audit_900/reviews/B088.jsonl,c7d1d19773848a57fdb3f76b0f0aefb93f32b8da7dc9a07b167fd44d97bcb7bb,11048,ABD initial accepted review batch,exact_copy,0
outputs/abd_eval300_evidence_audit_v1/reviews/B089.jsonl,2831b6f2348529b204b5a2f0ba6050676c0ecf10d2d9324404b316e6aa1c29be,21781,content/abd_lineage/01_initial_audit_900/reviews/B089.jsonl,2831b6f2348529b204b5a2f0ba6050676c0ecf10d2d9324404b316e6aa1c29be,21781,ABD initial accepted review batch,exact_copy,0
outputs/abd_eval300_evidence_audit_v1/reviews/B090.jsonl,aff7fdebdaabc326bb936234a973e77de92a244135bd5c7ca5de421c1f5555ee,6554,content/abd_lineage/01_initial_audit_900/reviews/B090.jsonl,aff7fdebdaabc326bb936234a973e77de92a244135bd5c7ca5de421c1f5555ee,6554,ABD initial accepted review batch,exact_copy,0
outputs/abd_eval300_evidence_audit_v1/reviews/B091.jsonl,cf2ba237ec0d70ab99957310d8175e80ac3ef0e21dcbb40185f66fd74c2bac03,26809,content/abd_lineage/01_initial_audit_900/reviews/B091.jsonl,cf2ba237ec0d70ab99957310d8175e80ac3ef0e21dcbb40185f66fd74c2bac03,26809,ABD initial accepted review batch,exact_copy,0
outputs/abd_eval300_evidence_audit_v1/reviews/B092.jsonl,052a0ef930c602b9bf3045e11af2ea56bb32ef7f5df03fcb9d2f8c57d63d5639,14223,content/abd_lineage/01_initial_audit_900/reviews/B092.jsonl,052a0ef930c602b9bf3045e11af2ea56bb32ef7f5df03fcb9d2f8c57d63d5639,14223,ABD initial accepted review batch,exact_copy,0
outputs/abd_eval300_evidence_audit_v1/reviews/B093.jsonl,4e8e7eaa03f54230a0be52efddf9fd2c48365f801498b1b8d62ba02119c124f6,12177,content/abd_lineage/01_initial_audit_900/reviews/B093.jsonl,4e8e7eaa03f54230a0be52efddf9fd2c48365f801498b1b8d62ba02119c124f6,12177,ABD initial accepted review batch,exact_copy,0
outputs/abd_eval300_evidence_audit_v1/reviews/B094.jsonl,0512b474c20fe416ef5b71aa2f63e24b050d7453956b733f819b7f6c5bdaf9af,22698,content/abd_lineage/01_initial_audit_900/reviews/B094.jsonl,0512b474c20fe416ef5b71aa2f63e24b050d7453956b733f819b7f6c5bdaf9af,22698,ABD initial accepted review batch,exact_copy,0
outputs/abd_eval300_evidence_audit_v1/reviews/B095.jsonl,e680510d8e54835a8b57dc68cdb93821fc5f814a668a0f3bbc2a05c2ef0ffdd0,10296,content/abd_lineage/01_initial_audit_900/reviews/B095.jsonl,e680510d8e54835a8b57dc68cdb93821fc5f814a668a0f3bbc2a05c2ef0ffdd0,10296,ABD initial accepted review batch,exact_copy,0
outputs/abd_eval300_evidence_audit_v1/reviews/B096.jsonl,d1ebc125279bfddd1832c97beed849d6625dec86774444a21bfd4869cf75f6f5,4320,content/abd_lineage/01_initial_audit_900/reviews/B096.jsonl,d1ebc125279bfddd1832c97beed849d6625dec86774444a21bfd4869cf75f6f5,4320,ABD initial accepted review batch,exact_copy,0
outputs/abd_eval300_evidence_audit_v1/reviews/B097.jsonl,905ede4725cd9af431688b82e0cfdbb6aa3341436baad00f2bccb162d577f0f3,4179,content/abd_lineage/01_initial_audit_900/reviews/B097.jsonl,905ede4725cd9af431688b82e0cfdbb6aa3341436baad00f2bccb162d577f0f3,4179,ABD initial accepted review batch,exact_copy,0
outputs/abd_eval300_evidence_audit_v1/reviews/B098.jsonl,e58fc82d03d81c25da0c29a2bb3cbf96a6c63ebf442e823b6fcf099703d1c301,3330,content/abd_lineage/01_initial_audit_900/reviews/B098.jsonl,e58fc82d03d81c25da0c29a2bb3cbf96a6c63ebf442e823b6fcf099703d1c301,3330,ABD initial accepted review batch,exact_copy,0
outputs/abd_eval300_evidence_audit_v1/reviews/B099.jsonl,8f99827c006d9b8fb28279915c242ed6d2c5070c016ee90714a051212b053416,3920,content/abd_lineage/01_initial_audit_900/reviews/B099.jsonl,8f99827c006d9b8fb28279915c242ed6d2c5070c016ee90714a051212b053416,3920,ABD initial accepted review batch,exact_copy,0
outputs/abd_eval300_evidence_audit_v1/reviews/B100.jsonl,11905a54ccc9f73a3b5822e85674d308a1eca2f2326327cf233474a5629e9252,4474,content/abd_lineage/01_initial_audit_900/reviews/B100.jsonl,11905a54ccc9f73a3b5822e85674d308a1eca2f2326327cf233474a5629e9252,4474,ABD initial accepted review batch,exact_copy,0
outputs/abd_eval300_evidence_audit_v1/reviews/B101.jsonl,1a50f6ceae314040cbd8ead65d98adeb30e1d4183b73b8180b74e86d519c6f8c,3144,content/abd_lineage/01_initial_audit_900/reviews/B101.jsonl,1a50f6ceae314040cbd8ead65d98adeb30e1d4183b73b8180b74e86d519c6f8c,3144,ABD initial accepted review batch,exact_copy,0
outputs/abd_eval300_evidence_audit_v1/reviews/B102.jsonl,c67743fcb3d721752256cca1bd99f06befdbcfbb3fd1b03bad3c9b348fe96617,4575,content/abd_lineage/01_initial_audit_900/reviews/B102.jsonl,c67743fcb3d721752256cca1bd99f06befdbcfbb3fd1b03bad3c9b348fe96617,4575,ABD initial accepted review batch,exact_copy,0
outputs/abd_eval300_evidence_audit_v1/reviews/B103.jsonl,ec1b2efe699557205c0957676fe245676281d409f881980e2f84ade0d5dab332,4512,content/abd_lineage/01_initial_audit_900/reviews/B103.jsonl,ec1b2efe699557205c0957676fe245676281d409f881980e2f84ade0d5dab332,4512,ABD initial accepted review batch,exact_copy,0
outputs/abd_eval300_evidence_audit_v1/reviews/B104.jsonl,eb2e1d2872b13fdbfc2649c41aa8f6506e32a828f35e4ad98b029453c5d38e5c,4001,content/abd_lineage/01_initial_audit_900/reviews/B104.jsonl,eb2e1d2872b13fdbfc2649c41aa8f6506e32a828f35e4ad98b029453c5d38e5c,4001,ABD initial accepted review batch,exact_copy,0
outputs/abd_eval300_evidence_audit_v1/reviews/B105.jsonl,1ba01da65bd73e97a698187d6b8382c711882277b2d24ad7515a5ae96ed8cbd9,3425,content/abd_lineage/01_initial_audit_900/reviews/B105.jsonl,1ba01da65bd73e97a698187d6b8382c711882277b2d24ad7515a5ae96ed8cbd9,3425,ABD initial accepted review batch,exact_copy,0
outputs/abd_eval300_evidence_audit_v1/reviews/B106.jsonl,cac2577b24f222b01e7879a0db1f713c14700c1b468b2e6eec4ce7d2d5b84f55,3581,content/abd_lineage/01_initial_audit_900/reviews/B106.jsonl,cac2577b24f222b01e7879a0db1f713c14700c1b468b2e6eec4ce7d2d5b84f55,3581,ABD initial accepted review batch,exact_copy,0
outputs/abd_eval300_evidence_audit_v1/reviews/B107.jsonl,e29906199baf12f24f6c155acbfb8873d416e9fcd926097014497a2fa0403d2f,3803,content/abd_lineage/01_initial_audit_900/reviews/B107.jsonl,e29906199baf12f24f6c155acbfb8873d416e9fcd926097014497a2fa0403d2f,3803,ABD initial accepted review batch,exact_copy,0
outputs/abd_eval300_evidence_audit_v1/reviews/B108.jsonl,5131a964568b9376795ec71e43e007da36bc533e51db8dde27646f00049a8962,2805,content/abd_lineage/01_initial_audit_900/reviews/B108.jsonl,5131a964568b9376795ec71e43e007da36bc533e51db8dde27646f00049a8962,2805,ABD initial accepted review batch,exact_copy,0
outputs/abd_eval300_evidence_audit_v1/reviews/B109.jsonl,5ca534041adbd80b1401668fb82dffd3c44f03e9eac95cbc0705a01b42170187,3954,content/abd_lineage/01_initial_audit_900/reviews/B109.jsonl,5ca534041adbd80b1401668fb82dffd3c44f03e9eac95cbc0705a01b42170187,3954,ABD initial accepted review batch,exact_copy,0
outputs/abd_eval300_evidence_audit_v1/reviews/B110.jsonl,0f56fdb80a701a2855e303510c9817aa69874dcc521da4059583188ba6c6623f,4481,content/abd_lineage/01_initial_audit_900/reviews/B110.jsonl,0f56fdb80a701a2855e303510c9817aa69874dcc521da4059583188ba6c6623f,4481,ABD initial accepted review batch,exact_copy,0
outputs/abd_eval300_evidence_audit_v1/reviews/B111.jsonl,7fbda8760332c5cfd9aa08efee669507674444b657daecdef8c181f605f4fb5b,3466,content/abd_lineage/01_initial_audit_900/reviews/B111.jsonl,7fbda8760332c5cfd9aa08efee669507674444b657daecdef8c181f605f4fb5b,3466,ABD initial accepted review batch,exact_copy,0
outputs/abd_eval300_evidence_audit_v1/reviews/B112.jsonl,80aa72e6357c0d254f72b67f6f46864163e2d47e16bf6086efb82336db53ccde,4385,content/abd_lineage/01_initial_audit_900/reviews/B112.jsonl,80aa72e6357c0d254f72b67f6f46864163e2d47e16bf6086efb82336db53ccde,4385,ABD initial accepted review batch,exact_copy,0
outputs/abd_eval300_evidence_audit_v1/reviews/B113.jsonl,04161362a2cc378ba898016c38d4dff33487735fdcc62fc4c2578c72f3c6c36c,4162,content/abd_lineage/01_initial_audit_900/reviews/B113.jsonl,04161362a2cc378ba898016c38d4dff33487735fdcc62fc4c2578c72f3c6c36c,4162,ABD initial accepted review batch,exact_copy,0
outputs/abd_eval300_evidence_audit_v1/reviews/B114.jsonl,858f279eb4b6058dfcf4edc804c1936c196afa122c674e8de5a5b36b1e9eca1d,3497,content/abd_lineage/01_initial_audit_900/reviews/B114.jsonl,858f279eb4b6058dfcf4edc804c1936c196afa122c674e8de5a5b36b1e9eca1d,3497,ABD initial accepted review batch,exact_copy,0
outputs/abd_eval300_evidence_audit_v1/reviews/B115.jsonl,185e1b4e6df72f96ca8b203fa7733a47d9092519d3d6ade035d90dea600dcad1,3505,content/abd_lineage/01_initial_audit_900/reviews/B115.jsonl,185e1b4e6df72f96ca8b203fa7733a47d9092519d3d6ade035d90dea600dcad1,3505,ABD initial accepted review batch,exact_copy,0
outputs/abd_eval300_evidence_audit_v1/reviews/B116.jsonl,e0a42f347b11c50b4f1d7a76a365ef8e1334e8e6a97330693b569af94ba02aec,3695,content/abd_lineage/01_initial_audit_900/reviews/B116.jsonl,e0a42f347b11c50b4f1d7a76a365ef8e1334e8e6a97330693b569af94ba02aec,3695,ABD initial accepted review batch,exact_copy,0
outputs/abd_eval300_evidence_audit_v1/reviews/B117.jsonl,9c062d58698cc721aca04725a56d7d167bb99cbde560e781e29b0550511e5ec5,3083,content/abd_lineage/01_initial_audit_900/reviews/B117.jsonl,9c062d58698cc721aca04725a56d7d167bb99cbde560e781e29b0550511e5ec5,3083,ABD initial accepted review batch,exact_copy,0
outputs/abd_eval300_evidence_audit_v1/reviews/B118.jsonl,f92b16b0146af16d957b54240e89587385b7b4de49841db422b38340f3e89eed,3190,content/abd_lineage/01_initial_audit_900/reviews/B118.jsonl,f92b16b0146af16d957b54240e89587385b7b4de49841db422b38340f3e89eed,3190,ABD initial accepted review batch,exact_copy,0
outputs/abd_eval300_evidence_audit_v1/reviews/B119.jsonl,7598342e5831f0b2e6a5aa2099fc1de8cb59c67b399020956c771bebb1a9fa40,3817,content/abd_lineage/01_initial_audit_900/reviews/B119.jsonl,7598342e5831f0b2e6a5aa2099fc1de8cb59c67b399020956c771bebb1a9fa40,3817,ABD initial accepted review batch,exact_copy,0
outputs/abd_eval300_evidence_audit_v1/reviews/B120.jsonl,0e677cbed1126d30d8be2ecba249ffa1dd938eb0485a3b6ec6e0a0d0752fb3b3,2902,content/abd_lineage/01_initial_audit_900/reviews/B120.jsonl,0e677cbed1126d30d8be2ecba249ffa1dd938eb0485a3b6ec6e0a0d0752fb3b3,2902,ABD initial accepted review batch,exact_copy,0
outputs/abd_eval300_evidence_audit_v1/reviews/B121.jsonl,28f6f897ea1f354a4d7d841d67a3d85a925a6cb6941141922505f781fc5014ed,3708,content/abd_lineage/01_initial_audit_900/reviews/B121.jsonl,28f6f897ea1f354a4d7d841d67a3d85a925a6cb6941141922505f781fc5014ed,3708,ABD initial accepted review batch,exact_copy,0
outputs/abd_eval300_evidence_audit_v1/reviews/B122.jsonl,9969d95983f8f797b12a2c5ca514b465eb33c793eed017712a2f9b5c81799e5d,3662,content/abd_lineage/01_initial_audit_900/reviews/B122.jsonl,9969d95983f8f797b12a2c5ca514b465eb33c793eed017712a2f9b5c81799e5d,3662,ABD initial accepted review batch,exact_copy,0
outputs/abd_eval300_evidence_audit_v1/reviews/B123.jsonl,0c4a141e46bbbb399a0f3976932aea43ea0d3e6ef69148df7e34cd2dd97cdd83,3776,content/abd_lineage/01_initial_audit_900/reviews/B123.jsonl,0c4a141e46bbbb399a0f3976932aea43ea0d3e6ef69148df7e34cd2dd97cdd83,3776,ABD initial accepted review batch,exact_copy,0
outputs/abd_eval300_evidence_audit_v1/reviews/B124.jsonl,9ae0f7e7006868f959762cbadef713d96f78f0d5a0184819d2f48e3c71908558,3131,content/abd_lineage/01_initial_audit_900/reviews/B124.jsonl,9ae0f7e7006868f959762cbadef713d96f78f0d5a0184819d2f48e3c71908558,3131,ABD initial accepted review batch,exact_copy,0
outputs/abd_eval300_evidence_audit_v1/reviews/B125.jsonl,0b2281de88eae575bb8c99056271b7884a22c5a16288c79ff1b3545380de1ef8,3327,content/abd_lineage/01_initial_audit_900/reviews/B125.jsonl,0b2281de88eae575bb8c99056271b7884a22c5a16288c79ff1b3545380de1ef8,3327,ABD initial accepted review batch,exact_copy,0
outputs/abd_eval300_evidence_audit_v1/reviews/B126.jsonl,14ce31d29dd43e615421d3ff82ec043f34cc80fc263914a459d6920b793fa5f1,4450,content/abd_lineage/01_initial_audit_900/reviews/B126.jsonl,14ce31d29dd43e615421d3ff82ec043f34cc80fc263914a459d6920b793fa5f1,4450,ABD initial accepted review batch,exact_copy,0
outputs/abd_eval300_evidence_audit_v1/reviews/B127.jsonl,ab94430e168b9fac406238e86fdaee7e9d86740cca7d23ac834fdaeed853263f,3075,content/abd_lineage/01_initial_audit_900/reviews/B127.jsonl,ab94430e168b9fac406238e86fdaee7e9d86740cca7d23ac834fdaeed853263f,3075,ABD initial accepted review batch,exact_copy,0
outputs/abd_eval300_evidence_audit_v1/reviews/B128.jsonl,b6a98dd125eca7ecda31e1f4a786464d04a6aacb9e8591686fc9ac38347f14cb,3824,content/abd_lineage/01_initial_audit_900/reviews/B128.jsonl,b6a98dd125eca7ecda31e1f4a786464d04a6aacb9e8591686fc9ac38347f14cb,3824,ABD initial accepted review batch,exact_copy,0
outputs/abd_eval300_evidence_audit_v1/reviews/B129.jsonl,8ff7974efdc278b336dbd489c774ae48f47918c216a88804b90413e6dd9d9e27,5265,content/abd_lineage/01_initial_audit_900/reviews/B129.jsonl,8ff7974efdc278b336dbd489c774ae48f47918c216a88804b90413e6dd9d9e27,5265,ABD initial accepted review batch,exact_copy,0
outputs/abd_eval300_evidence_audit_v1/reviews/B130.jsonl,23c3f69dc90009c59c518cf03a111e9fefef5c3366041d9c3358f3fbe1c15f31,3232,content/abd_lineage/01_initial_audit_900/reviews/B130.jsonl,23c3f69dc90009c59c518cf03a111e9fefef5c3366041d9c3358f3fbe1c15f31,3232,ABD initial accepted review batch,exact_copy,0
outputs/abd_eval300_evidence_audit_v1/reviews/B131.jsonl,8df8311608a04b2f65d14a91268c9bbb11c18ed51a478a90c212e09d5d4122cf,4257,content/abd_lineage/01_initial_audit_900/reviews/B131.jsonl,8df8311608a04b2f65d14a91268c9bbb11c18ed51a478a90c212e09d5d4122cf,4257,ABD initial accepted review batch,exact_copy,0
outputs/abd_eval300_evidence_audit_v1/reviews/B132.jsonl,80d362fc838106b37f1d6acbf0dc363a32f29660aaf053b0dd10d998b41e0fbc,11000,content/abd_lineage/01_initial_audit_900/reviews/B132.jsonl,80d362fc838106b37f1d6acbf0dc363a32f29660aaf053b0dd10d998b41e0fbc,11000,ABD initial accepted review batch,exact_copy,0
outputs/abd_eval300_evidence_audit_v1/reviews/B133.jsonl,7bf0c75b5e88d391984bb1c48ecc52f30bf979dce8b495780d260458da177d52,5428,content/abd_lineage/01_initial_audit_900/reviews/B133.jsonl,7bf0c75b5e88d391984bb1c48ecc52f30bf979dce8b495780d260458da177d52,5428,ABD initial accepted review batch,exact_copy,0
outputs/abd_eval300_evidence_audit_v1/reviews/B134.jsonl,6a4b7aff62d8cb2659c59a9c5aa9ef0c928c559565af536568e14c3a4ba09805,14897,content/abd_lineage/01_initial_audit_900/reviews/B134.jsonl,6a4b7aff62d8cb2659c59a9c5aa9ef0c928c559565af536568e14c3a4ba09805,14897,ABD initial accepted review batch,exact_copy,0
outputs/abd_eval300_evidence_audit_v1/reviews/B135.jsonl,dc06d62bf631a12c68a7722ed2f368ade58663d80c863c0ed70c1b123fda491d,9144,content/abd_lineage/01_initial_audit_900/reviews/B135.jsonl,dc06d62bf631a12c68a7722ed2f368ade58663d80c863c0ed70c1b123fda491d,9144,ABD initial accepted review batch,exact_copy,0
outputs/abd_eval300_evidence_audit_v1/reviews/B136.jsonl,b86919264ba382446a35f534f7bec5fedfb6c053a7746ddf091541425ccc36f8,4123,content/abd_lineage/01_initial_audit_900/reviews/B136.jsonl,b86919264ba382446a35f534f7bec5fedfb6c053a7746ddf091541425ccc36f8,4123,ABD initial accepted review batch,exact_copy,0
outputs/abd_eval300_evidence_audit_v1/reviews/B137.jsonl,d0a66313892560f35b63899324841742eb9bea031b5e901a3108e460d2216fbc,8062,content/abd_lineage/01_initial_audit_900/reviews/B137.jsonl,d0a66313892560f35b63899324841742eb9bea031b5e901a3108e460d2216fbc,8062,ABD initial accepted review batch,exact_copy,0
outputs/abd_eval300_evidence_audit_v1/reviews/B138.jsonl,526cf79ad72c13bceec6ef8eab5d40ebbbcc7c6d8a753b00ccf22ea6d278e6df,7394,content/abd_lineage/01_initial_audit_900/reviews/B138.jsonl,526cf79ad72c13bceec6ef8eab5d40ebbbcc7c6d8a753b00ccf22ea6d278e6df,7394,ABD initial accepted review batch,exact_copy,0
outputs/abd_eval300_evidence_audit_v1/reviews/B139.jsonl,05f4911e4592d82c875205559b40a689b2112c02753a2128bf2c4e740e96dd16,16036,content/abd_lineage/01_initial_audit_900/reviews/B139.jsonl,05f4911e4592d82c875205559b40a689b2112c02753a2128bf2c4e740e96dd16,16036,ABD initial accepted review batch,exact_copy,0
outputs/abd_eval300_evidence_audit_v1/reviews/B140.jsonl,65311ecbe45ab7ffb5fb2b3956055a6dfaec949710a35cad95ab4c6deb886754,8344,content/abd_lineage/01_initial_audit_900/reviews/B140.jsonl,65311ecbe45ab7ffb5fb2b3956055a6dfaec949710a35cad95ab4c6deb886754,8344,ABD initial accepted review batch,exact_copy,0
outputs/abd_eval300_evidence_audit_v1/reviews/B141.jsonl,acb7aedca63b7c32ebdf633b011ab06e85ea03105b969c453cacfc1161e395e0,18991,content/abd_lineage/01_initial_audit_900/reviews/B141.jsonl,acb7aedca63b7c32ebdf633b011ab06e85ea03105b969c453cacfc1161e395e0,18991,ABD initial accepted review batch,exact_copy,0
outputs/abd_eval300_evidence_audit_v1/reviews/B142.jsonl,4b08ea33a2df0110c93383920bff4082a3b3e8ac3c12bf9a82eb080643ddf495,19715,content/abd_lineage/01_initial_audit_900/reviews/B142.jsonl,4b08ea33a2df0110c93383920bff4082a3b3e8ac3c12bf9a82eb080643ddf495,19715,ABD initial accepted review batch,exact_copy,0
outputs/abd_eval300_evidence_audit_v1/reviews/B143.jsonl,dddeff7ab5261569fa4f34ced173659110698527d1419b5aedca286a67485de6,9532,content/abd_lineage/01_initial_audit_900/reviews/B143.jsonl,dddeff7ab5261569fa4f34ced173659110698527d1419b5aedca286a67485de6,9532,ABD initial accepted review batch,exact_copy,0
outputs/abd_eval300_evidence_audit_v1/reviews/B144.jsonl,00b77e72b67fdb00fd48e63d47770e59582f3f96e5c5e8050cb0d6fa66c4085a,17077,content/abd_lineage/01_initial_audit_900/reviews/B144.jsonl,00b77e72b67fdb00fd48e63d47770e59582f3f96e5c5e8050cb0d6fa66c4085a,17077,ABD initial accepted review batch,exact_copy,0
outputs/abd_eval300_evidence_audit_v1/reviews/B145.jsonl,ba9a2405629e1fb87263283a0e52414d248685224958488929b585826d22a6d1,17469,content/abd_lineage/01_initial_audit_900/reviews/B145.jsonl,ba9a2405629e1fb87263283a0e52414d248685224958488929b585826d22a6d1,17469,ABD initial accepted review batch,exact_copy,0
outputs/abd_eval300_evidence_audit_v1/reviews/B146.jsonl,175b0070caa29180698b41f47992a14ebe44533944c9a6866ef7f6468a27f024,3345,content/abd_lineage/01_initial_audit_900/reviews/B146.jsonl,175b0070caa29180698b41f47992a14ebe44533944c9a6866ef7f6468a27f024,3345,ABD initial accepted review batch,exact_copy,0
outputs/abd_eval300_evidence_audit_v1/reviews/B147.jsonl,82e8cc385ea7577bec44d020754d84fa2ded75f34066450038598efbad849f8e,13770,content/abd_lineage/01_initial_audit_900/reviews/B147.jsonl,82e8cc385ea7577bec44d020754d84fa2ded75f34066450038598efbad849f8e,13770,ABD initial accepted review batch,exact_copy,0
outputs/abd_eval300_evidence_audit_v1/reviews/B148.jsonl,71e865b48de3b496215fad67371adbdab52383cd3d8a6fbd84e120550b472045,23329,content/abd_lineage/01_initial_audit_900/reviews/B148.jsonl,71e865b48de3b496215fad67371adbdab52383cd3d8a6fbd84e120550b472045,23329,ABD initial accepted review batch,exact_copy,0
outputs/abd_eval300_evidence_audit_v1/reviews/B149.jsonl,6621b412533b936441451341089bcbcf49fd6fff9760502eee4c16ba74c6995e,12775,content/abd_lineage/01_initial_audit_900/reviews/B149.jsonl,6621b412533b936441451341089bcbcf49fd6fff9760502eee4c16ba74c6995e,12775,ABD initial accepted review batch,exact_copy,0
outputs/abd_eval300_evidence_audit_v1/reviews/B150.jsonl,8281228219cd54d097ff70f8657ddda89e58c787a3560ccfbdeaf17c88e56ae7,8312,content/abd_lineage/01_initial_audit_900/reviews/B150.jsonl,8281228219cd54d097ff70f8657ddda89e58c787a3560ccfbdeaf17c88e56ae7,8312,ABD initial accepted review batch,exact_copy,0
outputs/abd_eval300_evidence_audit_v1/reviews/B151.jsonl,5092401ac9878d2607f2bcf84a56a006e5e5ea20aa308db7a57c83a0b0265da7,14813,content/abd_lineage/01_initial_audit_900/reviews/B151.jsonl,5092401ac9878d2607f2bcf84a56a006e5e5ea20aa308db7a57c83a0b0265da7,14813,ABD initial accepted review batch,exact_copy,0
outputs/abd_eval300_evidence_audit_v1/reviews/B152.jsonl,288a9c148b47ebdc590e0d8937dc020b4840102b7e7ad0ad629d56f595b0edee,9726,content/abd_lineage/01_initial_audit_900/reviews/B152.jsonl,288a9c148b47ebdc590e0d8937dc020b4840102b7e7ad0ad629d56f595b0edee,9726,ABD initial accepted review batch,exact_copy,0
outputs/abd_eval300_evidence_audit_v1/reviews/B153.jsonl,f2893dd086528d2924cd13bb578f5c50a1e08d169eb544cb779cc49152d81c71,7932,content/abd_lineage/01_initial_audit_900/reviews/B153.jsonl,f2893dd086528d2924cd13bb578f5c50a1e08d169eb544cb779cc49152d81c71,7932,ABD initial accepted review batch,exact_copy,0
outputs/abd_eval300_evidence_audit_v1/reviews/B154.jsonl,c37dc336013d1c52f24e124e387ad4c3d8656403b6eff192c9ed9ab693601839,15691,content/abd_lineage/01_initial_audit_900/reviews/B154.jsonl,c37dc336013d1c52f24e124e387ad4c3d8656403b6eff192c9ed9ab693601839,15691,ABD initial accepted review batch,exact_copy,0
outputs/abd_eval300_evidence_audit_v1/reviews/B155.jsonl,e647b61099a4e01f1d5e6c1bf0e91205321c2b7f9544dbafb03f97cd78291cab,8464,content/abd_lineage/01_initial_audit_900/reviews/B155.jsonl,e647b61099a4e01f1d5e6c1bf0e91205321c2b7f9544dbafb03f97cd78291cab,8464,ABD initial accepted review batch,exact_copy,0
outputs/abd_eval300_evidence_audit_v1/reviews/B156.jsonl,a18ed7ba276038c18e13124faeabc22d11ba5443bb928f516dd541760b932961,4017,content/abd_lineage/01_initial_audit_900/reviews/B156.jsonl,a18ed7ba276038c18e13124faeabc22d11ba5443bb928f516dd541760b932961,4017,ABD initial accepted review batch,exact_copy,0
outputs/abd_eval300_evidence_audit_v1/reviews/B157.jsonl,9e991f63dad2be2acb870c90f4eeb0d1379eac953d12174285d9440d4b6d655b,4397,content/abd_lineage/01_initial_audit_900/reviews/B157.jsonl,9e991f63dad2be2acb870c90f4eeb0d1379eac953d12174285d9440d4b6d655b,4397,ABD initial accepted review batch,exact_copy,0
outputs/abd_eval300_evidence_audit_v1/reviews/B158.jsonl,fbf86abbe7b6ddfb1c8c915605cd0388772c236da33e67eed3ed3d1ce780463e,4958,content/abd_lineage/01_initial_audit_900/reviews/B158.jsonl,fbf86abbe7b6ddfb1c8c915605cd0388772c236da33e67eed3ed3d1ce780463e,4958,ABD initial accepted review batch,exact_copy,0
outputs/abd_eval300_evidence_audit_v1/reviews/B159.jsonl,78c9f54653c4ce32123e0788be439197ae9edeb6b05ecab76572a388630e2e99,3294,content/abd_lineage/01_initial_audit_900/reviews/B159.jsonl,78c9f54653c4ce32123e0788be439197ae9edeb6b05ecab76572a388630e2e99,3294,ABD initial accepted review batch,exact_copy,0
outputs/abd_eval300_evidence_audit_v1/reviews/B160.jsonl,f04dbf99132a65faced143a5b1563c5e49f47d7f4e264dedc93ec29c34661497,3988,content/abd_lineage/01_initial_audit_900/reviews/B160.jsonl,f04dbf99132a65faced143a5b1563c5e49f47d7f4e264dedc93ec29c34661497,3988,ABD initial accepted review batch,exact_copy,0
outputs/abd_eval300_evidence_audit_v1/reviews/B161.jsonl,9c88b4a32375cfbe391e1d2bfa08e279c1edb605b4bf766b266929a44acfcd66,5132,content/abd_lineage/01_initial_audit_900/reviews/B161.jsonl,9c88b4a32375cfbe391e1d2bfa08e279c1edb605b4bf766b266929a44acfcd66,5132,ABD initial accepted review batch,exact_copy,0
outputs/abd_eval300_evidence_audit_v1/reviews/B162.jsonl,60bf489247fe22325ddbdecab73a2e06996eba4fb460c3a708901fad41755d71,3503,content/abd_lineage/01_initial_audit_900/reviews/B162.jsonl,60bf489247fe22325ddbdecab73a2e06996eba4fb460c3a708901fad41755d71,3503,ABD initial accepted review batch,exact_copy,0
outputs/abd_eval300_evidence_audit_v1/reviews/B163.jsonl,e7f1dca725e8644df81a7ad2c289e94a55a92ead0e071b9016e6cb9ecdb79409,4252,content/abd_lineage/01_initial_audit_900/reviews/B163.jsonl,e7f1dca725e8644df81a7ad2c289e94a55a92ead0e071b9016e6cb9ecdb79409,4252,ABD initial accepted review batch,exact_copy,0
outputs/abd_eval300_evidence_audit_v1/reviews/B164.jsonl,9e298334b1d90b4b0e2575664099da8950bf0528436eee2faa33fa40788886db,4631,content/abd_lineage/01_initial_audit_900/reviews/B164.jsonl,9e298334b1d90b4b0e2575664099da8950bf0528436eee2faa33fa40788886db,4631,ABD initial accepted review batch,exact_copy,0
outputs/abd_eval300_evidence_audit_v1/reviews/B165.jsonl,a5037215115ea4764b8dde7fce5a94f9aeb3a1ddfe138d31fff246e9b7350db8,3755,content/abd_lineage/01_initial_audit_900/reviews/B165.jsonl,a5037215115ea4764b8dde7fce5a94f9aeb3a1ddfe138d31fff246e9b7350db8,3755,ABD initial accepted review batch,exact_copy,0
outputs/abd_eval300_evidence_audit_v1/reviews/B166.jsonl,c7fe0de289182a3d4643b8504f51de5eed13d477234a0e64d711ce0abaa2a0c4,4820,content/abd_lineage/01_initial_audit_900/reviews/B166.jsonl,c7fe0de289182a3d4643b8504f51de5eed13d477234a0e64d711ce0abaa2a0c4,4820,ABD initial accepted review batch,exact_copy,0
outputs/abd_eval300_evidence_audit_v1/reviews/B167.jsonl,1089e0c2f1862a80b9d28d9b0d62b4b2986cd15e0f00f1fb6cbe7eb7bbe3ed66,4270,content/abd_lineage/01_initial_audit_900/reviews/B167.jsonl,1089e0c2f1862a80b9d28d9b0d62b4b2986cd15e0f00f1fb6cbe7eb7bbe3ed66,4270,ABD initial accepted review batch,exact_copy,0
outputs/abd_eval300_evidence_audit_v1/reviews/B168.jsonl,6bf15022c2b2636972fcfa2e405991d6a9315ca22f8056f87559ec31147c3c64,5288,content/abd_lineage/01_initial_audit_900/reviews/B168.jsonl,6bf15022c2b2636972fcfa2e405991d6a9315ca22f8056f87559ec31147c3c64,5288,ABD initial accepted review batch,exact_copy,0
outputs/abd_eval300_evidence_audit_v1/reviews/B169.jsonl,5aaa40e67a2c7c57b8caa9d440c0561021c5c2fe8e958dd6769a001ba0cde865,3463,content/abd_lineage/01_initial_audit_900/reviews/B169.jsonl,5aaa40e67a2c7c57b8caa9d440c0561021c5c2fe8e958dd6769a001ba0cde865,3463,ABD initial accepted review batch,exact_copy,0
outputs/abd_eval300_evidence_audit_v1/reviews/B170.jsonl,becc6dd7cff0a5f4860e27a434c63e5964e8ed80f09dfd21df1c2c236e60f227,3974,content/abd_lineage/01_initial_audit_900/reviews/B170.jsonl,becc6dd7cff0a5f4860e27a434c63e5964e8ed80f09dfd21df1c2c236e60f227,3974,ABD initial accepted review batch,exact_copy,0
outputs/abd_eval300_evidence_audit_v1/reviews/B171.jsonl,5020f38be24327bffd659b970d62574cc0934499796e65110aad3256268319b9,3809,content/abd_lineage/01_initial_audit_900/reviews/B171.jsonl,5020f38be24327bffd659b970d62574cc0934499796e65110aad3256268319b9,3809,ABD initial accepted review batch,exact_copy,0
outputs/abd_eval300_evidence_audit_v1/reviews/B172.jsonl,621a6ead55c82948b5a8d336d30286936615acbceeb39160bc9101efab88ef3a,2967,content/abd_lineage/01_initial_audit_900/reviews/B172.jsonl,621a6ead55c82948b5a8d336d30286936615acbceeb39160bc9101efab88ef3a,2967,ABD initial accepted review batch,exact_copy,0
outputs/abd_eval300_evidence_audit_v1/reviews/B173.jsonl,a2b8d1e43e135d0c964a8451255d437b5794d2c5a5e9360b093fd9f8a441580d,3781,content/abd_lineage/01_initial_audit_900/reviews/B173.jsonl,a2b8d1e43e135d0c964a8451255d437b5794d2c5a5e9360b093fd9f8a441580d,3781,ABD initial accepted review batch,exact_copy,0
outputs/abd_eval300_evidence_audit_v1/reviews/B174.jsonl,d3ffec8a81179d029aba4940b195bd6bb698db5e17f40cf4299a1d4ad4b9c483,3274,content/abd_lineage/01_initial_audit_900/reviews/B174.jsonl,d3ffec8a81179d029aba4940b195bd6bb698db5e17f40cf4299a1d4ad4b9c483,3274,ABD initial accepted review batch,exact_copy,0
outputs/abd_eval300_evidence_audit_v1/reviews/B175.jsonl,b572c77d4fa4a8c81ee5ba6a09fc6d2daac6fd7ae931d80d42e8f38fc0371c65,2767,content/abd_lineage/01_initial_audit_900/reviews/B175.jsonl,b572c77d4fa4a8c81ee5ba6a09fc6d2daac6fd7ae931d80d42e8f38fc0371c65,2767,ABD initial accepted review batch,exact_copy,0
outputs/abd_eval300_evidence_audit_v1/reviews/B176.jsonl,5c78b040a67e80513409108a27378fb652e12bbd9407197a13586c53d90b49ab,3774,content/abd_lineage/01_initial_audit_900/reviews/B176.jsonl,5c78b040a67e80513409108a27378fb652e12bbd9407197a13586c53d90b49ab,3774,ABD initial accepted review batch,exact_copy,0
outputs/abd_eval300_evidence_audit_v1/reviews/B177.jsonl,682b5e84ad0dcf9d1bbea74083c0cc1b2033808ebeaea15981f86d1ebc9f2d15,4080,content/abd_lineage/01_initial_audit_900/reviews/B177.jsonl,682b5e84ad0dcf9d1bbea74083c0cc1b2033808ebeaea15981f86d1ebc9f2d15,4080,ABD initial accepted review batch,exact_copy,0
outputs/abd_eval300_evidence_audit_v1/reviews/B178.jsonl,f2337a0314498ce924ef3447db66e18163139dfcb8c1981a10d5940dfeb1d927,2997,content/abd_lineage/01_initial_audit_900/reviews/B178.jsonl,f2337a0314498ce924ef3447db66e18163139dfcb8c1981a10d5940dfeb1d927,2997,ABD initial accepted review batch,exact_copy,0
outputs/abd_eval300_evidence_audit_v1/reviews/B179.jsonl,8bf71c25625f103e359a423dba1022b9ccc92cba15863c1884425de11e759611,3172,content/abd_lineage/01_initial_audit_900/reviews/B179.jsonl,8bf71c25625f103e359a423dba1022b9ccc92cba15863c1884425de11e759611,3172,ABD initial accepted review batch,exact_copy,0
outputs/abd_eval300_evidence_audit_v1/reviews/B180.jsonl,e033f6051d0d5f7b2511c4c6c4da5303ecd03d4d1008770690600e81c746ef5c,4298,content/abd_lineage/01_initial_audit_900/reviews/B180.jsonl,e033f6051d0d5f7b2511c4c6c4da5303ecd03d4d1008770690600e81c746ef5c,4298,ABD initial accepted review batch,exact_copy,0
outputs/abd_eval300_evidence_audit_v1/reviews/B181.jsonl,8cc90410448e72da184a635c4b64921bae0df582b94267ec11d3afc4fab1881e,2859,content/abd_lineage/01_initial_audit_900/reviews/B181.jsonl,8cc90410448e72da184a635c4b64921bae0df582b94267ec11d3afc4fab1881e,2859,ABD initial accepted review batch,exact_copy,0
outputs/abd_eval300_evidence_audit_v1/reviews/B182.jsonl,c0244e605bf80016259590421c5e88aefa787faede759c6f9525fbca38d6fb40,3324,content/abd_lineage/01_initial_audit_900/reviews/B182.jsonl,c0244e605bf80016259590421c5e88aefa787faede759c6f9525fbca38d6fb40,3324,ABD initial accepted review batch,exact_copy,0
outputs/abd_eval300_evidence_audit_v1/reviews/B183.jsonl,b977007d039429eb6cc6322944330875461b9c97e519337fc959b148548d11ab,3617,content/abd_lineage/01_initial_audit_900/reviews/B183.jsonl,b977007d039429eb6cc6322944330875461b9c97e519337fc959b148548d11ab,3617,ABD initial accepted review batch,exact_copy,0
outputs/abd_eval300_evidence_audit_v1/reviews/B184.jsonl,fa6bcbdac24467a4b1426a12561c2d82c17fda5f8e5853c0209161b1e55c9334,2804,content/abd_lineage/01_initial_audit_900/reviews/B184.jsonl,fa6bcbdac24467a4b1426a12561c2d82c17fda5f8e5853c0209161b1e55c9334,2804,ABD initial accepted review batch,exact_copy,0
outputs/abd_eval300_evidence_audit_v1/reviews/B185.jsonl,18e4b5ba9667610eefce0db54610d52a6b2263ad77cfefe778bad4ef37dff6df,3900,content/abd_lineage/01_initial_audit_900/reviews/B185.jsonl,18e4b5ba9667610eefce0db54610d52a6b2263ad77cfefe778bad4ef37dff6df,3900,ABD initial accepted review batch,exact_copy,0
outputs/abd_eval300_evidence_audit_v1/reviews/B186.jsonl,2332187e7c5c25c3f771493e40c72d59b68d6d55d32f8f66ba4e14b9943c66dd,3875,content/abd_lineage/01_initial_audit_900/reviews/B186.jsonl,2332187e7c5c25c3f771493e40c72d59b68d6d55d32f8f66ba4e14b9943c66dd,3875,ABD initial accepted review batch,exact_copy,0
outputs/abd_eval300_evidence_audit_v1/reviews/B187.jsonl,a9f943d925154e74ccd2db8356fa8ae2a1bc0f1a93e96e8b3387145a6951f82c,3556,content/abd_lineage/01_initial_audit_900/reviews/B187.jsonl,a9f943d925154e74ccd2db8356fa8ae2a1bc0f1a93e96e8b3387145a6951f82c,3556,ABD initial accepted review batch,exact_copy,0
outputs/abd_eval300_evidence_audit_v1/reviews/B188.jsonl,0c73ff26dcf221dfecebbefb4b29a5c82484ca7ac31cd543546b0ba8895f0734,3384,content/abd_lineage/01_initial_audit_900/reviews/B188.jsonl,0c73ff26dcf221dfecebbefb4b29a5c82484ca7ac31cd543546b0ba8895f0734,3384,ABD initial accepted review batch,exact_copy,0
outputs/abd_eval300_evidence_audit_v1/reviews/B189.jsonl,45e7e1c0d472f3c3c8fab00e0d1c039d0cb94f63e08a3bd1898a9da434fe6217,3494,content/abd_lineage/01_initial_audit_900/reviews/B189.jsonl,45e7e1c0d472f3c3c8fab00e0d1c039d0cb94f63e08a3bd1898a9da434fe6217,3494,ABD initial accepted review batch,exact_copy,0
outputs/abd_eval300_evidence_audit_v1/reviews/B190.jsonl,e6b667dcaa10cf7597187e629389b1c5f788affb509fdb21811935b2a531b09b,3800,content/abd_lineage/01_initial_audit_900/reviews/B190.jsonl,e6b667dcaa10cf7597187e629389b1c5f788affb509fdb21811935b2a531b09b,3800,ABD initial accepted review batch,exact_copy,0
outputs/abd_eval300_evidence_audit_v1/reviews/B191.jsonl,3e01b79ab60d5ce58e4f7cc96523a6c054e87edc7e9acf6ebde993b02bfda27a,2993,content/abd_lineage/01_initial_audit_900/reviews/B191.jsonl,3e01b79ab60d5ce58e4f7cc96523a6c054e87edc7e9acf6ebde993b02bfda27a,2993,ABD initial accepted review batch,exact_copy,0
outputs/abd_eval300_evidence_audit_v1/reviews/B192.jsonl,0e122c52ca88a7ec253dc5e1a9eed4b9982bb054ee4d1846615c6e6c67ea150d,4238,content/abd_lineage/01_initial_audit_900/reviews/B192.jsonl,0e122c52ca88a7ec253dc5e1a9eed4b9982bb054ee4d1846615c6e6c67ea150d,4238,ABD initial accepted review batch,exact_copy,0
outputs/abd_eval300_evidence_audit_correction_inputs_v1/BUILD_REPORT.json,5e37809bb61e37be0a7e53e73a6725accb98c5fc915b70228f59d86421024255,1059,content/abd_lineage/02_correction_176/input_package_metadata/BUILD_REPORT.json,5e37809bb61e37be0a7e53e73a6725accb98c5fc915b70228f59d86421024255,1059,ABD 176 correction input package manifest/SHA provenance,exact_copy,0
outputs/abd_eval300_evidence_audit_correction_inputs_v1/ABD_EVIDENCE_AUDIT_CORRECTION_BLINDED_INPUTS.tar.gz.sha256,aa6f5b064011b42ad08b849dc2b806d0ce69e458f097bc47935005468f3ddeb3,118,content/abd_lineage/02_correction_176/input_package_metadata/ABD_EVIDENCE_AUDIT_CORRECTION_BLINDED_INPUTS.tar.gz.sha256,aa6f5b064011b42ad08b849dc2b806d0ce69e458f097bc47935005468f3ddeb3,118,ABD 176 correction input package manifest/SHA provenance,exact_copy,0
outputs/abd_eval300_evidence_audit_correction_inputs_v1/ABD_EVIDENCE_AUDIT_CORRECTION_BLINDED_INPUTS/README.md,344c15486b6487e701950182fe2a448242688bbf70264d8f67c7301dc3226228,622,content/abd_lineage/02_correction_176/input_package_metadata/ABD_EVIDENCE_AUDIT_CORRECTION_BLINDED_INPUTS/README.md,344c15486b6487e701950182fe2a448242688bbf70264d8f67c7301dc3226228,622,ABD 176 correction input package manifest/SHA provenance,exact_copy,0
outputs/abd_eval300_evidence_audit_correction_inputs_v1/ABD_EVIDENCE_AUDIT_CORRECTION_BLINDED_INPUTS/MANIFEST.json,f382298fca25319d2faa8734285e4a7eb4e27d564d39894de1a3ef24a32020ad,230883,content/abd_lineage/02_correction_176/input_package_metadata/ABD_EVIDENCE_AUDIT_CORRECTION_BLINDED_INPUTS/MANIFEST.json,f382298fca25319d2faa8734285e4a7eb4e27d564d39894de1a3ef24a32020ad,230883,ABD 176 correction input package manifest/SHA provenance,exact_copy,0
outputs/abd_eval300_evidence_audit_correction_inputs_v1/ABD_EVIDENCE_AUDIT_CORRECTION_BLINDED_INPUTS/MANIFEST.sha256,cb6ac1c048f80f78120282cad2a509034a198ac77b6ab1703e8cc2ae1e557f5e,80,content/abd_lineage/02_correction_176/input_package_metadata/ABD_EVIDENCE_AUDIT_CORRECTION_BLINDED_INPUTS/MANIFEST.sha256,cb6ac1c048f80f78120282cad2a509034a198ac77b6ab1703e8cc2ae1e557f5e,80,ABD 176 correction input package manifest/SHA provenance,exact_copy,0
outputs/abd_eval300_evidence_audit_correction_validation_v1/CONTROL_CONSISTENCY_REPORT.md,2b07a8440c5fdbec2ef1ecc21b4600b565741cec780f15e195c4abaff4c54a96,1303,content/abd_lineage/02_correction_176/validation/CONTROL_CONSISTENCY_REPORT.md,2b07a8440c5fdbec2ef1ecc21b4600b565741cec780f15e195c4abaff4c54a96,1303,ABD 176 correction returned reviews/validation/freeze,exact_copy,0
outputs/abd_eval300_evidence_audit_correction_validation_v1/PACKAGE_INTEGRITY_AND_MAPPING_REPORT.md,28ad8a5d01484be7644848335ad0444b26c66a0a8ba42ffb3ac81fe26da61e6b,1634,content/abd_lineage/02_correction_176/validation/PACKAGE_INTEGRITY_AND_MAPPING_REPORT.md,51fe993b9cba4238bed3bac9fa593b8906b77ccd6c5cdad40ffe5e6601ccb771,1616,ABD 176 correction returned reviews/validation/freeze,absolute_personal_path_redaction_only,1
outputs/abd_eval300_evidence_audit_correction_validation_v1/REVIEW_SCOPE_RECOMMENDATION.md,0c23c860cbcd264135b7a8ae9cbd400f9e3e43a4e5134bdc14a26298139fa8cd,585,content/abd_lineage/02_correction_176/validation/REVIEW_SCOPE_RECOMMENDATION.md,0c23c860cbcd264135b7a8ae9cbd400f9e3e43a4e5134bdc14a26298139fa8cd,585,ABD 176 correction returned reviews/validation/freeze,exact_copy,0
outputs/abd_eval300_evidence_audit_correction_validation_v1/TARGET_LABEL_CHANGE_SUMMARY.md,18e63aa567bd43adec436de88f7e9f6211a13314a442543ef85d5e9893c7eb3e,636,content/abd_lineage/02_correction_176/validation/TARGET_LABEL_CHANGE_SUMMARY.md,18e63aa567bd43adec436de88f7e9f6211a13314a442543ef85d5e9893c7eb3e,636,ABD 176 correction returned reviews/validation/freeze,exact_copy,0
outputs/abd_eval300_evidence_audit_correction_validation_v1/UNRESOLVED_ISSUES.md,af3c5d4516d2e06fd10fc8bd9ba472aff324c127eec0c299b77e8ce13efaf377,960,content/abd_lineage/02_correction_176/validation/UNRESOLVED_ISSUES.md,af3c5d4516d2e06fd10fc8bd9ba472aff324c127eec0c299b77e8ce13efaf377,960,ABD 176 correction returned reviews/validation/freeze,exact_copy,0
outputs/abd_eval300_evidence_audit_correction_validation_v1/control_consistency_stats.json,3cd4f4ca9945c78df01b7bed5ab6f6e679227657e4fd37a507ef39a4427e34c8,1293,content/abd_lineage/02_correction_176/validation/control_consistency_stats.json,3cd4f4ca9945c78df01b7bed5ab6f6e679227657e4fd37a507ef39a4427e34c8,1293,ABD 176 correction returned reviews/validation/freeze,exact_copy,0
outputs/abd_eval300_evidence_audit_correction_validation_v1/control_disagreements.csv,cbaf9f2335ce20eb9029e9e1f59b1b9f3743d0481c58385e64a7e577585cdcaa,32405,content/abd_lineage/02_correction_176/validation/control_disagreements.csv,cf49a4bab6731b8e5e4617768f528e92a56f398a1cccccaff7768ce6cb5bdfc8,31883,ABD 176 correction returned reviews/validation/freeze,absolute_personal_path_redaction_only,5
outputs/abd_eval300_evidence_audit_correction_validation_v1/correction_validation_manifest.json,780f7927107f3f3a99e284e46ebd1f31381e169ca7ca78bfc793142dd23fc3a4,3629,content/abd_lineage/02_correction_176/validation/correction_validation_manifest.json,780f7927107f3f3a99e284e46ebd1f31381e169ca7ca78bfc793142dd23fc3a4,3629,ABD 176 correction returned reviews/validation/freeze,exact_copy,0
outputs/abd_eval300_evidence_audit_correction_validation_v1/extracted/CORRECTION_AUDIT_REPORT.md,027bd9f571a1b5a5b16bf95fcd17a8395d3108fe0dda0615280bb14d91820ad2,2384,content/abd_lineage/02_correction_176/validation/extracted/CORRECTION_AUDIT_REPORT.md,027bd9f571a1b5a5b16bf95fcd17a8395d3108fe0dda0615280bb14d91820ad2,2384,ABD 176 correction returned reviews/validation/freeze,exact_copy,0
outputs/abd_eval300_evidence_audit_correction_validation_v1/extracted/SHA256SUMS.txt,80b461047900541b2bb0d9e5638cd62f8e18ae812a91f8a529824e5a7c74f2b7,373,content/abd_lineage/02_correction_176/validation/extracted/SHA256SUMS.txt,80b461047900541b2bb0d9e5638cd62f8e18ae812a91f8a529824e5a7c74f2b7,373,ABD 176 correction returned reviews/validation/freeze,exact_copy,0
outputs/abd_eval300_evidence_audit_correction_validation_v1/extracted/corrected_blinded_reviews.jsonl,3ab37d3b323018ba063688790112639cb0053de4a0d1fb0407da2f012d35c991,80420,content/abd_lineage/02_correction_176/validation/extracted/corrected_blinded_reviews.jsonl,3ab37d3b323018ba063688790112639cb0053de4a0d1fb0407da2f012d35c991,80420,ABD 176 correction returned reviews/validation/freeze,exact_copy,0
outputs/abd_eval300_evidence_audit_correction_validation_v1/extracted/correction_audit_freeze.json,9bdce485f968a5e01aab0eb06740a4f2e48e92e096e0e282055cafc0ebc49926,1906,content/abd_lineage/02_correction_176/validation/extracted/correction_audit_freeze.json,9bdce485f968a5e01aab0eb06740a4f2e48e92e096e0e282055cafc0ebc49926,1906,ABD 176 correction returned reviews/validation/freeze,exact_copy,0
outputs/abd_eval300_evidence_audit_correction_validation_v1/extracted/review_progress.json,c52652563cc473bd7ed73ea007b80f0c1c39fbd97229a2b80a3069d2ba898d5d,659,content/abd_lineage/02_correction_176/validation/extracted/review_progress.json,c52652563cc473bd7ed73ea007b80f0c1c39fbd97229a2b80a3069d2ba898d5d,659,ABD 176 correction returned reviews/validation/freeze,exact_copy,0
outputs/abd_eval300_evidence_audit_correction_validation_v1/missing_option_image_records.csv,a42b97df026fc4beec73753bb5e45f7eb0c23025b930b72f2cfa98f1c038c2de,5666,content/abd_lineage/02_correction_176/validation/missing_option_image_records.csv,a42b97df026fc4beec73753bb5e45f7eb0c23025b930b72f2cfa98f1c038c2de,5666,ABD 176 correction returned reviews/validation/freeze,exact_copy,0
outputs/abd_eval300_evidence_audit_correction_validation_v1/reconstructed_identity_mapping.json,d0c495c0f5f96c6f571b9f045aeb76ed2fd4d1ad76d3b14021a1a21be4e00d8b,62960,content/abd_lineage/02_correction_176/validation/reconstructed_identity_mapping.json,d0c495c0f5f96c6f571b9f045aeb76ed2fd4d1ad76d3b14021a1a21be4e00d8b,62960,ABD 176 correction returned reviews/validation/freeze,exact_copy,0
outputs/abd_eval300_evidence_audit_correction_validation_v1/review_flags.csv,7e4418fb4a0e8614c3df298a12af40866058af2c503a8c0609efce405a6e2665,31464,content/abd_lineage/02_correction_176/validation/review_flags.csv,7e4418fb4a0e8614c3df298a12af40866058af2c503a8c0609efce405a6e2665,31464,ABD 176 correction returned reviews/validation/freeze,exact_copy,0
outputs/abd_eval300_evidence_audit_correction_validation_v1/target_and_control_label_distributions.json,7929cea1864efe340e9dac63da21a660e65efbb537843a3e4e1a0eb7fa6c77a1,532,content/abd_lineage/02_correction_176/validation/target_and_control_label_distributions.json,7929cea1864efe340e9dac63da21a660e65efbb537843a3e4e1a0eb7fa6c77a1,532,ABD 176 correction returned reviews/validation/freeze,exact_copy,0
outputs/abd_eval300_evidence_audit_correction_validation_v1/validate_abd_correction_results_v1.py,53854d84284f708991e0de560e4ab9a2dde92342dbd1a4210b55b31bb8bf7467,23196,content/abd_lineage/02_correction_176/validation/validate_abd_correction_results_v1.py,53854d84284f708991e0de560e4ab9a2dde92342dbd1a4210b55b31bb8bf7467,23196,ABD 176 correction returned reviews/validation/freeze,exact_copy,0
outputs/abd_eval300_disagreement_independent_review_v1/BLINDED_REVIEW_FREEZE.json,6f342da6649132a79fec0a28ef30b64800a637362c4297d94a46bad465191fe0,2331,content/abd_lineage/03_independent_review_31/BLINDED_REVIEW_FREEZE.json,6f342da6649132a79fec0a28ef30b64800a637362c4297d94a46bad465191fe0,2331,ABD 31 independent review freeze/comparison/mapping,exact_copy,0
outputs/abd_eval300_disagreement_independent_review_v1/POST_FREEZE_COMPARISON_MANIFEST.json,c03182ee610f96674569c619e3d4ed98c02428b2c41d9225e07a9a466aad39f7,865,content/abd_lineage/03_independent_review_31/POST_FREEZE_COMPARISON_MANIFEST.json,c03182ee610f96674569c619e3d4ed98c02428b2c41d9225e07a9a466aad39f7,865,ABD 31 independent review freeze/comparison/mapping,exact_copy,0
outputs/abd_eval300_disagreement_independent_review_v1/POST_FREEZE_COMPARISON_REPORT.md,60e4696ee3f333da6e877295672d2774521076d61deb9ca5cf05bc46991a8ec6,19882,content/abd_lineage/03_independent_review_31/POST_FREEZE_COMPARISON_REPORT.md,60e4696ee3f333da6e877295672d2774521076d61deb9ca5cf05bc46991a8ec6,19882,ABD 31 independent review freeze/comparison/mapping,exact_copy,0
outputs/abd_eval300_disagreement_independent_review_v1/PREPARATION_FREEZE.json,891867b82a775165092f1033b8e2f136152fe8f2c1b0a0233ec064ebe6e2944c,49095,content/abd_lineage/03_independent_review_31/PREPARATION_FREEZE.json,891867b82a775165092f1033b8e2f136152fe8f2c1b0a0233ec064ebe6e2944c,49095,ABD 31 independent review freeze/comparison/mapping,exact_copy,0
outputs/abd_eval300_disagreement_independent_review_v1/TARGET_116_HANDLING_RECOMMENDATION.md,36030a92dd5171e9b6003e65b1f57b80de3eba9a015c2c9b1dba979e94da2d16,1065,content/abd_lineage/03_independent_review_31/TARGET_116_HANDLING_RECOMMENDATION.md,36030a92dd5171e9b6003e65b1f57b80de3eba9a015c2c9b1dba979e94da2d16,1065,ABD 31 independent review freeze/comparison/mapping,exact_copy,0
outputs/abd_eval300_disagreement_independent_review_v1/THREE_WAY_COMPARISON.csv,4c2b5fcded220a869b9b5cbbce26dd3c49134228a2261260111a573903c707db,35894,content/abd_lineage/03_independent_review_31/THREE_WAY_COMPARISON.csv,4c2b5fcded220a869b9b5cbbce26dd3c49134228a2261260111a573903c707db,35894,ABD 31 independent review freeze/comparison/mapping,exact_copy,0
outputs/abd_eval300_disagreement_independent_review_v1/identity_mapping_private.json,60eb78c31894dbaa6475a0b754321ecf639b4e64d522befef57811a3b452a8ae,3382,content/abd_lineage/03_independent_review_31/identity_mapping_private.json,60eb78c31894dbaa6475a0b754321ecf639b4e64d522befef57811a3b452a8ae,3382,ABD 31 independent review freeze/comparison/mapping,exact_copy,0
outputs/abd_eval300_disagreement_independent_review_v1/blinded_reviewer_output/REPORT.md,c56fb94db3dae7ea4d08c5e5dd2d953a51a42055bf1a585a64ce33a9eacc6d84,2065,content/abd_lineage/03_independent_review_31/blinded_reviewer_output/REPORT.md,c56fb94db3dae7ea4d08c5e5dd2d953a51a42055bf1a585a64ce33a9eacc6d84,2065,ABD 31 frozen independent review output,exact_copy,0
outputs/abd_eval300_disagreement_independent_review_v1/blinded_reviewer_output/batch_R01.jsonl,0caaaf07fe0c46f5e372f62ea22d963a6c573381f74f92b47dc36b1054710eb5,3104,content/abd_lineage/03_independent_review_31/blinded_reviewer_output/batch_R01.jsonl,0caaaf07fe0c46f5e372f62ea22d963a6c573381f74f92b47dc36b1054710eb5,3104,ABD 31 frozen independent review output,exact_copy,0
outputs/abd_eval300_disagreement_independent_review_v1/blinded_reviewer_output/batch_R01_viewing.json,efa05ad0b5189d56807e4c007235d57ee39b3cf8bb5cb0c03fd59b39fdc2059c,398,content/abd_lineage/03_independent_review_31/blinded_reviewer_output/batch_R01_viewing.json,efa05ad0b5189d56807e4c007235d57ee39b3cf8bb5cb0c03fd59b39fdc2059c,398,ABD 31 frozen independent review output,exact_copy,0
outputs/abd_eval300_disagreement_independent_review_v1/blinded_reviewer_output/batch_R02.jsonl,7afa8204e99301e676f826cc6161ecdc52ff9fb849c2111c3c4c5901655a3532,2973,content/abd_lineage/03_independent_review_31/blinded_reviewer_output/batch_R02.jsonl,7afa8204e99301e676f826cc6161ecdc52ff9fb849c2111c3c4c5901655a3532,2973,ABD 31 frozen independent review output,exact_copy,0
outputs/abd_eval300_disagreement_independent_review_v1/blinded_reviewer_output/batch_R02_viewing.json,4fff4b6cb94380f9a47b7933d724ea287b2f8699e9f19fb369231657c9f2ad4f,368,content/abd_lineage/03_independent_review_31/blinded_reviewer_output/batch_R02_viewing.json,4fff4b6cb94380f9a47b7933d724ea287b2f8699e9f19fb369231657c9f2ad4f,368,ABD 31 frozen independent review output,exact_copy,0
outputs/abd_eval300_disagreement_independent_review_v1/blinded_reviewer_output/batch_R03.jsonl,7bdc7fe96f9ad310c3936eb788923b7776049edc6cc85f30d925b0812740012e,3054,content/abd_lineage/03_independent_review_31/blinded_reviewer_output/batch_R03.jsonl,7bdc7fe96f9ad310c3936eb788923b7776049edc6cc85f30d925b0812740012e,3054,ABD 31 frozen independent review output,exact_copy,0
outputs/abd_eval300_disagreement_independent_review_v1/blinded_reviewer_output/batch_R03_viewing.json,fa209a418ac27d5a2caa25fdf50a35b27acfc73a5e105fbd53ad2b8b2d8be9f6,368,content/abd_lineage/03_independent_review_31/blinded_reviewer_output/batch_R03_viewing.json,fa209a418ac27d5a2caa25fdf50a35b27acfc73a5e105fbd53ad2b8b2d8be9f6,368,ABD 31 frozen independent review output,exact_copy,0
outputs/abd_eval300_disagreement_independent_review_v1/blinded_reviewer_output/batch_R04.jsonl,ba153113422fa16297e66a80b6b66a3d5ec267799aa88e76aa7bdcc64c11b781,2787,content/abd_lineage/03_independent_review_31/blinded_reviewer_output/batch_R04.jsonl,ba153113422fa16297e66a80b6b66a3d5ec267799aa88e76aa7bdcc64c11b781,2787,ABD 31 frozen independent review output,exact_copy,0
outputs/abd_eval300_disagreement_independent_review_v1/blinded_reviewer_output/batch_R04_viewing.json,2a762ff0624e258f3d75222fa502e5c64251d744534d2aba2e85c3dec3fb3d00,368,content/abd_lineage/03_independent_review_31/blinded_reviewer_output/batch_R04_viewing.json,2a762ff0624e258f3d75222fa502e5c64251d744534d2aba2e85c3dec3fb3d00,368,ABD 31 frozen independent review output,exact_copy,0
outputs/abd_eval300_disagreement_independent_review_v1/blinded_reviewer_output/batch_R05.jsonl,9f7f001d88ed13076463da6d136005c3f8f1260d185fb336919f6e738bfa86ae,2626,content/abd_lineage/03_independent_review_31/blinded_reviewer_output/batch_R05.jsonl,9f7f001d88ed13076463da6d136005c3f8f1260d185fb336919f6e738bfa86ae,2626,ABD 31 frozen independent review output,exact_copy,0
outputs/abd_eval300_disagreement_independent_review_v1/blinded_reviewer_output/batch_R05_viewing.json,502ca6b1502801220956d1e8697f8a39b76697f0100b8507fea67a593eb26cfd,367,content/abd_lineage/03_independent_review_31/blinded_reviewer_output/batch_R05_viewing.json,502ca6b1502801220956d1e8697f8a39b76697f0100b8507fea67a593eb26cfd,367,ABD 31 frozen independent review output,exact_copy,0
outputs/abd_eval300_disagreement_independent_review_v1/blinded_reviewer_output/batch_R06.jsonl,cf5b35eb0d89ebe9c04dedebb22cf48757977b3b80b5d50f53ac166163730d0f,3028,content/abd_lineage/03_independent_review_31/blinded_reviewer_output/batch_R06.jsonl,cf5b35eb0d89ebe9c04dedebb22cf48757977b3b80b5d50f53ac166163730d0f,3028,ABD 31 frozen independent review output,exact_copy,0
outputs/abd_eval300_disagreement_independent_review_v1/blinded_reviewer_output/batch_R06_viewing.json,15094235c70c9bd28144228d5a9d85019f3a68b1f3ec69d87d590faf4e1f3a66,400,content/abd_lineage/03_independent_review_31/blinded_reviewer_output/batch_R06_viewing.json,15094235c70c9bd28144228d5a9d85019f3a68b1f3ec69d87d590faf4e1f3a66,400,ABD 31 frozen independent review output,exact_copy,0
outputs/abd_eval300_disagreement_independent_review_v1/blinded_reviewer_output/batch_R07.jsonl,987f7a1c6fc37c574582b6d5e9d6ec1b07e25dd74751927269590c1a365fecb1,2899,content/abd_lineage/03_independent_review_31/blinded_reviewer_output/batch_R07.jsonl,987f7a1c6fc37c574582b6d5e9d6ec1b07e25dd74751927269590c1a365fecb1,2899,ABD 31 frozen independent review output,exact_copy,0
outputs/abd_eval300_disagreement_independent_review_v1/blinded_reviewer_output/batch_R07_viewing.json,cf32e84f6388a90303a6a1ce11c22e3b4897dedd14b0d80ce9737f9d2ecfe2cc,399,content/abd_lineage/03_independent_review_31/blinded_reviewer_output/batch_R07_viewing.json,cf32e84f6388a90303a6a1ce11c22e3b4897dedd14b0d80ce9737f9d2ecfe2cc,399,ABD 31 frozen independent review output,exact_copy,0
outputs/abd_eval300_disagreement_independent_review_v1/blinded_reviewer_output/batch_R08.jsonl,74bbd6bb754ff6e753f614c5edbcaa8e8e80a8242854031c28417a3906ffde54,2089,content/abd_lineage/03_independent_review_31/blinded_reviewer_output/batch_R08.jsonl,74bbd6bb754ff6e753f614c5edbcaa8e8e80a8242854031c28417a3906ffde54,2089,ABD 31 frozen independent review output,exact_copy,0
outputs/abd_eval300_disagreement_independent_review_v1/blinded_reviewer_output/batch_R08_viewing.json,2793b7a1258d70fd15565e615263b504750834e23b34456687aeea5e10ac6d81,311,content/abd_lineage/03_independent_review_31/blinded_reviewer_output/batch_R08_viewing.json,2793b7a1258d70fd15565e615263b504750834e23b34456687aeea5e10ac6d81,311,ABD 31 frozen independent review output,exact_copy,0
outputs/abd_eval300_disagreement_independent_review_v1/blinded_reviewer_output/blinded_reviews.jsonl,75fdab627ddf165f75133f026d0a6e605e6b838bdcb58912e752a67a0783557f,22560,content/abd_lineage/03_independent_review_31/blinded_reviewer_output/blinded_reviews.jsonl,75fdab627ddf165f75133f026d0a6e605e6b838bdcb58912e752a67a0783557f,22560,ABD 31 frozen independent review output,exact_copy,0
outputs/abd_eval300_disagreement_independent_review_v1/blinded_reviewer_output/progress.json,9949f407d7eb4dcdcff654af384c5a6a7651f8e206533ec1e8f4372b168a8c15,1839,content/abd_lineage/03_independent_review_31/blinded_reviewer_output/progress.json,9949f407d7eb4dcdcff654af384c5a6a7651f8e206533ec1e8f4372b168a8c15,1839,ABD 31 frozen independent review output,exact_copy,0
outputs/abd_eval300_disagreement_independent_review_v1/reviewer_materials/AUDIT_CRITERIA_FROZEN.md,7e9e25909a97ade16b86c896e5b086f5148b7d3f1bda8a8118db8c07f318f4e3,1744,content/abd_lineage/03_independent_review_31/reviewer_materials/AUDIT_CRITERIA_FROZEN.md,7e9e25909a97ade16b86c896e5b086f5148b7d3f1bda8a8118db8c07f318f4e3,1744,ABD 31 reviewer package metadata/instructions,exact_copy,0
outputs/abd_eval300_disagreement_independent_review_v1/reviewer_materials/UNIFIED_REVIEW_INSTRUCTIONS.md,1c19183bffdb31cec40670fce298531f4b193ef5a7b6890c6d47e297f62641b2,2794,content/abd_lineage/03_independent_review_31/reviewer_materials/UNIFIED_REVIEW_INSTRUCTIONS.md,1c19183bffdb31cec40670fce298531f4b193ef5a7b6890c6d47e297f62641b2,2794,ABD 31 reviewer package metadata/instructions,exact_copy,0
outputs/abd_eval300_disagreement_independent_review_v1/reviewer_materials/batch_manifest.json,fadba993de26f884740d0aa3852f226b0b254b8edc67c06f79c778b388c27178,1893,content/abd_lineage/03_independent_review_31/reviewer_materials/batch_manifest.json,fadba993de26f884740d0aa3852f226b0b254b8edc67c06f79c778b388c27178,1893,ABD 31 reviewer package metadata/instructions,exact_copy,0
outputs/abd_eval300_disagreement_independent_review_v1/reviewer_materials/package_manifest.json,b8fd5aedafd4abdad310a2dd83a2814ce829b5485a2bfe79729f1a44ca49df4e,8285,content/abd_lineage/03_independent_review_31/reviewer_materials/package_manifest.json,b8fd5aedafd4abdad310a2dd83a2814ce829b5485a2bfe79729f1a44ca49df4e,8285,ABD 31 reviewer package metadata/instructions,exact_copy,0
outputs/abd_eval300_evidence_audit_disagreement_diagnostic_v1/ALL_31_DISAGREEMENTS.md,ca25d6a8ae387a114c2b6efc8e629de8fd9d4db75132701cc0b1cfc65cd75b45,47066,content/abd_lineage/04_derived_diagnostics/disagreement_diagnostic/ALL_31_DISAGREEMENTS.md,f4f7a891fbd47497b3eeaee9483c53812c2fbd940479dee0c0eacc178f2ee14f,46576,ABD disagreement diagnostic derived statistic/report,absolute_personal_path_redaction_only,5
outputs/abd_eval300_evidence_audit_disagreement_diagnostic_v1/DIAGNOSTIC_CONCLUSION.md,db2902ca707a734ffcff2a8dff169cbc7574e783f352513dfdc0e8e2328e14ce,1499,content/abd_lineage/04_derived_diagnostics/disagreement_diagnostic/DIAGNOSTIC_CONCLUSION.md,db2902ca707a734ffcff2a8dff169cbc7574e783f352513dfdc0e8e2328e14ce,1499,ABD disagreement diagnostic derived statistic/report,exact_copy,0
outputs/abd_eval300_evidence_audit_disagreement_diagnostic_v1/GENS_AUDIT_PROTOCOL_RECOVERY.md,05bec1dac603484f752635b9eca7dd6ad353fcefecabe0dcddf51e2fc8fa14e7,3765,content/abd_lineage/04_derived_diagnostics/disagreement_diagnostic/GENS_AUDIT_PROTOCOL_RECOVERY.md,05bec1dac603484f752635b9eca7dd6ad353fcefecabe0dcddf51e2fc8fa14e7,3765,ABD disagreement diagnostic derived statistic/report,exact_copy,0
outputs/abd_eval300_evidence_audit_disagreement_diagnostic_v1/diagnostic_manifest.json,ffb945118d2219b6907f698d2c4861b895fb5970d87f8fd89734872214a82029,1276,content/abd_lineage/04_derived_diagnostics/disagreement_diagnostic/diagnostic_manifest.json,ffb945118d2219b6907f698d2c4861b895fb5970d87f8fd89734872214a82029,1276,ABD disagreement diagnostic derived statistic/report,exact_copy,0
outputs/abd_eval300_evidence_audit_disagreement_diagnostic_v1/diagnostic_summary.json,3f7b7304113a3f30174908f8610d1924a6d3e6af7500845580c49f2cb5e5df50,670,content/abd_lineage/04_derived_diagnostics/disagreement_diagnostic/diagnostic_summary.json,3f7b7304113a3f30174908f8610d1924a6d3e6af7500845580c49f2cb5e5df50,670,ABD disagreement diagnostic derived statistic/report,exact_copy,0
outputs/abd_eval300_evidence_audit_disagreement_diagnostic_v1/material_comparison.csv,488c0682a600baa7d559bc244be8b95534a20d20163e91fb8e2111675d6a401a,3917,content/abd_lineage/04_derived_diagnostics/disagreement_diagnostic/material_comparison.csv,488c0682a600baa7d559bc244be8b95534a20d20163e91fb8e2111675d6a401a,3917,ABD disagreement diagnostic derived statistic/report,exact_copy,0
outputs/abd_eval300_strict_support_disagreement_stats_v1/STRICT_SUPPORT_DISAGREEMENT_REPORT.md,fb46ec3a29b42b6808b76e359f3b2c95644fb743bd7b2efa562482fdebce60fd,4396,content/abd_lineage/04_derived_diagnostics/strict_support_statistics/STRICT_SUPPORT_DISAGREEMENT_REPORT.md,fb46ec3a29b42b6808b76e359f3b2c95644fb743bd7b2efa562482fdebce60fd,4396,ABD strict-support derived statistic/report,exact_copy,0
outputs/abd_eval300_strict_support_disagreement_stats_v1/boundary_crossing_records_31.csv,c07a43be248d6f939038083a7910b2efd9b9999cc79f043e63f16d2812604fa7,1839,content/abd_lineage/04_derived_diagnostics/strict_support_statistics/boundary_crossing_records_31.csv,c07a43be248d6f939038083a7910b2efd9b9999cc79f043e63f16d2812604fa7,1839,ABD strict-support derived statistic/report,exact_copy,0
outputs/abd_eval300_strict_support_disagreement_stats_v1/controls60_five_class_and_binary.csv,2637f99a2c6cb3fbe9ee3dca96af399cb165974ecbed9aa4bc3a12922b6512d3,5767,content/abd_lineage/04_derived_diagnostics/strict_support_statistics/controls60_five_class_and_binary.csv,2637f99a2c6cb3fbe9ee3dca96af399cb165974ecbed9aa4bc3a12922b6512d3,5767,ABD strict-support derived statistic/report,exact_copy,0
outputs/abd_eval300_strict_support_disagreement_stats_v1/disagreements31_five_class_and_binary.csv,6885829bd242dd4132ec077e453b6fce3a4f2a0d3ad5c5510a1bb7d8a406a0f8,3888,content/abd_lineage/04_derived_diagnostics/strict_support_statistics/disagreements31_five_class_and_binary.csv,6885829bd242dd4132ec077e453b6fce3a4f2a0d3ad5c5510a1bb7d8a406a0f8,3888,ABD strict-support derived statistic/report,exact_copy,0
outputs/abd_eval300_strict_support_disagreement_stats_v1/integrity.json,467653cda1ff30fbc4adcaf7a42d23c079d9d0233d17b75b9a27d462eb4c62a9,1372,content/abd_lineage/04_derived_diagnostics/strict_support_statistics/integrity.json,467653cda1ff30fbc4adcaf7a42d23c079d9d0233d17b75b9a27d462eb4c62a9,1372,ABD strict-support derived statistic/report,exact_copy,0
outputs/abd_eval300_strict_support_disagreement_stats_v1/manifest.json,35a622c3dfeb4c7d9bf3690bfa3770a1e83e62ef71ba63002905a455d4b29f27,1960,content/abd_lineage/04_derived_diagnostics/strict_support_statistics/manifest.json,35a622c3dfeb4c7d9bf3690bfa3770a1e83e62ef71ba63002905a455d4b29f27,1960,ABD strict-support derived statistic/report,exact_copy,0
outputs/abd_eval300_strict_support_disagreement_stats_v1/pairwise_binary_by_arm.csv,feca000fda477c3cdcd0716f9992a345e122d40c59ddabe091b152dd67db2c72,1576,content/abd_lineage/04_derived_diagnostics/strict_support_statistics/pairwise_binary_by_arm.csv,feca000fda477c3cdcd0716f9992a345e122d40c59ddabe091b152dd67db2c72,1576,ABD strict-support derived statistic/report,exact_copy,0
outputs/abd_eval300_strict_support_disagreement_stats_v1/pairwise_binary_overall.csv,4433d1541a70f4230b222a7365151059d1b8fb2995e1f99371bfa66fca2309c3,780,content/abd_lineage/04_derived_diagnostics/strict_support_statistics/pairwise_binary_overall.csv,4433d1541a70f4230b222a7365151059d1b8fb2995e1f99371bfa66fca2309c3,780,ABD strict-support derived statistic/report,exact_copy,0
outputs/abd_eval300_strict_support_disagreement_stats_v1/subset_boundary_summary.csv,d9d38ff1e645e2852c4e63a489bcddb1cbb02404e31801ed8c29f5034672e53a,202,content/abd_lineage/04_derived_diagnostics/strict_support_statistics/subset_boundary_summary.csv,d9d38ff1e645e2852c4e63a489bcddb1cbb02404e31801ed8c29f5034672e53a,202,ABD strict-support derived statistic/report,exact_copy,0
outputs/abd_eval300_evidence_audit_final_v1/ABD_FINAL_METRICS.md,12148c0337df913890a360df6e43aaa58666bf083d288c3a38851f1c03a20a48,801,content/abd_lineage/05_final_authoritative_900/ABD_FINAL_METRICS.md,12148c0337df913890a360df6e43aaa58666bf083d288c3a38851f1c03a20a48,801,ABD final authoritative freeze artifact,exact_copy,0
outputs/abd_eval300_evidence_audit_final_v1/AUDIT_METHOD_AND_LIMITATIONS.md,0944b3b402087e06c15b37a9fd7e89571242b1d60f5fd5bfb5767752e384a7a1,1602,content/abd_lineage/05_final_authoritative_900/AUDIT_METHOD_AND_LIMITATIONS.md,0944b3b402087e06c15b37a9fd7e89571242b1d60f5fd5bfb5767752e384a7a1,1602,ABD final authoritative freeze artifact,exact_copy,0
outputs/abd_eval300_evidence_audit_final_v1/INTEGRITY_CHECK_REPORT.md,eba339efb49fdeb4d357c23ae3d74430bc9d44f7dce67d7bc92855cadc7ee34f,839,content/abd_lineage/05_final_authoritative_900/INTEGRITY_CHECK_REPORT.md,eba339efb49fdeb4d357c23ae3d74430bc9d44f7dce67d7bc92855cadc7ee34f,839,ABD final authoritative freeze artifact,exact_copy,0
outputs/abd_eval300_evidence_audit_final_v1/abd_final_metrics.csv,550aba1bc5251282116074014e1d93c41e1aa0acea8d69cc263ffe8444834849,1192,content/abd_lineage/05_final_authoritative_900/abd_final_metrics.csv,550aba1bc5251282116074014e1d93c41e1aa0acea8d69cc263ffe8444834849,1192,ABD final authoritative freeze artifact,exact_copy,0
outputs/abd_eval300_evidence_audit_final_v1/abd_gens_direct_comparison.csv,7aec60160ff4d152c0477602747af319508c7c5f7b28f7254c4cc9e754b75c47,1393,content/abd_lineage/05_final_authoritative_900/abd_gens_direct_comparison.csv,7aec60160ff4d152c0477602747af319508c7c5f7b28f7254c4cc9e754b75c47,1393,ABD final authoritative freeze artifact,exact_copy,0
outputs/abd_eval300_evidence_audit_final_v1/final_evidence_audit_labels.jsonl,8bd5a17b95059384940193e03d13deb277068afd93509660ffc1d0e4d2df603d,2433916,content/abd_lineage/05_final_authoritative_900/final_evidence_audit_labels.jsonl,07c8336f0c28f09b8334b57e12a0d5b8cffd36fb127f8a64c815f97b44bac893,2418628,ABD final authoritative freeze artifact,absolute_personal_path_redaction_only,156
outputs/abd_eval300_evidence_audit_final_v1/final_evidence_audit_with_correctness.jsonl,83d43380d9462669e7563912b715457d3816ac7c80f507ac5b481649be13514a,343979,content/abd_lineage/05_final_authoritative_900/final_evidence_audit_with_correctness.jsonl,83d43380d9462669e7563912b715457d3816ac7c80f507ac5b481649be13514a,343979,ABD final authoritative freeze artifact,exact_copy,0
outputs/abd_eval300_evidence_audit_final_v1/final_manifest.json,2ed8a4cec3756af96a12449572a021d3b12facaf5dc433eca3725bc4c2855438,2708,content/abd_lineage/05_final_authoritative_900/final_manifest.json,2ed8a4cec3756af96a12449572a021d3b12facaf5dc433eca3725bc4c2855438,2708,ABD final authoritative freeze artifact,exact_copy,0
outputs/abd_eval300_evidence_audit_final_v1/label_freeze.json,a8b0d32e5d3fee5ecbf61d9a92cb3a42be0007a1b0cbf5e6af950af1b17cecec,2473,content/abd_lineage/05_final_authoritative_900/label_freeze.json,a8b0d32e5d3fee5ecbf61d9a92cb3a42be0007a1b0cbf5e6af950af1b17cecec,2473,ABD final authoritative freeze artifact,exact_copy,0
outputs/abd_eval300_evidence_audit_final_v1/merge_integrity.json,b78aae9f4fabcda77128e58770481cf8ceb5e94923017ae53264b2b21f826986,4284,content/abd_lineage/05_final_authoritative_900/merge_integrity.json,b78aae9f4fabcda77128e58770481cf8ceb5e94923017ae53264b2b21f826986,4284,ABD final authoritative freeze artifact,exact_copy,0
outputs/abd_eval300_evidence_audit_final_v1/review_version_replacements.csv,89f87262afa8759871709bd1d9b867a2fa6dfbfdc6c47425de68f9af1b38e225,278752,content/abd_lineage/05_final_authoritative_900/review_version_replacements.csv,89f87262afa8759871709bd1d9b867a2fa6dfbfdc6c47425de68f9af1b38e225,278752,ABD final authoritative freeze artifact,exact_copy,0
outputs/abd_eval300_evidence_audit_final_v1/statistics_freeze.json,9f1384c1cc124259b743720c947ef3d723cf82f6d95d07cab8a70d8f73de9b85,975,content/abd_lineage/05_final_authoritative_900/statistics_freeze.json,9f1384c1cc124259b743720c947ef3d723cf82f6d95d07cab8a70d8f73de9b85,975,ABD final authoritative freeze artifact,exact_copy,0
audit/codex_evidence_audit_r1_r3_gens_v3_v1/AUDIT_CRITERIA_FROZEN.md,7e9e25909a97ade16b86c896e5b086f5148b7d3f1bda8a8118db8c07f318f4e3,1744,content/historical_r1_r3_gens_audit_900/audit/AUDIT_CRITERIA_FROZEN.md,7e9e25909a97ade16b86c896e5b086f5148b7d3f1bda8a8118db8c07f318f4e3,1744,Historical R1/R3/GenS 900 freeze/report/manifest,exact_copy,0
audit/codex_evidence_audit_r1_r3_gens_v3_v1/EVIDENCE_AUDIT_REPORT.md,e63e701a929f008bba0f2e6b447e6d9f980a18135398587bb92b6e2ad8d66bf9,8168,content/historical_r1_r3_gens_audit_900/audit/EVIDENCE_AUDIT_REPORT.md,e63e701a929f008bba0f2e6b447e6d9f980a18135398587bb92b6e2ad8d66bf9,8168,Historical R1/R3/GenS 900 freeze/report/manifest,exact_copy,0
audit/codex_evidence_audit_r1_r3_gens_v3_v1/batch_manifest.json,d36c8d983768ed9a40f27a70b855f4c0ddf6987954d540683cf80ed9e9cbaf79,37977,content/historical_r1_r3_gens_audit_900/audit/batch_manifest.json,d36c8d983768ed9a40f27a70b855f4c0ddf6987954d540683cf80ed9e9cbaf79,37977,Historical R1/R3/GenS 900 freeze/report/manifest,exact_copy,0
audit/codex_evidence_audit_r1_r3_gens_v3_v1/evidence_audit_freeze.json,e7f55c352d11a86cf188d837b0f233b8eaee84f2567b8731fe2ba70f988f5dc7,16229,content/historical_r1_r3_gens_audit_900/audit/evidence_audit_freeze.json,0e5e86424f6f02db3320e43a3ea490cc020dbd9caffd6e5f6ef47dcd37d81f3c,16131,Historical R1/R3/GenS 900 freeze/report/manifest,absolute_personal_path_redaction_only,1
audit/codex_evidence_audit_r1_r3_gens_v3_v1/evidence_audit_frozen.jsonl,120fa48bba3fdba4dc53a71e160c4def946910e9e018764a9df777b32bc8c329,437458,content/historical_r1_r3_gens_audit_900/audit/evidence_audit_frozen.jsonl,120fa48bba3fdba4dc53a71e160c4def946910e9e018764a9df777b32bc8c329,437458,Historical R1/R3/GenS 900 freeze/report/manifest,exact_copy,0
audit/codex_evidence_audit_r1_r3_gens_v3_v1/evidence_score_cross_stats.json,d549cd83c66a59f3ff0e036c56a5c68c683608013f4a4196f077da34c7c5411b,8785,content/historical_r1_r3_gens_audit_900/audit/evidence_score_cross_stats.json,84ec3eced8ff306fa07f65ef960b97dce31f15b5c51d985b3c6701dadadd01af,8491,Historical R1/R3/GenS 900 freeze/report/manifest,absolute_personal_path_redaction_only,3
audit/codex_evidence_audit_r1_r3_gens_v3_v1/fixed_examples.json,b1ace7a8b3b42473beaf08ec33159fa50d06179154805db7e2128b99e5e5195f,15094,content/historical_r1_r3_gens_audit_900/audit/fixed_examples.json,b1ace7a8b3b42473beaf08ec33159fa50d06179154805db7e2128b99e5e5195f,15094,Historical R1/R3/GenS 900 freeze/report/manifest,exact_copy,0
audit/codex_evidence_audit_r1_r3_gens_v3_v1/gens_v2_to_v3_transition.json,4b5e85bad538ce8f71acf665ad7ee43fa817d3e29f5a9109f388ffd5fb7ced3b,3077,content/historical_r1_r3_gens_audit_900/audit/gens_v2_to_v3_transition.json,4b5e85bad538ce8f71acf665ad7ee43fa817d3e29f5a9109f388ffd5fb7ced3b,3077,Historical R1/R3/GenS 900 freeze/report/manifest,exact_copy,0
audit/codex_evidence_audit_r1_r3_gens_v3_v1/identity_mapping.json,62c40f909e1f922beb93ebbc7911f4bbe2d895e8c843c35fba9776b158eb7a5a,188677,content/historical_r1_r3_gens_audit_900/audit/identity_mapping.json,62c40f909e1f922beb93ebbc7911f4bbe2d895e8c843c35fba9776b158eb7a5a,188677,Historical R1/R3/GenS 900 freeze/report/manifest,exact_copy,0
audit/codex_evidence_audit_r1_r3_gens_v3_v1/independent_gold_validation.json,0fb10bdbb97e04ac56043e963dbb670c3d5fb487922d7d7a3ebd76e1c5b31b11,632,content/historical_r1_r3_gens_audit_900/audit/independent_gold_validation.json,86d4085e750d43991f2ca92543b37e6b9211352a4c935053d05c7ce3a6300428,614,Historical R1/R3/GenS 900 freeze/report/manifest,absolute_personal_path_redaction_only,1
audit/codex_evidence_audit_r1_r3_gens_v3_v1/package_freeze.json,8f1b4509bfe91676ef6217d0ceb1ab8a351f1cb5713d3b7b05b887f143fd4ad8,871,content/historical_r1_r3_gens_audit_900/audit/package_freeze.json,9560d85afb203d0083650a047aff3b31746939ac3b423df89cf89b6db79ee242,675,Historical R1/R3/GenS 900 freeze/report/manifest,absolute_personal_path_redaction_only,2
audit/codex_evidence_audit_r1_r3_gens_v3_v1/progress.json,23dc0321c5478671e1e27da94a8202bb4a6d80f4363a5e3519c4b2c5ea5a6b54,2632,content/historical_r1_r3_gens_audit_900/audit/progress.json,23dc0321c5478671e1e27da94a8202bb4a6d80f4363a5e3519c4b2c5ea5a6b54,2632,Historical R1/R3/GenS 900 freeze/report/manifest,exact_copy,0
audit/codex_evidence_audit_r1_r3_gens_v3_v1/raw_integrity.json,c1482b9b2ecb2a30c9d6ff4484024b5b5275fdf891599a2f33ca368475857576,955,content/historical_r1_r3_gens_audit_900/audit/raw_integrity.json,c1482b9b2ecb2a30c9d6ff4484024b5b5275fdf891599a2f33ca368475857576,955,Historical R1/R3/GenS 900 freeze/report/manifest,exact_copy,0
audit/codex_evidence_audit_r1_r3_gens_v3_v1/scored_analysis_freeze.json,35d58875c903932f0f393b6c3e1751a17af86277280baef87ecb176811f3bfdf,853,content/historical_r1_r3_gens_audit_900/audit/scored_analysis_freeze.json,35d58875c903932f0f393b6c3e1751a17af86277280baef87ecb176811f3bfdf,853,Historical R1/R3/GenS 900 freeze/report/manifest,exact_copy,0
audit/codex_evidence_audit_r1_r3_gens_v3_v1/scored_evidence_audit.jsonl,ee4f77fda6438bd924216a86ce1de102a067bc811476be843546d3577eb247b5,634019,content/historical_r1_r3_gens_audit_900/audit/scored_evidence_audit.jsonl,ee4f77fda6438bd924216a86ce1de102a067bc811476be843546d3577eb247b5,634019,Historical R1/R3/GenS 900 freeze/report/manifest,exact_copy,0
audit/codex_evidence_audit_r1_r3_gens_v3_v1/unified_summary.csv,b4532437739783595dc05d6065a3f6d24ba5548b7bc1e505c7eaed6762ceba8a,387,content/historical_r1_r3_gens_audit_900/audit/unified_summary.csv,b4532437739783595dc05d6065a3f6d24ba5548b7bc1e505c7eaed6762ceba8a,387,Historical R1/R3/GenS 900 freeze/report/manifest,exact_copy,0
audit/codex_evidence_audit_r1_r3_gens_v3_v1/reviews/B001.jsonl,e17b004c9153a05989196ed6d5f534148f475362c7cff88336acb91839a7d565,3683,content/historical_r1_r3_gens_audit_900/audit/reviews/B001.jsonl,e17b004c9153a05989196ed6d5f534148f475362c7cff88336acb91839a7d565,3683,Historical R1/R3/GenS accepted review batch,exact_copy,0
audit/codex_evidence_audit_r1_r3_gens_v3_v1/reviews/B002.jsonl,9d9f7948e9c573af8c259998b334adba155c5025e6d11962993f748f534e62dc,2404,content/historical_r1_r3_gens_audit_900/audit/reviews/B002.jsonl,9d9f7948e9c573af8c259998b334adba155c5025e6d11962993f748f534e62dc,2404,Historical R1/R3/GenS accepted review batch,exact_copy,0
audit/codex_evidence_audit_r1_r3_gens_v3_v1/reviews/B003.jsonl,c2c8855f38cfd01f64a62e216f87b80f6ac08709d5a8a47681dd0da4aefc1576,2429,content/historical_r1_r3_gens_audit_900/audit/reviews/B003.jsonl,c2c8855f38cfd01f64a62e216f87b80f6ac08709d5a8a47681dd0da4aefc1576,2429,Historical R1/R3/GenS accepted review batch,exact_copy,0
audit/codex_evidence_audit_r1_r3_gens_v3_v1/reviews/B004.jsonl,0fba223da9688ee2db316ee06d942a53338365c0ecedcd3d198d080d9eeb4792,2825,content/historical_r1_r3_gens_audit_900/audit/reviews/B004.jsonl,0fba223da9688ee2db316ee06d942a53338365c0ecedcd3d198d080d9eeb4792,2825,Historical R1/R3/GenS accepted review batch,exact_copy,0
audit/codex_evidence_audit_r1_r3_gens_v3_v1/reviews/B005.jsonl,3ab55d78909240543e7e992f112d9a344423c51e9d6dee73f70af7206c9059f7,2772,content/historical_r1_r3_gens_audit_900/audit/reviews/B005.jsonl,3ab55d78909240543e7e992f112d9a344423c51e9d6dee73f70af7206c9059f7,2772,Historical R1/R3/GenS accepted review batch,exact_copy,0
audit/codex_evidence_audit_r1_r3_gens_v3_v1/reviews/B006.jsonl,e1e8933e8d95c11deae038a61a9c35c3655d5fc1a806c3571b9fbe3f527fbef4,2790,content/historical_r1_r3_gens_audit_900/audit/reviews/B006.jsonl,e1e8933e8d95c11deae038a61a9c35c3655d5fc1a806c3571b9fbe3f527fbef4,2790,Historical R1/R3/GenS accepted review batch,exact_copy,0
audit/codex_evidence_audit_r1_r3_gens_v3_v1/reviews/B007.jsonl,8a6a5f0f14ce015e6500956234ec2fddc689ac4808f6365d1584df5e9c02cdf3,2201,content/historical_r1_r3_gens_audit_900/audit/reviews/B007.jsonl,8a6a5f0f14ce015e6500956234ec2fddc689ac4808f6365d1584df5e9c02cdf3,2201,Historical R1/R3/GenS accepted review batch,exact_copy,0
audit/codex_evidence_audit_r1_r3_gens_v3_v1/reviews/B008.jsonl,e88346bebf10c8b7cfc6903657a8f2a952760a6eee6156daf87b98fc5340ec32,2764,content/historical_r1_r3_gens_audit_900/audit/reviews/B008.jsonl,e88346bebf10c8b7cfc6903657a8f2a952760a6eee6156daf87b98fc5340ec32,2764,Historical R1/R3/GenS accepted review batch,exact_copy,0
audit/codex_evidence_audit_r1_r3_gens_v3_v1/reviews/B009.jsonl,8bda140953b98e708796f734f8cde5df1007bceba7a5c49d24e91f6610299d2c,2285,content/historical_r1_r3_gens_audit_900/audit/reviews/B009.jsonl,8bda140953b98e708796f734f8cde5df1007bceba7a5c49d24e91f6610299d2c,2285,Historical R1/R3/GenS accepted review batch,exact_copy,0
audit/codex_evidence_audit_r1_r3_gens_v3_v1/reviews/B010.jsonl,054366550ec53d88034dbd9ffc7b7029df800b7f6246aeae51229f38b91f0065,3437,content/historical_r1_r3_gens_audit_900/audit/reviews/B010.jsonl,054366550ec53d88034dbd9ffc7b7029df800b7f6246aeae51229f38b91f0065,3437,Historical R1/R3/GenS accepted review batch,exact_copy,0
audit/codex_evidence_audit_r1_r3_gens_v3_v1/reviews/B011.jsonl,88318b3db18e16c8864401492afa00d218c26ebe4e70ee9467b49cf947b54c90,2093,content/historical_r1_r3_gens_audit_900/audit/reviews/B011.jsonl,88318b3db18e16c8864401492afa00d218c26ebe4e70ee9467b49cf947b54c90,2093,Historical R1/R3/GenS accepted review batch,exact_copy,0
audit/codex_evidence_audit_r1_r3_gens_v3_v1/reviews/B012.jsonl,690e2331c755babeed054649a9fccd01725a3b8e0c95de627af009720cc63596,3180,content/historical_r1_r3_gens_audit_900/audit/reviews/B012.jsonl,690e2331c755babeed054649a9fccd01725a3b8e0c95de627af009720cc63596,3180,Historical R1/R3/GenS accepted review batch,exact_copy,0
audit/codex_evidence_audit_r1_r3_gens_v3_v1/reviews/B013.jsonl,d8623ebf70b639ba0153b7ca31fc969e3e05cfc5cc26cd6e39dbb7bf82695a51,2518,content/historical_r1_r3_gens_audit_900/audit/reviews/B013.jsonl,d8623ebf70b639ba0153b7ca31fc969e3e05cfc5cc26cd6e39dbb7bf82695a51,2518,Historical R1/R3/GenS accepted review batch,exact_copy,0
audit/codex_evidence_audit_r1_r3_gens_v3_v1/reviews/B014.jsonl,332d37ac126849b2ce4af69044da98bbac4a698dbe5428a0e28ced73600220f4,2420,content/historical_r1_r3_gens_audit_900/audit/reviews/B014.jsonl,332d37ac126849b2ce4af69044da98bbac4a698dbe5428a0e28ced73600220f4,2420,Historical R1/R3/GenS accepted review batch,exact_copy,0
audit/codex_evidence_audit_r1_r3_gens_v3_v1/reviews/B015.jsonl,25a6fe2027ba64012b3232fc8b0509d8733a8592ef09a7289e679c4b9b7001e5,2125,content/historical_r1_r3_gens_audit_900/audit/reviews/B015.jsonl,25a6fe2027ba64012b3232fc8b0509d8733a8592ef09a7289e679c4b9b7001e5,2125,Historical R1/R3/GenS accepted review batch,exact_copy,0
audit/codex_evidence_audit_r1_r3_gens_v3_v1/reviews/B016.jsonl,8023c39922c904ed60f8c8805da4d2cb163440c72bf2ef1bed968c87c22f12d2,3115,content/historical_r1_r3_gens_audit_900/audit/reviews/B016.jsonl,8023c39922c904ed60f8c8805da4d2cb163440c72bf2ef1bed968c87c22f12d2,3115,Historical R1/R3/GenS accepted review batch,exact_copy,0
audit/codex_evidence_audit_r1_r3_gens_v3_v1/reviews/B017.jsonl,2d3a3b57a52f72c76b94f034ed755bfc6bd2b69a02af2813697a1ce7d0df570e,2663,content/historical_r1_r3_gens_audit_900/audit/reviews/B017.jsonl,2d3a3b57a52f72c76b94f034ed755bfc6bd2b69a02af2813697a1ce7d0df570e,2663,Historical R1/R3/GenS accepted review batch,exact_copy,0
audit/codex_evidence_audit_r1_r3_gens_v3_v1/reviews/B018.jsonl,f363aeb716b1fa307f30700c9531b899d02ca2a35a5218377349d6c51452adb5,1603,content/historical_r1_r3_gens_audit_900/audit/reviews/B018.jsonl,f363aeb716b1fa307f30700c9531b899d02ca2a35a5218377349d6c51452adb5,1603,Historical R1/R3/GenS accepted review batch,exact_copy,0
audit/codex_evidence_audit_r1_r3_gens_v3_v1/reviews/B019.jsonl,ac568b7a4024d283ea128b13eb1e7f4bd227efcd4f33213eca3f8ce9f196a77e,2491,content/historical_r1_r3_gens_audit_900/audit/reviews/B019.jsonl,ac568b7a4024d283ea128b13eb1e7f4bd227efcd4f33213eca3f8ce9f196a77e,2491,Historical R1/R3/GenS accepted review batch,exact_copy,0
audit/codex_evidence_audit_r1_r3_gens_v3_v1/reviews/B020.jsonl,5652a514c1f44df3a48bc3dbb3bf810913fcf64bd3947f3721347c601d446fb2,3484,content/historical_r1_r3_gens_audit_900/audit/reviews/B020.jsonl,5652a514c1f44df3a48bc3dbb3bf810913fcf64bd3947f3721347c601d446fb2,3484,Historical R1/R3/GenS accepted review batch,exact_copy,0
audit/codex_evidence_audit_r1_r3_gens_v3_v1/reviews/B021.jsonl,6e29227fd433557e99f4daca01477245acf9aee6f4b0035b3b9177b0e7adfbb9,1574,content/historical_r1_r3_gens_audit_900/audit/reviews/B021.jsonl,6e29227fd433557e99f4daca01477245acf9aee6f4b0035b3b9177b0e7adfbb9,1574,Historical R1/R3/GenS accepted review batch,exact_copy,0
audit/codex_evidence_audit_r1_r3_gens_v3_v1/reviews/B022.jsonl,c218e8eac81a8b2e6e3c2f4a67bee6499b8dbbe29ecb7851615f5f98653e20e1,1983,content/historical_r1_r3_gens_audit_900/audit/reviews/B022.jsonl,c218e8eac81a8b2e6e3c2f4a67bee6499b8dbbe29ecb7851615f5f98653e20e1,1983,Historical R1/R3/GenS accepted review batch,exact_copy,0
audit/codex_evidence_audit_r1_r3_gens_v3_v1/reviews/B023.jsonl,55e16948e570198cd3285c91ff08a9b4e1093a21f5e71561767ced07ebb7f1aa,2332,content/historical_r1_r3_gens_audit_900/audit/reviews/B023.jsonl,55e16948e570198cd3285c91ff08a9b4e1093a21f5e71561767ced07ebb7f1aa,2332,Historical R1/R3/GenS accepted review batch,exact_copy,0
audit/codex_evidence_audit_r1_r3_gens_v3_v1/reviews/B024.jsonl,0a3d94be614cd4b4ea472f9ec89ccbf84a79cde2c8981a458f75954468152872,1444,content/historical_r1_r3_gens_audit_900/audit/reviews/B024.jsonl,0a3d94be614cd4b4ea472f9ec89ccbf84a79cde2c8981a458f75954468152872,1444,Historical R1/R3/GenS accepted review batch,exact_copy,0
audit/codex_evidence_audit_r1_r3_gens_v3_v1/reviews/B025.jsonl,b93329a3a775be53c954ebd631d92a350b931bbea2fedcd0fda28f28a4fbb010,1829,content/historical_r1_r3_gens_audit_900/audit/reviews/B025.jsonl,b93329a3a775be53c954ebd631d92a350b931bbea2fedcd0fda28f28a4fbb010,1829,Historical R1/R3/GenS accepted review batch,exact_copy,0
audit/codex_evidence_audit_r1_r3_gens_v3_v1/reviews/B026.jsonl,bd58e874d32a1483f483340c00008347f304e9ca8abcf2e81e58d50c0cc282e8,2104,content/historical_r1_r3_gens_audit_900/audit/reviews/B026.jsonl,bd58e874d32a1483f483340c00008347f304e9ca8abcf2e81e58d50c0cc282e8,2104,Historical R1/R3/GenS accepted review batch,exact_copy,0
audit/codex_evidence_audit_r1_r3_gens_v3_v1/reviews/B027.jsonl,7d70ebeaa525bd10f95cba1b80bcf9ba02a3f334cd4d49d71966f63d2a80d8e2,2259,content/historical_r1_r3_gens_audit_900/audit/reviews/B027.jsonl,7d70ebeaa525bd10f95cba1b80bcf9ba02a3f334cd4d49d71966f63d2a80d8e2,2259,Historical R1/R3/GenS accepted review batch,exact_copy,0
audit/codex_evidence_audit_r1_r3_gens_v3_v1/reviews/B028.jsonl,867d332e580c48ca0a76443ad3e4f4671a53777e7a4ee079fb20535f29097113,3839,content/historical_r1_r3_gens_audit_900/audit/reviews/B028.jsonl,867d332e580c48ca0a76443ad3e4f4671a53777e7a4ee079fb20535f29097113,3839,Historical R1/R3/GenS accepted review batch,exact_copy,0
audit/codex_evidence_audit_r1_r3_gens_v3_v1/reviews/B029.jsonl,eedbb5d39b55ea4e529c053a50221f6547f0a46a850025fa2b0e52de3c7f9049,3064,content/historical_r1_r3_gens_audit_900/audit/reviews/B029.jsonl,eedbb5d39b55ea4e529c053a50221f6547f0a46a850025fa2b0e52de3c7f9049,3064,Historical R1/R3/GenS accepted review batch,exact_copy,0
audit/codex_evidence_audit_r1_r3_gens_v3_v1/reviews/B030.jsonl,a0437028f72b85c7e436d315fc621b2629e566babc21caec1996fa2c5c712eb0,2606,content/historical_r1_r3_gens_audit_900/audit/reviews/B030.jsonl,a0437028f72b85c7e436d315fc621b2629e566babc21caec1996fa2c5c712eb0,2606,Historical R1/R3/GenS accepted review batch,exact_copy,0
audit/codex_evidence_audit_r1_r3_gens_v3_v1/reviews/B031.jsonl,46d1597008ed39f0858a24cd37c6fc09ad3cd74bf7c73d9c0bb01a62ed704d94,2138,content/historical_r1_r3_gens_audit_900/audit/reviews/B031.jsonl,46d1597008ed39f0858a24cd37c6fc09ad3cd74bf7c73d9c0bb01a62ed704d94,2138,Historical R1/R3/GenS accepted review batch,exact_copy,0
audit/codex_evidence_audit_r1_r3_gens_v3_v1/reviews/B032.jsonl,3805b6bd73e461de47efa9ffd21854e83b6d4c7bcbaffdc56d1cd8820096597f,1863,content/historical_r1_r3_gens_audit_900/audit/reviews/B032.jsonl,3805b6bd73e461de47efa9ffd21854e83b6d4c7bcbaffdc56d1cd8820096597f,1863,Historical R1/R3/GenS accepted review batch,exact_copy,0
audit/codex_evidence_audit_r1_r3_gens_v3_v1/reviews/B033.jsonl,3883fe33bb5e213b5480bac81df7999cb674f05199da245ad7e21a3bb1ee81a3,1637,content/historical_r1_r3_gens_audit_900/audit/reviews/B033.jsonl,3883fe33bb5e213b5480bac81df7999cb674f05199da245ad7e21a3bb1ee81a3,1637,Historical R1/R3/GenS accepted review batch,exact_copy,0
audit/codex_evidence_audit_r1_r3_gens_v3_v1/reviews/B034.jsonl,4e52c12efbbb3c533b7db41d30ca32ca0d2618153da82447bd6257a2d210f9b4,1627,content/historical_r1_r3_gens_audit_900/audit/reviews/B034.jsonl,4e52c12efbbb3c533b7db41d30ca32ca0d2618153da82447bd6257a2d210f9b4,1627,Historical R1/R3/GenS accepted review batch,exact_copy,0
audit/codex_evidence_audit_r1_r3_gens_v3_v1/reviews/B035.jsonl,9350446c2d64c30611cb0c0344c490ac2ee5fb203f9a05bedfc79824c50fc7d7,2198,content/historical_r1_r3_gens_audit_900/audit/reviews/B035.jsonl,9350446c2d64c30611cb0c0344c490ac2ee5fb203f9a05bedfc79824c50fc7d7,2198,Historical R1/R3/GenS accepted review batch,exact_copy,0
audit/codex_evidence_audit_r1_r3_gens_v3_v1/reviews/B036.jsonl,108f2b4fa132ce278061c5328ab4062eaaaf47e7b9e0ede801456a511a842f4a,1568,content/historical_r1_r3_gens_audit_900/audit/reviews/B036.jsonl,108f2b4fa132ce278061c5328ab4062eaaaf47e7b9e0ede801456a511a842f4a,1568,Historical R1/R3/GenS accepted review batch,exact_copy,0
audit/codex_evidence_audit_r1_r3_gens_v3_v1/reviews/B037.jsonl,8b3d526df374710f1f959f511da352f6509b543ebc9b5ecc3c2cff2c488880f2,2132,content/historical_r1_r3_gens_audit_900/audit/reviews/B037.jsonl,8b3d526df374710f1f959f511da352f6509b543ebc9b5ecc3c2cff2c488880f2,2132,Historical R1/R3/GenS accepted review batch,exact_copy,0
audit/codex_evidence_audit_r1_r3_gens_v3_v1/reviews/B038.jsonl,719a41369ab0a041eb810dfa19a4e99930ea4f00e8418af9d32c62f35d1bc33f,2296,content/historical_r1_r3_gens_audit_900/audit/reviews/B038.jsonl,719a41369ab0a041eb810dfa19a4e99930ea4f00e8418af9d32c62f35d1bc33f,2296,Historical R1/R3/GenS accepted review batch,exact_copy,0
audit/codex_evidence_audit_r1_r3_gens_v3_v1/reviews/B039.jsonl,838ed138339831c123b5b52ecc9ea0931441ce619b1e054a1564f756f6d23e4a,1617,content/historical_r1_r3_gens_audit_900/audit/reviews/B039.jsonl,838ed138339831c123b5b52ecc9ea0931441ce619b1e054a1564f756f6d23e4a,1617,Historical R1/R3/GenS accepted review batch,exact_copy,0
audit/codex_evidence_audit_r1_r3_gens_v3_v1/reviews/B040.jsonl,c9490b72a76da125f11b931a7b549330184cd70582313cc157fcdf547b0cfa8a,2709,content/historical_r1_r3_gens_audit_900/audit/reviews/B040.jsonl,c9490b72a76da125f11b931a7b549330184cd70582313cc157fcdf547b0cfa8a,2709,Historical R1/R3/GenS accepted review batch,exact_copy,0
audit/codex_evidence_audit_r1_r3_gens_v3_v1/reviews/B041.jsonl,9654acdec9448423e55f7f3151bde7bb64768b0995b395afbd1c88ed3bb96182,2949,content/historical_r1_r3_gens_audit_900/audit/reviews/B041.jsonl,9654acdec9448423e55f7f3151bde7bb64768b0995b395afbd1c88ed3bb96182,2949,Historical R1/R3/GenS accepted review batch,exact_copy,0
audit/codex_evidence_audit_r1_r3_gens_v3_v1/reviews/B042.jsonl,efbf2c932048feb643efff413bf72c5f90ef6d36bbc1292a9171703ee62f477f,2151,content/historical_r1_r3_gens_audit_900/audit/reviews/B042.jsonl,efbf2c932048feb643efff413bf72c5f90ef6d36bbc1292a9171703ee62f477f,2151,Historical R1/R3/GenS accepted review batch,exact_copy,0
audit/codex_evidence_audit_r1_r3_gens_v3_v1/reviews/B043.jsonl,f4e7c4079ef3397dc2c5af6cd8f3d3a46e08fafd1fff190ac9d535ad19424b65,4360,content/historical_r1_r3_gens_audit_900/audit/reviews/B043.jsonl,f4e7c4079ef3397dc2c5af6cd8f3d3a46e08fafd1fff190ac9d535ad19424b65,4360,Historical R1/R3/GenS accepted review batch,exact_copy,0
audit/codex_evidence_audit_r1_r3_gens_v3_v1/reviews/B044.jsonl,499343e92b70b7bd8541e70550312cc6dd513e2b19be1ce55d64ac0d9cb6e965,2874,content/historical_r1_r3_gens_audit_900/audit/reviews/B044.jsonl,499343e92b70b7bd8541e70550312cc6dd513e2b19be1ce55d64ac0d9cb6e965,2874,Historical R1/R3/GenS accepted review batch,exact_copy,0
audit/codex_evidence_audit_r1_r3_gens_v3_v1/reviews/B045.jsonl,39a9965455f32115ab3ff3a4a10dff4c2280937d0c9c6d1d08d1021fa76829b7,2093,content/historical_r1_r3_gens_audit_900/audit/reviews/B045.jsonl,39a9965455f32115ab3ff3a4a10dff4c2280937d0c9c6d1d08d1021fa76829b7,2093,Historical R1/R3/GenS accepted review batch,exact_copy,0
audit/codex_evidence_audit_r1_r3_gens_v3_v1/reviews/B046.jsonl,447c9d05b1085a40dc4528002d989e545e23eff57e2e535e748a4b9fda0ed22f,1541,content/historical_r1_r3_gens_audit_900/audit/reviews/B046.jsonl,447c9d05b1085a40dc4528002d989e545e23eff57e2e535e748a4b9fda0ed22f,1541,Historical R1/R3/GenS accepted review batch,exact_copy,0
audit/codex_evidence_audit_r1_r3_gens_v3_v1/reviews/B047.jsonl,47c8a185b88f77f2c94b91ac5b2d638c495ce124fb25bede430ff1ec8a28581e,1689,content/historical_r1_r3_gens_audit_900/audit/reviews/B047.jsonl,47c8a185b88f77f2c94b91ac5b2d638c495ce124fb25bede430ff1ec8a28581e,1689,Historical R1/R3/GenS accepted review batch,exact_copy,0
audit/codex_evidence_audit_r1_r3_gens_v3_v1/reviews/B048.jsonl,9c01d3d501da80ea2616d1f68d512ad13ed6184e501621d0ddf7a7390342798e,2343,content/historical_r1_r3_gens_audit_900/audit/reviews/B048.jsonl,9c01d3d501da80ea2616d1f68d512ad13ed6184e501621d0ddf7a7390342798e,2343,Historical R1/R3/GenS accepted review batch,exact_copy,0
audit/codex_evidence_audit_r1_r3_gens_v3_v1/reviews/B049.jsonl,47335233236aea3d1a854f9057a6d36cb1315e83b6c1c2c9292991f98197a03b,1917,content/historical_r1_r3_gens_audit_900/audit/reviews/B049.jsonl,47335233236aea3d1a854f9057a6d36cb1315e83b6c1c2c9292991f98197a03b,1917,Historical R1/R3/GenS accepted review batch,exact_copy,0
audit/codex_evidence_audit_r1_r3_gens_v3_v1/reviews/B050.jsonl,c78be065da980178e502a3a938417ef0e0249f55f6e2178bb961e18d3bc2f29a,2339,content/historical_r1_r3_gens_audit_900/audit/reviews/B050.jsonl,c78be065da980178e502a3a938417ef0e0249f55f6e2178bb961e18d3bc2f29a,2339,Historical R1/R3/GenS accepted review batch,exact_copy,0
audit/codex_evidence_audit_r1_r3_gens_v3_v1/reviews/B051.jsonl,5e871e2ab35fe92eacd12a5680e45ac260e5951cca45f8dce6434ce316b53ec0,2037,content/historical_r1_r3_gens_audit_900/audit/reviews/B051.jsonl,5e871e2ab35fe92eacd12a5680e45ac260e5951cca45f8dce6434ce316b53ec0,2037,Historical R1/R3/GenS accepted review batch,exact_copy,0
audit/codex_evidence_audit_r1_r3_gens_v3_v1/reviews/B052.jsonl,5768945f79874cf4eda269104a95856ee0a61068515ca331bd43fec24c86fced,2306,content/historical_r1_r3_gens_audit_900/audit/reviews/B052.jsonl,5768945f79874cf4eda269104a95856ee0a61068515ca331bd43fec24c86fced,2306,Historical R1/R3/GenS accepted review batch,exact_copy,0
audit/codex_evidence_audit_r1_r3_gens_v3_v1/reviews/B053.jsonl,cc7612ec50d0667e19c7701451ed7c46edc013c0763bc28024d9897d286e6904,2626,content/historical_r1_r3_gens_audit_900/audit/reviews/B053.jsonl,cc7612ec50d0667e19c7701451ed7c46edc013c0763bc28024d9897d286e6904,2626,Historical R1/R3/GenS accepted review batch,exact_copy,0
audit/codex_evidence_audit_r1_r3_gens_v3_v1/reviews/B054.jsonl,23741c4bb226caff9bdcd0908fb7373873f5db279e903035cbfe5a71669aa9c6,2582,content/historical_r1_r3_gens_audit_900/audit/reviews/B054.jsonl,23741c4bb226caff9bdcd0908fb7373873f5db279e903035cbfe5a71669aa9c6,2582,Historical R1/R3/GenS accepted review batch,exact_copy,0
audit/codex_evidence_audit_r1_r3_gens_v3_v1/reviews/B055.jsonl,416cf8e2abaf92a70448865c697a9b8e2ce68dc1431350f8919c8c6a3490626c,2345,content/historical_r1_r3_gens_audit_900/audit/reviews/B055.jsonl,416cf8e2abaf92a70448865c697a9b8e2ce68dc1431350f8919c8c6a3490626c,2345,Historical R1/R3/GenS accepted review batch,exact_copy,0
audit/codex_evidence_audit_r1_r3_gens_v3_v1/reviews/B056.jsonl,efb2b1787147b7be39183d47d63d8f416c0995977ad46266d6ade1c63dda0cd5,1964,content/historical_r1_r3_gens_audit_900/audit/reviews/B056.jsonl,efb2b1787147b7be39183d47d63d8f416c0995977ad46266d6ade1c63dda0cd5,1964,Historical R1/R3/GenS accepted review batch,exact_copy,0
audit/codex_evidence_audit_r1_r3_gens_v3_v1/reviews/B057.jsonl,15c6a7ff906536cd05524673e9346b96964eda9ad9fca6f254c9f98ece2771e0,1491,content/historical_r1_r3_gens_audit_900/audit/reviews/B057.jsonl,15c6a7ff906536cd05524673e9346b96964eda9ad9fca6f254c9f98ece2771e0,1491,Historical R1/R3/GenS accepted review batch,exact_copy,0
audit/codex_evidence_audit_r1_r3_gens_v3_v1/reviews/B058.jsonl,6478f7e9106e3d43d924158db9021f46d25257fae207b875a64f01208dca4fee,1748,content/historical_r1_r3_gens_audit_900/audit/reviews/B058.jsonl,6478f7e9106e3d43d924158db9021f46d25257fae207b875a64f01208dca4fee,1748,Historical R1/R3/GenS accepted review batch,exact_copy,0
audit/codex_evidence_audit_r1_r3_gens_v3_v1/reviews/B059.jsonl,1e0087fe024be44303d6fc8ab13cf93adbd5edebeb0f97f3de87e99328959058,2753,content/historical_r1_r3_gens_audit_900/audit/reviews/B059.jsonl,1e0087fe024be44303d6fc8ab13cf93adbd5edebeb0f97f3de87e99328959058,2753,Historical R1/R3/GenS accepted review batch,exact_copy,0
audit/codex_evidence_audit_r1_r3_gens_v3_v1/reviews/B060.jsonl,3388f1c9dd6077f43c9bc86b4908bf5140f1d1195432da229bcfc9da63c83dda,2360,content/historical_r1_r3_gens_audit_900/audit/reviews/B060.jsonl,3388f1c9dd6077f43c9bc86b4908bf5140f1d1195432da229bcfc9da63c83dda,2360,Historical R1/R3/GenS accepted review batch,exact_copy,0
audit/codex_evidence_audit_r1_r3_gens_v3_v1/reviews/B061.jsonl,7cc25805ffc1955dd189dad72d95c60da70b254bc0109bbf09f9156e58d47510,2851,content/historical_r1_r3_gens_audit_900/audit/reviews/B061.jsonl,7cc25805ffc1955dd189dad72d95c60da70b254bc0109bbf09f9156e58d47510,2851,Historical R1/R3/GenS accepted review batch,exact_copy,0
audit/codex_evidence_audit_r1_r3_gens_v3_v1/reviews/B062.jsonl,75b90a6974437d279a8badbfdaae2ffb709709daae13d59457945d11780981cd,2379,content/historical_r1_r3_gens_audit_900/audit/reviews/B062.jsonl,75b90a6974437d279a8badbfdaae2ffb709709daae13d59457945d11780981cd,2379,Historical R1/R3/GenS accepted review batch,exact_copy,0
audit/codex_evidence_audit_r1_r3_gens_v3_v1/reviews/B063.jsonl,6cb27c1ace603b717dafafc58d95dfc63927020d217e94d99962962cfcec6adb,2815,content/historical_r1_r3_gens_audit_900/audit/reviews/B063.jsonl,6cb27c1ace603b717dafafc58d95dfc63927020d217e94d99962962cfcec6adb,2815,Historical R1/R3/GenS accepted review batch,exact_copy,0
audit/codex_evidence_audit_r1_r3_gens_v3_v1/reviews/B064.jsonl,8bfc9f33e050390aa316e50aeacf8c5b2ea4b08cfc8fa877939f9b2c2c29e234,1842,content/historical_r1_r3_gens_audit_900/audit/reviews/B064.jsonl,8bfc9f33e050390aa316e50aeacf8c5b2ea4b08cfc8fa877939f9b2c2c29e234,1842,Historical R1/R3/GenS accepted review batch,exact_copy,0
audit/codex_evidence_audit_r1_r3_gens_v3_v1/reviews/B065.jsonl,3f2e160c75f5aee229e79b4bc9d14048257f45afc201c052619e84d795ace63e,1521,content/historical_r1_r3_gens_audit_900/audit/reviews/B065.jsonl,3f2e160c75f5aee229e79b4bc9d14048257f45afc201c052619e84d795ace63e,1521,Historical R1/R3/GenS accepted review batch,exact_copy,0
audit/codex_evidence_audit_r1_r3_gens_v3_v1/reviews/B066.jsonl,b21bcce6cc00f2a50dd317bc1154a48bec73a679d61d4a46f7e92986d09f4f77,3140,content/historical_r1_r3_gens_audit_900/audit/reviews/B066.jsonl,b21bcce6cc00f2a50dd317bc1154a48bec73a679d61d4a46f7e92986d09f4f77,3140,Historical R1/R3/GenS accepted review batch,exact_copy,0
audit/codex_evidence_audit_r1_r3_gens_v3_v1/reviews/B067.jsonl,d87b249a672142fcd2034d6502fa96afc828d62d7ef629df2a4a7def51bb60a2,2314,content/historical_r1_r3_gens_audit_900/audit/reviews/B067.jsonl,d87b249a672142fcd2034d6502fa96afc828d62d7ef629df2a4a7def51bb60a2,2314,Historical R1/R3/GenS accepted review batch,exact_copy,0
audit/codex_evidence_audit_r1_r3_gens_v3_v1/reviews/B068.jsonl,53b03eda25ddd4b451f1cf1fe8f6670ba7b34fa1411dd8f62a29d7802c38b5b4,3172,content/historical_r1_r3_gens_audit_900/audit/reviews/B068.jsonl,53b03eda25ddd4b451f1cf1fe8f6670ba7b34fa1411dd8f62a29d7802c38b5b4,3172,Historical R1/R3/GenS accepted review batch,exact_copy,0
audit/codex_evidence_audit_r1_r3_gens_v3_v1/reviews/B069.jsonl,c1e3f5d2219b3a735e0fdc87acab87c1402b127b880264f9537eae4da6904b54,2279,content/historical_r1_r3_gens_audit_900/audit/reviews/B069.jsonl,c1e3f5d2219b3a735e0fdc87acab87c1402b127b880264f9537eae4da6904b54,2279,Historical R1/R3/GenS accepted review batch,exact_copy,0
audit/codex_evidence_audit_r1_r3_gens_v3_v1/reviews/B070.jsonl,fa5ba7700e33b94d5cc9fec3eea8a8f2468b73be838bb64e9b43e775634a72bf,2112,content/historical_r1_r3_gens_audit_900/audit/reviews/B070.jsonl,fa5ba7700e33b94d5cc9fec3eea8a8f2468b73be838bb64e9b43e775634a72bf,2112,Historical R1/R3/GenS accepted review batch,exact_copy,0
audit/codex_evidence_audit_r1_r3_gens_v3_v1/reviews/B071.jsonl,5b49937ae29a6f1b5897f0af3c11f7cc074a9dea2d7cfdc8946b57d44df0240a,1865,content/historical_r1_r3_gens_audit_900/audit/reviews/B071.jsonl,5b49937ae29a6f1b5897f0af3c11f7cc074a9dea2d7cfdc8946b57d44df0240a,1865,Historical R1/R3/GenS accepted review batch,exact_copy,0
audit/codex_evidence_audit_r1_r3_gens_v3_v1/reviews/B072.jsonl,8dde921ac6626632987a4edf227fa801909404211994f22282a7acf6ec16c0c5,2647,content/historical_r1_r3_gens_audit_900/audit/reviews/B072.jsonl,8dde921ac6626632987a4edf227fa801909404211994f22282a7acf6ec16c0c5,2647,Historical R1/R3/GenS accepted review batch,exact_copy,0
audit/codex_evidence_audit_r1_r3_gens_v3_v1/reviews/B073.jsonl,a966eead71964692f7b8db46354702da94d1dfb554972b5ec5bc58e241cd7cdb,1996,content/historical_r1_r3_gens_audit_900/audit/reviews/B073.jsonl,a966eead71964692f7b8db46354702da94d1dfb554972b5ec5bc58e241cd7cdb,1996,Historical R1/R3/GenS accepted review batch,exact_copy,0
audit/codex_evidence_audit_r1_r3_gens_v3_v1/reviews/B074.jsonl,d8339862fe0de9ac36ba3cb2bbbce6db2df8af40cc40b5a434fa42281625e157,1901,content/historical_r1_r3_gens_audit_900/audit/reviews/B074.jsonl,d8339862fe0de9ac36ba3cb2bbbce6db2df8af40cc40b5a434fa42281625e157,1901,Historical R1/R3/GenS accepted review batch,exact_copy,0
audit/codex_evidence_audit_r1_r3_gens_v3_v1/reviews/B075.jsonl,97a2e65767af00e1a7b54116ca41be422e5a0145337108d4d5e84cc17c4e10a0,2759,content/historical_r1_r3_gens_audit_900/audit/reviews/B075.jsonl,97a2e65767af00e1a7b54116ca41be422e5a0145337108d4d5e84cc17c4e10a0,2759,Historical R1/R3/GenS accepted review batch,exact_copy,0
audit/codex_evidence_audit_r1_r3_gens_v3_v1/reviews/B076.jsonl,6696b01e5ab75736ee71b7e25f2c6fca1b2292837c626caa809015f9f3ca9009,2376,content/historical_r1_r3_gens_audit_900/audit/reviews/B076.jsonl,6696b01e5ab75736ee71b7e25f2c6fca1b2292837c626caa809015f9f3ca9009,2376,Historical R1/R3/GenS accepted review batch,exact_copy,0
audit/codex_evidence_audit_r1_r3_gens_v3_v1/reviews/B077.jsonl,4d65894ddda6da02308749669fab4a72c6f230da9289d11675e7db8fd305adeb,1382,content/historical_r1_r3_gens_audit_900/audit/reviews/B077.jsonl,4d65894ddda6da02308749669fab4a72c6f230da9289d11675e7db8fd305adeb,1382,Historical R1/R3/GenS accepted review batch,exact_copy,0
audit/codex_evidence_audit_r1_r3_gens_v3_v1/reviews/B078.jsonl,5089697f26bf8e28623dfddf171eacb41477beb113d3513423df0f522d495b89,1953,content/historical_r1_r3_gens_audit_900/audit/reviews/B078.jsonl,5089697f26bf8e28623dfddf171eacb41477beb113d3513423df0f522d495b89,1953,Historical R1/R3/GenS accepted review batch,exact_copy,0
audit/codex_evidence_audit_r1_r3_gens_v3_v1/reviews/B079.jsonl,1f79cb740c3d2784eb90d6ce12178a1f7ba5f4c4108dbe832c80d4ccfb8f0263,1788,content/historical_r1_r3_gens_audit_900/audit/reviews/B079.jsonl,1f79cb740c3d2784eb90d6ce12178a1f7ba5f4c4108dbe832c80d4ccfb8f0263,1788,Historical R1/R3/GenS accepted review batch,exact_copy,0
audit/codex_evidence_audit_r1_r3_gens_v3_v1/reviews/B080.jsonl,f62c808dc90979fc45aec4a32a03d2e76db7aa4ba0350a2e5b1637981e3de6e0,2339,content/historical_r1_r3_gens_audit_900/audit/reviews/B080.jsonl,f62c808dc90979fc45aec4a32a03d2e76db7aa4ba0350a2e5b1637981e3de6e0,2339,Historical R1/R3/GenS accepted review batch,exact_copy,0
audit/codex_evidence_audit_r1_r3_gens_v3_v1/reviews/B081.jsonl,9d5449da4da4d0dab10f1785f2f9fef81e723da2e0fc590f49de3dc9165569db,3635,content/historical_r1_r3_gens_audit_900/audit/reviews/B081.jsonl,9d5449da4da4d0dab10f1785f2f9fef81e723da2e0fc590f49de3dc9165569db,3635,Historical R1/R3/GenS accepted review batch,exact_copy,0
audit/codex_evidence_audit_r1_r3_gens_v3_v1/reviews/B082.jsonl,e4d87e89b58fcc7f72f64886605ca16b0028a8750c3e0d2b94332928cf4c70e4,1431,content/historical_r1_r3_gens_audit_900/audit/reviews/B082.jsonl,e4d87e89b58fcc7f72f64886605ca16b0028a8750c3e0d2b94332928cf4c70e4,1431,Historical R1/R3/GenS accepted review batch,exact_copy,0
audit/codex_evidence_audit_r1_r3_gens_v3_v1/reviews/B083.jsonl,d10cd8292af0893cfb5f295ec2a70c54a8e1af6867e9e946f5946ac0700cb233,1929,content/historical_r1_r3_gens_audit_900/audit/reviews/B083.jsonl,d10cd8292af0893cfb5f295ec2a70c54a8e1af6867e9e946f5946ac0700cb233,1929,Historical R1/R3/GenS accepted review batch,exact_copy,0
audit/codex_evidence_audit_r1_r3_gens_v3_v1/reviews/B084.jsonl,43ed24c649b4887ef8faba54bb20e8f05637bb62609c03e8e16c96d976f8ca2c,1583,content/historical_r1_r3_gens_audit_900/audit/reviews/B084.jsonl,43ed24c649b4887ef8faba54bb20e8f05637bb62609c03e8e16c96d976f8ca2c,1583,Historical R1/R3/GenS accepted review batch,exact_copy,0
audit/codex_evidence_audit_r1_r3_gens_v3_v1/reviews/B085.jsonl,547b271e5fb13230ae43a156614a1a19610e4e9e3632a4be046ff9b5b5512f13,2520,content/historical_r1_r3_gens_audit_900/audit/reviews/B085.jsonl,547b271e5fb13230ae43a156614a1a19610e4e9e3632a4be046ff9b5b5512f13,2520,Historical R1/R3/GenS accepted review batch,exact_copy,0
audit/codex_evidence_audit_r1_r3_gens_v3_v1/reviews/B086.jsonl,97c9184a7ad1d6b81a251dbfef7bc39041e103c04571d6fb76ea3bae60913e3e,1581,content/historical_r1_r3_gens_audit_900/audit/reviews/B086.jsonl,97c9184a7ad1d6b81a251dbfef7bc39041e103c04571d6fb76ea3bae60913e3e,1581,Historical R1/R3/GenS accepted review batch,exact_copy,0
audit/codex_evidence_audit_r1_r3_gens_v3_v1/reviews/B087.jsonl,f0a40c6375b03580dc83f81542cf20b9b9df919fd70bdb0a179a912e45f18b0a,1869,content/historical_r1_r3_gens_audit_900/audit/reviews/B087.jsonl,f0a40c6375b03580dc83f81542cf20b9b9df919fd70bdb0a179a912e45f18b0a,1869,Historical R1/R3/GenS accepted review batch,exact_copy,0
audit/codex_evidence_audit_r1_r3_gens_v3_v1/reviews/B088.jsonl,10964f432a9bca2208cd151d8bdf68b64ff7bc474410bc45ff314acdbccdd081,2011,content/historical_r1_r3_gens_audit_900/audit/reviews/B088.jsonl,10964f432a9bca2208cd151d8bdf68b64ff7bc474410bc45ff314acdbccdd081,2011,Historical R1/R3/GenS accepted review batch,exact_copy,0
audit/codex_evidence_audit_r1_r3_gens_v3_v1/reviews/B089.jsonl,47bf0d64fe62cd0b925c3188659693f9904688fbc316e7082da23a7ecc49d69d,2507,content/historical_r1_r3_gens_audit_900/audit/reviews/B089.jsonl,47bf0d64fe62cd0b925c3188659693f9904688fbc316e7082da23a7ecc49d69d,2507,Historical R1/R3/GenS accepted review batch,exact_copy,0
audit/codex_evidence_audit_r1_r3_gens_v3_v1/reviews/B090.jsonl,98e31b25c8ce31473040e7aedd21cc0342a654f4dd7eb492908f049fa0e70bc2,2181,content/historical_r1_r3_gens_audit_900/audit/reviews/B090.jsonl,98e31b25c8ce31473040e7aedd21cc0342a654f4dd7eb492908f049fa0e70bc2,2181,Historical R1/R3/GenS accepted review batch,exact_copy,0
audit/codex_evidence_audit_r1_r3_gens_v3_v1/reviews/B091.jsonl,622f112e3b491ef40fc40203b801ccd73cea3bcdc0cdbf332236eb4df1427b63,1816,content/historical_r1_r3_gens_audit_900/audit/reviews/B091.jsonl,622f112e3b491ef40fc40203b801ccd73cea3bcdc0cdbf332236eb4df1427b63,1816,Historical R1/R3/GenS accepted review batch,exact_copy,0
audit/codex_evidence_audit_r1_r3_gens_v3_v1/reviews/B092.jsonl,951ffb8bc0229fe1466e2cd24859bf0a2b0a13a985443a0fcca118d34cdb2001,2245,content/historical_r1_r3_gens_audit_900/audit/reviews/B092.jsonl,951ffb8bc0229fe1466e2cd24859bf0a2b0a13a985443a0fcca118d34cdb2001,2245,Historical R1/R3/GenS accepted review batch,exact_copy,0
audit/codex_evidence_audit_r1_r3_gens_v3_v1/reviews/B093.jsonl,413517989533dc2a3cab7088ff4c1b0c537e4726f079be9121c34d9fc82c4dee,1468,content/historical_r1_r3_gens_audit_900/audit/reviews/B093.jsonl,413517989533dc2a3cab7088ff4c1b0c537e4726f079be9121c34d9fc82c4dee,1468,Historical R1/R3/GenS accepted review batch,exact_copy,0
audit/codex_evidence_audit_r1_r3_gens_v3_v1/reviews/B094.jsonl,c64ce19ade8937de00395abf6d4af7118361a332046849be481f3ed8aad2de08,1941,content/historical_r1_r3_gens_audit_900/audit/reviews/B094.jsonl,c64ce19ade8937de00395abf6d4af7118361a332046849be481f3ed8aad2de08,1941,Historical R1/R3/GenS accepted review batch,exact_copy,0
audit/codex_evidence_audit_r1_r3_gens_v3_v1/reviews/B095.jsonl,1b102655fb5b246694672bcce082057a9ed7f1c8aa110216cc9b80f1962dcce4,1894,content/historical_r1_r3_gens_audit_900/audit/reviews/B095.jsonl,1b102655fb5b246694672bcce082057a9ed7f1c8aa110216cc9b80f1962dcce4,1894,Historical R1/R3/GenS accepted review batch,exact_copy,0
audit/codex_evidence_audit_r1_r3_gens_v3_v1/reviews/B096.jsonl,d3a69caf15c82eae0758f526d2bfd2152297d2b18eae69131cfeef710b26c94a,2150,content/historical_r1_r3_gens_audit_900/audit/reviews/B096.jsonl,d3a69caf15c82eae0758f526d2bfd2152297d2b18eae69131cfeef710b26c94a,2150,Historical R1/R3/GenS accepted review batch,exact_copy,0
audit/codex_evidence_audit_r1_r3_gens_v3_v1/reviews/B097.jsonl,8f424a8e0f15aac07f6ea4795369bc1e6f2b5e4d6dfc62335a3ab502369d5b7e,3605,content/historical_r1_r3_gens_audit_900/audit/reviews/B097.jsonl,8f424a8e0f15aac07f6ea4795369bc1e6f2b5e4d6dfc62335a3ab502369d5b7e,3605,Historical R1/R3/GenS accepted review batch,exact_copy,0
audit/codex_evidence_audit_r1_r3_gens_v3_v1/reviews/B098.jsonl,08d764c7c704089e3bc75ac45e2e814d70ad323897a9bec73d05155a224f02a3,1779,content/historical_r1_r3_gens_audit_900/audit/reviews/B098.jsonl,08d764c7c704089e3bc75ac45e2e814d70ad323897a9bec73d05155a224f02a3,1779,Historical R1/R3/GenS accepted review batch,exact_copy,0
audit/codex_evidence_audit_r1_r3_gens_v3_v1/reviews/B099.jsonl,4c521478cc6fe2b576ebd2b1af0ac5993a5dcfab040e724a2220adba453b07f2,1725,content/historical_r1_r3_gens_audit_900/audit/reviews/B099.jsonl,4c521478cc6fe2b576ebd2b1af0ac5993a5dcfab040e724a2220adba453b07f2,1725,Historical R1/R3/GenS accepted review batch,exact_copy,0
audit/codex_evidence_audit_r1_r3_gens_v3_v1/reviews/B100.jsonl,4eeb6d55cc2b202ae6bc82bcb11276ccf294d33575ec0d5e7031bb2294ddd763,1545,content/historical_r1_r3_gens_audit_900/audit/reviews/B100.jsonl,4eeb6d55cc2b202ae6bc82bcb11276ccf294d33575ec0d5e7031bb2294ddd763,1545,Historical R1/R3/GenS accepted review batch,exact_copy,0
audit/codex_evidence_audit_r1_r3_gens_v3_v1/reviews/B101.jsonl,441e2062f13dd0f2b3d0b5f28aa20547c756e295492c4e91a687426aa9de2aaa,3127,content/historical_r1_r3_gens_audit_900/audit/reviews/B101.jsonl,441e2062f13dd0f2b3d0b5f28aa20547c756e295492c4e91a687426aa9de2aaa,3127,Historical R1/R3/GenS accepted review batch,exact_copy,0
audit/codex_evidence_audit_r1_r3_gens_v3_v1/reviews/B102.jsonl,d4cc633ea0a87675904ab8933537419fac6b9fbcf8472c5b624bc09b35f19427,2441,content/historical_r1_r3_gens_audit_900/audit/reviews/B102.jsonl,d4cc633ea0a87675904ab8933537419fac6b9fbcf8472c5b624bc09b35f19427,2441,Historical R1/R3/GenS accepted review batch,exact_copy,0
audit/codex_evidence_audit_r1_r3_gens_v3_v1/reviews/B103.jsonl,d1c06991f1574b4dfd9fa380bb384546db624bd8420547ec9e0dfa245585e0ea,1989,content/historical_r1_r3_gens_audit_900/audit/reviews/B103.jsonl,d1c06991f1574b4dfd9fa380bb384546db624bd8420547ec9e0dfa245585e0ea,1989,Historical R1/R3/GenS accepted review batch,exact_copy,0
audit/codex_evidence_audit_r1_r3_gens_v3_v1/reviews/B104.jsonl,212bbedb4f6533531ac3ebf1f1d0a2ca1c1dd12cfe5f1898a61c07b7bb2b4015,2127,content/historical_r1_r3_gens_audit_900/audit/reviews/B104.jsonl,212bbedb4f6533531ac3ebf1f1d0a2ca1c1dd12cfe5f1898a61c07b7bb2b4015,2127,Historical R1/R3/GenS accepted review batch,exact_copy,0
audit/codex_evidence_audit_r1_r3_gens_v3_v1/reviews/B105.jsonl,91fc413270bbd623784e0978fdd74b591d42bc5cc09b56cd5290870f5976758c,2224,content/historical_r1_r3_gens_audit_900/audit/reviews/B105.jsonl,91fc413270bbd623784e0978fdd74b591d42bc5cc09b56cd5290870f5976758c,2224,Historical R1/R3/GenS accepted review batch,exact_copy,0
audit/codex_evidence_audit_r1_r3_gens_v3_v1/reviews/B106.jsonl,04af94c4f3cf1985fa6879c9535743973a48d2a117dc1b6714c8323618b1e4d3,2536,content/historical_r1_r3_gens_audit_900/audit/reviews/B106.jsonl,04af94c4f3cf1985fa6879c9535743973a48d2a117dc1b6714c8323618b1e4d3,2536,Historical R1/R3/GenS accepted review batch,exact_copy,0
audit/codex_evidence_audit_r1_r3_gens_v3_v1/reviews/B107.jsonl,f1639d9e79fd070669b920052ee3bbd3978bd82e13a809a346240d0bb0158b3b,1861,content/historical_r1_r3_gens_audit_900/audit/reviews/B107.jsonl,f1639d9e79fd070669b920052ee3bbd3978bd82e13a809a346240d0bb0158b3b,1861,Historical R1/R3/GenS accepted review batch,exact_copy,0
audit/codex_evidence_audit_r1_r3_gens_v3_v1/reviews/B108.jsonl,5049873dce5c79e84a3639d60bdaee03b2c4c5595dac61d5d4b78adb85cee96a,2774,content/historical_r1_r3_gens_audit_900/audit/reviews/B108.jsonl,5049873dce5c79e84a3639d60bdaee03b2c4c5595dac61d5d4b78adb85cee96a,2774,Historical R1/R3/GenS accepted review batch,exact_copy,0
audit/codex_evidence_audit_r1_r3_gens_v3_v1/reviews/B109.jsonl,7a6e1292221d2eba6dbdd9538d175b1fc71113c58bb374c657dc3850d42e3bdc,3225,content/historical_r1_r3_gens_audit_900/audit/reviews/B109.jsonl,7a6e1292221d2eba6dbdd9538d175b1fc71113c58bb374c657dc3850d42e3bdc,3225,Historical R1/R3/GenS accepted review batch,exact_copy,0
audit/codex_evidence_audit_r1_r3_gens_v3_v1/reviews/B110.jsonl,cb9f07e82da65fee3f4eadbb30639dcb28a323ff9e085561824a39e728c2e781,1910,content/historical_r1_r3_gens_audit_900/audit/reviews/B110.jsonl,cb9f07e82da65fee3f4eadbb30639dcb28a323ff9e085561824a39e728c2e781,1910,Historical R1/R3/GenS accepted review batch,exact_copy,0
audit/codex_evidence_audit_r1_r3_gens_v3_v1/reviews/B111.jsonl,28960ab5502eee14604694576e90ec02ca8aee592254cf49f3dc9ac7d70a5e84,2613,content/historical_r1_r3_gens_audit_900/audit/reviews/B111.jsonl,28960ab5502eee14604694576e90ec02ca8aee592254cf49f3dc9ac7d70a5e84,2613,Historical R1/R3/GenS accepted review batch,exact_copy,0
audit/codex_evidence_audit_r1_r3_gens_v3_v1/reviews/B112.jsonl,cb8b0673ce3e378ab290593685127fc75a8bfd72e3bcf312d163a48584e51d20,1372,content/historical_r1_r3_gens_audit_900/audit/reviews/B112.jsonl,cb8b0673ce3e378ab290593685127fc75a8bfd72e3bcf312d163a48584e51d20,1372,Historical R1/R3/GenS accepted review batch,exact_copy,0
audit/codex_evidence_audit_r1_r3_gens_v3_v1/reviews/B113.jsonl,4bae8a02feea6942ab14aa31d6029d971771e63f1521cc2d565b75356835d6b0,1427,content/historical_r1_r3_gens_audit_900/audit/reviews/B113.jsonl,4bae8a02feea6942ab14aa31d6029d971771e63f1521cc2d565b75356835d6b0,1427,Historical R1/R3/GenS accepted review batch,exact_copy,0
audit/codex_evidence_audit_r1_r3_gens_v3_v1/reviews/B114.jsonl,8937e698f2c6ea0c1260904429b3599f9bf238859a5b03da68681e979a423c39,3392,content/historical_r1_r3_gens_audit_900/audit/reviews/B114.jsonl,8937e698f2c6ea0c1260904429b3599f9bf238859a5b03da68681e979a423c39,3392,Historical R1/R3/GenS accepted review batch,exact_copy,0
audit/codex_evidence_audit_r1_r3_gens_v3_v1/reviews/B115.jsonl,4dac4d21aeb61294497a39089e8628ac999c9358e9f2e4eb7db437afd2995cd8,2043,content/historical_r1_r3_gens_audit_900/audit/reviews/B115.jsonl,4dac4d21aeb61294497a39089e8628ac999c9358e9f2e4eb7db437afd2995cd8,2043,Historical R1/R3/GenS accepted review batch,exact_copy,0
audit/codex_evidence_audit_r1_r3_gens_v3_v1/reviews/B116.jsonl,359d654ac6e83314ac0b04a6fed136ae3dd5403e2358ae0a13866da524755a56,1859,content/historical_r1_r3_gens_audit_900/audit/reviews/B116.jsonl,359d654ac6e83314ac0b04a6fed136ae3dd5403e2358ae0a13866da524755a56,1859,Historical R1/R3/GenS accepted review batch,exact_copy,0
audit/codex_evidence_audit_r1_r3_gens_v3_v1/reviews/B117.jsonl,298676c3342961d1943c92bf2d371c20159d9f7ddc646d8b5edaf4d026a9707d,2967,content/historical_r1_r3_gens_audit_900/audit/reviews/B117.jsonl,298676c3342961d1943c92bf2d371c20159d9f7ddc646d8b5edaf4d026a9707d,2967,Historical R1/R3/GenS accepted review batch,exact_copy,0
audit/codex_evidence_audit_r1_r3_gens_v3_v1/reviews/B118.jsonl,bee5eaacb61f310dc9fccd0f67b216e29f1dc3e145f9d408b878c369925b49dd,2085,content/historical_r1_r3_gens_audit_900/audit/reviews/B118.jsonl,bee5eaacb61f310dc9fccd0f67b216e29f1dc3e145f9d408b878c369925b49dd,2085,Historical R1/R3/GenS accepted review batch,exact_copy,0
audit/codex_evidence_audit_r1_r3_gens_v3_v1/reviews/B119.jsonl,31bf97b6b48560ae213f28481f527b43b3b4fddfae179046da05adb4abeba964,2097,content/historical_r1_r3_gens_audit_900/audit/reviews/B119.jsonl,31bf97b6b48560ae213f28481f527b43b3b4fddfae179046da05adb4abeba964,2097,Historical R1/R3/GenS accepted review batch,exact_copy,0
audit/codex_evidence_audit_r1_r3_gens_v3_v1/reviews/B120.jsonl,42d5bb2ba799af44b9fdac505efeaa4a069cf6df3fd818fa906adaa0c109931a,1798,content/historical_r1_r3_gens_audit_900/audit/reviews/B120.jsonl,42d5bb2ba799af44b9fdac505efeaa4a069cf6df3fd818fa906adaa0c109931a,1798,Historical R1/R3/GenS accepted review batch,exact_copy,0
audit/codex_evidence_audit_r1_r3_gens_v3_v1/reviews/B121.jsonl,d03cec854670cd97227bdb3bc7e40569aab5f6271a6a5db283df808cf2991da0,1751,content/historical_r1_r3_gens_audit_900/audit/reviews/B121.jsonl,d03cec854670cd97227bdb3bc7e40569aab5f6271a6a5db283df808cf2991da0,1751,Historical R1/R3/GenS accepted review batch,exact_copy,0
audit/codex_evidence_audit_r1_r3_gens_v3_v1/reviews/B122.jsonl,d48f103dd63b08de9e9f13fe6f03452531f83333a31a6415f508631222af050c,2157,content/historical_r1_r3_gens_audit_900/audit/reviews/B122.jsonl,d48f103dd63b08de9e9f13fe6f03452531f83333a31a6415f508631222af050c,2157,Historical R1/R3/GenS accepted review batch,exact_copy,0
audit/codex_evidence_audit_r1_r3_gens_v3_v1/reviews/B123.jsonl,1a000554c4305c0f721f6691adb9635741acfcd12cc136c6f21a8342ae9028ea,3016,content/historical_r1_r3_gens_audit_900/audit/reviews/B123.jsonl,1a000554c4305c0f721f6691adb9635741acfcd12cc136c6f21a8342ae9028ea,3016,Historical R1/R3/GenS accepted review batch,exact_copy,0
audit/codex_evidence_audit_r1_r3_gens_v3_v1/reviews/B124.jsonl,ba154f64b9451552edef75aaf579b7e6f388d96818f4a40790da134d1aef02cf,1300,content/historical_r1_r3_gens_audit_900/audit/reviews/B124.jsonl,ba154f64b9451552edef75aaf579b7e6f388d96818f4a40790da134d1aef02cf,1300,Historical R1/R3/GenS accepted review batch,exact_copy,0
audit/codex_evidence_audit_r1_r3_gens_v3_v1/reviews/B125.jsonl,665b7958873c5d29c175c9a0706424a919dc1a0e0b6a143b6a54c2cd5435869e,1492,content/historical_r1_r3_gens_audit_900/audit/reviews/B125.jsonl,665b7958873c5d29c175c9a0706424a919dc1a0e0b6a143b6a54c2cd5435869e,1492,Historical R1/R3/GenS accepted review batch,exact_copy,0
audit/codex_evidence_audit_r1_r3_gens_v3_v1/reviews/B126.jsonl,142e7ce1d83bf320d10b426d4ed76375e54661809ec749ebc0f91ad4771416b9,2454,content/historical_r1_r3_gens_audit_900/audit/reviews/B126.jsonl,142e7ce1d83bf320d10b426d4ed76375e54661809ec749ebc0f91ad4771416b9,2454,Historical R1/R3/GenS accepted review batch,exact_copy,0
audit/codex_evidence_audit_r1_r3_gens_v3_v1/reviews/B127.jsonl,347dec9abf8d53b1b3262c75d68457f9bfebb83a889c506f890f0da2b4cc769a,3243,content/historical_r1_r3_gens_audit_900/audit/reviews/B127.jsonl,347dec9abf8d53b1b3262c75d68457f9bfebb83a889c506f890f0da2b4cc769a,3243,Historical R1/R3/GenS accepted review batch,exact_copy,0
audit/codex_evidence_audit_r1_r3_gens_v3_v1/reviews/B128.jsonl,34e61fe227c221c34b686ec25369b78926f812407b71a6ef946aa705e6327c1c,1513,content/historical_r1_r3_gens_audit_900/audit/reviews/B128.jsonl,34e61fe227c221c34b686ec25369b78926f812407b71a6ef946aa705e6327c1c,1513,Historical R1/R3/GenS accepted review batch,exact_copy,0
audit/codex_evidence_audit_r1_r3_gens_v3_v1/reviews/B129.jsonl,745a591bdc996a126e1f90bba4b3a2eef2653461ef6f240135c75a78ff581289,1563,content/historical_r1_r3_gens_audit_900/audit/reviews/B129.jsonl,745a591bdc996a126e1f90bba4b3a2eef2653461ef6f240135c75a78ff581289,1563,Historical R1/R3/GenS accepted review batch,exact_copy,0
audit/codex_evidence_audit_r1_r3_gens_v3_v1/reviews/B130.jsonl,ecce996b40725a29672bd79e3e9b7dbc92afdd8e97aa3d101f6391d4380f6d8b,2391,content/historical_r1_r3_gens_audit_900/audit/reviews/B130.jsonl,ecce996b40725a29672bd79e3e9b7dbc92afdd8e97aa3d101f6391d4380f6d8b,2391,Historical R1/R3/GenS accepted review batch,exact_copy,0
audit/codex_evidence_audit_r1_r3_gens_v3_v1/reviews/B131.jsonl,9f0abb9604d47c312737b3012dafb696cdce98559ff8863de50046b34d7a8b6f,2389,content/historical_r1_r3_gens_audit_900/audit/reviews/B131.jsonl,9f0abb9604d47c312737b3012dafb696cdce98559ff8863de50046b34d7a8b6f,2389,Historical R1/R3/GenS accepted review batch,exact_copy,0
audit/codex_evidence_audit_r1_r3_gens_v3_v1/reviews/B132.jsonl,27906ff959e585ee3309db5eac11cb83bd4bc594830a90c748ee75ebd1daba7c,3545,content/historical_r1_r3_gens_audit_900/audit/reviews/B132.jsonl,27906ff959e585ee3309db5eac11cb83bd4bc594830a90c748ee75ebd1daba7c,3545,Historical R1/R3/GenS accepted review batch,exact_copy,0
audit/codex_evidence_audit_r1_r3_gens_v3_v1/reviews/B133.jsonl,cf8cb4298650cbae73cbace5d5b4325fe65ad2a4b0b7a259a10bc46adf7ed011,1793,content/historical_r1_r3_gens_audit_900/audit/reviews/B133.jsonl,cf8cb4298650cbae73cbace5d5b4325fe65ad2a4b0b7a259a10bc46adf7ed011,1793,Historical R1/R3/GenS accepted review batch,exact_copy,0
audit/codex_evidence_audit_r1_r3_gens_v3_v1/reviews/B134.jsonl,af386c04e36483d3518f431e3618ca743c30bc49007413b1aa5ad8bc32083443,1915,content/historical_r1_r3_gens_audit_900/audit/reviews/B134.jsonl,af386c04e36483d3518f431e3618ca743c30bc49007413b1aa5ad8bc32083443,1915,Historical R1/R3/GenS accepted review batch,exact_copy,0
audit/codex_evidence_audit_r1_r3_gens_v3_v1/reviews/B135.jsonl,6caa55638d8a63c36bfc20fa7063b2a1479612d1ef7851d8a5dc42469b8704f7,2320,content/historical_r1_r3_gens_audit_900/audit/reviews/B135.jsonl,6caa55638d8a63c36bfc20fa7063b2a1479612d1ef7851d8a5dc42469b8704f7,2320,Historical R1/R3/GenS accepted review batch,exact_copy,0
audit/codex_evidence_audit_r1_r3_gens_v3_v1/reviews/B136.jsonl,0d92b6375ae7f9393c023d2f3c3be4d9ee953523bac0c4086efa4bf57e59967d,2949,content/historical_r1_r3_gens_audit_900/audit/reviews/B136.jsonl,0d92b6375ae7f9393c023d2f3c3be4d9ee953523bac0c4086efa4bf57e59967d,2949,Historical R1/R3/GenS accepted review batch,exact_copy,0
audit/codex_evidence_audit_r1_r3_gens_v3_v1/reviews/B137.jsonl,3d2c9c9689ff7d2edf9906fc1a00d1a1dc442da8fb2f0672e085093a53f31805,1628,content/historical_r1_r3_gens_audit_900/audit/reviews/B137.jsonl,3d2c9c9689ff7d2edf9906fc1a00d1a1dc442da8fb2f0672e085093a53f31805,1628,Historical R1/R3/GenS accepted review batch,exact_copy,0
audit/codex_evidence_audit_r1_r3_gens_v3_v1/reviews/B138.jsonl,7f4acc50e032338f22455adcfe5db44233a6ef76319cf3a14fc5c371ea928508,3056,content/historical_r1_r3_gens_audit_900/audit/reviews/B138.jsonl,7f4acc50e032338f22455adcfe5db44233a6ef76319cf3a14fc5c371ea928508,3056,Historical R1/R3/GenS accepted review batch,exact_copy,0
audit/codex_evidence_audit_r1_r3_gens_v3_v1/reviews/B139.jsonl,d29359cffa5597034e47e13d79f1d9785aa823c5c125ff8d2e76575040ef8bb8,2619,content/historical_r1_r3_gens_audit_900/audit/reviews/B139.jsonl,d29359cffa5597034e47e13d79f1d9785aa823c5c125ff8d2e76575040ef8bb8,2619,Historical R1/R3/GenS accepted review batch,exact_copy,0
audit/codex_evidence_audit_r1_r3_gens_v3_v1/reviews/B140.jsonl,e6b3d26cb63b3a4e5e6685373b168e9b5fa4666127ee742e24ef23ba5d833bdc,1665,content/historical_r1_r3_gens_audit_900/audit/reviews/B140.jsonl,e6b3d26cb63b3a4e5e6685373b168e9b5fa4666127ee742e24ef23ba5d833bdc,1665,Historical R1/R3/GenS accepted review batch,exact_copy,0
audit/codex_evidence_audit_r1_r3_gens_v3_v1/reviews/B141.jsonl,f8060983764904858c629103a620a7731d1ecdb3df29e0f08b4416d0c194f0d8,2525,content/historical_r1_r3_gens_audit_900/audit/reviews/B141.jsonl,f8060983764904858c629103a620a7731d1ecdb3df29e0f08b4416d0c194f0d8,2525,Historical R1/R3/GenS accepted review batch,exact_copy,0
audit/codex_evidence_audit_r1_r3_gens_v3_v1/reviews/B142.jsonl,26fd06518576d6c9feb5b341122ce2d756410541951116d631b4678a7e2711bd,2125,content/historical_r1_r3_gens_audit_900/audit/reviews/B142.jsonl,26fd06518576d6c9feb5b341122ce2d756410541951116d631b4678a7e2711bd,2125,Historical R1/R3/GenS accepted review batch,exact_copy,0
audit/codex_evidence_audit_r1_r3_gens_v3_v1/reviews/B143.jsonl,c6e8d279876c246d06888b51d95a2cdc3d9a59df508746c58168830844658634,2227,content/historical_r1_r3_gens_audit_900/audit/reviews/B143.jsonl,c6e8d279876c246d06888b51d95a2cdc3d9a59df508746c58168830844658634,2227,Historical R1/R3/GenS accepted review batch,exact_copy,0
audit/codex_evidence_audit_r1_r3_gens_v3_v1/reviews/B144.jsonl,32c42ad5d13ca7bbe51b11d9346b18002003d7b7bda08f39d72bb01978d7efa3,1897,content/historical_r1_r3_gens_audit_900/audit/reviews/B144.jsonl,32c42ad5d13ca7bbe51b11d9346b18002003d7b7bda08f39d72bb01978d7efa3,1897,Historical R1/R3/GenS accepted review batch,exact_copy,0
audit/codex_evidence_audit_r1_r3_gens_v3_v1/reviews/B145.jsonl,1f5746edb3f09250a19b8b798e85401bc397062816186c7e41ced32dcf78d5c9,2506,content/historical_r1_r3_gens_audit_900/audit/reviews/B145.jsonl,1f5746edb3f09250a19b8b798e85401bc397062816186c7e41ced32dcf78d5c9,2506,Historical R1/R3/GenS accepted review batch,exact_copy,0
audit/codex_evidence_audit_r1_r3_gens_v3_v1/reviews/B146.jsonl,bdc2a8b9f737d9d8af10cf7b5de53d1131320e29963b928672a7bdafb9dc2dfe,1940,content/historical_r1_r3_gens_audit_900/audit/reviews/B146.jsonl,bdc2a8b9f737d9d8af10cf7b5de53d1131320e29963b928672a7bdafb9dc2dfe,1940,Historical R1/R3/GenS accepted review batch,exact_copy,0
audit/codex_evidence_audit_r1_r3_gens_v3_v1/reviews/B147.jsonl,67408f2a5281561775956de4bd0e84331d88175709d013d87782bea8150c47a3,1525,content/historical_r1_r3_gens_audit_900/audit/reviews/B147.jsonl,67408f2a5281561775956de4bd0e84331d88175709d013d87782bea8150c47a3,1525,Historical R1/R3/GenS accepted review batch,exact_copy,0
audit/codex_evidence_audit_r1_r3_gens_v3_v1/reviews/B148.jsonl,e581bc898135d359158e10d101efc58f8826803577d25083cc1ae57f88fd9d34,1865,content/historical_r1_r3_gens_audit_900/audit/reviews/B148.jsonl,e581bc898135d359158e10d101efc58f8826803577d25083cc1ae57f88fd9d34,1865,Historical R1/R3/GenS accepted review batch,exact_copy,0
audit/codex_evidence_audit_r1_r3_gens_v3_v1/reviews/B149.jsonl,ac38d25e72487141efb602ecc24fd874cd6662478fb5808be0ee0799c85f13cd,2628,content/historical_r1_r3_gens_audit_900/audit/reviews/B149.jsonl,ac38d25e72487141efb602ecc24fd874cd6662478fb5808be0ee0799c85f13cd,2628,Historical R1/R3/GenS accepted review batch,exact_copy,0
audit/codex_evidence_audit_r1_r3_gens_v3_v1/reviews/B150.jsonl,6dc7f8090bbde2e6077917cbf88eb408ba311bac78fdea9158b7448e0c25e3f0,1916,content/historical_r1_r3_gens_audit_900/audit/reviews/B150.jsonl,6dc7f8090bbde2e6077917cbf88eb408ba311bac78fdea9158b7448e0c25e3f0,1916,Historical R1/R3/GenS accepted review batch,exact_copy,0
audit/codex_evidence_audit_r1_r3_gens_v3_v1/reviews/B151.jsonl,c58030a74947118a8f3ff76e38b65c17396655311e3c9a1374659a3d7940458a,1784,content/historical_r1_r3_gens_audit_900/audit/reviews/B151.jsonl,c58030a74947118a8f3ff76e38b65c17396655311e3c9a1374659a3d7940458a,1784,Historical R1/R3/GenS accepted review batch,exact_copy,0
audit/codex_evidence_audit_r1_r3_gens_v3_v1/reviews/B152.jsonl,5baa8f1e2b42ed6ff983d85bbe565dc16769ee29e1214653ed4da38f927e6053,2287,content/historical_r1_r3_gens_audit_900/audit/reviews/B152.jsonl,5baa8f1e2b42ed6ff983d85bbe565dc16769ee29e1214653ed4da38f927e6053,2287,Historical R1/R3/GenS accepted review batch,exact_copy,0
audit/codex_evidence_audit_r1_r3_gens_v3_v1/reviews/B153.jsonl,cb2fb83e5d18ae5a9ce4f47703cbdd435024a3d582dcf10c8970038874bf7cd6,2363,content/historical_r1_r3_gens_audit_900/audit/reviews/B153.jsonl,cb2fb83e5d18ae5a9ce4f47703cbdd435024a3d582dcf10c8970038874bf7cd6,2363,Historical R1/R3/GenS accepted review batch,exact_copy,0
audit/codex_evidence_audit_r1_r3_gens_v3_v1/reviews/B154.jsonl,7520d8effe7e7b313192828a779accb913a5b0fe43a094bdecf1f24739c09b0c,1833,content/historical_r1_r3_gens_audit_900/audit/reviews/B154.jsonl,7520d8effe7e7b313192828a779accb913a5b0fe43a094bdecf1f24739c09b0c,1833,Historical R1/R3/GenS accepted review batch,exact_copy,0
audit/codex_evidence_audit_r1_r3_gens_v3_v1/reviews/B155.jsonl,5a21f7749fa4dd6fb4fa6e91c0339f17d1a3174f68e8bc519c01b70f8aa1b505,2333,content/historical_r1_r3_gens_audit_900/audit/reviews/B155.jsonl,5a21f7749fa4dd6fb4fa6e91c0339f17d1a3174f68e8bc519c01b70f8aa1b505,2333,Historical R1/R3/GenS accepted review batch,exact_copy,0
audit/codex_evidence_audit_r1_r3_gens_v3_v1/reviews/B156.jsonl,79d29fc46801b4351039c341679c33626be6074679551f08583be6a65fdf9fc8,1804,content/historical_r1_r3_gens_audit_900/audit/reviews/B156.jsonl,79d29fc46801b4351039c341679c33626be6074679551f08583be6a65fdf9fc8,1804,Historical R1/R3/GenS accepted review batch,exact_copy,0
audit/codex_evidence_audit_r1_r3_gens_v3_v1/reviews/B157.jsonl,5e72739d1dbac194a4e878fde4a2f71204c59b6549ffb5b48ac72658bdc267e0,2666,content/historical_r1_r3_gens_audit_900/audit/reviews/B157.jsonl,5e72739d1dbac194a4e878fde4a2f71204c59b6549ffb5b48ac72658bdc267e0,2666,Historical R1/R3/GenS accepted review batch,exact_copy,0
audit/codex_evidence_audit_r1_r3_gens_v3_v1/reviews/B158.jsonl,c7391616e26b7dfbd6a521310559ef28cff3fb183b3e8ddd8a9f11a5a1161439,2255,content/historical_r1_r3_gens_audit_900/audit/reviews/B158.jsonl,c7391616e26b7dfbd6a521310559ef28cff3fb183b3e8ddd8a9f11a5a1161439,2255,Historical R1/R3/GenS accepted review batch,exact_copy,0
audit/codex_evidence_audit_r1_r3_gens_v3_v1/reviews/B159.jsonl,edfe212af76cef224b5deea337e36f4f471231239110bfc47320a4024ff66aaf,1540,content/historical_r1_r3_gens_audit_900/audit/reviews/B159.jsonl,edfe212af76cef224b5deea337e36f4f471231239110bfc47320a4024ff66aaf,1540,Historical R1/R3/GenS accepted review batch,exact_copy,0
audit/codex_evidence_audit_r1_r3_gens_v3_v1/reviews/B160.jsonl,0a25b3c5b5d2cb3cefdf607d85162694cebac9c20a7be8f5c6be738849383508,2289,content/historical_r1_r3_gens_audit_900/audit/reviews/B160.jsonl,0a25b3c5b5d2cb3cefdf607d85162694cebac9c20a7be8f5c6be738849383508,2289,Historical R1/R3/GenS accepted review batch,exact_copy,0
audit/codex_evidence_audit_r1_r3_gens_v3_v1/reviews/B161.jsonl,ec374ed342d34a6b70b83c7725d015b0693e1125b87ef1c32569c71b3f6d80b3,2243,content/historical_r1_r3_gens_audit_900/audit/reviews/B161.jsonl,ec374ed342d34a6b70b83c7725d015b0693e1125b87ef1c32569c71b3f6d80b3,2243,Historical R1/R3/GenS accepted review batch,exact_copy,0
audit/codex_evidence_audit_r1_r3_gens_v3_v1/reviews/B162.jsonl,8c776868e6fecdda26db3d984faa86168c53553920f28a60df926b8ba7cac3e7,1424,content/historical_r1_r3_gens_audit_900/audit/reviews/B162.jsonl,8c776868e6fecdda26db3d984faa86168c53553920f28a60df926b8ba7cac3e7,1424,Historical R1/R3/GenS accepted review batch,exact_copy,0
audit/codex_evidence_audit_r1_r3_gens_v3_v1/reviews/B163.jsonl,f306d179d2508b81a85ebf53322faa3f3015a86bd527ec013ee9c1fd51318ec4,2129,content/historical_r1_r3_gens_audit_900/audit/reviews/B163.jsonl,f306d179d2508b81a85ebf53322faa3f3015a86bd527ec013ee9c1fd51318ec4,2129,Historical R1/R3/GenS accepted review batch,exact_copy,0
audit/codex_evidence_audit_r1_r3_gens_v3_v1/reviews/B164.jsonl,a59a601f1a477a8945294497c79ead43dece2ef2ba9b7be5a2906d29f9ba699e,2304,content/historical_r1_r3_gens_audit_900/audit/reviews/B164.jsonl,a59a601f1a477a8945294497c79ead43dece2ef2ba9b7be5a2906d29f9ba699e,2304,Historical R1/R3/GenS accepted review batch,exact_copy,0
audit/codex_evidence_audit_r1_r3_gens_v3_v1/reviews/B165.jsonl,f0b71275f262c144b59595c54b169897e829bbec94aa2b700234495257dda1a7,1998,content/historical_r1_r3_gens_audit_900/audit/reviews/B165.jsonl,f0b71275f262c144b59595c54b169897e829bbec94aa2b700234495257dda1a7,1998,Historical R1/R3/GenS accepted review batch,exact_copy,0
audit/codex_evidence_audit_r1_r3_gens_v3_v1/reviews/B166.jsonl,e7886beab8120014e31b743043fed09c50a592b0425f399b751285632e401579,2593,content/historical_r1_r3_gens_audit_900/audit/reviews/B166.jsonl,e7886beab8120014e31b743043fed09c50a592b0425f399b751285632e401579,2593,Historical R1/R3/GenS accepted review batch,exact_copy,0
audit/codex_evidence_audit_r1_r3_gens_v3_v1/reviews/B167.jsonl,adce85ea4baffa1514c2cabf1c9f18fe745caf6425549108f565572e63e941e9,3370,content/historical_r1_r3_gens_audit_900/audit/reviews/B167.jsonl,adce85ea4baffa1514c2cabf1c9f18fe745caf6425549108f565572e63e941e9,3370,Historical R1/R3/GenS accepted review batch,exact_copy,0
audit/codex_evidence_audit_r1_r3_gens_v3_v1/reviews/B168.jsonl,0f6a8f2eea873caeee20387730ddee1b93c0931fbd0f24c37dcd8db0dfc9ed0c,2178,content/historical_r1_r3_gens_audit_900/audit/reviews/B168.jsonl,0f6a8f2eea873caeee20387730ddee1b93c0931fbd0f24c37dcd8db0dfc9ed0c,2178,Historical R1/R3/GenS accepted review batch,exact_copy,0
audit/codex_evidence_audit_r1_r3_gens_v3_v1/reviews/B169.jsonl,537e5a8c62acbbb03705914900ecbc8d3c684f160f7a865d911b00038a5533af,2438,content/historical_r1_r3_gens_audit_900/audit/reviews/B169.jsonl,537e5a8c62acbbb03705914900ecbc8d3c684f160f7a865d911b00038a5533af,2438,Historical R1/R3/GenS accepted review batch,exact_copy,0
audit/codex_evidence_audit_r1_r3_gens_v3_v1/reviews/B170.jsonl,203316f26964829a7899b23da7a79dc27664d3229259d3d0cbed3a13bb6d9d51,1704,content/historical_r1_r3_gens_audit_900/audit/reviews/B170.jsonl,203316f26964829a7899b23da7a79dc27664d3229259d3d0cbed3a13bb6d9d51,1704,Historical R1/R3/GenS accepted review batch,exact_copy,0
audit/codex_evidence_audit_r1_r3_gens_v3_v1/reviews/B171.jsonl,f044609703448ef2a11228c362869b578519cd427e280d9a666e46f0d5e42b7b,2277,content/historical_r1_r3_gens_audit_900/audit/reviews/B171.jsonl,f044609703448ef2a11228c362869b578519cd427e280d9a666e46f0d5e42b7b,2277,Historical R1/R3/GenS accepted review batch,exact_copy,0
audit/codex_evidence_audit_r1_r3_gens_v3_v1/reviews/B172.jsonl,9a764a05ee144e5b00b827784d6e93d50829c3ba18785ad9ca198ec9f00a834e,3296,content/historical_r1_r3_gens_audit_900/audit/reviews/B172.jsonl,9a764a05ee144e5b00b827784d6e93d50829c3ba18785ad9ca198ec9f00a834e,3296,Historical R1/R3/GenS accepted review batch,exact_copy,0
audit/codex_evidence_audit_r1_r3_gens_v3_v1/reviews/B173.jsonl,177f6c1e26c29d1535b739d172662f251a8c32b57b70171770abe834bdb5477a,1750,content/historical_r1_r3_gens_audit_900/audit/reviews/B173.jsonl,177f6c1e26c29d1535b739d172662f251a8c32b57b70171770abe834bdb5477a,1750,Historical R1/R3/GenS accepted review batch,exact_copy,0
audit/codex_evidence_audit_r1_r3_gens_v3_v1/reviews/B174.jsonl,58a50bd1b1245fbdfac11ea049439cc3d688aeb9d06dd6d9b5e62d54238f15d7,2994,content/historical_r1_r3_gens_audit_900/audit/reviews/B174.jsonl,58a50bd1b1245fbdfac11ea049439cc3d688aeb9d06dd6d9b5e62d54238f15d7,2994,Historical R1/R3/GenS accepted review batch,exact_copy,0
audit/codex_evidence_audit_r1_r3_gens_v3_v1/reviews/B175.jsonl,ab9ac1b18ac36df6aee9afbb3debbfc6bd3b36e4e7ec40fbaa491e0ebe3fbb1f,1425,content/historical_r1_r3_gens_audit_900/audit/reviews/B175.jsonl,ab9ac1b18ac36df6aee9afbb3debbfc6bd3b36e4e7ec40fbaa491e0ebe3fbb1f,1425,Historical R1/R3/GenS accepted review batch,exact_copy,0
audit/codex_evidence_audit_r1_r3_gens_v3_v1/reviews/B176.jsonl,e94998be64ee140a925b77597b15c743dc6cbad0540dd44653a1741004bd0293,2846,content/historical_r1_r3_gens_audit_900/audit/reviews/B176.jsonl,e94998be64ee140a925b77597b15c743dc6cbad0540dd44653a1741004bd0293,2846,Historical R1/R3/GenS accepted review batch,exact_copy,0
audit/codex_evidence_audit_r1_r3_gens_v3_v1/reviews/B177.jsonl,274fdf898ccbdd5bc0ac57f3cb702f0b91211ebdac6856cdfd8959594c26c721,2811,content/historical_r1_r3_gens_audit_900/audit/reviews/B177.jsonl,274fdf898ccbdd5bc0ac57f3cb702f0b91211ebdac6856cdfd8959594c26c721,2811,Historical R1/R3/GenS accepted review batch,exact_copy,0
audit/codex_evidence_audit_r1_r3_gens_v3_v1/reviews/B178.jsonl,32929c8e8b98ff1fc3e651b58dd94846d83fa107c6186f6dfbc46d2ced0c1eda,2728,content/historical_r1_r3_gens_audit_900/audit/reviews/B178.jsonl,32929c8e8b98ff1fc3e651b58dd94846d83fa107c6186f6dfbc46d2ced0c1eda,2728,Historical R1/R3/GenS accepted review batch,exact_copy,0
audit/codex_evidence_audit_r1_r3_gens_v3_v1/reviews/B179.jsonl,862c4b704f6ab6216363f49d05fce24c6af66939c923c7a335146e34c070c527,3995,content/historical_r1_r3_gens_audit_900/audit/reviews/B179.jsonl,862c4b704f6ab6216363f49d05fce24c6af66939c923c7a335146e34c070c527,3995,Historical R1/R3/GenS accepted review batch,exact_copy,0
audit/codex_evidence_audit_r1_r3_gens_v3_v1/reviews/B180.jsonl,beec3beac60c2cad9f5ac5afa19f369d52358e8b90a2d410f0ca7d4a5fb537e5,2196,content/historical_r1_r3_gens_audit_900/audit/reviews/B180.jsonl,beec3beac60c2cad9f5ac5afa19f369d52358e8b90a2d410f0ca7d4a5fb537e5,2196,Historical R1/R3/GenS accepted review batch,exact_copy,0
audit/codex_evidence_audit_r1_r3_gens_v3_v1/reviews/B181.jsonl,ed741b8891d9b81ca05dc4da49605a715138f7b094b927ecbc2bb05665b0805a,2465,content/historical_r1_r3_gens_audit_900/audit/reviews/B181.jsonl,ed741b8891d9b81ca05dc4da49605a715138f7b094b927ecbc2bb05665b0805a,2465,Historical R1/R3/GenS accepted review batch,exact_copy,0
audit/codex_evidence_audit_r1_r3_gens_v3_v1/reviews/B182.jsonl,d4a1135c8f95140916e226564dcbff5560ed4a6a66269b1af6f847044cd1ee2f,1737,content/historical_r1_r3_gens_audit_900/audit/reviews/B182.jsonl,d4a1135c8f95140916e226564dcbff5560ed4a6a66269b1af6f847044cd1ee2f,1737,Historical R1/R3/GenS accepted review batch,exact_copy,0
audit/codex_evidence_audit_r1_r3_gens_v3_v1/reviews/B183.jsonl,88235cb03887dd92ed6ed4bcf7192f9e8705e8a99baebdc2afb4cad4a9ed056d,2887,content/historical_r1_r3_gens_audit_900/audit/reviews/B183.jsonl,88235cb03887dd92ed6ed4bcf7192f9e8705e8a99baebdc2afb4cad4a9ed056d,2887,Historical R1/R3/GenS accepted review batch,exact_copy,0
audit/codex_evidence_audit_r1_r3_gens_v3_v1/reviews/B184.jsonl,fbac7737d12dcc17d49d7587d6f8aa93f4052f0d7d1f521acbe69bbb539e4861,3507,content/historical_r1_r3_gens_audit_900/audit/reviews/B184.jsonl,fbac7737d12dcc17d49d7587d6f8aa93f4052f0d7d1f521acbe69bbb539e4861,3507,Historical R1/R3/GenS accepted review batch,exact_copy,0
audit/codex_evidence_audit_r1_r3_gens_v3_v1/reviews/B185.jsonl,8ee075d9c98f3df72d7c8d818da32cd6ea1cfcf38cb45d3593b31d4fe37a14a8,2245,content/historical_r1_r3_gens_audit_900/audit/reviews/B185.jsonl,8ee075d9c98f3df72d7c8d818da32cd6ea1cfcf38cb45d3593b31d4fe37a14a8,2245,Historical R1/R3/GenS accepted review batch,exact_copy,0
audit/codex_evidence_audit_r1_r3_gens_v3_v1/reviews/B186.jsonl,d03455e1553ce3fcd704d6e201c6c513a00aadd5a11a62ab3b558d69f28429b3,2151,content/historical_r1_r3_gens_audit_900/audit/reviews/B186.jsonl,d03455e1553ce3fcd704d6e201c6c513a00aadd5a11a62ab3b558d69f28429b3,2151,Historical R1/R3/GenS accepted review batch,exact_copy,0
audit/codex_evidence_audit_r1_r3_gens_v3_v1/reviews/B187.jsonl,44fff80c4d0798e437e4123e22bb39b67750597c8567b4bc012a5e0713cdd0f1,2144,content/historical_r1_r3_gens_audit_900/audit/reviews/B187.jsonl,44fff80c4d0798e437e4123e22bb39b67750597c8567b4bc012a5e0713cdd0f1,2144,Historical R1/R3/GenS accepted review batch,exact_copy,0
audit/codex_evidence_audit_r1_r3_gens_v3_v1/reviews/B188.jsonl,d01fe4dbc40ca23906d8dba38b66c6ec9b0bcc0c27ad9bec2d47719c4179a596,3019,content/historical_r1_r3_gens_audit_900/audit/reviews/B188.jsonl,d01fe4dbc40ca23906d8dba38b66c6ec9b0bcc0c27ad9bec2d47719c4179a596,3019,Historical R1/R3/GenS accepted review batch,exact_copy,0
audit/codex_evidence_audit_r1_r3_gens_v3_v1/reviews/B189.jsonl,d3350adbe717928154bb28f2927d3540d44e70b20816807eca1c828925ad65c0,2033,content/historical_r1_r3_gens_audit_900/audit/reviews/B189.jsonl,d3350adbe717928154bb28f2927d3540d44e70b20816807eca1c828925ad65c0,2033,Historical R1/R3/GenS accepted review batch,exact_copy,0
audit/codex_evidence_audit_r1_r3_gens_v3_v1/reviews/B190.jsonl,d3f9d4866b74f2fc9041ed8e935a418581e4cd98bd3d458d6c3c64958217e3a3,1466,content/historical_r1_r3_gens_audit_900/audit/reviews/B190.jsonl,d3f9d4866b74f2fc9041ed8e935a418581e4cd98bd3d458d6c3c64958217e3a3,1466,Historical R1/R3/GenS accepted review batch,exact_copy,0
audit/codex_evidence_audit_r1_r3_gens_v3_v1/reviews/B191.jsonl,986f3f9c4de1dc2e16a25505e4cd6856adafa39a8339d02c9ddd8133ab941d16,1601,content/historical_r1_r3_gens_audit_900/audit/reviews/B191.jsonl,986f3f9c4de1dc2e16a25505e4cd6856adafa39a8339d02c9ddd8133ab941d16,1601,Historical R1/R3/GenS accepted review batch,exact_copy,0
audit/codex_evidence_audit_r1_r3_gens_v3_v1/reviews/B192.jsonl,f713eee160860e5eb148dd512c1fc41ac036f956e541f241c50bd19144a1b548,1155,content/historical_r1_r3_gens_audit_900/audit/reviews/B192.jsonl,f713eee160860e5eb148dd512c1fc41ac036f956e541f241c50bd19144a1b548,1155,Historical R1/R3/GenS accepted review batch,exact_copy,0
scripts/materialize_direct_evidence_audit.py,3d6c66d980f05390054f7274860e44fd7c542c224dc0940b4d5f8de1c21719f5,4001,content/historical_r1_r3_gens_audit_900/code/materialize_direct_evidence_audit.py,64412a54f5eb2e09aa16b1fcb7f81e3775b53836c6c309cdd4b56cae9d83507f,3929,Historical R1/R3/GenS audit preparation/freeze/summary script,absolute_personal_path_redaction_only,4
scripts/prepare_codex_evidence_audit_packages.py,c60050edde6ef0cd70d65608f064f0ac771c5b3252db42d7cea5ebb5bdce3181,9981,content/historical_r1_r3_gens_audit_900/code/prepare_codex_evidence_audit_packages.py,c60050edde6ef0cd70d65608f064f0ac771c5b3252db42d7cea5ebb5bdce3181,9981,Historical R1/R3/GenS audit preparation/freeze/summary script,exact_copy,0
scripts/render_codex_evidence_audit_contact_sheets.py,f22b0815e26cb114604941ae23380f16422267aac31d1eb6f387ed15578483a9,2133,content/historical_r1_r3_gens_audit_900/code/render_codex_evidence_audit_contact_sheets.py,f22b0815e26cb114604941ae23380f16422267aac31d1eb6f387ed15578483a9,2133,Historical R1/R3/GenS audit preparation/freeze/summary script,exact_copy,0
scripts/update_codex_evidence_audit_progress.py,369fee9027b731385e6c5d1b5ac19d77b41a89bd51d3fe05f0cda5faa3a326b2,4463,content/historical_r1_r3_gens_audit_900/code/update_codex_evidence_audit_progress.py,369fee9027b731385e6c5d1b5ac19d77b41a89bd51d3fe05f0cda5faa3a326b2,4463,Historical R1/R3/GenS audit preparation/freeze/summary script,exact_copy,0
scripts/freeze_codex_evidence_audit.py,958bf8a560e7f992147537a58fc0532da16d25315d24d8d2850b662c8875daa1,3116,content/historical_r1_r3_gens_audit_900/code/freeze_codex_evidence_audit.py,958bf8a560e7f992147537a58fc0532da16d25315d24d8d2850b662c8875daa1,3116,Historical R1/R3/GenS audit preparation/freeze/summary script,exact_copy,0
scripts/summarize_codex_evidence_audit.py,466a9866d1948f3e13651ebb2a876588f38d34ad2f13fb13c8c7e7e4919a237b,15915,content/historical_r1_r3_gens_audit_900/code/summarize_codex_evidence_audit.py,466a9866d1948f3e13651ebb2a876588f38d34ad2f13fb13c8c7e7e4919a237b,15915,Historical R1/R3/GenS audit preparation/freeze/summary script,exact_copy,0
scripts/validate_codex_evidence_audit_gold_scores.py,b10b280d50de557f18830a9a8aa5a02424cdde13458eb58bbd0e6adcda399f7c,2757,content/historical_r1_r3_gens_audit_900/code/validate_codex_evidence_audit_gold_scores.py,b10b280d50de557f18830a9a8aa5a02424cdde13458eb58bbd0e6adcda399f7c,2757,Historical R1/R3/GenS audit preparation/freeze/summary script,exact_copy,0
