question_id,video_id,method,question_type,prediction,prediction_present,correct,terminal_status,failure_category,unique_images,inspection_rounds,provider_attempts,correction_attempts,ordinary_input_tokens,cache_creation_tokens,cache_read_tokens,output_tokens,cache_aware_usd,provider_latency_sec,route_wall_time_sec
6fd90f8d-7a4d-425d-a812-3268db0b0342_8_31,6fd90f8d-7a4d-425d-a812-3268db0b0342,R1,reasoning/temporal/duration,E,True,True,terminal_success,,9,3,4,0,13298,44791,134373,452,0.08498404999999999,9.375654848990962,9.917760377022205
6fd90f8d-7a4d-425d-a812-3268db0b0342_3_32,6fd90f8d-7a4d-425d-a812-3268db0b0342,R1,reasoning/predictive,E,True,True,terminal_success,,16,6,7,0,42006,89453,223955,694,0.17968775000000003,15.11413953200099,16.097548182995524
6fd90f8d-7a4d-425d-a812-3268db0b0342_8_9,6fd90f8d-7a4d-425d-a812-3268db0b0342,R1,reasoning/temporal/duration,D,True,False,terminal_success,,9,3,4,0,13069,0,179164,349,0.0327304,6.272744568006601,6.81331489700824
6fd90f8d-7a4d-425d-a812-3268db0b0342_15_2,6fd90f8d-7a4d-425d-a812-3268db0b0342,R1,navigation/room_to_room_image,C,True,False,terminal_success,,9,3,4,0,13554,0,179164,347,0.0332054,8.298246727965306,8.842896575020859
6fd90f8d-7a4d-425d-a812-3268db0b0342_17_25,6fd90f8d-7a4d-425d-a812-3268db0b0342,R1,perception/information_retrieval/factual_recall,B,True,False,terminal_success,,14,5,6,0,29899,44791,223955,541,0.11098825,13.488194719015155,14.37801589697483
6fd90f8d-7a4d-425d-a812-3268db0b0342_16_3,6fd90f8d-7a4d-425d-a812-3268db0b0342,R1,navigation/object_retrieval_image,E,True,False,terminal_success,,15,6,7,0,41272,0,313537,595,0.0756007,11.162285011960194,12.133442660007859
6fd90f8d-7a4d-425d-a812-3268db0b0342_17_36,6fd90f8d-7a4d-425d-a812-3268db0b0342,R1,perception/information_retrieval/factual_recall,B,True,False,terminal_success,,15,6,7,0,39867,0,313537,630,0.07437070000000001,15.715968484961195,16.622030394995818
6fd90f8d-7a4d-425d-a812-3268db0b0342_18_16,6fd90f8d-7a4d-425d-a812-3268db0b0342,R1,perception/tracking,E,True,False,terminal_success,,16,6,7,0,41029,0,313408,663,0.0756848,16.47851340699708,17.575976480991812
6fd90f8d-7a4d-425d-a812-3268db0b0342_7_27,6fd90f8d-7a4d-425d-a812-3268db0b0342,R1,reasoning/spatial/relationship,D,True,False,terminal_success,,6,3,4,0,10916,0,179164,321,0.030437400000000003,7.04802247803309,7.424475196981803
6fd90f8d-7a4d-425d-a812-3268db0b0342_13_2,6fd90f8d-7a4d-425d-a812-3268db0b0342,R1,navigation/room_to_room,D,True,False,terminal_success,,16,6,7,0,41214,0,313408,578,0.0754448,14.751276389986742,15.71968979400117
6fd90f8d-7a4d-425d-a812-3268db0b0342_14_5,6fd90f8d-7a4d-425d-a812-3268db0b0342,R1,navigation/object_retrieval,C,True,False,terminal_success,,15,5,6,0,31346,0,268746,572,0.0610806,13.75052571305423,14.676807910000207
6fd90f8d-7a4d-425d-a812-3268db0b0342_8_10,6fd90f8d-7a4d-425d-a812-3268db0b0342,R1,reasoning/temporal/duration,D,True,False,terminal_success,,9,3,4,0,13265,0,179164,416,0.033261399999999997,9.392473069019616,9.930558021005709
6fd90f8d-7a4d-425d-a812-3268db0b0342_17_5,6fd90f8d-7a4d-425d-a812-3268db0b0342,R1,perception/information_retrieval/factual_recall,B,True,False,terminal_success,,16,6,7,0,41893,0,313408,691,0.0766888,16.68752372698509,17.647912187996553
6fd90f8d-7a4d-425d-a812-3268db0b0342_12_28,6fd90f8d-7a4d-425d-a812-3268db0b0342,R1,perception/information_retrieval/temporal_distance,E,True,False,terminal_success,,16,6,7,0,38761,0,313408,678,0.07349180000000001,16.087091429013526,17.10812476000865
6fd90f8d-7a4d-425d-a812-3268db0b0342_4_1,6fd90f8d-7a4d-425d-a812-3268db0b0342,R1,reasoning/temporal/frequency,B,True,False,terminal_success,,15,5,6,0,30744,0,268746,525,0.06024360000000001,12.379345610010205,13.282761473004939
6fd90f8d-7a4d-425d-a812-3268db0b0342_6_8,6fd90f8d-7a4d-425d-a812-3268db0b0342,R1,reasoning/spatial/proximity,A,True,False,terminal_success,,9,3,4,0,13128,0,179164,349,0.0327894,8.698562789009884,9.239241904986557
6fd90f8d-7a4d-425d-a812-3268db0b0342_11_29,6fd90f8d-7a4d-425d-a812-3268db0b0342,R1,perception/information_retrieval/sequence_recall,E,True,False,terminal_success,,16,6,7,0,42009,0,313408,641,0.0765548,20.056747961993096,21.036739931994816
6fd90f8d-7a4d-425d-a812-3268db0b0342_1_1,6fd90f8d-7a4d-425d-a812-3268db0b0342,R1,reasoning/causal,B,True,True,terminal_success,,16,6,7,0,40781,0,313408,611,0.0751768,12.485028123948723,13.472793451976031
6fd90f8d-7a4d-425d-a812-3268db0b0342_14_3,6fd90f8d-7a4d-425d-a812-3268db0b0342,R1,navigation/object_retrieval,A,True,False,terminal_success,,9,3,4,0,13584,0,179164,410,0.03355040000000001,10.441354360984406,10.985242315015057
6fd90f8d-7a4d-425d-a812-3268db0b0342_7_7,6fd90f8d-7a4d-425d-a812-3268db0b0342,R1,reasoning/spatial/relationship,A,True,False,terminal_success,,9,3,4,0,13265,0,179164,453,0.0334464,9.807687229971634,10.352595580014167
6fd90f8d-7a4d-425d-a812-3268db0b0342_16_5,6fd90f8d-7a4d-425d-a812-3268db0b0342,R1,navigation/object_retrieval_image,A,True,False,terminal_success,,12,5,6,0,29165,0,268746,536,0.058719600000000004,11.02618547595921,11.981495061016176
6fd90f8d-7a4d-425d-a812-3268db0b0342_16_4,6fd90f8d-7a4d-425d-a812-3268db0b0342,R1,navigation/object_retrieval_image,B,True,True,terminal_success,,15,7,8,0,46913,0,358328,645,0.08597080000000001,15.994219660002273,17.2226179910067
6fd90f8d-7a4d-425d-a812-3268db0b0342_18_17,6fd90f8d-7a4d-425d-a812-3268db0b0342,R1,perception/tracking,E,True,True,terminal_success,,9,3,4,0,13049,0,179164,377,0.0328504,8.849144056992372,9.39644078098354
6fd90f8d-7a4d-425d-a812-3268db0b0342_21_11,6fd90f8d-7a4d-425d-a812-3268db0b0342,R1,summarization/temporal_sequencing,B,True,False,terminal_success,,15,6,7,0,41392,0,313537,650,0.0759957,15.666406438016566,16.64180720297736
6fd90f8d-7a4d-425d-a812-3268db0b0342_14_4,6fd90f8d-7a4d-425d-a812-3268db0b0342,R1,navigation/object_retrieval,C,True,False,terminal_success,,16,6,7,0,41888,0,313408,641,0.0764338,15.475481948960805,16.439149358018767
6fd90f8d-7a4d-425d-a812-3268db0b0342_8_31,6fd90f8d-7a4d-425d-a812-3268db0b0342,R3,reasoning/temporal/duration,D,True,False,terminal_success,,9,3,4,0,13336,36371,109113,419,0.07180605000000001,8.971953426022083,9.525367017980898
6fd90f8d-7a4d-425d-a812-3268db0b0342_3_32,6fd90f8d-7a4d-425d-a812-3268db0b0342,R3,reasoning/predictive,E,True,True,terminal_success,,14,8,9,0,57305,36371,290968,838,0.13605555000000003,19.86812359202304,21.030873465992045
6fd90f8d-7a4d-425d-a812-3268db0b0342_8_9,6fd90f8d-7a4d-425d-a812-3268db0b0342,R3,reasoning/temporal/duration,D,True,False,terminal_success,,8,3,4,0,12083,0,145484,450,0.0288814,9.897593857022002,10.445292347983923
6fd90f8d-7a4d-425d-a812-3268db0b0342_15_2,6fd90f8d-7a4d-425d-a812-3268db0b0342,R3,navigation/room_to_room_image,B,True,False,terminal_success,,9,3,4,0,13571,0,145484,372,0.029979400000000003,8.670610358036356,9.222586690972093
6fd90f8d-7a4d-425d-a812-3268db0b0342_17_25,6fd90f8d-7a4d-425d-a812-3268db0b0342,R3,perception/information_retrieval/factual_recall,B,True,False,terminal_success,,16,6,7,0,39242,36242,218226,644,0.1095871,15.47684034804115,16.660474625008646
6fd90f8d-7a4d-425d-a812-3268db0b0342_16_3,6fd90f8d-7a4d-425d-a812-3268db0b0342,R3,navigation/object_retrieval_image,A,True,False,terminal_success,,16,6,7,0,42035,36371,218097,632,0.11246845,13.614760165975895,14.595086907997029
6fd90f8d-7a4d-425d-a812-3268db0b0342_17_36,6fd90f8d-7a4d-425d-a812-3268db0b0342,R3,perception/information_retrieval/factual_recall,C,True,True,terminal_success,,9,3,4,0,13192,0,145484,471,0.0300954,9.428284847992472,9.98567021897179
6fd90f8d-7a4d-425d-a812-3268db0b0342_18_16,6fd90f8d-7a4d-425d-a812-3268db0b0342,R3,perception/tracking,C,True,False,terminal_success,,9,3,4,0,13238,0,145484,489,0.030231400000000002,10.45183061400894,10.998650611989433
6fd90f8d-7a4d-425d-a812-3268db0b0342_7_27,6fd90f8d-7a4d-425d-a812-3268db0b0342,R3,reasoning/spatial/relationship,D,True,False,terminal_success,,15,5,6,0,30763,0,218226,538,0.0552756,10.627285619993927,11.534086491010385
6fd90f8d-7a4d-425d-a812-3268db0b0342_13_2,6fd90f8d-7a4d-425d-a812-3268db0b0342,R3,navigation/room_to_room,C,True,False,terminal_success,,9,3,4,0,13285,0,145484,350,0.0295834,7.904983738058945,8.45750392897753
6fd90f8d-7a4d-425d-a812-3268db0b0342_14_5,6fd90f8d-7a4d-425d-a812-3268db0b0342,R3,navigation/object_retrieval,C,True,False,terminal_success,,9,3,4,0,13594,0,145484,401,0.030147400000000005,7.395176111953333,7.950794831005624
6fd90f8d-7a4d-425d-a812-3268db0b0342_8_10,6fd90f8d-7a4d-425d-a812-3268db0b0342,R3,reasoning/temporal/duration,D,True,False,terminal_success,,8,3,4,0,12781,0,145484,454,0.029599400000000005,7.98646354401717,8.483049669011962
6fd90f8d-7a4d-425d-a812-3268db0b0342_17_5,6fd90f8d-7a4d-425d-a812-3268db0b0342,R3,perception/information_retrieval/factual_recall,A,True,True,terminal_success,,9,3,4,0,13494,0,145484,375,0.029917400000000004,8.594626320991665,9.163132410001708
6fd90f8d-7a4d-425d-a812-3268db0b0342_12_28,6fd90f8d-7a4d-425d-a812-3268db0b0342,R3,perception/information_retrieval/temporal_distance,C,True,False,terminal_success,,15,5,6,0,30630,0,218226,602,0.0554626,13.12447005402646,14.040778633992886
6fd90f8d-7a4d-425d-a812-3268db0b0342_4_1,6fd90f8d-7a4d-425d-a812-3268db0b0342,R3,reasoning/temporal/frequency,D,True,False,terminal_success,,9,3,4,0,13326,0,145484,439,0.0300694,7.823688347009011,8.38137138800812
6fd90f8d-7a4d-425d-a812-3268db0b0342_6_8,6fd90f8d-7a4d-425d-a812-3268db0b0342,R3,reasoning/spatial/proximity,A,True,False,terminal_success,,6,3,4,0,10918,0,145484,348,0.027206400000000002,9.022163067013025,9.416243341984227
6fd90f8d-7a4d-425d-a812-3268db0b0342_11_29,6fd90f8d-7a4d-425d-a812-3268db0b0342,R3,perception/information_retrieval/sequence_recall,,False,False,terminal_failed,runtime_failure:turn_limit_exhausted,7,32,32,0,221945,0,1163872,2713,0.3518972000000001,56.695074729970656,62.571211739006685
6fd90f8d-7a4d-425d-a812-3268db0b0342_1_1,6fd90f8d-7a4d-425d-a812-3268db0b0342,R3,reasoning/causal,C,True,False,terminal_success,,15,10,11,0,66096,0,400081,969,0.1109491,20.70530363896978,21.704224879998947
6fd90f8d-7a4d-425d-a812-3268db0b0342_14_3,6fd90f8d-7a4d-425d-a812-3268db0b0342,R3,navigation/object_retrieval,A,True,False,terminal_success,,16,6,7,0,41878,0,254468,622,0.0704348,15.078369608032517,16.06875327700982
6fd90f8d-7a4d-425d-a812-3268db0b0342_7_7,6fd90f8d-7a4d-425d-a812-3268db0b0342,R3,reasoning/spatial/relationship,E,True,False,terminal_success,,9,3,4,0,13230,0,145484,449,0.030023400000000002,9.056595515023218,9.609739651001291
6fd90f8d-7a4d-425d-a812-3268db0b0342_16_5,6fd90f8d-7a4d-425d-a812-3268db0b0342,R3,navigation/object_retrieval_image,E,True,True,terminal_success,,9,3,4,0,13599,0,145484,368,0.0299874,8.18761616203119,8.745302241004538
6fd90f8d-7a4d-425d-a812-3268db0b0342_16_4,6fd90f8d-7a4d-425d-a812-3268db0b0342,R3,navigation/object_retrieval_image,B,True,True,terminal_success,,15,12,13,0,95637,0,472823,1013,0.1479843,22.09746656997595,23.945196034997934
6fd90f8d-7a4d-425d-a812-3268db0b0342_18_17,6fd90f8d-7a4d-425d-a812-3268db0b0342,R3,perception/tracking,E,True,True,terminal_success,,6,2,3,0,7083,0,109113,312,0.019554300000000004,6.923519175965339,7.312816863995977
6fd90f8d-7a4d-425d-a812-3268db0b0342_21_11,6fd90f8d-7a4d-425d-a812-3268db0b0342,R3,summarization/temporal_sequencing,B,True,False,terminal_success,,8,3,4,0,13036,0,145484,450,0.0298344,8.536634927993873,9.037663270020857
6fd90f8d-7a4d-425d-a812-3268db0b0342_14_4,6fd90f8d-7a4d-425d-a812-3268db0b0342,R3,navigation/object_retrieval,C,True,False,terminal_success,,15,12,13,0,85203,0,472823,1057,0.1377703,24.185544236010173,26.251968503987882
4572b198-2c1c-4920-bcf0-95fcebe12261_13_1,4572b198-2c1c-4920-bcf0-95fcebe12261,R1,navigation/room_to_room,B,True,False,terminal_success,,12,4,5,0,21068,19816,79264,463,0.0560794,10.767098094976973,11.329807384987362
4572b198-2c1c-4920-bcf0-95fcebe12261_4_23,4572b198-2c1c-4920-bcf0-95fcebe12261,R1,reasoning/temporal/frequency,D,True,False,terminal_success,,16,6,7,0,41719,39503,99080,684,0.10442575,15.810137852968182,16.56757126399316
4572b198-2c1c-4920-bcf0-95fcebe12261_4_3,4572b198-2c1c-4920-bcf0-95fcebe12261,R1,reasoning/temporal/frequency,E,True,False,terminal_success,,16,6,7,0,41788,0,138583,716,0.059226299999999996,16.842603286990197,17.58754340899759
4572b198-2c1c-4920-bcf0-95fcebe12261_17_26,4572b198-2c1c-4920-bcf0-95fcebe12261,R1,perception/information_retrieval/factual_recall,B,True,True,terminal_success,,6,3,4,0,10865,0,79264,376,0.0206714,7.4926839240361005,7.831364192010369
4572b198-2c1c-4920-bcf0-95fcebe12261_3_21,4572b198-2c1c-4920-bcf0-95fcebe12261,R1,reasoning/predictive,A,True,True,terminal_success,,15,12,13,0,84502,19816,237792,1173,0.1389162,27.22442827100167,28.043995910004014
4572b198-2c1c-4920-bcf0-95fcebe12261_2_1,4572b198-2c1c-4920-bcf0-95fcebe12261,R1,reasoning/counterfactual,C,True,False,terminal_success,,9,3,4,0,13233,0,79264,363,0.0229744,7.189949888997944,7.6129686670028605
4572b198-2c1c-4920-bcf0-95fcebe12261_17_39,4572b198-2c1c-4920-bcf0-95fcebe12261,R1,perception/information_retrieval/factual_recall,D,True,True,terminal_success,,16,6,7,0,41069,0,138583,690,0.0583773,16.176837469975,16.96221493597841
4572b198-2c1c-4920-bcf0-95fcebe12261_17_15,4572b198-2c1c-4920-bcf0-95fcebe12261,R1,perception/information_retrieval/factual_recall,C,True,False,terminal_success,,11,4,5,0,20293,0,99080,474,0.032571,10.84752434497932,11.359271964989603
4572b198-2c1c-4920-bcf0-95fcebe12261_6_24,4572b198-2c1c-4920-bcf0-95fcebe12261,R1,reasoning/spatial/proximity,A,True,False,terminal_success,,9,3,4,0,13057,0,79264,363,0.0227984,7.730663791968254,8.156842016003793
4572b198-2c1c-4920-bcf0-95fcebe12261_17_10,4572b198-2c1c-4920-bcf0-95fcebe12261,R1,perception/information_retrieval/factual_recall,D,True,False,terminal_success,,11,5,7,1,28273,0,138712,637,0.0453292,12.751382510963595,13.304173187003471
4572b198-2c1c-4920-bcf0-95fcebe12261_4_40,4572b198-2c1c-4920-bcf0-95fcebe12261,R1,reasoning/temporal/frequency,C,True,False,terminal_success,,15,5,6,0,31279,0,118896,624,0.04628859999999999,19.444648539007176,20.134929799009115
4572b198-2c1c-4920-bcf0-95fcebe12261_17_14,4572b198-2c1c-4920-bcf0-95fcebe12261,R1,perception/information_retrieval/factual_recall,E,True,True,terminal_success,,7,3,4,0,11385,0,79264,415,0.0213864,8.921216405986343,9.261838931997772
4572b198-2c1c-4920-bcf0-95fcebe12261_8_13,4572b198-2c1c-4920-bcf0-95fcebe12261,R1,reasoning/temporal/duration,E,True,True,terminal_success,,9,3,4,0,13139,0,79264,363,0.022880400000000002,8.533722707972629,8.957027891010512
4572b198-2c1c-4920-bcf0-95fcebe12261_17_29,4572b198-2c1c-4920-bcf0-95fcebe12261,R1,perception/information_retrieval/factual_recall,C,True,False,terminal_success,,16,6,7,0,45879,0,138583,794,0.0637073,14.586671901983209,15.327822852006648
4572b198-2c1c-4920-bcf0-95fcebe12261_7_5,4572b198-2c1c-4920-bcf0-95fcebe12261,R1,reasoning/spatial/relationship,D,True,False,terminal_success,,15,8,9,0,55410,0,178344,822,0.07735439999999999,15.867045485007111,16.617227021983126
4572b198-2c1c-4920-bcf0-95fcebe12261_15_1,4572b198-2c1c-4920-bcf0-95fcebe12261,R1,navigation/room_to_room_image,B,True,False,terminal_success,,15,7,8,0,50187,0,158528,674,0.06940980000000001,15.264373807003722,16.022821825987194
4572b198-2c1c-4920-bcf0-95fcebe12261_6_7,4572b198-2c1c-4920-bcf0-95fcebe12261,R1,reasoning/spatial/proximity,A,True,False,terminal_success,,15,5,6,0,30741,0,118896,554,0.0454006,13.47348701802548,14.16468925398658
4572b198-2c1c-4920-bcf0-95fcebe12261_17_25,4572b198-2c1c-4920-bcf0-95fcebe12261,R1,perception/information_retrieval/factual_recall,A,True,False,terminal_success,,15,5,6,0,30303,0,118896,497,0.0446776,9.971411103993887,10.658424658002332
4572b198-2c1c-4920-bcf0-95fcebe12261_5_11,4572b198-2c1c-4920-bcf0-95fcebe12261,R1,reasoning/temporal/prerequisites,B,True,False,terminal_success,,16,6,7,0,42185,0,138583,703,0.059558299999999995,14.784654709976166,15.53588832099922
4572b198-2c1c-4920-bcf0-95fcebe12261_7_32,4572b198-2c1c-4920-bcf0-95fcebe12261,R1,reasoning/spatial/relationship,B,True,False,terminal_success,,9,3,4,0,13146,0,79264,361,0.0228774,7.948099790024571,8.369581104983808
4572b198-2c1c-4920-bcf0-95fcebe12261_6_22,4572b198-2c1c-4920-bcf0-95fcebe12261,R1,reasoning/spatial/proximity,C,True,True,terminal_success,,15,6,7,0,39760,0,138712,657,0.0569162,14.781668702955358,15.498126400983892
4572b198-2c1c-4920-bcf0-95fcebe12261_17_17,4572b198-2c1c-4920-bcf0-95fcebe12261,R1,perception/information_retrieval/factual_recall,D,True,False,terminal_success,,6,2,3,0,7007,0,59448,301,0.0144568,5.4445982489560265,5.732868213992333
4572b198-2c1c-4920-bcf0-95fcebe12261_4_28,4572b198-2c1c-4920-bcf0-95fcebe12261,R1,reasoning/temporal/frequency,B,True,False,terminal_success,,15,5,6,0,30663,0,118896,560,0.0453526,13.204959961993154,13.896357849007472
4572b198-2c1c-4920-bcf0-95fcebe12261_8_34,4572b198-2c1c-4920-bcf0-95fcebe12261,R1,reasoning/temporal/duration,C,True,False,terminal_success,,9,3,4,0,13307,0,79264,545,0.023958399999999998,11.379171602020506,11.801268795010401
4572b198-2c1c-4920-bcf0-95fcebe12261_4_20,4572b198-2c1c-4920-bcf0-95fcebe12261,R1,reasoning/temporal/frequency,C,True,False,terminal_success,,16,6,7,0,41892,0,138583,729,0.059395300000000005,16.804536204988835,17.55474652000703
4572b198-2c1c-4920-bcf0-95fcebe12261_13_1,4572b198-2c1c-4920-bcf0-95fcebe12261,R3,navigation/room_to_room,C,True,False,terminal_success,,15,6,7,0,39005,56322,140805,647,0.126723,13.975463356007822,14.735269155004062
4572b198-2c1c-4920-bcf0-95fcebe12261_4_23,4572b198-2c1c-4920-bcf0-95fcebe12261,R3,reasoning/temporal/frequency,E,True,True,terminal_success,,16,6,7,0,40266,28032,168966,736,0.0958826,16.069185884989565,16.908843187993625
4572b198-2c1c-4920-bcf0-95fcebe12261_4_3,4572b198-2c1c-4920-bcf0-95fcebe12261,R3,reasoning/temporal/frequency,E,True,False,terminal_success,,16,6,7,0,42263,0,196998,863,0.0662778,18.013535938953282,18.76599406800233
4572b198-2c1c-4920-bcf0-95fcebe12261_17_26,4572b198-2c1c-4920-bcf0-95fcebe12261,R3,perception/information_retrieval/factual_recall,B,True,True,terminal_success,,6,3,4,0,10873,0,112644,391,0.0240924,7.712804216018412,8.031217768992065
4572b198-2c1c-4920-bcf0-95fcebe12261_3_21,4572b198-2c1c-4920-bcf0-95fcebe12261,R3,reasoning/predictive,B,True,False,terminal_success,,2,2,3,0,4729,0,84483,303,0.0146923,6.273163288016804,6.444434981007362
4572b198-2c1c-4920-bcf0-95fcebe12261_2_1,4572b198-2c1c-4920-bcf0-95fcebe12261,R3,reasoning/counterfactual,D,True,False,terminal_success,,6,3,4,0,9895,0,112644,373,0.0230244,9.604318288998911,9.912038774986286
4572b198-2c1c-4920-bcf0-95fcebe12261_17_39,4572b198-2c1c-4920-bcf0-95fcebe12261,R3,perception/information_retrieval/factual_recall,A,True,False,terminal_success,,5,2,3,0,6429,0,84483,274,0.0162473,6.0025527059915476,6.265179785987129
4572b198-2c1c-4920-bcf0-95fcebe12261_17_15,4572b198-2c1c-4920-bcf0-95fcebe12261,R3,perception/information_retrieval/factual_recall,E,True,False,terminal_success,,0,0,1,0,488,0,28161,135,0.0039791,2.1329712760052644,2.151171644014539
4572b198-2c1c-4920-bcf0-95fcebe12261_6_24,4572b198-2c1c-4920-bcf0-95fcebe12261,R3,reasoning/spatial/proximity,A,True,False,terminal_success,,9,3,4,0,13071,0,112644,367,0.026170399999999996,6.944281028001569,7.385162288992433
4572b198-2c1c-4920-bcf0-95fcebe12261_17_10,4572b198-2c1c-4920-bcf0-95fcebe12261,R3,perception/information_retrieval/factual_recall,B,True,True,terminal_success,,9,3,4,0,13165,0,112644,416,0.0265094,9.58165898200241,10.010714327014284
4572b198-2c1c-4920-bcf0-95fcebe12261_4_40,4572b198-2c1c-4920-bcf0-95fcebe12261,R3,reasoning/temporal/frequency,C,True,False,terminal_success,,9,3,4,0,13394,0,112644,380,0.026558399999999996,9.020927323988872,9.447255035018316
4572b198-2c1c-4920-bcf0-95fcebe12261_17_14,4572b198-2c1c-4920-bcf0-95fcebe12261,R3,perception/information_retrieval/factual_recall,B,True,False,terminal_success,,6,2,3,0,7018,0,84483,302,0.0169763,5.517227935051778,5.8167294100276195
4572b198-2c1c-4920-bcf0-95fcebe12261_8_13,4572b198-2c1c-4920-bcf0-95fcebe12261,R3,reasoning/temporal/duration,E,True,True,terminal_success,,0,0,1,0,536,0,28161,120,0.0039521,2.051970236003399,2.0705714040086605
4572b198-2c1c-4920-bcf0-95fcebe12261_17_29,4572b198-2c1c-4920-bcf0-95fcebe12261,R3,perception/information_retrieval/factual_recall,C,True,False,terminal_success,,14,6,7,0,44256,28161,168966,761,0.10015885,16.339640598016558,17.06005246299901
4572b198-2c1c-4920-bcf0-95fcebe12261_7_5,4572b198-2c1c-4920-bcf0-95fcebe12261,R3,reasoning/spatial/relationship,C,True,True,terminal_success,,9,3,4,0,13186,0,112644,411,0.026505400000000002,8.129829878016608,8.552007154008606
4572b198-2c1c-4920-bcf0-95fcebe12261_15_1,4572b198-2c1c-4920-bcf0-95fcebe12261,R3,navigation/room_to_room_image,D,True,False,terminal_success,,16,7,8,0,51951,0,225159,701,0.07797190000000001,16.876572277018568,17.694409975985764
4572b198-2c1c-4920-bcf0-95fcebe12261_6_7,4572b198-2c1c-4920-bcf0-95fcebe12261,R3,reasoning/spatial/proximity,E,True,False,terminal_success,,15,6,7,0,40589,0,197127,611,0.0633567,12.745134966011392,13.503506276989356
4572b198-2c1c-4920-bcf0-95fcebe12261_17_25,4572b198-2c1c-4920-bcf0-95fcebe12261,R3,perception/information_retrieval/factual_recall,E,True,True,terminal_success,,6,3,4,0,10755,0,112644,353,0.0237844,8.150672004994703,8.468223470001249
4572b198-2c1c-4920-bcf0-95fcebe12261_5_11,4572b198-2c1c-4920-bcf0-95fcebe12261,R3,reasoning/temporal/prerequisites,D,True,False,terminal_success,,8,3,4,0,13128,0,112644,451,0.0266474,8.126518545963336,8.513252731994726
4572b198-2c1c-4920-bcf0-95fcebe12261_7_32,4572b198-2c1c-4920-bcf0-95fcebe12261,R3,reasoning/spatial/relationship,B,True,False,terminal_success,,8,3,4,0,12614,0,112644,372,0.0257384,8.718659773032414,9.104809782991651
4572b198-2c1c-4920-bcf0-95fcebe12261_6_22,4572b198-2c1c-4920-bcf0-95fcebe12261,R3,reasoning/spatial/proximity,C,True,True,terminal_success,,15,8,9,0,57281,0,253449,816,0.0867059,17.111413795035332,17.917963473009877
4572b198-2c1c-4920-bcf0-95fcebe12261_17_17,4572b198-2c1c-4920-bcf0-95fcebe12261,R3,perception/information_retrieval/factual_recall,A,True,False,terminal_success,,1,1,2,0,1701,0,56322,164,0.008153200000000001,3.0209221849800088,3.1009522230015136
4572b198-2c1c-4920-bcf0-95fcebe12261_4_28,4572b198-2c1c-4920-bcf0-95fcebe12261,R3,reasoning/temporal/frequency,C,True,True,terminal_success,,7,3,4,0,12097,0,112644,417,0.0254464,9.51218804900418,9.867437133972999
4572b198-2c1c-4920-bcf0-95fcebe12261_8_34,4572b198-2c1c-4920-bcf0-95fcebe12261,R3,reasoning/temporal/duration,E,True,True,terminal_success,,3,1,2,0,2911,0,56322,431,0.010698200000000001,7.106285496003693,7.264636686013546
4572b198-2c1c-4920-bcf0-95fcebe12261_4_20,4572b198-2c1c-4920-bcf0-95fcebe12261,R3,reasoning/temporal/frequency,B,True,False,terminal_success,,15,5,6,0,31192,0,168966,600,0.051088600000000005,13.307248218014138,14.011535185010871
71fbc5bf-7e2a-415d-86bc-3a948742e904_5_15,71fbc5bf-7e2a-415d-86bc-3a948742e904,R1,reasoning/temporal/prerequisites,C,True,False,terminal_success,,9,3,4,0,13468,16729,50187,373,0.04126295,10.107299199997215,10.835315728007117
71fbc5bf-7e2a-415d-86bc-3a948742e904_7_3,71fbc5bf-7e2a-415d-86bc-3a948742e904,R1,reasoning/spatial/relationship,E,True,False,terminal_success,,16,6,7,0,41317,33329,83645,697,0.09482775000000002,15.271117088006577,16.553604688000632
71fbc5bf-7e2a-415d-86bc-3a948742e904_4_26,71fbc5bf-7e2a-415d-86bc-3a948742e904,R1,reasoning/temporal/frequency,D,True,True,terminal_success,,16,6,7,0,41433,0,116974,650,0.0563804,15.268633828993188,16.535761375009315
71fbc5bf-7e2a-415d-86bc-3a948742e904_7_17,71fbc5bf-7e2a-415d-86bc-3a948742e904,R1,reasoning/spatial/relationship,E,True,False,terminal_success,,16,6,7,0,41199,0,116974,640,0.056096400000000005,14.935126645024866,16.196825193008408
71fbc5bf-7e2a-415d-86bc-3a948742e904_17_25,71fbc5bf-7e2a-415d-86bc-3a948742e904,R1,perception/information_retrieval/factual_recall,E,True,False,terminal_success,,15,6,7,0,39810,16729,100374,647,0.07399365,15.391643056063913,16.659503347997088
71fbc5bf-7e2a-415d-86bc-3a948742e904_7_9,71fbc5bf-7e2a-415d-86bc-3a948742e904,R1,reasoning/spatial/relationship,C,True,False,terminal_success,,16,6,7,0,41054,0,116974,621,0.0558564,13.387517783994554,14.71196546801366
71fbc5bf-7e2a-415d-86bc-3a948742e904_17_10,71fbc5bf-7e2a-415d-86bc-3a948742e904,R1,perception/information_retrieval/factual_recall,B,True,False,terminal_success,,16,6,7,0,40861,0,116974,649,0.055803399999999996,14.42092397500528,15.681960189976962
71fbc5bf-7e2a-415d-86bc-3a948742e904_22_5,71fbc5bf-7e2a-415d-86bc-3a948742e904,R1,summarization/key_events_objects,B,True,True,terminal_success,,16,6,7,0,41855,0,116974,682,0.05696240000000001,14.480439203005517,15.744010994996643
71fbc5bf-7e2a-415d-86bc-3a948742e904_12_18,71fbc5bf-7e2a-415d-86bc-3a948742e904,R1,perception/information_retrieval/temporal_distance,B,True,False,terminal_success,,15,5,6,0,30610,0,100374,566,0.0434774,12.881596190971322,14.059236191998934
71fbc5bf-7e2a-415d-86bc-3a948742e904_22_23,71fbc5bf-7e2a-415d-86bc-3a948742e904,R1,summarization/key_events_objects,C,True,False,terminal_success,,15,5,6,0,31608,0,100374,632,0.0448054,14.397413016966311,15.564484520000406
71fbc5bf-7e2a-415d-86bc-3a948742e904_4_12,71fbc5bf-7e2a-415d-86bc-3a948742e904,R1,reasoning/temporal/frequency,C,True,False,terminal_success,,9,3,4,0,13160,0,66916,390,0.0218016,8.71033720698324,9.418818747013574
71fbc5bf-7e2a-415d-86bc-3a948742e904_8_1,71fbc5bf-7e2a-415d-86bc-3a948742e904,R1,reasoning/temporal/duration,E,True,True,terminal_success,,7,3,4,0,11509,0,66916,379,0.020095599999999998,8.439247392991092,9.074986002990045
71fbc5bf-7e2a-415d-86bc-3a948742e904_7_24,71fbc5bf-7e2a-415d-86bc-3a948742e904,R1,reasoning/spatial/relationship,E,True,False,terminal_success,,15,5,6,0,30679,0,100374,583,0.043631399999999994,12.845119054079987,14.022640087991022
71fbc5bf-7e2a-415d-86bc-3a948742e904_4_6,71fbc5bf-7e2a-415d-86bc-3a948742e904,R1,reasoning/temporal/frequency,B,True,False,terminal_success,,16,6,7,0,41574,0,116974,680,0.0566714,13.791687194025144,15.054016679001506
71fbc5bf-7e2a-415d-86bc-3a948742e904_8_8,71fbc5bf-7e2a-415d-86bc-3a948742e904,R1,reasoning/temporal/duration,C,True,False,terminal_success,,16,6,7,0,41482,0,116974,783,0.057094400000000003,14.8889916340122,16.14829166600248
71fbc5bf-7e2a-415d-86bc-3a948742e904_7_19,71fbc5bf-7e2a-415d-86bc-3a948742e904,R1,reasoning/spatial/relationship,C,True,False,terminal_success,,16,6,7,0,41370,0,116974,719,0.0566624,14.293321501958417,15.555320934014162
71fbc5bf-7e2a-415d-86bc-3a948742e904_7_2,71fbc5bf-7e2a-415d-86bc-3a948742e904,R1,reasoning/spatial/relationship,B,True,False,terminal_success,,16,6,7,0,41095,0,116974,635,0.055967399999999994,14.63037965100375,15.898725375998765
71fbc5bf-7e2a-415d-86bc-3a948742e904_7_11,71fbc5bf-7e2a-415d-86bc-3a948742e904,R1,reasoning/spatial/relationship,D,True,False,terminal_success,,15,6,7,0,39914,0,117103,575,0.05449930000000001,12.294728289969498,13.49688702999265
71fbc5bf-7e2a-415d-86bc-3a948742e904_4_22,71fbc5bf-7e2a-415d-86bc-3a948742e904,R1,reasoning/temporal/frequency,A,True,True,terminal_success,,16,6,7,0,41617,0,116974,707,0.056849399999999994,16.724003677984,17.98690132200136
71fbc5bf-7e2a-415d-86bc-3a948742e904_22_4,71fbc5bf-7e2a-415d-86bc-3a948742e904,R1,summarization/key_events_objects,D,True,True,terminal_success,,16,6,7,0,42003,0,116974,727,0.0573354,16.056464450026397,17.334260259987786
71fbc5bf-7e2a-415d-86bc-3a948742e904_6_14,71fbc5bf-7e2a-415d-86bc-3a948742e904,R1,reasoning/spatial/proximity,B,True,False,terminal_success,,16,6,7,0,41327,0,116974,656,0.0563044,14.406197453005007,15.66980964600225
71fbc5bf-7e2a-415d-86bc-3a948742e904_3_7,71fbc5bf-7e2a-415d-86bc-3a948742e904,R1,reasoning/predictive,E,True,False,terminal_success,,15,6,7,0,41116,0,117103,695,0.0563013,17.88825948900194,19.092475945013575
71fbc5bf-7e2a-415d-86bc-3a948742e904_8_20,71fbc5bf-7e2a-415d-86bc-3a948742e904,R1,reasoning/temporal/duration,E,True,False,terminal_success,,15,5,7,1,32737,0,117103,702,0.047957299999999994,14.741284079005709,15.93899958601105
71fbc5bf-7e2a-415d-86bc-3a948742e904_5_27,71fbc5bf-7e2a-415d-86bc-3a948742e904,R1,reasoning/temporal/prerequisites,A,True,True,terminal_success,,16,6,7,0,41556,0,116974,601,0.0562584,12.706440820038551,13.970146009000018
71fbc5bf-7e2a-415d-86bc-3a948742e904_17_13,71fbc5bf-7e2a-415d-86bc-3a948742e904,R1,perception/information_retrieval/factual_recall,A,True,True,terminal_success,,16,6,7,0,43252,0,116974,721,0.05855439999999999,15.9958011249837,17.264427154994337
71fbc5bf-7e2a-415d-86bc-3a948742e904_5_15,71fbc5bf-7e2a-415d-86bc-3a948742e904,R3,reasoning/temporal/prerequisites,E,True,True,terminal_success,,9,3,4,0,13485,37072,111216,376,0.0728266,8.907450410013553,9.639070352015551
71fbc5bf-7e2a-415d-86bc-3a948742e904_7_3,71fbc5bf-7e2a-415d-86bc-3a948742e904,R3,reasoning/spatial/relationship,E,True,False,terminal_success,,9,3,4,0,13200,0,148288,393,0.0299938,7.705288255034247,8.422615656018024
71fbc5bf-7e2a-415d-86bc-3a948742e904_4_26,71fbc5bf-7e2a-415d-86bc-3a948742e904,R3,reasoning/temporal/frequency,D,True,True,terminal_success,,9,3,4,0,13348,0,148288,433,0.0303418,9.556933330983156,10.291171763994498
71fbc5bf-7e2a-415d-86bc-3a948742e904_7_17,71fbc5bf-7e2a-415d-86bc-3a948742e904,R3,reasoning/spatial/relationship,E,True,False,terminal_success,,9,3,4,0,13187,0,148288,371,0.029870800000000003,9.268985637987498,9.99113677398418
71fbc5bf-7e2a-415d-86bc-3a948742e904_17_25,71fbc5bf-7e2a-415d-86bc-3a948742e904,R3,perception/information_retrieval/factual_recall,D,True,True,terminal_success,,9,3,4,0,13064,0,148288,395,0.029867800000000003,8.513903482002206,9.239583249000134
71fbc5bf-7e2a-415d-86bc-3a948742e904_7_9,71fbc5bf-7e2a-415d-86bc-3a948742e904,R3,reasoning/spatial/relationship,C,True,False,terminal_success,,15,6,7,0,40722,37072,222432,654,0.11257520000000001,15.625382250989787,16.925303337018704
71fbc5bf-7e2a-415d-86bc-3a948742e904_17_10,71fbc5bf-7e2a-415d-86bc-3a948742e904,R3,perception/information_retrieval/factual_recall,A,True,False,terminal_success,,3,1,2,0,2847,0,74144,218,0.011351400000000001,4.519715297996299,4.776791284006322
71fbc5bf-7e2a-415d-86bc-3a948742e904_22_5,71fbc5bf-7e2a-415d-86bc-3a948742e904,R3,summarization/key_events_objects,A,True,False,terminal_success,,8,3,4,0,12948,0,148288,380,0.029676800000000003,7.137713806034299,7.853291499020997
71fbc5bf-7e2a-415d-86bc-3a948742e904_12_18,71fbc5bf-7e2a-415d-86bc-3a948742e904,R3,perception/information_retrieval/temporal_distance,A,True,True,terminal_success,,7,3,4,0,11432,0,148288,390,0.0282108,8.9202985559823,9.645306193997385
71fbc5bf-7e2a-415d-86bc-3a948742e904_22_23,71fbc5bf-7e2a-415d-86bc-3a948742e904,R3,summarization/key_events_objects,C,True,False,terminal_success,,9,3,4,0,13664,0,148288,433,0.030657800000000002,8.652612072008196,9.373230333003448
71fbc5bf-7e2a-415d-86bc-3a948742e904_4_12,71fbc5bf-7e2a-415d-86bc-3a948742e904,R3,reasoning/temporal/frequency,C,True,False,terminal_success,,9,3,4,0,13151,0,148288,386,0.0299098,9.291371639003046,10.032511992991203
71fbc5bf-7e2a-415d-86bc-3a948742e904_8_1,71fbc5bf-7e2a-415d-86bc-3a948742e904,R3,reasoning/temporal/duration,E,True,True,terminal_success,,6,2,3,0,7135,0,111216,281,0.0196616,6.580784346995642,7.083360004005954
71fbc5bf-7e2a-415d-86bc-3a948742e904_7_24,71fbc5bf-7e2a-415d-86bc-3a948742e904,R3,reasoning/spatial/relationship,B,True,True,terminal_success,,16,6,7,0,41243,36943,222432,641,0.11286995,14.310425331059378,15.644035339006223
71fbc5bf-7e2a-415d-86bc-3a948742e904_4_6,71fbc5bf-7e2a-415d-86bc-3a948742e904,R3,reasoning/temporal/frequency,C,True,False,terminal_success,,9,3,4,0,13385,0,148288,385,0.0301388,9.228307646990288,9.951164464990143
71fbc5bf-7e2a-415d-86bc-3a948742e904_8_8,71fbc5bf-7e2a-415d-86bc-3a948742e904,R3,reasoning/temporal/duration,D,True,True,terminal_success,,8,3,4,0,12804,0,148288,518,0.0302228,10.415578010986792,11.072201218979899
71fbc5bf-7e2a-415d-86bc-3a948742e904_7_19,71fbc5bf-7e2a-415d-86bc-3a948742e904,R3,reasoning/spatial/relationship,B,True,False,terminal_success,,16,6,7,0,40894,37072,222303,689,0.1129093,15.768386779003777,17.12306154399994
71fbc5bf-7e2a-415d-86bc-3a948742e904_7_2,71fbc5bf-7e2a-415d-86bc-3a948742e904,R3,reasoning/spatial/relationship,C,True,False,terminal_success,,15,9,10,0,62963,0,370720,871,0.10438999999999998,18.546965739980806,20.550526887003798
71fbc5bf-7e2a-415d-86bc-3a948742e904_7_11,71fbc5bf-7e2a-415d-86bc-3a948742e904,R3,reasoning/spatial/relationship,D,True,False,terminal_success,,6,3,4,0,10987,0,148288,389,0.027760800000000002,10.446684670983814,10.961741693987278
71fbc5bf-7e2a-415d-86bc-3a948742e904_4_22,71fbc5bf-7e2a-415d-86bc-3a948742e904,R3,reasoning/temporal/frequency,A,True,True,terminal_success,,9,3,4,0,13380,0,148288,439,0.0304038,10.798139850987354,11.525903862988343
71fbc5bf-7e2a-415d-86bc-3a948742e904_22_4,71fbc5bf-7e2a-415d-86bc-3a948742e904,R3,summarization/key_events_objects,D,True,True,terminal_success,,8,3,4,0,12935,0,148288,366,0.029593799999999996,9.353127027017763,10.014362256013555
71fbc5bf-7e2a-415d-86bc-3a948742e904_6_14,71fbc5bf-7e2a-415d-86bc-3a948742e904,R3,reasoning/spatial/proximity,B,True,False,terminal_success,,9,3,4,0,13379,0,148288,418,0.030297800000000007,7.38224684400484,8.109263438003836
71fbc5bf-7e2a-415d-86bc-3a948742e904_3_7,71fbc5bf-7e2a-415d-86bc-3a948742e904,R3,reasoning/predictive,C,True,True,terminal_success,,2,1,3,1,3619,0,111216,303,0.016255600000000002,6.304261576995486,6.6568338880024385
71fbc5bf-7e2a-415d-86bc-3a948742e904_8_20,71fbc5bf-7e2a-415d-86bc-3a948742e904,R3,reasoning/temporal/duration,D,True,True,terminal_success,,8,3,4,0,12880,0,148288,464,0.0300288,10.275949473987566,10.933979790017474
71fbc5bf-7e2a-415d-86bc-3a948742e904_5_27,71fbc5bf-7e2a-415d-86bc-3a948742e904,R3,reasoning/temporal/prerequisites,A,True,True,terminal_success,,9,3,4,0,13480,0,148288,443,0.030523800000000004,10.372867408004822,11.09322702200734
71fbc5bf-7e2a-415d-86bc-3a948742e904_17_13,71fbc5bf-7e2a-415d-86bc-3a948742e904,R3,perception/information_retrieval/factual_recall,D,True,False,terminal_success,,15,5,6,0,32527,0,222432,634,0.057940200000000004,13.532346672058338,14.756786942016333
115774b6-534d-444f-b7aa-d1b834eb0ee7_6_4,115774b6-534d-444f-b7aa-d1b834eb0ee7,R1,reasoning/spatial/proximity,C,True,False,terminal_success,,12,4,5,0,21313,21348,85392,497,0.0590222,11.256760329008102,12.364458361989819
115774b6-534d-444f-b7aa-d1b834eb0ee7_17_12,115774b6-534d-444f-b7aa-d1b834eb0ee7,R1,perception/information_retrieval/factual_recall,E,True,False,terminal_success,,16,6,7,0,42910,42567,106740,710,0.11034275,14.809137980046216,16.30618406899157
115774b6-534d-444f-b7aa-d1b834eb0ee7_3_23,115774b6-534d-444f-b7aa-d1b834eb0ee7,R1,reasoning/predictive,D,True,True,terminal_success,,16,6,7,0,41849,0,149307,635,0.0599547,13.204986159020336,14.698743645014474
115774b6-534d-444f-b7aa-d1b834eb0ee7_4_25,115774b6-534d-444f-b7aa-d1b834eb0ee7,R1,reasoning/temporal/frequency,D,True,True,terminal_success,,15,5,6,0,31140,0,128088,586,0.046878800000000005,14.391124332993058,15.764279151015216
115774b6-534d-444f-b7aa-d1b834eb0ee7_6_3,115774b6-534d-444f-b7aa-d1b834eb0ee7,R1,reasoning/spatial/proximity,B,True,False,terminal_success,,9,3,4,0,13418,0,85392,456,0.0242372,9.065142398001626,9.90118681799504
115774b6-534d-444f-b7aa-d1b834eb0ee7_8_13,115774b6-534d-444f-b7aa-d1b834eb0ee7,R1,reasoning/temporal/duration,C,True,True,terminal_success,,6,2,3,0,7222,0,64044,416,0.015706400000000002,7.23810921801487,7.8080931220029015
115774b6-534d-444f-b7aa-d1b834eb0ee7_3_21,115774b6-534d-444f-b7aa-d1b834eb0ee7,R1,reasoning/predictive,E,True,False,terminal_success,,16,6,7,0,41849,21348,127959,689,0.0847749,14.731105349957943,16.29958504901151
115774b6-534d-444f-b7aa-d1b834eb0ee7_5_5,115774b6-534d-444f-b7aa-d1b834eb0ee7,R1,reasoning/temporal/prerequisites,B,True,False,terminal_success,,16,6,7,0,41956,0,149307,659,0.0601817,14.450671905069612,15.941015366988722
115774b6-534d-444f-b7aa-d1b834eb0ee7_1_1,115774b6-534d-444f-b7aa-d1b834eb0ee7,R1,reasoning/causal,C,True,False,terminal_success,,16,6,7,0,41769,0,149307,648,0.0599397,13.371627793996595,14.867446160002146
115774b6-534d-444f-b7aa-d1b834eb0ee7_12_27,115774b6-534d-444f-b7aa-d1b834eb0ee7,R1,perception/information_retrieval/temporal_distance,A,True,False,terminal_success,,9,3,4,0,13040,0,85392,402,0.023589199999999998,8.72128560001147,9.566450344980694
115774b6-534d-444f-b7aa-d1b834eb0ee7_6_24,115774b6-534d-444f-b7aa-d1b834eb0ee7,R1,reasoning/spatial/proximity,E,True,False,terminal_success,,9,3,4,0,13245,0,85392,374,0.0236542,8.516226815030677,9.356329041998833
115774b6-534d-444f-b7aa-d1b834eb0ee7_8_8,115774b6-534d-444f-b7aa-d1b834eb0ee7,R1,reasoning/temporal/duration,D,True,False,terminal_success,,9,3,4,0,13436,0,85392,421,0.024080200000000003,8.643248820997542,9.480972674995428
115774b6-534d-444f-b7aa-d1b834eb0ee7_7_22,115774b6-534d-444f-b7aa-d1b834eb0ee7,R1,reasoning/spatial/relationship,E,True,False,terminal_success,,12,4,5,0,21173,0,106740,495,0.034322000000000005,9.869917918986175,10.976625340990722
115774b6-534d-444f-b7aa-d1b834eb0ee7_8_26,115774b6-534d-444f-b7aa-d1b834eb0ee7,R1,reasoning/temporal/duration,E,True,True,terminal_success,,9,3,4,0,13343,0,85392,429,0.0240272,8.84239930898184,9.675033378996886
115774b6-534d-444f-b7aa-d1b834eb0ee7_6_2,115774b6-534d-444f-b7aa-d1b834eb0ee7,R1,reasoning/spatial/proximity,E,True,False,terminal_success,,9,3,4,0,13305,0,85392,376,0.0237242,8.378118182037724,9.213536404975457
115774b6-534d-444f-b7aa-d1b834eb0ee7_17_14,115774b6-534d-444f-b7aa-d1b834eb0ee7,R1,perception/information_retrieval/factual_recall,E,True,False,terminal_success,,16,6,7,0,40772,0,149307,598,0.0586927,13.548466320033185,15.036870746000204
115774b6-534d-444f-b7aa-d1b834eb0ee7_5_29,115774b6-534d-444f-b7aa-d1b834eb0ee7,R1,reasoning/temporal/prerequisites,A,True,True,terminal_success,,16,6,7,0,42077,0,149307,616,0.06008770000000001,15.007008799992036,16.5031794590177
115774b6-534d-444f-b7aa-d1b834eb0ee7_17_7,115774b6-534d-444f-b7aa-d1b834eb0ee7,R1,perception/information_retrieval/factual_recall,A,True,False,terminal_success,,16,6,7,0,40771,0,149307,578,0.05859170000000001,12.276681104005547,13.767135502013844
115774b6-534d-444f-b7aa-d1b834eb0ee7_2_2,115774b6-534d-444f-b7aa-d1b834eb0ee7,R1,reasoning/counterfactual,E,True,False,terminal_success,,16,6,7,0,41478,0,149307,625,0.059533699999999995,12.541429944045376,14.039974013023311
115774b6-534d-444f-b7aa-d1b834eb0ee7_4_1,115774b6-534d-444f-b7aa-d1b834eb0ee7,R1,reasoning/temporal/frequency,B,True,False,terminal_success,,9,3,4,0,13236,0,85392,426,0.0239052,9.760963224980514,10.6008885820047
115774b6-534d-444f-b7aa-d1b834eb0ee7_7_10,115774b6-534d-444f-b7aa-d1b834eb0ee7,R1,reasoning/spatial/relationship,D,True,False,terminal_success,,16,6,7,0,41297,0,149307,624,0.0593477,14.075510200986173,15.565037988009863
115774b6-534d-444f-b7aa-d1b834eb0ee7_1_3,115774b6-534d-444f-b7aa-d1b834eb0ee7,R1,reasoning/causal,D,True,False,terminal_success,,16,6,7,0,41836,0,149307,687,0.060201700000000004,15.313045345013961,16.809674086020095
115774b6-534d-444f-b7aa-d1b834eb0ee7_17_31,115774b6-534d-444f-b7aa-d1b834eb0ee7,R1,perception/information_retrieval/factual_recall,B,True,False,terminal_success,,16,6,7,0,41069,0,149307,613,0.0590647,14.077187840972329,15.58285951000289
115774b6-534d-444f-b7aa-d1b834eb0ee7_3_6,115774b6-534d-444f-b7aa-d1b834eb0ee7,R1,reasoning/predictive,E,True,False,terminal_success,,16,10,11,0,74484,0,234699,1036,0.1031339,20.409379186021397,22.429876495996723
115774b6-534d-444f-b7aa-d1b834eb0ee7_2_4,115774b6-534d-444f-b7aa-d1b834eb0ee7,R1,reasoning/counterfactual,D,True,False,terminal_success,,16,6,7,0,41723,0,149307,692,0.0601137,15.91065332799917,17.418052471999545
115774b6-534d-444f-b7aa-d1b834eb0ee7_6_4,115774b6-534d-444f-b7aa-d1b834eb0ee7,R3,reasoning/spatial/proximity,C,True,False,terminal_success,,15,5,6,0,31048,84528,169056,584,0.1565336,12.151909968990367,13.544100989995059
115774b6-534d-444f-b7aa-d1b834eb0ee7_17_12,115774b6-534d-444f-b7aa-d1b834eb0ee7,R3,perception/information_retrieval/factual_recall,E,True,False,terminal_success,,9,3,4,0,14206,0,169056,526,0.033741600000000004,9.955476601957344,10.807782402989687
115774b6-534d-444f-b7aa-d1b834eb0ee7_3_23,115774b6-534d-444f-b7aa-d1b834eb0ee7,R3,reasoning/predictive,D,True,True,terminal_success,,5,3,4,0,9678,0,169056,468,0.028923600000000008,8.798344158014515,9.399580730008893
115774b6-534d-444f-b7aa-d1b834eb0ee7_4_25,115774b6-534d-444f-b7aa-d1b834eb0ee7,R3,reasoning/temporal/frequency,C,True,False,terminal_success,,12,5,6,0,28811,0,253584,571,0.0570244,14.573657343047671,15.964613369986182
115774b6-534d-444f-b7aa-d1b834eb0ee7_6_3,115774b6-534d-444f-b7aa-d1b834eb0ee7,R3,reasoning/spatial/proximity,B,True,False,terminal_success,,9,3,4,0,13458,0,169056,495,0.0328386,9.846114910964388,10.68630035300157
115774b6-534d-444f-b7aa-d1b834eb0ee7_8_13,115774b6-534d-444f-b7aa-d1b834eb0ee7,R3,reasoning/temporal/duration,C,True,True,terminal_success,,6,2,3,0,7109,0,126792,321,0.0213932,6.615703514980851,7.18761385299149
115774b6-534d-444f-b7aa-d1b834eb0ee7_3_21,115774b6-534d-444f-b7aa-d1b834eb0ee7,R3,reasoning/predictive,E,True,False,terminal_success,,6,3,4,0,11602,0,169056,417,0.030592599999999998,7.828286604053574,8.432682379003381
115774b6-534d-444f-b7aa-d1b834eb0ee7_5_5,115774b6-534d-444f-b7aa-d1b834eb0ee7,R3,reasoning/temporal/prerequisites,B,True,False,terminal_success,,12,4,5,0,21697,0,211320,543,0.04554400000000001,10.11090342499665,11.23696880499483
115774b6-534d-444f-b7aa-d1b834eb0ee7_1_1,115774b6-534d-444f-b7aa-d1b834eb0ee7,R3,reasoning/causal,D,True,False,terminal_success,,15,6,7,0,40520,42264,253584,641,0.1219134,15.380780305014923,16.821708333009155
115774b6-534d-444f-b7aa-d1b834eb0ee7_12_27,115774b6-534d-444f-b7aa-d1b834eb0ee7,R3,perception/information_retrieval/temporal_distance,E,True,False,terminal_success,,9,3,4,0,13054,0,169056,407,0.031994600000000005,8.588338954985375,9.435950147017138
115774b6-534d-444f-b7aa-d1b834eb0ee7_6_24,115774b6-534d-444f-b7aa-d1b834eb0ee7,R3,reasoning/spatial/proximity,C,True,False,terminal_success,,15,5,6,0,30834,0,253584,529,0.05883740000000001,13.121723317017313,14.527086470014183
115774b6-534d-444f-b7aa-d1b834eb0ee7_8_8,115774b6-534d-444f-b7aa-d1b834eb0ee7,R3,reasoning/temporal/duration,D,True,False,terminal_success,,8,3,4,0,12792,0,169056,407,0.03173260000000001,9.064817864040378,9.91072968399385
115774b6-534d-444f-b7aa-d1b834eb0ee7_7_22,115774b6-534d-444f-b7aa-d1b834eb0ee7,R3,reasoning/spatial/relationship,E,True,False,terminal_success,,16,10,11,0,72194,42135,422640,1148,0.17286675,24.277029030956328,26.876047211000696
115774b6-534d-444f-b7aa-d1b834eb0ee7_8_26,115774b6-534d-444f-b7aa-d1b834eb0ee7,R3,reasoning/temporal/duration,E,True,True,terminal_success,,9,3,4,0,13286,0,169056,478,0.0325816,9.680981522018556,10.528139188012574
115774b6-534d-444f-b7aa-d1b834eb0ee7_6_2,115774b6-534d-444f-b7aa-d1b834eb0ee7,R3,reasoning/spatial/proximity,E,True,False,terminal_success,,5,3,4,0,10010,0,169056,404,0.028935600000000006,7.880881127959583,8.734652406012174
115774b6-534d-444f-b7aa-d1b834eb0ee7_17_14,115774b6-534d-444f-b7aa-d1b834eb0ee7,R3,perception/information_retrieval/factual_recall,E,True,False,terminal_success,,9,3,4,0,12952,0,169056,365,0.031682600000000005,8.464406160026556,9.30921085900627
115774b6-534d-444f-b7aa-d1b834eb0ee7_5_29,115774b6-534d-444f-b7aa-d1b834eb0ee7,R3,reasoning/temporal/prerequisites,B,True,False,terminal_success,,16,6,7,0,42188,0,295719,661,0.0750649,13.623698375973618,15.132186767004896
115774b6-534d-444f-b7aa-d1b834eb0ee7_17_7,115774b6-534d-444f-b7aa-d1b834eb0ee7,R3,perception/information_retrieval/factual_recall,C,True,True,terminal_success,,9,3,4,0,13081,0,169056,425,0.032111600000000004,8.495960378000746,9.354924616025528
115774b6-534d-444f-b7aa-d1b834eb0ee7_2_2,115774b6-534d-444f-b7aa-d1b834eb0ee7,R3,reasoning/counterfactual,E,True,False,terminal_success,,9,3,4,0,13315,0,169056,372,0.0320806,8.501217231969349,9.355306882993318
115774b6-534d-444f-b7aa-d1b834eb0ee7_4_1,115774b6-534d-444f-b7aa-d1b834eb0ee7,R3,reasoning/temporal/frequency,B,True,False,terminal_success,,9,3,4,0,13196,0,169056,399,0.0320966,9.138276804966154,9.993502087978413
115774b6-534d-444f-b7aa-d1b834eb0ee7_7_10,115774b6-534d-444f-b7aa-d1b834eb0ee7,R3,reasoning/spatial/relationship,E,True,False,terminal_success,,9,3,4,0,13203,0,169056,376,0.031988600000000006,8.262952504010173,9.126312741980655
115774b6-534d-444f-b7aa-d1b834eb0ee7_1_3,115774b6-534d-444f-b7aa-d1b834eb0ee7,R3,reasoning/causal,E,True,False,terminal_success,,14,5,6,0,30250,0,253584,648,0.05884840000000001,14.808110171026783,16.20952673300053
115774b6-534d-444f-b7aa-d1b834eb0ee7_17_31,115774b6-534d-444f-b7aa-d1b834eb0ee7,R3,perception/information_retrieval/factual_recall,B,True,False,terminal_success,,15,5,6,0,30621,0,253584,532,0.05863940000000001,10.345013451995328,11.742275269993115
115774b6-534d-444f-b7aa-d1b834eb0ee7_3_6,115774b6-534d-444f-b7aa-d1b834eb0ee7,R3,reasoning/predictive,E,True,False,terminal_success,,1,1,3,1,2993,0,126792,283,0.017087200000000004,4.561197146947961,4.813473562011495
115774b6-534d-444f-b7aa-d1b834eb0ee7_2_4,115774b6-534d-444f-b7aa-d1b834eb0ee7,R3,reasoning/counterfactual,D,True,False,terminal_success,,12,4,5,0,21395,0,211320,457,0.044812,8.138157234963728,9.272168406983837
7e512589-aa97-41e8-83d3-af2e83e4fd06_7_20,7e512589-aa97-41e8-83d3-af2e83e4fd06,R1,reasoning/spatial/relationship,C,True,False,terminal_success,,16,6,7,0,41154,44667,59728,585,0.10588555000000001,12.637822935008444,13.744992073014146
7e512589-aa97-41e8-83d3-af2e83e4fd06_5_33,7e512589-aa97-41e8-83d3-af2e83e4fd06,R1,reasoning/temporal/prerequisites,C,True,True,terminal_success,,16,6,7,0,42038,0,104395,734,0.056147499999999996,15.320136727008503,16.410314672015375
7e512589-aa97-41e8-83d3-af2e83e4fd06_23_28,7e512589-aa97-41e8-83d3-af2e83e4fd06,R1,summarization/compare_and_contrast,A,True,True,terminal_success,,15,5,6,0,31336,0,89592,565,0.0431202,11.43900004203897,12.442436086013913
7e512589-aa97-41e8-83d3-af2e83e4fd06_22_8,7e512589-aa97-41e8-83d3-af2e83e4fd06,R1,summarization/key_events_objects,D,True,False,terminal_success,,16,6,7,0,41751,0,104395,714,0.0557605,16.71654035896063,17.789346935984213
7e512589-aa97-41e8-83d3-af2e83e4fd06_7_22,7e512589-aa97-41e8-83d3-af2e83e4fd06,R1,reasoning/spatial/relationship,C,True,False,terminal_success,,16,6,7,0,41027,0,104395,577,0.054351500000000004,14.942458909907145,16.029572875006124
7e512589-aa97-41e8-83d3-af2e83e4fd06_21_19,7e512589-aa97-41e8-83d3-af2e83e4fd06,R1,summarization/temporal_sequencing,C,True,True,terminal_success,,15,5,6,0,31309,0,89592,606,0.043298199999999995,12.619969562016195,13.635831545019755
7e512589-aa97-41e8-83d3-af2e83e4fd06_17_16,7e512589-aa97-41e8-83d3-af2e83e4fd06,R1,perception/information_retrieval/factual_recall,B,True,False,terminal_success,,5,3,4,0,9105,0,59728,352,0.0168378,8.937074154004222,9.33275506598875
7e512589-aa97-41e8-83d3-af2e83e4fd06_4_5,7e512589-aa97-41e8-83d3-af2e83e4fd06,R1,reasoning/temporal/frequency,B,True,True,terminal_success,,16,6,7,0,41294,0,104395,666,0.0550635,16.922535873018205,17.987880291009787
7e512589-aa97-41e8-83d3-af2e83e4fd06_17_10,7e512589-aa97-41e8-83d3-af2e83e4fd06,R1,perception/information_retrieval/factual_recall,C,True,False,terminal_success,,16,6,7,0,43891,0,104395,731,0.057985499999999995,18.06301855001948,19.12536670899135
7e512589-aa97-41e8-83d3-af2e83e4fd06_7_23,7e512589-aa97-41e8-83d3-af2e83e4fd06,R1,reasoning/spatial/relationship,C,True,True,terminal_success,,16,6,7,0,41357,0,104395,636,0.054976500000000005,14.637379532039631,15.699328771006549
7e512589-aa97-41e8-83d3-af2e83e4fd06_6_7,7e512589-aa97-41e8-83d3-af2e83e4fd06,R1,reasoning/spatial/proximity,B,True,False,terminal_success,,16,6,7,0,40980,0,104395,602,0.054429500000000006,15.094513154996093,16.157550901989453
7e512589-aa97-41e8-83d3-af2e83e4fd06_8_12,7e512589-aa97-41e8-83d3-af2e83e4fd06,R1,reasoning/temporal/duration,D,True,True,terminal_success,,16,6,7,0,41607,0,104395,684,0.0554665,14.529548627935583,15.629768605984282
7e512589-aa97-41e8-83d3-af2e83e4fd06_11_14,7e512589-aa97-41e8-83d3-af2e83e4fd06,R1,perception/information_retrieval/sequence_recall,C,True,False,terminal_success,,16,6,7,0,41037,0,104395,628,0.0546165,14.640048200992169,15.705380516999867
7e512589-aa97-41e8-83d3-af2e83e4fd06_11_18,7e512589-aa97-41e8-83d3-af2e83e4fd06,R1,perception/information_retrieval/sequence_recall,C,True,False,terminal_success,,16,6,7,0,40846,0,104395,614,0.0543555,12.380454748985358,13.462878938997164
7e512589-aa97-41e8-83d3-af2e83e4fd06_3_26,7e512589-aa97-41e8-83d3-af2e83e4fd06,R1,reasoning/predictive,E,True,False,terminal_success,,16,6,7,0,41714,0,104395,629,0.0552985,12.928614625008777,14.088698299019597
7e512589-aa97-41e8-83d3-af2e83e4fd06_17_34,7e512589-aa97-41e8-83d3-af2e83e4fd06,R1,perception/information_retrieval/factual_recall,E,True,True,terminal_success,,16,6,7,0,39065,14932,89463,669,0.0700213,15.30861721400288,16.445867533999262
7e512589-aa97-41e8-83d3-af2e83e4fd06_11_24,7e512589-aa97-41e8-83d3-af2e83e4fd06,R1,perception/information_retrieval/sequence_recall,D,True,False,terminal_success,,16,6,7,0,42043,0,104395,673,0.05584750000000001,16.37728398203035,17.447702674980974
7e512589-aa97-41e8-83d3-af2e83e4fd06_6_15,7e512589-aa97-41e8-83d3-af2e83e4fd06,R1,reasoning/spatial/proximity,E,True,False,terminal_success,,16,6,7,0,41009,0,104395,615,0.054523499999999996,13.438349712989293,14.502388390013948
7e512589-aa97-41e8-83d3-af2e83e4fd06_4_3,7e512589-aa97-41e8-83d3-af2e83e4fd06,R1,reasoning/temporal/frequency,B,True,False,terminal_success,,16,6,7,0,41676,0,104395,707,0.0556505,16.46453214401845,17.5382971210056
7e512589-aa97-41e8-83d3-af2e83e4fd06_6_27,7e512589-aa97-41e8-83d3-af2e83e4fd06,R1,reasoning/spatial/proximity,B,True,False,terminal_success,,16,6,7,0,41171,0,104395,678,0.05500050000000001,15.9423368810385,17.035675529012224
7e512589-aa97-41e8-83d3-af2e83e4fd06_7_4,7e512589-aa97-41e8-83d3-af2e83e4fd06,R1,reasoning/spatial/relationship,C,True,False,terminal_success,,15,5,6,0,30976,0,89592,600,0.0429352,14.606250040989835,15.625335894001182
7e512589-aa97-41e8-83d3-af2e83e4fd06_17_30,7e512589-aa97-41e8-83d3-af2e83e4fd06,R1,perception/information_retrieval/factual_recall,B,True,True,terminal_success,,9,3,4,0,13090,0,59728,422,0.0211728,7.3793011700036,7.979576926009031
7e512589-aa97-41e8-83d3-af2e83e4fd06_22_11,7e512589-aa97-41e8-83d3-af2e83e4fd06,R1,summarization/key_events_objects,D,True,False,terminal_success,,16,6,7,0,41993,0,104395,613,0.0554975,12.858842974994332,13.927393340010894
7e512589-aa97-41e8-83d3-af2e83e4fd06_3_21,7e512589-aa97-41e8-83d3-af2e83e4fd06,R1,reasoning/predictive,B,True,False,terminal_success,,16,6,7,0,41893,0,104395,657,0.05561750000000001,15.377114806935424,16.521914929995546
7e512589-aa97-41e8-83d3-af2e83e4fd06_17_2,7e512589-aa97-41e8-83d3-af2e83e4fd06,R1,perception/information_retrieval/factual_recall,D,True,True,terminal_success,,16,6,7,0,40749,0,104395,642,0.0543985,13.695418504037661,14.79899599601049
7e512589-aa97-41e8-83d3-af2e83e4fd06_7_20,7e512589-aa97-41e8-83d3-af2e83e4fd06,R3,reasoning/spatial/relationship,C,True,False,terminal_success,,3,1,2,0,2935,35336,35336,196,0.0516186,4.581231516000116,4.81385056200088
7e512589-aa97-41e8-83d3-af2e83e4fd06_5_33,7e512589-aa97-41e8-83d3-af2e83e4fd06,R3,reasoning/temporal/prerequisites,D,True,False,terminal_success,,9,3,4,0,13651,0,141344,447,0.030020400000000003,10.288927172019612,10.900562013004674
7e512589-aa97-41e8-83d3-af2e83e4fd06_23_28,7e512589-aa97-41e8-83d3-af2e83e4fd06,R3,summarization/compare_and_contrast,B,True,False,terminal_success,,9,3,4,0,13657,0,141344,425,0.0299164,10.991616776038427,11.607278428011341
7e512589-aa97-41e8-83d3-af2e83e4fd06_22_8,7e512589-aa97-41e8-83d3-af2e83e4fd06,R3,summarization/key_events_objects,E,True,True,terminal_success,,12,4,5,0,21439,0,176680,483,0.041522,10.751535262999823,11.598281205981039
7e512589-aa97-41e8-83d3-af2e83e4fd06_7_22,7e512589-aa97-41e8-83d3-af2e83e4fd06,R3,reasoning/spatial/relationship,C,True,False,terminal_success,,9,3,4,0,13118,0,141344,345,0.028977400000000007,9.338202167011332,9.960771635000128
7e512589-aa97-41e8-83d3-af2e83e4fd06_21_19,7e512589-aa97-41e8-83d3-af2e83e4fd06,R3,summarization/temporal_sequencing,C,True,True,terminal_success,,9,3,4,0,13541,0,141344,390,0.029625400000000003,9.236699181987206,9.847913584002526
7e512589-aa97-41e8-83d3-af2e83e4fd06_17_16,7e512589-aa97-41e8-83d3-af2e83e4fd06,R3,perception/information_retrieval/factual_recall,D,True,False,terminal_success,,6,3,4,0,9683,0,141344,414,0.025887400000000005,9.019766328012338,9.483323689986719
7e512589-aa97-41e8-83d3-af2e83e4fd06_4_5,7e512589-aa97-41e8-83d3-af2e83e4fd06,R3,reasoning/temporal/frequency,A,True,False,terminal_success,,9,3,4,0,13252,0,141344,417,0.029471400000000002,9.961889244994381,10.583676622016355
7e512589-aa97-41e8-83d3-af2e83e4fd06_17_10,7e512589-aa97-41e8-83d3-af2e83e4fd06,R3,perception/information_retrieval/factual_recall,A,True,True,terminal_success,,9,3,4,0,14700,0,141344,435,0.0310094,11.513604562002001,12.140937852003844
7e512589-aa97-41e8-83d3-af2e83e4fd06_7_23,7e512589-aa97-41e8-83d3-af2e83e4fd06,R3,reasoning/spatial/relationship,A,True,False,terminal_success,,9,3,4,0,13262,0,141344,407,0.029431400000000003,7.822372233989881,8.429085793992272
7e512589-aa97-41e8-83d3-af2e83e4fd06_6_7,7e512589-aa97-41e8-83d3-af2e83e4fd06,R3,reasoning/spatial/proximity,B,True,False,terminal_success,,9,3,4,0,13060,0,141344,354,0.0289644,11.062021313002333,11.734204734995728
7e512589-aa97-41e8-83d3-af2e83e4fd06_8_12,7e512589-aa97-41e8-83d3-af2e83e4fd06,R3,reasoning/temporal/duration,D,True,True,terminal_success,,9,3,4,0,13586,0,141344,500,0.0302204,10.02211503701983,10.637966039997991
7e512589-aa97-41e8-83d3-af2e83e4fd06_11_14,7e512589-aa97-41e8-83d3-af2e83e4fd06,R3,perception/information_retrieval/sequence_recall,B,True,True,terminal_success,,9,3,4,0,13117,0,141344,389,0.029196400000000004,8.371357265976258,8.986190255993279
7e512589-aa97-41e8-83d3-af2e83e4fd06_11_18,7e512589-aa97-41e8-83d3-af2e83e4fd06,R3,perception/information_retrieval/sequence_recall,A,True,True,terminal_success,,12,5,6,0,28457,0,212016,595,0.05263360000000001,15.612940348975826,16.777705819986295
7e512589-aa97-41e8-83d3-af2e83e4fd06_3_26,7e512589-aa97-41e8-83d3-af2e83e4fd06,R3,reasoning/predictive,C,True,True,terminal_success,,7,3,4,0,11249,0,141344,374,0.0272534,8.70325850401423,9.211056344007375
7e512589-aa97-41e8-83d3-af2e83e4fd06_17_34,7e512589-aa97-41e8-83d3-af2e83e4fd06,R3,perception/information_retrieval/factual_recall,C,True,False,terminal_success,,9,3,4,0,13015,0,141344,394,0.029119400000000004,8.866613609017804,9.499086185009219
7e512589-aa97-41e8-83d3-af2e83e4fd06_11_24,7e512589-aa97-41e8-83d3-af2e83e4fd06,R3,perception/information_retrieval/sequence_recall,A,True,False,terminal_success,,16,12,13,0,95615,105879,353360,1316,0.26987975,31.357749514019815,33.71520846901694
7e512589-aa97-41e8-83d3-af2e83e4fd06_6_15,7e512589-aa97-41e8-83d3-af2e83e4fd06,R3,reasoning/spatial/proximity,E,True,False,terminal_success,,9,3,4,0,13143,0,141344,412,0.029337400000000007,9.133950159011874,9.743493052985286
7e512589-aa97-41e8-83d3-af2e83e4fd06_4_3,7e512589-aa97-41e8-83d3-af2e83e4fd06,R3,reasoning/temporal/frequency,A,True,False,terminal_success,,14,6,7,0,39688,0,247352,636,0.0676032,18.095436311064987,19.201444502017694
7e512589-aa97-41e8-83d3-af2e83e4fd06_6_27,7e512589-aa97-41e8-83d3-af2e83e4fd06,R3,reasoning/spatial/proximity,D,True,False,terminal_success,,9,3,4,0,13120,0,141344,373,0.029119400000000004,8.981276397011243,9.624619189009536
7e512589-aa97-41e8-83d3-af2e83e4fd06_7_4,7e512589-aa97-41e8-83d3-af2e83e4fd06,R3,reasoning/spatial/relationship,B,True,False,terminal_success,,9,3,4,0,13257,0,141344,396,0.029371400000000006,9.555889090028359,10.170129292004276
7e512589-aa97-41e8-83d3-af2e83e4fd06_17_30,7e512589-aa97-41e8-83d3-af2e83e4fd06,R3,perception/information_retrieval/factual_recall,C,True,False,terminal_success,,6,3,4,0,10873,0,141344,434,0.027177400000000004,9.375120715034427,9.83999719802523
7e512589-aa97-41e8-83d3-af2e83e4fd06_22_11,7e512589-aa97-41e8-83d3-af2e83e4fd06,R3,summarization/key_events_objects,D,True,False,terminal_success,,11,4,5,0,21046,0,176680,508,0.041254000000000006,12.293169955984922,13.069307184021454
7e512589-aa97-41e8-83d3-af2e83e4fd06_3_21,7e512589-aa97-41e8-83d3-af2e83e4fd06,R3,reasoning/predictive,E,True,True,terminal_success,,9,3,4,0,13556,0,141344,437,0.029875400000000003,10.399573391972808,11.021081593004055
7e512589-aa97-41e8-83d3-af2e83e4fd06_17_2,7e512589-aa97-41e8-83d3-af2e83e4fd06,R3,perception/information_retrieval/factual_recall,D,True,True,terminal_success,,9,3,4,0,13022,0,141344,439,0.029351400000000003,9.954918010975234,10.59146482401411
d3a0899e-2093-454c-9f65-30087883193a_17_2,d3a0899e-2093-454c-9f65-30087883193a,R1,perception/information_retrieval/factual_recall,B,True,True,terminal_success,,16,6,7,0,40963,46590,62292,643,0.1086447,13.016876295005204,14.262196538009448
d3a0899e-2093-454c-9f65-30087883193a_22_14,d3a0899e-2093-454c-9f65-30087883193a,R1,summarization/key_events_objects,A,True,False,terminal_success,,16,6,7,0,42440,0,108882,680,0.056728200000000006,16.308212943957187,17.512194238981465
d3a0899e-2093-454c-9f65-30087883193a_22_32,d3a0899e-2093-454c-9f65-30087883193a,R1,summarization/key_events_objects,A,True,True,terminal_success,,15,6,7,0,40606,15573,93438,669,0.07276105000000001,14.103278002032312,15.238757451006677
d3a0899e-2093-454c-9f65-30087883193a_7_11,d3a0899e-2093-454c-9f65-30087883193a,R1,reasoning/spatial/relationship,C,True,False,terminal_success,,16,6,7,0,41112,0,108882,591,0.0549552,13.6736300640041,14.87149747699732
d3a0899e-2093-454c-9f65-30087883193a_1_1,d3a0899e-2093-454c-9f65-30087883193a,R1,reasoning/causal,D,True,False,terminal_success,,16,6,7,0,40893,0,108882,622,0.0548912,17.976851069979602,19.205933613993693
d3a0899e-2093-454c-9f65-30087883193a_17_13,d3a0899e-2093-454c-9f65-30087883193a,R1,perception/information_retrieval/factual_recall,D,True,False,terminal_success,,16,6,7,0,41150,0,108882,689,0.0554832,18.565334541985067,19.760573479987215
d3a0899e-2093-454c-9f65-30087883193a_17_28,d3a0899e-2093-454c-9f65-30087883193a,R1,perception/information_retrieval/factual_recall,E,True,False,terminal_success,,16,6,7,0,40905,0,108882,601,0.054798200000000005,15.906170229020063,17.111605471000075
d3a0899e-2093-454c-9f65-30087883193a_4_7,d3a0899e-2093-454c-9f65-30087883193a,R1,reasoning/temporal/frequency,C,True,False,terminal_success,,16,6,7,0,41544,0,108882,674,0.055802199999999996,14.289447544026189,15.48538895600359
d3a0899e-2093-454c-9f65-30087883193a_8_3,d3a0899e-2093-454c-9f65-30087883193a,R1,reasoning/temporal/duration,D,True,False,terminal_success,,16,6,8,1,43539,0,124455,870,0.0603345,19.79565133500728,21.05605132202618
d3a0899e-2093-454c-9f65-30087883193a_8_21,d3a0899e-2093-454c-9f65-30087883193a,R1,reasoning/temporal/duration,D,True,True,terminal_success,,16,6,7,0,41667,0,108882,679,0.055950200000000005,15.020228053996107,16.222938671999145
d3a0899e-2093-454c-9f65-30087883193a_5_24,d3a0899e-2093-454c-9f65-30087883193a,R1,reasoning/temporal/prerequisites,C,True,False,terminal_success,,16,6,7,0,42060,0,108882,668,0.056288200000000004,13.5326391030394,14.73675695300335
d3a0899e-2093-454c-9f65-30087883193a_7_9,d3a0899e-2093-454c-9f65-30087883193a,R1,reasoning/spatial/relationship,A,True,True,terminal_success,,16,6,7,0,41065,0,108882,627,0.055088200000000004,15.75051211504615,16.94748690101551
d3a0899e-2093-454c-9f65-30087883193a_17_19,d3a0899e-2093-454c-9f65-30087883193a,R1,perception/information_retrieval/factual_recall,B,True,False,terminal_success,,16,6,7,0,40958,0,108882,624,0.05496620000000001,15.078466565959388,16.318629400018835
d3a0899e-2093-454c-9f65-30087883193a_7_26,d3a0899e-2093-454c-9f65-30087883193a,R1,reasoning/spatial/relationship,B,True,False,terminal_success,,16,6,7,0,41577,0,108882,680,0.055865200000000004,15.151833255949896,16.352051844005473
d3a0899e-2093-454c-9f65-30087883193a_11_17,d3a0899e-2093-454c-9f65-30087883193a,R1,perception/information_retrieval/sequence_recall,A,True,True,terminal_success,,16,6,7,0,41115,0,108882,647,0.0552382,12.84542053201585,14.094471772026736
d3a0899e-2093-454c-9f65-30087883193a_17_20,d3a0899e-2093-454c-9f65-30087883193a,R1,perception/information_retrieval/factual_recall,E,True,True,terminal_success,,16,7,8,0,51419,0,124455,865,0.0681895,17.69743464194471,19.052216632990167
d3a0899e-2093-454c-9f65-30087883193a_12_22,d3a0899e-2093-454c-9f65-30087883193a,R1,perception/information_retrieval/temporal_distance,C,True,False,terminal_success,,16,6,7,0,40955,0,108882,639,0.0550382,16.105099139007507,17.303582837979775
d3a0899e-2093-454c-9f65-30087883193a_17_8,d3a0899e-2093-454c-9f65-30087883193a,R1,perception/information_retrieval/factual_recall,B,True,False,terminal_success,,12,4,5,0,20922,0,77865,497,0.031193500000000002,11.04962436799542,11.948544871993363
d3a0899e-2093-454c-9f65-30087883193a_8_16,d3a0899e-2093-454c-9f65-30087883193a,R1,reasoning/temporal/duration,D,True,True,terminal_success,,15,5,6,0,30617,0,93438,578,0.0428508,11.441661584976828,12.555152179003926
d3a0899e-2093-454c-9f65-30087883193a_4_33,d3a0899e-2093-454c-9f65-30087883193a,R1,reasoning/temporal/frequency,E,True,True,terminal_success,,15,5,6,0,31079,0,93438,582,0.043332800000000005,11.930023838969646,13.0387066930125
d3a0899e-2093-454c-9f65-30087883193a_7_29,d3a0899e-2093-454c-9f65-30087883193a,R1,reasoning/spatial/relationship,E,True,False,terminal_success,,16,6,7,0,41036,0,108882,701,0.0554292,16.51737978294841,17.786751277017174
d3a0899e-2093-454c-9f65-30087883193a_2_1,d3a0899e-2093-454c-9f65-30087883193a,R1,reasoning/counterfactual,E,True,False,terminal_success,,14,5,6,0,30288,0,93438,569,0.0424768,13.040400739002507,14.091929479996907
d3a0899e-2093-454c-9f65-30087883193a_4_10,d3a0899e-2093-454c-9f65-30087883193a,R1,reasoning/temporal/frequency,D,True,False,terminal_success,,12,4,5,0,21066,0,77865,491,0.0313075,16.036796183965635,16.931752814009087
d3a0899e-2093-454c-9f65-30087883193a_17_35,d3a0899e-2093-454c-9f65-30087883193a,R1,perception/information_retrieval/factual_recall,A,True,False,terminal_success,,15,5,6,0,30648,0,93438,570,0.0428418,15.204484068992315,16.31997802099795
d3a0899e-2093-454c-9f65-30087883193a_8_36,d3a0899e-2093-454c-9f65-30087883193a,R1,reasoning/temporal/duration,B,True,True,terminal_success,,16,6,8,1,43409,0,124455,778,0.059744500000000006,15.600225376023445,16.847267431992805
d3a0899e-2093-454c-9f65-30087883193a_17_2,d3a0899e-2093-454c-9f65-30087883193a,R3,perception/information_retrieval/factual_recall,B,True,True,terminal_success,,9,3,4,0,13040,35158,105474,394,0.0695049,10.353776908974396,11.047393239015946
d3a0899e-2093-454c-9f65-30087883193a_22_14,d3a0899e-2093-454c-9f65-30087883193a,R3,summarization/key_events_objects,B,True,True,terminal_success,,15,6,7,0,41354,70316,175790,678,0.15021800000000002,16.65744032000657,17.811922127992148
d3a0899e-2093-454c-9f65-30087883193a_22_32,d3a0899e-2093-454c-9f65-30087883193a,R3,summarization/key_events_objects,B,True,False,terminal_success,,9,3,4,0,13494,0,140632,386,0.029487199999999998,9.72013766100281,10.431759941013297
d3a0899e-2093-454c-9f65-30087883193a_7_11,d3a0899e-2093-454c-9f65-30087883193a,R3,reasoning/spatial/relationship,C,True,False,terminal_success,,9,3,4,0,13146,0,140632,374,0.0290792,9.49422231502831,10.196011694002664
d3a0899e-2093-454c-9f65-30087883193a_1_1,d3a0899e-2093-454c-9f65-30087883193a,R3,reasoning/causal,B,True,False,terminal_success,,9,3,4,0,13087,0,140632,395,0.0291252,8.909434506989783,9.604760065005394
d3a0899e-2093-454c-9f65-30087883193a_17_13,d3a0899e-2093-454c-9f65-30087883193a,R3,perception/information_retrieval/factual_recall,C,True,True,terminal_success,,8,3,4,0,12103,0,140632,439,0.028361200000000003,9.351602735987399,10.04124962197966
d3a0899e-2093-454c-9f65-30087883193a_17_28,d3a0899e-2093-454c-9f65-30087883193a,R3,perception/information_retrieval/factual_recall,E,True,False,terminal_success,,16,6,7,0,40944,35029,210948,631,0.10898005,16.212941558042075,17.42816479699104
d3a0899e-2093-454c-9f65-30087883193a_4_7,d3a0899e-2093-454c-9f65-30087883193a,R3,reasoning/temporal/frequency,C,True,False,terminal_success,,15,5,6,0,31049,0,210948,641,0.055348800000000004,16.288188811042346,17.44582351500867
d3a0899e-2093-454c-9f65-30087883193a_8_3,d3a0899e-2093-454c-9f65-30087883193a,R3,reasoning/temporal/duration,D,True,False,terminal_success,,9,3,4,0,13465,0,140632,462,0.029838200000000002,10.267120219999924,10.94681484400644
d3a0899e-2093-454c-9f65-30087883193a_8_21,d3a0899e-2093-454c-9f65-30087883193a,R3,reasoning/temporal/duration,D,True,True,terminal_success,,7,3,4,0,11762,0,140632,438,0.0280152,9.460857099998975,10.153373290988384
d3a0899e-2093-454c-9f65-30087883193a_5_24,d3a0899e-2093-454c-9f65-30087883193a,R3,reasoning/temporal/prerequisites,C,True,False,terminal_success,,9,3,4,0,13642,0,140632,389,0.029650199999999998,7.502583125024103,8.207595111016417
d3a0899e-2093-454c-9f65-30087883193a_7_9,d3a0899e-2093-454c-9f65-30087883193a,R3,reasoning/spatial/relationship,A,True,True,terminal_success,,9,3,4,0,13210,0,140632,360,0.0290732,6.717855761933606,7.4252010219788644
d3a0899e-2093-454c-9f65-30087883193a_17_19,d3a0899e-2093-454c-9f65-30087883193a,R3,perception/information_retrieval/factual_recall,B,True,False,terminal_success,,3,1,2,0,2847,0,70316,190,0.0108286,3.9218809149751905,4.180139788019005
d3a0899e-2093-454c-9f65-30087883193a_7_26,d3a0899e-2093-454c-9f65-30087883193a,R3,reasoning/spatial/relationship,D,True,False,terminal_success,,9,3,4,0,13321,0,140632,393,0.0293492,9.695397199015133,10.390643601014744
d3a0899e-2093-454c-9f65-30087883193a_11_17,d3a0899e-2093-454c-9f65-30087883193a,R3,perception/information_retrieval/sequence_recall,B,True,False,terminal_success,,12,11,12,0,65634,0,421896,1098,0.11331360000000001,24.402861253009178,26.838148292998085
d3a0899e-2093-454c-9f65-30087883193a_17_20,d3a0899e-2093-454c-9f65-30087883193a,R3,perception/information_retrieval/factual_recall,E,True,True,terminal_success,,16,6,7,0,42372,0,245977,760,0.07076969999999999,16.522645807039225,17.737699043995235
d3a0899e-2093-454c-9f65-30087883193a_12_22,d3a0899e-2093-454c-9f65-30087883193a,R3,perception/information_retrieval/temporal_distance,C,True,False,terminal_success,,6,3,4,0,10842,0,140632,382,0.026815200000000004,8.676086173014482,9.308395984000526
d3a0899e-2093-454c-9f65-30087883193a_17_8,d3a0899e-2093-454c-9f65-30087883193a,R3,perception/information_retrieval/factual_recall,A,True,True,terminal_success,,3,1,2,0,2837,0,70316,194,0.0108386,3.586809168016771,3.8474766869912855
d3a0899e-2093-454c-9f65-30087883193a_8_16,d3a0899e-2093-454c-9f65-30087883193a,R3,reasoning/temporal/duration,C,True,False,terminal_success,,8,3,4,0,12004,0,140632,397,0.0280522,8.853337547014235,9.542572781996569
d3a0899e-2093-454c-9f65-30087883193a_4_33,d3a0899e-2093-454c-9f65-30087883193a,R3,reasoning/temporal/frequency,E,True,True,terminal_success,,9,3,4,0,13446,0,140632,464,0.0298292,8.702082260948373,9.41207786501036
d3a0899e-2093-454c-9f65-30087883193a_7_29,d3a0899e-2093-454c-9f65-30087883193a,R3,reasoning/spatial/relationship,E,True,False,terminal_success,,9,3,4,0,13385,0,140632,443,0.0296632,8.336627942015184,9.025362628977746
d3a0899e-2093-454c-9f65-30087883193a_2_1,d3a0899e-2093-454c-9f65-30087883193a,R3,reasoning/counterfactual,E,True,False,terminal_success,,8,3,4,0,12699,0,140632,427,0.028897200000000005,8.287620548973791,8.918826495995745
d3a0899e-2093-454c-9f65-30087883193a_4_10,d3a0899e-2093-454c-9f65-30087883193a,R3,reasoning/temporal/frequency,A,True,True,terminal_success,,9,3,4,0,13188,0,140632,458,0.029541200000000004,10.324768571968889,11.017539658991154
d3a0899e-2093-454c-9f65-30087883193a_17_35,d3a0899e-2093-454c-9f65-30087883193a,R3,perception/information_retrieval/factual_recall,B,True,True,terminal_success,,9,3,4,0,13062,0,140632,413,0.0291902,9.265117884991923,9.964977283991175
d3a0899e-2093-454c-9f65-30087883193a_8_36,d3a0899e-2093-454c-9f65-30087883193a,R3,reasoning/temporal/duration,A,True,False,terminal_success,,9,3,4,0,13457,0,140632,483,0.029935200000000002,8.569857704016613,9.2619445270102
41a86310-2cc1-48f9-b5b5-6b495a95fbac_11_34,41a86310-2cc1-48f9-b5b5-6b495a95fbac,R1,perception/information_retrieval/sequence_recall,A,True,True,terminal_success,,16,6,7,0,42279,31587,42288,710,0.08954155,15.524456405983074,16.379203428979963
41a86310-2cc1-48f9-b5b5-6b495a95fbac_17_15,41a86310-2cc1-48f9-b5b5-6b495a95fbac,R1,perception/information_retrieval/factual_recall,E,True,False,terminal_success,,16,6,7,0,36911,0,73875,602,0.0473085,13.34984841401456,14.208046350016957
41a86310-2cc1-48f9-b5b5-6b495a95fbac_5_20,41a86310-2cc1-48f9-b5b5-6b495a95fbac,R1,reasoning/temporal/prerequisites,D,True,True,terminal_success,,15,6,7,0,40731,10572,63432,672,0.0636492,21.31995451101102,22.147522020997712
41a86310-2cc1-48f9-b5b5-6b495a95fbac_6_24,41a86310-2cc1-48f9-b5b5-6b495a95fbac,R1,reasoning/spatial/proximity,D,True,False,terminal_success,,9,3,4,0,13364,0,42288,494,0.0200628,8.806647928024177,9.27664073399501
41a86310-2cc1-48f9-b5b5-6b495a95fbac_11_19,41a86310-2cc1-48f9-b5b5-6b495a95fbac,R1,perception/information_retrieval/sequence_recall,B,True,False,terminal_success,,16,6,7,0,39810,0,73875,628,0.0503375,22.209541600983357,23.03116824600147
41a86310-2cc1-48f9-b5b5-6b495a95fbac_8_11,41a86310-2cc1-48f9-b5b5-6b495a95fbac,R1,reasoning/temporal/duration,E,True,False,terminal_success,,15,5,6,0,30759,0,63432,569,0.0399472,11.386435482942034,12.147273019014392
41a86310-2cc1-48f9-b5b5-6b495a95fbac_6_32,41a86310-2cc1-48f9-b5b5-6b495a95fbac,R1,reasoning/spatial/proximity,D,True,True,terminal_success,,15,5,6,0,31105,0,63432,582,0.0403582,13.215789510955801,13.959041758993408
41a86310-2cc1-48f9-b5b5-6b495a95fbac_17_2,41a86310-2cc1-48f9-b5b5-6b495a95fbac,R1,perception/information_retrieval/factual_recall,B,True,False,terminal_success,,16,6,7,0,40987,0,73875,700,0.0518745,17.27970178698888,18.112172174005536
41a86310-2cc1-48f9-b5b5-6b495a95fbac_8_22,41a86310-2cc1-48f9-b5b5-6b495a95fbac,R1,reasoning/temporal/duration,E,True,False,terminal_success,,15,5,6,0,31095,0,63432,539,0.0401332,12.994325759034837,13.750201632996323
41a86310-2cc1-48f9-b5b5-6b495a95fbac_17_33,41a86310-2cc1-48f9-b5b5-6b495a95fbac,R1,perception/information_retrieval/factual_recall,D,True,True,terminal_success,,15,5,6,0,30518,0,63432,588,0.0398012,13.723153594008181,14.483305242989445
41a86310-2cc1-48f9-b5b5-6b495a95fbac_4_25,41a86310-2cc1-48f9-b5b5-6b495a95fbac,R1,reasoning/temporal/frequency,C,True,False,terminal_success,,15,5,6,0,30749,0,63432,542,0.0398022,10.291002352983924,11.04087121298653
41a86310-2cc1-48f9-b5b5-6b495a95fbac_6_27,41a86310-2cc1-48f9-b5b5-6b495a95fbac,R1,reasoning/spatial/proximity,C,True,True,terminal_success,,8,3,4,0,12801,0,42288,399,0.0190248,6.772962003014982,7.203137909993529
41a86310-2cc1-48f9-b5b5-6b495a95fbac_11_4,41a86310-2cc1-48f9-b5b5-6b495a95fbac,R1,perception/information_retrieval/sequence_recall,D,True,False,terminal_success,,16,6,7,0,41018,0,73875,622,0.0515155,13.168703445961,14.011516203987412
41a86310-2cc1-48f9-b5b5-6b495a95fbac_17_21,41a86310-2cc1-48f9-b5b5-6b495a95fbac,R1,perception/information_retrieval/factual_recall,D,True,False,terminal_success,,16,6,7,0,40633,0,73875,617,0.0511055,14.25908064894611,15.089451667998219
41a86310-2cc1-48f9-b5b5-6b495a95fbac_7_39,41a86310-2cc1-48f9-b5b5-6b495a95fbac,R1,reasoning/spatial/relationship,D,True,False,terminal_success,,13,6,7,0,38610,0,74004,765,0.049835399999999995,20.389462061953964,21.240454125014367
41a86310-2cc1-48f9-b5b5-6b495a95fbac_6_14,41a86310-2cc1-48f9-b5b5-6b495a95fbac,R1,reasoning/spatial/proximity,E,True,False,terminal_success,,15,8,9,0,57625,0,95148,873,0.0715048,16.510438742960105,17.39151490101358
41a86310-2cc1-48f9-b5b5-6b495a95fbac_17_26,41a86310-2cc1-48f9-b5b5-6b495a95fbac,R1,perception/information_retrieval/factual_recall,A,True,True,terminal_success,,15,5,6,0,32219,0,63432,560,0.0413622,14.333878862002166,15.081196190003539
41a86310-2cc1-48f9-b5b5-6b495a95fbac_17_10,41a86310-2cc1-48f9-b5b5-6b495a95fbac,R1,perception/information_retrieval/factual_recall,C,True,False,terminal_success,,16,6,7,0,41025,0,73875,658,0.0517025,14.818542784982128,15.64573943297728
41a86310-2cc1-48f9-b5b5-6b495a95fbac_17_23,41a86310-2cc1-48f9-b5b5-6b495a95fbac,R1,perception/information_retrieval/factual_recall,A,True,True,terminal_success,,14,6,7,0,43131,0,74004,674,0.0539014,13.596209008974256,14.389129143994069
41a86310-2cc1-48f9-b5b5-6b495a95fbac_11_31,41a86310-2cc1-48f9-b5b5-6b495a95fbac,R1,perception/information_retrieval/sequence_recall,B,True,False,terminal_success,,16,6,7,0,41235,0,73875,669,0.0519675,13.944028065976454,14.77275507801096
41a86310-2cc1-48f9-b5b5-6b495a95fbac_23_8,41a86310-2cc1-48f9-b5b5-6b495a95fbac,R1,summarization/compare_and_contrast,A,True,False,terminal_success,,14,6,8,1,48495,0,84576,772,0.060812599999999994,17.57415919599589,18.387200973025756
41a86310-2cc1-48f9-b5b5-6b495a95fbac_7_17,41a86310-2cc1-48f9-b5b5-6b495a95fbac,R1,reasoning/spatial/relationship,A,True,False,terminal_success,,12,5,6,0,29248,0,63432,595,0.038566199999999995,15.144734133937163,15.893950830009999
41a86310-2cc1-48f9-b5b5-6b495a95fbac_17_13,41a86310-2cc1-48f9-b5b5-6b495a95fbac,R1,perception/information_retrieval/factual_recall,B,True,False,terminal_success,,9,3,4,0,13022,0,42288,351,0.0190058,8.20434405200649,8.6761969079962
41a86310-2cc1-48f9-b5b5-6b495a95fbac_17_38,41a86310-2cc1-48f9-b5b5-6b495a95fbac,R1,perception/information_retrieval/factual_recall,A,True,False,terminal_success,,15,5,6,0,30516,0,63432,541,0.0395642,13.82720043999143,14.580972416995792
41a86310-2cc1-48f9-b5b5-6b495a95fbac_11_1,41a86310-2cc1-48f9-b5b5-6b495a95fbac,R1,perception/information_retrieval/sequence_recall,E,True,False,terminal_success,,16,6,8,1,43004,0,84447,772,0.0553087,17.571148626011563,18.49846037098905
41a86310-2cc1-48f9-b5b5-6b495a95fbac_11_34,41a86310-2cc1-48f9-b5b5-6b495a95fbac,R3,perception/information_retrieval/sequence_recall,A,True,True,terminal_success,,15,5,6,0,31584,52894,105788,590,0.1112303,14.119731019978644,14.888018374011153
41a86310-2cc1-48f9-b5b5-6b495a95fbac_17_15,41a86310-2cc1-48f9-b5b5-6b495a95fbac,R3,perception/information_retrieval/factual_recall,B,True,True,terminal_success,,10,7,8,0,35801,0,211576,720,0.0605586,16.831531309027923,17.67782261100365
41a86310-2cc1-48f9-b5b5-6b495a95fbac_5_20,41a86310-2cc1-48f9-b5b5-6b495a95fbac,R3,reasoning/temporal/prerequisites,D,True,True,terminal_success,,12,4,5,0,21509,0,132235,579,0.0376275,12.152798901021015,12.774902580014896
41a86310-2cc1-48f9-b5b5-6b495a95fbac_6_24,41a86310-2cc1-48f9-b5b5-6b495a95fbac,R3,reasoning/spatial/proximity,B,True,False,terminal_success,,15,5,6,0,31118,0,158682,602,0.049996200000000005,13.494980135001242,14.255387634999352
41a86310-2cc1-48f9-b5b5-6b495a95fbac_11_19,41a86310-2cc1-48f9-b5b5-6b495a95fbac,R3,perception/information_retrieval/sequence_recall,B,True,False,terminal_success,,15,5,6,0,30526,0,158682,530,0.049044199999999996,12.282283904030919,13.07812014099909
41a86310-2cc1-48f9-b5b5-6b495a95fbac_8_11,41a86310-2cc1-48f9-b5b5-6b495a95fbac,R3,reasoning/temporal/duration,E,True,False,terminal_success,,9,3,4,0,13302,0,105788,479,0.026275800000000002,9.80043432500679,10.281803328020032
41a86310-2cc1-48f9-b5b5-6b495a95fbac_6_32,41a86310-2cc1-48f9-b5b5-6b495a95fbac,R3,reasoning/spatial/proximity,D,True,True,terminal_success,,9,3,4,0,13359,0,105788,388,0.0258778,8.809258497029077,9.283232340007089
41a86310-2cc1-48f9-b5b5-6b495a95fbac_17_2,41a86310-2cc1-48f9-b5b5-6b495a95fbac,R3,perception/information_retrieval/factual_recall,E,True,True,terminal_success,,3,1,2,0,2823,0,52894,190,0.0090624,4.015171670005657,4.209331100981217
41a86310-2cc1-48f9-b5b5-6b495a95fbac_8_22,41a86310-2cc1-48f9-b5b5-6b495a95fbac,R3,reasoning/temporal/duration,E,True,False,terminal_success,,9,3,4,0,13417,0,105788,403,0.026010800000000004,7.169968928996241,7.67899684299482
41a86310-2cc1-48f9-b5b5-6b495a95fbac_17_33,41a86310-2cc1-48f9-b5b5-6b495a95fbac,R3,perception/information_retrieval/factual_recall,E,True,False,terminal_success,,15,6,7,0,40507,0,185129,728,0.0626599,16.80914644995937,17.647328640014166
41a86310-2cc1-48f9-b5b5-6b495a95fbac_4_25,41a86310-2cc1-48f9-b5b5-6b495a95fbac,R3,reasoning/temporal/frequency,C,True,False,terminal_success,,9,3,4,0,13264,0,105788,409,0.0258878,9.508887725009117,9.982885111006908
41a86310-2cc1-48f9-b5b5-6b495a95fbac_6_27,41a86310-2cc1-48f9-b5b5-6b495a95fbac,R3,reasoning/spatial/proximity,C,True,True,terminal_success,,9,3,4,0,13388,0,105788,452,0.0262268,8.961693656048737,9.43775439800811
41a86310-2cc1-48f9-b5b5-6b495a95fbac_11_4,41a86310-2cc1-48f9-b5b5-6b495a95fbac,R3,perception/information_retrieval/sequence_recall,A,True,True,terminal_success,,9,3,4,0,13173,0,105788,413,0.0258168,9.550452259951271,10.034163432981586
41a86310-2cc1-48f9-b5b5-6b495a95fbac_17_21,41a86310-2cc1-48f9-b5b5-6b495a95fbac,R3,perception/information_retrieval/factual_recall,B,True,False,terminal_success,,6,3,4,0,10744,0,105788,410,0.0233728,8.25492738498724,8.627115451003192
41a86310-2cc1-48f9-b5b5-6b495a95fbac_7_39,41a86310-2cc1-48f9-b5b5-6b495a95fbac,R3,reasoning/spatial/relationship,D,True,False,terminal_success,,8,3,4,0,12708,0,105788,448,0.025526800000000002,10.582585554016987,11.023073417978594
41a86310-2cc1-48f9-b5b5-6b495a95fbac_6_14,41a86310-2cc1-48f9-b5b5-6b495a95fbac,R3,reasoning/spatial/proximity,E,True,False,terminal_success,,9,3,4,0,13363,0,105788,407,0.0259768,9.176145895966329,9.65481075400021
41a86310-2cc1-48f9-b5b5-6b495a95fbac_17_26,41a86310-2cc1-48f9-b5b5-6b495a95fbac,R3,perception/information_retrieval/factual_recall,A,True,True,terminal_success,,12,4,5,0,22307,0,132235,509,0.0380755,10.212923128012335,10.841816549014766
41a86310-2cc1-48f9-b5b5-6b495a95fbac_17_10,41a86310-2cc1-48f9-b5b5-6b495a95fbac,R3,perception/information_retrieval/factual_recall,E,True,True,terminal_success,,3,1,2,0,2822,0,52894,178,0.0090014,3.771546218020376,3.958872565999627
41a86310-2cc1-48f9-b5b5-6b495a95fbac_17_23,41a86310-2cc1-48f9-b5b5-6b495a95fbac,R3,perception/information_retrieval/factual_recall,A,True,True,terminal_success,,14,5,6,0,33309,26447,132235,602,0.08260125,14.652513732988155,15.401734557992313
41a86310-2cc1-48f9-b5b5-6b495a95fbac_11_31,41a86310-2cc1-48f9-b5b5-6b495a95fbac,R3,perception/information_retrieval/sequence_recall,B,True,False,terminal_success,,8,3,4,0,12655,0,105788,413,0.025298800000000003,7.570466342003783,8.015071103989612
41a86310-2cc1-48f9-b5b5-6b495a95fbac_23_8,41a86310-2cc1-48f9-b5b5-6b495a95fbac,R3,summarization/compare_and_contrast,C,True,False,terminal_success,,9,3,4,0,13661,0,105788,433,0.0264048,7.647641872026725,8.128236232005293
41a86310-2cc1-48f9-b5b5-6b495a95fbac_7_17,41a86310-2cc1-48f9-b5b5-6b495a95fbac,R3,reasoning/spatial/relationship,C,True,False,terminal_success,,9,4,5,0,19572,0,132235,527,0.0354305,11.208921141980682,11.830926386988722
41a86310-2cc1-48f9-b5b5-6b495a95fbac_17_13,41a86310-2cc1-48f9-b5b5-6b495a95fbac,R3,perception/information_retrieval/factual_recall,B,True,False,terminal_success,,4,2,3,0,5983,0,79341,346,0.0156471,5.38450412399834,5.716451284009963
41a86310-2cc1-48f9-b5b5-6b495a95fbac_17_38,41a86310-2cc1-48f9-b5b5-6b495a95fbac,R3,perception/information_retrieval/factual_recall,A,True,False,terminal_success,,3,1,2,0,2880,0,52894,245,0.0093944,4.675081900990335,4.866656995000085
41a86310-2cc1-48f9-b5b5-6b495a95fbac_11_1,41a86310-2cc1-48f9-b5b5-6b495a95fbac,R3,perception/information_retrieval/sequence_recall,E,True,False,terminal_success,,5,2,3,0,6583,0,79341,357,0.0163021,5.610795237997081,5.90842685798998
db3f7933-dfa0-4678-9d4f-393b628ded45_7_21,db3f7933-dfa0-4678-9d4f-393b628ded45,R1,reasoning/spatial/relationship,E,True,False,terminal_success,,16,7,8,0,49475,31224,52255,735,0.0974055,16.261242134991335,16.858330827002646
db3f7933-dfa0-4678-9d4f-393b628ded45_22_12,db3f7933-dfa0-4678-9d4f-393b628ded45,R1,summarization/key_events_objects,E,True,False,terminal_success,,10,5,6,0,25048,0,62706,518,0.0339086,11.676858392020222,12.070817189989612
db3f7933-dfa0-4678-9d4f-393b628ded45_7_6,db3f7933-dfa0-4678-9d4f-393b628ded45,R1,reasoning/spatial/relationship,E,True,True,terminal_success,,16,9,10,0,67777,10451,93930,904,0.09475375,17.491428278997773,18.14428472900181
db3f7933-dfa0-4678-9d4f-393b628ded45_8_4,db3f7933-dfa0-4678-9d4f-393b628ded45,R1,reasoning/temporal/duration,E,True,True,terminal_success,,9,3,4,0,13147,0,41804,417,0.019412400000000003,8.782313226984115,9.065512102999492
db3f7933-dfa0-4678-9d4f-393b628ded45_7_14,db3f7933-dfa0-4678-9d4f-393b628ded45,R1,reasoning/spatial/relationship,B,True,False,terminal_success,,9,3,4,0,13222,0,41804,355,0.0191774,7.947318997990806,8.241547644982347
db3f7933-dfa0-4678-9d4f-393b628ded45_7_8,db3f7933-dfa0-4678-9d4f-393b628ded45,R1,reasoning/spatial/relationship,A,True,False,terminal_success,,15,9,10,0,62970,0,104510,819,0.07751600000000002,17.424653493013466,18.0523507729813
db3f7933-dfa0-4678-9d4f-393b628ded45_6_17,db3f7933-dfa0-4678-9d4f-393b628ded45,R1,reasoning/spatial/proximity,A,True,False,terminal_success,,16,6,7,0,41289,0,73028,652,0.051851799999999997,12.365978325047763,12.874587635014905
db3f7933-dfa0-4678-9d4f-393b628ded45_17_1,db3f7933-dfa0-4678-9d4f-393b628ded45,R1,perception/information_retrieval/factual_recall,D,True,True,terminal_success,,15,5,6,0,30538,0,62706,551,0.039563600000000004,11.43597184200189,11.910851253021974
db3f7933-dfa0-4678-9d4f-393b628ded45_2_1,db3f7933-dfa0-4678-9d4f-393b628ded45,R1,reasoning/counterfactual,A,True,False,terminal_success,,16,6,7,0,41572,0,73028,662,0.0521848,14.264376487000845,14.772584252990782
db3f7933-dfa0-4678-9d4f-393b628ded45_7_28,db3f7933-dfa0-4678-9d4f-393b628ded45,R1,reasoning/spatial/relationship,B,True,False,terminal_success,,15,12,13,0,82163,0,135863,1101,0.1012543,23.89898048294708,24.669308709009783
db3f7933-dfa0-4678-9d4f-393b628ded45_7_19,db3f7933-dfa0-4678-9d4f-393b628ded45,R1,reasoning/spatial/relationship,D,True,False,terminal_success,,16,6,7,0,41252,0,73028,629,0.051699800000000004,13.40911561998655,13.939746963995276
db3f7933-dfa0-4678-9d4f-393b628ded45_6_7,db3f7933-dfa0-4678-9d4f-393b628ded45,R1,reasoning/spatial/proximity,D,True,False,terminal_success,,15,7,8,0,49054,0,83608,698,0.0609048,15.908408723917091,16.468331879994366
db3f7933-dfa0-4678-9d4f-393b628ded45_21_27,db3f7933-dfa0-4678-9d4f-393b628ded45,R1,summarization/temporal_sequencing,C,True,True,terminal_success,,16,7,8,0,50168,0,83479,793,0.062480900000000006,17.12863611197099,17.69027359300526
db3f7933-dfa0-4678-9d4f-393b628ded45_22_24,db3f7933-dfa0-4678-9d4f-393b628ded45,R1,summarization/key_events_objects,E,True,True,terminal_success,,15,5,6,0,31072,0,62706,516,0.0399226,12.910161975043593,13.36590599300689
db3f7933-dfa0-4678-9d4f-393b628ded45_22_5,db3f7933-dfa0-4678-9d4f-393b628ded45,R1,summarization/key_events_objects,B,True,True,terminal_success,,15,7,8,0,49106,0,83608,683,0.0608818,14.91337661803118,15.510403296008008
db3f7933-dfa0-4678-9d4f-393b628ded45_17_13,db3f7933-dfa0-4678-9d4f-393b628ded45,R1,perception/information_retrieval/factual_recall,E,True,True,terminal_success,,15,6,7,0,40183,0,73157,584,0.0504187,11.557467940001516,12.083849154994823
db3f7933-dfa0-4678-9d4f-393b628ded45_7_23,db3f7933-dfa0-4678-9d4f-393b628ded45,R1,reasoning/spatial/relationship,B,True,False,terminal_success,,9,3,4,0,13204,0,41804,425,0.019509400000000003,7.721599053009413,8.010163147991989
db3f7933-dfa0-4678-9d4f-393b628ded45_7_10,db3f7933-dfa0-4678-9d4f-393b628ded45,R1,reasoning/spatial/relationship,D,True,True,terminal_success,,8,3,4,0,12564,0,41804,360,0.018544400000000003,7.875764775992138,8.152911348006455
db3f7933-dfa0-4678-9d4f-393b628ded45_6_25,db3f7933-dfa0-4678-9d4f-393b628ded45,R1,reasoning/spatial/proximity,C,True,False,terminal_success,,16,6,7,0,41328,0,73028,667,0.051965800000000006,12.60818873802782,13.124718853010563
db3f7933-dfa0-4678-9d4f-393b628ded45_4_22,db3f7933-dfa0-4678-9d4f-393b628ded45,R1,reasoning/temporal/frequency,A,True,True,terminal_success,,12,4,5,0,21008,0,52255,448,0.028473500000000002,8.391081483016023,8.767370975983795
db3f7933-dfa0-4678-9d4f-393b628ded45_17_29,db3f7933-dfa0-4678-9d4f-393b628ded45,R1,perception/information_retrieval/factual_recall,D,True,False,terminal_success,,16,6,7,0,40988,0,73028,675,0.0516658,14.052014802058693,14.564419848000398
db3f7933-dfa0-4678-9d4f-393b628ded45_17_11,db3f7933-dfa0-4678-9d4f-393b628ded45,R1,perception/information_retrieval/factual_recall,E,True,False,terminal_success,,16,6,7,0,41616,0,73028,701,0.0524238,15.36560913201538,15.929775555006927
db3f7933-dfa0-4678-9d4f-393b628ded45_11_2,db3f7933-dfa0-4678-9d4f-393b628ded45,R1,perception/information_retrieval/sequence_recall,B,True,False,terminal_success,,11,4,5,0,20325,0,52255,459,0.027845500000000002,10.294471550005255,10.665867233998142
db3f7933-dfa0-4678-9d4f-393b628ded45_12_15,db3f7933-dfa0-4678-9d4f-393b628ded45,R1,perception/information_retrieval/temporal_distance,A,True,False,terminal_success,,15,5,6,0,30417,0,62706,537,0.0393726,12.42740038104239,12.886898401979124
db3f7933-dfa0-4678-9d4f-393b628ded45_20_1,db3f7933-dfa0-4678-9d4f-393b628ded45,R1,reasoning/spatial/layout,D,True,False,terminal_success,,12,5,7,1,30943,0,73157,694,0.0417287,15.197908932022983,15.66252500200062
db3f7933-dfa0-4678-9d4f-393b628ded45_7_21,db3f7933-dfa0-4678-9d4f-393b628ded45,R3,reasoning/spatial/relationship,C,True,False,terminal_success,,9,3,4,0,13219,17261,51783,429,0.04211855,9.1133398040256,9.404079767002258
db3f7933-dfa0-4678-9d4f-393b628ded45_22_12,db3f7933-dfa0-4678-9d4f-393b628ded45,R3,summarization/key_events_objects,D,True,True,terminal_success,,5,3,4,0,10725,0,69044,405,0.019654400000000002,7.956691098952433,8.218161477998365
db3f7933-dfa0-4678-9d4f-393b628ded45_7_6,db3f7933-dfa0-4678-9d4f-393b628ded45,R3,reasoning/spatial/relationship,E,True,True,terminal_success,,8,3,4,0,12645,0,69044,370,0.021399400000000002,8.098851937014842,8.388614746014355
db3f7933-dfa0-4678-9d4f-393b628ded45_8_4,db3f7933-dfa0-4678-9d4f-393b628ded45,R3,reasoning/temporal/duration,E,True,True,terminal_success,,7,3,4,0,12131,0,69044,388,0.020975399999999998,7.200176187034231,7.46829179499764
db3f7933-dfa0-4678-9d4f-393b628ded45_7_14,db3f7933-dfa0-4678-9d4f-393b628ded45,R3,reasoning/spatial/relationship,B,True,False,terminal_success,,15,5,6,0,30824,17261,86305,516,0.06361075,11.28417538900976,11.740308975975495
db3f7933-dfa0-4678-9d4f-393b628ded45_7_8,db3f7933-dfa0-4678-9d4f-393b628ded45,R3,reasoning/spatial/relationship,D,True,True,terminal_success,,15,14,15,0,92726,17261,241654,1243,0.14468265,24.31196789201931,25.219834998017177
db3f7933-dfa0-4678-9d4f-393b628ded45_6_17,db3f7933-dfa0-4678-9d4f-393b628ded45,R3,reasoning/spatial/proximity,A,True,False,terminal_success,,14,6,7,0,38599,0,120827,651,0.053936700000000004,12.379051274008816,12.91921332399943
db3f7933-dfa0-4678-9d4f-393b628ded45_17_1,db3f7933-dfa0-4678-9d4f-393b628ded45,R3,perception/information_retrieval/factual_recall,D,True,True,terminal_success,,11,4,5,0,19194,0,86305,468,0.030164499999999997,9.944675115024438,10.327624925994314
db3f7933-dfa0-4678-9d4f-393b628ded45_2_1,db3f7933-dfa0-4678-9d4f-393b628ded45,R3,reasoning/counterfactual,D,True,False,terminal_success,,8,3,4,0,12294,0,69044,398,0.021188400000000003,8.155336737050675,8.451386538014049
db3f7933-dfa0-4678-9d4f-393b628ded45_7_28,db3f7933-dfa0-4678-9d4f-393b628ded45,R3,reasoning/spatial/relationship,C,True,True,terminal_success,,8,3,4,0,12593,0,69044,343,0.0212124,7.767071699956432,8.05037283198908
db3f7933-dfa0-4678-9d4f-393b628ded45_7_19,db3f7933-dfa0-4678-9d4f-393b628ded45,R3,reasoning/spatial/relationship,D,True,False,terminal_success,,16,6,7,0,41347,17132,103566,681,0.0765236,15.962925103958696,16.496796291990904
db3f7933-dfa0-4678-9d4f-393b628ded45_6_7,db3f7933-dfa0-4678-9d4f-393b628ded45,R3,reasoning/spatial/proximity,D,True,False,terminal_success,,16,6,7,0,41286,0,120698,627,0.0564908,12.617772801022511,13.146846101008123
db3f7933-dfa0-4678-9d4f-393b628ded45_21_27,db3f7933-dfa0-4678-9d4f-393b628ded45,R3,summarization/temporal_sequencing,B,True,False,terminal_success,,12,4,5,0,21725,0,86305,465,0.0326805,8.416351595980814,8.803098435979337
db3f7933-dfa0-4678-9d4f-393b628ded45_22_24,db3f7933-dfa0-4678-9d4f-393b628ded45,R3,summarization/key_events_objects,A,True,False,terminal_success,,12,5,6,0,29020,0,103566,563,0.042191599999999996,13.419594230974326,13.846505424997304
db3f7933-dfa0-4678-9d4f-393b628ded45_22_5,db3f7933-dfa0-4678-9d4f-393b628ded45,R3,summarization/key_events_objects,D,True,False,terminal_success,,9,3,4,0,13588,0,69044,418,0.022582400000000002,9.067593354993733,9.369545722991461
db3f7933-dfa0-4678-9d4f-393b628ded45_17_13,db3f7933-dfa0-4678-9d4f-393b628ded45,R3,perception/information_retrieval/factual_recall,E,True,True,terminal_success,,3,1,2,0,2812,0,34522,168,0.007104200000000001,2.9617302780097816,3.0951004389789887
db3f7933-dfa0-4678-9d4f-393b628ded45_7_23,db3f7933-dfa0-4678-9d4f-393b628ded45,R3,reasoning/spatial/relationship,E,True,True,terminal_success,,12,4,5,0,21166,0,86305,509,0.0323415,9.254793030995643,9.633456237002974
db3f7933-dfa0-4678-9d4f-393b628ded45_7_10,db3f7933-dfa0-4678-9d4f-393b628ded45,R3,reasoning/spatial/relationship,B,True,False,terminal_success,,6,3,4,0,10920,0,69044,353,0.0195894,7.428381055011414,7.688059167005122
db3f7933-dfa0-4678-9d4f-393b628ded45_6_25,db3f7933-dfa0-4678-9d4f-393b628ded45,R3,reasoning/spatial/proximity,C,True,False,terminal_success,,16,6,7,0,41285,0,120698,657,0.056639800000000004,13.696353118983097,14.224735834024614
db3f7933-dfa0-4678-9d4f-393b628ded45_4_22,db3f7933-dfa0-4678-9d4f-393b628ded45,R3,reasoning/temporal/frequency,A,True,True,terminal_success,,3,1,2,0,2951,0,34522,269,0.0077482,4.858941027021501,4.990594142000191
db3f7933-dfa0-4678-9d4f-393b628ded45_17_29,db3f7933-dfa0-4678-9d4f-393b628ded45,R3,perception/information_retrieval/factual_recall,E,True,False,terminal_success,,12,4,5,0,20741,0,86305,483,0.031786499999999995,9.835362121986691,10.230400628002826
db3f7933-dfa0-4678-9d4f-393b628ded45_17_11,db3f7933-dfa0-4678-9d4f-393b628ded45,R3,perception/information_retrieval/factual_recall,B,True,False,terminal_success,,9,8,9,0,40651,0,155349,771,0.060040899999999994,16.627786924043903,17.260751615976915
db3f7933-dfa0-4678-9d4f-393b628ded45_11_2,db3f7933-dfa0-4678-9d4f-393b628ded45,R3,perception/information_retrieval/sequence_recall,D,True,False,terminal_success,,9,3,4,0,13096,0,69044,393,0.0219654,10.410441846994217,10.708758885011775
db3f7933-dfa0-4678-9d4f-393b628ded45_12_15,db3f7933-dfa0-4678-9d4f-393b628ded45,R3,perception/information_retrieval/temporal_distance,A,True,False,terminal_success,,5,3,4,0,9108,0,69044,597,0.018997399999999998,10.62302960298257,10.881137298012618
db3f7933-dfa0-4678-9d4f-393b628ded45_20_1,db3f7933-dfa0-4678-9d4f-393b628ded45,R3,reasoning/spatial/layout,D,True,False,terminal_success,,11,4,5,0,21169,0,86305,515,0.0323745,8.737161454017041,9.109388536977349
7ddbf8a2-5b3e-44cd-b9dc-db17ec06831b_6_7,7ddbf8a2-5b3e-44cd-b9dc-db17ec06831b,R1,reasoning/spatial/proximity,C,True,False,terminal_success,,16,6,7,0,41093,96642,129028,628,0.1779383,14.581494385987753,17.089953421003884
7ddbf8a2-5b3e-44cd-b9dc-db17ec06831b_11_17,7ddbf8a2-5b3e-44cd-b9dc-db17ec06831b,R1,perception/information_retrieval/sequence_recall,D,True,False,terminal_success,,16,6,7,0,41193,0,225670,636,0.06694,16.8564003870124,19.383658998995088
7ddbf8a2-5b3e-44cd-b9dc-db17ec06831b_17_15,7ddbf8a2-5b3e-44cd-b9dc-db17ec06831b,R1,perception/information_retrieval/factual_recall,A,True,False,terminal_success,,16,6,7,0,40991,0,225670,665,0.066883,15.902720162033802,18.40201334300218
7ddbf8a2-5b3e-44cd-b9dc-db17ec06831b_7_11,7ddbf8a2-5b3e-44cd-b9dc-db17ec06831b,R1,reasoning/spatial/relationship,A,True,False,terminal_success,,15,5,6,0,30743,0,193542,546,0.0528272,11.76554188306909,14.08619659600663
7ddbf8a2-5b3e-44cd-b9dc-db17ec06831b_4_19,7ddbf8a2-5b3e-44cd-b9dc-db17ec06831b,R1,reasoning/temporal/frequency,E,True,False,terminal_success,,16,6,7,0,41584,0,225670,674,0.067521,15.260768581996672,17.750854279001942
7ddbf8a2-5b3e-44cd-b9dc-db17ec06831b_8_13,7ddbf8a2-5b3e-44cd-b9dc-db17ec06831b,R1,reasoning/temporal/duration,D,True,False,terminal_success,,9,3,4,0,13266,0,129028,368,0.0280088,7.082691111980239,8.488448704010807
7ddbf8a2-5b3e-44cd-b9dc-db17ec06831b_7_16,7ddbf8a2-5b3e-44cd-b9dc-db17ec06831b,R1,reasoning/spatial/relationship,E,True,False,terminal_success,,16,6,7,0,41303,0,225670,636,0.06705,12.828085916000418,15.313323723996291
7ddbf8a2-5b3e-44cd-b9dc-db17ec06831b_5_1,7ddbf8a2-5b3e-44cd-b9dc-db17ec06831b,R1,reasoning/temporal/prerequisites,B,True,True,terminal_success,,16,6,7,0,40886,32257,193413,662,0.10385855000000001,15.13901510098367,17.7722182040161
7ddbf8a2-5b3e-44cd-b9dc-db17ec06831b_22_3,7ddbf8a2-5b3e-44cd-b9dc-db17ec06831b,R1,summarization/key_events_objects,C,True,False,terminal_success,,9,3,4,0,13759,0,129028,393,0.0286268,7.397970038000494,8.800600223999936
7ddbf8a2-5b3e-44cd-b9dc-db17ec06831b_22_23,7ddbf8a2-5b3e-44cd-b9dc-db17ec06831b,R1,summarization/key_events_objects,C,True,True,terminal_success,,16,6,7,0,41778,0,225670,654,0.067615,14.803543349000392,17.29466078200494
7ddbf8a2-5b3e-44cd-b9dc-db17ec06831b_8_25,7ddbf8a2-5b3e-44cd-b9dc-db17ec06831b,R1,reasoning/temporal/duration,B,True,False,terminal_success,,9,3,4,0,13151,0,129028,390,0.028003800000000002,8.45176355500007,9.858751886989921
7ddbf8a2-5b3e-44cd-b9dc-db17ec06831b_5_22,7ddbf8a2-5b3e-44cd-b9dc-db17ec06831b,R1,reasoning/temporal/prerequisites,C,True,False,terminal_success,,16,6,7,0,41497,0,225670,643,0.06727899999999999,14.581636538991006,17.07505322698853
7ddbf8a2-5b3e-44cd-b9dc-db17ec06831b_6_8,7ddbf8a2-5b3e-44cd-b9dc-db17ec06831b,R1,reasoning/spatial/proximity,D,True,False,terminal_success,,16,6,7,0,40926,0,225670,582,0.066403,14.243703869957244,16.736079686001176
7ddbf8a2-5b3e-44cd-b9dc-db17ec06831b_7_5,7ddbf8a2-5b3e-44cd-b9dc-db17ec06831b,R1,reasoning/spatial/relationship,E,True,False,terminal_success,,16,6,7,0,41086,0,225670,607,0.066688,15.6213156710146,18.11864489899017
7ddbf8a2-5b3e-44cd-b9dc-db17ec06831b_4_2,7ddbf8a2-5b3e-44cd-b9dc-db17ec06831b,R1,reasoning/temporal/frequency,C,True,False,terminal_success,,15,5,6,0,30903,0,193542,530,0.0529072,12.811646158981603,15.13177478100988
7ddbf8a2-5b3e-44cd-b9dc-db17ec06831b_4_24,7ddbf8a2-5b3e-44cd-b9dc-db17ec06831b,R1,reasoning/temporal/frequency,E,True,False,terminal_success,,9,3,4,0,13240,0,129028,351,0.0278978,10.272585584025364,11.6741179189994
7ddbf8a2-5b3e-44cd-b9dc-db17ec06831b_11_14,7ddbf8a2-5b3e-44cd-b9dc-db17ec06831b,R1,perception/information_retrieval/sequence_recall,A,True,False,terminal_success,,15,5,6,0,32370,0,193542,597,0.054709200000000006,12.67865494696889,14.997027211007662
7ddbf8a2-5b3e-44cd-b9dc-db17ec06831b_7_21,7ddbf8a2-5b3e-44cd-b9dc-db17ec06831b,R1,reasoning/spatial/relationship,E,True,True,terminal_success,,15,5,6,0,30893,0,193542,613,0.053312200000000004,13.81457737099845,16.183499034988927
7ddbf8a2-5b3e-44cd-b9dc-db17ec06831b_7_4,7ddbf8a2-5b3e-44cd-b9dc-db17ec06831b,R1,reasoning/spatial/relationship,D,True,True,terminal_success,,15,5,6,0,30929,0,193542,600,0.0532832,17.160569957952248,19.46916552601033
7ddbf8a2-5b3e-44cd-b9dc-db17ec06831b_8_18,7ddbf8a2-5b3e-44cd-b9dc-db17ec06831b,R1,reasoning/temporal/duration,D,True,False,terminal_success,,9,3,4,0,13394,0,129028,422,0.028406799999999996,10.257661238021683,11.661866957001621
7ddbf8a2-5b3e-44cd-b9dc-db17ec06831b_8_20,7ddbf8a2-5b3e-44cd-b9dc-db17ec06831b,R1,reasoning/temporal/duration,D,True,False,terminal_success,,15,5,6,0,31252,0,193542,614,0.0536762,11.848862890008604,14.162149428011617
7ddbf8a2-5b3e-44cd-b9dc-db17ec06831b_4_9,7ddbf8a2-5b3e-44cd-b9dc-db17ec06831b,R1,reasoning/temporal/frequency,C,True,True,terminal_success,,14,5,6,0,30179,0,193542,533,0.0521982,13.68805600394262,15.867950043990277
7ddbf8a2-5b3e-44cd-b9dc-db17ec06831b_17_6,7ddbf8a2-5b3e-44cd-b9dc-db17ec06831b,R1,perception/information_retrieval/factual_recall,D,True,False,terminal_success,,16,6,7,0,40768,0,225670,595,0.06631000000000001,13.079397344001336,15.579244483989896
7ddbf8a2-5b3e-44cd-b9dc-db17ec06831b_8_10,7ddbf8a2-5b3e-44cd-b9dc-db17ec06831b,R1,reasoning/temporal/duration,E,True,True,terminal_success,,16,6,7,0,41662,0,225670,666,0.06755900000000001,14.171810292988084,16.694371800025692
7ddbf8a2-5b3e-44cd-b9dc-db17ec06831b_11_12,7ddbf8a2-5b3e-44cd-b9dc-db17ec06831b,R1,perception/information_retrieval/sequence_recall,C,True,False,terminal_success,,16,6,7,0,41101,0,225670,634,0.06683800000000001,15.26129410797148,17.772139050997794
7ddbf8a2-5b3e-44cd-b9dc-db17ec06831b_6_7,7ddbf8a2-5b3e-44cd-b9dc-db17ec06831b,R3,reasoning/spatial/proximity,E,True,False,terminal_success,,8,3,4,0,12089,53915,161745,429,0.09780225000000001,9.666096488042967,11.091932018025545
7ddbf8a2-5b3e-44cd-b9dc-db17ec06831b_11_17,7ddbf8a2-5b3e-44cd-b9dc-db17ec06831b,R3,perception/information_retrieval/sequence_recall,D,True,False,terminal_success,,13,5,6,0,29621,0,323490,570,0.06482,13.07666739699198,15.395690956996987
7ddbf8a2-5b3e-44cd-b9dc-db17ec06831b_17_15,7ddbf8a2-5b3e-44cd-b9dc-db17ec06831b,R3,perception/information_retrieval/factual_recall,A,True,False,terminal_success,,9,3,4,0,13091,0,215660,386,0.036586999999999995,7.155220930028008,8.571345419011777
7ddbf8a2-5b3e-44cd-b9dc-db17ec06831b_7_11,7ddbf8a2-5b3e-44cd-b9dc-db17ec06831b,R3,reasoning/spatial/relationship,E,True,False,terminal_success,,15,5,6,0,30747,53915,269575,565,0.12792325,13.564799579005921,15.895989595010178
7ddbf8a2-5b3e-44cd-b9dc-db17ec06831b_4_19,7ddbf8a2-5b3e-44cd-b9dc-db17ec06831b,R3,reasoning/temporal/frequency,B,True,False,terminal_success,,16,6,7,0,41541,53786,323490,711,0.14467750000000001,17.491768907028018,19.99675760100945
7ddbf8a2-5b3e-44cd-b9dc-db17ec06831b_8_13,7ddbf8a2-5b3e-44cd-b9dc-db17ec06831b,R3,reasoning/temporal/duration,B,True,False,terminal_success,,9,3,4,0,13341,0,215660,408,0.036947,9.371354043018073,10.790566942014266
7ddbf8a2-5b3e-44cd-b9dc-db17ec06831b_7_16,7ddbf8a2-5b3e-44cd-b9dc-db17ec06831b,R3,reasoning/spatial/relationship,D,True,False,terminal_success,,16,6,7,0,41465,0,377276,659,0.0824876,15.816921282937983,18.33349268999882
7ddbf8a2-5b3e-44cd-b9dc-db17ec06831b_5_1,7ddbf8a2-5b3e-44cd-b9dc-db17ec06831b,R3,reasoning/temporal/prerequisites,B,True,True,terminal_success,,12,4,5,0,21633,0,269575,498,0.0510805,11.587623376981355,13.460966974991607
7ddbf8a2-5b3e-44cd-b9dc-db17ec06831b_22_3,7ddbf8a2-5b3e-44cd-b9dc-db17ec06831b,R3,summarization/key_events_objects,D,True,True,terminal_success,,9,3,4,0,13755,0,215660,394,0.037291,9.646388898021542,11.066185644012876
7ddbf8a2-5b3e-44cd-b9dc-db17ec06831b_22_23,7ddbf8a2-5b3e-44cd-b9dc-db17ec06831b,R3,summarization/key_events_objects,C,True,True,terminal_success,,3,1,2,0,3104,0,107830,206,0.014917,4.06250080402242,4.570816341001773
7ddbf8a2-5b3e-44cd-b9dc-db17ec06831b_8_25,7ddbf8a2-5b3e-44cd-b9dc-db17ec06831b,R3,reasoning/temporal/duration,A,True,False,terminal_success,,9,3,4,0,13105,0,215660,368,0.036511,8.944485177984461,10.357751412986545
7ddbf8a2-5b3e-44cd-b9dc-db17ec06831b_5_22,7ddbf8a2-5b3e-44cd-b9dc-db17ec06831b,R3,reasoning/temporal/prerequisites,C,True,False,terminal_success,,16,6,7,0,40372,0,377276,745,0.0818246,15.002744059020188,17.769100856996374
7ddbf8a2-5b3e-44cd-b9dc-db17ec06831b_6_8,7ddbf8a2-5b3e-44cd-b9dc-db17ec06831b,R3,reasoning/spatial/proximity,D,True,False,terminal_success,,14,7,8,0,46682,53915,377405,690,0.15526625000000002,20.41409046202898,23.37478956099949
7ddbf8a2-5b3e-44cd-b9dc-db17ec06831b_7_5,7ddbf8a2-5b3e-44cd-b9dc-db17ec06831b,R3,reasoning/spatial/relationship,E,True,False,terminal_success,,5,3,4,0,9254,0,215660,330,0.03247,7.447816714964574,8.334317539993208
7ddbf8a2-5b3e-44cd-b9dc-db17ec06831b_4_2,7ddbf8a2-5b3e-44cd-b9dc-db17ec06831b,R3,reasoning/temporal/frequency,C,True,False,terminal_success,,9,3,4,0,13320,0,215660,421,0.036991,9.531551503983792,10.959118341997964
7ddbf8a2-5b3e-44cd-b9dc-db17ec06831b_4_24,7ddbf8a2-5b3e-44cd-b9dc-db17ec06831b,R3,reasoning/temporal/frequency,E,True,False,terminal_success,,9,3,4,0,13383,0,215660,433,0.037113999999999994,8.005055958987214,9.437137998989783
7ddbf8a2-5b3e-44cd-b9dc-db17ec06831b_11_14,7ddbf8a2-5b3e-44cd-b9dc-db17ec06831b,R3,perception/information_retrieval/sequence_recall,B,True,False,terminal_success,,16,6,7,0,43169,0,377276,692,0.0843566,15.102140976057854,17.627005398011534
7ddbf8a2-5b3e-44cd-b9dc-db17ec06831b_7_21,7ddbf8a2-5b3e-44cd-b9dc-db17ec06831b,R3,reasoning/spatial/relationship,E,True,True,terminal_success,,15,6,7,0,40800,0,377405,631,0.0816955,14.784960940974997,17.29560666400357
7ddbf8a2-5b3e-44cd-b9dc-db17ec06831b_7_4,7ddbf8a2-5b3e-44cd-b9dc-db17ec06831b,R3,reasoning/spatial/relationship,C,True,False,terminal_success,,16,6,7,0,40163,0,377276,665,0.0812156,14.151710075035226,16.798324258998036
7ddbf8a2-5b3e-44cd-b9dc-db17ec06831b_8_18,7ddbf8a2-5b3e-44cd-b9dc-db17ec06831b,R3,reasoning/temporal/duration,E,True,False,terminal_success,,9,3,4,0,13414,0,215660,459,0.037275,8.31353419602965,9.745878974994412
7ddbf8a2-5b3e-44cd-b9dc-db17ec06831b_8_20,7ddbf8a2-5b3e-44cd-b9dc-db17ec06831b,R3,reasoning/temporal/duration,D,True,False,terminal_success,,9,3,4,0,13407,0,215660,415,0.037048,9.223777124978369,10.640794429025846
7ddbf8a2-5b3e-44cd-b9dc-db17ec06831b_4_9,7ddbf8a2-5b3e-44cd-b9dc-db17ec06831b,R3,reasoning/temporal/frequency,D,True,False,terminal_success,,9,3,4,0,13144,0,215660,434,0.036879999999999996,10.17151852400275,11.586036641994724
7ddbf8a2-5b3e-44cd-b9dc-db17ec06831b_17_6,7ddbf8a2-5b3e-44cd-b9dc-db17ec06831b,R3,perception/information_retrieval/factual_recall,D,True,False,terminal_success,,9,3,4,0,12983,0,215660,373,0.036413999999999995,7.861498779035173,9.277563661977183
7ddbf8a2-5b3e-44cd-b9dc-db17ec06831b_8_10,7ddbf8a2-5b3e-44cd-b9dc-db17ec06831b,R3,reasoning/temporal/duration,E,True,True,terminal_success,,9,3,4,0,13558,0,215660,648,0.038363999999999995,12.627935732976766,14.04637797997566
7ddbf8a2-5b3e-44cd-b9dc-db17ec06831b_11_12,7ddbf8a2-5b3e-44cd-b9dc-db17ec06831b,R3,perception/information_retrieval/sequence_recall,C,True,False,terminal_success,,8,3,4,0,11995,0,215660,398,0.035551,9.134826623048866,10.552871739986585
819c8af7-851f-434f-ab32-318285bc54b1_17_29,819c8af7-851f-434f-ab32-318285bc54b1,R1,perception/information_retrieval/factual_recall,D,True,True,terminal_success,,8,3,4,0,12454,18668,56004,398,0.0433794,9.367340531985974,9.718360582977766
819c8af7-851f-434f-ab32-318285bc54b1_3_13,819c8af7-851f-434f-ab32-318285bc54b1,R1,reasoning/predictive,B,True,False,terminal_success,,16,7,8,0,49995,18539,130676,769,0.09008135,18.001356163003948,18.736576452996815
819c8af7-851f-434f-ab32-318285bc54b1_8_27,819c8af7-851f-434f-ab32-318285bc54b1,R1,reasoning/temporal/duration,D,True,True,terminal_success,,9,3,4,0,13463,0,74672,511,0.023485199999999998,10.755554778006626,11.121120138006518
819c8af7-851f-434f-ab32-318285bc54b1_4_30,819c8af7-851f-434f-ab32-318285bc54b1,R1,reasoning/temporal/frequency,C,True,False,terminal_success,,15,5,6,0,31116,18668,93340,585,0.06671,12.831032290967414,13.397353553998983
819c8af7-851f-434f-ab32-318285bc54b1_7_21,819c8af7-851f-434f-ab32-318285bc54b1,R1,reasoning/spatial/relationship,C,True,False,terminal_success,,16,6,7,0,39259,0,130547,660,0.0556137,13.459415490040556,14.142961017001653
819c8af7-851f-434f-ab32-318285bc54b1_7_17,819c8af7-851f-434f-ab32-318285bc54b1,R1,reasoning/spatial/relationship,C,True,False,terminal_success,,12,5,6,0,28225,0,112008,572,0.0422858,13.32426080701407,13.874248934007483
819c8af7-851f-434f-ab32-318285bc54b1_5_28,819c8af7-851f-434f-ab32-318285bc54b1,R1,reasoning/temporal/prerequisites,A,True,False,terminal_success,,15,5,6,0,30980,0,112008,566,0.045010800000000004,13.087369422020856,13.643588203005493
819c8af7-851f-434f-ab32-318285bc54b1_23_5,819c8af7-851f-434f-ab32-318285bc54b1,R1,summarization/compare_and_contrast,C,True,False,terminal_success,,9,3,4,0,13555,0,74672,377,0.022907200000000003,7.175717765028821,7.53503281401936
819c8af7-851f-434f-ab32-318285bc54b1_5_25,819c8af7-851f-434f-ab32-318285bc54b1,R1,reasoning/temporal/prerequisites,D,True,True,terminal_success,,16,6,7,0,41672,0,130547,658,0.058016700000000004,13.232003541983431,13.860301050997805
819c8af7-851f-434f-ab32-318285bc54b1_17_20,819c8af7-851f-434f-ab32-318285bc54b1,R1,perception/information_retrieval/factual_recall,D,True,False,terminal_success,,12,4,5,0,20898,0,93340,470,0.032582,9.530230792006478,10.004240322014084
819c8af7-851f-434f-ab32-318285bc54b1_17_22,819c8af7-851f-434f-ab32-318285bc54b1,R1,perception/information_retrieval/factual_recall,C,True,False,terminal_success,,16,6,7,0,40881,0,130547,615,0.0570107,13.789327741949819,14.428721109987237
819c8af7-851f-434f-ab32-318285bc54b1_5_11,819c8af7-851f-434f-ab32-318285bc54b1,R1,reasoning/temporal/prerequisites,E,True,True,terminal_success,,16,6,7,0,42034,0,130547,704,0.0586087,13.23625185599667,13.89236588901258
819c8af7-851f-434f-ab32-318285bc54b1_4_4,819c8af7-851f-434f-ab32-318285bc54b1,R1,reasoning/temporal/frequency,D,True,False,terminal_success,,15,5,6,0,30916,0,112008,575,0.0449918,14.775134318013443,15.331966875004582
819c8af7-851f-434f-ab32-318285bc54b1_8_1,819c8af7-851f-434f-ab32-318285bc54b1,R1,reasoning/temporal/duration,E,True,True,terminal_success,,15,5,6,0,31125,0,112008,651,0.045580800000000005,13.221777725993888,13.776964135991875
819c8af7-851f-434f-ab32-318285bc54b1_18_6,819c8af7-851f-434f-ab32-318285bc54b1,R1,perception/tracking,D,True,False,terminal_success,,16,6,7,0,41107,0,130547,697,0.05764670000000001,14.2082491350302,14.831837456993526
819c8af7-851f-434f-ab32-318285bc54b1_4_19,819c8af7-851f-434f-ab32-318285bc54b1,R1,reasoning/temporal/frequency,D,True,True,terminal_success,,16,6,7,0,41598,0,130547,673,0.058017700000000005,13.269875787053024,14.003435202990659
819c8af7-851f-434f-ab32-318285bc54b1_4_23,819c8af7-851f-434f-ab32-318285bc54b1,R1,reasoning/temporal/frequency,D,True,True,terminal_success,,15,5,6,0,30929,0,112008,599,0.04512480000000001,13.863350870989962,14.414931631006766
819c8af7-851f-434f-ab32-318285bc54b1_12_7,819c8af7-851f-434f-ab32-318285bc54b1,R1,perception/information_retrieval/temporal_distance,A,True,False,terminal_success,,8,3,4,0,12514,0,74672,410,0.0220312,9.166959688969655,9.52091771698906
819c8af7-851f-434f-ab32-318285bc54b1_4_10,819c8af7-851f-434f-ab32-318285bc54b1,R1,reasoning/temporal/frequency,B,True,False,terminal_success,,9,3,4,0,13241,0,74672,385,0.0226332,7.3780934009409975,7.729769524012227
819c8af7-851f-434f-ab32-318285bc54b1_11_14,819c8af7-851f-434f-ab32-318285bc54b1,R1,perception/information_retrieval/sequence_recall,C,True,False,terminal_success,,16,6,7,0,41618,0,130547,664,0.0579927,12.849047620024066,13.47627238399582
819c8af7-851f-434f-ab32-318285bc54b1_3_12,819c8af7-851f-434f-ab32-318285bc54b1,R1,reasoning/predictive,E,True,True,terminal_success,,12,7,8,0,42436,0,149344,731,0.06102540000000001,16.30419189101667,16.92910381400725
819c8af7-851f-434f-ab32-318285bc54b1_11_24,819c8af7-851f-434f-ab32-318285bc54b1,R1,perception/information_retrieval/sequence_recall,A,True,False,terminal_success,,9,3,4,0,13148,0,74672,370,0.0224652,9.002876573009416,9.35885062700254
819c8af7-851f-434f-ab32-318285bc54b1_4_2,819c8af7-851f-434f-ab32-318285bc54b1,R1,reasoning/temporal/frequency,A,True,False,terminal_success,,15,5,6,0,30834,0,112008,599,0.04502980000000001,14.302574763976736,14.866520379000576
819c8af7-851f-434f-ab32-318285bc54b1_17_26,819c8af7-851f-434f-ab32-318285bc54b1,R1,perception/information_retrieval/factual_recall,D,True,True,terminal_success,,9,3,4,0,13003,0,74672,394,0.0224402,7.212135895999381,7.568274655990535
819c8af7-851f-434f-ab32-318285bc54b1_11_3,819c8af7-851f-434f-ab32-318285bc54b1,R1,perception/information_retrieval/sequence_recall,D,True,True,terminal_success,,9,3,4,0,13187,0,74672,406,0.0226842,9.457204734964762,9.812332997011254
819c8af7-851f-434f-ab32-318285bc54b1_17_29,819c8af7-851f-434f-ab32-318285bc54b1,R3,perception/information_retrieval/factual_recall,D,True,True,terminal_success,,6,2,3,0,7057,18193,36386,308,0.034976850000000004,5.8127609040238895,6.069742031977512
819c8af7-851f-434f-ab32-318285bc54b1_3_13,819c8af7-851f-434f-ab32-318285bc54b1,R3,reasoning/predictive,E,True,False,terminal_success,,6,2,4,1,11946,0,72772,418,0.021313200000000004,7.8388943480094895,8.168813819007482
819c8af7-851f-434f-ab32-318285bc54b1_8_27,819c8af7-851f-434f-ab32-318285bc54b1,R3,reasoning/temporal/duration,D,True,True,terminal_success,,8,3,4,0,12837,0,72772,564,0.022934200000000002,9.224943656969117,9.58251440798631
819c8af7-851f-434f-ab32-318285bc54b1_4_30,819c8af7-851f-434f-ab32-318285bc54b1,R3,reasoning/temporal/frequency,B,True,False,terminal_success,,9,3,4,0,13373,0,72772,395,0.0226252,9.320924733998254,9.682528965000529
819c8af7-851f-434f-ab32-318285bc54b1_7_21,819c8af7-851f-434f-ab32-318285bc54b1,R3,reasoning/spatial/relationship,C,True,False,terminal_success,,16,6,7,0,39639,18064,109158,795,0.0771098,15.07463580003241,15.740585551975528
819c8af7-851f-434f-ab32-318285bc54b1_7_17,819c8af7-851f-434f-ab32-318285bc54b1,R3,reasoning/spatial/relationship,C,True,False,terminal_success,,14,5,6,0,30445,18193,90965,555,0.06505775000000001,13.347511157015106,13.895099760993617
819c8af7-851f-434f-ab32-318285bc54b1_5_28,819c8af7-851f-434f-ab32-318285bc54b1,R3,reasoning/temporal/prerequisites,B,True,True,terminal_success,,9,3,4,0,13342,0,72772,465,0.0229442,9.75675778396544,10.122023271978833
819c8af7-851f-434f-ab32-318285bc54b1_23_5,819c8af7-851f-434f-ab32-318285bc54b1,R3,summarization/compare_and_contrast,D,True,True,terminal_success,,9,3,4,0,13692,0,72772,460,0.023269199999999997,10.087769837031374,10.45299130200874
819c8af7-851f-434f-ab32-318285bc54b1_5_25,819c8af7-851f-434f-ab32-318285bc54b1,R3,reasoning/temporal/prerequisites,D,True,True,terminal_success,,9,3,4,0,13439,0,72772,518,0.0233062,10.358090712019475,10.71724285100936
819c8af7-851f-434f-ab32-318285bc54b1_17_20,819c8af7-851f-434f-ab32-318285bc54b1,R3,perception/information_retrieval/factual_recall,E,True,False,terminal_success,,8,3,4,0,12493,0,72772,403,0.0217852,9.230884696939029,9.575565162987914
819c8af7-851f-434f-ab32-318285bc54b1_17_22,819c8af7-851f-434f-ab32-318285bc54b1,R3,perception/information_retrieval/factual_recall,C,True,False,terminal_success,,5,2,3,0,6438,0,54579,287,0.013330900000000001,7.638409617036814,7.882221497013234
819c8af7-851f-434f-ab32-318285bc54b1_5_11,819c8af7-851f-434f-ab32-318285bc54b1,R3,reasoning/temporal/prerequisites,E,True,True,terminal_success,,8,3,4,0,12959,0,72772,411,0.022291200000000004,7.808990024990635,8.16116853398853
819c8af7-851f-434f-ab32-318285bc54b1_4_4,819c8af7-851f-434f-ab32-318285bc54b1,R3,reasoning/temporal/frequency,D,True,False,terminal_success,,9,3,4,0,13186,0,72772,394,0.0224332,7.391202435945161,7.7481275989848655
819c8af7-851f-434f-ab32-318285bc54b1_8_1,819c8af7-851f-434f-ab32-318285bc54b1,R3,reasoning/temporal/duration,E,True,True,terminal_success,,9,3,4,0,13269,0,72772,388,0.022486200000000005,12.178873830009252,12.54053506598575
819c8af7-851f-434f-ab32-318285bc54b1_18_6,819c8af7-851f-434f-ab32-318285bc54b1,R3,perception/tracking,D,True,False,terminal_success,,15,5,6,0,30564,18193,90965,543,0.06511675,13.05024918098934,13.615198562998557
819c8af7-851f-434f-ab32-318285bc54b1_4_19,819c8af7-851f-434f-ab32-318285bc54b1,R3,reasoning/temporal/frequency,C,True,False,terminal_success,,12,4,5,0,21276,0,90965,534,0.0330425,12.585464800038608,13.051446544006467
819c8af7-851f-434f-ab32-318285bc54b1_4_23,819c8af7-851f-434f-ab32-318285bc54b1,R3,reasoning/temporal/frequency,D,True,True,terminal_success,,9,3,4,0,13238,0,72772,413,0.0225802,9.479662995028775,9.842074531014077
819c8af7-851f-434f-ab32-318285bc54b1_12_7,819c8af7-851f-434f-ab32-318285bc54b1,R3,perception/information_retrieval/temporal_distance,B,True,False,terminal_success,,8,3,4,0,12487,0,72772,374,0.0216342,8.669484760961495,9.023162787983892
819c8af7-851f-434f-ab32-318285bc54b1_4_10,819c8af7-851f-434f-ab32-318285bc54b1,R3,reasoning/temporal/frequency,B,True,False,terminal_success,,9,3,4,0,13269,0,72772,451,0.0228012,8.386008104018401,8.744458077009767
819c8af7-851f-434f-ab32-318285bc54b1_11_14,819c8af7-851f-434f-ab32-318285bc54b1,R3,perception/information_retrieval/sequence_recall,A,True,False,terminal_success,,9,3,4,0,13429,0,72772,478,0.023096200000000004,9.87723754302715,10.23812331201043
819c8af7-851f-434f-ab32-318285bc54b1_3_12,819c8af7-851f-434f-ab32-318285bc54b1,R3,reasoning/predictive,A,True,False,terminal_success,,6,2,3,0,7364,0,54579,312,0.0143819,6.830933588033076,7.0911397250019945
819c8af7-851f-434f-ab32-318285bc54b1_11_24,819c8af7-851f-434f-ab32-318285bc54b1,R3,perception/information_retrieval/sequence_recall,A,True,False,terminal_success,,9,3,4,0,13266,0,72772,478,0.0229332,9.947725123987766,10.31187934501213
819c8af7-851f-434f-ab32-318285bc54b1_4_2,819c8af7-851f-434f-ab32-318285bc54b1,R3,reasoning/temporal/frequency,A,True,False,terminal_success,,5,2,3,0,6665,0,54579,368,0.0139629,7.524070752988337,7.770646272983868
819c8af7-851f-434f-ab32-318285bc54b1_17_26,819c8af7-851f-434f-ab32-318285bc54b1,R3,perception/information_retrieval/factual_recall,D,True,True,terminal_success,,8,3,4,0,12430,0,72772,410,0.0217572,7.062485102942446,7.412426374008646
819c8af7-851f-434f-ab32-318285bc54b1_11_3,819c8af7-851f-434f-ab32-318285bc54b1,R3,perception/information_retrieval/sequence_recall,D,True,True,terminal_success,,3,2,3,0,4856,0,54579,270,0.011663900000000001,4.7146474669571035,4.931916378001915
70f2a750-f403-41b8-aabb-480eb3ab4ed4_4_27,70f2a750-f403-41b8-aabb-480eb3ab4ed4,R1,reasoning/temporal/frequency,E,True,True,terminal_success,,15,5,6,0,30708,42790,85580,621,0.09585850000000001,11.621151561033912,12.19953479297692
70f2a750-f403-41b8-aabb-480eb3ab4ed4_22_12,70f2a750-f403-41b8-aabb-480eb3ab4ed4,R1,summarization/key_events_objects,D,True,True,terminal_success,,15,7,8,0,49541,21395,149765,732,0.09492125000000001,14.885064537986182,15.55779664000147
70f2a750-f403-41b8-aabb-480eb3ab4ed4_17_13,70f2a750-f403-41b8-aabb-480eb3ab4ed4,R1,perception/information_retrieval/factual_recall,B,True,True,terminal_success,,16,6,7,0,41119,21266,128370,760,0.08433850000000001,17.40811580704758,18.055785245000152
70f2a750-f403-41b8-aabb-480eb3ab4ed4_7_4,70f2a750-f403-41b8-aabb-480eb3ab4ed4,R1,reasoning/spatial/relationship,E,True,False,terminal_success,,9,3,4,0,13152,0,85580,359,0.023504999999999998,8.518743710941635,8.866637993021868
70f2a750-f403-41b8-aabb-480eb3ab4ed4_17_31,70f2a750-f403-41b8-aabb-480eb3ab4ed4,R1,perception/information_retrieval/factual_recall,E,True,False,terminal_success,,15,5,6,0,30562,0,128370,573,0.046264,13.27570901598665,13.844580498000141
70f2a750-f403-41b8-aabb-480eb3ab4ed4_11_23,70f2a750-f403-41b8-aabb-480eb3ab4ed4,R1,perception/information_retrieval/sequence_recall,A,True,False,terminal_success,,6,3,4,0,10888,0,85580,353,0.021210999999999997,6.595264784002211,6.916770542011363
70f2a750-f403-41b8-aabb-480eb3ab4ed4_4_6,70f2a750-f403-41b8-aabb-480eb3ab4ed4,R1,reasoning/temporal/frequency,E,True,False,terminal_success,,12,4,5,0,20884,0,106975,450,0.0338315,8.8987950530136,9.351543716009473
70f2a750-f403-41b8-aabb-480eb3ab4ed4_7_5,70f2a750-f403-41b8-aabb-480eb3ab4ed4,R1,reasoning/spatial/relationship,E,True,True,terminal_success,,15,8,9,0,55846,0,192555,743,0.0788165,19.100348575040698,19.833022253995296
70f2a750-f403-41b8-aabb-480eb3ab4ed4_8_2,70f2a750-f403-41b8-aabb-480eb3ab4ed4,R1,reasoning/temporal/duration,E,True,False,terminal_success,,9,3,5,1,14397,0,106975,490,0.0275445,10.095495011977619,10.524755817983532
70f2a750-f403-41b8-aabb-480eb3ab4ed4_22_10,70f2a750-f403-41b8-aabb-480eb3ab4ed4,R1,summarization/key_events_objects,D,True,True,terminal_success,,8,3,4,0,13178,0,85580,400,0.023736,8.668520328996237,9.282949809014099
70f2a750-f403-41b8-aabb-480eb3ab4ed4_17_14,70f2a750-f403-41b8-aabb-480eb3ab4ed4,R1,perception/information_retrieval/factual_recall,C,True,True,terminal_success,,9,3,4,0,12913,0,85580,335,0.023146,8.632310618006159,8.987775649991818
70f2a750-f403-41b8-aabb-480eb3ab4ed4_17_8,70f2a750-f403-41b8-aabb-480eb3ab4ed4,R1,perception/information_retrieval/factual_recall,B,True,False,terminal_success,,16,6,7,0,40336,0,149636,658,0.058589600000000006,13.251254030008567,13.922981192998122
70f2a750-f403-41b8-aabb-480eb3ab4ed4_4_20,70f2a750-f403-41b8-aabb-480eb3ab4ed4,R1,reasoning/temporal/frequency,C,True,False,terminal_success,,15,5,6,0,30989,0,128370,617,0.046910999999999994,14.025176349008689,14.684622427012073
70f2a750-f403-41b8-aabb-480eb3ab4ed4_7_28,70f2a750-f403-41b8-aabb-480eb3ab4ed4,R1,reasoning/spatial/relationship,A,True,False,terminal_success,,15,8,9,0,57191,0,192555,872,0.0808065,16.943845817033434,17.672731525992276
70f2a750-f403-41b8-aabb-480eb3ab4ed4_4_11,70f2a750-f403-41b8-aabb-480eb3ab4ed4,R1,reasoning/temporal/frequency,D,True,False,terminal_success,,15,5,6,0,30678,0,128370,586,0.046445,12.398316958977375,12.94746669800952
70f2a750-f403-41b8-aabb-480eb3ab4ed4_12_17,70f2a750-f403-41b8-aabb-480eb3ab4ed4,R1,perception/information_retrieval/temporal_distance,B,True,False,terminal_success,,9,3,4,0,13023,0,85580,442,0.023790999999999996,7.743350953998743,8.107933468010742
70f2a750-f403-41b8-aabb-480eb3ab4ed4_17_30,70f2a750-f403-41b8-aabb-480eb3ab4ed4,R1,perception/information_retrieval/factual_recall,D,True,False,terminal_success,,9,3,4,0,12965,0,85580,384,0.023443,10.95801339900936,11.318234574981034
70f2a750-f403-41b8-aabb-480eb3ab4ed4_7_29,70f2a750-f403-41b8-aabb-480eb3ab4ed4,R1,reasoning/spatial/relationship,A,True,False,terminal_success,,16,6,7,0,41070,0,149636,596,0.0590136,13.506408123008441,14.140062441991176
70f2a750-f403-41b8-aabb-480eb3ab4ed4_11_7,70f2a750-f403-41b8-aabb-480eb3ab4ed4,R1,perception/information_retrieval/sequence_recall,E,True,False,terminal_success,,6,3,4,0,10855,0,85580,374,0.021283,8.755559743993217,9.075463573011803
70f2a750-f403-41b8-aabb-480eb3ab4ed4_21_26,70f2a750-f403-41b8-aabb-480eb3ab4ed4,R1,summarization/temporal_sequencing,E,True,True,terminal_success,,8,3,4,0,13183,0,85580,374,0.023611,6.568631895032013,6.918664277996868
70f2a750-f403-41b8-aabb-480eb3ab4ed4_17_16,70f2a750-f403-41b8-aabb-480eb3ab4ed4,R1,perception/information_retrieval/factual_recall,D,True,True,terminal_success,,15,6,7,0,41380,0,149765,678,0.059746499999999994,16.79623124806676,17.411051478004083
70f2a750-f403-41b8-aabb-480eb3ab4ed4_17_9,70f2a750-f403-41b8-aabb-480eb3ab4ed4,R1,perception/information_retrieval/factual_recall,E,True,False,terminal_success,,9,3,4,0,13080,0,85580,456,0.023918,8.459028871002374,8.817254393012263
70f2a750-f403-41b8-aabb-480eb3ab4ed4_4_15,70f2a750-f403-41b8-aabb-480eb3ab4ed4,R1,reasoning/temporal/frequency,D,True,False,terminal_success,,16,6,7,0,41394,0,149636,679,0.0597526,16.292215766006848,16.918773746991064
70f2a750-f403-41b8-aabb-480eb3ab4ed4_5_19,70f2a750-f403-41b8-aabb-480eb3ab4ed4,R1,reasoning/temporal/prerequisites,D,True,True,terminal_success,,15,6,7,0,41266,0,149765,757,0.0600275,17.7538725680497,18.411572839017026
70f2a750-f403-41b8-aabb-480eb3ab4ed4_6_32,70f2a750-f403-41b8-aabb-480eb3ab4ed4,R1,reasoning/spatial/proximity,A,True,False,terminal_success,,16,6,7,0,41139,0,149636,684,0.0595226,15.381673321971903,16.007365590980044
70f2a750-f403-41b8-aabb-480eb3ab4ed4_4_27,70f2a750-f403-41b8-aabb-480eb3ab4ed4,R3,reasoning/temporal/frequency,A,True,False,terminal_success,,9,3,4,0,13184,17276,51828,426,0.042091800000000006,8.432181217969628,8.799277860001894
70f2a750-f403-41b8-aabb-480eb3ab4ed4_22_12,70f2a750-f403-41b8-aabb-480eb3ab4ed4,R3,summarization/key_events_objects,D,True,True,terminal_success,,12,4,5,0,21904,0,86380,521,0.033146999999999996,11.508891773002688,11.96656043000985
70f2a750-f403-41b8-aabb-480eb3ab4ed4_17_13,70f2a750-f403-41b8-aabb-480eb3ab4ed4,R3,perception/information_retrieval/factual_recall,B,True,True,terminal_success,,10,4,5,0,19763,0,86380,729,0.032046,12.585320439975476,13.048513800982619
70f2a750-f403-41b8-aabb-480eb3ab4ed4_7_4,70f2a750-f403-41b8-aabb-480eb3ab4ed4,R3,reasoning/spatial/relationship,E,True,False,terminal_success,,3,1,2,0,2922,0,34552,187,0.0073122000000000005,3.3130195919948164,3.4766501619888004
70f2a750-f403-41b8-aabb-480eb3ab4ed4_17_31,70f2a750-f403-41b8-aabb-480eb3ab4ed4,R3,perception/information_retrieval/factual_recall,B,True,False,terminal_success,,8,3,4,0,12457,0,69104,454,0.0216374,9.634011153044412,9.9918226240261
70f2a750-f403-41b8-aabb-480eb3ab4ed4_11_23,70f2a750-f403-41b8-aabb-480eb3ab4ed4,R3,perception/information_retrieval/sequence_recall,C,True,False,terminal_success,,9,3,4,0,13186,0,69104,406,0.0221264,7.221197251987178,7.583304971980397
70f2a750-f403-41b8-aabb-480eb3ab4ed4_4_6,70f2a750-f403-41b8-aabb-480eb3ab4ed4,R3,reasoning/temporal/frequency,E,True,False,terminal_success,,8,3,4,0,12622,0,69104,426,0.0216624,9.388296229037223,9.73955238799681
70f2a750-f403-41b8-aabb-480eb3ab4ed4_7_5,70f2a750-f403-41b8-aabb-480eb3ab4ed4,R3,reasoning/spatial/relationship,E,True,True,terminal_success,,13,7,8,0,43053,0,138208,720,0.06047380000000001,14.643303811026271,15.301900063001085
70f2a750-f403-41b8-aabb-480eb3ab4ed4_8_2,70f2a750-f403-41b8-aabb-480eb3ab4ed4,R3,reasoning/temporal/duration,E,True,False,terminal_success,,3,1,2,0,2917,0,34552,226,0.0075022000000000005,4.359476857993286,4.526117265981156
70f2a750-f403-41b8-aabb-480eb3ab4ed4_22_10,70f2a750-f403-41b8-aabb-480eb3ab4ed4,R3,summarization/key_events_objects,D,True,True,terminal_success,,9,3,4,0,13684,0,69104,413,0.0226594,9.370892053004354,9.73791467200499
70f2a750-f403-41b8-aabb-480eb3ab4ed4_17_14,70f2a750-f403-41b8-aabb-480eb3ab4ed4,R3,perception/information_retrieval/factual_recall,D,True,False,terminal_success,,9,3,4,0,13044,0,69104,442,0.0221644,9.195633600029396,9.554457456979435
70f2a750-f403-41b8-aabb-480eb3ab4ed4_17_8,70f2a750-f403-41b8-aabb-480eb3ab4ed4,R3,perception/information_retrieval/factual_recall,B,True,False,terminal_success,,9,3,4,0,12979,0,69104,483,0.022304400000000002,9.611145361996023,9.98377459900803
70f2a750-f403-41b8-aabb-480eb3ab4ed4_4_20,70f2a750-f403-41b8-aabb-480eb3ab4ed4,R3,reasoning/temporal/frequency,C,True,False,terminal_success,,16,6,7,0,41356,34423,86380,683,0.09643775,16.485525404976215,17.121841442014556
70f2a750-f403-41b8-aabb-480eb3ab4ed4_7_28,70f2a750-f403-41b8-aabb-480eb3ab4ed4,R3,reasoning/spatial/relationship,B,True,False,terminal_success,,9,3,4,0,13231,0,69104,461,0.022446400000000002,8.465606903017033,8.826410651003243
70f2a750-f403-41b8-aabb-480eb3ab4ed4_4_11,70f2a750-f403-41b8-aabb-480eb3ab4ed4,R3,reasoning/temporal/frequency,C,True,True,terminal_success,,8,3,4,0,12589,0,69104,420,0.021599399999999998,9.039651837025303,9.388638044008985
70f2a750-f403-41b8-aabb-480eb3ab4ed4_12_17,70f2a750-f403-41b8-aabb-480eb3ab4ed4,R3,perception/information_retrieval/temporal_distance,E,True,True,terminal_success,,9,3,4,0,13110,0,69104,408,0.0220604,8.60568888502894,8.97208181998576
70f2a750-f403-41b8-aabb-480eb3ab4ed4_17_30,70f2a750-f403-41b8-aabb-480eb3ab4ed4,R3,perception/information_retrieval/factual_recall,D,True,False,terminal_success,,7,3,4,0,11962,0,69104,466,0.0212024,9.499409983021906,9.835397457005456
70f2a750-f403-41b8-aabb-480eb3ab4ed4_7_29,70f2a750-f403-41b8-aabb-480eb3ab4ed4,R3,reasoning/spatial/relationship,A,True,False,terminal_success,,3,1,2,0,2913,0,34552,180,0.0072682,3.694810274988413,3.8561700959980953
70f2a750-f403-41b8-aabb-480eb3ab4ed4_11_7,70f2a750-f403-41b8-aabb-480eb3ab4ed4,R3,perception/information_retrieval/sequence_recall,E,True,False,terminal_success,,4,2,3,0,5933,0,51828,275,0.0124908,5.829945689998567,6.084688074013684
70f2a750-f403-41b8-aabb-480eb3ab4ed4_21_26,70f2a750-f403-41b8-aabb-480eb3ab4ed4,R3,summarization/temporal_sequencing,E,True,True,terminal_success,,9,3,4,0,13753,0,69104,434,0.022833399999999997,8.02627542297705,8.391967153991573
70f2a750-f403-41b8-aabb-480eb3ab4ed4_17_16,70f2a750-f403-41b8-aabb-480eb3ab4ed4,R3,perception/information_retrieval/factual_recall,D,True,True,terminal_success,,15,8,9,0,54877,0,155484,910,0.0749754,20.71767990096123,21.464580511994427
70f2a750-f403-41b8-aabb-480eb3ab4ed4_17_9,70f2a750-f403-41b8-aabb-480eb3ab4ed4,R3,perception/information_retrieval/factual_recall,B,True,True,terminal_success,,3,2,4,1,5790,0,69104,359,0.0144954,7.934219990042038,8.244902185018873
70f2a750-f403-41b8-aabb-480eb3ab4ed4_4_15,70f2a750-f403-41b8-aabb-480eb3ab4ed4,R3,reasoning/temporal/frequency,E,True,False,terminal_success,,15,5,6,0,30764,0,103656,554,0.043899600000000004,13.077798507962143,13.646809122990817
70f2a750-f403-41b8-aabb-480eb3ab4ed4_5_19,70f2a750-f403-41b8-aabb-480eb3ab4ed4,R3,reasoning/temporal/prerequisites,B,True,False,terminal_success,,15,5,6,0,31668,0,103656,618,0.0451236,12.177631040016422,12.747734898002818
70f2a750-f403-41b8-aabb-480eb3ab4ed4_6_32,70f2a750-f403-41b8-aabb-480eb3ab4ed4,R3,reasoning/spatial/proximity,C,True,False,terminal_success,,10,7,8,0,34862,0,138208,747,0.052417799999999994,17.03437379494426,17.70498109300388
a6d45e95-8dc0-4932-83bf-ec53e265a16a_8_1,a6d45e95-8dc0-4932-83bf-ec53e265a16a,R1,reasoning/temporal/duration,E,True,False,terminal_success,,15,5,7,1,40659,16482,41205,697,0.068867,12.523061075014994,13.202346238016617
a6d45e95-8dc0-4932-83bf-ec53e265a16a_17_21,a6d45e95-8dc0-4932-83bf-ec53e265a16a,R1,perception/information_retrieval/factual_recall,D,True,False,terminal_success,,16,6,7,0,48376,8112,49446,696,0.0669406,16.339488485944457,17.063219819014193
a6d45e95-8dc0-4932-83bf-ec53e265a16a_7_7,a6d45e95-8dc0-4932-83bf-ec53e265a16a,R1,reasoning/spatial/relationship,C,True,False,terminal_success,,14,5,6,0,38069,8241,41205,519,0.05508575,12.216185408004094,12.807943907013396
a6d45e95-8dc0-4932-83bf-ec53e265a16a_11_28,a6d45e95-8dc0-4932-83bf-ec53e265a16a,R1,perception/information_retrieval/sequence_recall,D,True,False,terminal_success,,15,8,9,0,69425,0,74169,810,0.0808919,18.39741984498687,19.204552896990208
a6d45e95-8dc0-4932-83bf-ec53e265a16a_11_15,a6d45e95-8dc0-4932-83bf-ec53e265a16a,R1,perception/information_retrieval/sequence_recall,A,True,False,terminal_success,,8,3,4,0,15614,0,32964,358,0.0207004,6.464421569980914,6.8290396069933195
a6d45e95-8dc0-4932-83bf-ec53e265a16a_17_10,a6d45e95-8dc0-4932-83bf-ec53e265a16a,R1,perception/information_retrieval/factual_recall,C,True,False,terminal_success,,9,3,4,0,16183,0,32964,361,0.021284400000000002,6.745724035950843,7.132096155983163
a6d45e95-8dc0-4932-83bf-ec53e265a16a_6_24,a6d45e95-8dc0-4932-83bf-ec53e265a16a,R1,reasoning/spatial/proximity,D,True,False,terminal_success,,9,3,4,0,16326,0,32964,346,0.0213524,6.351394757046364,6.733492688974366
a6d45e95-8dc0-4932-83bf-ec53e265a16a_8_18,a6d45e95-8dc0-4932-83bf-ec53e265a16a,R1,reasoning/temporal/duration,D,True,False,terminal_success,,8,3,4,0,15513,0,32964,366,0.020639400000000002,7.236201495979913,7.602802631998202
a6d45e95-8dc0-4932-83bf-ec53e265a16a_7_20,a6d45e95-8dc0-4932-83bf-ec53e265a16a,R1,reasoning/spatial/relationship,E,True,False,terminal_success,,14,5,6,0,38289,0,49446,627,0.0463686,13.162742111977423,13.757845848012948
a6d45e95-8dc0-4932-83bf-ec53e265a16a_8_27,a6d45e95-8dc0-4932-83bf-ec53e265a16a,R1,reasoning/temporal/duration,B,True,False,terminal_success,,12,4,5,0,26397,0,41205,446,0.0327475,8.87060155897052,9.371759821980959
a6d45e95-8dc0-4932-83bf-ec53e265a16a_4_9,a6d45e95-8dc0-4932-83bf-ec53e265a16a,R1,reasoning/temporal/frequency,E,True,False,terminal_success,,15,6,7,0,50624,0,57687,657,0.05967769999999999,15.70029433601303,16.365503792010713
a6d45e95-8dc0-4932-83bf-ec53e265a16a_17_11,a6d45e95-8dc0-4932-83bf-ec53e265a16a,R1,perception/information_retrieval/factual_recall,A,True,True,terminal_success,,16,6,7,0,52005,0,57558,774,0.0616308,15.636425433971453,16.332694746000925
a6d45e95-8dc0-4932-83bf-ec53e265a16a_4_6,a6d45e95-8dc0-4932-83bf-ec53e265a16a,R1,reasoning/temporal/frequency,C,True,False,terminal_success,,9,3,4,0,16667,0,32964,417,0.0220484,7.476863291987684,7.863240965991281
a6d45e95-8dc0-4932-83bf-ec53e265a16a_17_12,a6d45e95-8dc0-4932-83bf-ec53e265a16a,R1,perception/information_retrieval/factual_recall,D,True,False,terminal_success,,15,6,7,0,50191,0,57687,580,0.058859699999999994,13.80394601097214,14.49066032099654
a6d45e95-8dc0-4932-83bf-ec53e265a16a_11_14,a6d45e95-8dc0-4932-83bf-ec53e265a16a,R1,perception/information_retrieval/sequence_recall,E,True,True,terminal_success,,16,6,7,0,52810,0,57558,699,0.0620608,14.628123830043478,15.310957523004618
a6d45e95-8dc0-4932-83bf-ec53e265a16a_17_25,a6d45e95-8dc0-4932-83bf-ec53e265a16a,R1,perception/information_retrieval/factual_recall,C,True,False,terminal_success,,16,6,7,0,56652,0,57558,775,0.0662828,19.230273489956744,19.912667287979275
a6d45e95-8dc0-4932-83bf-ec53e265a16a_7_19,a6d45e95-8dc0-4932-83bf-ec53e265a16a,R1,reasoning/spatial/relationship,D,True,False,terminal_success,,15,5,6,0,39272,0,49446,675,0.0475916,19.39734834994306,19.997496646014042
a6d45e95-8dc0-4932-83bf-ec53e265a16a_5_26,a6d45e95-8dc0-4932-83bf-ec53e265a16a,R1,reasoning/temporal/prerequisites,D,True,True,terminal_success,,16,6,7,0,52443,0,57558,643,0.061413800000000004,15.041445838025538,15.726270443003159
a6d45e95-8dc0-4932-83bf-ec53e265a16a_4_23,a6d45e95-8dc0-4932-83bf-ec53e265a16a,R1,reasoning/temporal/frequency,D,True,False,terminal_success,,15,5,6,0,39314,0,49446,572,0.0471186,12.595536025997717,13.207424516993342
a6d45e95-8dc0-4932-83bf-ec53e265a16a_8_22,a6d45e95-8dc0-4932-83bf-ec53e265a16a,R1,reasoning/temporal/duration,D,True,False,terminal_success,,9,3,5,1,17804,0,41205,494,0.0243945,10.453501807001885,10.907200136978645
a6d45e95-8dc0-4932-83bf-ec53e265a16a_7_16,a6d45e95-8dc0-4932-83bf-ec53e265a16a,R1,reasoning/spatial/relationship,A,True,True,terminal_success,,6,3,4,0,13545,0,32964,342,0.0185514,7.286905098007992,7.635896880005021
a6d45e95-8dc0-4932-83bf-ec53e265a16a_17_3,a6d45e95-8dc0-4932-83bf-ec53e265a16a,R1,perception/information_retrieval/factual_recall,B,True,False,terminal_success,,16,6,7,0,52386,0,57558,661,0.0614468,12.906431788112968,13.593625801004237
a6d45e95-8dc0-4932-83bf-ec53e265a16a_12_4,a6d45e95-8dc0-4932-83bf-ec53e265a16a,R1,perception/information_retrieval/temporal_distance,B,True,True,terminal_success,,15,7,8,0,60141,0,65928,710,0.07028380000000001,16.299477469030535,17.05938958801562
a6d45e95-8dc0-4932-83bf-ec53e265a16a_18_5,a6d45e95-8dc0-4932-83bf-ec53e265a16a,R1,perception/tracking,E,True,True,terminal_success,,16,6,7,0,52027,0,57558,646,0.061012800000000006,15.069692243996542,15.764600694994442
a6d45e95-8dc0-4932-83bf-ec53e265a16a_17_2,a6d45e95-8dc0-4932-83bf-ec53e265a16a,R1,perception/information_retrieval/factual_recall,B,True,False,terminal_success,,15,11,12,0,95314,0,98892,992,0.11016319999999999,18.200347081030486,19.212903989013284
a6d45e95-8dc0-4932-83bf-ec53e265a16a_8_1,a6d45e95-8dc0-4932-83bf-ec53e265a16a,R3,reasoning/temporal/duration,E,True,False,terminal_success,,9,3,4,0,16643,17813,53439,500,0.04675314999999999,10.642687541956548,11.044639245985309
a6d45e95-8dc0-4932-83bf-ec53e265a16a_17_21,a6d45e95-8dc0-4932-83bf-ec53e265a16a,R3,perception/information_retrieval/factual_recall,E,True,True,terminal_success,,7,3,4,0,14030,0,71252,394,0.023125200000000002,8.409611975046573,8.772301321005216
a6d45e95-8dc0-4932-83bf-ec53e265a16a_7_7,a6d45e95-8dc0-4932-83bf-ec53e265a16a,R3,reasoning/spatial/relationship,C,True,False,terminal_success,,4,3,4,0,9793,0,71252,335,0.0185932,7.007829673035303,7.328140573983546
a6d45e95-8dc0-4932-83bf-ec53e265a16a_11_28,a6d45e95-8dc0-4932-83bf-ec53e265a16a,R3,perception/information_retrieval/sequence_recall,B,True,True,terminal_success,,6,3,4,0,13407,0,71252,500,0.023032200000000003,9.470860996021656,9.823684069007868
a6d45e95-8dc0-4932-83bf-ec53e265a16a_11_15,a6d45e95-8dc0-4932-83bf-ec53e265a16a,R3,perception/information_retrieval/sequence_recall,,False,False,terminal_failed,structural_action_correction_exhausted:frame_resolution:requested timestamp outside video duration: 1900.0,3,1,3,1,6538,0,53439,299,0.0133769,4.751044441974955,5.018860076990677
a6d45e95-8dc0-4932-83bf-ec53e265a16a_17_10,a6d45e95-8dc0-4932-83bf-ec53e265a16a,R3,perception/information_retrieval/factual_recall,E,True,True,terminal_success,,5,3,4,0,12573,0,71252,382,0.0216082,8.348651492036879,8.714433157991152
a6d45e95-8dc0-4932-83bf-ec53e265a16a_6_24,a6d45e95-8dc0-4932-83bf-ec53e265a16a,R3,reasoning/spatial/proximity,D,True,False,terminal_success,,9,3,4,0,16385,0,71252,378,0.025400200000000005,6.773801790986909,7.17044179601362
a6d45e95-8dc0-4932-83bf-ec53e265a16a_8_18,a6d45e95-8dc0-4932-83bf-ec53e265a16a,R3,reasoning/temporal/duration,C,True,False,terminal_success,,3,1,2,0,3404,0,35626,267,0.008301600000000001,4.984148963034386,5.158450960996561
a6d45e95-8dc0-4932-83bf-ec53e265a16a_7_20,a6d45e95-8dc0-4932-83bf-ec53e265a16a,R3,reasoning/spatial/relationship,E,True,False,terminal_success,,6,3,4,0,13487,0,71252,393,0.0225772,8.881013166042976,9.234829454973806
a6d45e95-8dc0-4932-83bf-ec53e265a16a_8_27,a6d45e95-8dc0-4932-83bf-ec53e265a16a,R3,reasoning/temporal/duration,E,True,False,terminal_success,,3,1,3,1,4306,0,53439,271,0.011004900000000001,4.480815467017237,4.7208077409886755
a6d45e95-8dc0-4932-83bf-ec53e265a16a_4_9,a6d45e95-8dc0-4932-83bf-ec53e265a16a,R3,reasoning/temporal/frequency,E,True,False,terminal_success,,9,3,4,0,16430,0,71252,381,0.025460200000000002,8.549376230017515,8.945525998977246
a6d45e95-8dc0-4932-83bf-ec53e265a16a_17_11,a6d45e95-8dc0-4932-83bf-ec53e265a16a,R3,perception/information_retrieval/factual_recall,A,True,True,terminal_success,,9,3,4,0,16691,0,71252,512,0.026376200000000002,10.671921923029004,11.068324102991028
a6d45e95-8dc0-4932-83bf-ec53e265a16a_4_6,a6d45e95-8dc0-4932-83bf-ec53e265a16a,R3,reasoning/temporal/frequency,C,True,False,terminal_success,,12,5,6,0,36264,0,106878,595,0.0499268,14.499594021996018,15.099466915999074
a6d45e95-8dc0-4932-83bf-ec53e265a16a_17_12,a6d45e95-8dc0-4932-83bf-ec53e265a16a,R3,perception/information_retrieval/factual_recall,B,True,True,terminal_success,,9,3,4,0,16215,0,71252,359,0.0251352,8.185212943004444,8.58744926401414
a6d45e95-8dc0-4932-83bf-ec53e265a16a_11_14,a6d45e95-8dc0-4932-83bf-ec53e265a16a,R3,perception/information_retrieval/sequence_recall,E,True,True,terminal_success,,9,3,4,0,16779,0,71252,446,0.026134200000000003,10.364522296003997,10.765339209989179
a6d45e95-8dc0-4932-83bf-ec53e265a16a_17_25,a6d45e95-8dc0-4932-83bf-ec53e265a16a,R3,perception/information_retrieval/factual_recall,D,True,False,terminal_success,,15,6,7,0,55029,35626,89065,733,0.11213299999999998,16.47092061198782,17.173549872997683
a6d45e95-8dc0-4932-83bf-ec53e265a16a_7_19,a6d45e95-8dc0-4932-83bf-ec53e265a16a,R3,reasoning/spatial/relationship,D,True,False,terminal_success,,14,5,6,0,38377,0,106878,626,0.0521948,14.596033497015014,15.199846871983027
a6d45e95-8dc0-4932-83bf-ec53e265a16a_5_26,a6d45e95-8dc0-4932-83bf-ec53e265a16a,R3,reasoning/temporal/prerequisites,D,True,True,terminal_success,,9,3,4,0,16639,0,71252,468,0.0261042,8.669794782035751,9.072087684995495
a6d45e95-8dc0-4932-83bf-ec53e265a16a_4_23,a6d45e95-8dc0-4932-83bf-ec53e265a16a,R3,reasoning/temporal/frequency,E,True,True,terminal_success,,9,3,4,0,16605,0,71252,441,0.025935200000000002,8.813238405040465,9.216250555997249
a6d45e95-8dc0-4932-83bf-ec53e265a16a_8_22,a6d45e95-8dc0-4932-83bf-ec53e265a16a,R3,reasoning/temporal/duration,D,True,False,terminal_success,,7,3,4,0,15095,0,71252,387,0.0241552,8.328683211992029,8.696708872012096
a6d45e95-8dc0-4932-83bf-ec53e265a16a_7_16,a6d45e95-8dc0-4932-83bf-ec53e265a16a,R3,reasoning/spatial/relationship,C,True,False,terminal_success,,15,7,8,0,58998,0,142504,681,0.0766534,16.404449289024342,17.19911482799216
a6d45e95-8dc0-4932-83bf-ec53e265a16a_17_3,a6d45e95-8dc0-4932-83bf-ec53e265a16a,R3,perception/information_retrieval/factual_recall,B,True,False,terminal_success,,16,7,8,0,62442,17684,124691,775,0.1008911,14.50912839898956,15.364092350006104
a6d45e95-8dc0-4932-83bf-ec53e265a16a_12_4,a6d45e95-8dc0-4932-83bf-ec53e265a16a,R3,perception/information_retrieval/temporal_distance,B,True,True,terminal_success,,3,2,3,0,5693,0,53439,380,0.012936900000000001,5.592781526967883,5.838455607998185
a6d45e95-8dc0-4932-83bf-ec53e265a16a_18_5,a6d45e95-8dc0-4932-83bf-ec53e265a16a,R3,perception/tracking,C,True,False,terminal_success,,9,3,4,0,16348,0,71252,465,0.0257982,8.246311697963392,8.645753776014317
a6d45e95-8dc0-4932-83bf-ec53e265a16a_17_2,a6d45e95-8dc0-4932-83bf-ec53e265a16a,R3,perception/information_retrieval/factual_recall,E,True,True,terminal_success,,6,2,4,1,14050,0,71252,402,0.0231852,8.555371661030222,8.927356205007527
